battery,t_bucket,arr,bp,fever,action,q
10,0,0,0,0,4,93.90995984955704
9,1,0,0,0,0,227.73450312364022
9,2,0,0,0,2,232.3661710530222
9,3,0,1,0,7,257.39412410630166
9,4,1,0,0,1,240.62680376345648
9,5,1,0,0,3,245.57487880029313
9,6,1,0,0,1,246.30154107385013
9,7,1,0,0,4,247.1008542567042
9,8,0,0,0,3,234.83731769652522
9,9,0,1,0,1,243.203007644742
9,10,0,1,0,5,249.4196606287063
9,11,1,1,0,2,263.81989492804485
9,12,1,1,0,4,260.60953332759016
9,13,0,1,0,3,247.41615638475068
9,14,0,0,0,4,232.8917398313235
9,15,1,0,0,3,249.49213254687436
9,16,1,1,0,6,260.71660002973215
9,17,0,1,0,4,244.2024315804996
9,18,0,1,0,7,259.7583247505153
9,19,1,0,0,7,257.89726846963555
9,20,0,0,0,1,228.4156963368214
9,21,0,0,0,6,233.51191589226943
9,22,0,1,0,3,245.0921454139734
9,23,0,1,1,3,256.0909346706417
9,24,0,1,0,0,240.15682266577224
9,25,0,1,0,6,250.10496385468565
9,26,1,0,0,0,240.9734343926275
9,27,1,0,0,5,248.13651305557704
9,28,0,0,0,5,233.4174520923539
9,29,1,0,0,2,240.59294610904237
9,30,1,1,0,4,254.72656599338404
9,31,1,1,0,0,254.40508528362184
9,32,1,1,0,4,258.3723077602466
9,33,1,1,0,2,251.5215351315287
9,34,1,1,0,7,271.24213069740205
9,35,0,0,1,6,241.87830103127905
9,36,0,1,1,5,256.50104644894896
9,37,0,1,0,4,239.86892531883692
9,38,1,1,0,5,258.9212692283205
9,39,0,1,0,5,242.80234193607416
9,40,0,1,1,6,268.27413150123334
9,41,0,0,1,5,245.29522160339496
9,42,1,0,0,4,244.40717025819305
9,43,0,0,0,4,229.22611476911663
9,44,1,0,0,6,245.05378460294773
9,45,0,1,0,7,259.7199992261305
9,46,1,0,0,3,247.9992282204159
9,47,1,1,0,1,255.85528894169528
9,48,1,1,0,0,252.0056071875852
9,49,1,1,0,7,268.36773048769373
9,50,0,0,0,2,232.17734775013756
9,51,0,0,0,0,226.35692595254622
9,52,0,0,0,0,227.83158221168006
9,53,0,0,0,7,238.97500355402505
9,54,0,1,0,3,247.64357611654665
9,55,0,0,1,2,238.85297113732338
9,56,0,0,1,5,243.8069484910716
9,57,1,0,0,2,244.41703603790745
9,58,1,1,0,2,257.3322325941433
9,59,1,1,0,5,255.7074087790379
9,0,1,1,0,3,261.84720767319715
9,1,1,1,0,0,254.28495667192684
9,2,1,1,0,2,257.7630901698299
9,3,1,0,0,0,242.0764733813488
9,4,1,0,0,5,250.0245860927098
9,5,0,0,0,2,233.83731806808854
9,6,0,0,0,3,236.96745020274315
9,7,0,1,0,3,250.88945526153677
9,8,0,1,1,4,256.30308708930215
9,9,0,1,1,2,263.5337965375153
9,10,0,0,1,3,246.4044296068797
9,11,0,0,0,1,229.37305401121972
9,12,0,0,1,0,243.26401356655498
9,13,0,0,1,0,237.45836971083799
9,14,0,0,1,0,238.12914771363182
9,15,0,0,1,0,239.4422455514071
9,16,0,0,1,3,246.7361720923028
9,17,0,0,0,4,233.04477581611593
9,18,0,0,0,4,233.60412861760705
9,19,1,0,0,5,245.86591424002037
9,20,0,0,1,2,241.4614563316441
9,21,0,1,1,2,260.19991067229097
9,22,0,1,1,4,256.89250591812544
9,23,1,1,1,4,270.02625702884853
9,24,1,1,1,4,270.1676335771464
9,25,0,1,1,7,272.633199440832
9,26,1,1,0,0,254.82230844431862
9,27,1,1,0,3,259.07241645106353
9,28,1,0,0,7,259.42650679153166
9,29,0,0,0,7,244.86622950413732
9,30,1,1,0,2,256.73325720776427
9,32,1,1,0,1,253.52490284262785
9,33,1,1,0,6,256.89829390949853
9,34,1,0,0,3,249.9385122268828
9,35,1,0,0,6,242.28762331053767
9,36,0,0,0,3,233.9669487856197
9,37,0,0,0,7,243.24096563521766
9,38,0,0,0,3,234.69103796807497
9,39,0,1,1,0,253.35369767263677
9,40,0,1,1,3,257.4261954241141
9,41,0,0,1,4,239.37789499979655
9,42,0,0,1,4,240.6354109725047
9,43,0,0,1,6,238.86407374046922
9,44,1,0,1,4,255.9767890243306
9,45,0,0,1,3,246.86605056437935
9,46,0,1,0,6,248.8460538484131
9,47,0,1,0,4,242.75333515992213
9,48,0,1,0,2,247.5250966292926
9,49,0,0,0,5,232.6958030421386
9,50,1,0,0,0,238.40432352720606
9,51,1,0,0,3,246.76970576476884
9,52,1,0,0,6,246.11899667962325
9,53,0,0,0,1,232.3864630791267
9,54,0,0,0,5,233.8643317475694
9,55,0,0,0,1,227.82838906123555
9,56,0,0,1,3,253.11394264648658
9,57,0,0,0,2,235.20951500253497
9,58,0,0,0,0,229.04507455471372
9,59,0,0,0,2,233.05226063942627
9,0,0,0,0,6,237.55792027675554
9,2,0,0,0,4,233.46220204206517
9,3,0,0,0,5,233.01430174721682
9,4,0,0,0,7,247.09311355962708
9,5,1,0,0,2,250.08119165506542
9,6,1,0,0,0,241.41875348292066
9,7,1,0,0,5,247.86041861435277
9,8,1,0,0,5,246.28493289504758
9,9,0,0,0,5,230.9897261608715
9,10,1,0,0,2,245.88416528147957
9,11,1,1,0,0,256.1727041127747
9,12,1,1,0,3,261.8998452227986
9,13,1,0,1,1,257.68226555046886
9,14,1,0,0,2,246.92700079353665
9,15,1,0,0,6,249.2031607749546
9,16,0,0,0,4,230.3423924752125
9,17,1,0,0,3,243.97632492598055
9,18,1,1,0,3,256.9352890528978
9,19,1,1,0,2,257.7314203558568
9,20,1,0,0,2,243.88958017727745
9,21,1,0,0,0,237.88847286854642
9,22,1,0,0,4,241.16988029814274
9,23,0,0,0,3,232.98654631964982
9,24,0,0,0,5,233.5146344017832
9,25,0,0,0,2,235.0189598787661
9,26,0,1,0,4,245.71728795997933
9,27,0,1,0,4,242.57277332185504
9,28,0,1,0,4,241.23748688649195
9,29,0,1,0,0,239.54346841472548
9,30,0,1,0,0,242.23082325650864
9,31,0,1,0,0,240.95509949801576
9,32,0,1,0,6,243.24398927847255
9,34,1,1,0,5,255.87184403033288
9,35,0,1,0,3,244.68429896433972
9,36,0,1,0,0,239.12244753906742
9,37,0,1,0,3,244.98602561834852
9,38,0,1,1,6,256.9317241690618
9,39,0,0,1,4,239.94110657375566
9,40,0,0,1,1,242.63784397987868
9,41,0,0,0,4,233.38909757172496
9,42,0,0,0,5,233.27717458013646
9,43,0,0,0,5,233.4059837655738
9,44,0,0,0,1,230.70849803469324
9,46,0,1,0,5,245.2531005018339
9,47,1,1,0,2,252.89139237598323
9,48,1,0,0,6,241.03530645729313
9,49,1,1,0,0,251.88533624542288
9,50,1,1,0,2,258.01116015225364
9,51,1,0,0,2,239.89003463743654
9,52,1,1,0,0,251.756078583293
9,53,1,1,0,7,266.1686626152029
9,54,0,0,0,3,233.0251363411209
9,55,0,1,0,2,247.91378960890916
9,56,0,0,0,6,237.15163386183917
9,57,1,1,0,2,258.38500050753004
9,58,1,0,0,7,254.18568431117828
9,59,0,0,0,1,230.44056933117065
9,0,0,0,0,7,244.4668272235315
9,1,0,1,0,7,260.5452310663519
9,2,0,1,0,4,244.062497306845
9,3,1,1,0,1,256.1495655511365
9,4,1,1,0,1,258.06271737939545
9,5,1,1,0,0,258.0607371174425
9,6,1,1,0,7,271.5556911361868
9,8,0,0,0,6,235.97254561867553
9,9,0,1,0,7,263.060232329905
9,10,0,0,0,7,242.5409977745204
9,11,0,0,0,3,232.38831471169038
9,12,0,0,0,3,234.02414813778375
9,13,0,1,0,5,246.58438284183697
9,14,0,1,0,5,244.38800925779242
9,15,1,1,0,7,271.8440624980103
9,16,0,0,1,1,240.02320463037012
9,17,0,0,0,1,233.1864514437843
9,18,0,0,0,2,232.13814199561543
9,19,0,1,0,0,240.03423215828747
9,20,0,1,0,3,247.43283258341393
9,21,0,1,0,0,242.14905098351377
9,22,0,1,0,1,244.05394815749364
9,23,0,1,0,2,243.0886385288083
9,24,0,0,0,2,233.69390405205368
9,25,0,1,0,5,247.6882650305196
9,26,0,1,0,6,247.75616682372154
9,27,0,0,0,5,229.55517077984106
9,28,1,0,0,1,242.38744802368666
9,29,1,0,0,0,239.77423648924682
9,30,1,0,0,1,242.84075616009102
9,31,1,0,0,5,244.54536774801485
9,32,0,0,0,7,240.8670696682729
9,33,1,0,0,6,243.8372151164333
9,34,1,0,0,1,240.71879645254006
9,36,0,0,0,0,226.4381278098759
9,37,0,0,0,3,234.34271386202005
9,38,0,1,0,6,245.04470653245545
9,39,0,0,0,0,222.94410932843425
9,40,0,0,0,2,231.02818595028842
9,41,0,0,0,3,233.56033873468155
9,42,0,0,0,4,232.32921447757425
9,43,0,0,0,3,234.2203694800016
9,44,0,0,0,6,233.52952495370624
9,47,0,1,0,2,244.6131431860556
9,48,0,0,0,2,234.28411827751546
9,49,0,1,0,7,258.032731367705
9,50,0,0,0,1,229.3686310310342
9,51,0,0,0,5,232.16751148846754
9,52,1,0,1,5,251.6689946671964
9,54,0,0,0,0,228.64373196196624
9,55,0,0,0,4,230.3271539156259
9,56,0,0,0,0,228.83704791608676
9,58,0,1,0,7,258.40150452546067
9,59,1,1,0,7,271.2733773149688
9,0,0,1,0,4,247.28586156762415
9,1,0,1,0,4,245.80678909773977
9,3,1,1,0,6,264.2000959486991
9,4,1,0,0,2,244.4628151299801
9,5,1,1,0,5,262.20492157083993
9,6,0,1,0,3,249.18482344981865
9,7,0,1,0,1,247.35746715770742
9,8,0,1,1,2,259.4984556748705
9,10,0,1,1,0,252.5875988835972
9,11,0,1,1,1,257.21911552982465
9,12,0,1,0,4,243.31573204827413
9,13,1,1,0,3,263.63259370059956
9,14,1,1,0,5,261.1637936096226
9,15,1,1,1,4,273.1213625302351
9,16,1,1,1,3,274.60268371415293
9,17,1,0,0,7,260.74391452883066
9,18,0,0,0,1,229.54729643917682
9,19,0,0,0,7,243.33216271200908
9,21,0,0,1,7,261.87208981931565
9,22,1,0,0,7,245.14375115010338
9,24,0,1,0,2,248.44990743186617
9,26,0,1,0,1,246.26344807776945
9,27,0,1,0,1,243.1186957535904
9,28,0,1,0,5,243.8606125010914
9,29,0,1,0,6,250.50025621127764
9,30,0,0,0,6,236.45596472237037
9,31,0,0,0,4,230.05451831289457
9,32,0,0,0,4,229.85056535424957
9,33,1,0,0,1,242.47547237014115
9,34,1,0,0,6,249.29410930865842
9,35,0,0,0,2,229.38702631773162
9,36,0,0,0,2,234.22065698417143
9,37,0,0,0,5,231.30756808183745
9,38,0,0,0,1,227.89929921511433
9,39,0,0,0,7,232.55512753892052
9,40,0,0,0,0,228.1203957124575
9,41,0,0,0,1,229.16934856539316
9,42,0,0,0,1,227.15148752810435
9,43,0,0,0,6,234.35564982262287
9,44,1,0,0,3,249.4572498143256
9,45,1,1,0,7,257.41954938528113
9,46,0,0,0,0,224.75158696315833
9,47,0,0,0,5,230.44789098939998
9,48,1,0,0,2,238.8884115233386
9,49,1,0,0,3,243.8529120661321
9,50,1,1,0,5,259.98055186743187
9,51,0,1,0,6,247.28348202450945
9,52,1,1,0,4,254.1103921998415
9,53,0,1,0,5,244.65732298912377
9,54,0,1,0,2,244.57301097572048
9,55,0,0,0,0,227.77320188363962
9,56,0,0,0,7,233.98896770841665
9,57,0,0,0,4,234.03947193462798
9,58,0,0,0,3,237.30792865393684
9,59,0,0,0,6,236.40916277814466
9,0,1,0,0,6,254.25253736006573
9,1,0,1,0,3,249.32583884079727
9,2,0,0,0,3,234.7470900832331
9,3,0,1,0,3,248.6690148248925
9,4,0,0,0,6,236.2417572051745
9,5,0,0,0,5,235.21390809478368
9,6,0,0,0,2,237.53229769070091
9,7,0,0,0,2,235.82138985590146
9,8,0,0,0,5,234.73555993467326
9,9,1,0,1,4,261.523393575478
9,10,0,0,1,5,249.1452444053332
9,11,0,0,0,5,232.43817691352174
9,12,0,0,0,5,232.84591825048236
9,13,1,0,0,7,255.51103361804962
9,14,0,0,1,5,239.44266439163547
9,15,0,0,0,3,233.82034787330585
9,16,0,0,0,3,235.70023794561038
9,17,0,1,0,5,245.95512911365904
9,19,0,1,0,6,247.90012628667242
9,20,1,0,0,4,244.0460306954347
9,21,0,0,0,1,231.55630620183686
9,22,0,0,0,3,234.59698450388416
9,23,0,1,0,3,247.5544599092611
9,26,0,1,1,3,257.8908029636975
9,27,0,1,0,3,251.07430739330974
9,28,0,1,0,2,246.28228307065828
9,29,0,1,0,7,255.06727747450978
9,30,0,0,0,7,248.9454371579644
9,31,0,0,1,4,241.04387494385844
9,32,0,0,1,5,240.86214984321535
9,33,0,0,1,0,241.37644572043078
9,34,0,0,1,6,241.3084460598124
9,35,1,0,1,4,254.8598546569736
9,36,0,0,1,0,235.32964983325806
9,37,0,0,1,1,240.896918529708
9,38,0,0,0,0,223.86141616890578
9,39,0,0,0,5,226.61050919888424
9,40,1,0,0,5,241.00173482917296
9,41,1,0,0,2,245.07681894302607
9,43,0,0,0,0,228.4934688198979
9,44,0,0,0,2,232.42977554702594
9,45,0,0,0,5,231.8815463351067
9,46,1,0,0,7,254.07602493525138
9,47,0,0,0,4,230.52202364021392
9,49,0,0,0,4,227.80002393023256
9,52,0,0,0,4,231.8932905151598
9,53,1,0,0,7,253.28672868652424
9,54,1,0,1,1,254.93800424787474
9,55,1,0,0,0,242.1360703689211
9,56,1,0,0,0,239.71667501589926
9,57,1,0,0,0,241.66569177169546
9,58,1,0,0,1,244.5321363033341
9,59,1,0,1,3,260.7487926637173
9,0,1,0,0,1,241.72131391122213
9,1,1,0,0,5,245.38673923221134
9,2,0,0,0,1,229.12702120551478
9,3,0,0,0,3,235.79078714182756
9,4,0,1,0,1,247.0889005181171
9,5,0,1,1,6,265.5015318094728
9,6,0,0,1,5,247.67495979100846
9,7,0,0,0,3,233.15231725151511
9,9,0,0,0,2,236.41253540241317
9,10,0,0,0,4,235.16364402735303
9,11,1,0,0,5,254.3445864736608
9,12,0,0,0,2,229.6166218087853
9,13,0,0,0,0,228.35460556802076
9,14,0,0,0,5,233.74032780593163
9,15,0,0,0,7,240.68684727114422
9,16,0,1,0,1,242.32291562069935
9,18,1,1,0,2,257.1786196911467
9,20,1,0,0,6,247.36041144875787
9,21,0,1,0,2,243.6232878079193
9,22,0,0,0,6,231.75637764537447
9,23,1,0,0,6,249.84973979327762
9,24,0,0,0,0,227.82458529240677
9,26,0,0,0,7,241.3458295357441
9,28,1,0,0,0,239.34528918076637
9,29,1,0,0,1,243.57101820284083
9,30,1,0,1,6,254.98985355890957
9,31,1,1,1,6,278.2178954279686
9,32,1,0,1,5,257.3910559948937
9,33,0,0,0,7,239.3140933402507
9,34,0,0,1,5,245.20425140801623
9,35,0,0,0,7,238.97482754569518
9,36,0,1,0,3,243.8253898756446
9,37,0,0,0,6,230.08740646111053
9,38,1,0,0,4,243.44531005217215
9,40,0,0,0,4,230.26787928438586
9,41,0,0,0,7,236.32602638723017
9,42,1,0,0,6,252.07709341026506
9,44,0,0,0,5,231.9040228356104
9,45,0,0,0,7,239.1435478129933
9,46,1,0,0,4,241.9217133350215
9,47,0,0,0,2,234.00060343456215
9,48,0,1,0,6,249.97151469727308
9,49,1,0,0,5,237.84930079188464
9,50,0,0,0,3,231.32924824152764
9,52,0,0,0,7,234.62175242499694
9,53,0,0,0,6,232.92095196052566
9,54,0,0,0,6,232.90891899854964
9,55,0,0,0,7,241.85977047632755
9,57,0,1,0,0,243.29826797964566
9,58,0,1,0,2,249.61979095284596
9,59,0,1,0,7,255.3011776756498
9,0,1,0,0,2,240.45098902629707
9,1,1,1,0,4,261.6263427866482
9,2,0,1,0,3,249.9076176875947
9,3,0,1,0,6,252.08965517672965
9,4,1,0,0,6,249.00331138988938
9,5,0,0,0,0,229.52755336451784
9,6,0,0,0,7,246.17498413833283
9,7,1,0,1,3,262.77216950743144
9,8,1,0,0,6,250.5274261023564
9,9,1,1,0,3,261.7994359104496
9,10,1,0,0,5,247.15554568708168
9,11,1,0,0,1,243.3723606018686
9,12,1,0,1,1,262.3518388328463
9,13,1,0,0,0,239.81036755018312
9,14,1,0,0,3,254.34735085517053
9,16,0,0,0,0,226.83799517765
9,18,0,0,0,7,248.85589838767078
9,19,0,0,0,2,232.72803924442258
9,20,0,0,0,5,233.13141232233002
9,22,0,0,0,7,248.30953444033145
9,23,1,0,0,3,243.39990116198103
9,24,1,0,0,2,243.52502223513235
9,25,1,1,0,3,255.86369118183944
9,26,1,0,0,5,249.12139848028065
9,27,0,0,0,7,233.4350457351651
9,28,0,0,1,0,241.05262834371044
9,29,0,0,1,1,246.05514541054717
9,30,0,0,0,3,235.371965932821
9,31,0,0,0,1,231.47203599653645
9,32,0,0,0,0,227.16000803577768
9,33,0,0,0,0,222.56087265277355
9,34,0,0,0,1,225.14294788537484
9,36,0,1,0,6,246.2140935995393
9,37,1,0,0,3,245.31246879532836
9,38,1,1,1,5,266.8725979612315
9,39,0,1,0,0,241.11803301030923
9,40,0,1,0,7,263.42950111290673
9,41,1,1,1,2,269.9067984004837
9,42,1,0,1,5,262.3457556038634
9,45,1,0,0,6,242.8173493109885
9,46,1,1,0,5,250.94477259213053
9,47,0,1,0,3,249.26004932834627
9,48,0,0,0,0,226.3774495824655
9,49,0,0,0,7,235.88401558393628
9,50,0,1,1,0,252.38976667156734
9,51,0,1,1,0,251.33529362986087
9,52,0,1,1,6,256.36637016925704
9,53,0,0,1,7,243.52134943416834
9,54,1,1,0,7,265.3774783625783
9,55,1,1,0,3,262.1058529242202
9,56,1,0,0,2,245.58369733415162
9,57,1,1,0,1,253.26547753257975
9,58,1,1,1,4,272.86085836959387
9,59,0,1,1,3,259.4138751595672
9,0,0,0,0,2,234.57140858850647
9,1,0,0,0,4,231.99193844661926
9,4,0,0,1,2,244.276486262783
9,5,0,1,1,5,263.88278398009345
9,6,0,1,0,5,245.21284592304087
9,7,0,1,0,7,255.28834759825676
9,8,0,1,0,4,246.9182685966725
9,9,1,1,0,6,269.1252205009197
9,10,0,1,0,4,248.4491932330516
9,11,0,1,0,3,250.6384214405372
9,12,0,0,1,2,248.75839197397147
9,14,0,0,1,6,238.92560701129187
9,15,1,0,1,0,256.75996999253084
9,16,1,0,1,5,260.42981546149116
9,17,0,0,1,2,241.46576648042364
9,18,0,1,1,6,267.5905855945697
9,19,1,1,1,2,271.3490988545449
9,20,1,1,1,3,276.059336081822
9,21,1,0,0,7,260.5033661992119
9,22,1,0,0,1,240.35942520718402
9,23,1,0,0,0,237.4266868583873
9,24,1,0,0,1,244.33470534486756
9,25,1,0,0,1,243.22445565904096
9,26,1,0,0,7,259.14884190639657
9,27,0,0,0,6,231.78282547715244
9,28,1,1,0,6,270.27087340445416
9,29,0,1,0,5,244.96488044967225
9,30,0,1,0,3,249.39139722090192
9,31,0,0,0,5,232.17035127151257
9,34,0,0,0,2,230.87018778665714
9,35,0,0,0,4,230.48770838139143
9,38,1,0,1,4,258.57793450219134
9,39,0,0,1,7,258.01967853685613
9,40,1,0,0,3,242.14710361977404
9,41,1,0,1,1,257.1865712066146
9,44,0,0,0,7,243.3753355555306
9,45,0,0,0,6,232.803510305095
9,47,0,0,0,3,230.50523597235312
9,48,0,0,1,6,244.96744924696128
9,49,0,0,1,4,240.13842749330055
9,50,1,0,1,0,250.40321006469054
9,51,1,0,1,7,268.6919401080293
9,52,0,1,0,6,247.93367106475807
9,53,0,0,0,3,232.96371328399135
9,55,0,1,0,6,247.59127897847094
9,56,1,1,0,7,271.3474183982406
9,57,1,0,0,1,240.8769625165237
9,58,1,0,0,2,244.67140407426382
9,0,0,0,0,1,232.30119780329755
9,1,0,0,0,2,235.7778009688155
9,3,0,0,0,0,229.87549965901567
9,5,0,0,0,4,233.25791748348308
9,7,0,0,1,1,245.8697716396902
9,8,0,0,1,6,247.1704688336525
9,9,1,0,1,5,256.48193769013943
9,10,0,0,0,2,236.03543710382925
9,12,0,0,1,1,246.41840974401754
9,13,0,0,0,4,234.30161298413452
9,15,0,0,0,4,234.27265954425138
9,16,1,0,0,5,243.03903802953118
9,18,1,0,0,4,239.74593726421764
9,19,0,0,0,5,230.8233041186539
9,20,0,0,0,2,232.5290257901686
9,22,0,1,0,5,246.7835783701111
9,23,0,1,0,4,243.41012005900257
9,24,0,1,0,1,244.094107637132
9,25,0,1,0,4,245.80796885842716
9,26,1,1,0,5,261.3948313762785
9,27,0,1,0,6,252.16910467487176
9,28,0,0,0,1,234.08353806358065
9,30,0,0,0,2,229.18912116937224
9,32,0,0,0,1,228.077254223793
9,34,0,0,0,0,226.9933027747327
9,36,0,0,0,5,234.0247040683787
9,37,0,0,0,4,225.07320024000023
9,38,0,0,0,2,228.09283593510386
9,40,0,1,0,2,247.48610424110754
9,41,0,1,0,0,241.76887220553942
9,42,0,1,0,0,241.52779709442746
9,43,0,1,0,0,241.55100082974454
9,44,0,1,0,7,256.5949076434226
9,45,0,0,1,5,245.2515833873873
9,46,0,0,0,3,235.96268006594394
9,47,0,1,0,1,242.85061142635078
9,48,0,1,0,0,240.81244872891781
9,49,0,1,0,6,243.6699997370208
9,50,0,0,0,0,225.6120273122394
9,51,0,0,0,3,232.02076959341503
9,53,1,1,0,3,262.71807571024056
9,54,1,0,0,2,241.34283719967488
9,55,1,0,0,7,253.53953031026631
9,56,0,1,0,2,249.74247818727895
9,57,0,0,0,5,233.00249451947306
9,58,0,0,0,6,237.1806303458407
9,59,0,0,0,4,232.00472512603477
9,0,0,0,0,0,227.6197450265061
9,1,0,0,0,3,234.02973675457966
9,2,0,0,0,6,234.94749551971532
9,3,1,0,0,1,244.67492983247467
9,5,1,0,0,0,244.07512306285355
9,7,1,0,0,6,251.62572518109874
9,8,0,0,0,0,229.7775533847319
9,9,0,0,0,6,236.79596533205617
9,10,0,0,0,1,232.20283207422494
9,12,0,0,0,6,232.58312618817274
9,13,0,1,0,0,242.4157250238622
9,15,1,1,0,1,257.53845650969754
9,16,1,1,0,7,268.9570850252958
9,17,0,0,0,3,233.3036511928956
9,18,0,0,1,2,246.88528644614445
9,19,0,1,1,7,270.8950515938455
9,21,0,0,0,0,226.58335790819143
9,23,0,0,0,6,235.23529237465056
9,25,1,0,0,7,263.5958972821395
9,27,1,0,0,7,261.0389047594999
9,28,0,0,0,3,235.14153028247352
9,31,0,1,0,1,242.57649521099071
9,32,0,1,0,0,241.11522402104274
9,33,0,1,0,6,249.27665642106913
9,35,0,0,0,0,228.42119043654012
9,36,0,0,0,7,244.53218842824847
9,37,1,1,0,6,255.54933916577477
9,38,0,0,0,6,234.1363865821859
9,39,1,0,0,1,238.66811477763065
9,40,1,0,0,2,240.31300572117894
9,41,1,0,0,1,244.1903331055393
9,43,1,0,1,3,269.336636975883
9,44,1,1,0,7,271.03752752824505
9,45,0,1,1,3,258.58333829041266
9,48,0,0,0,4,229.09976734348564
9,50,0,0,0,4,229.38881943567364
9,51,0,0,0,1,227.31508400466686
9,52,0,0,0,2,231.9844302936167
9,56,0,0,1,6,243.69151024891627
9,57,1,0,1,1,256.0593204503438
9,58,1,0,0,3,246.05784217777986
9,59,1,0,0,7,261.72556285150944
9,0,0,0,0,4,233.4730769635596
9,1,0,0,0,7,244.88160445887777
9,2,0,0,0,0,227.45363828132605
9,4,0,0,0,4,231.20116933533112
9,6,0,0,0,4,235.34762960380027
9,7,0,0,0,7,245.5164049357383
9,9,0,0,1,3,251.8885015706212
9,10,0,0,0,0,228.55361569437534
9,11,0,0,0,7,243.10708519603574
9,12,1,1,0,2,258.8137876804234
9,14,0,1,0,4,243.55394337823077
9,15,1,1,0,4,263.7617820978338
9,16,0,1,0,0,239.54160890920465
9,17,0,1,0,3,249.83426976242887
9,18,0,0,0,6,236.8919404081917
9,19,0,0,0,1,227.5762532182937
9,22,0,0,0,5,232.0850085132819
9,23,1,0,0,4,242.08450407138363
9,26,1,0,0,2,245.76379778959594
9,27,1,0,0,0,241.5002822662503
9,28,1,0,0,6,244.59144195351686
9,29,0,0,0,1,231.6200119407795
9,31,1,1,0,6,252.3212056236594
9,32,0,0,0,3,234.45671030362763
9,33,0,1,0,3,245.09544752265396
9,34,0,1,0,3,244.14177312057802
9,35,0,0,0,1,232.95564082970623
9,40,0,1,0,6,250.8117811856441
9,42,0,0,0,3,235.88761647945944
9,43,0,1,0,4,242.54101614108433
9,44,1,1,0,6,259.0635293765098
9,45,1,0,0,3,247.05432233785902
9,46,1,0,0,6,244.51651321639048
9,49,0,1,0,1,240.55235875214265
9,50,0,1,0,6,243.46799354728176
9,51,0,0,0,7,236.29085630878083
9,52,0,0,0,6,230.0681612118389
9,54,0,1,1,7,271.4727865182565
9,55,0,0,1,0,237.47319940480514
9,56,0,0,1,1,241.67329018833618
9,57,0,0,0,0,229.33483273435314
9,59,0,0,0,7,244.2176264545529
9,2,0,0,0,5,234.8808711427145
9,3,0,0,0,2,230.37558994250784
9,5,1,1,0,4,260.04692762543897
9,6,0,1,0,2,251.135373436657
9,7,0,0,0,1,230.37341776805104
9,9,0,0,0,7,242.0286978610392
9,10,0,0,1,1,246.14047445677923
9,11,0,0,1,2,250.0916119587772
9,12,0,0,1,6,243.9929630470646
9,13,1,0,1,5,259.0369087353797
9,14,1,0,0,7,248.49935825924044
9,15,0,1,0,7,255.15763721717107
9,18,0,1,0,4,246.66007341350974
9,19,0,1,0,2,247.0213450305015
9,20,0,0,0,6,232.78640106530287
9,21,1,1,0,7,271.03705103457946
9,24,0,0,0,4,231.17882184796792
9,25,0,0,0,1,230.51476342421722
9,26,0,0,0,6,231.40684297296633
9,27,0,1,0,0,240.4761596703218
9,30,0,0,0,5,234.19794541643077
9,32,0,0,1,2,243.55762701354485
9,33,0,1,1,6,262.2803853126261
9,34,0,1,1,7,269.6364750886569
9,36,1,0,0,3,243.88277308208882
9,37,1,0,1,1,257.8216001497474
9,38,1,0,1,2,257.95350696320753
9,39,1,1,1,5,273.104906831516
9,40,0,1,0,1,243.78066271534797
9,41,0,1,0,2,243.4357637717443
9,42,0,1,0,2,247.41776240874515
9,43,0,1,0,1,242.1494930547689
9,44,0,1,1,0,253.77521903486215
9,45,0,1,1,0,251.1553545920792
9,46,0,1,1,7,261.01626615440125
9,47,1,0,0,3,242.89614036782464
9,48,1,1,0,7,273.26576184877825
9,52,0,1,0,0,242.40553385156008
9,53,0,1,0,6,252.3782708442793
9,54,0,0,0,1,229.89336249283855
9,55,0,0,1,3,246.73864017926132
9,56,0,0,0,3,232.16982852419522
9,57,0,0,1,3,247.15787314037996
9,58,0,1,0,6,252.0274522827409
9,59,0,0,0,0,229.9383611541265
9,2,1,0,0,6,250.13571378154086
9,3,1,0,0,5,248.143205026225
9,12,0,1,1,4,260.89181788283946
9,13,0,1,1,3,262.1787888764922
9,15,1,0,0,4,248.6380398288523
9,16,0,0,0,6,235.5516733084398
9,17,0,1,0,6,249.75646441566374
9,18,0,0,0,0,228.12892653389704
9,20,0,0,0,0,228.2821951202005
9,23,0,1,0,6,249.33994248699292
9,26,0,1,0,0,240.8175818038531
9,28,0,1,0,6,247.79088809122777
9,29,0,1,0,1,241.22908071266536
9,30,0,1,1,4,254.49209873637574
9,31,1,1,1,1,275.09995217799263
9,32,1,1,0,0,252.2248146442048
9,34,1,1,0,4,252.70429696293004
9,35,1,1,0,4,258.6986243642045
9,36,1,1,0,0,253.957178397835
9,38,0,1,0,1,245.07725654783584
9,39,0,1,1,7,271.93271730612673
9,41,0,0,0,2,233.60629984611955
9,45,0,1,0,4,240.43831972355204
9,46,0,1,0,2,245.92194432795338
9,47,0,0,0,0,226.24599642493442
9,48,0,0,0,1,231.5187196796343
9,49,0,0,1,3,241.76342584093337
9,51,0,0,1,3,242.27167131036362
9,52,0,1,0,1,244.5619164186135
9,53,0,1,0,4,244.31290174257208
9,54,1,1,0,6,262.53110486976004
9,55,0,0,0,6,234.01551627816326
9,56,0,0,0,1,231.03264494507852
9,58,0,0,0,2,233.20031667334905
9,59,0,1,0,3,243.7822772209394
9,0,0,1,1,5,259.0609764785378
9,1,1,1,0,7,270.7531728202782
9,3,0,0,0,4,235.13170442807424
9,4,0,0,0,1,229.7474747193794
9,5,0,0,0,1,232.9884855495113
9,6,0,0,0,5,237.98477893438317
9,7,0,0,0,5,237.00049837818406
9,8,0,0,0,7,240.48328770043463
9,9,0,1,0,0,243.2790285147052
9,10,0,1,0,6,251.31285261553572
9,11,1,0,0,0,243.5625336550905
9,12,1,0,0,5,248.63610837845204
9,13,0,0,0,7,241.27641368595695
9,14,0,1,0,2,247.61295430841633
9,15,0,0,0,6,234.18615968471062
9,16,1,1,0,0,254.69372507740223
9,17,1,1,0,7,271.3247853966601
9,18,1,0,1,3,259.22304239369794
9,21,1,0,0,6,249.11249137876538
9,23,0,0,0,7,246.43176894640376
9,24,0,0,0,7,244.57361308842883
9,25,1,0,0,0,240.3584535246163
9,28,1,1,0,1,253.46366295761328
9,29,1,1,1,7,284.9381019723956
9,30,0,1,0,2,245.3427559802181
9,33,0,0,0,1,229.1315002518997
9,34,0,0,1,7,255.7545040681528
9,35,0,1,0,1,241.51820523505097
9,36,0,1,0,5,245.59003090856967
9,37,1,1,1,3,271.24457324256247
9,38,1,1,1,7,283.90822599721304
9,39,0,1,1,3,259.4063148673039
9,40,0,0,0,7,238.03678206935237
9,42,0,1,0,1,244.44882930995198
9,43,0,1,0,6,250.6501836194403
9,45,0,0,0,3,232.0177958260618
9,46,0,0,0,7,242.94937483253247
9,47,1,0,0,2,241.75351560822526
9,48,1,1,0,5,256.23214803640303
9,49,0,1,0,4,237.4239099817069
9,50,1,1,0,0,253.9847444287668
9,51,1,1,0,2,259.68062674840525
9,52,1,0,0,4,245.5134761847751
9,55,0,0,0,5,233.49824981941117
9,59,0,0,0,3,234.24729176006247
9,0,0,0,0,5,231.08363308823908
9,3,0,0,0,6,236.5862603116905
9,5,0,0,1,4,250.2260549934423
9,7,1,0,0,3,249.30939808779547
9,12,0,0,0,7,242.21412317912424
9,14,0,1,0,0,238.75156667943673
9,15,0,1,0,4,246.57800693123284
9,16,0,1,0,3,246.91240198328046
9,17,0,0,1,6,244.9798341436741
9,18,0,0,1,1,241.90932340867073
9,21,1,0,0,3,242.0928170068134
9,22,1,0,0,0,241.2029178122822
9,23,1,0,0,7,264.6522141303954
9,26,1,0,0,4,242.71862973889674
9,29,0,1,0,3,247.26767382751717
9,31,0,0,0,2,232.68651723738768
9,32,0,1,0,2,247.36645680921518
9,34,0,0,1,2,237.6392175059828
9,35,0,0,1,7,238.21153281787002
9,36,0,0,0,6,235.37100135209587
9,37,1,1,0,7,273.62413443493875
9,38,0,0,0,7,242.03700516311332
9,39,1,0,0,0,236.75286243944305
9,41,1,1,0,5,255.90204332375635
9,42,1,1,1,5,274.00000641107516
9,44,0,1,0,0,240.5905795352507
9,51,0,0,0,6,231.98636042985228
9,52,1,1,0,1,254.35323895607598
9,53,1,1,1,1,270.12228185188616
9,54,1,1,1,3,272.8466976257362
9,55,1,0,1,0,253.66499490540065
9,56,1,0,1,5,256.5772692077472
9,58,0,0,0,1,230.10968044076003
9,59,0,0,1,1,241.66386575137057
9,0,0,0,1,2,244.3912636289007
9,1,0,0,1,7,260.68022637294814
9,2,1,0,1,4,255.582040631237
9,3,0,0,1,0,241.55335826242674
9,4,0,0,1,6,254.05398235145555
9,5,0,1,1,4,258.7226400534121
9,6,1,1,1,7,286.62357877907135
9,8,0,1,1,7,268.03962775784623
9,9,0,1,1,5,258.3770939877364
9,10,0,1,1,6,259.05665072543644
9,11,1,0,1,1,258.07336292765143
9,12,1,0,0,6,248.7527265313898
9,13,1,1,0,1,259.8439704784732
9,14,1,1,1,5,271.32169202256046
9,17,0,0,1,0,241.49946402092164
9,18,0,0,1,3,246.96403982188184
9,22,0,0,0,4,230.66707166400707
9,23,0,0,0,2,228.622264803588
9,24,0,0,0,3,230.2916041285954
9,25,0,0,1,1,237.37351757317893
9,26,0,0,0,4,231.01048415058096
9,27,0,0,0,1,228.24745728138993
9,31,1,0,0,4,241.16647616644815
9,32,1,0,0,0,238.65752809702383
9,36,1,0,0,0,241.05356060233942
9,37,1,0,0,5,243.5272198703436
9,38,1,0,0,7,255.72445305674958
9,43,0,0,0,1,228.52217235497457
9,45,0,0,0,2,233.31257018680355
9,47,0,1,0,5,245.41690631469277
9,48,0,1,0,4,241.68092906436192
9,49,0,1,0,0,239.38245824022437
9,50,0,1,0,5,243.4053893862107
9,51,0,1,0,1,244.26863191401785
9,52,0,1,0,4,246.97676844665133
9,53,0,1,0,0,240.9893603796757
9,54,0,1,0,7,256.2142981298572
9,55,1,0,0,3,246.17625323346695
9,56,1,1,1,2,270.6004584603337
9,57,1,0,1,0,254.65091818552065
9,58,1,0,1,5,257.31841804625486
9,0,1,0,0,0,241.4931458292958
9,1,1,0,0,0,241.95224273740655
9,3,0,1,0,5,248.15946841442246
9,4,0,1,0,0,243.3155628923841
9,5,0,1,0,3,251.79689989871153
9,6,0,0,0,6,235.03457047902236
9,7,0,1,0,4,244.87858193184232
9,8,0,1,0,1,245.02952416719603
9,11,0,0,0,2,232.0519216343518
9,14,0,0,0,3,233.31681297660384
9,15,0,1,0,0,242.57087923010673
9,16,0,1,0,2,245.688645574619
9,17,0,0,0,2,232.74889830158946
9,18,0,1,0,1,242.20356514577566
9,22,1,0,0,3,239.59383544385386
9,24,1,1,1,7,288.2198334317999
9,25,1,0,0,3,249.63368769453098
9,27,1,0,0,1,244.09138641809554
9,28,1,0,0,4,244.17584437190254
9,31,0,0,0,7,246.02556341292197
9,32,0,1,0,1,241.18546809086172
9,33,0,1,0,2,243.99382443904975
9,34,0,0,0,7,234.50130771371232
9,35,1,1,0,6,256.01592220670244
9,37,1,0,0,2,241.37616292548287
9,38,1,0,0,5,241.11153982804407
9,40,0,0,1,5,241.4456001765302
9,42,0,0,0,0,228.64088234546313
9,44,0,0,0,4,230.39357971138463
9,45,1,0,0,4,239.89573024494152
9,47,0,0,1,0,243.0214721787415
9,48,0,0,1,4,241.08662998451769
9,49,1,0,1,3,259.2069063558068
9,50,1,0,0,5,243.89327139758745
9,53,0,1,0,3,247.04055002187857
9,56,0,1,0,3,252.6156963143697
9,58,0,1,0,0,242.3021578455759
9,0,1,1,0,4,255.61288387446268
9,1,0,1,0,5,245.85416559617187
9,2,1,1,0,4,256.42522705055126
9,4,1,1,1,3,275.6680689953734
9,7,1,0,0,7,253.44123210423123
9,8,1,0,0,3,245.9834636455518
9,9,1,0,0,3,248.52857148265073
9,10,1,1,0,3,263.1475596231834
9,11,1,0,0,4,245.533112620486
9,14,0,0,0,2,231.76589722429196
9,17,0,0,0,6,233.10270740545002
9,19,0,1,1,5,259.9737235910994
9,20,0,1,0,5,242.8669300590393
9,21,0,1,1,6,266.3238158762872
9,22,1,0,1,5,252.84348621740614
9,23,0,0,1,0,239.22860783962795
9,24,0,0,1,7,261.50028353007104
9,25,0,0,0,7,243.87798846824302
9,28,0,0,0,6,234.7504194707448
9,33,0,0,1,7,256.0664927680638
9,34,1,1,1,5,268.810987152872
9,35,1,1,0,5,257.1740362301155
9,37,0,1,0,2,241.58637847878958
9,38,0,0,0,5,233.07388132758578
9,39,0,0,0,4,225.99671076165214
9,40,0,0,0,5,232.8192190214649
9,41,1,0,0,3,249.9028226604892
9,42,1,1,0,6,264.6122016507534
9,43,1,1,0,2,258.964574362785
9,44,1,0,0,7,259.50184811357127
9,45,1,1,0,1,252.2826026137111
9,47,0,1,1,6,264.96803611894927
9,48,1,0,1,7,265.7630733761875
9,49,1,0,0,2,239.589184209532
9,50,1,1,0,1,255.11992249776364
9,51,1,1,0,7,267.5091672951639
9,52,0,0,1,3,242.5374358043929
9,54,0,1,1,2,257.81659788685164
9,55,0,0,1,1,238.49521523052042
9,56,0,0,0,4,230.05852374123043
9,57,1,0,0,3,243.6998246820034
9,58,1,0,1,0,256.369378497767
9,59,1,0,1,4,259.52695953161344
9,0,1,0,1,7,272.0312753322767
9,1,0,1,1,0,254.46164726785625
9,2,0,1,1,6,260.9994619095555
9,3,1,0,1,7,276.35755748692566
9,6,0,1,0,7,259.4868902060431
9,7,0,1,0,5,245.69923888645042
9,8,0,1,0,0,243.97320421714963
9,9,0,1,0,6,250.8684770817494
9,13,0,0,0,3,234.89483716776348
9,15,0,1,0,5,244.3822741745809
9,17,0,0,0,5,232.61245451744884
9,19,0,0,1,0,239.5297312483152
9,20,0,0,1,1,243.95890937970415
9,21,0,0,1,5,241.6864526258165
9,22,1,0,0,5,242.41345545690314
9,23,1,0,0,2,242.97109501006307
9,24,1,1,0,6,264.79427574224746
9,25,1,1,0,1,251.22079366719538
9,26,1,1,0,7,276.4344087000319
9,27,1,0,1,5,255.90055556113063
9,29,0,0,0,4,233.5820625197115
9,30,1,0,0,6,246.22216217890497
9,31,0,0,0,6,233.92896900239396
9,32,1,0,0,5,245.1814754592916
9,33,0,0,0,6,233.5103189198144
9,39,0,1,1,5,254.28874314886386
9,40,1,1,0,0,253.55973603936263
9,41,1,1,0,7,259.06236136888265
9,42,0,0,1,0,238.5745833205872
9,43,0,0,1,7,250.387826541101
9,44,0,0,1,6,254.68731750253747
9,45,1,0,1,0,257.3163919699613
9,46,1,0,1,5,257.6440272382019
9,48,0,0,0,6,233.585639744523
9,49,0,0,0,3,233.8070369838964
9,50,0,1,0,4,243.0905874288262
9,51,1,1,0,6,264.21527394969473
9,53,0,0,0,4,232.87642842952323
9,55,1,0,0,4,244.12186805114166
9,56,0,0,0,2,232.7832017790467
9,57,0,0,0,1,232.95527229782323
9,58,0,0,1,3,242.19211398672138
9,59,0,1,0,5,244.774164708482
9,0,0,1,0,5,247.073395438852
9,2,0,1,1,4,257.8881414204442
9,3,0,1,1,7,270.83569908778156
9,4,0,1,0,7,250.11015852816712
9,5,1,1,0,1,259.3742927312691
9,7,0,1,0,0,243.86944169036562
9,9,0,1,1,3,262.2193401518314
9,10,0,0,0,6,236.30654564209217
9,12,0,0,0,4,231.14552164615614
9,14,0,0,0,7,242.420085053244
9,17,0,0,0,7,242.331368530189
9,18,0,1,0,6,248.67800091651867
9,19,1,0,0,6,248.16958210268166
9,20,0,1,0,0,241.31256555821037
9,24,0,1,0,5,245.2783651936644
9,25,0,1,0,0,242.28105170726406
9,26,0,1,0,3,245.88831645430355
9,27,0,0,0,0,226.49941795760844
9,28,0,0,0,4,230.69525285366737
9,31,1,0,0,0,237.49740823413862
9,34,0,0,0,4,229.83685065978344
9,38,0,1,0,4,239.73167845456297
9,39,1,1,0,6,255.8387117624199
9,40,0,0,0,1,231.37411341958457
9,42,1,0,0,5,250.82800286278035
9,43,0,0,0,2,230.73148486234265
9,46,0,0,0,6,234.40992279818863
9,50,0,1,1,6,256.67371947981684
9,51,0,0,1,5,242.62300605307107
9,52,1,0,1,1,252.8031543172984
9,53,1,0,0,0,241.80029736933452
9,54,1,0,0,1,239.4639716628563
9,55,1,0,0,6,239.754711458826
9,57,0,1,0,4,244.59400595032008
9,59,0,1,0,1,242.65927218087424
9,0,0,1,0,7,257.9751874106122
9,1,0,1,0,0,245.2724513134031
9,2,0,1,0,1,243.70510010681747
9,4,0,1,0,4,250.05642177789764
9,5,0,1,0,2,250.73938241222106
9,8,1,0,0,0,243.61524848158416
9,9,1,0,0,2,243.57592613932022
9,10,1,0,0,6,247.52582438400472
9,11,1,0,0,3,247.70780651577215
9,12,1,1,0,5,257.122466304296
9,13,1,1,0,7,272.5902839987661
9,15,0,1,0,6,246.74143657676922
9,17,0,1,0,1,241.94348334397006
9,20,0,1,0,4,246.28726997050853
9,22,0,1,0,7,263.3969501902595
9,23,0,0,1,6,247.95633355453492
9,24,1,0,1,6,254.31118192582127
9,25,0,0,1,2,239.9834880390494
9,26,0,0,1,2,241.37310190162805
9,27,0,1,1,1,258.1989222968007
9,32,1,0,1,3,255.70424111349809
9,33,1,1,0,3,259.8983906712643
9,34,1,0,0,2,241.23043289897086
9,35,1,0,0,0,236.77095710378146
9,36,1,0,0,6,253.96525280279243
9,39,1,0,0,5,242.61861401049302
9,40,1,0,0,6,252.99548698326979
9,42,0,1,0,6,251.93126837932928
9,44,0,1,0,1,241.45196951134812
9,45,0,1,0,2,244.43096330341834
9,48,0,0,0,5,233.1255135818897
9,50,1,0,0,1,242.82188025163205
9,53,1,0,0,4,243.40933430368318
9,54,0,0,0,2,231.240500860734
9,56,1,1,0,1,258.5064608353962
9,57,1,1,1,7,288.2629945407363
9,58,0,0,0,4,230.39403809426244
9,0,0,1,0,6,248.59215963722218
9,5,0,1,0,1,248.66890480051387
9,8,0,0,1,0,242.2281557965217
9,9,0,0,1,1,246.65151508456066
9,12,1,0,0,1,242.64624220279364
9,14,1,0,0,4,243.25655683049712
9,15,0,0,0,2,234.427574888523
9,16,0,1,0,6,246.6870702593777
9,17,1,0,0,0,240.36819693759233
9,18,1,0,0,3,246.66653617936407
9,19,1,0,0,0,241.33537351576956
9,20,1,0,0,1,241.00269671576478
9,22,1,1,0,5,254.77194354770245
9,25,0,1,1,0,253.87515390872292
9,26,0,1,1,2,255.62503508072467
9,27,0,0,1,6,242.7356178295491
9,28,0,1,1,3,259.4767363663077
9,29,0,0,0,3,234.203434220466
9,32,0,0,0,5,233.89897286986573
9,33,0,0,0,3,234.52952566923864
9,34,0,1,0,2,243.63518246380391
9,35,0,1,0,0,237.737362143635
9,37,0,1,0,7,260.99916972168427
9,38,0,0,1,3,241.98603053147232
9,39,0,0,1,5,240.93573173663188
9,40,0,0,1,6,242.33303980387527
9,41,1,0,1,2,257.80679084391664
9,42,1,1,1,2,274.074347055465
9,43,1,0,1,5,256.12847789665636
9,50,0,1,0,7,250.62473387608063
9,53,0,0,0,5,229.7973110188133
9,57,0,0,1,2,246.46419978181933
9,58,0,1,1,3,260.4919767304857
9,1,1,1,0,5,257.24549358142576
9,2,1,1,0,6,260.2394169750978
9,4,0,1,0,2,246.93906694602907
9,5,0,1,0,5,248.88803099967296
9,8,0,1,0,2,249.31862688229484
9,11,0,0,1,0,243.2667462744053
9,12,0,0,1,4,247.0213617823395
9,13,0,0,1,5,247.08464683274246
9,14,0,0,1,3,244.78625508324578
9,19,0,0,1,1,243.49357196170595
9,21,0,0,0,7,244.63094933724622
9,25,1,0,0,4,246.0732568672052
9,26,0,0,0,1,227.23597022478273
9,27,0,0,1,1,241.98881133274813
9,28,0,0,0,0,229.76595302353752
9,31,1,1,0,1,252.91413477559385
9,32,1,1,0,5,256.97306847584196
9,33,1,1,1,7,291.2365174524966
9,35,0,1,1,1,253.8973313460337
9,37,0,1,0,1,242.45085700571585
9,38,0,1,0,5,244.49005610557563
9,39,1,1,0,1,254.48455866948598
9,40,1,1,1,2,276.4226179543357
9,42,1,1,1,4,269.6988741728812
9,43,1,1,1,3,272.26480085682607
9,44,1,0,0,4,245.25499864203653
9,45,1,0,0,5,248.78350734419982
9,46,1,0,1,1,258.4041680226935
9,47,1,0,1,0,252.3477532616965
9,48,1,0,1,3,254.86036403615796
9,49,1,0,0,0,238.0595826319453
9,50,1,0,0,6,242.54510969383566
9,54,0,1,0,6,249.36954484347947
9,56,0,1,0,6,250.3029672479802
9,58,0,0,0,5,236.9281733640923
9,0,0,0,0,3,236.88538577557281
9,1,0,0,0,1,230.71364553140302
9,2,0,0,1,2,239.42751812066047
9,3,0,0,1,7,256.2452114952442
9,5,0,0,1,1,245.40180098473866
9,6,0,0,0,0,230.28135813579962
9,7,0,0,0,4,234.40048154202833
9,9,1,0,0,1,244.97095309887112
9,11,1,0,1,2,256.4904247591549
9,12,1,0,1,7,272.46528596878557
9,13,0,1,0,2,244.92408506346715
9,16,1,0,0,4,244.6277119643813
9,17,1,0,0,2,246.4879852500912
9,20,0,0,0,7,245.1386756624807
9,21,0,1,0,4,244.91956750083216
9,22,1,1,0,1,254.40849083965932
9,23,1,1,0,3,260.9737444763387
9,25,1,0,0,5,246.5304641482595
9,26,0,0,1,1,239.57762730135792
9,28,0,0,0,2,232.83471545009087
9,29,0,1,0,4,243.344479033577
9,31,0,1,0,5,249.57539930087563
9,32,0,1,1,2,255.07959102914444
9,33,0,0,1,4,244.200493931783
9,34,0,0,1,3,239.36893716709932
9,37,0,0,1,5,252.75098369483317
9,38,1,0,0,1,238.72454681683348
9,39,1,0,0,2,242.07157079490918
9,40,1,0,0,4,243.1680815499274
9,41,0,0,0,6,243.4811404911678
9,46,0,1,0,7,255.8770320314261
9,47,1,1,0,0,253.09376034026903
9,48,1,1,0,1,252.47565478489332
9,50,1,1,1,6,271.87336024324344
9,51,0,0,1,1,240.18928307199064
9,52,0,0,0,3,232.23897437175904
9,53,0,0,1,3,242.64934010028819
9,55,0,0,0,3,234.08550111031641
9,57,0,0,0,3,236.06045066930096
9,1,1,1,0,2,257.3956826710127
9,2,1,1,0,5,265.2848481539022
9,3,1,1,0,7,270.9703159672825
9,7,1,1,0,7,273.0750399992858
9,9,0,0,0,1,236.3748211896139
9,11,1,1,0,6,266.5813428592352
9,14,1,1,0,2,260.967345898806
9,16,0,0,0,7,246.93654332785584
9,17,0,0,1,3,253.87950792766617
9,19,1,0,0,4,241.69790987456804
9,20,1,0,0,7,258.0388779715111
9,21,1,1,1,6,287.05187182880934
9,22,0,1,1,0,255.82083696137235
9,23,0,1,1,2,257.38985966449883
9,24,0,0,1,4,243.40906323414347
9,25,0,0,1,7,261.8242276253344
9,26,1,0,0,6,247.61862854754554
9,27,0,0,0,2,230.8686282693774
9,31,1,1,0,7,271.2794765117797
9,37,1,0,0,1,247.28880773417464
9,38,1,0,0,6,245.06489145602993
9,39,0,0,0,3,232.93514052080118
9,42,1,0,0,2,246.31514450191668
9,43,1,1,0,6,262.2498775444918
9,45,0,1,0,1,241.12568095220286
9,46,0,1,0,0,241.223848998022
9,53,0,0,0,2,231.87212094692683
9,54,0,1,0,4,241.20281465838528
9,55,1,1,0,5,259.59879202928596
9,1,1,0,1,5,253.89374200914386
9,8,1,0,1,6,259.73870417016497
9,9,0,1,1,4,256.4927478541651
9,10,0,1,1,5,261.35517785941215
9,11,0,1,0,2,247.94500006037725
9,12,0,1,0,1,244.64677955518056
9,13,0,1,1,4,261.29547533030404
9,14,1,1,1,2,271.8199560845925
9,15,1,1,1,6,280.10714056630053
9,16,1,0,1,3,256.1041047386145
9,17,1,1,0,0,254.6221752949136
9,18,1,1,0,0,254.1667708906379
9,19,1,1,0,3,262.70434913633056
9,22,1,1,1,1,272.9317673613701
9,23,1,1,0,5,258.06153166451037
9,24,0,1,1,5,258.7418209495203
9,25,1,1,1,6,268.5373936523702
9,26,0,0,1,5,246.49133144073062
9,27,0,0,0,4,230.16650995904575
9,28,1,0,0,3,246.40000637575847
9,29,1,1,0,7,267.689237496393
9,39,1,0,0,6,244.2966386575336
9,40,1,0,0,7,239.9368950617409
9,41,0,1,0,4,243.61158329679984
9,45,1,1,0,6,267.8352376104009
9,46,0,1,0,1,240.8269436411146
9,47,0,1,0,6,247.75429558575257
9,48,1,1,0,6,261.6589175775459
9,49,0,0,0,6,232.1757571985557
9,58,0,0,1,1,242.38535729116433
9,3,0,1,0,0,241.15302106619473
9,5,0,1,0,0,246.55452567409267
9,7,0,1,0,2,246.8314721274387
9,13,0,0,1,1,243.55646572179296
9,14,0,0,0,6,233.54705705068835
9,15,0,0,0,1,232.4163113333667
9,16,0,0,1,6,242.66388430418576
9,17,1,1,1,1,268.9379904064068
9,18,1,1,0,7,274.7047088315336
9,22,1,1,0,0,251.5812134783937
9,24,1,0,0,7,244.6962209236625
9,25,0,1,1,3,257.16382751968365
9,28,0,1,0,7,253.2886976366365
9,29,0,0,1,0,241.1896606484048
9,30,0,0,1,1,241.48166246504508
9,32,0,0,1,3,243.53566733098353
9,33,0,0,0,4,229.8744359024029
9,34,0,0,0,6,233.42123740332894
9,35,1,1,0,7,273.83827790039805
9,37,0,1,0,0,235.59215040732806
9,39,0,1,0,7,256.43898368373135
9,41,1,0,0,5,244.1260686089274
9,45,1,0,1,3,258.8845943925937
9,46,1,1,1,1,271.00873719300796
9,49,0,1,0,2,243.47650017098334
9,52,0,0,0,1,228.7762189197519
9,53,0,0,1,5,244.81294753991617
9,54,0,0,0,4,231.44956468649187
9,56,1,0,0,1,245.10019867831318
9,58,1,0,0,0,242.26736746249946
9,59,1,0,0,4,243.69597976658042
9,4,0,0,0,2,235.5778693619992
9,5,0,1,0,7,256.7797212722206
9,6,1,1,1,3,272.1126607048462
9,7,1,1,0,3,260.8495887165003
9,8,1,0,0,1,244.57599588101706
9,9,1,0,0,0,241.52576161980718
9,10,1,0,0,1,246.20344328512817
9,12,1,0,0,4,243.8180675845167
9,13,1,0,0,3,243.46638028135555
9,14,1,1,0,1,260.54022580884464
9,16,1,1,0,2,258.9229617006631
9,17,1,0,0,4,246.23839904485934
9,19,0,0,0,4,232.63680148828206
9,21,0,1,0,3,245.82163086031676
9,23,0,0,0,4,229.63222418100568
9,26,0,1,0,2,245.67365372312346
9,29,0,0,0,2,232.13575345369242
9,30,0,1,0,4,246.36748029078305
9,32,0,1,0,7,253.55686419464473
9,33,0,1,1,0,253.01639296467243
9,34,0,1,1,2,252.2695423135687
9,35,0,0,1,0,236.44851365848814
9,36,0,0,1,1,243.31520553594973
9,37,0,0,0,2,230.8212896553284
9,38,0,1,0,7,251.43054073530956
9,39,0,0,0,1,223.85653321937863
9,40,0,0,0,3,232.0320472294906
9,41,0,0,0,5,231.52135176855364
9,42,0,0,0,2,232.77540966793117
9,44,0,0,1,2,242.653506646267
9,46,0,0,0,1,227.61960807863508
9,48,1,0,0,4,240.00183687120736
9,49,0,0,0,1,229.34504997160192
9,51,0,0,0,2,231.85845556652544
9,53,0,1,0,7,249.1250533754027
9,55,0,1,1,5,256.574441759721
9,56,0,1,0,1,243.16126941870087
9,57,0,1,0,7,255.51031312580932
9,58,1,0,0,6,247.09103441971146
9,0,0,1,0,1,241.28244445353437
9,1,0,1,1,2,253.6097081320258
9,2,0,1,1,0,258.60518282792714
9,3,0,1,1,2,262.811852907135
9,4,0,1,1,6,269.34170236389457
9,5,0,0,1,3,248.52873557912866
9,11,1,1,0,1,259.2073134945452
9,12,1,1,1,6,270.25837938433904
9,15,0,1,0,1,245.32892043319606
9,16,0,1,0,4,247.25436940029292
9,17,1,1,0,3,266.51545675447386
9,18,1,0,0,0,241.18448957775735
9,19,1,0,0,1,244.94730898062187
9,20,1,0,1,0,253.87859666043636
9,21,1,0,1,4,255.6386523886917
9,22,0,0,1,7,258.78870976147925
9,23,0,0,1,2,242.59320139207315
9,24,0,0,1,3,242.41740771925035
9,25,0,1,0,1,244.69452425263063
9,28,0,1,0,1,245.57404323199881
9,30,0,1,0,7,258.2117701958319
9,31,1,1,0,2,262.84353707693185
9,33,1,1,0,5,258.5777734642714
9,35,0,0,0,6,232.01120867923416
9,37,0,0,0,0,224.7051543206919
9,39,0,1,0,3,245.02125119740356
9,41,1,0,0,7,255.8781585865629
9,42,0,0,1,1,240.06079287929086
9,43,0,0,1,3,239.24828833468206
9,47,0,0,0,6,234.34934611988714
9,50,0,1,0,3,249.42686604635918
9,52,1,0,0,2,244.39571527317503
9,53,1,1,0,4,254.8165867038164
9,54,0,1,0,5,246.0744787233575
9,55,0,1,0,5,248.79264178773394
9,57,0,0,0,7,241.4868237533868
9,58,1,1,1,7,274.9449592941478
9,0,0,1,1,2,256.70988514747506
9,1,0,0,1,1,242.9253863000883
9,4,1,1,0,7,269.53715961564154
9,6,1,0,0,4,245.91549411896474
9,8,0,0,0,2,235.10533507308241
9,10,0,0,0,5,236.10180063530277
9,11,0,0,1,5,249.5119573775261
9,12,0,0,1,3,245.57418693074058
9,13,0,1,0,6,246.57085846778813
9,18,0,0,0,5,233.853461848007
9,19,1,0,0,2,244.2816940158679
9,20,1,1,0,4,253.76235373199418
9,21,1,1,0,6,257.5793327782545
9,22,0,1,0,2,245.83438409489085
9,23,0,1,0,0,237.54783790438657
9,24,0,1,0,3,244.44881542899137
9,27,0,1,0,5,247.14092093026767
9,37,0,0,0,1,230.5890253598673
9,38,0,0,1,2,238.8201548542757
9,39,0,1,1,6,256.566715092767
9,40,1,0,1,1,256.1290742609624
9,43,1,0,0,1,243.32751411550112
9,44,1,0,1,6,267.8496568874399
9,48,1,1,0,4,258.552852507416
9,49,1,1,0,2,258.41739873587443
9,54,0,1,0,1,244.29217601892677
9,55,0,1,0,4,247.41846333611346
9,56,0,1,0,0,241.0990229660249
9,57,0,1,0,6,246.14261147188336
9,58,0,1,0,5,247.3681641943678
9,0,0,1,0,3,249.8763651343179
9,3,0,1,0,1,241.2159891354542
9,6,1,0,0,7,255.72921085018558
9,7,0,0,0,0,229.97598007757486
9,9,0,0,0,0,230.4721478753193
9,10,0,0,0,3,236.63371191009716
9,11,0,1,0,4,246.7248147048067
9,16,0,1,1,0,256.57366364044117
9,17,0,1,1,1,258.93481260084764
9,20,0,0,1,5,243.86683335061406
9,22,0,0,0,0,225.94598598472652
9,23,0,0,0,0,227.0175405176681
9,25,0,0,0,3,233.81691039700155
9,29,0,0,0,6,234.2028424808237
9,30,0,0,0,1,228.54470184195182
9,33,1,0,0,4,240.56391379299933
9,37,0,1,0,6,246.08167741143956
9,39,1,0,0,4,241.96931392850567
9,40,0,0,0,6,232.58695042859932
9,42,0,0,1,5,240.20879829147142
9,43,1,0,1,2,259.8591127757284
9,44,1,0,1,2,257.1779088997155
9,45,1,0,1,2,257.5218854750326
9,46,1,0,1,0,255.88005849773222
9,47,1,0,1,5,256.49696064267783
9,49,1,0,0,4,242.18302531221704
9,50,0,0,0,7,240.51452339085012
9,54,0,0,1,3,244.49791374356752
9,55,0,1,0,1,245.85136543395367
9,59,0,0,1,5,244.58268543173693
9,3,1,0,0,3,245.90757129263596
9,4,1,0,1,5,262.88264099916825
9,13,0,0,0,5,231.86869282752195
9,14,0,0,0,0,230.30270746607897
9,20,0,0,0,4,231.65704673871642
9,22,0,1,0,4,242.40577459684624
9,24,0,1,0,4,238.921507967555
9,25,1,1,0,5,254.06869457244193
9,26,0,1,0,5,250.00544675991713
9,30,0,1,1,3,256.85007403113036
9,31,0,1,1,6,261.5077708225345
9,32,0,0,1,4,243.78032688063178
9,33,0,0,1,3,244.31293989699554
9,34,0,0,0,3,233.1449041194698
9,35,0,1,0,5,248.5926109330462
9,36,1,1,0,3,259.4792451969608
9,39,0,1,0,4,246.47620566828493
9,40,1,1,0,5,258.7239636638006
9,42,0,1,0,4,244.09525446091106
9,46,0,1,0,4,241.04211752575745
9,50,0,1,0,1,242.5439431831819
9,51,0,1,1,2,253.8728229396094
9,52,0,0,1,5,242.9393175589828
9,55,0,0,0,2,234.59054093547186
9,57,0,1,0,5,244.00703048028177
9,58,0,1,1,6,260.84612941359416
9,59,0,0,1,2,243.35014183167274
9,0,0,0,1,4,244.67052939968497
9,1,0,0,1,3,250.7901298323835
9,2,0,1,0,6,250.1076168226671
9,3,1,0,0,6,248.84319905321786
9,17,0,1,0,7,260.65068133329504
9,19,1,0,1,6,260.49499242218377
9,20,0,1,1,3,257.24052597914874
9,22,0,1,1,2,257.344053852876
9,23,0,0,1,3,242.70435176837117
9,24,0,1,0,7,250.08601966606852
9,25,1,0,1,0,254.6040727838917
9,26,1,0,1,4,255.8153461337483
9,27,0,0,1,0,239.33354912301337
9,29,0,0,1,7,260.3438338052076
9,31,0,0,0,0,227.8280019447296
9,33,0,0,0,5,232.86094586108533
9,34,0,0,1,4,238.75663660145284
9,35,0,0,1,2,249.962138371776
9,36,0,1,1,6,262.05328141262964
9,37,0,0,1,3,245.0769432888576
9,43,0,1,0,2,245.50770417181448
9,44,0,0,0,0,227.30461387826642
9,46,0,0,0,2,229.07542982962946
9,49,0,0,0,0,227.1265028487884
9,50,0,0,0,6,231.57981803268933
9,52,1,1,0,7,266.12859772758003
9,53,0,1,1,7,268.69390195788793
9,55,0,1,0,3,245.08596204585191
9,57,0,0,0,6,236.00848616596315
9,58,1,0,0,5,245.55495340932035
9,4,0,1,0,5,247.33110700156823
9,5,0,1,0,6,253.6614313215419
9,6,1,0,0,6,250.14154655090732
9,8,0,0,0,1,230.66085722243582
9,9,0,0,0,3,236.40253542302213
9,14,0,1,0,6,252.05356201235023
9,15,0,0,0,5,233.8583515498366
9,19,1,0,0,3,248.3355165853556
9,20,1,0,0,5,246.41460484099792
9,21,1,0,0,1,236.43314399455807
9,23,0,0,1,7,258.61223040489773
9,25,1,0,0,2,245.8501589395012
9,26,1,1,0,2,257.2762759323813
9,27,1,0,0,2,244.25446803735701
9,29,1,0,0,4,245.41737504207117
9,32,0,1,1,4,257.86585544440925
9,33,0,1,1,2,254.39941680508113
9,35,0,1,0,7,255.63969539679266
9,36,1,1,0,7,272.5285213727942
9,39,0,0,0,6,239.03337523405125
9,40,1,1,0,1,258.88937416590306
9,42,0,1,0,3,245.1896662955982
9,43,0,1,0,7,261.8799429692558
9,44,0,0,1,4,241.7945461222797
9,46,1,0,0,5,242.91348293890877
9,47,0,0,0,7,240.84909645614698
9,48,0,1,1,7,271.76427264722935
9,49,1,1,1,7,266.93853716130224
9,51,1,0,0,0,238.56198434792088
9,1,0,1,0,2,246.72841436550564
9,2,0,1,0,2,247.36749365938462
9,3,0,0,0,7,239.17126911019864
9,4,1,0,0,3,250.484573721215
9,5,1,0,0,6,251.29340181595762
9,7,0,0,0,6,236.44497012252776
9,9,1,1,0,2,260.92526586497013
9,10,1,0,0,4,243.57321861771354
9,12,1,0,0,2,242.56429818842176
9,13,1,0,0,1,243.55147388172995
9,14,1,0,1,3,260.3492178587406
9,15,1,0,0,2,246.2173926646304
9,16,1,0,0,2,245.08724546505653
9,21,0,0,0,2,234.4455343182693
9,22,0,0,0,1,229.3780601368026
9,24,0,0,1,5,244.5697782392287
9,25,0,0,0,0,228.03080199293944
9,26,0,0,0,2,233.74893878624488
9,31,0,1,0,6,248.84266041350642
9,32,0,1,0,3,243.61334407302965
9,33,0,1,0,4,246.0850263861841
9,34,1,1,0,0,254.69375162084503
9,36,1,1,0,6,261.6707018011775
9,38,1,0,1,0,251.78280367757495
9,39,1,0,1,3,262.64182912403743
9,41,1,1,0,0,255.76497035878526
9,42,1,1,0,3,260.07100166205475
9,43,1,0,0,5,244.83850705020654
9,46,1,0,0,2,243.98307758069612
9,48,1,0,0,5,249.42724024789314
9,49,0,0,1,1,241.95340184398617
9,53,0,1,0,1,244.16893110090214
9,57,0,0,1,1,242.8644971395859
9,58,0,0,0,7,243.2919869684794
9,6,1,1,0,5,263.5088485419384
9,13,0,0,0,1,231.7410849907393
9,20,1,0,0,0,239.78222687909414
9,21,1,0,0,5,242.32082853608927
9,22,0,0,1,3,240.89213332753317
9,23,0,0,1,5,246.28059694642386
9,24,0,0,0,1,225.5257195518486
9,25,0,0,0,5,235.80357755545398
9,26,0,0,1,3,240.0582829327392
9,41,1,0,1,4,259.74500659462365
9,44,0,0,1,1,241.01977125595604
9,50,1,0,0,7,255.3362203314133
9,52,1,0,0,5,248.255057331356
9,54,0,0,1,5,248.467078199109
9,4,1,1,0,5,262.0573507812868
9,9,0,1,0,4,242.0087252421272
9,11,1,0,0,7,257.5369688820533
9,12,1,0,0,7,252.09654640076377
9,16,1,1,0,3,260.0801038689717
9,18,1,0,0,1,241.28755004314672
9,25,0,1,0,3,250.7252770755473
9,26,0,0,0,0,226.51140134894712
9,27,0,0,0,3,229.96684940407675
9,28,0,1,0,3,251.46711687182105
9,30,1,1,0,3,255.2994979768367
9,31,1,0,0,2,238.38143333083903
9,32,1,0,0,2,241.5564630418926
9,34,1,1,0,2,257.0124544519749
9,37,0,1,1,4,254.76842603921935
9,38,0,1,1,5,256.1342595490167
9,39,0,1,0,1,244.2301725419136
9,40,0,1,0,0,238.99344882626534
9,41,0,1,0,1,246.45336100005636
9,45,0,0,1,4,247.4535948884662
9,46,0,0,1,3,246.1360749654471
9,47,0,0,1,4,242.58845128146538
9,48,1,0,1,4,252.38708167013266
9,49,0,0,1,0,240.31160351810826
9,50,0,0,1,1,240.87304207866768
9,59,0,0,1,6,245.7382866719083
9,0,0,0,1,1,244.00687407646893
9,2,0,1,1,2,259.5302619824146
9,3,0,1,1,0,254.92462743582342
9,6,0,0,1,6,244.9304188374538
9,7,0,0,1,5,247.87801821645746
9,9,1,0,0,5,245.752720344504
9,11,0,1,0,1,245.7150996743446
9,12,0,1,0,6,251.66819380934692
9,13,0,0,0,2,234.08765283518142
9,15,0,0,1,6,240.0660136289361
9,16,0,1,1,6,261.17263870011726
9,17,0,0,1,5,245.57662095991967
9,18,1,0,0,5,243.8512982262159
9,29,0,0,1,2,244.32642786546273
9,30,0,0,1,6,246.3685574318682
9,31,0,0,1,0,237.99016386780252
9,33,1,0,1,4,254.101940100368
9,35,0,1,1,7,268.70173968689045
9,36,1,1,0,4,258.45459542231936
9,37,1,1,0,4,253.8305969309943
9,39,0,1,0,6,251.7688268553991
9,43,0,1,0,3,249.83682103919233
9,44,0,1,0,5,250.31808550798914
9,45,1,1,1,5,271.43770014496414
9,47,1,0,0,6,251.53171010838753
9,49,0,0,0,2,232.94850725080875
9,50,0,1,0,2,245.7824472698716
9,51,0,1,0,4,243.1084356989122
9,52,1,1,0,5,258.16350469897486
9,0,1,1,0,6,259.1644556592273
9,1,1,0,0,1,242.3148243293258
9,2,1,0,0,3,257.1477392613037
9,4,1,0,1,7,262.44607630423195
9,6,0,1,0,1,244.19865647325588
9,11,0,1,0,7,256.57558716163834
9,13,1,1,0,2,258.3388303426337
9,15,1,1,1,1,272.5316282409077
9,16,1,1,0,1,258.44724050564366
9,19,0,0,0,0,228.18805903186515
9,21,1,1,0,0,254.5319433687612
9,22,1,1,0,4,256.0787260280221
9,23,1,1,0,6,254.13613846986416
9,25,1,1,0,7,269.9430391853028
9,26,0,1,1,7,274.0289086089518
9,28,0,0,1,1,243.06079632606335
9,36,0,0,0,1,226.96504644678697
9,38,0,1,0,2,239.73540154506233
9,47,0,1,0,0,239.34585438658544
9,51,1,1,0,5,260.07435861685013
9,57,0,1,0,2,247.01505509898348
9,58,0,1,0,4,244.33157748338314
9,59,0,1,0,2,246.9133337864936
9,3,0,0,0,1,233.12761451131362
9,5,0,1,0,4,244.74857905269562
9,6,0,1,0,0,242.12913068215835
9,7,0,1,0,6,251.79843894255694
9,11,0,0,1,6,248.62914837065352
9,12,1,0,1,0,255.76561426146776
9,13,1,0,1,7,272.29929770649443
9,14,1,1,0,7,268.99353898528256
9,17,1,1,0,2,255.31321125295497
9,18,1,0,0,6,246.85887372296799
9,26,1,1,0,1,254.99769052462023
9,27,1,1,1,0,268.4766108185688
9,28,1,1,1,7,288.0017062771248
9,29,1,0,0,3,244.51845095465032
9,30,1,0,0,3,248.55757385945319
9,31,1,0,1,2,255.7795250844559
9,32,1,0,1,7,276.3561939296981
9,34,0,0,0,5,227.47375085305282
9,38,1,1,0,4,259.6688280185017
9,39,1,1,0,3,252.69971132139307
9,47,0,1,0,7,253.81836608609035
9,48,1,1,0,3,260.2995134564212
9,51,1,0,0,7,253.11715970350886
9,53,1,0,0,3,245.1081037546247
9,54,1,0,0,0,239.62417979269273
9,56,1,0,0,6,245.28000492565502
9,57,1,1,0,0,251.16516896454277
9,58,1,1,0,3,260.26585362757925
9,59,1,0,0,6,251.55045677383816
9,1,1,0,0,7,255.1766017695595
9,6,0,0,1,2,242.43334283230334
9,7,0,0,1,2,248.42988829793512
9,8,0,0,1,3,250.3077828408917
9,12,0,0,0,1,234.37909468871626
9,16,0,0,0,1,230.69411183594454
9,19,0,0,1,2,245.47677526329804
9,20,0,0,1,0,243.21248772464767
9,21,0,0,1,6,247.05929587329553
9,22,1,0,1,2,255.8138996696688
9,23,1,0,1,1,252.72583698958442
9,24,1,0,1,7,269.39602178396285
9,31,0,0,0,3,234.34366049050126
9,33,0,0,0,2,231.03809485368578
9,35,0,0,0,3,234.1465700133286
9,38,0,1,0,0,237.3963123786673
9,39,0,1,0,2,242.74477909879263
9,41,1,0,0,4,239.29276097866278
9,44,0,0,1,3,244.30007103938615
9,46,1,1,0,2,255.9048759642476
9,47,1,0,0,5,245.4603097990854
9,48,1,0,1,2,252.03356562008918
9,49,1,0,1,5,254.47462123671113
9,50,1,0,1,6,259.5893154120524
9,52,0,0,1,2,240.4769474354108
9,54,0,0,1,7,258.20421472439335
9,55,1,1,1,5,271.46002210855266
9,56,1,1,0,3,260.70713431913595
9,1,1,0,0,6,247.2145235059596
9,4,1,0,0,4,248.32111653349477
9,5,1,0,0,4,244.3994771631129
9,8,0,1,0,3,250.22698351744992
9,12,0,0,0,0,229.97293057026096
9,14,1,0,0,1,242.5346078428262
9,15,1,0,0,7,257.689781002381
9,17,0,0,0,0,230.69587361743552
9,19,0,0,0,6,232.73720921828559
9,20,0,1,0,6,246.09181771457264
9,25,0,0,0,4,230.60016010762735
9,30,0,1,1,1,256.10514162549833
9,31,0,1,1,5,255.29312309265995
9,35,0,1,0,6,249.30165860035487
9,36,0,0,0,4,232.07582483093205
9,40,0,1,1,2,258.87467616909635
9,49,0,0,1,7,255.63386233758519
9,52,0,0,1,7,251.12990837672615
9,57,0,1,0,1,243.77809298508072
9,58,0,1,0,3,247.0648720766634
9,2,0,0,0,7,243.1869736081346
9,11,0,1,1,4,256.840676529084
9,12,1,1,1,0,269.51237333915776
9,13,1,1,1,3,271.69955591575786
9,14,1,1,1,6,273.4644479835874
9,15,0,0,1,3,246.5867124703607
9,18,0,1,0,0,241.52890793075682
9,19,0,1,0,7,261.52247125637274
9,21,0,0,0,5,233.24341008541856
9,22,1,0,1,7,269.48993386210975
9,27,1,1,0,7,272.21578155972475
9,28,0,0,1,2,242.42572184558725
9,29,0,1,1,2,256.6557300879858
9,30,0,0,1,0,238.9019277427505
9,32,1,0,1,6,260.0505129219866
9,33,0,1,1,7,272.654349957673
9,34,1,0,0,0,239.51121831157312
9,35,1,0,0,5,241.90875666403
9,38,0,0,1,0,237.22088791857993
9,44,1,1,0,5,256.43121762484304
9,45,1,1,0,2,256.18597780982384
9,47,1,0,0,0,237.24553089938684
9,52,1,1,0,2,257.8294652555732
9,53,1,1,0,1,252.06322643877766
9,54,1,1,0,3,258.9714417223866
9,55,1,1,0,2,258.51869645183285
9,56,1,1,0,6,259.06490814457527
9,59,1,0,0,5,246.0644598047109
9,1,1,0,0,3,245.70327658233177
9,2,1,0,0,1,243.48455618546004
9,5,0,0,0,6,235.51848593187475
9,7,1,0,0,0,242.5389043709691
9,10,1,0,0,7,253.21472838012747
9,13,1,0,1,4,259.76814064200056
9,16,0,0,0,5,235.250908753961
9,20,0,0,0,3,232.92300748574866
9,26,0,1,0,7,256.43719325099437
9,27,1,1,0,4,256.52329288332265
9,32,0,0,1,6,246.82208705794605
9,34,1,0,1,7,268.0980774524703
9,35,1,0,1,0,252.77905360151516
9,36,1,0,1,0,254.84213068370133
9,37,1,0,1,3,260.8494888472509
9,41,1,1,0,2,258.95208543343665
9,46,1,1,0,1,252.82982096516494
9,47,1,1,1,3,267.7930307745415
9,48,1,0,0,7,242.3479684733276
9,56,0,1,0,5,248.94910166302014
9,58,1,1,0,4,254.8712688069099
9,59,0,1,0,4,246.41531212462058
9,7,1,1,0,6,259.8666702548193
9,8,1,0,0,4,244.47031055765996
9,14,0,1,0,1,242.15228563118262
9,17,0,1,0,2,247.62727834571797
9,22,1,0,0,2,239.64748169897734
9,23,1,0,0,1,239.8344011489512
9,24,1,0,0,0,240.66667884632582
9,26,1,0,0,1,241.56366328510356
9,30,0,0,0,0,226.27279288295716
9,36,0,0,1,2,237.0881723941769
9,37,0,0,1,4,238.67732048203055
9,38,0,0,1,5,242.62070189851988
9,43,1,0,0,2,248.15845546422716
9,45,0,1,0,5,245.0948158932651
9,48,0,1,0,3,249.33884156918108
9,50,0,1,1,5,253.9163792164951
9,52,0,1,1,1,254.5585164074588
9,54,1,1,0,0,256.5448838076556
9,58,1,0,1,3,269.3604119904636
9,3,1,1,0,2,261.8946759683309
9,9,0,1,0,5,250.39730260989282
9,10,0,1,0,2,245.0390623164417
9,12,0,1,0,0,241.2723018498251
9,19,0,1,1,4,253.87270182330258
9,20,0,1,1,7,274.1719417393602
9,22,0,0,0,2,227.73282402137
9,23,0,1,0,5,242.0899479502552
9,24,1,1,0,1,255.14288636322334
9,29,0,0,0,5,232.04568553830393
9,31,1,0,0,7,255.86401143235113
9,36,1,0,0,5,245.07519347938717
9,41,0,0,0,0,225.94309153743484
9,49,1,1,0,4,254.35790917183894
9,50,1,1,0,3,260.31358891409576
9,51,1,1,0,4,257.7294175194982
9,57,0,1,0,3,251.41400238860646
9,0,0,0,1,3,244.85984985654753
9,6,1,1,0,3,259.64653936276926
9,7,1,1,0,1,258.01641758595326
9,8,1,1,0,4,259.85261160754976
9,10,0,1,0,7,258.1826569427499
9,11,1,0,0,2,245.73079590837835
9,13,0,1,0,4,246.08039779499842
9,14,0,1,0,7,249.34167176585353
9,15,0,1,0,2,245.64900337587318
9,18,0,1,1,0,254.68579171228188
9,20,1,1,0,7,275.35158374607295
9,29,0,1,0,2,248.01269343189924
9,30,0,1,0,1,244.16697182266597
9,32,1,0,0,6,246.65262044222487
9,40,0,1,1,0,253.27234478540805
9,41,0,1,1,3,253.7668284425971
9,44,1,0,0,2,243.92194057105723
9,45,1,0,0,7,258.18864191751413
9,49,1,1,0,6,256.94505058297415
9,53,1,1,0,5,256.2415444606026
9,54,1,1,0,4,259.76946918976085
9,55,1,1,0,0,254.12985434275797
9,56,1,1,0,2,256.97855165838337
9,57,1,1,0,6,262.800529681002
9,59,0,1,0,0,241.5529045393586
9,0,0,1,0,2,249.35926421692355
9,2,0,0,1,7,246.2390501124545
9,6,1,1,1,0,271.30046900260226
9,7,1,1,1,1,273.22543741208847
9,8,1,1,0,0,255.2618290789086
9,9,1,1,0,1,259.5059157741353
9,10,1,1,0,2,259.94398450430054
9,13,0,1,1,5,259.46749697917494
9,14,0,1,1,0,255.5605522813918
9,15,0,1,1,4,255.75097948629255
9,16,1,1,1,0,267.11742820326833
9,17,1,1,1,7,284.2570383405894
9,21,0,0,1,2,243.23253892541553
9,25,0,1,1,6,255.54021545633833
9,26,1,1,1,3,281.47464382359334
9,30,1,0,0,0,239.91789427291476
9,33,0,1,0,5,245.3910067844106
9,34,0,1,0,6,248.0555497055575
9,41,0,1,0,5,249.333362110329
9,46,1,0,0,1,242.39653722969598
9,49,0,1,0,3,248.68632786411152
9,50,0,0,0,5,229.8407517112081
9,57,1,0,0,5,246.84793848759963
9,59,1,0,0,2,244.05386418775845
9,0,1,1,0,5,257.8985037145352
9,1,0,1,0,1,246.05587237573138
9,6,0,0,1,1,243.7214810565749
9,10,1,1,0,5,260.4784464772995
9,11,1,1,1,7,286.7395314642417
9,14,0,0,0,1,233.56135683748508
9,18,1,1,0,6,258.43316960154345
9,28,0,0,0,7,240.13810754933544
9,31,0,1,1,0,252.38810304779972
9,32,0,1,1,6,257.9457057728734
9,33,1,0,1,3,256.2307598726617
9,34,1,0,0,4,241.59000661443898
9,35,1,0,0,7,254.65876354905262
9,36,0,0,1,6,239.07458022389784
9,41,0,1,0,3,244.5896406894526
9,43,1,1,0,1,256.26103575080907
9,51,1,1,0,3,259.89269618808436
9,53,1,1,0,6,253.56291369694233
9,54,0,1,0,0,241.4082534191904
9,6,0,0,1,4,246.37542365798083
9,8,1,0,1,7,272.9373051822339
9,9,1,1,1,5,271.43554974836735
9,12,1,1,0,0,255.81830402915884
9,13,1,1,0,6,259.22895842021734
9,16,0,0,1,2,243.82918796615076
9,18,0,0,1,5,245.8427157739849
9,21,1,0,0,4,236.80990967105504
9,24,1,0,1,4,251.8760399026477
9,28,1,1,0,5,261.03664413432205
9,30,1,1,1,1,269.06621394102626
9,31,1,1,1,2,277.27848321615943
9,32,1,1,1,1,265.74931520608095
9,33,1,1,1,2,272.38832111548794
9,34,1,0,1,2,255.66465689385225
9,35,1,0,1,1,257.08790978622153
9,36,1,0,0,4,242.73379650196495
9,39,1,0,1,1,254.46837929106482
9,40,1,0,0,0,239.7859589545352
9,42,1,0,1,6,256.20630842974026
9,43,0,0,1,1,238.42201456456775
9,47,0,0,0,1,230.89921516825422
9,48,0,0,1,0,239.6515711029538
9,49,0,0,1,2,241.4594082312314
9,50,0,1,1,1,257.2399104732317
9,51,0,1,0,3,247.53396015548506
9,52,0,1,0,5,245.97455042042424
9,54,0,1,1,5,264.251680076701
9,59,0,0,1,3,246.00806506431428
9,0,0,0,1,5,246.50297392523132
9,4,1,0,0,7,259.43253525724253
9,7,0,1,1,1,257.37685419434456
9,8,0,1,0,7,255.77059496299594
9,13,1,0,0,5,246.91260408852247
9,19,1,1,0,0,256.6320275055493
9,20,1,1,0,6,259.688476128446
9,26,0,0,0,3,235.84685730036225
9,36,0,0,1,7,255.02170772281633
9,37,1,0,0,7,258.05884721589206
9,38,1,1,0,2,256.88529313809465
9,39,1,1,0,2,260.05105438994167
9,43,1,0,0,0,241.38479463602917
9,45,0,0,0,0,227.76303816217393
9,53,0,0,0,0,228.13266172667798
9,1,0,0,0,6,236.1995894253268
9,2,0,1,0,5,245.11368216956643
9,3,1,1,0,0,256.7901174645019
9,8,0,0,0,4,230.87350862928602
9,15,0,1,1,5,257.9495698543004
9,18,0,0,1,0,242.59146253006404
9,19,0,0,1,6,239.9784859002884
9,21,0,0,1,1,243.41718441393644
9,28,0,1,0,0,241.2976283823453
9,30,0,1,0,6,248.20716343467404
9,36,0,1,0,1,240.56520851831647
9,37,0,1,1,2,252.255511572254
9,45,0,1,0,0,238.95207675546666
9,47,0,1,1,3,257.0993618196863
9,6,0,1,1,4,259.8976505861495
9,7,0,1,1,0,255.0026687499689
9,8,0,1,1,5,259.66030125403137
9,10,0,1,0,1,244.88229235158167
9,11,0,1,0,0,242.86006816408442
9,12,0,1,0,2,246.35844981888488
9,16,1,1,0,5,257.42606098788735
9,18,0,1,0,5,249.04855660117067
9,21,1,0,0,2,240.1220224299863
9,31,0,1,0,2,243.22588244001707
9,34,0,1,0,7,255.02006538160921
9,36,0,1,1,4,256.8848137818026
9,37,0,1,1,3,252.71341955059964
9,41,1,1,0,4,259.2560931351132
9,42,0,1,0,5,248.4391147770249
9,48,0,1,0,7,252.68694212509442
9,53,1,0,0,6,248.55073822496226
9,54,1,0,0,7,258.77908381171636
9,11,1,1,0,4,261.50855708506305
9,12,1,1,0,7,272.6277533132053
9,13,0,1,1,2,256.95833556642805
9,22,0,0,1,4,241.3938541019461
9,23,1,0,1,4,252.30780632917242
9,25,0,0,1,0,237.5534758485665
9,31,0,1,0,7,256.223784403315
9,32,1,0,0,3,243.97523044969768
9,33,1,0,0,0,239.37952026522356
9,35,1,0,0,4,243.73334494901405
9,36,1,0,0,2,240.78487354935893
9,39,0,1,1,1,258.72092190025023
9,40,0,1,1,7,260.81570522142584
9,44,0,0,0,3,234.01447740572232
9,45,0,0,0,4,231.5139055493059
9,51,1,0,0,1,239.5671970531787
9,52,1,0,0,3,245.49329466555417
9,59,1,0,0,0,239.79622534337594
9,2,1,0,0,4,243.26232381493742
9,5,0,0,0,7,235.54454141108616
9,9,0,1,1,6,262.09981032294667
9,10,1,1,1,4,272.01857559149596
9,12,0,1,1,3,258.77892654880424
9,14,0,1,1,3,264.5640979235532
9,20,1,1,0,1,253.0274418313969
9,21,1,1,1,7,271.98354080331114
9,25,0,1,0,2,248.26119589467675
9,26,0,0,0,5,231.09492430655712
9,33,1,0,0,7,254.52720246561125
9,40,0,1,0,4,242.66291197858993
9,43,0,1,0,5,246.30447470257408
9,44,1,1,0,2,254.8168731153659
9,46,0,0,1,1,243.33046772348735
9,55,0,1,1,0,253.3051783878964
9,56,0,1,1,0,250.40314417345223
9,57,0,1,1,2,254.5571214691438
9,59,0,0,1,0,243.89329216105762
9,10,1,1,0,6,260.0967484153633
9,12,0,1,0,3,247.8387132366653
9,17,0,1,1,4,256.24117509246355
9,18,1,1,1,2,272.7096883156893
9,19,1,1,1,1,270.36332383316324
9,22,1,0,0,6,253.67223113678625
9,25,0,0,1,6,240.23002983126057
9,26,0,1,1,5,256.4831741587404
9,27,0,1,0,7,258.3154141262953
9,29,1,1,0,6,256.4668161274171
9,36,0,1,0,4,242.57076978560121
9,37,0,1,0,5,241.37553462324217
9,40,1,1,0,7,274.3575045939388
9,44,0,1,0,2,245.92089018496728
9,47,1,0,1,4,257.9558382433904
9,48,0,0,1,3,249.66760762124287
9,51,0,0,0,4,231.07733064848696
9,52,0,0,0,5,232.5884575196781
9,8,1,1,0,5,258.4224973977046
9,17,1,0,0,5,248.58730698581977
9,27,0,1,0,2,243.4739384577599
9,31,0,1,0,4,246.01563294890065
9,32,1,1,0,7,276.24326992016495
9,40,0,0,1,7,259.68385031708317
9,41,1,0,1,5,256.89463711209623
9,43,0,0,1,4,237.02024483273243
9,44,0,0,1,5,241.70968293429922
9,47,1,1,0,6,263.99011761935935
9,48,1,1,0,2,252.36893868514312
9,1,0,0,0,5,233.97161313508056
9,2,1,0,0,0,241.8021987078893
9,6,1,1,0,2,261.97298697911464
9,7,1,1,0,4,262.4888944011473
9,9,0,1,0,3,250.21624984672013
9,13,1,0,0,2,241.57379022908205
9,17,0,1,1,2,258.591326690513
9,23,0,0,0,5,234.89283064285982
9,28,1,0,0,2,241.37788755370724
9,29,1,1,0,2,258.1684651010688
9,31,1,0,0,1,241.72634552712103
9,32,1,0,0,7,258.29194186862765
9,33,0,0,1,6,242.8071824783083
9,34,0,1,1,5,254.7334068666376
9,38,0,0,0,4,230.32059429267136
9,42,0,0,0,6,235.60586638368773
9,45,1,1,0,0,250.4868038882525
9,46,1,1,0,4,251.5682466320926
9,48,1,1,1,3,272.95717501349486
9,54,1,0,0,5,242.98219297926846
9,6,1,0,0,3,253.67543636566768
9,7,1,0,0,1,244.32611277522568
9,8,1,0,1,2,258.85860535730205
9,9,1,0,1,0,256.98411848774526
9,10,1,0,1,2,260.8329555199418
9,11,1,0,1,6,258.29759593639943
9,20,1,1,1,4,275.39593676792913
9,21,0,1,1,4,259.72008689616536
9,22,0,1,1,3,257.71324677305876
9,23,0,1,0,1,239.58586795398867
9,24,0,1,1,0,254.21653907493493
9,25,0,1,1,1,254.62193316123629
9,30,1,0,0,5,242.71552466307293
9,32,0,0,0,6,231.4924747310817
9,35,1,1,1,2,270.73702938132317
9,36,1,1,1,2,275.9066143612082
9,37,1,1,1,0,267.4281408002112
9,38,1,1,1,3,266.3084806460865
9,41,0,0,1,2,240.04484346295055
9,42,0,1,1,0,255.77774180862832
9,43,0,1,1,7,273.463499531794
9,44,0,1,0,3,243.454204263435
9,46,0,1,1,3,258.60282404979245
9,51,0,1,0,7,251.3299997856927
9,52,1,0,0,0,240.88758945250365
9,6,0,0,1,7,255.25358827738677
9,8,0,1,0,5,252.3498538258243
9,12,1,1,1,3,270.43084216894937
9,16,0,1,0,7,258.85229360943515
9,29,1,0,1,5,258.3513461355819
9,36,0,1,0,7,253.76701454210354
9,37,0,0,1,6,243.827995279284
9,43,0,0,0,7,239.91674226878246
9,48,0,0,0,7,237.82952546735828
9,50,0,0,1,7,253.74765978342296
9,55,0,1,0,7,258.23372319862386
9,58,1,0,1,2,255.8854200304352
9,59,1,0,1,7,274.86466665674646
9,1,0,1,1,4,257.7211414361999
9,2,1,1,1,7,273.06371815122355
9,11,1,0,0,6,248.3858810677525
9,13,0,1,0,1,244.74852112347807
9,14,0,1,1,7,274.6709371445074
9,29,1,0,1,2,257.1574164760492
9,31,0,0,1,1,239.60154800788666
9,32,0,0,0,2,232.48222940802225
9,36,0,1,0,2,247.23091496324673
9,41,1,1,0,6,263.069430727006
9,47,1,1,0,5,255.24205410217013
9,50,0,0,1,3,246.2223031496226
9,51,0,1,0,2,242.13411542000492
9,52,0,1,0,7,255.29128564204157
9,53,1,0,0,2,246.08015608858182
9,54,1,0,0,4,242.7288501775273
9,57,1,1,1,5,273.8524148192643
9,59,1,1,0,6,259.07755350501606
9,3,0,0,1,4,241.69134312532992
9,5,0,0,0,3,237.30966257524688
9,7,0,0,1,4,243.76432256402487
9,8,0,0,1,4,243.28024153494067
9,9,1,0,1,3,260.0798866195038
9,10,1,0,0,0,243.7982990841785
9,17,0,1,0,0,241.32685998010965
9,19,0,1,0,1,244.79350239648986
9,28,1,0,1,3,255.94620008140404
9,31,1,0,0,6,244.56453363475404
9,32,1,1,0,2,257.0810613600984
9,34,1,0,0,5,246.63949731511957
9,38,1,0,1,1,254.25284352672082
9,42,1,0,1,1,255.33679041982597
9,44,1,1,0,1,256.22460118043756
9,45,1,1,0,3,256.98471572438575
9,47,1,0,0,7,254.11521284894647
9,50,1,1,0,7,258.5390516355902
9,57,1,0,0,4,244.6826745230427
9,11,0,0,1,3,255.96412244101128
9,20,1,1,1,0,268.47067506847736
9,21,1,1,1,3,271.8850169911297
9,23,1,1,0,2,261.56560835931714
9,24,1,1,0,0,253.90231076042355
9,25,1,1,0,2,252.75606620064426
9,28,1,1,0,2,257.3777649720968
9,30,1,1,0,1,257.324386978448
9,31,1,1,1,4,275.043076279086
9,32,0,1,1,7,269.0700855978396
9,33,1,0,0,2,240.46697544039264
9,35,1,1,0,1,255.9513850009513
9,56,0,1,0,4,249.94496561069113
9,58,1,1,0,0,255.8480935450407
9,0,1,0,0,5,248.70236453911502
9,3,1,0,1,3,262.7978016249302
9,4,1,1,0,2,260.0357952045759
9,5,1,0,0,1,249.95695192281312
9,7,1,0,1,7,276.9043602557424
9,9,1,1,0,4,260.84627083330633
9,14,0,0,1,1,243.1133537472645
9,15,0,0,1,4,241.08283392842085
9,16,1,0,1,6,257.3277342223212
9,24,1,1,0,2,259.43179207250773
9,34,0,1,0,1,241.68424012316447
9,47,1,1,0,7,256.5721446511241
9,52,0,1,0,2,247.64716308236092
9,54,0,0,1,0,233.70629465739546
9,4,0,1,1,2,261.80233928024836
9,5,0,0,1,7,258.0246812387149
9,6,0,1,1,0,256.6643849349575
9,9,0,0,1,7,255.04441150821629
9,10,1,0,1,1,261.3138822917633
9,16,1,1,0,4,258.34581898546696
9,19,0,1,1,3,261.1007423118288
9,24,0,1,0,6,258.3124218987324
9,27,1,1,0,6,257.5692579767464
9,29,1,1,0,5,254.3650480123966
9,31,0,0,1,7,255.55369672288145
9,40,1,0,0,1,239.59747708946944
9,42,1,0,0,7,257.1881444130686
9,46,0,0,0,5,230.07691848394086
9,9,1,0,0,6,245.6920979333069
9,15,1,0,0,5,245.08368471622674
9,30,0,0,0,4,227.4382868565026
9,35,1,0,0,2,244.44509888716752
9,36,1,1,0,1,256.7917632920168
9,37,1,1,0,3,261.09354272693207
9,38,1,1,0,7,275.6672874275479
9,42,0,1,1,5,256.0050439255071
9,44,0,1,0,6,248.91358682519862
9,48,1,1,1,2,270.91252735849923
9,49,1,0,1,1,252.67529635103713
9,50,1,0,1,5,253.99373289590426
9,52,0,0,1,6,243.03783806209483
9,53,0,1,1,2,256.6295053136949
9,54,0,0,1,2,247.15017625216854
9,55,0,0,1,4,236.69395711859033
9,58,1,0,0,4,242.71550094857446
9,0,1,0,0,7,248.98028258028242
9,1,0,0,1,4,243.701043936208
9,2,0,0,1,4,243.76818128137802
9,3,0,0,1,3,247.60053412133465
9,7,0,1,1,7,272.24924496847655
9,11,1,1,0,5,264.5741418220433
9,13,0,1,0,7,251.59619608707942
9,14,1,1,1,7,285.9530578064448
9,39,0,0,1,1,239.33993838987647
9,53,1,1,0,0,253.3808654483277
9,54,1,1,0,2,260.5938569564614
9,55,1,0,0,2,247.48126426547148
9,56,1,0,0,5,244.58685234777727
9,59,1,0,1,1,255.17353068531554
9,0,1,0,1,4,258.6872353641042
9,2,0,0,1,3,247.3150718629503
9,7,0,1,1,4,258.7040971799164
9,8,1,1,1,5,271.1935257358596
9,15,1,1,1,2,276.13334738809993
9,17,1,1,0,6,260.5597630015938
9,20,1,0,0,3,240.41646266647604
9,24,0,0,0,6,235.03204957281477
9,33,1,0,0,5,249.19618540257682
9,41,0,1,1,7,273.49752008521716
9,42,1,1,0,5,263.6955831426367
9,43,1,1,1,4,272.07025820340436
9,44,0,1,1,1,255.54229952532256
9,49,0,1,0,5,249.10560809130044
9,51,0,0,1,2,239.96733554388797
9,52,0,1,1,0,252.98208388678563
9,53,0,1,1,6,258.35962860705274
9,54,0,1,1,6,256.534701760036
9,56,1,0,1,7,274.50620113386617
9,59,1,0,0,1,240.89042576805056
9,2,1,0,1,1,255.19190258331645
9,3,1,0,0,2,248.28180549486245
9,4,1,1,0,6,260.58011051495816
9,11,1,1,0,3,263.4870218857629
9,14,1,0,0,0,240.7733318749846
9,24,0,0,1,2,242.26635756413876
9,25,0,0,1,5,240.1254169011255
9,27,1,0,0,3,245.98172289506576
9,37,0,1,1,6,255.54684397810885
9,38,1,1,1,1,269.6079624486698
9,42,1,0,0,1,244.52801570683906
9,45,1,1,0,4,255.39084988960602
9,50,0,1,0,0,237.56464300088666
9,57,0,1,1,5,256.7521416163757
9,58,0,1,0,1,245.18549229030438
9,0,0,1,1,7,269.0353797970277
9,3,0,1,0,2,247.01262014500884
9,11,0,0,0,6,232.26665702906905
9,13,1,0,0,4,246.3434512194986
9,18,0,1,1,1,256.0381848280854
9,21,0,1,0,6,250.24953950289557
9,22,0,1,0,6,243.47869931433027
9,32,1,1,0,6,262.3946636081895
9,34,1,0,0,7,256.15747298041094
9,36,1,0,0,1,243.63934734170053
9,37,1,0,0,4,241.59033682031958
9,42,1,1,0,1,257.738892033055
9,43,1,1,1,1,269.8936356959497
9,44,1,1,1,2,270.9412060441049
9,45,1,1,1,2,271.7206599617718
9,48,0,0,1,5,245.83562695241673
9,57,1,0,0,6,249.82322287606937
9,1,0,1,0,6,249.40504972693398
9,3,0,0,1,6,246.93585470851764
9,4,0,1,1,1,259.68456852878853
9,5,0,1,1,2,262.5890279916951
9,6,0,1,1,5,258.3933480558604
9,7,1,1,1,3,276.81461449308165
9,14,1,0,0,5,244.75508922874474
9,15,1,0,1,3,273.94190960128105
9,19,1,0,1,2,261.126772105536
9,20,1,0,1,6,272.6056285610234
9,22,0,0,1,6,242.56135923073535
9,23,0,1,1,7,270.6141291317016
9,33,0,1,0,7,261.0836208314963
9,36,0,0,1,5,243.12444424742458
9,49,1,0,1,4,256.1978505395256
9,50,0,0,1,6,242.02483760499828
9,51,1,1,1,6,271.6787285700093
9,52,0,0,1,0,238.75951592398337
9,53,0,0,1,6,254.18431295834708
9,54,0,1,1,4,256.44931851938895
9,55,0,1,1,2,254.57976325979504
9,59,1,1,1,1,269.75641292920693
9,0,1,1,1,7,270.9871010246727
9,1,0,1,1,7,254.50899169942417
9,6,0,1,0,4,247.00470532428866
9,11,0,0,0,0,229.42821239188297
9,20,1,0,1,5,255.82861775265786
9,26,1,0,0,3,250.56278240397114
9,27,1,0,1,7,254.73966295073072
9,29,1,1,0,4,254.84750254416812
9,31,0,1,0,3,250.4702776962407
9,35,0,1,1,0,255.4389706756204
9,36,0,1,1,3,257.9213730515849
9,48,0,0,1,7,258.34919174878314
9,51,0,0,1,6,241.02365184688088
9,5,1,0,1,2,261.32869098070495
9,6,1,1,1,1,273.78660372980687
9,8,1,1,0,6,263.92087722142196
9,13,1,0,0,6,245.22212295147847
9,25,0,0,0,6,235.2154197563653
9,36,0,0,1,4,242.69476567629636
9,38,1,0,0,2,241.74733365023667
9,44,1,1,0,3,257.34348681059856
9,47,0,1,1,5,256.33650296615457
9,53,0,1,0,2,244.1782286115041
9,56,1,0,0,4,246.51602534868434
9,4,0,1,0,3,249.7506670269629
9,13,1,1,0,4,255.32542383048292
9,16,1,0,0,6,249.46946766651428
9,23,1,1,0,1,253.87617972523984
9,27,1,1,0,2,262.42098648270326
9,36,0,0,1,3,239.5346635270044
9,38,0,0,1,6,240.49290311677572
9,41,0,1,1,0,255.77638779898368
9,42,0,1,1,3,261.0848549817717
9,43,0,0,1,5,240.7272894183544
9,44,1,0,0,0,240.72650449767724
9,45,1,0,0,1,239.8140938109441
9,47,0,1,1,1,253.56953094240822
9,48,0,1,0,5,243.36165601407822
9,49,0,1,1,3,254.35930662555208
9,54,1,1,0,5,259.64115210082554
9,56,1,1,0,4,256.41745148644287
9,8,0,1,0,6,251.28154700021636
9,11,0,1,1,7,258.1279429157412
9,17,1,0,0,6,246.2729407640204
9,24,1,1,0,7,276.0516822147938
9,36,1,0,1,4,254.29080394476102
9,38,1,0,0,0,238.48271224967817
9,39,1,0,0,3,245.79030082693683
9,40,1,1,0,6,258.9396048463607
9,47,0,0,1,7,254.01693763062698
9,48,1,0,0,3,237.0710919030721
9,51,0,0,1,4,243.79648638826842
9,53,0,0,1,4,244.56489313128972
9,57,1,1,0,7,277.795847756051
9,12,1,0,0,3,242.10818447375598
9,13,1,1,1,6,274.04290169352896
9,15,0,0,1,1,240.84403724917732
9,17,0,0,1,1,244.97474752960076
9,21,0,1,0,7,256.9165346774526
9,28,1,1,0,3,260.4539898649542
9,29,1,0,0,7,248.7592830363944
9,34,0,1,0,4,240.41379594417754
9,37,0,0,1,2,233.9751339247803
9,38,0,0,1,4,239.75127278397034
9,39,1,0,1,7,269.04479125284956
9,41,1,0,0,0,241.37605648492848
9,43,1,1,1,7,285.3808835800175
9,45,1,1,1,7,272.67383990099796
9,46,1,0,1,3,258.4570084133697
9,47,1,0,1,7,258.1680175943045
9,54,1,0,0,3,246.58554984828598
9,3,1,1,0,5,258.89347164353563
9,5,1,0,0,5,247.1815526040223
9,7,0,0,1,6,248.99955531841314
9,8,0,0,1,1,240.37871280272083
9,13,0,0,0,6,235.0703838971044
9,15,1,0,0,1,243.2459009022412
9,16,1,0,0,1,243.11028835520568
9,18,1,0,0,2,240.69112030304774
9,21,0,0,0,4,225.2547406238783
9,23,0,0,1,1,241.05581136231555
9,43,1,0,1,6,259.2130105784679
9,44,0,1,1,2,254.45276554604635
9,45,0,1,1,4,251.66978181176057
9,46,1,1,1,2,272.5088482616925
9,47,1,0,1,2,253.6225246108634
9,48,1,0,1,5,259.0751258788479
9,51,1,1,1,0,263.1399850008141
9,52,1,1,1,2,269.1765819670899
9,53,1,1,1,3,270.79130278381894
9,55,1,1,0,1,257.71942637134197
9,15,1,1,0,0,255.47267758811552
9,18,1,1,0,1,254.30671954640096
9,19,1,1,1,4,273.17659808005243
9,20,0,1,1,1,254.72673233237435
9,21,0,1,1,7,277.09358931507
9,32,0,1,0,5,245.4936428187632
9,56,1,0,1,3,259.0731712366611
9,58,1,0,1,7,255.7032021714481
9,0,1,0,0,4,249.5610372911103
9,2,1,1,0,1,257.8463986314829
9,10,0,1,0,3,252.1737479162669
9,16,0,0,1,0,238.2204868260448
9,18,1,0,1,5,260.29424317838874
9,23,0,1,1,0,251.91329584213057
9,24,0,1,1,2,255.60755998417028
9,25,0,1,1,5,255.45108728425643
9,31,1,0,0,3,245.27432483293836
9,34,1,0,1,1,253.58719836909194
9,43,1,0,0,4,243.4700890185859
9,58,1,1,1,2,272.32633685995097
9,59,1,1,1,0,266.54320415101506
9,0,1,1,1,1,269.17826464794865
9,2,0,0,1,1,240.96929053991883
9,4,0,0,1,4,244.6582299907905
9,6,1,0,1,6,264.851647761347
9,8,0,0,1,2,243.20423565285685
9,11,1,1,0,7,268.4281192127685
9,12,1,0,1,6,262.3540901188251
9,15,0,0,1,7,255.29010705436664
9,21,1,1,0,5,254.66471503406697
9,34,0,0,1,0,236.24862443191822
9,38,1,1,0,1,254.61991756000063
9,41,1,0,1,0,255.38163153414658
9,42,1,0,1,4,254.68533145356452
9,44,1,0,1,3,257.2833463710001
9,46,0,0,1,6,245.21644794903435
9,49,1,0,0,7,250.07214122450682
9,51,1,1,0,1,253.74804097137135
9,52,1,1,1,4,267.75700180756735
9,53,0,1,1,3,255.9518866008991
9,54,0,0,0,7,233.1092318558321
9,55,1,1,0,4,256.91354278283893
9,0,0,1,0,0,242.7202174899464
9,24,1,0,0,3,242.87001251508084
9,26,1,1,1,2,268.90217596391693
9,30,0,0,1,4,240.12469122593816
9,31,0,0,1,5,245.13472739195416
9,35,0,0,1,4,239.1893285509102
9,36,1,0,1,7,268.2929061770574
9,38,0,1,0,3,239.14852503295913
9,39,0,0,0,2,226.25294324929294
9,44,0,1,0,4,242.33871388440028
9,49,1,0,1,7,254.74942282325247
9,54,1,0,1,5,256.00770012643494
9,2,1,0,0,5,243.5118205083088
9,3,0,0,1,5,249.92218073605278
9,6,0,0,0,1,232.78556178846918
9,8,0,0,1,7,257.51426365790724
9,11,0,1,0,6,250.9159666456187
9,16,1,0,1,4,258.0905486753339
9,17,0,0,1,7,242.80021198478593
9,19,0,0,0,3,232.8265257025838
9,31,1,1,0,3,259.2118495866701
9,34,0,1,0,5,236.95863175407843
9,43,1,0,0,7,256.1983172365803
9,48,0,1,1,6,257.3946449010498
9,50,0,0,1,4,244.67181202721048
9,28,0,1,1,7,272.3366791660276
9,32,0,1,0,4,242.57572855223296
9,37,0,0,1,7,245.64782308891142
9,39,1,1,0,0,254.375881992871
9,40,1,1,0,4,254.29963789913634
9,43,0,0,1,0,238.13457179107814
9,52,1,0,1,3,251.82958930463784
9,53,1,0,1,6,254.55338354176257
9,54,0,1,1,3,260.67408727036707
9,59,1,1,0,2,259.5397152208588
9,6,0,1,0,6,253.52484546922165
9,9,0,0,0,4,234.03888293672327
9,18,0,0,1,4,244.57196211385954
9,23,0,0,0,1,228.6375762113192
9,25,0,0,1,3,239.01675467370026
9,30,1,0,1,7,270.5577299936272
9,40,1,0,1,5,257.1397867821213
9,41,1,0,0,6,245.24853314015826
9,43,1,0,0,3,250.77903308650534
9,44,1,1,1,0,269.3715092500455
9,52,1,0,0,1,243.44934290716725
9,53,1,0,1,0,250.13165519516798
9,55,0,0,1,6,237.80570251782825
9,59,0,1,1,0,253.94989193331207
9,12,0,1,1,5,264.9247780273294
9,30,1,0,0,7,256.7444491956159
9,42,0,1,0,7,261.9803502187192
9,43,1,1,0,5,259.18521265803884
9,47,0,0,1,2,243.17804291024885
9,49,1,1,1,5,269.11582710204783
9,54,1,0,1,2,251.5617533742465
9,55,1,0,1,3,254.81157569761882
9,1,1,1,1,0,268.0533694552513
9,2,1,1,1,0,269.5050792276715
9,3,1,1,1,7,288.73693926724263
9,10,1,1,1,7,272.8131263964564
9,11,1,1,1,0,266.1939116295472
9,12,1,1,1,4,272.3052177814985
9,15,0,1,1,6,258.750764015923
9,28,0,0,1,6,243.71169009232742
9,29,1,1,1,1,267.9648928550516
9,39,0,0,1,3,246.78036881286542
9,40,0,1,0,3,249.14227860085856
9,48,0,0,0,3,235.2618743067659
9,59,1,0,1,5,260.99412237251204
9,4,1,1,0,3,260.0379160598332
9,5,1,1,0,3,260.03744001403254
9,6,1,0,0,2,249.13625028728012
9,17,1,1,0,5,258.8685742196314
9,19,0,1,0,4,244.647681623932
9,22,1,1,0,3,259.57120809533706
9,23,1,1,0,7,274.3475818314308
9,24,1,1,0,4,256.8322978829984
9,33,0,1,0,0,238.60449191283854
9,37,0,1,1,5,254.1012774847681
9,45,0,0,0,1,230.53534547761822
9,3,0,1,1,4,259.80833489029396
9,4,1,1,1,5,272.9807022242619
9,8,1,0,1,1,258.35429239422956
9,9,1,0,0,7,257.1562052131073
9,14,1,1,0,3,264.96937837613575
9,15,1,0,0,0,243.93729143932285
9,19,0,0,1,7,257.4270619919517
9,20,0,1,0,1,242.57077226864152
9,24,1,0,0,4,244.56303171707728
9,29,1,0,1,3,258.2373532297332
9,32,1,0,0,1,239.37801743472465
9,40,1,1,0,2,259.9441231339878
9,42,0,0,0,7,240.35195886603844
9,55,1,0,0,1,242.43842687530648
9,56,1,0,1,0,254.96825792553884
9,57,1,0,1,4,255.37044747275493
9,58,0,0,1,2,242.62003448811464
9,4,0,0,0,3,234.07698412427817
8,5,0,0,0,7,236.87723898028264
8,6,1,0,0,1,240.87467108406616
8,7,1,0,0,4,244.47077886168447
8,8,1,0,0,3,240.49908884467314
8,9,1,1,0,5,259.5331819152308
8,10,0,1,0,3,247.4267922948141
8,11,0,1,0,5,244.98469145472615
8,12,0,1,0,2,244.4783382547182
8,13,0,0,0,6,237.04743114066835
8,14,1,0,0,7,240.68903092565196
8,15,1,1,0,6,257.2097733236211
8,16,1,1,0,7,267.15667658140137
8,17,0,1,0,7,254.22123390351555
8,18,0,0,0,4,225.05809142996586
8,19,0,0,0,3,225.91414278532775
8,20,0,1,0,3,246.1909276897285
8,21,0,0,1,0,240.26929886352957
8,22,0,0,1,6,242.91131349913059
8,23,1,1,1,0,268.6959579471505
8,24,1,1,1,2,273.4326586972466
8,25,1,0,1,1,258.8847954289402
8,26,1,0,0,1,242.04382923080763
8,27,1,0,0,1,241.84311089138313
8,28,1,0,0,5,245.47568920074576
8,29,0,0,1,0,240.83485840756651
8,30,0,0,1,3,242.52073578851687
8,31,0,0,0,2,228.87518836032274
8,32,0,0,0,0,230.499659883415
8,33,0,0,0,4,228.67792384520376
8,34,0,0,0,1,229.2057303300623
8,35,0,0,0,4,227.75893766353877
8,36,0,0,0,6,233.4171060355215
8,37,0,1,0,7,252.65938546615857
8,38,0,0,0,5,226.97532229759594
8,39,0,0,0,7,236.87108562651085
8,40,0,1,0,3,245.0794599451346
8,41,0,0,0,7,241.85178510326315
8,42,0,1,0,0,236.84563683495205
8,43,0,1,0,3,239.88084317527006
8,44,0,1,0,2,239.6487293378022
8,45,0,1,0,2,242.60832950077966
8,46,0,1,0,3,246.70634639268374
8,47,0,0,0,2,223.29786614820807
8,48,0,0,0,4,226.03185929123163
8,49,0,0,0,5,230.01190467196184
8,50,0,0,0,7,243.15348236873575
8,51,0,0,0,7,242.0380188849457
8,52,0,1,1,1,252.2798690776314
8,53,0,1,0,3,239.87459516393994
8,54,0,0,0,3,225.93319273195738
8,55,0,0,0,7,240.0008911287258
8,56,0,0,0,2,224.90859165695727
8,57,0,1,0,0,239.01970415268386
8,58,0,1,0,6,238.51862874252924
8,59,0,0,0,1,224.92942162121588
8,0,0,0,0,7,242.2815091569288
8,1,0,0,0,5,223.81785654996975
8,2,0,0,0,6,230.22594864909556
8,3,0,0,0,7,243.6132401451575
8,4,0,1,0,1,238.93742182484382
8,5,0,1,1,3,254.05436946407028
8,6,0,1,0,1,238.7782131941652
8,7,0,1,0,6,246.09175838622087
8,8,0,1,0,3,239.78060400690228
8,9,0,0,0,5,231.05596272276622
8,10,1,0,0,5,247.5479765924782
8,11,0,0,1,4,240.42690744368898
8,12,0,0,1,6,242.33624885917737
8,13,0,1,1,6,265.63413681814455
8,14,0,0,1,3,242.07675289890636
8,15,0,0,0,3,234.2974253512108
8,16,0,1,0,6,240.89432610217523
8,17,1,1,0,7,269.49711685171735
8,18,0,1,0,1,241.6817548971102
8,19,0,1,0,0,240.8314343976675
8,21,0,1,0,2,248.0775430910219
8,22,0,1,0,7,255.65016706433752
8,23,0,0,0,0,228.14385757460673
8,24,0,0,0,5,231.01076867506652
8,25,0,0,0,6,228.01766232018045
8,26,0,0,0,0,226.45718890375863
8,27,0,0,0,0,227.50491997106724
8,28,0,0,0,7,241.60395009056012
8,29,0,0,0,1,232.0438287063729
8,32,0,0,0,4,230.5670557789763
8,33,0,0,0,2,233.75372143652072
8,34,0,1,0,6,259.1017528798395
8,35,0,0,0,7,242.407086826418
8,36,1,1,0,7,267.0006541395312
8,37,1,0,0,4,238.3334324650396
8,38,0,0,0,1,226.62134692489926
8,39,0,0,0,1,226.18494778200915
8,40,0,0,0,7,236.27172282726684
8,41,0,0,0,4,226.78314179791772
8,42,0,0,0,4,222.54538444301934
8,43,0,0,0,3,228.78128542758662
8,45,0,0,0,5,224.78576712403753
8,46,0,0,1,7,252.96061751872026
8,47,0,0,0,1,224.40636261548093
8,48,0,0,1,5,240.12004416922366
8,49,0,0,0,7,242.90548555518976
8,50,0,1,0,4,238.1976541603767
8,51,0,1,0,4,241.0856608956341
8,52,0,1,0,6,242.16738094101945
8,53,0,0,0,4,226.09716468724662
8,54,1,0,0,7,251.38795381434247
8,55,0,0,0,6,230.51268171761487
8,56,0,0,0,4,226.53766040051806
8,57,0,0,0,6,231.35887751192067
8,58,0,0,0,2,227.297769821576
8,59,0,0,0,2,230.1272419423479
8,0,0,0,0,2,226.53818672467
8,1,0,1,0,1,236.27655644627478
8,2,0,1,0,3,240.83491063326557
8,3,0,0,1,2,241.12764096505066
8,4,0,1,1,0,253.4371864927709
8,5,0,1,1,7,266.1415900290002
8,6,0,0,0,0,224.33280019609458
8,7,0,0,0,1,227.26308627093022
8,8,0,0,0,1,226.6341329183866
8,9,0,0,0,7,236.8946654049405
8,10,0,1,0,7,241.43701905630786
8,11,1,0,0,6,241.0601430073767
8,12,0,0,0,2,230.08463414596454
8,13,0,1,0,7,255.4619395915703
8,14,0,0,0,2,228.37370454751448
8,16,0,1,1,3,258.58051969265455
8,17,0,0,0,0,225.2793071413256
8,18,0,0,0,0,226.91232098883586
8,19,0,0,0,5,231.26657289673693
8,20,0,0,1,4,240.54549225033387
8,21,1,0,1,6,266.9403113989403
8,22,0,1,1,4,259.34145664867077
8,23,1,1,1,5,276.7647531628324
8,24,0,1,0,6,244.76036812457647
8,25,1,0,0,7,249.63053995606825
8,26,1,0,1,3,258.82529197243474
8,27,1,1,0,2,256.5168019624838
8,28,1,0,0,4,244.76693318510632
8,30,0,0,1,2,239.20638930757715
8,31,0,0,1,6,244.18352068417673
8,32,0,0,1,2,246.668281170446
8,33,0,1,1,5,259.20429595610227
8,34,0,1,0,0,239.29750704093078
8,35,0,1,0,0,238.27881430887294
8,36,0,1,0,4,241.79487914635075
8,37,1,1,0,1,254.67337437447148
8,38,1,1,0,3,251.49719609291742
8,39,1,1,1,3,269.3366418679557
8,40,1,1,1,3,272.8704582594091
8,41,1,0,0,4,237.51541356764127
8,42,1,0,0,7,253.87363838730116
8,43,1,0,1,2,258.13078039032456
8,44,1,0,1,7,272.3809799974695
8,46,0,1,0,4,244.24440594781476
8,47,0,1,0,1,238.06418976668263
8,48,0,1,0,4,238.07920215932594
8,49,0,1,0,7,253.44120533679055
8,50,1,1,0,1,250.35664727519574
8,51,1,1,1,2,267.3177706055841
8,52,1,1,1,5,270.5281817531318
8,53,1,1,1,7,266.6066399325372
8,54,1,1,0,4,251.5037904138581
8,55,0,1,0,3,237.71472188392687
8,56,0,0,0,3,225.31951871092963
8,57,0,0,0,2,224.46539812385114
8,59,0,0,0,7,239.7997137601623
8,0,0,0,0,6,230.94431383037926
8,1,1,0,0,4,239.68011599297995
8,2,0,0,0,7,235.8338621362595
8,3,0,1,0,2,242.11163642059478
8,4,0,1,0,3,245.80782880778997
8,5,0,1,0,1,240.49789426639157
8,6,0,1,0,4,237.85197247520628
8,7,0,1,0,4,241.02737658157815
8,8,0,1,0,2,246.3305864560368
8,9,0,1,0,5,242.3699485843986
8,10,0,1,0,0,238.3352374705397
8,12,1,1,0,5,256.7310570765937
8,13,0,1,0,6,244.8446238834607
8,14,0,0,0,4,223.34617849949754
8,16,0,1,0,7,260.36432821278845
8,17,1,1,0,1,258.6847574553041
8,18,1,1,0,6,255.7472885644769
8,19,0,0,0,6,230.7965553201513
8,20,0,0,0,1,222.66494356020058
8,21,0,0,0,3,230.88785969038358
8,22,0,0,0,7,244.03155287049887
8,23,1,0,0,2,241.38586837437373
8,24,1,0,0,0,239.4541321253594
8,26,0,1,0,4,241.24200599607633
8,27,0,1,0,6,244.82903054324998
8,28,1,0,0,0,241.72024532672415
8,29,1,0,0,5,244.66463023118044
8,30,0,0,0,1,229.19253029034198
8,31,0,0,1,4,242.62063479148497
8,32,1,0,1,3,261.10696378150277
8,33,1,1,0,2,259.1481606562045
8,34,1,0,0,7,245.1715738204688
8,35,0,0,0,5,229.17377770310802
8,36,0,0,0,4,226.2003782617893
8,37,1,0,0,6,237.83570261701223
8,38,0,1,0,6,251.0217144107161
8,39,1,0,0,1,235.64396184812048
8,40,1,0,0,7,241.01629754111042
8,41,0,1,0,4,239.6265941186308
8,42,0,1,0,7,256.3950482507889
8,44,0,0,0,2,228.77084436692635
8,45,0,1,0,4,237.76465555678757
8,46,0,1,0,0,236.51708441148693
8,47,0,1,0,4,238.88631004531783
8,48,0,1,0,5,237.53941481658822
8,49,0,1,1,6,255.30268558223105
8,50,0,0,1,6,239.20312520010094
8,51,0,1,1,2,252.8551606808506
8,52,0,0,1,2,237.48012849098419
8,53,0,1,1,3,254.43042742765803
8,54,0,1,1,5,253.39161062889428
8,55,0,1,0,1,241.52337281370444
8,56,0,1,1,1,252.35908910541306
8,57,0,1,1,3,252.64576977037592
8,58,0,1,0,4,239.71242775311921
8,59,0,1,0,4,237.25170815160243
8,0,1,1,0,0,253.09139634822978
8,1,1,1,0,5,259.39572973156777
8,2,1,1,0,5,253.49002012247024
8,3,0,1,0,1,239.98033845020794
8,4,0,1,0,2,238.7236500833969
8,6,0,0,0,1,227.2408847167751
8,7,0,0,0,5,225.70793773940068
8,8,1,0,0,7,252.65815943434552
8,9,0,0,0,6,227.02055599391977
8,10,1,1,0,7,273.38805697298693
8,11,1,1,0,2,255.84236539246078
8,12,1,0,0,6,242.52502013039123
8,13,1,0,0,5,241.82923065852734
8,14,0,0,1,0,239.73833352230164
8,15,0,0,1,3,239.19011969952237
8,16,0,0,1,5,238.8635582625878
8,17,1,0,0,3,242.40455140011437
8,19,1,1,0,1,254.81098495608217
8,20,1,1,0,3,254.78217911487852
8,21,1,1,1,3,273.9933303132271
8,22,1,0,0,4,243.26124129863365
8,23,0,0,0,3,233.70133744673376
8,24,0,0,1,7,246.9375249878939
8,25,0,1,0,1,239.2491518332715
8,27,0,1,0,4,244.32381060779772
8,28,1,1,0,4,255.05784754314445
8,29,1,1,0,7,273.19214857394223
8,30,0,1,1,5,261.56736530219223
8,31,0,1,0,0,242.57841072885063
8,32,0,1,0,5,247.60725164991308
8,33,0,1,0,0,240.80559302490582
8,34,0,1,0,1,245.15605891072826
8,35,0,1,1,3,258.2812365523033
8,36,0,0,0,1,226.40745590003237
8,37,0,0,0,2,226.80596772477185
8,38,0,0,0,7,238.95377847842252
8,39,0,0,0,3,229.28437529496625
8,40,0,1,1,4,256.267878116496
8,41,0,1,1,2,253.30037948409085
8,42,0,0,1,6,237.39932708221542
8,43,0,0,1,6,240.6379308522001
8,44,1,1,1,6,272.224144297276
8,45,0,1,1,3,251.88320139833044
8,46,0,0,0,4,225.79420613033778
8,47,0,0,0,5,228.5848515037946
8,48,0,0,0,1,225.01119000896574
8,49,0,0,0,1,223.93109975095376
8,50,0,0,0,6,230.5191783280616
8,51,0,0,0,5,223.7648390793097
8,52,0,0,0,6,230.18049586496474
8,53,0,1,0,6,245.36158044220187
8,54,0,1,0,0,233.38438942177868
8,55,0,1,0,6,237.84071707767293
8,57,0,0,0,1,222.51622071280661
8,58,0,0,0,7,238.55143470522498
8,59,0,0,0,4,222.28139020238748
8,1,0,1,0,0,235.80933922370377
8,2,0,1,0,4,237.3765770605476
8,3,0,1,0,3,243.55775056557405
8,4,0,1,0,5,237.73444902119448
8,6,0,1,0,6,249.99638757950308
8,7,0,0,0,0,223.23522226355095
8,8,0,0,0,3,228.36914696308122
8,10,0,0,0,6,239.21929682512513
8,12,1,1,0,1,256.16091639989435
8,13,1,1,0,7,267.17400997567023
8,14,0,1,1,6,255.71675759097184
8,15,1,0,1,2,258.4862685617336
8,16,1,0,1,7,266.67963204656036
8,17,0,1,0,6,241.00880424367443
8,19,1,0,0,1,240.61913205955844
8,20,1,0,0,3,247.57046855770506
8,21,1,0,0,4,241.49759437863082
8,23,0,1,1,0,259.6992062621664
8,24,0,1,1,5,258.38720110211403
8,25,0,1,0,0,239.6814310796077
8,26,0,1,0,3,243.7232953311284
8,27,0,0,1,2,244.27299478290115
8,28,0,0,1,5,245.30117118298224
8,29,1,0,1,6,267.84592686656254
8,30,1,0,1,0,253.61379486578562
8,31,1,0,1,3,258.4036656965022
8,32,1,1,1,4,274.97257791283914
8,33,0,1,1,0,255.23402514816448
8,34,0,1,1,3,253.70985127648595
8,35,0,0,0,3,231.37843974232146
8,40,0,0,1,4,237.86814344205862
8,41,1,0,1,4,253.63778264977728
8,42,0,0,1,3,236.21988038781495
8,43,0,0,0,1,228.03386602124837
8,44,0,0,0,7,236.1565869299286
8,45,1,1,0,1,252.92835544120678
8,46,1,1,0,4,256.7974475722915
8,47,0,1,0,5,241.3873845006215
8,49,1,1,0,7,263.4320270912668
8,52,0,0,0,7,240.48228865529168
8,53,0,1,0,7,255.9541924627655
8,54,0,0,0,4,224.22357848307252
8,55,0,0,0,4,221.72792911294516
8,56,1,0,0,5,238.3910320866499
8,59,0,1,0,7,243.18651274018669
8,0,0,0,1,0,236.2345211677945
8,1,0,0,1,5,237.58572778861532
8,2,0,0,0,2,227.06878961890203
8,3,0,1,0,0,236.34710584787828
8,5,1,1,0,1,253.93059310030887
8,6,1,1,0,2,254.11383991678042
8,7,1,0,0,7,240.78130058006698
8,10,0,1,1,3,253.250548453148
8,11,0,1,0,7,256.45141172159134
8,13,0,0,0,3,229.97512074466383
8,14,0,0,1,2,243.17406849226782
8,15,0,1,1,6,255.3597358525143
8,16,0,0,1,6,238.56770756623493
8,17,0,0,1,2,242.13248226244517
8,18,0,0,1,5,239.84299764112393
8,19,0,0,0,2,227.51963954320976
8,20,0,0,0,4,224.70282965585577
8,21,0,0,0,1,225.5706224015645
8,22,0,0,0,5,234.86135610188512
8,23,1,0,1,5,256.415050022714
8,24,0,0,0,2,229.28149931265855
8,27,0,0,0,5,236.32175404655683
8,28,1,0,1,7,271.284621187178
8,29,0,0,0,6,234.5781386384241
8,30,0,1,0,3,246.04948486462249
8,31,0,1,0,1,243.68617224215774
8,32,0,1,0,6,251.51301280981778
8,33,1,0,0,3,239.7712684040252
8,34,1,1,1,6,272.76732672802683
8,35,0,0,1,1,241.00197387687544
8,36,0,0,0,0,224.62265004177067
8,37,0,0,0,3,233.44212822773434
8,38,0,1,0,1,236.68160235864522
8,39,0,1,0,4,238.363298788051
8,40,0,1,0,0,235.89154331463087
8,41,0,1,0,3,243.60296249199104
8,42,0,0,0,7,239.9053635961805
8,43,0,1,0,6,242.95769038955405
8,44,1,0,0,2,238.50257131355588
8,45,1,1,0,4,252.51446859957616
8,46,0,1,0,7,257.2836222013834
8,48,0,0,0,6,231.134146934207
8,49,0,1,0,2,242.0151533643736
8,50,0,1,0,1,236.9472310203666
8,51,0,1,0,3,244.23320646189737
8,53,1,1,0,2,250.867531815436
8,54,1,1,0,3,252.61554224563693
8,55,1,1,0,0,252.80180037761724
8,56,1,1,0,2,254.86379915817702
8,57,1,1,0,4,251.9988861229801
8,58,0,1,0,1,240.60568873187788
8,59,0,1,0,6,253.64120771396088
8,0,0,1,0,0,236.94861475502648
8,1,0,1,0,7,252.9390365126167
8,2,1,0,0,5,242.0166616217844
8,3,1,0,0,1,237.99977222672558
8,4,1,0,0,5,243.69873195938314
8,5,1,0,1,7,255.89646940707865
8,6,0,1,1,5,258.5721932970687
8,8,0,1,0,5,243.05741846311403
8,9,0,1,0,6,247.46419030104565
8,10,1,0,0,7,261.347767962164
8,11,0,1,0,3,244.95059139186705
8,12,0,0,0,1,225.48719860740687
8,13,0,0,0,4,229.0138970325036
8,14,0,0,0,3,223.11543033058612
8,15,0,0,0,6,233.6560084211519
8,16,0,1,0,2,242.0795688139355
8,17,0,1,0,2,241.4008593700081
8,19,0,1,1,5,258.74689490994894
8,20,0,1,0,2,241.2621912649694
8,21,0,0,0,7,230.75412384115825
8,22,0,0,0,0,228.20295936275633
8,23,0,0,0,5,233.51453818814784
8,25,1,0,0,4,243.517514674088
8,26,0,0,0,3,231.3345123521144
8,27,0,0,0,6,236.1657928355807
8,28,0,0,0,1,228.51438614711554
8,29,0,0,0,0,226.32389434777932
8,30,0,0,0,3,230.66585911587393
8,31,0,1,0,2,239.4222555917784
8,32,0,0,0,6,235.0104869846694
8,33,0,1,0,2,247.00700306456403
8,34,0,0,0,7,244.05017425278493
8,35,1,0,0,5,241.22221686866766
8,36,1,0,0,6,243.25782574585813
8,37,0,0,0,7,241.08375397093408
8,39,0,0,1,1,237.457128212295
8,40,0,0,1,3,240.0883806212419
8,42,0,0,0,3,229.22282611888042
8,44,0,0,0,0,225.1018582147719
8,45,0,0,0,2,230.60143540015594
8,46,0,1,0,2,239.93497029630333
8,48,0,1,0,7,253.23155842961486
8,50,0,0,1,2,238.54180628415804
8,51,0,0,1,6,243.9283618424609
8,53,0,0,1,5,241.19605518148242
8,54,0,0,0,6,225.68278000033487
8,56,0,0,0,7,239.71332271298385
8,58,0,1,0,0,236.0420253398688
8,59,0,1,0,2,243.02098982629877
8,0,0,0,0,5,229.62223542877078
8,1,1,0,0,7,254.22417260332378
8,2,0,0,0,0,224.3538093104299
8,3,0,0,0,6,232.0284231190572
8,5,0,0,1,5,240.4751207410301
8,6,0,0,1,7,238.84557772300542
8,7,1,0,0,1,238.85046304112637
8,8,1,0,0,5,239.75895692832205
8,9,0,0,0,0,222.5536172893457
8,10,0,0,0,0,223.21663426012296
8,11,0,0,0,4,225.76926863133522
8,12,0,0,0,4,225.25229672956922
8,13,0,0,0,0,224.25571690387775
8,14,0,0,0,6,228.05176191382148
8,15,0,1,0,6,249.2469586540263
8,16,0,1,0,1,241.20188824800525
8,19,1,0,0,7,257.21075078601103
8,20,1,0,0,5,244.0621610248833
8,22,0,0,0,6,230.41673568028
8,23,0,1,0,1,242.874374061693
8,24,0,1,0,7,264.322612522687
8,25,0,0,0,2,231.9649551669673
8,26,0,1,0,5,246.1754374517841
8,27,0,1,0,3,248.77061613768151
8,28,0,1,0,7,255.60847417073455
8,29,1,1,0,1,256.77425115591245
8,30,1,1,0,0,254.80064520591975
8,31,1,1,0,5,257.5386048683569
8,32,0,1,0,7,257.00693394900986
8,33,1,0,1,7,267.82413268357743
8,34,1,0,1,6,260.54886454836435
8,35,0,0,1,6,239.64589082307342
8,36,0,1,1,6,256.00596518703446
8,37,0,0,1,6,240.28288022438818
8,38,0,0,1,3,243.22407830896026
8,39,0,0,0,5,226.9715910817779
8,40,0,0,0,5,230.58102004978414
8,41,0,0,1,0,235.2614533179725
8,42,0,0,1,0,235.3108942716141
8,43,0,0,1,1,237.06679753106727
8,44,0,0,0,6,229.66924188689742
8,45,0,0,0,7,239.24739673513744
8,46,1,1,1,6,270.9876627649444
8,47,0,0,1,7,253.3520571606965
8,48,0,0,0,7,239.7659698571285
8,49,1,0,0,1,236.79825482254904
8,50,1,0,1,5,258.2175091660776
8,51,0,0,0,6,227.55549405167818
8,52,1,0,0,5,238.81996954713358
8,53,1,0,0,7,239.29879657464252
8,54,0,1,0,2,237.19435113204523
8,56,1,0,1,4,257.2490351227119
8,57,1,0,1,7,253.24758901668764
8,0,1,0,1,7,265.36801658009466
8,3,0,1,0,4,238.0914175959021
8,6,0,1,0,2,239.7617459344592
8,7,0,1,0,5,239.08075102402148
8,8,1,1,0,0,252.25528681995834
8,9,1,1,0,1,257.4979574363067
8,10,1,1,1,7,289.31336906054213
8,12,0,0,0,3,227.0317610847434
8,13,0,0,0,7,230.22648786656555
8,15,1,0,0,6,243.2770079833152
8,16,0,0,0,7,244.87112368489244
8,17,0,0,0,6,239.3963979054987
8,18,0,0,0,1,226.31737316150029
8,19,0,0,1,3,244.0676026905688
8,20,0,0,0,5,230.66843017443702
8,21,1,0,0,5,242.8421941132586
8,22,1,0,0,5,247.16910024567449
8,23,0,0,0,1,226.5189472185214
8,24,0,0,0,4,229.6471656036718
8,25,1,0,0,0,240.6851324643216
8,26,1,0,0,4,244.0373094327918
8,31,0,0,1,3,253.72626604269294
8,32,0,1,0,3,247.4681572443867
8,33,0,0,0,6,234.62888095427869
8,35,0,1,0,7,259.4438669465898
8,36,0,1,0,5,241.02173123649345
8,37,1,1,0,3,252.2186737732215
8,38,1,1,0,2,256.91187703363335
8,39,1,1,0,6,258.5864478658269
8,40,0,0,0,4,226.6196789485885
8,41,0,0,0,3,228.4866999603979
8,42,0,1,0,2,240.53415722032292
8,43,0,1,0,7,256.5280205672201
8,45,1,1,0,7,265.6330510074563
8,46,0,0,1,0,237.98335087047923
8,47,0,0,1,1,238.6898808381349
8,49,0,0,0,0,223.0007784730256
8,50,0,0,0,2,227.74462216667425
8,52,0,0,0,5,228.48099941327342
8,53,0,0,0,5,229.29193016036925
8,54,0,0,0,1,223.12679716956896
8,56,0,1,0,4,241.21494311771596
8,57,1,1,0,0,251.65477885714714
8,58,1,1,0,7,269.3627050852956
8,59,0,0,0,0,224.55697831398928
8,1,0,0,0,4,227.11657042422243
8,4,1,1,0,1,254.20565631386697
8,5,1,1,0,5,258.72706156911136
8,6,0,1,1,6,255.61961426796313
8,7,0,0,1,1,237.9872794722417
8,8,0,0,0,4,227.46262056723808
8,9,0,0,0,2,226.4572707435011
8,13,0,0,1,7,257.96725134434814
8,15,0,0,0,0,225.4113472476642
8,16,0,0,0,1,225.32240754078356
8,17,0,0,1,1,240.0497998388575
8,19,0,0,0,7,240.78303901105548
8,20,1,1,0,1,257.131641237237
8,21,1,1,1,5,274.69687782802305
8,24,0,1,1,0,253.58883155971586
8,25,0,1,1,0,256.1169494752664
8,26,0,1,1,7,272.51727977601075
8,27,0,0,1,5,249.58335591126524
8,29,1,0,0,3,246.14545463806218
8,30,1,0,0,3,241.87635229136268
8,31,1,1,1,0,272.35386442823193
8,32,1,1,1,0,264.9118811366723
8,33,1,1,1,4,269.704613693121
8,34,1,1,1,1,270.42521369800613
8,35,1,1,0,6,257.6044409362986
8,36,0,1,0,7,253.08346006430585
8,37,0,0,0,4,227.0963755133152
8,39,0,0,0,6,232.09164773429254
8,40,0,0,0,2,227.55467879475557
8,41,0,0,0,6,230.42839689616517
8,42,0,1,0,3,236.3605460692488
8,43,0,1,0,0,237.0046437859567
8,44,0,1,0,5,240.670598449231
8,45,0,1,0,5,245.14021362838298
8,46,0,1,0,1,241.5261425973427
8,50,1,0,0,2,237.72986689714676
8,51,1,1,0,7,255.73087435681185
8,52,1,1,0,0,250.32492916622047
8,53,1,1,0,7,251.59282972489018
8,57,0,0,0,4,225.4134975729375
8,58,1,0,0,0,239.45957672149513
8,59,1,0,0,4,239.43900119079257
8,0,0,0,0,4,224.9507594652165
8,1,0,0,0,2,228.1210216037623
8,4,0,0,0,3,228.28827082776206
8,5,0,0,0,6,229.2781043009135
8,6,0,0,0,7,235.2153625248224
8,7,0,0,1,4,239.57861502684392
8,8,1,0,1,3,258.6360322670419
8,9,1,0,0,5,237.81885678876114
8,10,1,0,0,1,240.13913944718783
8,11,1,0,0,3,241.2007613885873
8,12,1,0,1,7,271.43886963363525
8,13,0,0,1,6,241.00242437390193
8,14,0,0,1,5,242.60092564669873
8,16,0,1,0,0,241.39878940235536
8,17,0,1,0,4,243.19406554618968
8,18,0,1,0,0,239.3878533456557
8,19,0,1,0,7,254.17825982181432
8,20,0,0,0,2,224.8050680531242
8,23,0,0,0,4,230.68250696713625
8,26,0,0,0,1,227.7396073843412
8,27,0,0,0,1,230.12900402639224
8,28,0,0,0,4,232.27971966022292
8,29,0,0,0,2,233.08983691333006
8,30,0,1,0,0,242.21916956992837
8,31,0,1,0,6,243.98347378677425
8,32,1,1,0,4,257.21322966249215
8,33,0,1,0,5,244.11976646375865
8,34,0,1,0,3,245.00475385560853
8,35,0,0,0,6,232.44437985168955
8,36,0,0,0,2,233.19122774725307
8,40,0,1,0,6,236.8836987035347
8,41,1,1,0,7,253.25527604896558
8,42,0,1,1,7,260.2638588794157
8,43,1,1,0,3,253.05111366832972
8,44,1,1,0,7,270.93435516022726
8,45,0,0,1,2,238.24877284652038
8,46,0,0,1,2,237.8492293615552
8,47,0,0,1,2,238.73172404154155
8,48,0,0,1,6,238.08921948935497
8,49,0,0,1,2,239.07149130017766
8,50,0,1,1,5,253.24346515328082
8,54,0,0,1,6,251.87051406475078
8,55,0,1,1,7,267.00581299451443
8,56,0,0,1,7,256.62820331718285
8,57,1,0,0,0,236.65581112293904
8,59,1,0,0,5,240.80158887432412
8,0,1,0,0,0,236.41954400613426
8,1,1,0,0,3,243.22672615083232
8,2,1,0,1,6,264.8058900932362
8,3,1,0,1,5,259.54549318054427
8,4,1,0,0,0,236.46917097662018
8,5,1,0,0,0,238.2814330696177
8,7,1,0,0,5,240.31583810827135
8,9,0,0,0,3,223.36163733190938
8,10,0,1,1,2,253.7289994060441
8,11,0,0,1,0,239.98352727109466
8,12,0,0,1,0,238.1984352761568
8,13,0,0,1,3,242.3579470277921
8,16,0,1,0,4,242.55685422765129
8,17,0,1,0,5,248.18860226272008
8,19,0,1,0,5,240.27525560443752
8,20,1,1,0,7,269.55186640392884
8,21,0,0,0,5,224.9756852308068
8,25,0,0,0,5,229.82362180799947
8,26,0,0,0,7,245.50405137241475
8,27,0,0,0,7,249.73962276905928
8,28,0,0,0,5,231.28010686187233
8,29,0,0,0,4,228.20985964570866
8,30,1,0,0,5,244.93254746434232
8,31,0,0,0,6,236.05381252506356
8,33,0,0,0,3,231.02632264578037
8,34,0,0,0,4,225.86317581545975
8,36,1,1,0,1,254.52753123566208
8,37,1,1,0,0,252.2901507550619
8,38,1,1,0,4,252.8558102572028
8,39,1,1,0,0,252.09081009057843
8,40,1,1,0,2,253.33583751408418
8,41,1,0,0,3,241.01743359029115
8,42,1,0,1,7,268.21322514362777
8,43,0,0,0,6,228.49111028115067
8,44,1,1,0,4,255.89455013874328
8,46,0,1,0,6,246.32373182167183
8,47,0,1,0,2,238.71400211551074
8,49,1,0,0,4,237.22532151320468
8,51,0,0,0,0,221.6910863105387
8,52,0,0,0,3,230.95726171414663
8,53,0,1,1,4,253.20813535627758
8,54,1,1,1,5,273.9781017562167
8,55,0,1,0,0,237.00520500490543
8,57,0,1,0,6,242.05351200892787
8,58,1,1,0,5,254.13438156338762
8,0,0,1,1,6,255.38573799509248
8,2,1,0,0,1,242.2990427691614
8,3,1,0,1,2,256.3994362380171
8,4,1,1,1,4,271.1555676059801
8,5,1,1,1,1,270.9944321713922
8,6,1,1,0,5,254.86549266216917
8,7,1,1,0,3,254.16504939854352
8,8,1,1,1,3,273.6537659781638
8,9,1,0,0,3,252.4164140507753
8,11,1,0,0,2,240.68522696030723
8,12,1,1,0,0,254.44866432707826
8,13,1,1,0,2,257.3751705093051
8,14,1,0,0,3,237.35185713572264
8,15,1,1,0,0,255.70533849213683
8,16,1,1,0,6,254.21005748772296
8,20,0,1,0,6,242.86462212784627
8,21,0,0,0,4,225.94386515864005
8,22,1,0,0,6,247.58134533639029
8,23,1,1,0,1,256.116681613214
8,24,1,1,0,1,258.6861171678248
8,25,1,1,0,4,259.01176273500187
8,26,0,1,0,1,242.9575327751535
8,27,0,1,0,1,242.91606520495986
8,28,0,1,0,6,246.97047318521982
8,29,0,1,0,7,244.51141815504738
8,30,0,1,1,3,258.5578774649338
8,32,0,1,1,4,257.58995175888276
8,33,0,1,1,7,273.7743641003537
8,34,0,0,0,2,228.85663825341842
8,36,0,1,0,6,240.00907623997816
8,37,0,1,0,0,236.1415896613681
8,39,1,0,0,7,242.33203162961334
8,40,0,1,0,5,240.8082109168833
8,41,0,1,0,1,240.31063161950806
8,42,0,1,0,4,239.5687710373678
8,43,0,1,0,4,241.1146460083602
8,44,0,1,0,3,239.76891097291056
8,46,1,1,0,2,256.5814555215632
8,47,1,1,0,7,254.5456468245045
8,49,0,1,0,1,236.44216543531877
8,51,1,1,0,3,263.2121379148835
8,52,1,0,0,7,255.67976830944502
8,53,1,0,0,6,248.98414124754694
8,54,1,1,0,7,264.4965769804385
8,55,0,1,0,5,240.95465471870006
8,56,0,1,1,3,255.41810618474702
8,59,0,1,0,5,239.22658027408747
8,0,1,1,0,7,270.18839237565624
8,3,0,0,0,5,227.64929780028024
8,5,0,0,1,1,238.39482215278278
8,6,0,0,1,5,242.8462032649366
8,7,0,0,0,4,227.87589750916112
8,10,0,0,0,5,227.17849193799424
8,11,0,0,0,0,223.02482795921526
8,13,0,0,1,1,240.88003925890223
8,14,0,0,0,0,226.84361944556113
8,15,0,0,0,7,242.3326337633152
8,16,0,0,1,2,239.81517980265593
8,17,0,0,1,7,253.65687341545967
8,20,0,0,1,1,239.1921804969502
8,24,0,0,1,1,241.01571352254774
8,25,0,0,1,1,240.9876882039149
8,27,0,0,0,4,235.05971776286947
8,28,0,0,0,2,228.73530800181518
8,29,0,1,0,3,253.04980619281955
8,32,0,0,0,5,235.55013416455256
8,34,1,0,1,4,257.41194746354864
8,35,1,0,1,6,257.50811971217723
8,36,0,0,1,1,239.7151053897395
8,38,0,0,1,4,244.217912446265
8,39,1,0,1,2,254.95153533438827
8,40,1,0,1,6,255.9411795405171
8,41,0,0,1,3,248.64902165000296
8,42,0,1,0,5,243.89135153347337
8,43,0,1,1,0,254.72610537881215
8,44,0,1,1,0,251.04130964541747
8,45,0,1,1,0,251.02119256587594
8,46,0,1,1,7,266.5251400693204
8,47,0,1,0,3,242.14304752907134
8,48,0,1,0,0,236.32632254638494
8,50,1,1,0,6,255.70954625543882
8,51,0,0,0,3,225.63657361157462
8,52,0,0,0,2,224.19472578075064
8,53,0,0,0,1,226.19811909663687
8,55,0,0,0,5,228.34955702520452
8,56,0,0,0,6,230.984494134027
8,1,0,0,0,6,238.10571976786477
8,2,1,0,0,0,237.31300427422627
8,3,1,0,0,3,238.35983008773178
8,4,1,1,0,6,255.16706896772453
8,5,0,0,0,5,225.2950351679871
8,9,0,1,1,5,250.92288232040355
8,10,1,1,1,3,271.4051668152947
8,11,1,0,0,5,242.85425038082823
8,12,0,0,1,4,241.60661688978138
8,13,0,0,1,2,243.31717210095593
8,15,0,1,1,4,255.33382908300564
8,16,0,1,1,1,257.298265042676
8,17,0,1,1,2,254.3211280437306
8,18,0,0,1,6,254.074519414934
8,19,0,0,1,1,239.47374658122772
8,20,0,0,0,3,228.87584984366774
8,21,0,1,0,3,248.92942938939805
8,22,0,1,0,3,250.20630606019077
8,23,0,1,1,6,258.9515097090855
8,24,0,0,1,4,242.584385272438
8,25,0,0,1,0,239.25507233106467
8,26,0,0,1,7,248.06513847672517
8,27,0,1,1,6,268.8527349638297
8,28,0,1,1,7,270.1180816129461
8,29,0,1,0,6,246.85086744151258
8,30,1,0,0,0,240.64268597468964
8,31,1,0,0,6,258.666933057432
8,32,0,0,0,2,231.9662758097183
8,33,0,0,0,7,243.67506895984107
8,34,0,0,1,5,240.99080621098705
8,37,0,1,0,3,244.23486302501377
8,38,0,1,0,0,236.89478924646136
8,39,0,1,0,5,238.47932573617615
8,40,0,1,0,1,237.67110418228881
8,41,0,1,1,6,254.06239446805972
8,42,0,1,1,2,257.03744278339593
8,43,0,0,1,3,237.77976182841186
8,44,0,0,0,1,225.03289472095048
8,45,0,0,1,7,254.00269916224647
8,46,0,0,0,6,226.05992845420116
8,47,1,0,0,5,240.04679183580396
8,48,0,0,0,5,226.5034392122041
8,49,0,0,0,2,227.01742247689285
8,50,0,0,0,4,222.87368421482094
8,52,0,0,0,0,225.92197480165675
8,53,0,0,0,2,225.7831832615042
8,56,0,1,0,2,241.21773271838924
8,57,0,0,0,5,225.74924086454922
8,58,0,0,1,7,254.09802526585597
8,59,0,0,1,6,238.15767385822977
8,0,0,0,1,5,237.1016903768126
8,1,1,0,0,1,238.94543815940213
8,3,1,0,0,4,239.15788657622704
8,4,0,0,0,5,228.61787582860336
8,5,0,0,1,0,237.61687392549845
8,6,0,0,1,1,239.63725177473074
8,7,0,0,0,2,227.98215695985752
8,8,0,0,0,2,227.61676748025548
8,9,0,1,0,2,241.90834846446302
8,10,0,0,0,1,223.01341270313011
8,13,0,0,0,5,228.7444441229067
8,16,0,0,0,2,227.8938603224143
8,19,0,1,0,2,241.97346825533185
8,20,0,1,0,7,258.02037407026813
8,21,1,1,1,2,273.4123394455439
8,22,1,1,1,6,274.10002591284666
8,23,1,1,1,7,290.47105246368136
8,24,1,1,0,6,258.12482603309604
8,26,0,1,0,7,261.14945320197836
8,27,1,0,1,5,263.7893067989391
8,28,1,0,0,7,258.48712261221095
8,29,0,1,0,5,240.08284150027276
8,30,0,1,1,6,260.2389282474956
8,31,0,1,1,4,254.01520333349
8,33,0,1,1,1,259.95687157075554
8,34,0,1,1,5,255.99428571178683
8,35,0,1,0,2,241.36394843737028
8,38,0,1,0,4,241.0814738601082
8,39,0,1,0,6,244.3413312173435
8,42,1,0,0,0,237.66980923545108
8,43,1,0,0,7,249.17466119649882
8,44,1,1,0,2,256.025355304377
8,45,1,0,0,0,237.23346347928512
8,46,1,0,0,2,235.8245975314675
8,47,1,0,0,6,241.41663436444063
8,48,0,1,0,3,243.94947882232523
8,49,0,0,1,1,238.7177975313022
8,50,0,0,0,1,222.83394688800365
8,51,0,0,0,4,227.51401375686925
8,53,0,0,0,0,223.65085400028647
8,55,0,1,0,2,237.60275488974955
8,56,0,1,0,1,237.57304255310848
8,57,0,1,0,5,242.18583940793124
8,58,0,1,1,2,255.88839406834927
8,59,0,1,1,6,256.6847720806506
8,1,0,0,1,0,237.05752098433254
8,2,0,0,1,4,236.55639379446455
8,3,0,0,1,5,240.31830957828151
8,5,0,0,0,4,222.89452903908116
8,6,1,0,0,3,241.45059720374599
8,7,1,1,0,0,253.65197028724404
8,8,1,1,0,6,259.48639833296403
8,10,0,0,0,3,226.55678924112703
8,14,0,1,1,3,258.917671455027
8,16,0,0,0,4,224.88674171969055
8,17,0,0,0,2,227.45328653580026
8,18,0,0,0,3,231.64993281389437
8,21,0,0,0,0,223.97311380606607
8,22,0,0,0,4,228.21410694487764
8,23,0,0,0,6,232.5775061047467
8,24,0,1,0,3,245.94321756755127
8,25,0,1,0,6,246.16133551667318
8,26,0,0,0,6,235.58267742259142
8,27,1,1,0,6,259.26680654408557
8,29,1,1,0,2,258.96263340822094
8,31,1,0,1,7,273.32294491277906
8,32,0,1,0,0,241.45241143769684
8,33,0,1,0,1,244.31342214141188
8,35,1,0,0,3,238.2792621721859
8,36,1,0,0,5,242.10707829320398
8,38,1,0,0,0,236.89483333129317
8,39,1,0,0,0,236.7059227439926
8,40,1,0,0,1,236.78176612827
8,41,1,0,0,2,242.5795296047566
8,42,1,1,0,0,253.1937986532796
8,43,1,1,0,7,270.5183130575921
8,46,1,1,0,6,256.6268596171385
8,47,0,1,0,0,238.3255289006658
8,49,0,0,0,3,225.79888672417127
8,50,0,1,0,0,234.3558239468407
8,51,0,1,0,0,236.7721587116905
8,52,0,1,0,1,236.02514765904132
8,57,1,1,0,3,253.39939940333693
8,58,1,0,0,3,239.39293629899427
8,59,1,1,0,7,253.46906354290388
8,4,0,0,0,0,225.30837239360835
8,6,0,0,0,6,229.23170325518288
8,8,1,0,0,2,241.08102765336025
8,9,1,1,0,3,262.28507788952584
8,10,1,1,0,3,261.4355370580122
8,12,1,0,0,3,241.96968003185683
8,13,1,0,0,6,245.0275665758361
8,17,0,1,0,1,242.67232016166432
8,18,0,1,0,7,255.5717288632968
8,19,1,1,1,4,270.199095082526
8,20,1,1,1,6,272.3044706701359
8,21,0,0,1,4,242.1233979176154
8,22,0,0,1,1,243.84250441966782
8,25,1,0,0,3,243.55927919906162
8,26,1,1,0,1,257.06621033930946
8,27,1,1,0,7,270.70109934853315
8,30,0,1,0,6,247.92295286894657
8,31,0,0,0,7,239.80720918332176
8,33,0,0,0,1,225.92211919767104
8,37,0,0,0,5,227.96873750051026
8,38,0,0,1,0,236.73395808561673
8,40,0,0,1,1,239.7811142850903
8,41,0,0,0,2,226.3874793911858
8,43,1,0,0,1,238.26471801375902
8,44,1,0,0,0,238.18185679326655
8,45,1,0,0,7,256.9772121554506
8,46,1,1,0,3,255.7228156079858
8,47,1,1,1,5,271.1355474033825
8,51,1,0,0,5,239.75468024914224
8,55,0,0,0,0,223.87130167924082
8,57,0,0,0,7,239.71071110527492
8,58,0,1,1,7,269.9263166501625
8,59,0,0,0,3,229.7031175885286
8,0,0,1,1,7,266.5339065317042
8,1,1,1,0,7,273.1810382442022
8,2,0,0,0,3,227.37838163460052
8,3,0,0,0,2,231.14983367677365
8,4,0,0,0,4,228.77196282091765
8,6,1,0,0,5,242.29834680854736
8,8,0,0,0,5,225.601059016447
8,10,0,0,0,7,229.60304306787808
8,11,0,1,0,4,241.30486356691216
8,12,0,1,0,6,245.05348433570416
8,15,0,1,0,2,240.16180853555863
8,17,0,0,0,4,230.36815489426584
8,18,0,0,0,2,230.27818694960033
8,19,0,1,0,3,241.6689999723807
8,21,0,1,0,5,245.98288664178563
8,22,1,1,0,2,256.43321166857277
8,23,1,0,0,7,256.21425570806406
8,24,1,0,0,5,241.8274080053549
8,25,1,0,0,2,243.20303756181562
8,26,1,1,0,2,260.2285394218007
8,27,1,0,0,7,259.009189571884
8,30,0,1,0,5,243.45381675805478
8,32,0,0,0,1,228.42507584010474
8,33,0,0,1,3,242.96525763913223
8,34,0,0,1,6,242.80551796878487
8,35,0,0,1,0,240.22576240632577
8,36,0,0,1,2,242.42983594429697
8,37,0,1,1,3,254.54577013234885
8,38,0,1,0,3,244.59599608960434
8,39,0,0,1,4,236.6854392497283
8,40,1,0,1,1,254.17058198905886
8,41,1,0,0,7,255.05650833601922
8,42,0,0,0,5,221.65759925697222
8,43,1,0,0,2,237.565701540855
8,45,1,0,0,2,243.72003106628873
8,46,1,0,0,7,253.81434486357603
8,47,0,0,1,4,238.4732781523495
8,49,0,0,1,4,238.16783188579467
8,50,0,0,1,5,242.39343169340003
8,51,1,0,0,1,239.31371283066198
8,52,1,0,0,2,239.52772641683958
8,55,0,0,0,3,227.68869715512892
8,56,0,0,0,1,226.74412688641402
8,57,0,0,1,0,235.48937300732632
8,59,1,0,1,7,269.64830583217986
8,4,1,0,0,3,235.9132218955218
8,6,1,1,0,4,256.40392268300934
8,7,1,1,0,2,255.07512715655258
8,9,1,0,0,4,239.08813782442886
8,11,0,0,0,2,227.3123286370111
8,12,0,0,0,5,225.7213180324514
8,14,0,0,0,7,242.6449116447346
8,15,0,0,0,1,227.8823545309601
8,17,0,0,1,5,242.41502970414265
8,18,0,0,0,5,227.72970969787966
8,20,0,0,1,5,240.70425955231113
8,21,1,0,1,5,257.6574696561364
8,22,0,0,0,2,234.9325652245598
8,24,1,0,0,1,240.87793085511584
8,25,1,0,0,1,241.98802081784405
8,26,1,0,0,2,243.02577876792756
8,28,1,0,0,2,242.64132544720042
8,29,1,0,0,2,245.2367390912414
8,30,1,1,0,6,266.50198051741893
8,31,0,0,0,5,231.96296042344434
8,32,1,0,0,4,242.77000436542045
8,33,1,0,0,4,240.50128678499203
8,35,0,1,0,6,244.8786581729786
8,36,0,1,0,0,237.40450648266832
8,37,0,1,0,1,237.62458030785638
8,39,0,1,0,2,238.61398359919588
8,44,0,1,1,5,257.83169255636284
8,45,0,1,1,6,252.3704730952613
8,46,0,1,1,3,253.22037274337808
8,50,1,0,0,6,236.9362602139094
8,51,0,1,0,1,237.03796610418559
8,53,0,1,0,4,237.02294820249608
8,54,0,1,0,4,236.93501537036468
8,55,1,1,0,5,254.33135036303526
8,56,0,1,0,6,244.14421309040816
8,58,0,0,0,1,223.2584764745313
8,59,0,0,0,5,228.66952827661964
8,0,0,0,0,0,221.3486456245875
8,1,0,0,0,3,226.09526011292428
8,2,0,1,0,1,235.46006311694987
8,3,0,1,0,5,241.58965697670138
8,8,1,0,0,0,238.21576593206495
8,9,1,0,0,1,239.65285070144992
8,11,1,0,1,0,255.5843800910332
8,13,0,0,1,4,244.11017702533806
8,14,0,0,1,1,239.12963004505934
8,15,0,0,1,4,238.861042574493
8,16,0,0,1,3,238.98685600024217
8,17,0,1,0,0,240.37899428095858
8,18,0,1,0,6,244.30997522930554
8,21,1,1,0,4,260.60780100480105
8,22,1,1,0,1,257.304978859762
8,23,1,1,0,0,255.42504899335148
8,24,1,1,0,0,257.21630276751483
8,25,1,1,0,3,260.6415973821837
8,26,1,1,0,4,257.18929185909326
8,27,0,1,0,7,261.4055502110978
8,29,0,0,0,5,236.75439876221242
8,30,0,0,0,2,232.59644914389492
8,34,1,1,0,3,259.6875980649304
8,44,0,0,1,1,238.7695353883889
8,45,0,0,0,0,222.6323712078621
8,46,0,0,0,2,226.53616688742719
8,47,0,0,0,6,230.11408953454517
8,48,1,0,0,7,254.33238440720257
8,52,1,1,0,1,251.17326772093756
8,53,1,1,0,1,251.39205806245357
8,54,1,1,0,2,253.78381162825568
8,55,1,1,0,4,252.3686392935965
8,58,1,0,0,1,239.17930167621898
8,59,1,0,0,7,259.95097712021635
8,2,0,1,0,7,252.33336821578823
8,4,0,0,0,2,231.64143740118482
8,5,0,1,0,2,245.91595724707915
8,7,0,1,0,0,238.9435177209267
8,10,0,1,0,5,242.25026552535817
8,11,1,1,1,6,274.70576436541796
8,12,0,0,1,1,237.91072932725515
8,14,0,0,0,5,231.4061073644914
8,15,0,0,1,2,238.99155868888644
8,17,0,1,1,5,257.97696835268704
8,19,0,0,0,0,223.4533007849743
8,21,0,0,0,2,229.728998101334
8,22,0,0,0,3,228.50443514939806
8,24,0,1,0,1,243.8607162710115
8,25,0,1,0,5,239.56783844486964
8,28,0,0,0,0,226.39078137983742
8,29,0,0,0,7,240.71810351984885
8,30,0,0,0,4,229.83703482749075
8,31,0,0,0,3,234.53982948465938
8,34,1,0,1,2,257.78432903187036
8,35,1,1,1,5,272.09512250058447
8,40,0,1,0,7,253.90247738392566
8,41,0,1,0,0,236.84227635539958
8,43,0,0,0,5,224.17471187819356
8,46,0,0,0,0,223.68854291400928
8,48,0,1,0,6,243.1232677510191
8,49,1,0,0,5,239.05184979443726
8,53,1,0,0,4,239.27250170795324
8,55,0,0,1,6,243.41593838144092
8,56,1,0,1,7,271.8922939403375
8,2,0,0,0,1,226.65923008009798
8,4,1,0,0,2,234.67482128371367
8,5,1,0,0,6,242.98022458862667
8,7,0,0,0,3,231.9343927586109
8,8,0,1,1,0,250.05846650590877
8,9,0,1,1,3,250.3741230132957
8,10,0,0,1,7,253.07308241450332
8,11,1,0,0,0,239.89869139130477
8,16,0,0,0,5,230.3794626019819
8,18,0,0,0,7,244.23019134912352
8,20,1,1,0,4,258.07149263643333
8,21,0,1,0,7,264.4833324156091
8,22,1,0,0,2,243.980405400898
8,24,0,0,1,0,239.32028605136037
8,25,0,0,1,6,239.400770677079
8,26,0,0,1,6,256.05237430070537
8,27,0,0,1,6,247.48990205498325
8,28,0,1,1,6,257.27023054169376
8,29,1,1,1,5,269.79968504696075
8,31,0,1,0,5,244.0644835993535
8,33,0,1,1,4,257.92728766444424
8,35,0,0,1,4,239.96995808155276
8,36,0,0,1,0,236.52123272440178
8,39,1,0,1,4,257.7882366862881
8,41,0,0,0,1,223.9433907674421
8,42,0,0,0,6,226.27354867751316
8,43,0,1,0,5,244.36188398405181
8,44,1,1,1,7,287.3863179928418
8,46,1,1,0,7,272.472733261105
8,48,1,1,0,1,250.7941520167468
8,49,1,1,1,3,268.05383538538933
8,50,1,0,0,7,256.02136476037015
8,51,0,0,0,1,222.0338935820037
8,55,1,0,0,6,238.61968979030013
8,57,0,0,0,3,231.11316972732044
8,58,0,0,1,6,238.36547521231358
8,59,0,1,1,7,267.6444220189977
8,1,0,0,0,0,220.9545783360699
8,4,0,1,0,4,239.15196091774558
8,5,1,1,0,0,252.65700876879765
8,9,1,0,0,0,238.4314179228733
8,10,1,0,0,3,239.66331552536528
8,12,1,0,0,0,240.72276237029428
8,13,1,0,0,3,239.94257649529274
8,14,1,0,0,4,239.41200273478387
8,21,1,1,1,0,269.37426891571886
8,22,1,1,1,1,274.6136924922271
8,23,1,1,0,5,267.1424910493639
8,25,1,1,0,7,272.9653081956602
8,27,0,0,0,2,234.06564896980885
8,28,0,0,0,6,231.0780368351751
8,30,0,0,0,0,227.8435556460023
8,34,0,0,1,2,243.47839781061572
8,36,0,0,1,4,239.25513199714146
8,37,1,0,1,3,253.83649196705213
8,38,1,0,0,1,235.43501059546583
8,41,1,0,1,2,256.101393357231
8,42,1,1,1,2,272.1967269985657
8,43,1,0,1,1,256.52720554921234
8,44,1,0,0,6,250.90701495675273
8,48,0,0,0,2,225.6051508130905
8,50,0,0,0,3,225.5539475425566
8,51,0,1,0,6,243.351674262365
8,52,0,0,0,4,228.19300412993923
8,55,0,0,0,1,225.68787649225243
8,58,0,0,0,6,230.75890503453684
8,59,0,1,0,0,239.49373109796068
8,0,0,1,0,6,246.28333328930879
8,1,1,0,0,0,236.78462489254417
8,2,1,0,0,3,241.65597654528236
8,3,1,0,0,5,240.15215198845067
8,4,1,0,0,7,257.6520983675228
8,5,0,0,0,0,222.27068090448523
8,6,0,0,0,3,231.122754891853
8,7,0,1,0,2,243.64558395247573
8,10,1,1,0,4,257.6170963178367
8,11,0,1,0,6,247.8257143195402
8,12,1,0,0,5,239.1598601299597
8,16,0,0,0,6,235.33687378976572
8,18,1,1,0,5,254.33896957939837
8,19,0,1,0,6,248.2444483451585
8,20,0,1,0,5,243.20717935875766
8,22,0,1,0,1,245.238722854366
8,23,0,1,0,2,241.43474709541587
8,24,0,1,0,2,244.3835371092727
8,26,0,1,0,2,239.89428688886665
8,30,1,0,0,1,239.1503370526026
8,31,1,0,0,0,241.95403997358778
8,32,1,0,0,1,241.57383918693222
8,33,1,0,0,7,253.40604103843654
8,34,1,0,0,6,255.5690403252117
8,36,1,0,0,4,241.79753556707976
8,37,1,0,0,3,242.89064304687668
8,39,1,1,0,1,252.68876162673354
8,40,1,1,0,4,251.61515739358396
8,43,0,0,0,7,242.21814665717346
8,44,1,0,0,3,243.6186142556885
8,45,1,0,0,1,238.2185107492556
8,46,1,0,0,4,238.25843401205276
8,47,0,0,0,7,239.12069605749778
8,49,0,1,0,6,239.66546809805521
8,52,0,1,0,7,256.52489179556414
8,53,0,1,0,1,240.0398676259227
8,54,0,1,0,5,238.3181408655396
8,55,1,1,1,6,269.51878339755876
8,56,0,0,1,1,234.8596240005166
8,58,0,1,0,7,255.9348490282275
8,1,1,0,1,5,252.34387053168
8,2,0,0,1,7,238.85158297529324
8,4,1,1,0,3,256.55890764091237
8,5,1,0,0,1,240.319851039322
8,6,1,0,0,6,241.2111287961302
8,8,1,0,0,4,239.90218161165623
8,10,1,0,1,7,274.38523124860933
8,11,1,0,1,2,255.1491053612351
8,12,1,0,1,1,257.55846286127405
8,13,1,0,1,5,258.1440632639685
8,14,0,0,0,1,225.5442770757958
8,15,0,0,0,2,228.18567430374287
8,17,1,0,0,4,241.96913690497163
8,18,1,0,0,4,242.37902753024224
8,19,1,0,0,2,241.86411462101395
8,20,1,1,0,6,260.0253977709375
8,21,0,0,0,6,238.89933322461798
8,22,0,1,0,0,243.0779516174921
8,23,0,1,0,0,241.34329092043507
8,24,0,1,0,5,245.53471008053248
8,25,0,1,1,1,255.2833643759338
8,28,0,1,0,2,246.51200604567185
8,30,1,1,0,3,256.81971643017135
8,31,1,0,0,4,240.27525344608654
8,32,1,0,0,2,243.54906635711646
8,34,1,0,0,3,243.07951959413654
8,35,1,0,1,7,256.16191167480974
8,36,0,0,1,5,241.80177973284376
8,38,1,0,0,6,254.3139736064404
8,41,1,0,1,5,256.38842828224375
8,42,0,0,1,4,235.65937065926016
8,43,1,0,1,5,272.1875968792985
8,44,0,0,0,3,230.89850082118247
8,46,0,0,0,5,232.13880587507373
8,49,1,1,0,0,251.42717882328165
8,50,1,1,0,4,251.8328818780783
8,51,1,1,0,4,252.5469222146833
8,52,1,1,0,3,251.87902467941424
8,53,1,1,0,6,265.2771456820883
8,54,1,1,0,0,251.05196491600955
8,55,1,1,0,3,252.9808671717318
8,56,1,0,0,1,238.3777453626137
8,57,1,0,0,3,240.28267372641923
8,58,1,0,0,4,239.74475339166432
8,3,0,0,0,1,226.44289179239786
8,4,0,0,0,7,242.46415606951862
8,5,1,0,0,5,237.31129381016905
8,8,0,0,0,0,222.84854704963044
8,11,1,1,0,6,259.4703585737471
8,12,0,1,0,3,244.8840953761779
8,13,0,1,0,2,244.0792697746164
8,15,1,0,0,0,237.56254781764855
8,16,1,0,0,6,240.83317976250882
8,18,1,0,0,6,242.84769636888183
8,19,0,0,0,1,225.86840797642208
8,21,0,0,1,1,242.91059682175322
8,22,0,0,1,7,248.46151138335892
8,24,0,0,0,1,229.7999686635454
8,27,1,1,0,4,258.61291255115543
8,28,1,1,0,0,256.0865631902997
8,29,1,1,0,4,259.0121328813007
8,30,0,1,0,1,241.27290386442496
8,31,0,1,0,3,245.99982410959777
8,35,0,0,0,0,225.57421697304073
8,39,0,0,0,0,222.55252201540213
8,40,0,0,0,3,229.88655121244165
8,41,0,1,0,5,238.81666679648964
8,43,0,1,0,1,236.70060974287128
8,44,0,1,0,6,242.42575433790776
8,46,1,0,0,6,240.4742536709448
8,47,1,0,0,2,239.0633620176231
8,48,1,0,0,1,236.62956911306023
8,51,0,1,0,2,240.8953845306848
8,53,1,1,0,3,252.71266215416676
8,54,1,0,0,1,234.72896560067736
8,55,1,0,0,2,234.8505694879526
8,57,1,0,0,5,237.60731459366582
8,58,1,0,0,2,238.41287881255042
8,59,1,1,0,5,266.13522588575717
8,0,1,1,1,0,268.16597551940293
8,1,1,1,1,0,269.05201467342147
8,2,1,1,1,5,270.547339143346
8,5,0,0,0,3,229.69949584709752
8,12,0,0,0,6,230.85751374337707
8,16,0,0,1,4,239.31037792343065
8,17,0,0,1,3,242.96235842836768
8,21,0,1,1,1,257.2299585323413
8,23,0,1,0,7,262.87102897851537
8,25,0,0,0,0,227.8919710541215
8,29,0,1,0,0,240.24858668129767
8,33,0,1,0,7,247.5015274326372
8,38,0,0,0,4,227.6493734852028
8,40,1,0,0,0,236.59972549379438
8,42,1,1,0,6,255.81424824379027
8,45,1,0,0,6,244.4757336921872
8,46,0,0,0,3,229.19180879885477
8,47,0,0,1,5,239.95961707745732
8,48,1,0,0,0,237.2172300258724
8,51,1,0,0,6,239.42817442737476
8,52,0,1,0,0,236.62124053524278
8,57,0,1,0,7,256.8276633575976
8,0,0,1,1,2,255.61180113007418
8,1,0,0,1,6,236.68923943954906
8,2,1,0,1,7,253.064592789245
8,4,1,0,0,4,240.15995118634464
8,7,1,1,0,5,256.5390770123896
8,10,0,1,0,4,238.0974956521077
8,11,0,1,0,2,243.8482134338755
8,15,1,1,0,4,257.6844555560907
8,16,0,1,0,3,247.9523087094985
8,17,0,0,0,5,232.07537768368653
8,20,0,1,0,0,240.05538813233127
8,21,0,1,0,6,250.18054252372121
8,22,0,0,0,1,227.66924740703203
8,26,0,0,1,5,242.22733283093038
8,27,1,0,0,3,249.07069674621442
8,28,1,1,0,7,271.4801964038267
8,30,0,1,0,7,259.1562753968076
8,35,0,1,0,4,242.42777854751816
8,37,1,1,0,6,253.60542035569753
8,39,1,0,0,5,240.456637074887
8,42,0,0,0,2,221.36826142251033
8,43,0,0,0,2,225.2312424364619
8,47,1,1,0,1,251.1650642069588
8,48,1,1,0,6,254.65889897181597
8,50,0,0,0,5,227.23732860515636
8,52,0,0,1,5,238.6717238786327
8,53,0,0,0,6,231.2692573467921
8,54,1,0,0,3,238.09767590752168
8,55,1,0,0,4,234.96793303589214
8,56,1,0,0,4,238.26859953251244
8,58,0,0,0,3,226.27153653083957
8,4,0,1,0,0,238.59931774958235
8,5,0,1,0,4,241.5134684252564
8,9,0,1,0,4,240.26203148337976
8,10,0,1,0,6,253.08563559007337
8,11,0,0,0,7,243.09546304422867
8,15,1,0,0,2,242.12741388936854
8,16,1,1,0,3,259.03951293992407
8,17,1,0,0,5,244.88475360175252
8,19,1,1,1,5,277.1118259000052
8,22,1,1,0,7,268.6897532694804
8,23,0,0,1,0,239.08742860338245
8,24,0,0,1,3,252.6878533567102
8,25,0,0,0,7,243.28314624889174
8,30,0,0,0,5,229.7753455832322
8,33,1,0,0,6,241.6709851999359
8,34,1,1,0,6,259.1127286984098
8,37,0,0,0,0,223.37558613165498
8,39,0,1,0,7,242.42612895166127
8,41,0,1,0,6,240.85645952229987
8,45,0,1,0,3,253.33415702971016
8,46,0,0,0,7,243.87666186541634
8,48,1,0,1,1,250.9753479740217
8,50,1,0,1,4,257.75619724515815
8,51,0,0,1,4,237.74779177013303
8,52,0,0,1,0,237.2570223518921
8,53,0,0,1,4,238.19720876126772
8,55,0,0,1,7,254.07913343982753
8,56,0,1,0,3,240.45923887462536
8,59,0,1,0,3,242.37635735495678
8,1,1,0,0,5,240.6485503074073
8,5,0,0,1,2,238.93756006013422
8,7,1,0,0,3,240.34999592031113
8,8,1,0,0,1,237.87888173271034
8,10,0,0,0,4,224.8729548959262
8,15,1,0,0,1,239.51291095025428
8,16,1,0,0,3,243.29234872898792
8,17,1,0,1,2,255.99235957412793
8,18,1,0,1,6,253.90621668559984
8,21,0,0,1,7,257.2677072594943
8,26,0,0,0,4,228.35649992249475
8,34,0,1,0,2,243.33514074419662
8,35,0,0,0,1,225.51380164692156
8,36,0,0,1,7,255.02303268164772
8,37,0,1,1,6,256.93024527700373
8,38,0,1,1,1,254.59503476032006
8,41,1,1,0,3,267.45725978559426
8,42,1,0,0,4,239.06702144145288
8,43,0,0,0,0,221.70006661196646
8,47,1,0,0,4,235.46104855803262
8,48,1,0,0,3,236.50930204359935
8,49,1,0,0,7,254.9761326603816
8,55,0,1,0,4,235.7337687623389
8,56,1,1,0,3,253.4078327264023
8,58,1,1,1,1,269.57224881516925
8,59,1,1,1,6,290.546891039138
8,1,1,0,1,6,254.6924645622219
8,2,0,0,1,5,238.4822373632732
8,3,1,0,1,7,271.26944825020246
8,4,1,0,0,1,235.7709762224799
8,7,1,1,0,6,258.7808474408914
8,8,0,1,0,7,253.77481532054708
8,10,0,1,0,1,239.18517079020376
8,11,0,1,0,1,241.13144000280343
8,12,0,1,0,4,239.5333828485914
8,13,0,1,0,0,237.9665872686333
8,14,0,1,0,1,239.37679962272458
8,15,0,1,1,1,255.65362463350232
8,17,0,0,0,3,229.85933797666686
8,18,0,0,0,6,228.66879649898792
8,22,0,0,1,2,242.41949760787963
8,23,0,0,1,3,243.49781149378245
8,25,0,0,0,4,228.76931263224026
8,26,0,0,0,2,231.4955799202325
8,34,0,0,0,0,224.2059213259029
8,36,0,0,0,5,228.39556452617532
8,38,0,0,0,0,224.88633216423364
8,40,0,1,1,2,254.9320230789671
8,42,0,1,1,1,254.38175403136336
8,45,0,1,0,7,240.9603597958901
8,50,0,0,1,1,236.7809421336672
8,55,1,1,0,6,266.13902777391905
8,57,0,0,0,0,220.38038874170945
8,0,0,0,0,3,227.33680807316523
8,1,0,1,0,3,242.67875001705977
8,3,0,0,1,0,237.66672434167876
8,4,0,0,1,1,239.77901035861439
8,5,0,0,0,2,229.49783945144011
8,6,0,0,0,2,228.18484397098206
8,8,0,1,0,6,241.88715158457362
8,9,1,0,0,6,243.061354395894
8,11,0,0,0,3,226.7634026228942
8,15,0,0,0,5,231.81994913223673
8,16,1,0,0,5,240.28134898468576
8,17,1,0,0,6,253.34867277897482
8,22,0,1,0,6,252.06486303019517
8,24,0,0,0,6,231.02474232791866
8,25,1,0,0,5,244.22608625201372
8,26,0,0,0,5,227.77025443352522
8,27,1,0,0,4,241.09205374295445
8,31,1,0,0,3,243.34100263426083
8,33,1,1,0,4,259.62064604759036
8,34,1,1,0,1,252.79784143632438
8,36,0,0,0,7,238.7771240992943
8,42,0,1,0,1,240.3462447141449
8,44,0,1,0,7,253.08559938849018
8,45,0,0,0,4,226.10934116288922
8,46,1,0,0,3,241.83192338082878
8,49,1,0,0,6,242.12247325762723
8,53,0,0,0,7,243.12019275132977
8,54,0,0,1,5,237.7932027130469
8,2,0,0,1,6,251.58344720233606
8,4,0,0,1,0,238.81881744929947
8,5,0,0,1,4,239.28709366660246
8,6,0,0,1,6,239.02753768277796
8,7,0,0,1,6,240.63548852764228
8,9,0,1,1,7,250.91447733318708
8,10,0,0,1,1,239.87933152915053
8,20,0,1,1,6,254.84736545578977
8,21,0,0,1,5,241.61947133117346
8,22,1,0,0,7,258.6913632015905
8,24,0,0,0,3,231.13700969033093
8,25,0,0,0,3,234.60045844328403
8,27,0,0,1,3,245.22391380736047
8,30,0,1,0,4,242.59494386469007
8,31,0,1,0,4,242.1765640509699
8,33,0,1,0,3,243.58664213575813
8,34,0,0,0,3,227.59437692145445
8,35,0,1,1,5,259.26440204601124
8,38,1,0,0,2,238.62547596290682
8,43,1,1,0,6,257.12464885770254
8,45,0,0,0,3,231.15897298042245
8,47,0,1,0,6,249.29141487237004
8,50,0,0,0,0,220.5454722356406
8,53,0,0,0,3,227.50774235675655
8,0,0,1,0,5,238.02269433197117
8,2,0,1,0,0,236.75755314395607
8,6,0,1,0,5,241.47967875646353
8,7,0,1,1,3,254.1499487112214
8,9,0,0,1,0,237.22960020944467
8,10,0,0,1,4,239.4035259588621
8,11,0,0,1,7,257.25292425994405
8,13,0,1,0,5,246.77459191186793
8,14,0,1,0,5,241.70483596851176
8,15,0,1,0,7,254.36302451612985
8,17,1,0,0,2,243.5641964667802
8,21,0,1,0,1,242.80483527064382
8,22,0,1,0,5,245.51842419391102
8,25,0,1,1,7,257.89955864105923
8,27,0,0,0,3,231.72403249391346
8,28,0,1,0,3,245.40507743532484
8,30,1,0,0,2,241.74361734589587
8,33,1,0,0,5,243.15433755573952
8,34,0,0,1,0,239.0297293896224
8,35,0,0,1,3,242.9857588477081
8,37,0,1,0,4,238.33831627403907
8,39,0,1,0,3,255.05082998826245
8,41,0,1,0,2,239.66609630201282
8,46,0,0,1,6,244.46778692332992
8,47,0,1,1,5,254.57738559856017
8,49,1,1,0,1,253.0959277907266
8,50,1,1,0,3,251.4881479150224
8,52,1,1,0,7,254.3175775983826
8,54,0,1,1,1,252.5924975010918
8,0,0,1,0,4,236.96941180778904
8,1,0,1,0,2,237.6113972325899
8,2,0,0,0,4,225.04323277723066
8,3,0,0,0,4,229.1105631768979
8,5,0,1,0,5,241.75155197967965
8,9,0,0,0,1,221.67552322863958
8,11,1,0,0,7,257.55641065360413
8,12,0,0,1,2,238.02537288111213
8,17,0,0,0,7,233.12598070893168
8,23,1,0,0,6,244.70093599304485
8,24,0,0,0,0,227.31746066155222
8,28,0,1,0,5,246.82759263411387
8,29,1,1,1,0,268.285442308446
8,30,1,1,1,7,269.3451556570628
8,32,0,1,1,0,257.2018647857141
8,35,0,1,1,1,258.2758267087101
8,38,1,1,0,7,274.1049559035854
8,42,1,1,0,7,272.235133531782
8,48,0,0,1,0,237.26512648484587
8,49,0,0,1,0,238.37050293976478
8,51,0,0,1,7,255.99891940922365
8,52,0,1,0,2,241.5835739984798
8,55,0,1,1,3,259.9149459879392
8,56,0,1,1,2,252.7012865552633
8,57,0,0,1,5,236.04131905811556
8,58,0,0,1,4,235.65214096209294
8,1,0,0,0,7,224.22992473548612
8,2,0,0,1,1,237.67642578398826
8,4,1,0,0,6,239.58557493033862
8,5,1,0,0,7,237.49065380299592
8,9,0,0,1,5,238.0605498627993
8,10,1,0,0,0,236.8015552916454
8,12,1,0,0,7,258.5083847077612
8,13,0,1,0,4,240.15337029685827
8,14,1,1,0,0,253.8804888776757
8,15,1,1,0,2,256.9225026997045
8,19,1,0,0,5,238.3243155018278
8,20,0,0,0,6,243.429436007714
8,22,0,1,1,3,258.69816713831875
8,28,0,0,0,3,236.19506456628133
8,34,1,0,0,5,243.00124073539916
8,42,0,1,1,6,258.2738612170679
8,43,0,0,1,5,237.99715828925568
8,44,1,0,1,4,257.8397810376765
8,47,0,0,0,0,223.3206474904775
8,49,0,0,0,6,231.40495772038125
8,54,0,0,0,2,226.3072208696546
8,56,1,1,0,5,253.5471857889974
8,57,0,1,0,3,242.21882385400426
8,58,0,1,0,2,239.75838424071048
8,2,1,1,0,2,253.51901461256463
8,3,1,1,0,4,256.6714057331555
8,6,0,0,0,5,229.31026015899832
8,7,0,0,1,0,239.49019173964038
8,8,0,0,1,1,239.3158921658476
8,11,1,1,0,0,254.56419059420483
8,14,1,1,0,7,260.16914447131273
8,18,0,1,0,3,245.8270636023118
8,25,0,1,0,2,243.4190528614547
8,28,1,0,1,5,260.04913338091734
8,30,0,0,1,5,242.23353972475942
8,31,0,0,0,4,226.70926956250804
8,35,0,0,0,2,227.19304115900778
8,37,0,0,0,1,226.0699687720291
8,39,0,0,1,7,236.78582927249775
8,44,0,0,0,5,226.69880703333004
8,45,0,0,0,6,233.94869712186397
8,50,0,1,0,5,238.1434994931118
8,51,0,1,1,6,252.96920603821582
8,52,0,0,1,7,252.77531147565998
8,54,0,0,0,0,220.0331447338961
8,56,1,0,0,6,252.38965548672954
8,59,0,1,1,0,253.9316609305215
8,0,0,1,1,3,255.3779470384724
8,3,0,0,0,3,231.36750523805716
8,6,0,1,0,0,239.75094254050188
8,8,0,0,0,6,233.19835029008968
8,9,1,0,0,2,239.39344086357312
8,11,1,0,0,1,240.4795348990846
8,15,0,0,1,7,239.0150975288221
8,32,1,1,1,5,274.43681659119073
8,33,0,1,0,6,257.62882682934446
8,36,1,0,0,1,237.67598835473387
8,37,1,0,1,2,252.60314724496948
8,38,1,0,1,5,257.0474997236305
8,40,0,0,0,0,223.1248523976268
8,45,0,1,0,0,236.62587472380693
8,48,0,0,1,2,241.23527569160305
8,49,0,0,1,5,239.47336594550498
8,54,0,0,0,7,238.99428096101306
8,55,0,1,1,2,255.37019506450997
8,56,0,0,1,5,237.78620394915322
8,1,1,0,0,2,238.10513330608018
8,2,1,1,0,0,252.08908692212236
8,3,1,1,0,7,259.2914086336571
8,5,0,1,0,0,239.6733663030692
8,6,0,1,0,3,244.43726338155076
8,9,0,0,0,4,224.02268924599707
8,16,0,0,1,1,238.67621919256231
8,19,1,0,0,3,241.1996072907642
8,20,1,0,0,4,240.31238253288294
8,21,1,0,0,6,254.10376960517095
8,23,1,1,0,7,255.96695220481428
8,29,0,0,1,6,246.356078535216
8,30,0,0,1,0,238.416255233251
8,36,1,1,0,4,256.1402495344746
8,41,1,1,0,5,255.54395707332128
8,43,0,1,1,1,255.25809352017214
8,45,1,0,0,5,242.86177681603957
8,49,0,1,0,5,237.46428066663964
8,50,0,1,0,6,245.6517527708577
8,55,1,0,0,1,235.97560063877816
8,56,1,0,1,5,256.62395009177095
8,58,0,0,0,0,222.76855073064408
8,6,1,1,0,0,254.48384481068018
8,7,1,1,0,7,272.0468511817193
8,8,0,1,1,7,269.4911781924479
8,10,0,1,0,2,238.04038333159917
8,18,1,1,0,1,260.08481794418896
8,19,1,1,0,6,255.95094757361582
8,20,0,1,0,4,244.55833276074668
8,23,0,0,1,5,242.0973648402402
8,26,1,1,0,0,256.1718724579143
8,27,1,1,0,5,256.9440262867396
8,28,1,1,1,5,272.6640185683468
8,29,0,1,0,4,241.2498796068403
8,35,0,1,0,5,241.8213266449467
8,36,1,1,1,0,265.8723865219394
8,37,1,1,1,2,271.0300895687048
8,38,1,0,1,4,255.18081860539306
8,39,1,0,1,0,252.96781087083653
8,44,1,1,0,0,252.67593013573457
8,45,1,1,0,3,255.65312000078387
8,48,1,0,0,6,241.75252713955643
8,54,1,0,1,4,250.67978752606615
8,55,0,0,1,1,240.17946233036406
8,56,0,0,1,2,235.74107136505114
8,2,1,1,0,1,250.60425964983352
8,3,1,1,0,2,251.12983682898493
8,10,1,0,0,4,241.22277473179682
8,11,0,0,0,5,227.8218505855828
8,14,1,1,0,1,253.92340389318505
8,15,1,1,0,1,256.2933522630853
8,16,1,1,0,2,255.40578545146465
8,18,1,0,0,7,243.99433736055715
8,20,0,0,1,0,240.61040887061245
8,21,0,0,1,6,242.53600642455004
8,22,0,1,1,0,259.4820101955639
8,23,0,1,1,5,262.59523102631334
8,28,0,1,0,4,241.48802783787062
8,29,0,1,0,1,242.68967273796557
8,32,0,1,0,4,246.61581452881882
8,35,0,1,1,0,254.42078797390332
8,36,0,1,1,4,254.31719585789378
8,37,0,1,1,0,251.16048657269994
8,38,0,1,1,7,265.1421530425559
8,41,1,0,0,6,243.37326154198422
8,50,1,0,0,3,242.27141310967875
8,51,1,1,0,2,252.80241728953496
8,55,1,0,0,5,236.95381225641617
8,59,0,0,0,6,231.24299133797643
8,0,0,1,0,2,239.78059800539165
8,1,0,1,0,4,238.9934280364012
8,5,0,1,0,3,246.28964826715247
8,15,0,1,1,3,254.8154586755289
8,17,1,1,0,5,256.782855255459
8,19,1,0,1,0,255.67325488983928
8,20,1,0,1,5,258.10934841955424
8,24,1,0,0,7,255.21632360505413
8,28,0,0,1,0,242.56639236654416
8,29,0,0,1,5,243.80263767613732
8,30,0,0,0,6,235.5523811387194
8,32,0,1,1,6,261.7240708584496
8,33,0,1,1,3,259.6853169628801
8,35,0,1,0,1,239.32693771161559
8,39,1,1,0,7,275.46279166592
8,43,0,1,0,2,239.3658973130728
8,52,0,1,0,3,244.2848378757883
8,53,0,1,1,7,265.52785904677796
8,54,1,1,0,5,257.0768256014576
8,56,1,0,0,7,235.30577742444927
8,57,0,1,1,1,252.47615424184028
8,59,1,1,0,4,255.0098143378967
8,2,1,0,0,4,239.46970894660464
8,12,1,1,1,1,272.2335586668181
8,13,1,1,0,5,255.54504580464138
8,14,0,1,0,2,243.44267916816258
8,16,0,0,0,0,223.79760514942234
8,20,0,0,0,7,228.27259250823943
8,24,0,0,0,7,242.79012606008746
8,29,1,0,0,6,243.6842388199072
8,30,1,1,0,7,257.27039909013934
8,31,1,1,0,3,258.4494149726559
8,33,1,1,0,6,260.4206591653406
8,34,0,0,0,5,229.2383703290347
8,35,1,0,1,2,257.45448744875154
8,36,1,0,1,3,257.9163091457887
8,37,1,1,0,7,265.70535946143355
8,38,0,0,0,6,226.91443080835145
8,41,1,0,0,5,242.2870529781069
8,42,0,0,0,0,224.10058479800173
8,44,0,0,0,4,228.2662824056654
8,50,0,0,1,0,238.38196665165623
8,52,1,0,1,1,254.35901219851104
8,53,1,0,0,2,239.47522210248368
8,1,0,1,0,6,246.42753328605156
8,3,0,0,0,0,225.40275064414826
8,4,0,0,0,1,224.59431337614194
8,8,0,1,1,6,255.62633521308985
8,16,0,1,1,6,258.8697661017849
8,18,0,0,1,4,239.76245199269735
8,19,0,0,1,5,247.11479881015492
8,20,1,0,0,7,260.75876059244405
8,29,1,1,1,1,269.5383024571108
8,31,1,1,0,6,262.8778984990666
8,40,1,0,0,5,239.55501829752075
8,42,0,0,0,1,222.5431623635829
8,47,0,1,0,7,251.83837527658437
8,48,0,1,0,2,241.40854115535979
8,51,0,0,0,2,226.55934549867206
8,55,0,0,0,2,223.78507572858598
8,4,0,1,0,6,248.61330827647714
8,12,0,0,1,3,239.12772351432136
8,13,0,0,0,1,225.65545052637358
8,15,0,1,0,4,240.33973667279636
8,18,1,1,0,0,253.30089896142593
8,19,1,1,0,0,253.08273372942986
8,20,1,1,0,0,258.7260288112227
8,21,1,1,0,5,261.39148159079537
8,22,1,1,1,4,275.36481223776696
8,24,0,1,1,7,274.24437627552925
8,26,1,1,0,6,261.80809801037265
8,31,0,0,1,2,243.1281555082864
8,32,0,0,1,0,243.5131029843788
8,33,0,0,1,7,258.16410044734505
8,34,0,1,0,4,240.78160399117652
8,38,0,0,1,2,239.31548505572542
8,39,0,0,1,6,240.36238482715916
8,40,1,0,1,2,259.2348968389278
8,41,1,1,1,6,270.8270869853858
8,42,0,1,1,5,253.28126737769637
8,43,1,1,1,2,269.1679671360938
8,46,0,1,1,6,255.23818249742345
8,50,0,1,0,2,237.2238739646279
8,53,0,1,1,5,253.6757706581034
8,54,1,1,1,7,274.882441057203
8,55,1,0,1,2,255.1764927101911
8,56,1,0,1,3,255.50361862703147
8,57,1,0,0,2,239.4589217148633
8,0,0,1,1,0,256.5831078900871
8,1,0,1,1,3,255.9819224979097
8,5,1,0,0,2,239.1739279045367
8,6,1,1,0,6,257.43134339176027
8,18,0,0,1,1,240.36574940839185
8,20,0,0,1,7,244.2108670098002
8,26,1,0,0,7,259.44384085932234
8,30,0,1,1,4,258.3298366045983
8,31,0,1,1,6,253.44249623166164
8,35,0,1,0,3,248.38388452429328
8,37,0,0,0,6,232.38622161604064
8,39,0,0,0,2,230.65073846668525
8,49,0,0,1,7,256.57950759833176
8,54,1,0,0,6,239.7095740492698
8,56,0,0,0,0,222.2175509092093
8,14,0,1,0,0,238.36565320668475
8,15,0,1,0,0,239.2736591762773
8,19,0,0,1,4,240.32203142520603
8,20,1,0,1,4,257.2032704965128
8,21,0,0,1,2,242.90843388164998
8,22,0,0,1,4,244.68061185305552
8,25,0,1,1,4,255.76005535434962
8,26,0,1,1,5,260.39910551911623
8,27,1,1,0,3,261.0230071505701
8,30,1,1,0,4,257.19480767600396
8,32,1,1,0,0,257.7689439796102
8,40,0,0,0,1,223.48387009973263
8,45,0,1,0,6,241.5447393357566
8,47,1,0,1,2,252.92465645139671
8,48,1,1,1,7,281.93133699197995
8,51,0,1,0,7,252.28384890295683
8,52,1,1,0,6,266.9382452791049
8,53,1,0,0,1,235.99808137012258
8,54,1,0,0,4,237.38984325257238
8,0,1,1,0,1,253.1074808015274
8,1,1,1,0,6,255.12041431195013
8,5,1,1,0,6,269.3089873735109
8,9,0,0,1,6,240.84143266762436
8,12,0,0,0,0,222.07722691308626
8,16,1,0,0,1,239.3463740502058
8,18,1,1,0,2,255.79462531521565
8,19,1,1,0,2,255.61818019462882
8,20,1,1,0,2,258.591196394781
8,21,1,1,0,1,259.196935005844
8,22,1,1,0,5,256.45235964300014
8,23,0,1,0,5,241.95119978234072
8,28,0,1,0,1,240.99258165772952
8,31,0,0,1,5,243.03420429007997
8,33,0,0,1,2,243.71410785138784
8,37,0,1,1,1,254.49482015747054
8,47,1,0,0,0,235.73826302052356
8,54,0,0,1,1,238.22167784788812
8,58,0,1,0,3,242.02487083692043
8,2,1,1,1,6,271.32966047647074
8,3,0,0,1,7,254.40836891694855
8,7,1,0,0,0,238.37724935684537
8,10,0,0,0,2,224.6184466094779
8,11,0,0,0,1,224.75213927382038
8,12,0,0,0,7,243.02989168399435
8,18,0,0,1,7,243.38152431846063
8,19,0,0,0,4,227.42699881251158
8,23,0,0,0,7,244.43455359621115
8,24,1,0,0,6,245.56230572117667
8,25,0,1,0,7,254.55718808464826
8,28,1,0,0,3,244.03935948471636
8,29,1,0,1,0,251.90124908463275
8,30,1,0,1,1,252.65653738360004
8,37,1,0,0,0,236.37422828835574
8,41,1,0,1,6,255.95831857782537
8,42,0,0,1,2,237.1140022542781
8,43,0,0,1,2,239.351507612339
8,44,0,1,1,7,272.5482648552763
8,47,1,0,0,7,254.9104164933795
8,52,0,0,0,1,227.5359116611632
8,59,0,1,1,3,253.61016791719246
8,0,0,1,0,3,238.8180298768476
8,2,0,1,1,4,254.86969995947243
8,3,1,1,1,1,276.07746675026397
8,4,1,1,0,4,256.8860854901925
8,5,0,1,0,7,253.93618464073407
8,6,1,1,0,3,253.00817027293408
8,9,1,1,0,0,255.91195637686366
8,19,0,0,1,0,239.6301154465968
8,23,0,0,1,1,242.22007468247594
8,32,1,0,0,7,259.1115739014065
8,34,0,0,1,3,241.36046734400517
8,37,0,1,0,2,241.59238711649536
8,40,1,0,1,0,256.17142339375766
8,48,0,0,0,0,223.81911019776345
8,57,0,1,0,2,241.42317527881383
8,1,1,1,0,2,254.59711576978435
8,2,1,1,0,6,255.99717390247724
8,10,1,0,0,2,244.39003166387684
8,11,1,1,0,4,256.77310606639566
8,22,0,1,1,5,259.6355603612386
8,23,0,1,1,7,273.6934776978245
8,25,0,0,1,2,238.8996550117129
8,26,0,1,1,0,256.48555545540427
8,27,0,1,1,0,257.0644029417765
8,28,0,1,1,0,252.8079138358283
8,29,0,1,1,1,256.0126814713491
8,31,0,1,0,7,261.0249714645983
8,33,0,0,1,6,243.28295756620543
8,35,1,0,1,1,256.4051590455388
8,38,1,1,0,0,251.57617352899206
8,46,0,1,0,5,239.12855312467974
8,51,1,0,0,7,253.04527547521008
8,55,0,0,1,0,236.44929419235808
8,56,0,0,1,4,235.7908603686233
8,57,1,0,1,4,252.54794624202512
8,58,0,0,1,1,238.55608077312363
8,59,0,0,1,1,239.97442467407708
8,0,0,0,0,1,222.8963784414965
8,7,0,1,0,7,256.1383382068569
8,11,1,0,1,1,255.71666419809554
8,14,1,0,0,5,243.09044787732518
8,15,1,0,1,3,258.94897386398475
8,16,1,0,1,2,255.31533415533465
8,17,1,0,1,5,256.2076192551761
8,19,0,1,0,1,241.20432395168012
8,20,0,1,0,1,241.67272886998995
8,24,0,1,0,0,242.75434438126342
8,29,1,0,0,7,253.87014978734513
8,31,0,0,1,0,241.02289774591
8,33,0,0,1,5,243.91371887203093
8,34,0,0,0,6,234.8304414472173
8,38,0,1,0,2,241.73626731112324
8,42,0,1,0,6,243.53834945525318
8,43,1,0,0,6,236.05922568737049
8,49,0,1,0,3,241.74237242041798
8,52,0,1,0,5,240.45047313743464
8,53,0,1,0,2,239.6755901687284
8,55,1,0,0,3,237.94721887615194
8,59,1,0,0,1,236.98456980474828
8,0,1,0,0,6,250.5902154691791
8,5,1,1,0,4,254.8861058592304
8,9,1,0,1,4,253.67507493634548
8,10,0,0,1,2,239.99916851842406
8,13,1,0,1,2,257.5376253490726
8,14,1,0,1,6,256.50454078950395
8,15,0,0,1,6,237.86079448999044
8,30,1,1,0,1,255.41828905909935
8,31,1,1,0,4,257.93461933416364
8,32,0,1,0,1,244.55233704775287
8,37,1,0,0,7,254.24884732352305
8,40,1,0,0,3,238.997586839601
8,41,1,0,1,0,252.12441486818776
8,49,0,0,0,4,225.79929987527552
8,51,1,0,1,7,267.70794296745635
8,57,1,1,0,1,252.56473202036696
8,58,1,1,0,3,253.4384555595798
8,0,1,0,0,4,238.09170280687
8,8,1,0,1,4,256.6458419653851
8,9,0,0,1,3,239.05113216785256
8,12,0,1,0,5,242.53984886106662
8,15,0,1,0,3,244.67822930805568
8,18,0,1,0,4,238.7763027089342
8,28,1,0,0,6,247.23345369625406
8,29,1,1,0,6,258.46745410404344
8,32,0,1,1,5,261.28301193712286
8,33,1,1,1,6,278.7828303924211
8,34,1,0,1,3,257.802029661287
8,35,1,1,1,4,268.6666673066491
8,37,1,1,1,5,271.15952400384015
8,39,0,1,0,0,237.65021389939653
8,40,0,1,0,4,240.6690317891434
8,46,1,0,1,1,255.97455015364565
8,49,1,0,0,2,238.88389325481367
8,50,1,0,0,1,239.18504868992946
8,51,1,0,1,2,255.55315133588445
8,53,0,1,0,5,240.60123047290216
8,54,0,1,0,6,242.87750550644472
8,57,0,1,0,4,240.48090042113753
8,3,1,1,0,5,258.2954064421225
8,5,0,1,1,2,255.5842914044248
8,8,0,0,1,0,237.93091888351648
8,9,0,0,1,1,240.01161012587838
8,10,0,0,1,6,241.3100270337401
8,11,0,1,1,1,255.32559525886896
8,12,0,1,1,2,259.38571223646693
8,13,0,1,1,7,256.8663403648523
8,16,0,0,1,0,238.15322321764327
8,25,0,0,1,7,254.18190535032016
8,27,0,1,1,4,257.9446095802318
8,28,1,1,1,1,272.9023490981774
8,34,0,1,0,5,242.5688728717579
8,41,1,0,1,7,272.42032800356964
8,44,0,0,1,2,239.9331846015727
8,45,0,0,1,6,236.89410435998184
8,46,0,1,1,2,252.97399589463853
8,47,0,1,1,4,255.19930364882637
8,48,0,1,1,0,252.00667386827337
8,49,0,1,1,1,251.95503803283674
8,50,0,1,0,3,238.1759987232601
8,56,0,1,0,7,250.73753184098425
8,57,0,1,1,7,267.9274747070256
8,58,0,0,0,5,226.31600700280234
8,59,1,0,1,0,251.5234694966332
8,0,1,0,1,5,254.2431670599486
8,3,1,1,1,0,272.0064135259059
8,5,1,1,1,5,271.47195978877636
8,6,0,1,0,7,244.54026431152636
8,7,0,1,0,1,239.35822892135386
8,9,1,1,0,4,254.56458181702425
8,12,1,0,0,2,240.6243393382448
8,13,1,0,0,0,240.14469011055849
8,14,1,0,0,0,238.5971271911885
8,15,1,0,0,5,240.91027944570544
8,18,0,1,0,5,243.60513622862248
8,19,0,1,1,3,258.2131074682601
8,22,0,1,1,6,272.3049046909967
8,23,1,0,1,2,258.5484080775654
8,24,1,1,1,1,274.5447775176416
8,25,1,1,0,2,258.66496267165786
8,37,1,0,0,2,237.85047029247997
8,40,0,0,1,6,239.33863543509565
8,42,1,1,1,5,271.3049677104962
8,45,0,1,1,5,252.52164007207355
8,50,1,1,0,5,252.3331026709201
8,51,1,1,1,3,268.0245089588924
8,52,1,0,0,1,239.22096057496495
8,56,1,0,1,1,254.41246556086236
8,57,1,0,0,6,244.255473198861
8,4,0,1,1,1,254.74225404218754
8,14,0,1,0,6,247.73424840834204
8,20,1,0,0,6,242.15633041464616
8,26,1,0,0,5,244.29603127671174
8,44,0,1,0,4,239.6329341100321
8,47,1,1,0,3,255.81047405231587
8,48,1,0,0,5,241.23917208679498
8,49,1,0,0,0,236.094268188636
8,56,0,1,0,5,240.62634521922368
8,59,1,0,0,6,240.18243091323814
8,0,0,1,0,1,239.54234639290837
8,1,0,1,1,7,272.67175171219674
8,5,0,0,0,1,221.3708465581805
8,6,0,0,0,4,225.98746363908415
8,12,1,0,0,4,239.07539136212085
8,13,0,0,0,2,227.3721160124871
8,19,0,0,1,6,246.58782792965545
8,20,1,1,1,2,273.1178374611467
8,21,1,0,1,2,255.15216362146575
8,27,1,0,0,0,240.68123100093294
8,32,1,1,0,6,259.7456307423514
8,33,1,1,0,1,259.62107929069845
8,35,1,0,0,6,245.72526088158136
8,38,1,0,0,7,244.4443824710255
8,39,0,1,0,1,238.5274206980795
8,44,0,1,1,3,259.2809297823324
8,45,0,1,0,1,239.91518259053356
8,49,1,0,1,1,254.8348253542351
8,51,0,1,0,5,238.56407889422917
8,54,1,1,1,0,266.4117153136273
8,55,1,1,1,2,269.642289461361
8,0,1,1,0,4,252.90262001864573
8,2,0,1,1,5,254.8462684285587
8,3,0,1,0,6,256.74619063687715
8,8,1,0,0,6,239.75719096214468
8,9,0,1,0,1,238.0793672220922
8,13,0,1,0,1,242.00868109670756
8,16,1,0,0,7,255.1962697912371
8,18,1,0,0,1,240.2207811986046
8,21,1,0,0,2,243.13949911371526
8,25,0,0,0,1,227.77528416604724
8,31,0,1,1,0,252.94400101990215
8,34,0,1,1,0,254.1658138017042
8,35,0,1,1,6,258.4127645887904
8,37,1,1,1,4,269.5244952728826
8,38,0,1,1,2,255.5688366140703
8,43,0,0,0,4,224.84746563047025
8,49,1,1,0,5,253.42151664003703
8,55,0,1,0,7,251.84620316937136
8,58,1,0,1,2,251.01940918804488
8,59,1,1,1,1,268.2357755639286
8,0,1,1,0,3,253.77980775814493
8,7,0,0,0,6,233.73843465459478
8,11,0,1,0,0,238.99898954961816
8,12,0,1,0,7,255.83615330243447
8,13,1,1,0,1,257.71202811429777
8,14,1,1,0,5,255.22353516919378
8,15,0,1,0,5,244.12431244550484
8,31,0,0,0,0,225.0053390539828
8,32,0,0,0,7,243.33456459319834
8,37,0,1,0,6,240.9060516059167
8,52,0,0,1,1,237.76744410662704
8,54,0,0,0,5,224.07561177117935
8,59,0,1,0,1,238.78496400373956
8,1,0,1,0,5,237.5226405906858
8,2,0,1,0,6,240.06302541168964
8,19,1,0,0,4,242.5964382397477
8,27,0,0,1,0,241.67454975901566
8,29,0,0,1,4,243.75318634417025
8,30,1,0,1,5,255.07824699610515
8,34,1,1,1,5,273.07850430666855
8,36,0,1,0,2,239.884847739005
8,39,1,0,0,6,249.99538965642734
8,40,1,1,0,6,254.555339910416
8,41,0,1,0,7,250.7763054526635
8,42,1,1,0,3,258.68917574888775
8,53,0,1,1,1,251.64724690434446
8,56,0,1,1,4,253.89559623545168
8,59,1,1,0,0,251.521809225981
8,3,0,0,1,6,242.62529425934395
8,4,0,1,1,5,254.70002613670306
8,6,1,0,0,0,238.42383156680071
8,22,1,0,0,3,242.50358093326415
8,24,0,0,1,2,241.53784041335464
8,25,0,1,1,6,255.52586821058506
8,26,0,1,1,4,259.704535330821
8,27,0,1,1,5,258.1899918530116
8,28,1,1,0,1,256.45721455149993
8,29,1,1,0,0,254.85043376636477
8,31,1,1,0,1,257.748821906291
8,32,1,1,0,2,258.0459518369665
8,51,1,0,0,3,238.30312695576353
8,52,1,0,1,2,254.5176235266176
8,53,1,0,1,6,254.63258438144655
8,54,1,0,1,2,250.7673599912834
8,55,1,1,1,7,282.6929814731784
8,5,1,1,0,2,256.4306916125124
8,7,1,1,0,1,254.6747582064754
8,8,1,1,0,3,252.7847192815454
8,24,1,0,1,5,257.5108089846852
8,27,1,0,0,2,239.83194364861265
8,32,1,0,1,4,259.71136149119314
8,34,1,0,0,2,240.3748387960135
8,35,1,1,0,3,257.8649019383771
8,36,1,0,0,3,241.31862797101826
8,40,1,0,0,6,249.72679054093598
8,41,1,0,0,1,239.5071922498108
8,42,1,0,1,2,252.43006317138477
8,44,1,0,1,6,256.34738394217976
8,45,0,0,1,3,240.34193264526166
8,55,1,1,0,1,254.87576814191777
8,57,1,1,0,6,251.64423483601192
8,3,0,0,1,1,241.45212907219891
8,8,0,0,1,3,239.42845851345533
8,15,0,0,0,4,227.01811757560674
8,18,0,1,1,7,272.4294379617884
8,23,1,0,0,3,241.57470602522315
8,24,1,0,1,2,256.7269465421318
8,25,1,1,1,3,274.6398712901037
8,27,1,1,1,5,271.6619787583389
8,31,1,1,1,6,286.66163225170925
8,32,0,0,1,3,244.99097601325752
8,33,0,0,1,4,242.10923969402722
8,44,1,0,0,4,239.3535895927826
8,49,0,1,1,7,269.29978071381026
8,50,1,0,0,4,237.5344915733217
8,54,1,1,0,1,252.5665505251479
8,56,1,1,1,4,271.3359655425714
8,57,1,1,1,2,269.43903787838696
8,58,1,1,1,0,270.717811903633
8,59,1,1,1,3,274.8562932615683
8,1,1,1,1,3,271.34199169922636
8,2,1,0,1,0,253.70003564943522
8,10,1,1,0,0,256.59606518116425
8,11,1,1,0,3,258.46435111438194
8,15,1,0,0,3,243.1901994098573
8,16,1,0,0,2,238.9953063047286
8,17,1,0,0,7,243.98392737543998
8,21,1,0,0,3,242.61160697352267
8,22,1,0,1,6,258.5861056218547
8,26,1,1,0,7,275.2687107151926
8,29,0,0,0,3,237.75265301449414
8,33,0,0,1,1,243.01558379112512
8,37,1,1,0,4,251.41275798301533
8,46,0,0,1,5,239.37701344925713
8,51,1,1,0,1,250.5711558338089
8,54,0,1,1,6,255.96442131698967
8,55,1,0,1,1,252.6331843275244
8,57,1,0,0,7,252.50518570564034
8,58,0,0,0,4,223.39997665681398
8,3,1,0,0,2,237.6219324494771
8,8,1,1,0,2,254.97229935198027
8,17,1,1,0,4,257.9246774892337
8,21,1,1,0,0,256.08411190248813
8,22,1,1,0,3,262.9505042479924
8,23,1,0,0,4,241.55082266324902
8,25,0,1,1,5,258.9289026195848
8,31,1,0,0,1,242.70564903627167
8,32,1,0,0,3,245.76686182734406
8,35,1,1,0,1,253.7133289662753
8,36,1,1,0,3,255.57920588493548
8,37,1,1,0,2,250.36793665803654
8,40,1,1,1,4,273.07529072270836
8,43,0,1,1,3,255.82851377448873
8,45,1,1,0,5,260.27483440786415
8,50,1,1,0,2,253.2343145302911
8,57,1,0,0,1,237.8065745957736
8,58,1,0,0,7,255.22069610614363
8,59,0,1,1,2,253.43122253233042
8,0,0,0,1,4,239.41389437266798
8,1,0,0,1,1,237.531777738215
8,6,1,0,0,4,242.69924601237912
8,7,1,0,0,6,250.97429403536324
8,8,0,1,0,4,240.47902617107007
8,11,1,0,1,4,255.55851691734279
8,15,1,1,1,0,269.2988029913938
8,16,1,1,1,3,271.712725227551
8,18,0,1,0,2,242.45260219101363
8,22,0,1,1,1,259.2798131285594
8,28,0,0,1,1,242.30401597960918
8,31,0,0,0,1,228.58684773156426
8,32,0,0,1,6,245.08411317073885
8,33,1,0,1,0,256.05462992138445
8,34,1,0,1,0,255.0678913433546
8,35,1,0,1,3,265.09908664444794
8,46,0,1,1,1,253.9901591449166
8,49,0,1,0,4,237.80899839693345
8,56,1,0,0,2,239.32664654997802
8,4,1,1,0,2,252.34428807541173
8,6,1,1,0,7,268.56334293714514
8,13,0,1,0,3,247.0573840476609
8,14,0,1,0,7,255.341635810872
8,15,0,1,0,1,239.8046211513785
8,32,0,0,1,5,245.37624585381135
8,33,0,0,0,5,234.19131134452175
8,37,0,0,1,3,239.34072633885668
8,43,1,0,1,7,256.3189491326451
8,47,0,1,1,3,257.61639674010564
8,58,1,0,1,4,251.045095792558
8,0,0,0,1,6,236.53402027607248
8,1,0,1,1,2,258.0908620381925
8,2,0,0,1,3,239.38466924417384
8,3,0,1,1,1,256.5000997396289
8,5,0,1,0,6,244.7228577365645
8,24,1,1,0,5,260.565622682448
8,34,1,0,0,1,241.18061247543366
8,40,1,1,0,5,252.20650859144132
8,41,1,1,0,1,253.8559633375573
8,42,1,1,1,6,271.467191309966
8,43,0,0,1,0,236.03151327538194
8,44,0,0,1,4,240.96528606956585
8,45,0,0,1,0,235.82235135216368
8,49,0,1,1,0,251.55400953484553
8,50,0,1,1,4,250.63860629065863
8,52,1,1,1,6,269.68044574633984
8,53,1,1,1,0,266.84651791819795
8,55,0,1,1,1,254.91248781970395
8,1,0,0,1,7,253.40174187419288
8,2,0,0,1,0,237.20230810373735
8,6,1,0,1,2,261.6437526861129
8,7,1,0,1,7,269.9989444898833
8,15,1,0,0,4,241.84560266639068
8,22,0,1,0,4,245.3658735842743
8,24,0,1,1,2,257.0889801277779
8,26,1,0,1,5,259.26792646500866
8,30,1,1,1,5,269.2171320658925
8,31,1,1,0,0,256.99775783312674
8,32,1,1,0,5,258.6762573810706
8,33,0,1,1,2,258.79754272422275
8,34,0,1,1,1,253.01765256708518
8,45,1,0,0,3,244.07166441728717
8,46,1,0,0,1,237.84849149394833
8,47,1,0,1,7,267.57621949176377
8,48,0,1,1,1,253.0054343560409
8,49,0,1,0,0,237.13928913453788
8,59,1,0,0,2,239.60343356570183
8,3,1,1,1,2,275.4564567904255
8,4,1,1,1,5,270.52728869667914
8,17,1,1,0,6,259.187964327003
8,19,0,1,1,4,257.9337838405082
8,20,0,1,1,5,254.95186018919554
8,21,1,1,0,6,259.8433244729801
8,23,0,1,0,6,245.54986294361018
8,27,0,1,0,5,243.33146831864013
8,38,0,1,0,5,238.66967898869487
8,47,0,0,0,3,230.11876688626117
8,53,0,0,1,7,237.694997478766
8,56,0,1,0,0,236.90619699285452
8,20,0,0,0,0,225.7206768640686
8,25,1,1,0,1,256.49223248755857
8,33,1,0,0,2,240.6027629001776
8,35,1,1,1,2,282.367405010134
8,37,1,1,1,6,270.763811432747
8,38,0,0,1,5,243.0841942919708
8,52,1,0,0,6,243.55147545848416
8,58,0,1,1,5,254.8870322322427
8,11,0,0,0,6,224.0064440718199
8,17,0,1,0,3,242.2562741087029
8,30,0,0,1,4,238.26281038535123
8,31,1,0,1,5,257.9393052282158
8,35,0,1,1,4,257.9620028244607
8,37,1,1,1,1,268.6077062618785
8,38,1,1,0,1,252.3850755409249
8,39,1,1,0,2,255.8905982628811
8,40,1,1,0,1,251.9701419790268
8,42,1,1,1,3,269.98493264006026
8,43,1,0,0,0,235.98797812480623
8,44,1,0,0,5,242.46753732783517
8,48,1,1,0,2,250.55979917260552
8,58,1,1,0,6,260.4504138370007
8,1,0,0,0,1,221.53553268166868
8,10,1,0,1,5,256.8408940857121
8,16,1,0,0,4,241.0851968515587
8,17,0,0,0,1,226.1565299447561
8,20,1,0,1,2,257.5224801490405
8,21,1,0,1,1,255.7630991328049
8,22,1,0,1,5,257.8683848963515
8,23,0,0,1,4,239.929466596625
8,32,0,0,0,3,235.46481871576702
8,40,0,0,0,6,234.1881696528336
8,43,0,1,1,2,254.8025278184737
8,44,0,1,1,4,255.4576679327575
8,55,1,0,1,4,252.2988118845673
8,57,0,0,1,3,235.27751608404202
8,22,1,1,1,0,273.27159458505065
8,32,1,1,0,1,257.5981067168684
8,33,1,1,0,7,273.17864954251115
8,34,0,0,1,1,242.67921940778612
8,36,1,0,0,2,241.59878687953707
8,39,1,0,0,4,238.11119878987373
8,44,1,0,0,7,237.48210281377584
8,45,1,0,1,5,258.0392102587376
8,47,0,1,1,0,251.12538775330285
8,50,0,1,1,0,250.5376230590865
8,52,1,0,1,7,269.198455027627
8,4,0,0,1,3,252.42219182500818
8,5,0,0,1,6,238.26180334310072
8,6,1,1,1,6,273.2139072360816
8,13,1,0,0,1,238.60034961366514
8,18,0,1,1,2,257.4294644449133
8,21,0,1,0,0,239.70285763800035
8,27,0,1,0,0,241.36336898243857
8,29,0,1,1,4,255.0249966237264
8,30,0,1,1,1,257.96496312804317
8,37,1,0,1,1,251.95599078350148
8,41,0,0,1,5,236.9889803903609
8,43,1,0,0,4,239.10673786139637
8,0,0,0,1,3,238.92627107938884
8,23,1,0,0,5,243.02619728298146
8,30,1,0,0,7,241.83560762931486
8,35,0,0,1,7,252.91439992759032
8,50,1,1,1,4,266.98732712001305
8,51,1,1,1,4,266.8157022595309
8,53,1,1,0,0,251.14132193901037
8,54,1,1,0,6,254.96300583252156
8,59,1,0,0,3,241.14408832938244
8,0,1,0,0,1,235.59390757911268
8,1,1,0,0,6,237.5475845588019
8,4,0,0,0,6,233.1417790476568
8,11,0,1,1,2,254.73507177392645
8,12,0,1,1,0,253.0489193519305
8,13,0,1,1,3,255.84575834861096
8,14,0,1,1,2,254.43838973116692
8,18,0,0,1,0,240.1568325712172
8,30,0,0,0,7,243.1690536791211
8,33,0,1,0,4,243.25664295994451
8,43,1,1,0,0,252.26347161423632
8,44,1,1,0,5,253.7010227759693
8,51,0,0,1,5,238.09984205366897
8,58,1,0,0,5,238.92295097000633
8,0,0,0,1,2,239.19772623279496
8,1,0,1,1,0,253.4137997223144
8,2,0,1,1,7,269.874138870592
8,12,0,1,1,5,259.78673861506553
8,27,0,0,1,7,263.47531830358
8,34,1,0,1,1,256.6169473871496
8,37,0,0,1,2,237.3099556881694
8,38,0,1,1,4,253.7609520666117
8,39,0,1,1,4,254.42299100065887
8,40,0,1,1,7,271.37957958341383
8,50,0,1,0,7,257.237836351895
8,53,0,1,0,0,236.0335467844257
8,56,1,1,0,4,251.9987404591709
8,59,1,0,0,0,234.003244196819
8,2,0,0,0,5,226.72662978178045
8,7,0,1,0,3,240.8510305265641
8,8,0,1,0,1,238.29156436857102
8,17,1,0,0,0,238.06206330442203
8,32,1,0,1,0,253.00878804845158
8,33,1,0,1,6,255.1523387790482
8,36,0,1,1,5,254.24089355952492
8,40,1,0,0,2,236.17367973165977
8,47,1,0,0,3,241.16734985611183
8,9,0,1,0,0,237.8670315950561
8,16,0,0,0,3,227.65993669148634
8,33,1,0,0,1,238.81863417347313
8,34,1,0,0,0,240.220752126381
8,36,0,0,0,3,230.86361963496992
8,38,0,1,1,6,255.0792919486846
8,40,1,0,1,7,256.4999605395563
8,41,1,1,1,5,270.01262279450305
8,44,0,1,1,6,256.7116394899718
8,47,1,0,1,0,250.33829688564782
8,48,1,0,1,4,252.01307790959316
8,49,1,0,1,6,254.5968657858542
8,52,1,1,1,0,263.72093333356685
8,54,1,1,1,1,273.5109491427603
8,56,1,1,0,0,251.90689752422878
8,3,0,0,1,3,240.83380352104857
8,4,0,1,1,3,254.47802775594823
8,9,1,1,0,7,271.5771750901443
8,10,0,1,1,7,262.39194558168265
8,11,0,1,1,3,257.0173499818475
8,18,0,1,1,6,258.1799255643568
8,20,1,1,1,7,283.39238086434597
8,22,1,1,0,4,255.48071787962033
8,35,1,1,0,4,256.67954363762976
8,42,1,0,0,5,244.26239213867893
8,2,0,0,1,2,237.2225159142544
8,3,0,1,1,4,255.47909057146515
8,23,1,1,1,6,276.7337445193032
8,24,0,1,1,1,259.2879564060679
8,27,1,0,0,6,248.79939303069992
8,28,1,0,0,1,243.52215349822444
8,29,1,0,0,1,244.04076517386864
8,30,1,0,1,4,254.04140259188043
8,34,1,0,0,4,243.43488578665404
8,39,0,1,1,6,254.72542638377845
8,41,0,1,1,7,253.10377765869563
8,46,0,0,1,3,241.71636546726833
8,48,0,0,1,1,239.22510435448936
8,50,1,0,0,5,240.6792837257645
8,58,1,1,0,2,252.74483595875304
8,59,1,1,0,2,252.0436515265929
8,0,1,0,0,2,238.26407513101464
8,7,0,0,0,7,241.28918205729974
8,26,0,1,0,0,240.82815528287333
8,28,0,1,1,4,256.720551054441
8,35,1,0,0,7,256.08046153545246
8,37,1,0,0,5,243.64084752556016
8,39,0,0,1,3,241.48561832213426
8,43,0,1,1,7,269.09258992132555
8,45,1,1,1,1,269.97447356413943
8,46,1,1,1,5,270.71524917629716
8,58,0,1,0,5,243.60566542510492
8,4,0,1,0,7,252.2443195945362
8,6,0,0,1,4,240.27584030355638
8,7,0,0,1,7,253.54987269306613
8,9,0,1,0,7,254.93613023075417
8,12,1,1,0,7,270.275180428044
8,14,0,0,1,6,242.1489514791338
8,15,0,1,1,0,255.33748168177306
8,16,0,1,1,0,255.76395787861566
8,21,1,0,0,7,242.38325981775532
8,24,1,1,0,4,258.1781278934967
8,2,1,0,1,1,253.13549856085163
8,3,1,0,0,6,238.05212567105218
8,10,1,0,0,6,245.21129895187082
8,13,1,1,1,0,268.9655487196867
8,14,1,1,1,0,267.9434555966816
8,16,1,1,1,5,272.12871282645364
8,17,0,1,1,1,255.88864357786122
8,23,0,0,0,2,232.08972228800602
8,29,0,1,1,5,256.0767027352274
8,31,0,1,1,7,252.94719312384368
7,36,0,0,1,3,246.50386503485475
7,37,0,1,0,7,261.4915311019438
7,38,0,0,0,3,228.65556337135786
7,39,0,0,0,4,233.22593795073504
7,40,0,0,0,3,233.81712216640202
7,41,0,0,0,2,232.05474619827243
7,42,0,1,0,4,244.4116200054184
7,43,0,1,0,6,250.51454300085797
7,44,1,1,0,3,262.93178909272046
7,45,1,1,0,5,258.90861107970653
7,46,0,1,0,7,260.23484427641955
7,47,0,0,1,7,255.58398839010488
7,48,0,0,0,0,227.24074664766815
7,49,0,0,0,4,229.20837502124135
7,50,0,0,0,7,243.83292865133683
7,51,0,0,0,5,232.84623667802677
7,52,0,0,0,2,232.60617845997632
7,53,0,0,0,0,228.74806531649597
7,54,0,0,0,0,228.0283153999509
7,55,0,0,0,2,231.50984659184124
7,56,0,0,0,6,232.5625776332894
7,57,0,1,0,3,248.2340408556712
7,58,0,1,0,4,242.1170050808314
7,59,1,1,0,6,262.06029009025565
7,0,0,0,0,1,229.06327408539798
7,1,0,0,1,6,242.08805889071334
7,2,0,0,1,1,238.9161216736317
7,3,0,0,0,1,231.16079761057426
7,4,0,0,0,2,231.09250126073744
7,5,0,1,0,7,259.8803753660864
7,6,0,0,0,2,230.23889738279564
7,7,0,1,0,5,247.4727624480514
7,8,0,1,0,0,240.9938362198318
7,9,0,1,0,0,242.61131209093628
7,10,0,1,0,6,247.87088354971166
7,11,0,1,0,2,243.7272922941051
7,12,0,0,0,0,229.4284306531703
7,13,0,0,0,6,235.8063516045493
7,14,0,0,0,6,233.99376755631687
7,15,0,0,0,1,234.5758704893697
7,16,0,0,0,2,232.12995087833085
7,17,0,1,0,3,254.89990921105073
7,18,0,1,0,2,251.2772367270421
7,19,0,0,0,2,232.38390742816352
7,20,0,0,0,7,239.44080378386732
7,21,0,1,0,5,247.02149175984073
7,22,0,1,0,0,241.47496055327898
7,23,0,1,0,2,243.6307998012374
7,24,0,1,0,1,245.79117923845544
7,25,0,1,1,2,262.8562314392463
7,26,0,1,1,0,254.4314960087517
7,27,0,1,1,7,271.8348976678636
7,28,0,0,1,7,256.0129413934564
7,29,0,0,1,3,247.62002911792516
7,30,0,0,0,3,237.14970892139792
7,31,0,0,1,0,240.8818557785646
7,32,0,0,1,6,243.66885921929858
7,33,0,0,1,1,239.8364872449418
7,34,0,0,0,7,241.32459435133393
7,35,0,0,0,0,226.28858095149596
7,36,0,0,0,7,239.64666830173957
7,37,0,1,0,4,248.71745801696343
7,38,1,1,0,3,258.2917631600868
7,39,1,0,0,1,240.62337421719016
7,40,1,0,0,1,239.99675118305927
7,41,1,0,0,4,241.2048486204616
7,42,0,0,0,6,233.943552443431
7,43,1,1,0,3,265.36958637955166
7,44,1,0,0,2,244.43581489090366
7,45,1,0,0,0,240.1858616754299
7,46,1,0,0,6,251.4563874382913
7,47,1,0,0,2,244.35624396221368
7,48,1,0,0,1,240.34398284362058
7,49,1,0,0,7,246.48392557866762
7,50,0,0,0,5,235.1628362587404
7,51,0,0,0,7,235.16838254782098
7,52,0,0,0,4,230.11371605266845
7,54,0,0,0,3,234.94456311671007
7,55,0,1,0,1,241.62636746496798
7,56,0,1,0,7,255.96346722797432
7,57,0,1,0,4,245.36180677503722
7,58,0,1,0,5,245.2924432124455
7,59,0,1,0,6,256.11077892689667
7,0,0,1,0,1,244.2902038024805
7,1,0,1,1,3,258.0487941223146
7,2,0,0,0,6,229.61263043055828
7,3,0,1,0,5,241.59413777098382
7,4,0,1,0,2,245.0913708428721
7,5,0,1,0,3,244.98220154914324
7,6,0,0,0,0,227.00767392010997
7,7,0,0,0,1,228.04179072449878
7,8,0,0,0,5,230.52494734753796
7,9,0,0,0,7,240.60162721168084
7,10,1,0,1,3,253.6185272728108
7,11,1,1,1,1,270.4894636814999
7,12,1,1,1,1,267.98648785946176
7,13,1,1,0,4,256.6691424838926
7,14,0,1,0,0,245.06237325839052
7,15,0,1,0,1,244.01196164202997
7,16,0,1,0,2,248.81457844983296
7,17,0,0,0,6,232.9361498795132
7,18,0,0,0,3,236.5390920237754
7,19,0,1,0,2,246.50776871388152
7,20,0,1,0,7,255.37722537076493
7,21,0,0,0,7,241.56168613424978
7,22,0,0,1,1,245.4563432550271
7,23,0,0,1,2,241.695344515812
7,24,0,0,1,1,244.38573495515158
7,25,0,0,0,4,229.80122159150864
7,26,0,0,0,7,232.8431567335807
7,27,1,0,0,5,248.8467632073333
7,28,0,0,0,6,234.70600228744848
7,29,0,1,0,3,247.84104061398543
7,30,0,1,0,7,258.6547798728632
7,31,0,1,1,7,273.9014056512368
7,32,0,1,0,0,243.5884806166804
7,33,0,1,0,2,248.46323689808742
7,34,0,1,0,6,253.27712058582617
7,35,0,0,0,6,231.54687800061964
7,36,0,0,0,0,228.76966587143272
7,37,0,0,0,4,228.86498037861892
7,38,0,0,0,6,233.9062551230835
7,39,0,1,0,3,248.27589531040215
7,40,0,0,0,5,229.48929903123388
7,41,0,0,0,5,228.66272558550645
7,42,1,0,0,7,264.9393286856294
7,43,0,0,0,7,242.3885715098919
7,44,0,0,1,7,257.58116348562544
7,45,0,0,1,0,242.33695560544612
7,46,0,0,1,6,245.05356202918966
7,47,0,1,1,5,257.2832155771591
7,48,0,1,0,5,250.91814390348202
7,49,0,1,0,6,245.90508220558246
7,50,0,1,0,1,241.89305650655373
7,51,0,1,0,3,242.83655931422237
7,52,0,0,0,7,236.1887492352258
7,53,0,1,1,4,260.87693265984524
7,54,1,1,1,2,273.3406969875496
7,55,1,1,1,4,271.9628408658517
7,56,1,1,1,6,274.5383676520712
7,57,1,0,1,1,257.6510758031772
7,58,1,0,0,7,258.7838616305279
7,59,0,1,0,3,244.9075743954192
7,0,0,0,0,7,241.64246609756324
7,1,0,0,0,2,230.1758605270756
7,2,0,0,0,2,234.3692038117094
7,3,0,1,0,2,245.48422378987448
7,4,0,0,0,3,232.7869561581894
7,5,0,0,0,7,237.84154932356802
7,6,0,1,1,0,249.4812248799702
7,7,0,1,1,0,252.74825646235536
7,8,0,1,1,5,255.98410377442065
7,9,0,1,1,7,272.17263902469364
7,10,0,1,1,7,261.92385112632036
7,11,0,0,0,2,233.02447524628053
7,12,0,1,0,3,246.79010010953303
7,13,0,1,0,6,250.8878759680501
7,14,0,1,0,2,247.89934332833982
7,15,0,0,0,3,237.7649274936736
7,16,0,0,0,3,233.3072627177898
7,17,0,0,0,7,245.40710875926146
7,18,0,0,0,5,235.79539788870923
7,19,0,0,0,3,234.39509561153758
7,20,0,0,0,0,229.83721716371718
7,21,0,0,0,4,233.5582933451203
7,22,0,0,0,2,234.8769781719102
7,23,0,1,0,1,243.72125753284786
7,24,0,1,0,3,247.13266720540153
7,25,0,0,0,3,235.75641427310728
7,26,0,0,0,5,232.4606429540674
7,27,0,0,0,2,232.9182414611285
7,28,0,1,0,2,248.02307929404475
7,29,0,1,0,4,246.65174757509857
7,31,0,1,0,1,244.3248293814941
7,33,0,1,0,0,242.9906503603402
7,34,0,1,0,1,242.3793181338444
7,35,0,1,0,7,256.070332985075
7,36,1,1,0,3,259.4742373567157
7,37,1,0,0,6,245.53284858871706
7,39,0,0,1,4,243.0193418313212
7,40,0,0,1,4,240.64586866926402
7,41,0,0,1,2,245.1764353225875
7,42,0,1,1,3,259.0030248046874
7,43,0,1,0,4,246.23717809659013
7,44,0,1,0,3,247.5215560484036
7,45,0,0,0,1,230.57722205963702
7,46,0,0,0,1,229.88541948966807
7,47,0,0,1,0,238.70992213114394
7,48,0,0,1,3,246.9681082159596
7,50,0,0,0,6,235.53412273618358
7,51,0,1,0,4,241.65213684526535
7,52,0,1,0,6,246.9950216784559
7,53,1,0,0,6,254.9202251532215
7,54,0,1,0,5,246.92397969519004
7,55,0,1,0,4,247.1809137242613
7,56,1,1,0,5,256.75739620385326
7,57,1,1,0,5,264.3662746345405
7,58,1,1,0,7,272.99467971739574
7,59,0,0,0,2,235.61282912915485
7,0,0,1,0,5,245.5699254037117
7,1,0,1,0,0,238.25562350746333
7,2,0,1,0,3,243.56168347278037
7,3,0,1,0,7,253.1915007233563
7,4,0,1,1,1,252.80391250208268
7,6,0,0,1,1,243.14404728164266
7,7,0,0,0,3,232.99171345755454
7,8,0,0,1,4,242.60816408580413
7,9,0,0,1,3,257.45485977933924
7,10,0,0,0,1,232.08381995365838
7,11,0,0,1,4,243.00741418769965
7,12,0,0,1,1,241.9582975096803
7,13,0,0,0,2,233.80115581253528
7,14,0,0,0,3,234.1693676771058
7,16,0,0,0,1,229.3536296994807
7,17,0,0,0,5,232.0205295663499
7,18,0,0,0,4,233.19901009029846
7,19,0,0,0,5,233.56002968883263
7,20,1,0,0,2,246.03968124072293
7,21,1,1,0,1,256.16166285352216
7,22,1,1,1,3,281.74783723734726
7,23,1,1,1,6,273.91228817564235
7,24,1,1,1,7,287.6027608180533
7,25,0,1,0,2,244.58033922738065
7,26,0,0,0,1,228.45609541065585
7,27,0,0,0,6,234.50901800598805
7,28,1,0,0,7,261.0577665243373
7,29,0,1,0,1,244.0105487791195
7,30,0,1,0,1,245.85731960286492
7,32,0,1,0,6,250.03907685000502
7,33,0,0,0,6,232.49453114394325
7,34,0,1,0,0,241.3066772738086
7,35,0,1,0,1,245.72843969968585
7,36,0,1,0,7,260.68281849092034
7,37,1,0,0,2,245.4198529172745
7,38,1,1,0,1,256.12489230247184
7,39,1,1,1,6,270.0825134455686
7,40,1,1,1,3,271.7737809361075
7,41,1,1,0,6,265.98848426247145
7,42,1,0,0,5,243.8796680438449
7,43,0,0,0,0,228.55162202048714
7,44,0,0,0,5,232.02741157920627
7,47,1,0,1,1,253.4159675534059
7,48,1,0,1,3,256.34785416240476
7,49,1,0,0,6,255.90893412483396
7,50,0,0,0,3,232.77341898522005
7,51,0,0,0,6,229.74706598728687
7,52,0,0,0,5,229.67544647397568
7,53,0,0,0,5,234.23821822689897
7,55,0,0,0,7,243.2300151285094
7,56,0,0,0,0,226.21639010028525
7,57,0,0,0,3,229.1844641122905
7,58,0,0,0,7,240.17169549494784
7,59,1,0,0,6,252.88075818405105
7,0,0,0,0,4,229.61747940217583
7,1,0,0,0,5,235.11556694499365
7,3,0,1,0,1,238.26038582274074
7,4,0,1,0,6,244.10212781930116
7,5,0,0,0,6,229.0355734331385
7,6,0,1,0,0,239.2093009041679
7,8,0,1,0,4,241.75399238443362
7,9,1,1,0,5,257.3751909665151
7,11,0,0,0,1,234.39022323179057
7,13,0,0,0,5,234.20240481381316
7,14,0,0,0,0,228.67052125120225
7,15,0,0,0,6,235.06239828962455
7,16,1,0,0,1,249.4829024464176
7,17,1,0,0,5,246.62460031921046
7,18,0,0,0,6,236.88045445424615
7,19,0,0,0,0,230.72226733497877
7,21,0,0,0,0,227.63486829712872
7,22,0,0,0,5,234.3600591433873
7,23,0,0,0,7,233.1951971465102
7,25,0,1,1,6,261.43133671116215
7,26,1,1,1,7,274.70002103334923
7,27,1,1,0,6,261.55092283369675
7,28,1,1,0,7,275.9600688688384
7,29,1,0,1,1,254.94562063575177
7,30,1,0,1,7,258.19643288152105
7,31,0,1,0,6,259.6423559610355
7,32,1,1,0,1,258.94797291598326
7,33,1,1,0,4,259.10903556112766
7,34,1,1,0,2,258.5362892464822
7,35,1,0,0,1,241.09568059102708
7,36,1,0,0,3,245.73479358471667
7,37,1,0,1,6,255.95146451711133
7,38,0,0,1,5,245.217792906744
7,39,0,0,0,1,230.08006838485213
7,40,0,0,0,6,230.69129822053878
7,41,0,0,0,3,230.57070340545135
7,42,0,0,1,5,243.14320703929408
7,43,0,0,0,1,231.00917725751032
7,44,0,0,0,6,235.83001087975111
7,45,0,0,0,7,244.762162174066
7,46,0,0,0,5,235.02144970220635
7,47,0,0,1,4,241.14202891680162
7,49,0,1,0,4,244.2318003087326
7,50,1,1,0,4,255.76025780070967
7,51,1,1,0,4,255.4460915510342
7,53,1,1,0,0,255.1143119226569
7,54,1,1,0,7,275.725071960458
7,55,1,0,0,0,240.05329244354198
7,56,1,0,0,6,247.3756444819002
7,57,1,0,0,0,242.44382528181498
7,58,1,0,0,5,248.46258600562845
7,59,0,0,0,5,233.0562680596613
7,0,1,0,1,6,262.74764801452244
7,1,0,1,1,4,256.0573974069897
7,2,0,1,1,4,253.41350076351497
7,3,0,1,1,3,271.27792471369236
7,4,0,1,0,1,240.94643131050162
7,5,0,1,1,2,257.5152437786343
7,6,0,0,1,7,260.38849710294227
7,7,1,0,1,5,260.771885607745
7,8,1,0,0,4,245.58905975922787
7,9,0,0,0,0,227.68826993847927
7,10,0,0,0,5,233.26191902303623
7,11,1,0,0,6,247.27698442144663
7,12,0,1,0,5,248.61484647118306
7,13,0,1,0,2,249.54160686591752
7,14,0,0,0,7,244.03048443800208
7,15,0,1,1,3,262.66324886395046
7,16,0,0,0,5,231.81412256385983
7,17,1,0,0,4,246.1115124264102
7,19,0,1,0,0,243.09589975198065
7,20,0,1,0,3,251.7516991908326
7,21,0,0,0,3,237.02581608436986
7,22,0,1,0,1,241.6753209487089
7,23,0,1,0,3,247.38987065823952
7,24,0,0,0,0,228.03341054716293
7,25,0,0,0,7,239.5242852036609
7,26,0,1,0,0,242.67034310371844
7,27,0,1,0,7,258.95061681052874
7,28,1,0,0,5,243.87141316729284
7,29,0,0,1,5,241.24083158368677
7,30,0,0,0,2,232.41211440586346
7,31,0,0,0,5,231.4832850123787
7,32,1,0,0,0,241.21203852437097
7,33,1,0,0,5,248.52361030279818
7,34,1,0,0,3,246.99378071977685
7,35,1,0,0,2,242.2534085028598
7,37,1,0,0,0,238.03166591951143
7,38,1,0,0,0,240.82056227617903
7,39,1,0,0,5,245.2262015792381
7,42,0,1,0,0,242.49377508314947
7,43,0,1,0,3,249.19604582788907
7,44,0,0,0,7,245.64048739323945
7,46,0,0,1,1,243.387914625492
7,47,0,0,0,5,229.7248108376075
7,49,1,0,0,0,239.37288066725023
7,50,1,0,0,0,237.44164439827128
7,51,1,0,0,4,245.13138052035396
7,52,0,0,0,0,226.60456443724436
7,53,0,0,0,6,236.96964531265493
7,54,1,1,0,1,255.31287011292721
7,55,1,1,0,2,257.3522457407762
7,56,1,1,0,6,259.69017267667505
7,57,0,0,0,1,228.58894599763727
7,58,0,0,0,6,235.5528279257959
7,59,0,0,0,7,238.48684114136844
7,0,1,1,0,0,252.0980859522088
7,1,1,1,0,3,255.7153896551905
7,2,1,0,0,4,241.06843757835156
7,3,0,0,0,6,231.24908801382168
7,4,1,0,0,6,253.09901259515922
7,5,0,0,0,3,231.36569523426556
7,6,0,1,0,3,242.29017071253918
7,7,0,1,0,3,249.72158598982048
7,9,0,0,0,3,234.84268063068367
7,10,0,0,0,7,244.8274090287849
7,11,1,0,0,7,256.4528830237215
7,12,0,1,0,0,245.08513065889665
7,13,0,1,0,5,246.63729105366787
7,15,0,1,0,3,250.6764939576041
7,16,0,1,0,1,241.895284493051
7,17,0,1,1,3,268.15146834694184
7,18,0,1,1,6,274.44116747988056
7,19,0,0,1,5,246.03440714426134
7,20,1,0,1,5,261.43721340377033
7,22,0,0,1,6,249.7366429479219
7,23,0,0,1,4,243.2110631196859
7,24,0,0,1,4,242.05685366881215
7,25,0,0,1,2,246.36098994323615
7,26,0,1,1,5,265.39969995129957
7,27,0,1,0,3,246.82574634294568
7,28,0,0,0,1,231.89978638300494
7,29,0,0,0,7,245.0204072701542
7,30,0,0,0,0,225.91710138215743
7,31,0,0,0,3,234.50116740261524
7,32,0,1,1,3,255.22087855235168
7,33,0,1,0,7,259.50386096564523
7,34,0,1,0,2,250.08956676422488
7,35,0,0,0,4,230.96921083637324
7,36,0,0,0,1,228.99549623507684
7,37,0,0,0,6,234.85271559270055
7,38,0,1,0,2,246.14190918173495
7,39,0,1,0,6,248.28359132947406
7,40,0,1,0,5,246.26245167267777
7,41,0,1,0,2,244.3920765316457
7,42,0,1,0,6,250.36406901898755
7,43,0,0,0,6,235.2063264177576
7,44,0,1,0,2,247.98237807399443
7,45,0,1,0,7,256.47068236800226
7,46,0,1,0,5,247.78220701015152
7,47,0,1,0,7,254.30202778213058
7,48,0,1,0,1,240.74289133673014
7,49,0,1,0,0,236.84571306806293
7,50,0,1,0,3,250.00820650244978
7,52,0,1,0,0,241.05485991436666
7,53,0,1,0,0,243.9194686589936
7,54,0,1,0,3,250.28420827288724
7,55,0,0,1,7,259.7632328553053
7,56,0,0,0,4,228.03034692033324
7,58,0,1,0,1,244.65273098774736
7,59,0,1,0,7,250.46060609535337
7,0,1,1,0,7,271.8098725260063
7,1,1,1,0,2,255.45971587675473
7,2,1,0,0,7,258.2543674740741
7,3,0,0,0,4,226.72156213610518
7,4,0,0,0,7,240.39576200077562
7,6,0,0,1,5,243.33866105439964
7,7,1,0,0,0,240.74308602922676
7,8,1,0,0,5,244.36777697381015
7,9,0,0,0,2,232.14536620913805
7,11,0,0,0,4,234.0183324345511
7,12,1,0,0,7,247.41816613920986
7,14,1,0,0,1,243.53524336552107
7,15,1,0,1,3,259.90123327822425
7,16,1,0,0,0,243.95736402069684
7,17,1,0,0,3,251.4095259723753
7,18,1,1,0,0,258.7791548466179
7,19,1,1,0,6,259.87788997624114
7,20,0,0,0,5,237.3388630451205
7,22,0,0,0,3,237.7398591348932
7,23,0,1,0,6,250.06993287808524
7,24,0,1,0,6,246.43775218752603
7,25,0,1,0,6,248.85571096122234
7,26,1,0,0,4,244.48721357707925
7,28,0,1,0,0,242.54833702555524
7,32,0,0,0,6,233.07776631006504
7,35,1,1,1,2,274.91782517459706
7,36,1,0,1,3,256.8799869353543
7,37,1,0,0,7,259.10916568552074
7,38,0,0,0,7,241.97375493006123
7,39,1,0,0,0,240.42933651047335
7,40,1,0,0,2,246.56044791774625
7,41,1,1,0,7,263.00350807034675
7,42,0,1,1,2,255.99450379198578
7,43,0,0,1,0,240.90414861434766
7,44,0,0,1,3,247.2832200917123
7,46,0,0,1,0,241.16726639340433
7,48,0,0,1,6,238.40972874712008
7,49,0,0,1,3,242.63321139720244
7,51,0,1,0,1,240.26051724757576
7,52,0,1,0,3,248.06121888235307
7,55,0,0,0,1,230.84516235039064
7,57,0,0,0,4,231.09221832894036
7,0,0,1,0,2,247.76449554417158
7,1,0,0,0,6,239.22634519335628
7,2,0,0,0,1,228.43757306153475
7,3,0,0,1,4,241.87356273638042
7,4,0,0,1,2,242.62651059454114
7,5,0,0,1,4,241.6630169065329
7,6,1,0,1,2,259.8848974145831
7,7,1,0,1,2,256.6264905903735
7,8,1,1,1,4,268.77996115104
7,9,0,1,1,2,257.7853641684393
7,10,0,0,1,1,239.98697690720127
7,11,0,0,0,0,229.71056483243433
7,12,0,0,0,1,231.3828760209282
7,13,0,0,0,4,230.7985689622757
7,15,0,1,0,0,241.96474288074197
7,17,0,1,0,0,244.31702957543393
7,18,0,1,0,5,248.93086993505418
7,19,0,1,0,6,249.3008914736151
7,20,1,1,0,1,255.25745825794885
7,21,1,1,0,2,263.65496599706825
7,22,1,1,0,1,253.85222424550213
7,24,1,0,1,2,257.1831466436329
7,25,1,0,1,7,256.68324318044915
7,27,0,0,0,5,233.18106827802265
7,28,1,0,0,1,243.47489478800958
7,29,1,0,0,7,257.1058253008245
7,30,0,0,0,4,230.2227617551914
7,35,0,1,0,6,251.57862681340802
7,36,0,1,0,0,241.65692616646703
7,38,1,0,1,6,263.58672344483955
7,39,1,0,1,5,259.2060571003192
7,40,0,0,1,0,239.17822262881896
7,41,0,0,1,0,241.21753793805007
7,42,0,0,1,6,244.36046081371822
7,43,0,0,1,2,241.88963051973636
7,44,0,1,1,6,259.6122798247553
7,46,0,0,1,4,243.42484297866025
7,47,1,0,1,7,268.58323429488655
7,48,0,0,1,4,243.4341652986105
7,49,0,0,1,4,239.27046246712408
7,50,0,0,1,2,242.67107865321367
7,51,0,1,1,3,259.7338380983628
7,52,0,0,0,3,233.90947731529937
7,53,0,1,0,6,251.1915665199892
7,54,1,1,0,6,260.13227071909233
7,55,0,1,0,2,243.5487380488554
7,56,0,0,0,1,228.8573112858403
7,58,0,0,1,7,259.3761357244496
7,0,1,1,0,1,255.58863923884007
7,2,1,0,0,6,246.57257463060392
7,3,1,0,0,0,237.3599473558094
7,4,1,0,0,3,240.77367904643518
7,5,1,1,0,4,253.33865236657795
7,6,0,1,0,6,240.7032072637028
7,7,1,0,0,2,241.2568981446913
7,8,1,1,0,4,259.1878970822233
7,9,0,1,0,2,247.23043244974494
7,12,0,0,0,2,232.3540289908733
7,13,0,0,0,1,233.0245729620914
7,14,0,0,1,1,244.33022898870664
7,15,0,0,0,5,235.3797626008919
7,16,0,0,0,6,236.72553801572474
7,17,0,0,0,3,233.71794756308577
7,21,0,0,0,1,232.2731552371639
7,23,0,0,1,1,244.3787399060099
7,24,0,0,0,2,232.2867061966136
7,27,1,1,1,4,271.24204750542845
7,28,1,1,1,0,264.275708647258
7,29,1,1,1,3,270.33882699421446
7,30,1,0,0,1,239.00712409606123
7,31,1,0,0,2,243.97258530222467
7,33,1,0,0,0,241.16836994872133
7,35,1,1,0,0,254.15251108710478
7,36,1,1,0,4,259.4081460077948
7,37,0,1,0,0,241.69187850804857
7,38,0,1,0,3,247.56044384122765
7,39,0,0,1,3,248.49086174109584
7,41,0,1,0,0,241.1945028156263
7,42,0,1,0,1,246.1655676264571
7,43,0,1,0,7,263.55710695588743
7,46,1,0,0,2,242.97662037681138
7,47,1,0,0,3,245.98950096593444
7,48,1,1,0,6,261.2673877780627
7,49,0,0,0,2,232.4869196063543
7,50,0,0,0,0,227.23006158756016
7,51,0,0,0,2,231.34449004941166
7,52,0,1,0,2,240.18439320535538
7,53,0,0,0,3,231.54655383468548
7,54,0,0,0,1,228.2476920437106
7,56,0,1,0,3,243.4656351676096
7,59,0,1,1,6,259.83597421981614
7,0,1,0,1,1,256.03372946094186
7,1,1,0,1,1,253.61415761348718
7,4,0,0,0,0,225.58972675495096
7,6,0,0,0,5,226.46682402977734
7,7,1,0,0,6,242.47441400251523
7,8,0,1,0,2,246.75306427194454
7,9,0,0,0,5,236.2992536316686
7,10,1,0,0,7,256.2133256336295
7,11,1,1,1,2,273.16242688828265
7,12,1,0,1,1,257.04945711973244
7,13,1,0,0,3,250.33477193767126
7,14,1,1,1,7,289.6412256011035
7,15,0,1,0,7,263.7190588036684
7,17,0,0,0,4,231.93805655182882
7,19,1,1,0,7,271.89827444630896
7,20,0,0,1,4,240.59752564270394
7,21,0,0,1,0,240.2800568265874
7,23,0,0,1,5,245.7354906416057
7,25,0,0,0,2,235.55398493246375
7,28,0,0,0,2,233.9700771773038
7,29,0,0,0,0,228.27713496411974
7,30,0,0,0,6,237.0193309276579
7,31,0,1,0,4,244.3501753334361
7,32,0,1,0,7,256.9381828597825
7,33,1,0,0,3,244.55067871040453
7,35,1,1,0,6,256.84074546568655
7,36,0,0,0,4,233.26480831850333
7,37,1,0,0,4,244.56169397834626
7,38,1,0,0,1,242.86103782647444
7,41,0,0,0,6,233.37673755143115
7,43,0,1,0,1,245.70981869510405
7,45,0,0,0,6,236.02907552981034
7,46,0,0,0,3,236.4972769426834
7,47,0,0,0,2,235.400655422528
7,48,0,0,0,1,227.6548732960889
7,49,0,0,0,1,230.15387264411328
7,55,0,0,0,4,233.16398046443166
7,57,0,0,0,5,231.2944006292538
7,58,1,0,1,1,254.98005860576347
7,59,1,0,0,4,244.02511953188466
7,0,1,0,0,3,241.1064077774751
7,1,1,0,0,6,251.51546633950704
7,2,0,0,0,0,224.74317969660567
7,4,0,1,0,7,255.61398678339424
7,6,0,1,1,4,253.32123929473235
7,7,0,1,1,6,267.3485663322933
7,8,0,0,1,3,242.6120736211679
7,10,0,0,0,0,229.22973960618617
7,12,0,0,0,5,232.0247681827775
7,14,0,1,0,1,245.39649013642216
7,15,0,1,0,5,250.4017173961644
7,17,0,1,0,6,250.73624966584657
7,18,0,0,0,0,229.9498378240664
7,21,0,0,0,5,237.02759240210463
7,22,0,0,0,7,243.95169870340834
7,23,0,0,0,1,230.59440365991034
7,24,0,0,0,1,227.95606229652492
7,27,0,0,0,7,233.44787418639
7,29,0,1,1,3,261.1084581531374
7,33,1,0,0,1,242.52538597165784
7,34,1,0,0,6,243.3552036339091
7,35,1,1,0,4,255.68642174720407
7,40,1,0,0,0,237.64175410985263
7,41,1,0,0,1,241.7610165589063
7,42,1,0,1,3,257.3864253509051
7,43,1,1,0,0,254.61823594948345
7,44,1,1,0,7,272.33218673771296
7,45,0,0,0,5,236.49906982731295
7,46,0,0,0,0,229.59597849657084
7,47,0,0,0,4,230.99496443777616
7,48,0,0,0,4,228.67988090931576
7,49,0,0,0,3,236.45116123065554
7,50,0,0,0,1,231.74192025008077
7,51,0,0,1,5,245.48606540203394
7,55,0,0,0,5,233.14955215952773
7,56,0,0,0,2,229.0871706539985
7,57,0,1,0,1,241.060536748818
7,59,0,1,0,5,247.5840060949141
7,0,0,1,0,4,245.49990888261473
7,1,0,1,0,5,248.1674172851658
7,2,0,1,1,0,252.51317875862068
7,3,0,1,1,6,258.5514246450772
7,4,0,0,1,0,238.63364933001958
7,5,0,0,1,7,255.5850797263723
7,6,0,1,0,7,258.3756557865008
7,8,0,0,0,3,235.1630757039581
7,9,0,0,0,1,234.1366692102098
7,11,1,0,0,2,245.9532698817529
7,12,1,0,0,6,258.61535815074956
7,13,1,1,0,3,257.89061834247065
7,14,1,0,0,0,242.64878948688627
7,15,1,0,0,4,243.08904813682625
7,16,1,0,0,2,243.0834352152042
7,18,1,1,0,5,261.79601816543754
7,19,1,1,0,5,264.95434927005203
7,20,0,1,1,4,258.34445244618456
7,21,0,1,1,4,256.5839579396062
7,22,0,1,1,3,257.0494077696393
7,23,0,0,0,3,228.1126419167708
7,24,0,1,0,5,244.13559797467775
7,25,0,1,1,4,259.3514739847528
7,26,0,1,1,2,260.121006678333
7,27,0,0,1,3,242.6680056628939
7,28,0,1,0,5,246.69068202783566
7,30,0,1,0,0,240.09209303467392
7,32,0,1,0,3,252.15035036311855
7,33,0,0,0,7,244.64260130727814
7,34,0,0,0,1,230.7303758320872
7,35,0,0,1,5,240.79918745253806
7,36,0,0,0,2,229.3879409485337
7,37,0,0,0,3,231.9554655923237
7,39,0,1,1,7,254.49305444055264
7,42,0,1,1,7,274.3386555150431
7,43,1,0,0,7,257.9058234202107
7,45,1,1,1,5,286.18740131769357
7,46,1,1,0,5,262.4421541774843
7,47,1,1,0,4,256.5194823953734
7,50,0,1,0,2,246.42161346463982
7,51,0,0,0,4,227.11584890836252
7,52,0,0,0,6,232.68344017851715
7,53,1,1,0,7,260.4502425662315
7,54,0,1,0,1,242.83449093079955
7,55,0,1,1,0,255.97851655450137
7,56,0,1,1,6,258.5599545213129
7,57,1,1,1,3,275.76140394503403
7,58,1,1,0,5,257.6003845419323
7,2,0,1,0,0,239.38397120024854
7,3,0,1,0,3,245.66284667081914
7,6,0,1,1,5,255.72737873811516
7,7,0,1,1,3,255.6956850392502
7,8,0,0,0,0,228.12128455709902
7,13,0,0,0,7,244.32792274914578
7,18,1,0,1,5,259.4166416908751
7,19,0,0,0,1,230.5519268666648
7,21,0,1,0,0,240.48389811265744
7,22,0,1,0,7,257.75379421528146
7,23,0,0,0,0,226.28757636628336
7,25,0,0,0,0,227.22256968337453
7,26,0,0,0,4,229.03888776438933
7,27,0,0,0,1,229.26084464857365
7,29,0,0,0,5,232.39612298785576
7,30,0,0,1,3,255.4318452757169
7,31,0,1,0,3,249.9254221454969
7,33,0,0,1,3,256.07360916661804
7,36,0,1,0,3,245.68260864458273
7,38,1,1,0,5,259.3556001716485
7,39,0,1,0,0,243.46913185543318
7,40,0,1,0,4,242.84093320537312
7,41,0,1,0,1,244.74436582637807
7,44,0,1,0,6,250.82376452312786
7,45,0,0,0,2,229.6641234308121
7,47,0,1,1,1,256.70321464885615
7,48,0,1,1,7,272.8377698654739
7,49,1,1,0,5,265.51931829355846
7,50,0,1,0,7,257.6306617958981
7,53,1,1,0,4,259.56385093282915
7,54,1,1,0,3,259.53177432260884
7,55,1,0,0,3,246.84494859353072
7,56,1,0,0,1,241.89029562701248
7,57,1,0,0,6,242.5884033730139
7,58,0,0,0,0,228.22402131491302
7,59,0,0,0,4,230.34027037295175
7,0,1,0,0,4,243.32176866352674
7,1,0,0,0,4,229.98682302797872
7,2,0,0,0,3,233.74799181596237
7,3,0,0,0,7,243.99762084694237
7,5,0,1,0,4,242.40453435160768
7,6,0,1,0,1,241.30438606297093
7,8,0,1,0,1,242.20346975497125
7,9,0,1,0,7,255.2207993831008
7,11,1,0,0,1,240.80579410877112
7,12,1,0,0,0,242.08029117659274
7,13,1,0,0,2,245.30767570447915
7,14,1,1,0,0,255.26719000320125
7,15,1,1,0,1,259.16384671697244
7,16,1,1,1,1,273.0260667159998
7,17,1,1,0,1,261.5032533104638
7,19,1,1,0,3,260.0612755827587
7,20,1,1,0,4,259.4182966665556
7,21,1,1,0,0,253.08005294479742
7,22,1,1,0,7,273.5378192182176
7,24,0,0,0,7,241.7581698972228
7,26,0,0,0,2,231.65477223138518
7,27,0,0,0,4,231.542247086515
7,28,0,0,0,7,243.5792181105395
7,30,0,0,0,1,228.17950285645148
7,31,0,0,1,4,242.1752217637068
7,32,0,0,1,3,248.14779857014594
7,33,0,1,0,4,245.6263475255807
7,34,0,1,0,3,250.09770456345507
7,36,0,0,0,3,235.97411021551605
7,37,0,0,0,7,245.03669096438398
7,38,0,0,0,1,230.25088044900164
7,39,0,0,0,3,231.54546177560007
7,40,0,0,0,2,227.84682438899097
7,41,0,0,0,4,230.78989026148832
7,42,0,0,0,7,245.161232059233
7,43,0,1,0,0,240.382395919398
7,44,0,1,0,7,259.42839376994846
7,45,1,1,0,1,260.81412674620594
7,46,1,1,0,2,261.42117312840315
7,47,1,0,0,7,257.71225517948915
7,48,1,1,0,4,254.8579321576212
7,51,1,1,0,7,271.5723202370058
7,52,1,0,0,3,246.68844875653642
7,54,0,1,0,2,248.27227410212572
7,56,0,1,0,4,244.99290570636532
7,58,0,1,0,7,253.32813919976275
7,59,0,0,1,2,241.47844372612653
7,0,0,1,1,4,255.0846339955189
7,1,0,1,1,7,273.2627265114843
7,3,0,1,1,5,256.2987184242781
7,4,1,1,1,0,257.53847453121534
7,5,1,1,1,7,271.2221723351266
7,6,1,0,0,3,243.98086640925968
7,7,1,1,1,5,272.2475651839196
7,8,1,1,0,5,256.86057412018096
7,9,0,1,0,3,248.10585050220402
7,11,0,0,0,5,237.01046762174894
7,14,0,0,0,5,236.0937160164479
7,18,0,0,0,7,247.9061596798737
7,20,0,0,0,2,235.59227247189253
7,22,0,0,0,0,227.02911603029912
7,23,0,0,0,2,231.22908603229874
7,31,0,0,1,1,242.5896598278319
7,32,0,0,0,0,230.80601633421475
7,33,0,0,0,5,231.34784672237777
7,34,0,0,0,4,229.00354498167147
7,35,1,0,0,5,245.9210254196921
7,36,0,0,0,6,235.99098203240243
7,38,0,0,1,3,242.3647290762816
7,39,0,0,0,7,244.6180270061973
7,43,1,1,0,6,269.9607588451782
7,44,1,0,0,1,243.72157335826228
7,45,1,0,0,5,244.87343207964784
7,46,0,0,1,2,245.29511583774652
7,48,0,1,0,6,246.39435794151234
7,49,1,0,0,1,243.29109190189504
7,50,1,0,0,2,242.19342529249025
7,51,1,1,0,6,260.70447848750416
7,53,1,0,0,1,242.54124922306892
7,54,1,0,0,1,242.29272444518244
7,55,1,0,1,3,258.4412490515468
7,57,1,1,0,0,256.2223801385505
7,0,0,1,0,6,248.7911252725916
7,1,0,1,0,2,246.83750539216786
7,5,0,1,0,1,240.87751607849628
7,7,1,1,0,4,256.96083129514994
7,8,1,1,0,0,254.76786543588437
7,10,0,1,0,3,247.98233811831517
7,13,0,1,0,1,248.4899632350984
7,14,0,1,0,7,255.1763777640268
7,15,0,0,0,4,233.52906338452388
7,16,1,0,0,6,251.25638019602337
7,17,0,0,0,2,237.25660547562032
7,18,0,1,0,0,243.4861544031057
7,22,0,0,0,1,230.28581916468966
7,25,0,0,1,0,242.68396536281801
7,26,0,0,1,2,248.21606120679485
7,28,0,0,0,0,228.465891641871
7,29,0,0,0,6,234.64960867703005
7,30,0,1,0,4,244.83414568074306
7,31,0,1,0,5,243.29333571766517
7,33,0,1,0,1,242.58679962123
7,35,0,0,0,5,230.72477769391466
7,40,0,0,0,4,230.47944217519222
7,41,0,0,0,1,229.3980380914083
7,42,0,0,0,2,231.87176331361863
7,43,0,1,0,2,248.42935842684628
7,44,0,1,0,1,245.5302458043499
7,45,0,1,0,2,246.2459061765409
7,46,0,1,0,2,249.7015467818778
7,49,1,1,0,1,254.75539291957432
7,50,1,1,0,5,256.47969616964053
7,51,0,1,0,6,247.13161745327088
7,52,0,0,0,1,225.21096881821072
7,53,0,0,1,7,253.97698930329062
7,55,1,0,0,4,247.46327341456103
7,58,0,1,0,2,247.00306633052094
7,59,0,0,0,1,227.94166321084074
7,0,0,0,1,5,239.0418166156026
7,3,1,1,0,3,252.76606106675973
7,4,1,1,0,5,260.6185745357374
7,5,0,1,0,2,244.33879041252194
7,6,0,0,0,4,228.31241071327892
7,7,0,0,0,0,226.65550384917984
7,10,0,1,0,5,247.75192935369847
7,11,1,1,1,7,294.62548762400957
7,12,1,1,1,5,268.82113455902
7,13,1,1,0,0,256.23128924011587
7,14,1,1,0,5,263.0414221681448
7,15,0,1,1,7,274.84803258108394
7,22,0,0,0,4,229.0261225091289
7,23,0,0,0,6,240.09908707413496
7,25,0,0,0,1,229.0980995386289
7,26,0,0,0,3,237.9966302145833
7,27,0,1,0,5,245.0357306349659
7,28,0,1,0,3,250.8035665208944
7,29,0,1,0,7,259.88184912372725
7,32,1,1,0,2,259.98248707610486
7,33,1,1,0,7,259.3870456083022
7,34,0,0,0,3,232.85779717613443
7,35,0,0,0,1,230.60534323524573
7,38,0,0,0,4,229.83375491173956
7,41,1,0,0,7,240.21761033270556
7,42,0,0,0,4,229.44567367634716
7,44,0,0,1,0,241.29354590404776
7,45,0,0,1,3,248.0564364978485
7,46,0,1,0,6,249.72797694309298
7,48,0,1,0,3,245.94859604126225
7,52,1,0,0,4,247.06522979656958
7,53,1,0,0,4,245.03027368074208
7,55,1,0,0,2,244.0459928326909
7,57,0,0,0,7,241.86474471643078
7,1,0,0,0,3,234.46041075539995
7,2,0,1,0,2,245.67975622709343
7,3,0,0,0,2,228.02874255732647
7,5,0,1,0,0,239.3777594932287
7,6,0,1,0,5,238.72916281200548
7,9,0,0,1,2,242.65250330698848
7,10,0,0,1,4,241.52436462884586
7,11,0,0,1,1,244.499517852274
7,12,0,0,0,4,233.67331248119834
7,14,1,0,0,5,245.41513572812667
7,16,0,0,0,4,234.35472296013768
7,19,0,1,0,7,253.2902007418815
7,21,1,0,0,6,246.59924949321393
7,22,0,1,0,4,241.7570256990651
7,24,0,0,0,6,234.9536990237554
7,25,0,0,0,5,234.1133370228043
7,26,0,0,1,7,262.88198599595205
7,30,0,1,0,2,245.46011728588755
7,32,0,1,0,1,245.63579352414513
7,34,0,1,0,7,260.4569166951718
7,37,0,0,0,0,228.3492997404249
7,38,0,0,0,5,232.72176331650496
7,40,0,1,0,6,248.9703491045847
7,41,0,0,0,0,227.44927959990486
7,42,0,0,0,1,227.89317526918643
7,43,0,0,0,3,236.1036525171957
7,47,0,0,0,0,226.0914464706596
7,49,0,0,0,5,232.94963540775953
7,50,1,0,0,1,242.16931010331012
7,52,1,0,0,2,245.1761447817395
7,53,1,0,0,3,240.22583419365546
7,0,0,0,0,6,231.7513702760684
7,1,0,1,0,6,250.28107184349045
7,2,0,0,0,5,229.53120784537012
7,3,0,0,1,6,242.86579024309577
7,4,0,0,1,7,261.52659696796627
7,5,1,1,1,5,269.769211960358
7,6,1,1,0,6,261.88722022463986
7,7,0,1,0,0,238.5629987189562
7,10,0,0,0,6,237.6393966191094
7,11,0,0,0,6,232.20396772582717
7,12,0,0,0,7,244.7392822691665
7,14,1,0,0,3,245.69089584378733
7,15,1,0,0,6,245.9153444302013
7,16,1,1,0,6,259.13564464356654
7,17,1,0,0,1,251.20086174700413
7,18,1,0,1,6,259.4637663818532
7,19,0,0,1,7,260.17158063503564
7,20,0,1,0,6,249.80689655853163
7,21,1,1,0,6,270.43057377373196
7,22,1,0,0,3,244.54350883545672
7,23,1,1,0,1,256.67595155639594
7,24,1,1,1,5,272.5763035639152
7,25,0,1,0,3,245.48978444057434
7,29,0,1,0,0,241.78889804861456
7,31,0,0,0,6,234.69671577584631
7,32,1,1,0,5,257.9527973548251
7,33,1,1,0,3,256.07701533743625
7,34,1,0,0,5,245.04609886443825
7,36,1,0,0,6,253.32729585438756
7,38,0,1,0,6,253.31532255392278
7,42,0,0,0,3,233.98783225036848
7,43,0,1,1,5,261.1593694730777
7,44,0,1,0,4,246.96905926906027
7,46,1,1,0,3,263.8460879780188
7,49,0,1,0,2,244.40721765236532
7,50,0,0,0,4,231.14320769814267
7,54,1,0,0,7,253.38048380771605
7,56,0,0,0,5,230.86183710217898
7,57,0,0,1,7,251.26011621692118
7,58,0,0,0,3,237.1427907635322
7,59,0,1,0,1,239.98399020845608
7,0,0,1,0,0,240.56129147912253
7,1,0,1,0,7,255.87254820265
7,2,1,1,0,2,256.8870099186332
7,3,1,0,0,6,245.59050381535005
7,5,1,1,0,3,257.7164736553125
7,6,1,0,0,5,240.20437263111856
7,8,1,1,0,6,260.145849121047
7,9,1,0,0,5,245.4242788813807
7,10,1,0,0,1,240.7910935727947
7,11,1,0,0,0,241.34885236730815
7,16,1,1,0,0,257.26423786209716
7,17,1,1,0,2,265.82532141198647
7,18,1,0,0,2,245.9383443541877
7,19,1,1,0,1,259.9178804159396
7,20,1,1,0,7,271.5597822816375
7,21,0,1,0,1,243.93781192008444
7,23,1,0,1,3,263.1113620952279
7,25,1,1,1,4,273.53042441960804
7,26,1,1,1,3,287.9551536976671
7,27,1,1,0,3,263.4293960714928
7,28,1,0,0,2,241.08786810181812
7,29,1,0,0,4,243.3019548192745
7,31,0,0,0,7,244.2080312263205
7,35,1,0,1,4,257.65120482264797
7,36,0,0,1,4,242.31341958847463
7,37,0,0,1,3,242.60146441664486
7,39,0,1,0,4,244.53082988738498
7,40,1,1,0,0,256.9584291162645
7,41,1,1,0,5,255.67458469868686
7,42,0,1,0,5,250.2977552146788
7,43,1,1,0,5,262.79779069480793
7,44,1,1,0,5,257.9761814756068
7,45,1,1,0,3,258.6672878953111
7,46,1,0,0,0,240.8968111163106
7,47,1,0,0,6,249.77223499700096
7,48,1,0,0,5,246.12900425900966
7,51,1,0,0,0,241.87477267459175
7,52,1,0,0,7,256.58533430092217
7,53,0,0,0,7,233.05209491604674
7,55,0,0,0,6,235.00973292181527
7,57,0,0,0,2,227.2728099329786
7,58,0,1,0,3,247.39539214858988
7,59,0,1,1,7,270.5330720633857
7,3,0,1,0,6,246.64381661477523
7,4,1,1,0,4,255.85312044911154
7,5,0,1,0,5,241.5550526521459
7,7,0,1,0,2,243.79591622262728
7,8,0,1,0,3,249.6340890924906
7,10,0,0,0,3,231.46937533621934
7,11,0,1,0,4,244.87658162805747
7,12,0,1,0,1,243.2242891696801
7,13,0,1,0,3,246.98994022034245
7,14,0,0,0,1,232.38076566555617
7,16,0,0,0,0,228.71768686892167
7,18,0,1,0,6,245.7483859007646
7,19,0,0,0,7,245.99578470867516
7,24,0,0,0,4,229.5989025808651
7,26,0,0,0,6,232.94057621573972
7,27,1,0,0,2,248.06406973552973
7,29,0,1,0,5,247.34532324326736
7,30,1,1,0,4,259.07195382392234
7,32,0,0,0,4,232.28531716793913
7,33,0,0,0,1,232.74980341403938
7,38,0,1,0,0,242.64864161622666
7,47,0,1,0,2,249.74518394562972
7,48,0,1,0,4,246.02772417841175
7,51,1,1,0,3,265.4722502125989
7,52,1,0,0,0,238.98128634968018
7,53,1,0,0,0,239.01451711812945
7,54,1,0,0,0,241.4469371206259
7,56,1,0,0,5,242.86792357973846
7,57,0,0,0,6,234.08069875096177
7,58,0,0,0,1,229.37701716613876
7,1,0,1,0,1,241.060396360451
7,2,0,1,0,6,246.94106579030017
7,3,1,1,0,7,271.48997340228544
7,7,0,1,0,7,262.7163460987216
7,8,1,0,1,2,256.30252752440856
7,9,1,1,1,0,266.8673781047561
7,10,1,1,1,3,273.75077147131924
7,11,1,0,1,4,253.73372848962893
7,12,0,0,1,3,248.00817479036456
7,15,0,0,0,0,229.52929590573802
7,18,1,1,0,1,258.77779200867457
7,19,1,1,0,2,258.64922362354446
7,21,1,1,0,7,263.32669752405593
7,22,1,0,0,2,245.4580231052817
7,23,1,1,0,7,269.8113065997569
7,24,0,0,0,5,230.89982856035573
7,25,1,0,0,5,245.06773266534307
7,29,0,0,1,4,241.34731081432312
7,30,1,0,1,3,259.64956787211213
7,31,1,0,0,7,258.68156296653274
7,34,1,0,0,2,244.45155229349362
7,35,1,0,0,4,241.81002288504806
7,37,0,0,0,1,226.24590749209455
7,39,0,1,0,1,242.48408926161798
7,40,0,1,1,2,264.2988305594097
7,41,0,0,1,6,246.6371990748463
7,42,0,0,1,2,240.93459379798094
7,43,0,1,1,4,259.3328829119899
7,45,0,0,1,6,245.83603424948794
7,46,1,0,1,3,255.39017055636128
7,47,1,1,0,7,274.9667987630571
7,48,0,1,1,5,259.14374892254534
7,49,1,1,0,6,261.99670874531455
7,50,0,1,0,4,244.14635402036663
7,52,0,1,0,7,256.50794346886465
7,53,1,0,0,2,240.0934191864553
7,54,1,1,0,2,262.45294410039327
7,55,1,1,0,7,272.61496767953565
7,56,0,1,0,2,246.94187978334205
7,59,0,1,0,0,241.45834063324057
10,0,0,1,0,5,203.88463511150417
9,1,1,1,0,1,257.766121576463
9,9,0,0,1,2,245.9873039056326
9,11,0,0,1,1,247.86895116871727
9,13,0,1,1,7,274.20446284715575
9,14,0,0,1,4,242.35154379084258
9,15,0,0,1,2,243.00155693334577
9,17,1,0,1,2,258.30514164518866
9,18,1,0,1,1,254.39081193500053
9,21,1,1,0,2,250.79654075677317
9,24,1,0,0,6,253.74520074174416
9,28,1,0,0,5,249.66577841959085
9,33,1,1,0,4,250.8731115684443
9,51,1,0,0,4,241.41340050499284
9,0,1,1,0,2,259.6093192181043
9,2,1,0,1,5,255.50247947198997
9,4,0,0,0,5,234.41791606432204
9,9,1,1,0,7,258.14290572676686
9,13,0,1,1,0,258.01073005321837
9,14,0,1,1,6,264.9885349967078
9,15,1,0,1,4,257.2076027928094
9,18,0,1,1,7,260.5893699194126
9,29,1,0,0,6,244.38223501502225
9,32,1,1,0,3,258.68596386892796
9,45,0,1,0,3,250.23087458534206
9,51,0,0,1,0,237.7292710274151
9,53,1,0,1,5,256.7999301140695
9,1,1,1,0,6,263.85729570487973
9,34,0,1,0,0,238.26377713426993
9,36,1,1,0,5,260.43672925324364
9,37,0,1,1,1,254.19929373513128
9,38,0,1,1,4,254.10030746829614
9,50,1,1,0,6,267.1059603267288
9,55,0,1,0,0,242.20596828352396
9,15,1,1,0,2,261.1714440823682
9,23,0,0,1,4,242.2845522985993
9,24,1,0,1,1,251.7821294040888
9,29,0,1,1,4,253.1263958834284
9,31,0,1,1,7,273.5564346074172
9,40,1,1,1,4,268.96784884387915
9,51,0,0,1,7,249.9519462041475
9,55,0,1,1,7,265.7452243644899
9,0,0,1,1,3,265.21282528140324
9,13,0,0,1,6,250.01184623977363
9,14,0,1,1,5,260.2905765198368
9,15,0,1,1,3,267.1566795289048
9,18,0,1,0,3,248.46398274678478
9,19,0,0,1,3,243.0166688324
9,21,1,1,0,3,260.54323034187615
9,26,1,1,1,6,268.23500141030934
9,27,0,0,1,7,255.79269124295413
9,28,0,0,1,3,246.74696416411808
9,30,0,0,1,3,245.78551303906676
9,42,1,0,0,0,241.76039893959125
9,43,1,0,0,6,247.64278771160986
9,49,1,1,0,1,254.53930719596534
9,52,1,0,0,7,246.18017883291347
9,55,0,0,1,5,238.99552053163157
9,56,1,0,1,6,258.2835528218551
9,57,0,1,1,0,254.97325934973173
9,1,1,0,0,2,244.0421065134611
9,18,0,1,0,2,248.0308722051566
9,22,0,1,0,0,239.2896175798602
9,49,1,0,1,0,251.8099665708276
9,53,1,0,0,5,243.61387802126188
9,11,1,0,1,3,259.47992159040035
9,12,1,1,0,1,255.69496107894804
9,19,0,0,1,5,244.71813717837077
9,34,1,0,1,5,252.56334189852205
9,37,1,1,1,4,270.249207216194
9,38,1,1,1,4,268.07145239924046
9,39,1,1,1,2,271.89154920076805
9,40,1,0,1,3,256.1653857053917
9,49,0,1,1,4,258.0744277156178
9,51,0,1,1,1,255.6483203487877
9,56,0,0,1,7,246.82710542017858
9,59,1,1,0,1,258.06041016190375
9,0,1,1,0,1,258.49243449995777
9,2,1,1,0,0,256.64049910878407
9,12,0,0,1,5,248.03067379594324
9,13,1,0,1,3,261.5083098285863
9,14,1,0,1,0,257.2760170712681
9,18,1,0,1,6,257.23730235905583
9,49,1,1,0,3,256.3702480160418
9,53,1,1,0,2,255.72342587554553
9,57,1,0,0,7,257.2110637486801
9,9,0,0,1,6,244.2044831587985
9,10,0,1,1,7,270.2416840455202
9,19,0,1,1,1,255.4396353640739
9,44,1,1,0,0,254.15220302824744
9,46,1,1,0,6,261.19672177786634
9,48,0,1,0,1,244.57394616597495
9,49,0,1,1,7,259.4734751916099
9,11,1,0,1,4,257.1407235962083
9,12,1,0,1,4,262.51071571428236
9,16,1,0,0,3,245.6747714538974
9,30,1,1,0,6,259.4339547561507
9,37,1,1,0,5,255.99081649501716
9,39,0,0,1,2,239.4598976781187
9,40,0,1,1,1,254.4028244052058
9,58,1,1,0,5,256.3272764538913
9,2,0,1,1,5,259.1595415427478
9,4,0,0,0,0,229.4192375478405
9,6,0,0,1,0,242.93894654176452
9,7,0,0,1,0,244.44551137703803
9,9,0,0,1,4,244.5189215301667
9,10,0,0,1,6,248.79194859764812
9,11,1,0,1,0,257.5448353850806
9,12,1,0,1,5,261.7857857903656
9,27,1,0,0,4,246.3507708326503
9,46,0,1,0,3,244.56999735231105
9,50,1,0,0,4,242.40973617343025
9,59,1,0,1,2,259.51664649751126
9,0,1,1,1,4,270.33377035565917
9,1,0,1,1,3,268.1156709088337
9,3,0,0,1,1,244.67048986572988
9,13,1,1,1,1,271.5840024879102
9,14,1,1,0,6,265.50649443862085
9,23,0,1,0,7,254.3670703527749
9,33,0,1,0,1,238.88164896495357
9,41,0,0,1,1,239.76231916142544
9,46,0,0,0,4,229.54096797161492
9,48,1,1,1,5,272.11521133657055
9,49,1,1,0,5,256.94800452786274
9,50,0,1,1,2,255.51655737283326
9,58,0,0,1,4,239.55923723424038
9,59,1,0,1,6,263.93713032181927
9,0,0,0,1,6,248.4071590054326
9,3,0,1,0,4,241.37079191926367
9,7,1,1,0,0,257.36817124175764
9,11,0,1,1,6,263.2050075259869
9,14,0,0,1,2,238.60864902323945
9,28,1,1,1,6,272.68851826871736
9,29,1,1,1,5,270.7838253454674
9,30,1,1,0,0,253.04502425533855
9,35,0,1,1,3,254.56894596172845
9,40,0,1,1,4,256.2772955651488
9,42,0,1,1,2,254.0895939690685
9,45,0,0,1,7,241.78930417863774
9,48,1,0,0,0,238.54744715806686
9,49,1,0,0,1,239.4758403123213
9,14,1,0,1,7,273.10758420351567
9,16,1,0,0,0,244.58973972432221
9,22,1,1,0,7,271.40325801026114
9,29,1,1,0,3,254.81704278992237
9,30,1,1,0,7,270.8877991090205
9,33,1,1,0,7,269.715594932491
9,41,0,1,1,2,255.71811677264122
9,44,1,0,1,5,258.7430833114413
9,54,0,0,1,6,247.5707437679484
9,55,1,1,1,3,273.64619380869976
9,16,1,0,0,7,257.76599608025504
9,23,1,0,1,3,252.6585966376493
9,42,0,0,1,2,242.03519502185398
9,44,0,0,1,7,246.6784865912752
9,45,0,1,1,2,256.7706824159335
9,46,0,1,1,4,253.14955142430236
9,48,0,1,1,3,256.24390311295315
9,8,0,1,1,6,259.6708842430051
9,10,1,0,1,5,266.96622836674356
9,17,0,0,1,4,242.09049689309666
9,21,0,0,0,3,234.58087508141952
9,27,1,0,0,6,246.2845012116527
9,30,1,0,0,4,244.51385700902148
9,33,1,0,0,3,240.07967099645435
9,34,1,1,0,3,258.05316636531353
9,46,1,0,1,6,259.31364959641377
9,50,1,0,1,2,252.59898718656078
9,51,1,0,1,3,253.95530768553755
9,53,1,0,1,2,257.44878183575463
9,54,1,1,1,1,269.6614555875322
9,0,0,0,1,7,258.6059317405504
9,1,1,0,1,7,256.8542062407632
9,2,0,1,0,0,243.3383253511981
9,5,0,1,1,0,256.48933356785534
9,6,0,1,1,6,264.73377057231596
9,8,1,0,0,7,257.1469635184769
9,30,0,1,0,5,244.56050244471095
9,43,0,1,1,4,256.32942340842
9,44,1,1,1,3,270.02136665191597
9,55,0,1,1,4,255.45862092210055
9,56,1,1,1,7,281.28687990174393
9,0,1,0,0,3,243.25384178314874
9,1,1,1,1,3,270.2535784790551
9,7,0,0,1,3,246.48145174623392
9,18,0,1,1,4,254.15653535069436
9,40,0,1,0,5,245.9448035274163
9,3,0,1,1,3,262.8312281053937
9,13,0,0,1,7,258.82452199934403
9,15,0,1,1,2,255.84976492138216
9,25,1,0,1,2,256.26366335946364
9,26,1,0,1,5,258.7913546479691
9,28,0,0,1,7,254.36548821202192
9,30,0,0,1,5,242.45312936549027
9,31,1,0,1,1,254.73555963290775
9,34,1,1,1,7,284.3563219628924
9,38,1,0,0,3,243.0738544970757
9,45,1,1,1,0,267.7348625036351
9,46,1,1,1,0,265.8813876746394
9,47,1,1,1,0,269.3632423375646
9,49,1,1,1,2,267.3748332953992
9,50,1,0,1,1,252.03519584937385
9,51,1,0,1,6,253.2322012791009
9,52,0,0,1,1,238.4189732788269
9,59,0,1,0,6,250.42894089158
9,8,1,1,0,3,259.2424513329701
9,13,0,1,1,6,262.42724332918596
9,15,0,0,0,0,230.0276993259981
9,16,0,0,0,2,235.2498149336863
9,20,0,1,1,6,256.41776352294147
9,21,1,0,1,3,253.28360245110755
9,22,1,1,1,6,272.7555483141122
9,23,0,1,1,4,255.51934337005466
9,24,0,1,1,3,254.86334319835564
9,28,1,1,0,4,256.30546654736725
9,35,1,0,0,1,240.8955065558641
9,36,1,0,1,3,253.8362255061263
9,45,0,1,1,7,271.3696861379234
9,50,1,1,0,4,260.1682104134437
9,52,1,1,0,3,259.64652365769496
9,53,1,1,1,0,263.08008102838085
9,54,1,1,1,0,264.6236473222304
9,55,1,1,1,6,276.2633138863484
9,56,0,1,1,6,258.7697392398734
9,58,0,1,1,1,258.7632408676566
9,2,1,1,1,3,274.1466527010271
9,7,0,0,1,7,259.8485001575016
9,10,1,0,1,6,263.87460056612906
9,14,1,0,0,6,247.9651662643631
9,35,0,1,0,2,245.51807859670012
9,41,1,1,0,3,267.35006038848593
9,45,0,0,1,1,242.63228130461607
9,3,1,0,0,7,256.55037907368023
9,8,0,1,1,1,259.0716582612436
9,19,1,1,0,7,276.3922743427602
9,35,0,0,0,5,233.64896771585276
9,57,0,0,1,7,256.66155275899604
9,15,1,1,0,5,263.67372040727156
9,17,1,1,0,4,256.21178332725526
9,20,0,1,0,7,259.79419901293403
9,28,1,0,1,2,255.57161576291693
9,29,1,0,1,0,251.89257947189165
9,30,1,0,1,4,253.63137622366807
9,31,1,0,1,6,258.599290100512
9,34,1,0,1,0,253.00749074573807
9,35,1,0,1,2,257.4032584211069
9,42,0,0,1,3,241.7637923355708
9,45,0,1,1,5,255.1182496030929
9,51,0,1,1,3,267.421747183915
9,56,0,1,1,4,255.78376773661276
9,58,0,1,1,7,276.4135097781904
9,2,1,1,1,5,271.69764134109346
9,8,0,1,1,0,256.84365747243305
9,10,1,1,1,3,275.17970688460474
9,22,1,1,0,2,254.0105171717148
9,41,0,0,1,7,244.64955246682797
9,42,1,1,0,0,256.28935520777287
9,54,0,0,1,1,243.87384211665005
9,2,1,0,0,7,248.21884150699475
9,4,0,0,1,0,244.10256669846322
9,5,0,0,1,0,243.79213419290824
9,7,1,0,1,2,259.04617436365993
9,8,1,0,1,0,254.82004327984302
9,18,0,0,1,7,261.0034448261449
9,20,1,1,0,5,256.083822785821
9,21,1,1,1,1,271.6375590754726
9,47,1,1,1,6,269.4620162681961
9,48,0,0,1,2,242.10139254087605
9,57,1,1,0,3,258.60680830537257
9,2,0,1,0,7,260.26846423811077
9,3,0,1,1,6,266.06665180559384
9,4,1,0,1,3,272.4778686664206
9,5,1,0,1,1,259.1276179020243
9,7,1,0,1,4,259.9611597560395
9,9,1,1,1,7,287.51977099988926
9,25,0,1,0,7,257.8953479357945
9,35,0,1,0,4,240.07058504250483
9,44,0,1,1,4,253.65533707272866
9,46,0,1,1,5,256.5658029233168
9,51,1,0,0,6,248.23887252472622
9,58,0,0,1,5,242.16803854646918
9,5,1,0,1,3,262.7199092161554
9,14,1,0,1,5,263.142582811754
9,15,0,0,1,5,245.575137589176
9,29,0,0,0,0,228.8891741812421
9,33,0,0,1,1,239.02237356862378
9,49,1,1,1,4,265.95094525152825
9,51,0,1,0,5,245.824261317311
9,54,1,0,0,6,246.12459886768593
9,3,1,0,0,4,245.57406978201553
9,7,1,1,0,5,259.5183333814424
9,13,0,0,1,2,246.8163334463131
9,14,0,1,1,4,255.59922617793276
9,16,0,1,1,3,258.7962919049789
9,34,0,1,1,1,251.48057767718248
9,7,0,1,1,3,260.38119562168777
9,15,0,1,1,7,259.30267661482003
9,18,0,0,0,3,237.3438649680856
9,19,0,1,0,3,247.95059168007336
9,21,0,1,1,1,259.8183715576084
9,22,0,1,1,6,255.73828326066138
9,31,0,0,1,2,239.15213614675642
9,32,0,1,1,0,252.9181269449576
9,33,0,1,1,5,255.1946812873549
9,45,1,0,0,0,239.29305932450222
9,49,1,1,1,1,266.97727748112965
9,9,1,1,0,5,261.143044513691
9,10,1,1,1,1,271.78773391751065
9,31,1,0,1,5,254.68193054032886
9,38,0,1,1,3,257.38236428296733
9,41,0,1,0,7,258.7739258218159
9,53,1,0,1,1,253.2186356560309
9,5,1,0,0,7,255.60564698519596
9,6,0,1,1,1,258.4578265217398
9,13,0,0,1,3,245.29164756648422
9,28,0,1,1,4,253.63705217474626
9,29,0,1,1,5,254.4539345946005
9,32,1,1,1,0,268.38504048110065
9,33,1,1,1,3,273.3066856032139
9,45,0,0,1,2,239.8618169889406
9,46,0,0,1,7,256.2170545976296
9,56,0,0,0,5,234.06905659635228
9,59,0,0,1,4,241.40962438996883
9,1,1,0,1,0,252.53914040412855
9,2,1,0,1,7,258.7239944157828
9,4,1,0,0,0,243.63308868647434
9,11,1,0,1,5,259.6831745569126
9,25,1,1,0,6,262.14414745684377
9,27,1,1,0,1,256.95975959540607
9,29,0,0,1,6,243.36573224919798
9,30,1,1,1,2,271.2246024742279
9,31,1,0,1,4,254.39325974819778
9,57,0,0,1,4,243.27340082808556
9,6,1,1,0,6,266.03844774554
9,14,1,1,0,0,257.1748092536063
9,26,1,1,0,3,259.8301435798374
9,28,1,1,0,0,249.4749672105623
9,29,1,1,0,0,252.94176975314548
9,46,1,0,0,0,239.33081537567614
9,49,1,0,0,6,245.76475452346637
9,50,1,0,0,2,239.3453527063128
9,54,1,1,1,6,271.37193354301456
9,55,1,1,1,0,265.5937212143982
9,56,1,1,1,3,269.035214318237
9,59,0,0,0,5,233.5365956608003
9,6,0,1,1,7,268.22610492153376
9,25,0,0,1,4,239.71764834146325
9,26,0,0,1,6,240.3079505668312
9,27,0,1,1,4,254.75708782708628
9,36,1,1,1,1,268.2610461319957
9,4,0,1,0,6,250.58143156091214
9,9,1,0,0,4,247.13034383744494
9,19,1,0,1,5,260.3328916375624
9,25,1,0,0,6,248.3516311066467
9,30,0,0,1,7,257.8211184680776
9,31,0,1,1,2,259.0262760466502
9,32,0,1,1,3,257.0162343084835
9,33,0,1,1,4,251.10369047326628
9,40,1,0,1,2,257.33491331902604
9,42,1,0,1,2,256.70917234575546
9,43,1,0,1,4,254.52706488730854
9,3,1,1,1,0,265.8927197695731
9,5,1,1,0,6,257.6843719343829
9,17,0,1,1,3,271.6521460282443
9,31,1,1,1,7,296.78221053231806
9,56,1,0,1,4,257.7757481548241
9,5,1,0,1,4,260.08823135943794
9,6,0,0,1,3,247.77578197089346
9,20,1,1,0,0,252.11639864656567
9,27,0,0,1,5,246.24854518138636
9,31,1,1,0,5,256.10325907684523
9,50,1,0,0,3,240.47387109969114
9,55,1,1,0,7,273.10277404494127
9,20,0,1,1,0,254.63529322064076
9,21,0,1,1,5,264.53530611611137
9,22,1,1,1,5,271.9787153840063
9,35,1,1,0,2,255.85944620721764
9,45,0,1,1,6,262.7301326293256
9,47,1,1,1,1,267.15669769460743
9,53,1,0,0,1,244.45344201616325
9,55,1,0,0,5,246.41572550007515
9,59,0,1,1,5,257.3101497753015
9,3,1,1,0,3,265.49030267938815
9,8,1,0,1,4,255.7767946758309
9,9,1,0,1,2,258.29283671911804
9,14,0,1,0,3,248.69711538037362
9,20,0,0,1,3,258.05809871608136
9,45,0,1,0,6,244.4021177894671
9,15,0,1,0,3,246.40491207433985
9,33,0,0,1,2,237.96069762694287
9,34,0,1,1,6,252.23826463111126
9,35,1,0,1,7,253.99027528694904
9,44,1,1,0,4,254.52301889340805
9,52,1,1,1,6,268.95631413290147
9,54,0,1,1,0,253.85526591429277
9,55,0,1,1,6,258.73830844831286
9,16,0,1,0,5,247.21569340046037
9,36,1,0,1,2,255.15104721355624
9,37,1,1,1,1,269.9455387380334
9,47,1,1,1,4,269.15958845634725
9,48,1,1,1,4,270.84226476600924
9,49,1,1,1,3,266.1422981660482
9,8,1,1,1,4,272.4953506603824
9,10,1,1,1,5,277.1508184052845
9,15,1,1,0,3,264.2276738119033
9,20,0,0,1,7,246.10125466786303
9,38,1,0,1,6,273.7422116385019
9,46,0,0,1,2,245.5136892639938
9,57,1,0,1,7,275.6367401838952
9,1,1,0,0,4,243.92563317360901
9,10,0,1,1,1,257.29571632253374
9,28,1,1,0,7,261.3041856473699
9,39,1,1,0,7,271.13693694178914
9,51,0,1,0,0,243.61239143536756
9,1,0,0,1,0,238.94287470854087
9,2,0,0,1,6,252.1679309272666
9,4,0,0,1,7,248.7020230340215
9,7,1,1,1,5,280.67486677312485
9,16,1,1,1,5,276.56118852686467
9,37,1,0,1,0,255.09734441796263
9,38,1,0,1,7,264.2032835765491
9,44,1,0,0,5,249.01447507163837
9,50,1,0,1,7,263.6704516015518
9,51,1,1,0,0,251.75985722758497
9,56,0,1,0,7,261.49220471968744
9,1,0,0,1,5,248.8725357325624
9,12,1,0,0,0,241.45181081775488
9,36,0,1,1,0,253.44066486237523
9,37,0,1,1,7,269.24046125938895
9,46,0,1,1,6,263.72854599905446
9,47,1,1,1,7,283.45877587492305
9,59,1,0,0,3,247.8563409075996
9,2,1,1,0,3,263.69667902784596
9,13,1,1,0,0,257.1645543500498
9,15,1,1,0,6,267.0431707161309
9,25,1,0,1,1,257.25838572391575
9,26,1,0,1,1,255.94887389444946
9,39,0,1,1,4,255.0158326499261
9,40,0,1,1,5,254.92970825482598
9,8,1,0,1,3,256.61850208611236
9,21,0,1,0,1,242.5863682041161
9,31,1,1,0,4,254.9560437954752
9,53,1,0,1,4,253.99709442966238
9,24,1,1,1,0,264.044293536473
9,29,0,0,1,3,245.69481544333593
9,34,1,1,1,1,266.42027610086
9,35,1,1,0,3,256.8267506331613
9,37,1,1,1,5,270.0230200741236
9,51,0,1,1,4,255.73245823540574
9,52,0,1,1,7,268.33665803986776
9,7,0,1,1,6,261.8303976270283
9,8,1,1,1,3,270.9127213453291
9,19,1,1,1,0,271.91463119075416
9,20,1,1,1,6,280.1141309346444
9,45,1,1,1,3,272.66573805518146
9,47,1,1,0,3,256.77270446577415
9,52,1,1,0,6,254.36260880825535
9,56,1,1,0,0,258.2803495554081
9,58,1,1,0,7,255.28953141572623
9,12,1,0,1,2,261.8819156461256
9,13,1,0,1,2,258.91341460100716
9,19,1,1,0,1,259.43990069122935
9,34,0,1,1,3,255.05610333138628
9,27,0,1,1,0,254.70616034112012
9,29,0,1,1,3,256.11136749996865
9,40,0,0,1,2,241.21007546194826
9,41,0,1,1,5,256.91619617385777
9,44,0,1,1,5,259.0757467732276
9,56,1,0,1,2,258.4126468161069
9,58,0,0,1,0,238.7962404343644
9,1,0,1,1,5,254.44269775994502
9,5,0,1,1,1,261.1819589546211
9,37,1,0,1,5,259.9619016843868
9,41,1,1,1,0,268.50508762651054
9,42,1,1,1,0,269.008398699354
9,46,0,0,1,0,240.7477938776371
9,11,0,0,0,4,231.53250513828607
9,17,0,1,1,7,262.55010221332833
9,11,1,1,1,6,273.13687513199216
9,18,1,1,0,5,258.6710289331651
9,19,0,1,1,6,258.98291358963587
9,20,1,1,1,7,291.8599873721569
9,26,1,1,0,6,261.6641621731852
9,10,1,1,0,0,256.39745039614667
9,23,1,0,0,5,243.62695389113023
9,43,0,0,1,2,241.4240999103335
9,50,0,1,1,4,251.84122461857956
9,51,1,1,1,2,270.6806400084483
9,52,1,0,1,2,253.89033636077968
9,55,1,0,1,5,252.65351241476017
9,6,1,1,0,0,256.06390191021205
9,56,1,0,0,7,254.9938069614683
9,19,0,1,0,5,244.75452741785747
9,20,1,1,0,2,252.57056164045002
9,44,0,0,1,0,240.49646526182408
9,49,1,0,1,6,261.6206528409424
9,50,0,0,1,5,244.59218127423642
9,1,0,0,1,2,245.485369868473
9,12,1,1,0,6,259.5694281051922
9,21,0,0,1,3,242.15341023952186
9,32,0,0,1,0,242.1433076929312
9,43,0,1,1,0,253.18201155746513
9,44,0,1,1,7,270.15893585888364
9,45,0,0,1,6,251.31208785020138
9,46,0,1,1,1,254.64322125219115
9,6,1,1,1,6,275.9812405655543
9,9,0,1,0,2,250.17574850328384
9,31,0,0,1,3,238.57002318869846
9,33,0,0,1,5,240.97266112581852
9,48,1,0,1,0,252.2418436022718
9,14,1,0,1,1,258.7820689316448
9,15,1,0,1,7,257.6711861101006
9,27,0,1,1,5,256.503523760224
9,29,1,1,0,1,252.65521044023015
9,43,0,1,1,1,254.75434944211452
9,48,0,1,1,5,258.41423883158416
9,53,0,0,1,0,241.58846918629885
9,3,0,1,1,5,265.3193692212212
9,4,0,1,1,5,257.29314065493816
9,13,0,0,1,4,243.08353361442332
9,35,1,0,1,5,259.29095978250206
9,47,1,0,0,1,241.39170467934807
9,54,0,0,1,4,239.04988291346427
9,55,0,0,1,7,252.15171221189132
9,28,1,0,1,6,257.415148146918
9,51,1,0,1,0,251.94054480351053
9,52,1,0,1,0,251.24520082089512
9,56,0,1,1,5,256.16527984616954
9,14,1,0,1,6,261.2778890557606
9,17,0,1,1,0,253.91604919263648
9,20,0,1,0,2,249.84595731361415
9,57,0,0,1,6,247.9261475172286
9,58,1,0,1,6,257.39650565023055
9,5,1,1,1,5,274.0790176109599
9,17,1,1,1,2,271.68177144356605
9,18,1,0,1,7,270.6370893657012
9,46,0,0,1,5,244.83112925650263
9,54,1,0,1,6,258.86549701995636
9,55,0,1,1,1,255.1704560454469
9,16,1,0,1,2,257.6083627026836
9,17,1,1,1,0,272.36640263735984
9,18,1,1,1,6,280.16335842804017
9,25,1,1,0,4,254.86658521834153
9,20,0,1,1,2,256.55568965170505
9,21,0,0,1,0,235.59716976252622
9,28,0,1,1,6,261.48632499150983
9,39,1,0,0,7,252.98381519686808
9,45,1,0,1,6,262.5052891967644
9,48,1,0,0,1,241.2952466525168
9,13,1,1,0,5,258.258064879361
9,51,1,0,0,5,244.06567256390727
9,0,1,1,0,7,275.9899689661861
9,2,1,0,0,2,249.21087117497697
9,3,1,1,0,4,257.6512852764106
9,53,1,0,1,3,256.0103790131715
9,26,1,0,1,6,255.85030862740308
9,28,1,1,1,4,271.2873370067031
9,29,1,1,1,4,271.0081959693524
9,30,0,1,1,7,274.51453408468984
9,49,0,0,1,5,242.31330866321434
9,0,1,0,1,5,261.34406758410506
9,2,1,0,1,2,262.9849902679759
9,9,1,0,1,1,255.59733847067264
9,17,1,1,1,5,272.155845277309
9,19,1,1,0,6,260.96959562632514
9,31,0,0,1,6,243.23034575628137
9,32,1,0,1,4,257.97441467455036
9,43,1,0,1,7,254.60072316892757
9,49,1,1,1,6,277.97102155476074
9,8,0,0,1,5,250.58639893092075
9,32,1,0,1,2,255.8594526544205
9,33,1,1,1,0,264.8805477144373
9,34,1,1,1,0,266.92796097622767
9,35,1,1,1,3,287.8564115766523
9,41,0,0,1,3,239.93667456065168
9,47,1,0,1,3,256.780808781125
9,37,1,0,1,4,254.35008054641227
9,39,0,0,1,6,238.1032805232627
9,40,1,0,1,7,278.0590495429191
9,42,0,1,1,4,257.17975299209365
9,44,0,1,1,6,257.36796408868815
9,48,0,1,1,0,250.98026902988317
9,14,1,1,0,4,256.75653423909955
9,16,0,1,1,5,258.0451673496718
9,20,0,0,1,6,242.67584514833862
9,21,1,1,1,0,271.4155230735241
9,22,1,1,1,4,269.28770165408184
9,24,0,1,1,7,270.72199178732006
9,28,0,1,1,2,255.17416182264617
9,29,0,1,1,0,253.7304349349749
9,30,0,1,1,5,257.76208210962426
9,35,1,1,1,6,271.87635502454475
9,15,1,0,1,1,257.5675784680102
9,17,1,0,1,5,255.41226641757356
9,24,0,0,1,0,240.49832188063277
9,26,0,0,1,4,240.3715442276404
9,27,0,0,1,2,243.85280358540913
9,28,0,0,1,4,240.7828705007946
9,10,0,1,0,0,243.00400542734133
9,20,0,0,1,4,242.73900636983134
9,32,1,1,1,4,267.4611027670199
9,35,1,1,1,7,272.70719039956384
9,43,1,1,0,4,260.9297760676672
9,49,0,1,1,1,252.33318140322612
9,20,1,1,1,2,277.67058132879265
9,21,1,0,1,0,252.34988327782622
9,22,1,0,1,6,254.95311484274146
9,24,0,0,1,1,241.63035522867742
9,42,0,1,1,6,257.38915861297386
9,43,1,0,1,1,255.23696470226972
9,45,1,0,0,2,243.19398067906496
9,2,0,1,1,3,258.9228972557555
9,9,1,1,1,6,271.80618614092555
9,13,0,1,1,1,259.68390875445726
9,17,0,1,1,5,257.8276195112586
9,22,1,0,1,3,257.56174825993287
9,34,1,1,0,1,255.21990950866416
9,4,1,0,1,1,256.98884636423503
9,10,0,0,1,2,247.19655311874624
9,17,1,0,0,1,242.2137932398741
9,47,0,0,1,5,243.3076266929962
9,11,0,0,1,7,262.1494397950288
9,33,1,0,1,6,267.12227147683905
9,35,0,0,1,3,239.80262405064386
9,41,1,1,0,1,256.8978218364233
9,42,1,1,0,2,257.6014028942165
9,45,1,0,1,7,274.593363270701
9,56,0,0,1,2,239.6250681548534
9,58,0,0,1,6,243.34674836851923
9,9,0,1,1,1,260.1022659954024
9,21,1,1,0,1,253.95015477129806
9,29,1,1,1,0,264.8675216459571
9,30,1,1,1,6,269.4463979963851
9,35,0,0,1,5,237.6469980269967
9,52,0,0,1,4,238.6530300231077
9,54,1,0,1,7,269.82785122342545
9,59,1,1,1,3,268.2171239023642
9,40,0,0,1,0,239.1396304519538
9,41,0,0,1,0,239.4796356095065
9,21,1,0,1,6,257.16133685426183
9,33,1,1,0,1,255.84792796812206
9,56,1,1,1,5,269.760496261629
9,26,0,0,1,7,255.85143512361566
9,28,0,1,1,0,252.16056315125175
9,50,1,0,1,3,259.3606714399765
9,56,0,1,1,3,268.6506825847338
9,10,1,1,0,4,264.17384889073475
9,18,1,0,1,2,255.65177599123442
9,19,1,0,1,7,275.10364404418715
9,42,1,0,0,3,247.15873652668023
9,50,0,0,1,2,242.316747983548
8,5,1,0,0,4,236.6991898262796
8,6,1,0,0,2,244.5524341217787
8,14,1,1,0,2,255.52118720196873
8,19,1,1,0,5,253.49880084710077
8,22,1,0,1,3,259.51348190210473
8,24,1,0,0,2,239.83529657556556
8,25,1,1,0,6,259.1115857961184
8,30,1,0,0,4,242.39772125205934
8,33,1,1,0,5,258.9802501416976
8,42,1,0,1,1,252.87880502947655
8,44,1,0,0,1,238.2206327787022
8,49,1,1,0,3,255.96078082667435
8,57,0,1,0,1,239.14342582194928
8,5,1,0,0,3,247.52851262444435
8,6,1,1,0,1,255.82201951175978
8,8,1,1,1,2,273.32662152604985
8,10,1,0,1,0,253.6476875798284
8,11,1,0,1,5,255.64733832008994
8,28,1,1,0,3,257.6835944724513
8,32,1,0,0,6,243.90224845321293
8,35,1,0,0,1,238.96019638605554
8,39,0,0,0,4,226.1266402075083
8,41,1,0,0,0,238.36544869961472
8,54,1,0,1,5,250.66724925823974
8,11,1,0,0,4,237.81772767459233
8,29,1,0,0,4,243.59190154870703
8,36,0,0,1,6,242.05438171467688
8,37,0,0,1,7,254.22509749578364
8,40,1,1,0,3,256.8784543678394
8,48,0,0,1,3,249.12557648468663
8,12,0,1,0,0,240.3353442838719
8,14,1,1,0,4,254.40133994293265
8,18,1,0,0,3,246.50551437941218
8,19,1,0,1,1,256.77183544213926
8,36,1,1,0,6,258.7992779685215
8,41,0,0,0,5,226.20502205752842
8,43,1,1,1,4,268.7052479613795
8,50,1,1,0,0,249.40895148980874
8,53,1,0,1,4,255.50475042903324
8,58,0,1,1,6,252.41208347818994
8,59,0,0,1,2,237.38056537337255
8,23,0,1,0,3,247.20259781318705
8,38,0,0,0,2,226.99084315590494
8,43,1,1,0,4,252.95140789791537
8,45,0,0,0,1,225.6733108055502
8,48,1,1,0,0,251.08202119951216
8,54,1,0,0,5,237.75434944586476
8,59,0,1,1,5,253.4297726741667
8,0,1,1,0,5,251.1683690304277
8,4,0,1,1,2,254.06182673589308
8,5,0,1,1,6,257.6378904181796
8,7,0,1,1,2,254.19475724911098
8,27,0,1,0,2,243.48928395666516
8,31,1,0,0,5,241.40490533931336
8,38,1,0,1,2,257.0004730688805
8,39,1,1,1,0,269.23813351491464
8,40,1,1,1,5,272.6928380325886
8,47,1,1,0,4,253.91881568402619
8,57,0,0,1,7,254.6411830598663
8,2,0,1,1,3,255.54568650857948
8,16,0,1,1,5,257.72910533366786
8,22,0,0,1,5,252.2445901969386
8,29,0,1,0,2,242.0692323182649
8,31,0,1,1,5,254.42950118074504
8,41,0,0,1,4,237.2658125771736
8,42,1,0,1,4,253.04432697002778
8,43,1,0,1,0,255.6099846471688
8,48,0,0,0,3,228.50695187726654
8,53,0,0,1,0,237.54962405154544
8,54,0,0,1,2,239.0645867104456
8,55,0,1,1,5,253.13241346721512
8,0,0,1,0,7,257.97028025191105
8,1,0,1,1,4,255.09140414931
8,2,1,1,1,3,272.28561760603316
8,3,1,1,0,1,252.9497200390881
8,5,1,1,0,7,255.0998005072633
8,8,1,1,0,1,252.29332187597126
8,12,1,1,0,4,256.99230374685095
8,23,1,0,1,3,257.04767438736894
8,31,1,1,0,7,271.24251965878267
8,35,1,1,0,2,256.85632414887965
8,59,0,0,1,4,237.60354009921
8,2,1,0,0,2,239.63456604094443
8,3,1,1,0,6,266.5075733656276
8,15,0,0,1,5,250.50726280187618
8,19,1,1,0,3,253.33872862648553
8,31,0,0,1,7,242.7576299821847
8,41,1,1,1,0,269.9839241021805
8,42,1,1,1,1,271.1456233986509
8,51,0,0,1,1,239.10826425797134
8,53,1,0,1,0,248.60897670382806
8,54,1,0,1,3,249.99619949794334
8,10,1,1,1,4,271.16293548070826
8,11,1,1,1,4,274.80001001097656
8,12,1,1,1,7,283.4049373203866
8,18,0,1,1,0,256.7474428126682
8,19,0,1,1,0,254.93311505222073
8,20,0,1,1,2,257.70778597837375
8,21,0,1,1,5,268.46263550065225
8,25,0,1,0,3,243.11909535485702
8,38,0,0,1,1,236.96219735267977
8,1,1,0,1,0,251.04203473333106
8,8,0,0,0,7,237.80026562890714
8,18,1,0,0,5,250.9405148719199
8,19,1,0,0,6,243.8326826352378
8,21,0,1,0,4,240.60439746626304
8,23,0,1,0,4,245.0974282888554
8,29,0,1,1,0,254.46829491135856
8,39,0,0,1,0,237.5377133619311
8,46,1,0,0,5,245.22906945886697
8,3,1,0,0,0,238.4360998887882
8,7,1,1,1,4,270.13477277931395
8,8,1,1,1,0,271.0023411045794
8,9,1,1,1,4,272.27450162931245
8,10,0,1,1,5,254.1083085284559
8,12,1,0,1,5,258.36680319637867
8,18,1,0,1,0,253.21377074893144
8,19,1,0,1,7,259.26168241851246
8,23,1,1,0,3,256.0148363493888
8,25,1,0,0,6,255.33937396717906
8,26,1,0,0,3,243.99546151969378
8,27,1,0,1,4,258.75027586494787
8,28,0,0,1,7,242.49496028260492
8,35,1,1,0,5,255.92559639284386
8,39,0,1,1,2,254.74709437638612
8,40,0,1,1,1,255.19937658504864
8,44,0,0,1,0,236.18610773826902
8,45,0,0,1,4,237.20168398923852
8,46,1,0,1,4,255.19285379463037
8,47,0,0,1,0,237.4196504001249
8,51,0,0,1,3,238.2111046143338
8,2,1,0,1,3,254.48788307374028
8,3,1,0,1,0,253.82165997751957
8,4,1,0,1,4,255.8150428942717
8,5,0,0,1,7,255.41087543959648
8,6,1,0,0,7,254.01494528212928
8,8,0,0,1,5,242.4403149466608
8,23,1,0,0,0,240.81249702549977
8,29,1,0,0,0,243.03019577548602
8,30,1,0,0,6,258.60404497368336
8,36,1,1,0,2,255.83894446709434
8,37,1,1,0,5,255.48703909769182
8,45,1,0,1,0,254.26223350491313
8,46,1,0,1,0,251.59591602325233
8,48,1,0,1,2,251.94404357990217
8,50,1,0,1,1,256.9988845584764
8,6,1,0,1,4,259.7878468471921
8,19,0,0,1,7,254.60488655373516
8,30,1,0,1,3,255.71947290709377
8,31,1,0,1,6,260.73985195590456
8,48,1,1,0,7,262.0331610783114
8,50,1,0,1,6,256.5434164987793
8,54,0,0,1,3,237.63677831298648
8,57,0,0,1,1,235.835228990495
8,58,0,0,1,5,237.15761754459527
8,59,1,0,1,2,254.195209621485
8,0,1,0,1,6,252.0306218401939
8,2,1,1,1,4,271.12692571328563
8,3,0,1,1,6,256.43544005569663
8,4,0,0,1,4,240.62897239007813
8,5,0,0,1,3,239.77077194274275
8,8,1,1,0,5,254.9353933104366
8,11,1,1,0,7,269.7196910772585
8,17,1,0,1,6,258.3288866218472
8,18,1,1,1,7,287.5603871013078
8,39,1,1,0,3,258.92067564144145
8,42,0,0,1,5,237.10455088923732
8,58,0,1,1,3,254.71001154707852
8,14,1,1,1,7,284.3971057734345
8,18,1,1,0,7,269.27192822916123
8,27,0,0,1,1,244.63868964209078
8,28,0,0,1,6,244.3976083549187
8,29,1,0,1,4,254.52519261901756
8,37,0,1,1,2,255.31107313551075
8,38,0,0,1,7,252.3406496600236
8,40,0,1,0,2,242.53018245861244
8,46,0,0,1,4,240.01785216484993
8,48,0,1,1,6,255.2418059666453
8,49,0,1,1,3,255.89165123895847
8,53,1,1,0,5,252.61612868307307
8,54,0,1,0,1,237.8742344950079
8,55,0,1,1,0,252.47976498815618
8,59,1,0,1,1,252.0313349616858
8,9,1,1,0,2,255.49380876569484
8,16,1,0,0,0,239.4300136194554
8,27,0,1,1,1,259.26048910371384
8,2,1,1,0,7,274.18866526358624
8,25,1,1,0,5,258.24023928301597
8,30,1,1,0,2,254.89655171350182
8,32,0,1,0,2,244.81789890268414
8,34,0,1,0,7,249.37563550179837
8,42,1,0,0,6,240.56532647283512
8,48,1,0,0,2,242.05198962170093
8,51,1,1,0,6,255.51892284852394
8,1,0,0,1,3,239.00698568878664
8,6,0,0,1,3,250.1336384438166
8,7,0,1,1,5,262.9606814237913
8,15,1,1,0,7,260.16525612716464
8,38,0,1,0,7,242.9688148989943
8,51,0,0,1,0,236.38899997753938
8,54,0,1,0,7,242.9287658095321
8,9,0,1,0,3,240.29123605725493
8,24,1,0,0,3,245.55610269354963
8,31,1,0,0,2,240.46571268246532
8,35,1,0,0,2,238.81847275123994
8,42,0,1,1,3,269.20943096075393
8,30,0,1,1,2,257.25722910742905
8,44,0,1,0,0,236.89868293006379
8,47,0,1,1,1,255.65441733842448
8,48,0,1,0,1,237.69961735521767
8,17,1,0,0,1,238.72993059042406
8,20,1,0,1,1,259.1685496651198
8,33,0,0,0,0,226.04078122816827
8,38,1,1,1,0,266.97474933561
8,41,1,1,0,4,252.5976608406613
8,42,1,1,0,2,252.45499614875968
8,43,1,0,0,5,236.63844616459875
8,47,0,1,1,2,256.2102353211883
8,49,0,1,1,2,252.94521048350902
8,50,0,0,1,3,242.38389643332266
8,10,0,0,1,0,240.13088543377165
8,11,0,0,1,2,240.246283979901
8,12,0,0,1,5,240.30180261894427
8,26,1,0,0,0,242.08594662847997
8,41,0,0,0,0,222.23410613823648
8,59,0,0,1,5,240.62619604725685
8,3,1,0,0,7,253.18757477905422
8,6,1,0,1,1,258.84356724214564
8,17,0,0,1,4,240.85617788971206
8,18,0,0,1,3,243.15245578349106
8,32,0,0,1,1,244.37837390564906
8,48,0,1,1,2,253.9658491991621
8,51,1,1,1,0,267.77823680610555
8,53,1,1,1,4,266.4648266827746
8,58,1,1,0,0,250.1195790823389
8,59,1,1,0,3,256.2380304291286
8,5,1,1,0,3,258.15308246293
8,7,1,0,0,2,239.50737053900036
8,8,1,1,0,7,269.420911438903
8,20,0,1,1,4,254.8252278286737
8,23,0,0,1,6,245.69359043484477
8,24,1,0,1,3,257.08821661290705
8,25,1,0,1,7,272.40815234424696
8,26,1,0,0,6,250.78810557898802
8,32,1,0,0,5,244.9353200951432
8,38,0,0,0,3,224.69259275857868
8,43,1,1,1,6,282.1797169937446
8,45,0,1,1,1,252.55423163666376
8,56,0,0,1,3,238.14507952597853
8,8,0,0,1,2,238.60554752128266
8,9,0,0,1,7,254.56793561597016
8,14,0,0,1,4,241.32890860723916
8,24,0,1,0,4,241.40559182446478
8,32,1,0,1,2,256.84012944539506
8,33,1,1,1,1,269.83682066355505
8,34,1,1,0,2,256.40309934503387
8,35,1,0,0,4,243.2192587701611
8,44,1,0,1,3,256.22054577894875
8,45,1,1,0,2,249.8169984428597
8,46,1,1,0,1,255.52195624444136
8,47,1,1,1,6,274.00399470017885
8,51,0,1,1,4,251.31474230363378
8,52,0,1,1,7,253.08642084436008
8,57,0,0,1,6,235.69250831826577
8,58,0,0,1,2,237.6710826272461
8,0,1,0,1,3,253.32615377627434
8,3,1,1,0,3,256.3514168022968
8,22,1,1,0,6,258.88201147840056
8,24,1,1,0,2,257.0283108825272
8,26,1,0,1,0,258.17791851339155
8,35,1,0,0,0,238.92929672564028
8,51,1,0,0,4,237.39093730607505
8,0,1,1,0,2,254.05857877577913
8,2,0,1,0,2,241.58636873234744
8,10,0,0,1,3,241.03840835507185
8,19,0,1,1,6,258.80923060430007
8,20,1,0,1,6,273.87967775348716
8,31,1,0,0,7,242.05160714744986
8,33,1,1,0,0,257.6471229916584
8,34,1,1,0,7,271.54609328119557
8,42,1,0,0,1,239.4261496367714
8,50,0,1,1,1,251.1293096461635
8,56,1,0,0,3,236.95792257985667
8,57,1,1,1,3,271.4974877538784
8,58,1,0,0,6,238.90875092761559
8,19,0,1,0,4,243.95701987003514
8,35,0,0,1,2,240.19214857578538
8,39,1,1,1,7,278.42342868737654
8,41,1,1,0,6,255.73098225209245
8,49,1,1,0,4,253.90991007716605
8,52,0,1,0,4,237.89250737938912
8,56,0,0,0,5,225.1025997775425
8,12,1,0,1,6,257.2670688130504
8,14,0,1,1,5,253.35818581054775
8,24,1,1,0,7,270.7364675412904
8,56,1,0,0,0,235.897839915539
8,6,0,1,1,7,275.402709744739
8,8,0,1,1,5,255.52989196906597
8,14,1,0,0,2,239.53629062184405
8,15,1,1,0,3,260.43486074672046
8,18,1,0,1,3,254.09163329408656
8,26,0,1,0,6,247.93333326100284
8,30,0,1,0,2,247.22630829009404
8,52,1,0,0,3,241.87216781417635
8,1,1,1,0,3,252.69416695984134
8,7,1,0,1,1,257.8200082403009
8,13,1,1,0,4,256.9709275236934
8,14,1,1,0,6,270.5414116569967
8,16,1,1,0,5,254.6435226647286
8,17,1,1,0,3,259.9855650801482
8,38,1,1,0,6,259.88121838753955
8,44,0,0,1,5,240.01736168285169
8,45,0,0,1,5,238.82651053191748
8,46,1,0,1,3,257.1840642807434
8,8,1,0,1,1,256.24035347510693
8,12,0,1,0,1,241.3410843739362
8,14,0,1,0,3,240.62855241964454
8,25,0,1,0,4,241.7508202770403
8,28,0,1,0,0,239.58010558318276
8,33,1,0,0,0,238.4552218339166
8,49,1,1,0,6,255.71677976631202
8,53,0,0,1,1,238.68207369886488
8,57,1,1,0,2,255.97343938978605
8,42,0,0,1,1,240.19521478949113
8,57,1,1,1,4,270.82685933142807
8,3,0,1,0,7,243.85673472291387
8,4,1,0,1,3,255.19934272888435
8,22,1,0,0,1,244.126741569295
8,30,0,1,1,0,251.26733890560976
8,31,0,1,1,1,255.48478209316463
8,32,0,1,1,1,257.097535235156
8,36,0,1,0,3,244.47198240793213
8,0,1,0,0,5,240.81906335301736
8,3,0,0,1,4,240.2926273098806
8,4,0,0,1,5,240.02168773457998
8,13,1,1,0,3,259.8742385630086
8,14,1,0,1,0,256.34273557340623
8,16,1,0,1,5,255.79299991843217
8,25,1,1,0,0,256.98410368861494
8,36,0,1,0,1,240.61960578495734
8,42,0,0,1,7,252.10728618455798
8,43,1,0,0,3,246.12720123269338
8,54,1,0,1,6,267.5464444209332
8,55,0,0,1,5,240.97317979315892
8,0,0,0,1,1,237.46680257675257
8,12,1,1,0,3,257.1141719172254
8,13,1,0,0,4,241.5939450788672
8,17,1,1,0,0,257.19270210003657
8,26,0,0,1,3,246.11073310906514
8,31,0,1,1,2,261.3882585747331
8,37,0,0,1,4,239.04348503895335
8,38,0,0,1,6,245.7793420837277
8,40,0,1,1,6,256.78139838853133
8,41,0,0,1,6,238.92972421405804
8,53,1,0,0,5,236.36111198738038
8,2,0,1,0,5,239.3971464733562
8,14,0,1,0,4,242.90115072489743
8,17,0,0,1,0,239.75138108776048
8,24,1,1,0,3,261.8778534342589
8,27,1,0,0,5,242.9251974692195
8,30,1,0,1,7,265.90482593325305
8,0,1,0,0,3,238.93923636633633
8,0,1,0,0,7,238.68901486237635
8,2,1,1,0,3,254.3052449977074
8,42,0,1,1,0,251.92658412918763
8,43,0,1,1,6,253.26943858359806
8,45,0,1,1,7,269.98662014011956
8,49,0,1,1,5,252.55865445569972
8,47,0,0,1,6,244.0238479025252
8,8,0,0,1,6,239.14568951354195
8,9,0,1,1,0,251.34282372843705
8,10,0,1,1,6,266.82582661048826
8,12,1,0,1,0,255.51299274657626
8,14,1,0,1,5,259.2538397536041
8,19,0,1,1,2,257.8675578362365
8,24,1,0,1,6,260.3929408461641
8,36,0,1,1,1,253.6138133733033
8,37,0,1,1,7,266.197583518725
8,50,0,0,1,4,236.88735855412844
8,51,0,0,1,2,234.58294616782706
8,55,1,1,0,2,253.9145878122679
8,59,1,1,0,6,254.65904001309315
8,16,0,1,1,2,257.9755098107704
8,21,0,1,1,0,256.66480096167436
8,37,0,0,1,5,240.23736934403155
8,48,1,1,0,3,251.76513602615466
8,59,1,0,1,3,253.87384603434347
8,2,1,0,0,7,258.98041184879344
8,9,1,1,0,6,255.49071110293752
8,14,0,0,1,7,258.28593105368384
8,17,0,0,1,6,241.69019474844887
8,21,0,1,1,2,258.0347727354856
8,30,0,0,1,1,239.52919981119757
8,49,1,1,1,6,268.0177925776213
8,50,1,1,1,5,267.6968105709093
8,56,1,1,0,7,268.64240157079826
8,7,0,1,1,1,254.57026476299177
8,18,1,1,1,3,272.43995061180806
8,23,1,0,1,6,258.26237449292665
8,24,0,1,1,6,264.51746387003226
8,25,0,0,1,5,239.23714126481377
8,29,1,0,1,7,261.60715073305323
8,32,0,0,1,7,258.6003672193806
8,35,1,1,0,0,253.65304418584924
8,36,1,1,0,0,252.00596657476143
8,39,1,0,1,6,254.13416186961112
8,40,0,1,1,0,254.16375100662722
8,42,1,0,1,3,259.209284102946
8,45,1,1,0,6,254.5723415207213
8,24,1,1,1,5,271.9132646445639
8,26,1,1,0,5,259.4209309071959
8,37,0,0,1,1,238.57832589704745
8,40,0,0,1,5,241.2631617440874
8,45,1,0,1,2,255.96686809283332
8,46,1,0,1,6,270.33843084401974
8,1,0,0,1,4,237.09921308198227
8,11,1,1,0,1,253.76059401224595
8,12,1,1,0,6,258.00548347194257
8,21,0,1,1,3,257.047177394558
8,47,0,0,0,4,222.8514835777286
8,50,1,0,0,0,237.0207171895268
8,52,1,0,0,4,239.6850129665683
8,15,1,1,0,5,265.7114586487889
8,21,1,1,0,2,258.0915904039907
8,35,0,0,1,5,241.42703593709544
8,37,0,1,1,5,255.06122806219514
8,47,1,1,0,0,250.183134996454
8,54,1,0,0,0,233.74375847737807
8,55,1,0,0,0,234.07781430820245
8,1,0,1,1,1,256.5690745944656
8,10,1,1,0,1,258.1129500084317
8,15,1,0,0,7,255.94089465890417
8,39,1,1,0,5,256.2920943580697
8,46,0,0,0,1,222.61229688670892
8,51,1,0,1,5,256.3848513296718
8,55,0,0,1,2,239.9536593767231
8,13,1,0,0,2,241.67570068548966
8,36,0,1,1,0,253.91329014401103
8,39,1,0,0,3,242.65700837508714
8,48,0,0,1,4,238.4301961703999
8,50,0,0,1,7,256.3233431916037
8,55,0,1,1,4,255.39799829641169
8,56,1,1,1,2,272.14879648617523
8,57,1,0,1,3,254.9243654893667
8,0,1,1,1,7,283.98727802964675
8,1,1,0,1,1,252.36601693958784
8,10,1,1,0,2,260.50382470991724
8,22,1,1,0,0,254.9584605518519
8,32,0,1,1,7,271.72968455181297
8,2,1,0,0,6,241.7051302046413
8,10,1,1,1,6,271.8394816737752
8,11,0,0,1,6,244.72745158085831
8,16,0,1,0,5,242.1654433693218
8,23,0,1,1,4,260.3781753183366
8,28,0,1,1,2,257.8053353877768
8,29,0,0,1,2,243.115220297398
8,31,0,0,1,1,242.39191387890625
8,51,0,1,1,5,252.37576098391008
8,6,0,0,1,2,239.04959437083966
8,12,1,1,0,2,256.69521680469416
8,13,1,1,0,0,255.58011032952902
8,19,1,1,1,6,275.546286196333
8,20,0,0,1,3,242.52440481642398
8,35,0,1,1,7,271.63968660670224
8,36,0,1,1,3,254.12896772113925
8,40,1,1,0,7,268.68990783579505
8,47,0,1,1,6,257.8016946976346
8,48,0,1,1,5,253.26478511349154
8,11,0,1,1,5,256.99598031234535
8,12,1,1,1,2,274.37553162198344
8,13,1,0,1,6,256.3359868584134
8,19,1,1,0,7,271.36998133142015
8,25,1,1,1,0,263.5803868922148
8,26,1,1,1,1,272.1118159750801
8,27,1,1,1,2,272.5503720767642
8,28,1,0,1,1,259.5915213741178
8,29,1,0,1,3,257.9988982875446
8,38,0,1,1,3,256.3302201177298
8,40,0,0,1,2,238.11707883752896
8,47,1,1,0,5,254.79705123404318
8,49,1,0,0,3,237.95023100495618
8,52,1,1,1,7,285.33256799254684
8,11,0,0,1,5,242.0824727960378
8,24,0,0,1,6,243.18931460538357
8,26,0,0,1,4,243.31023714080573
8,28,0,1,1,1,256.6343850535652
8,31,1,1,1,1,271.6422096655836
8,16,1,1,0,1,254.62779765643708
8,18,1,1,0,4,255.64457336114197
8,20,1,1,0,5,257.6623072874331
8,36,1,0,0,7,255.60037304630097
8,40,1,0,1,5,256.22529741841527
8,42,1,1,0,5,260.45101300469713
8,45,0,0,1,1,239.40835520865008
8,54,1,0,0,2,238.809243405045
8,57,1,0,1,2,251.77326372556604
8,58,1,0,1,6,252.65202600372345
8,1,1,0,1,7,266.65473033518487
8,13,1,1,0,6,257.5056769869488
8,24,1,1,1,4,275.1553013409442
8,25,1,1,1,4,272.15011321874965
8,26,1,1,1,6,282.58395346984395
8,27,0,1,1,3,257.3634967976617
8,38,1,0,0,5,242.76705185303996
8,10,1,0,1,4,256.77738505791507
8,11,0,0,1,1,240.0897029939107
8,15,0,1,1,2,257.78452373497214
8,17,0,1,1,6,255.46487724955415
8,44,0,0,1,6,243.131526938761
8,45,0,1,1,4,252.16645114903702
8,47,0,0,1,3,238.71127376606555
8,33,1,1,0,3,261.1293915294998
8,52,1,1,1,1,269.30037589362007
8,57,1,1,0,7,269.6090052881417
8,58,1,1,0,4,252.5014587874198
8,18,0,0,1,2,241.00989453405288
8,36,0,0,1,3,239.4363230704986
8,56,1,1,0,1,252.72915209458074
8,2,0,1,1,6,255.5946016278948
8,3,1,1,1,5,276.18187611180844
8,26,1,1,1,0,267.3458681320134
8,27,1,1,1,7,282.1084771426375
8,34,1,1,0,4,259.62075480657006
8,52,1,0,1,5,254.3012993767615
8,58,1,1,1,5,270.2204272168906
8,7,0,1,1,6,254.38611556112653
8,9,0,0,1,4,237.92389475877735
8,12,0,1,1,1,257.6588409208979
8,21,1,1,0,7,276.4426477901417
8,29,1,0,1,5,256.0555600837165
8,35,1,0,1,4,256.01361832596456
8,44,1,1,0,3,258.2071697453602
8,1,1,1,0,4,251.86346263713574
8,4,1,1,0,7,273.180634205466
8,18,1,1,0,3,258.1334584329496
8,19,1,0,0,0,240.7688724035635
8,21,1,1,0,3,264.4174880974989
8,43,1,1,0,5,252.72240084350008
8,48,1,1,1,3,270.7137985766495
8,18,1,0,1,2,253.501103153402
8,19,1,0,1,4,255.27530129297412
8,20,1,0,1,7,261.15501375075763
8,39,0,0,1,5,238.1570763749186
8,56,0,1,1,6,252.04701373025077
8,57,1,0,1,1,253.40176619434237
8,12,1,0,1,3,259.0165439853213
8,13,1,1,1,7,276.87051557396603
8,22,1,0,1,7,271.568249180583
8,33,1,0,1,4,255.58531610267198
8,57,1,0,1,5,265.73864426428065
8,58,1,0,1,0,250.33052784816175
8,0,1,0,1,0,251.39111050063846
8,5,0,1,1,4,254.16523667102962
8,6,0,1,1,2,255.94370805499597
8,9,1,0,0,7,245.70883096500773
8,13,1,0,0,7,256.59125209598466
8,20,1,0,1,0,254.62691205055427
8,34,1,1,0,0,253.5352899052365
8,0,1,0,1,4,252.22216504975424
8,1,1,0,1,3,251.949480019277
8,33,1,1,1,2,270.5142917645183
8,50,0,1,1,3,254.14861743098075
8,52,1,1,0,5,254.84581884264986
8,53,0,1,1,2,250.2876087634022
8,8,0,1,0,0,238.71355128744315
8,36,0,1,1,2,255.76975551954138
8,44,1,1,0,6,256.1824906010411
8,11,0,0,1,3,242.54424349459308
8,18,1,0,0,2,245.35234107758896
8,34,0,0,1,4,241.95342988344308
8,42,1,1,1,4,270.25245546523166
8,43,0,0,1,7,251.0596258526001
8,44,0,0,1,3,240.57271076177534
8,46,0,0,1,1,237.83501323186877
8,51,1,0,0,2,238.52994800739017
8,53,1,0,1,3,256.355605354955
8,2,0,1,1,1,253.91775517830908
8,7,0,0,1,2,238.79356399106518
8,27,0,0,1,4,246.01724252191963
8,58,0,0,1,3,236.39902540376437
8,4,0,0,1,2,240.2894346943625
8,8,0,0,1,7,252.03596099406496
8,11,1,1,0,5,254.51917178658715
8,12,1,1,1,5,274.27885180374403
8,40,0,0,1,7,255.36929044325512
8,43,0,1,1,4,254.1354411359936
8,44,0,1,1,1,251.94611978552564
8,17,1,1,0,2,256.5238332284796
8,22,0,1,1,2,259.29054336083135
8,23,0,0,1,7,253.70908317637978
8,25,0,1,1,2,256.57738036371995
8,38,1,1,0,5,253.35164180220875
8,39,1,1,1,2,270.5417053964713
8,53,1,0,0,3,239.63538947589905
8,17,0,1,1,4,257.9188995503862
8,18,1,1,1,5,273.16893658570064
8,21,1,0,0,0,240.23709158226964
8,23,1,1,0,4,256.61379672596223
8,36,1,0,0,0,238.129668066264
8,52,0,0,1,6,239.64031510657082
8,57,0,1,1,6,253.96715380491918
8,58,0,1,1,1,252.70745831940332
8,17,1,1,1,4,273.6143556901793
8,20,1,0,0,0,238.87479834428643
8,40,0,0,1,0,237.8600707902064
8,41,0,0,1,1,236.24372177458108
8,45,1,0,0,4,238.20698392973975
8,56,1,1,1,7,271.75076553934457
8,7,1,1,0,4,258.181259934282
8,23,1,0,0,1,240.71232860674758
8,28,0,1,1,3,259.309953430575
8,37,0,0,1,0,236.65752421864843
8,1,1,0,1,2,251.36142709237117
8,2,1,0,1,5,256.3273241322678
8,14,1,1,0,3,258.2432357059257
8,29,1,1,0,3,263.52951725765297
8,30,1,1,0,5,255.01265879175804
8,31,1,1,1,7,276.3331550934735
8,39,0,1,1,7,254.42122157946625
8,9,1,0,1,6,253.33324447948493
8,10,0,1,1,0,252.9677904733056
8,11,0,1,1,4,254.8726177873291
8,12,1,1,1,4,272.56005268351663
8,13,1,1,1,1,276.2981589249613
8,20,1,1,1,3,272.66206734678565
8,23,1,0,1,1,256.6218497344419
8,32,0,1,1,3,257.83885025096896
8,9,1,1,1,0,270.0399983149362
8,10,1,1,1,2,269.92866798578865
8,11,1,1,1,5,275.4621937340358
8,53,0,0,1,6,249.29618919725283
8,54,0,0,1,7,240.21563326071822
8,25,1,1,1,7,285.74959102047694
8,38,1,1,1,2,267.85047650370785
8,42,1,0,1,5,253.06043094733027
8,52,0,1,1,0,250.294498759145
8,54,0,1,0,3,252.76712056067768
8,20,1,0,0,1,241.1815752309508
8,21,1,0,0,1,240.27003282740571
8,22,1,0,1,2,257.88484296612955
8,31,1,1,1,3,271.9379555768529
8,32,1,0,1,6,260.9375672592137
8,33,0,1,1,6,263.2958438180508
8,35,1,0,1,0,255.89886655366112
8,36,1,0,1,2,255.5388984247857
8,37,1,0,1,4,252.35679535054948
8,38,1,0,1,6,257.2937729018951
8,39,1,1,1,1,269.18057180189965
8,13,0,1,1,1,258.05539064705044
8,32,1,0,1,1,257.24831659295484
8,33,1,0,1,2,255.20120842195985
8,34,1,1,1,0,267.34546086089443
8,35,1,1,1,7,272.96401050784493
8,9,1,0,1,3,264.37765655462266
8,11,1,0,1,7,255.71013588588963
8,27,0,1,1,2,257.5795176046664
8,51,1,1,0,5,252.509269140956
8,52,0,1,1,6,254.16473631580038
8,4,1,1,1,7,282.20539909919546
8,32,0,0,1,4,244.32161162966077
8,49,1,0,1,0,255.2650155203685
8,58,1,1,1,3,270.8742402506741
8,59,1,1,1,7,274.43884193783424
8,1,1,1,0,1,251.99801651988537
8,4,0,0,1,7,238.4849550053479
8,8,1,0,1,7,270.8996053611146
8,13,0,0,1,5,240.34004058254675
8,15,0,1,1,5,254.6744166044435
8,34,1,1,0,5,261.47675562269035
8,42,1,0,0,2,238.89200408789372
8,29,0,0,1,1,245.41393641703527
8,32,1,0,1,5,258.9700618261879
8,40,1,1,0,0,252.05973025959457
8,44,1,0,1,1,256.5399950983389
8,51,1,0,0,0,237.873665487013
8,1,0,1,1,6,255.9183080674319
8,3,0,1,1,2,255.0789747472481
8,4,0,1,1,6,254.87600481108234
8,5,1,0,1,5,255.50682010658463
7,28,0,0,1,1,243.49894237310386
7,29,0,0,1,2,241.2187643605808
7,30,0,0,1,6,239.80835362417645
7,31,0,0,1,7,259.03719624546767
7,32,0,0,1,4,242.3435483053143
7,33,1,0,1,0,253.19320505616645
7,34,1,0,1,3,260.02495558297124
7,35,1,0,0,3,244.98708213848718
7,36,1,0,1,4,257.0608159584532
7,37,0,0,1,2,241.1918198852652
7,38,0,0,1,1,242.55720802795832
7,41,1,0,0,6,243.16338862188647
7,42,1,0,0,2,244.1225115329428
7,43,1,0,0,0,240.73189605699804
7,44,1,0,0,3,246.08476971552403
7,45,1,0,1,6,259.91781857529327
7,46,1,0,1,7,270.76507420629537
7,51,1,0,0,1,243.80377802063796
7,52,1,0,0,1,247.04834229019153
7,54,0,0,0,7,244.88300831823653
7,55,0,0,0,0,228.29488836174363
7,58,0,0,0,2,234.30866525664945
7,2,1,1,1,0,266.1315020660195
7,3,1,1,1,2,271.2697304803648
7,4,1,1,1,1,267.35392474920525
7,6,1,1,0,0,251.20314325985225
7,9,0,1,0,1,243.78508635189453
7,10,0,1,0,2,245.9453173573875
7,12,1,0,0,2,247.05578497567984
7,13,1,0,0,6,250.33982147328493
7,16,0,0,1,1,245.94595638086093
7,19,1,0,0,5,245.29197899648696
7,20,0,0,0,1,230.7823524770493
7,21,0,0,1,6,243.5519613592633
7,23,0,0,1,6,244.8134264143448
7,24,0,0,1,5,243.5040424498196
7,25,1,0,0,1,244.5096467934736
7,26,1,0,0,6,245.71036420773518
7,27,1,1,0,5,262.1789342748536
7,32,0,1,0,2,247.2204763978129
7,33,0,1,0,5,249.3671136227441
7,35,1,0,0,6,248.0454994206668
7,38,1,0,0,4,244.1275739319854
7,39,1,0,0,4,240.60284478894525
7,40,1,0,0,5,239.81161747944438
7,48,1,1,1,1,269.76033528688185
7,50,1,1,0,0,254.6286268340225
7,55,1,0,0,6,249.1204443078328
7,0,0,0,0,2,234.16444979850783
7,1,0,0,0,7,235.16851572286643
7,2,1,0,0,1,243.75107625506163
7,5,0,0,0,4,223.81699903658892
7,6,0,0,0,1,230.38354053008624
7,7,0,0,1,3,246.22478256985275
7,12,0,0,0,6,235.76801307007725
7,14,0,1,1,1,256.74238483580046
7,15,0,1,0,6,254.45173695928713
7,17,0,0,0,0,229.27868180378584
7,20,0,0,0,6,234.93981312286704
7,21,1,0,0,4,245.3217393554411
7,27,1,0,0,6,247.75569242988306
7,28,0,0,0,4,232.6439631650976
7,29,1,0,0,2,242.60968628385524
7,30,1,0,0,3,240.02862340719815
7,31,1,0,0,3,250.09256696838668
7,32,1,0,0,2,243.1671811211644
7,34,0,0,0,2,231.07343239535243
7,35,0,1,0,3,245.25720627758318
7,39,0,0,0,2,233.8772612936788
7,40,0,0,0,7,241.4536176033036
7,41,1,1,0,2,260.3386654263215
7,42,1,1,0,1,254.69284417168058
7,43,1,1,1,6,287.822357523009
7,44,1,1,1,1,273.7337586180887
7,45,1,1,0,4,258.0299782986781
7,46,0,1,0,3,249.11742360991119
7,49,0,0,1,0,238.97098538262745
7,50,0,0,1,5,244.02624441108102
7,51,1,0,1,6,257.5986037386924
7,52,1,0,1,7,265.65444996583034
7,55,0,1,1,6,269.91117960596387
7,56,0,0,1,1,241.9237833058117
7,58,0,0,0,4,229.4999436030599
7,1,0,0,0,0,226.1002056735907
7,3,0,0,1,0,240.42083792108315
7,4,0,0,1,6,245.9409384417731
7,5,0,1,1,3,255.66138455300893
7,8,0,1,0,5,248.79924287236307
7,9,1,1,0,6,260.4242508000099
7,10,1,0,0,4,248.38084562449956
7,12,1,0,0,4,247.5701959369695
7,17,0,1,1,7,263.49348310765384
7,19,1,0,0,0,243.27346569191482
7,20,1,0,0,7,259.14733884257697
7,22,0,1,0,5,242.56471811558438
7,23,0,1,0,4,245.06570703869602
7,24,0,1,0,2,247.42820103764637
7,29,1,1,0,7,279.3378573633143
7,30,1,0,0,0,238.43198998780744
7,32,1,1,0,3,263.4414736999575
7,33,1,1,0,2,259.5146713264403
7,34,1,1,0,0,252.89931389016112
7,35,1,1,0,3,258.937334341854
7,39,1,1,0,7,270.0177427650571
7,40,1,1,0,5,262.3767066855163
7,41,0,1,0,4,241.85501603127307
7,45,0,1,0,3,246.5828336345246
7,47,0,1,0,1,245.17864657248043
7,48,0,1,0,0,240.34974788584168
7,49,0,1,0,7,256.1773763237348
7,52,1,0,0,5,248.6547710799651
7,54,0,0,0,5,233.67919497170288
7,55,0,0,0,3,232.88706208594294
7,58,1,0,0,1,240.94916736937827
7,59,1,0,0,2,241.22251837363623
7,2,0,0,1,5,238.35074331060196
7,3,1,0,0,2,246.00048164499364
7,7,0,1,0,4,246.4564778930938
7,9,0,0,0,4,231.49669076991952
7,10,0,0,0,2,233.4189767613465
7,12,0,1,0,4,244.8138359418141
7,15,1,1,1,0,266.7100661132471
7,16,1,1,1,7,289.8581105218054
7,17,0,0,1,3,249.68744126601962
7,18,0,1,1,7,260.03266098568685
7,19,0,1,1,2,261.5242437272174
7,20,0,0,1,0,240.36181529795564
7,21,0,0,1,1,243.37293636273714
7,27,0,1,0,6,253.68960318426574
7,28,0,0,0,3,234.0145608049646
7,31,0,1,0,0,241.10861933790272
7,34,1,1,0,3,261.894086456666
7,36,1,1,0,6,261.8765002271986
7,38,0,0,0,2,233.05257796764175
7,44,1,0,0,7,260.9551632996694
7,46,0,0,0,2,235.49727896852832
7,47,0,1,0,0,241.41176204076515
7,50,0,1,0,0,240.81193555009654
7,51,0,1,0,5,244.4350977600375
7,54,0,0,1,2,244.04564790740636
7,56,1,0,1,3,257.2886557145776
7,59,0,0,0,6,232.68926158073916
7,0,0,0,0,3,232.04019741837303
7,3,0,0,0,3,230.54771438228326
7,7,1,1,0,5,254.64874862849283
7,8,1,1,0,2,256.688517289337
7,12,0,0,0,3,236.15085956632922
7,13,0,0,0,0,228.77381509539816
7,14,0,0,0,4,231.20521492289996
7,19,0,0,0,6,236.00333797670493
7,21,0,1,0,7,256.4996597442934
7,22,1,0,0,6,258.7340718472228
7,23,1,1,0,0,253.71234686669104
7,24,1,1,0,0,255.58722508327156
7,25,1,1,0,6,265.3022145612178
7,28,0,0,0,5,236.66536108029746
7,33,0,0,0,0,228.27311394559464
7,34,0,0,0,6,236.24793599210508
7,37,0,0,1,1,240.58252005595432
7,40,0,1,0,7,256.14353800050617
7,41,1,0,0,3,254.90306491317386
7,42,1,1,0,6,259.08208865804386
7,44,0,1,0,5,246.82836393168995
7,45,0,1,0,4,248.95581516933183
7,47,0,0,0,7,237.6169104078848
7,48,0,0,1,2,244.38365455192417
7,49,0,0,1,7,258.6582526910387
7,51,0,0,0,3,238.20042061488786
7,53,0,0,0,1,231.36034346303157
7,57,0,1,0,7,259.1531821288569
7,58,0,0,1,2,242.60452132247363
7,59,0,0,1,0,236.17137426607246
7,2,0,1,0,5,243.44557565032528
7,3,0,1,1,1,258.0978305263537
7,6,1,0,0,2,242.76481643626207
7,7,1,0,0,5,241.6827380257413
7,11,1,0,1,1,254.2160523809855
7,12,1,0,0,3,246.6551351409852
7,13,1,1,1,0,268.9621168323041
7,14,1,1,1,2,270.79417168052333
7,16,1,1,1,0,265.96429189349976
7,17,1,1,1,7,282.98275658468884
7,18,0,0,0,2,234.99459896391843
7,20,0,0,1,5,245.3942080941391
7,22,0,0,1,7,259.34168776198607
7,23,0,1,1,7,256.63880361978966
7,26,0,0,1,4,240.8744900923169
7,27,0,0,1,0,238.77915974517558
7,29,0,0,1,6,248.85054364279063
7,30,0,1,1,3,256.61326289967343
7,31,0,1,1,5,259.94913544571733
7,32,0,1,0,5,241.67190946166872
7,36,1,0,0,5,246.82110889907523
7,37,1,0,1,1,252.88371879676546
7,42,0,0,0,5,231.91662447365619
7,43,1,0,0,6,246.7328521091287
7,45,1,0,0,4,243.61277597486617
7,46,0,0,0,6,237.11105333592667
7,47,0,1,0,5,244.0947490870074
7,48,1,1,0,1,256.5470443693842
7,49,1,1,0,4,259.7809493615404
7,51,0,1,0,2,247.34006117918727
7,54,1,0,1,5,255.70766784364773
7,55,0,0,1,1,245.24151283713064
7,56,0,0,1,3,245.80099274631743
7,57,0,1,1,5,255.0453208881755
7,4,0,0,0,6,230.33091532843454
7,7,0,0,0,2,232.88741691272884
7,11,0,1,1,6,260.41974308978155
7,12,0,1,1,0,252.69522893193533
7,13,0,1,1,7,272.559868795204
7,19,0,1,0,3,249.49590688591408
7,24,0,0,0,3,231.09831138480288
7,29,0,0,0,4,231.7873122008986
7,33,1,0,0,2,241.29879413613358
7,34,1,0,0,4,244.30120618866886
7,37,0,0,0,5,231.7530729486012
7,39,0,1,0,2,249.08644795802863
7,43,0,0,0,4,231.39887257103842
7,44,0,0,0,2,234.1539510736594
7,46,0,1,0,1,248.38682142577397
7,47,0,1,1,0,252.86447477217513
7,48,0,1,1,4,252.73114583123217
7,49,1,1,1,4,272.94738536077864
7,50,0,1,1,3,257.3823695694472
7,51,0,0,0,0,227.28682679314306
7,56,0,0,0,7,245.142143477878
7,57,0,1,0,5,245.22057020465374
7,58,1,1,0,1,259.0272336144944
7,4,0,1,1,5,253.66867981023304
7,7,1,0,0,1,243.27348426214346
7,8,1,0,0,3,246.95933295810735
7,9,1,1,1,1,273.08157723225867
7,10,1,1,1,5,270.90433095774927
7,13,1,1,0,7,273.13638142649563
7,15,1,0,0,2,245.252940833623
7,16,1,0,0,7,257.8872619935302
7,18,1,0,0,5,248.39520518486736
7,19,0,0,1,0,243.33103471233852
7,20,0,0,1,7,258.89375421024323
7,21,0,0,0,2,235.12741505593962
7,23,0,0,0,4,229.13287493342787
7,26,0,1,0,5,249.22420092669515
7,31,0,0,0,4,230.487752628472
7,32,0,0,0,5,232.80548940672068
7,33,0,0,1,0,239.16383925281247
7,34,0,0,1,7,256.4501626046318
7,35,1,1,1,5,274.59752037005086
7,36,1,1,1,6,272.6544898491742
7,37,1,0,1,0,253.30787903539326
7,38,1,0,1,0,256.12857363841977
7,40,0,0,1,1,244.51904535785872
7,42,0,0,0,0,227.51284140038538
7,45,0,1,0,0,243.53936054081163
7,48,0,0,0,7,236.82510551428064
7,54,1,0,0,2,243.00076879039588
7,55,1,1,0,4,254.69994116046567
7,57,1,1,0,2,258.4720768280542
7,59,1,1,1,6,275.3548462975392
7,0,0,0,1,0,237.6312171439414
7,1,0,0,1,5,245.47423726175276
7,2,1,0,0,2,240.86580068319984
7,3,1,1,0,6,257.9084924147468
7,4,0,0,0,4,228.0563735009341
7,6,0,0,0,6,234.06812450492288
7,9,0,1,0,5,245.5391938509644
7,10,1,1,0,5,257.02153091073046
7,11,1,1,0,2,258.2240801415453
7,16,0,0,0,7,245.52882255759013
7,19,1,0,0,4,246.1734932955985
7,22,1,0,1,0,258.966170057378
7,23,1,0,1,2,260.24790931129616
7,26,0,1,0,4,242.5367464342261
7,27,0,1,0,0,239.73170849837322
7,28,0,1,0,1,243.3577961304083
7,29,0,1,0,2,245.23774052486303
7,32,0,1,1,4,256.60460381176927
7,33,0,1,1,6,260.3623075619627
7,34,0,1,1,3,260.7271136527705
7,35,0,1,0,4,248.0135364996787
7,39,0,0,0,5,234.64459861017434
7,41,0,0,0,7,246.60133725863358
7,43,0,1,1,0,252.89677930407478
7,45,0,1,1,4,255.62074274226185
7,46,0,1,1,0,256.59781796376456
7,48,0,1,1,6,256.17218146442616
7,49,1,1,1,3,278.3171242686232
7,50,1,0,0,3,246.3667464306239
7,53,0,1,0,3,248.0264853070068
7,55,0,1,0,3,252.65843793064823
7,56,0,1,0,5,244.16553465155766
7,59,0,1,0,2,245.95668877320006
7,5,1,0,0,4,240.3704186018993
7,7,0,0,0,6,239.54909457832898
7,8,1,0,0,1,242.83501176068415
7,11,0,0,0,3,234.73281516953122
7,13,0,1,1,5,252.25072395275726
7,15,0,1,1,2,260.06735139575164
7,16,0,0,1,2,241.6490654044676
7,17,0,0,1,5,250.54650285918717
7,18,1,0,1,7,274.27033768524757
7,26,0,0,0,0,226.33570841613175
7,36,1,0,0,7,247.2498166210217
7,37,1,1,0,5,258.71998383492127
7,38,1,1,1,1,272.22519516097276
7,41,1,0,0,5,239.9697118517808
7,47,0,0,0,6,241.27012154174957
7,51,0,1,0,0,239.19271836244002
7,52,0,1,0,4,243.04894250821596
7,58,1,1,1,6,270.03371984623345
7,59,1,0,1,0,254.08898296707662
7,0,1,0,1,4,257.18719135315416
7,1,0,0,1,7,252.0242586138356
7,3,0,1,0,4,240.18799057518757
7,5,0,0,0,2,230.31938633756752
7,6,0,1,0,2,241.97964140442704
7,8,1,1,0,7,276.8363318186107
7,9,1,1,0,2,259.070024485367
7,10,1,1,0,4,259.825985032567
7,11,0,1,0,3,249.21331385829347
7,14,1,0,1,1,257.8338253275776
7,15,1,0,0,5,251.73071169234728
7,16,1,0,0,5,248.93685948252795
7,18,0,1,0,1,244.3636266494591
7,19,0,1,0,1,246.7069756354769
7,20,0,1,0,1,243.83369669486532
7,21,0,1,0,2,245.1357339621167
7,26,1,0,1,1,254.64711669957416
7,27,1,0,1,0,253.16639083383603
7,28,1,0,1,0,253.36740073171825
7,29,1,0,1,7,272.4379300237441
7,31,1,0,0,1,241.76259684231417
7,33,1,0,0,7,258.31582336341876
7,36,0,0,0,5,232.50999926386402
7,37,0,0,1,0,241.82528002768544
7,38,0,0,1,6,242.8671732343755
7,45,0,0,0,3,229.6676690325952
7,49,0,0,0,6,230.53612342777126
7,52,0,1,0,1,249.10323958868622
7,53,0,1,1,2,261.9781643860352
7,54,0,1,1,4,260.3143958486109
7,55,0,1,1,1,255.52112749590674
7,56,0,1,1,2,257.2333194582935
7,57,0,0,1,3,244.13495952231062
7,0,0,1,0,7,254.15485052410259
7,1,1,1,0,7,267.7083886881602
7,3,1,0,0,1,239.11216981917843
7,4,1,0,0,2,242.9263179206658
7,5,1,1,0,7,275.5685926843613
7,6,1,0,1,5,257.5112376001448
7,7,1,0,0,7,253.7845361155712
7,8,0,0,1,7,263.43299587163983
7,9,1,1,0,1,256.0506673822145
7,10,1,1,0,3,260.9452409859833
7,15,1,0,0,0,241.8574447079725
7,18,1,0,0,1,243.63336045593573
7,20,1,0,0,1,244.79268640740085
7,21,1,0,1,4,262.0696581720059
7,22,0,0,1,0,241.19094182684836
7,24,1,0,1,0,250.2938229589394
7,25,1,0,1,3,256.54688933101556
7,26,1,1,0,1,255.83685799274176
7,27,1,1,0,1,257.8462952307594
7,32,0,0,1,2,240.80917460439042
7,34,0,0,1,5,242.56580443625614
7,36,1,0,0,4,245.69995407558605
7,39,0,1,0,7,256.43444429013755
7,43,1,0,0,5,246.87632814738419
7,44,1,0,0,5,243.6454894589244
7,46,0,0,1,3,244.99699955111834
7,57,1,1,0,6,259.65249865012294
7,58,0,1,0,0,241.12330921555954
7,59,0,1,0,4,243.1631572174985
7,0,1,1,0,2,253.031559536909
7,1,1,0,0,0,239.70245451925302
7,3,0,0,0,0,228.17839529565148
7,9,1,0,0,7,260.45981920155754
7,11,0,0,0,7,243.76816604520846
7,13,0,0,1,0,240.64073105500137
7,14,0,0,1,5,250.76262162475905
7,21,0,0,0,6,236.9727540389048
7,22,0,1,0,6,243.85947171538442
7,24,0,1,0,7,256.8114622505068
7,27,0,1,1,2,258.84618922836637
7,28,0,1,1,4,254.1011435697626
7,29,0,1,1,0,255.81287548203662
7,30,0,1,1,1,257.22582258855147
7,34,0,0,1,0,237.81316509445347
7,35,0,0,1,6,252.44789463441896
7,36,1,0,1,7,277.2474501487237
7,37,1,1,0,1,258.7716144309954
7,39,1,1,0,1,259.4233637179205
7,40,1,1,0,4,259.16914994677285
7,43,0,0,1,3,242.48176973176504
7,45,1,1,0,2,259.8871424421936
7,46,1,1,0,1,260.23954371651297
7,47,1,1,1,4,268.1739345016494
7,49,0,1,1,1,256.395897624666
7,50,0,1,1,0,252.69272592701208
7,51,0,1,1,5,255.99299135237763
7,52,0,1,1,2,256.9731753169161
7,53,0,0,1,4,241.9022348991823
7,54,1,0,1,4,256.45827957942527
7,55,0,0,1,6,249.77575819319202
7,56,1,0,1,7,271.09183099444954
7,57,0,1,0,0,239.5654505862478
7,4,0,1,0,4,241.76604242142292
7,11,1,0,0,5,246.28268260061316
7,20,1,1,1,7,289.6735357358471
7,28,0,1,1,5,257.1974257669932
7,30,0,0,0,5,232.31166034724896
7,33,0,1,1,7,276.09076778896895
7,38,0,0,0,0,229.96321681490798
7,40,0,0,0,0,227.53856976590683
7,45,1,0,0,2,243.2435920006655
7,46,1,1,0,4,264.49821334672686
7,53,0,1,0,4,244.97201346082463
7,55,0,1,0,7,257.05943980209236
7,59,1,1,0,7,272.32549794923864
7,2,0,1,0,1,238.6323823203967
7,4,0,0,0,1,230.0141177771873
7,8,1,0,1,5,267.3724357905631
7,17,0,1,0,7,247.61070541279287
7,25,0,1,0,4,244.80381324158006
7,30,1,0,1,0,254.75601540613383
7,31,1,0,1,1,255.62846229311066
7,32,1,0,1,5,258.8986215710112
7,34,1,1,0,6,266.3658785054687
7,35,0,0,0,2,230.63952673489854
7,36,0,1,0,5,245.65164602161786
7,37,1,1,1,1,270.74274817637377
7,38,1,1,0,4,257.3294764409527
7,40,0,1,0,3,246.55679257693907
7,44,0,0,0,1,229.60472624397684
7,48,1,1,1,0,264.8201190685667
7,49,1,1,1,1,273.7210421848411
7,51,1,1,0,1,256.58765667195576
7,52,1,1,0,5,258.75535559881985
7,53,0,1,0,7,263.02639165056036
7,54,0,1,0,6,251.1530116180572
7,58,0,0,0,5,233.70985204985405
7,2,1,0,1,6,261.7322613314586
7,3,0,0,1,1,241.80612603196525
7,5,0,1,1,1,256.9906498035201
7,6,0,1,1,2,256.082722077563
7,8,0,1,1,1,257.6110969415997
7,14,0,1,0,5,247.62277445828997
7,15,1,1,0,7,274.4443291165966
7,16,0,1,0,6,248.12078188809105
7,20,1,0,0,3,247.1677777760691
7,21,1,1,0,5,256.53500140856056
7,22,0,1,1,0,253.41190172229673
7,23,0,1,1,5,265.8870924460857
7,29,0,0,0,3,235.80387365794905
7,30,0,1,1,2,261.15589347372276
7,31,0,0,1,5,241.12997459926947
7,38,1,1,0,2,258.0764078037393
7,39,1,1,0,0,257.24403583826575
7,41,1,1,0,0,253.4143497887548
7,43,1,1,0,7,260.9682246694859
7,47,1,1,0,2,260.4676208907359
7,48,1,0,0,4,242.41439364455292
7,54,0,0,1,1,244.02954448847817
7,55,0,0,1,3,246.50161982099002
7,58,0,1,1,2,259.6630323919408
7,1,0,0,1,2,243.94092716517605
7,2,0,0,1,3,240.88073125043084
7,5,0,1,0,6,245.76716846101192
7,7,0,0,0,5,229.9680421455322
7,9,0,1,1,1,254.81950874055678
7,10,0,1,0,4,248.51953601933783
7,11,0,1,0,0,244.17642142834734
7,13,0,1,0,0,242.4204730407852
7,15,0,1,0,2,249.205281506916
7,17,0,1,0,1,247.70925738153352
7,18,0,1,1,5,262.9291667687576
7,20,1,0,0,6,249.5951936039383
7,23,1,1,0,2,259.6773561937203
7,24,1,0,0,2,241.99028560507168
7,25,1,0,0,6,245.1740746397884
7,27,0,0,0,3,238.7367287786856
7,28,0,1,0,6,258.415874310341
7,29,0,1,0,6,249.64673562374435
7,30,0,0,0,7,245.8417507919282
7,31,0,1,0,2,244.21491509473591
7,44,0,0,0,3,232.34660875682926
7,46,1,0,1,0,250.6594295045225
7,47,1,0,1,0,251.45402410901087
7,48,1,0,1,4,253.47343279594358
7,50,0,0,0,2,234.48412485422838
7,58,1,0,1,4,255.0520885903249
7,1,0,0,1,0,237.23150050043498
7,2,0,0,1,0,239.02480840453876
7,6,0,0,1,4,242.2492693971303
7,11,1,1,0,4,258.4191847869518
7,18,1,0,0,3,248.0632031055488
7,20,1,1,0,0,255.32182122281833
7,22,1,0,0,4,242.693123734446
7,24,1,0,0,0,240.03553997303277
7,25,1,0,0,0,241.2621859419038
7,28,0,0,1,0,242.61916326340764
7,35,1,0,0,0,239.36774823502898
7,36,1,0,0,2,243.0669254129017
7,38,0,1,0,4,248.86581916402375
7,41,1,1,0,1,257.75692347388673
7,42,1,1,0,3,258.2175494114926
7,43,1,0,1,3,264.1417654978396
7,46,0,0,0,7,237.8911532000446
7,50,1,0,0,6,242.82645784328395
7,54,0,1,0,7,258.7001877072417
7,2,1,0,0,3,245.16561812169465
7,3,1,0,0,7,259.29821263796345
7,4,0,1,0,0,240.54011367120108
7,8,0,0,0,6,240.0619023335968
7,19,0,1,0,4,242.95699600096373
7,20,0,1,0,0,241.55830909621338
7,25,0,1,0,1,247.3058199002209
7,27,0,1,0,4,243.8125762632466
7,34,0,1,0,4,248.4839861576304
7,35,0,1,0,5,244.29891292978996
7,36,0,1,0,2,250.78082025354246
7,37,0,1,0,6,252.29929695879042
7,40,1,0,1,4,267.2195728390434
7,41,1,0,1,7,273.60390845178665
7,43,0,0,1,6,243.43931846537103
7,44,1,0,1,4,255.62049642179187
7,45,1,0,1,0,252.3016672637172
7,46,1,0,1,2,255.5267424957661
7,47,1,0,1,6,257.1563224931921
7,48,0,0,1,5,242.9258395674927
7,4,1,1,0,7,269.995539380072
7,5,0,0,0,0,225.98297289572716
7,13,1,1,0,6,261.82157028604087
7,26,0,0,1,5,244.99612220699584
7,30,0,0,1,4,240.7119787277545
7,31,1,0,1,6,262.2357743458105
7,32,0,0,1,0,236.8466806491449
7,34,0,0,1,3,242.17414365987187
7,41,0,1,0,5,244.4980251322242
7,45,0,0,1,5,249.41478317451757
7,49,0,1,0,3,247.6289037388001
7,50,0,1,0,5,247.92758234652524
7,51,0,1,0,7,251.55595062252482
7,57,0,0,1,2,241.1483513612752
7,58,0,1,1,6,256.92185615365764
7,0,0,1,1,3,255.50326879320403
7,5,0,0,0,5,227.8369341652777
7,7,0,0,0,4,232.54985382232633
7,9,1,0,0,4,245.0403776720296
7,14,0,1,0,4,246.10453948639835
7,16,0,1,0,5,247.57804394799373
7,18,1,0,0,6,247.6469563383946
7,19,1,1,0,0,256.0313083610898
7,20,1,1,0,6,265.68111236855657
7,21,0,1,0,3,246.2820772345203
7,22,0,0,0,6,232.4260744472663
7,23,0,1,0,5,245.88564740627197
7,33,0,1,0,3,250.19409439355036
7,34,0,1,1,4,253.76447619010872
7,35,1,1,1,1,271.7909987834665
7,37,1,0,0,3,248.516989099939
7,41,1,1,0,4,258.13175533492483
7,44,0,1,0,0,242.881887171047
7,47,1,0,0,5,244.75031796773624
7,49,1,0,0,5,242.59060202747904
7,52,0,0,1,0,239.60803454191762
7,53,0,0,1,5,243.66694808671872
7,54,1,0,0,4,242.84192835833636
7,56,0,0,0,3,232.48989749961427
7,59,1,1,0,2,254.95102363191424
7,0,1,0,0,6,246.0290916977862
7,4,1,1,0,0,254.01134900325133
7,7,1,0,1,3,258.66912864227606
7,8,1,0,0,7,259.3896447179498
7,16,1,0,1,5,260.7569896376488
7,17,0,0,1,6,246.8075036414945
7,19,1,0,0,7,256.046819439305
7,20,0,0,1,2,246.81203641841648
7,21,0,1,1,0,251.20922895125736
7,23,0,1,1,2,257.41525388728905
7,24,0,1,1,5,257.19467756531117
7,25,0,1,1,0,257.6106119969294
7,26,0,1,1,7,280.8883433956422
7,27,1,0,1,2,260.2434032950798
7,28,1,0,1,1,256.9566263383047
7,30,1,1,0,2,258.4251740778514
7,31,1,1,0,1,256.4766704848477
7,35,1,1,0,2,260.1200996498871
7,36,1,1,0,1,256.545203465921
7,37,1,1,0,6,260.4920796474628
7,38,0,1,0,5,245.69966381518805
7,40,1,1,0,1,258.5940934674896
7,41,1,1,1,0,269.3315815518596
7,42,1,1,1,0,268.7881416230371
7,43,1,1,1,3,271.6626577277559
7,46,1,0,0,1,243.368047434925
7,48,1,1,0,0,256.2493952899567
7,49,1,1,0,7,276.00867709185127
7,50,1,1,0,7,258.4748225581021
7,59,0,1,1,0,252.86390092755755
7,0,0,1,1,1,256.1330201003791
7,10,0,1,0,1,245.50884415679155
7,11,0,1,1,4,256.74177628867426
7,23,1,0,0,0,242.93017044682134
7,24,1,0,0,5,243.67495302379942
7,27,0,0,1,1,241.98217833024876
7,28,0,0,1,2,243.0417522516002
7,35,0,1,0,0,241.93945416661285
7,36,0,1,0,6,249.05051761392423
7,44,1,1,0,2,259.73773108191904
7,46,1,1,0,6,264.6939814520004
7,49,0,1,1,5,255.92490536401786
7,51,1,1,0,5,260.9182283106732
7,52,0,1,1,7,272.6307067673757
7,56,0,1,0,0,242.00783615864665
7,58,0,1,0,6,245.08188732039417
7,11,1,1,0,0,254.95405462950893
7,12,1,1,0,7,277.79153347737747
7,19,1,0,1,7,278.8762881930697
7,21,1,0,0,2,241.7624869659969
7,22,1,0,0,5,242.86426480010346
7,23,1,0,0,7,259.8221237272163
7,24,1,0,0,4,240.99493587834888
7,32,0,1,1,7,271.716818513358
7,33,1,1,1,3,274.45935553715736
7,34,1,1,0,5,260.681353688616
7,41,1,0,0,0,240.56677708778415
7,42,1,0,0,1,242.29766194894756
7,48,1,0,0,3,246.55805886796028
7,52,0,0,1,6,245.93412974337153
7,56,0,0,1,2,243.03635741694214
7,57,0,0,1,1,241.06054979259247
10,0,0,0,1,5,244.0838196203205
9,41,0,0,1,6,253.98667732393835
9,1,1,0,1,1,255.1110669673476
9,7,1,1,0,2,258.6289737098335
9,8,1,0,0,2,246.96939146570062
9,24,1,0,0,5,245.9270737123814
9,48,0,0,1,1,240.19487552920347
9,49,0,0,1,6,242.3215052873509
9,4,0,0,1,5,246.43199674682953
9,6,1,1,0,1,260.34536938384167
9,18,1,0,0,7,258.9967802676566
9,25,1,1,1,3,269.4017280922923
9,29,1,0,0,5,252.43183138630172
9,33,1,0,1,1,253.8978761183369
9,35,1,0,0,3,245.76145716000212
9,57,0,1,1,4,254.39419755285311
9,35,0,0,1,1,238.51330126995956
9,44,1,0,0,1,244.0547281577105
9,21,1,0,1,5,253.9539359245625
9,23,1,1,0,0,255.39050971910737
9,24,1,1,0,3,257.74659089534543
9,59,1,1,0,3,261.39083765692425
9,0,1,1,0,0,254.5881236224127
9,11,0,1,0,5,251.62279104034218
9,24,0,0,1,6,242.84120986604134
9,25,1,0,1,4,256.2212000572492
9,27,1,1,0,0,253.92897177657943
9,33,1,1,0,0,251.77761957295115
9,37,1,1,0,0,255.28834662775728
9,48,1,1,1,0,262.21634509013586
9,58,1,1,0,1,255.24127046408097
9,59,1,1,0,4,257.6755914462853
9,16,1,0,1,7,273.63693849068574
9,37,1,1,0,2,252.27726597869386
9,45,0,0,1,0,240.48376994969811
9,27,0,1,1,7,271.72693937676536
9,33,1,0,1,5,255.35299836482503
9,40,1,0,1,6,259.34762109370246
9,41,1,1,1,6,272.43147006732863
9,7,1,1,1,2,274.571653880226
9,10,0,0,1,4,248.0081929710071
9,34,0,0,1,1,235.52606266129536
9,43,1,0,1,0,253.29448493244035
9,44,1,0,1,1,257.3181445671623
9,51,0,1,1,5,254.40512766918397
9,53,0,1,1,1,252.89738539566073
9,35,0,1,1,4,253.59413780756066
9,39,1,0,1,0,256.094361164521
9,40,1,0,1,4,258.7954907079198
9,57,1,1,0,5,260.6207572258373
9,4,0,0,1,3,245.43734829387006
9,21,1,1,1,2,271.2974129646187
9,25,1,0,1,5,258.6759858938008
9,23,1,1,0,4,257.2058366706962
9,37,1,0,0,6,248.16373415184344
9,12,0,1,0,7,254.0642359461762
9,29,0,1,1,1,256.3703536536429
9,41,0,1,0,6,248.6757015232856
9,43,1,1,1,0,268.4827928438732
9,44,1,1,1,6,272.8401921475686
9,58,0,0,1,7,254.3966864924012
9,6,1,1,0,4,262.4234363024511
9,8,1,1,0,7,276.1658586456647
9,27,1,0,1,2,256.36752576768566
9,28,1,0,1,5,256.3422583352314
9,52,0,1,1,2,255.5713683025444
9,5,1,1,0,2,258.94510811908833
9,14,0,1,1,1,259.95987124346846
9,17,1,1,1,4,272.20675181975076
9,39,1,1,0,5,253.4222131007516
9,41,1,0,1,3,258.8114753233637
9,50,1,1,1,0,267.5565498513654
9,52,1,1,1,7,281.7348000365578
9,6,1,0,1,7,280.32008708590115
9,10,1,0,1,3,261.44959083615134
9,51,1,0,1,4,253.0409697068308
9,0,0,1,1,4,253.17258090568038
9,57,0,1,1,3,258.69106591624825
9,4,1,1,0,0,257.3156011669538
9,5,1,1,0,7,271.1899934994616
9,11,0,1,1,0,257.3793881433785
9,12,0,1,1,7,274.1472878029826
9,1,0,0,1,6,245.28509493537518
9,16,1,0,1,1,256.8540161884152
9,20,1,1,1,5,274.6163707293603
9,28,0,0,1,5,244.0845281036214
9,50,1,1,1,4,275.2028808872854
9,51,0,1,1,6,254.4535839552334
9,52,1,1,1,1,266.6305693482882
9,57,1,0,1,2,257.6083828004459
9,58,1,0,1,4,257.6503718097149
9,0,1,0,1,3,258.8856260660484
9,25,1,1,0,0,253.09042876870882
9,27,1,1,0,5,257.9542611870714
9,7,1,1,1,6,278.4534131112065
9,8,0,1,1,3,259.17598340566923
9,18,0,0,1,6,248.65143461843812
9,27,1,0,1,0,253.26729239894564
9,28,1,0,1,7,269.9281728975037
9,35,1,1,0,0,254.30202191366803
9,36,1,1,0,2,255.23601777688825
9,51,1,1,1,5,271.7101219070032
9,24,1,1,1,6,270.52588776052073
9,37,1,0,0,0,239.28173251977515
9,43,1,1,0,3,257.2505985676276
9,45,1,0,1,4,258.5158998731547
9,58,0,1,1,4,256.6691083642109
9,59,0,1,1,4,257.19269979310974
9,0,0,1,1,1,254.61839026847815
9,10,1,0,0,3,246.53808655092797
9,26,0,0,1,0,238.15766360572616
9,36,1,1,1,5,274.3945416548073
9,46,1,1,0,7,273.2706720134117
9,18,0,1,1,3,258.0653727133857
9,29,1,0,1,4,258.7687902833482
9,47,0,1,1,7,259.6648077339905
9,3,1,0,1,0,257.94009015983517
9,4,1,0,1,4,260.89835999858815
9,16,0,1,1,4,256.5310799143141
9,22,1,1,0,6,261.8978092327861
9,35,0,1,1,2,256.1017236956697
9,39,1,1,0,4,260.0896772159872
9,48,1,1,1,7,286.1800069568816
9,56,0,1,1,2,257.4425030677954
9,16,1,1,1,6,273.91517861491724
9,46,0,1,1,2,256.3620352344022
9,47,0,0,1,6,246.60227541552257
9,56,0,0,1,4,242.64200401886936
9,33,1,0,1,7,254.3108818928195
9,46,1,1,0,3,256.61741607268874
9,16,0,0,1,7,256.0040926293832
9,6,1,0,0,5,247.32320054945777
9,19,1,0,1,0,254.83866774077075
9,21,1,0,1,2,254.16071603544543
9,22,1,0,1,0,252.6530811171113
9,23,1,0,1,5,268.5261668254568
9,30,1,0,1,5,255.77142613351708
9,15,0,1,1,0,254.87428579822532
9,17,1,0,1,3,254.2726722902458
9,29,1,0,1,6,259.77173048068937
9,39,0,1,1,2,255.43696758612188
9,49,1,0,1,2,256.60655390914013
9,50,1,0,1,4,251.49792525338904
9,53,1,1,1,6,272.53216106769
9,54,1,1,1,2,274.4870476782251
9,8,1,1,0,1,256.9453263673368
9,10,1,1,0,1,258.2618686274334
9,40,0,0,1,3,242.56335685866622
9,26,1,0,1,7,274.29494905173266
9,29,0,1,1,6,256.36454966434695
9,30,0,0,1,2,243.6045382049383
9,39,1,1,1,1,270.8587067953455
9,47,1,1,1,2,268.47741759429783
9,16,1,0,1,0,252.95017602865957
9,56,0,1,1,7,261.56404806165324
9,7,1,0,0,2,245.95852779481015
9,32,1,0,0,4,242.12815939587182
9,21,0,0,1,4,240.62736801449176
9,32,1,0,1,1,257.0518484008629
9,47,1,1,0,4,259.87771604926064
9,52,0,1,0,3,246.9462334010506
9,19,1,1,1,5,272.0502838696078
9,54,0,1,1,1,256.6307626603059
9,2,1,1,1,4,274.5006691708728
9,5,1,0,1,6,261.00685168275515
9,6,1,1,1,2,272.65723746547656
9,7,1,0,1,5,259.82726548647094
9,27,0,0,1,4,241.65585162750287
9,11,0,1,1,2,259.10144821535266
9,41,0,1,1,6,257.51017566248265
9,5,1,1,1,4,274.55095939896495
9,18,0,1,1,2,257.8267960829207
9,32,0,0,1,1,239.51809641217216
9,38,0,0,1,7,252.38447445732754
9,43,1,1,1,6,274.9714615607172
9,38,0,0,1,1,238.51029087481425
9,40,0,0,1,4,237.8219730599053
9,53,1,0,1,7,262.109117167462
9,56,1,0,0,3,251.19350546039263
9,58,1,0,1,1,256.03690517182497
9,21,1,1,1,5,271.8663877567732
9,23,0,1,1,5,256.75034067557567
9,30,1,1,1,5,271.24430502260685
9,23,1,1,1,2,266.90824764577206
9,24,1,0,1,5,251.7806128817428
9,26,0,1,1,1,255.32656865251653
9,50,0,0,1,0,240.24817467077256
9,7,1,0,1,6,261.08087758140266
9,17,1,0,1,7,258.9097204243766
9,19,1,1,0,4,257.0506532784496
9,24,1,1,1,2,268.5386166266359
9,25,1,0,1,3,256.99143332860876
9,29,1,1,1,6,271.054224993916
9,40,1,1,1,0,264.26984301738315
9,41,1,1,1,1,269.1807114039474
9,18,1,0,1,4,258.95624283466304
9,20,1,0,1,2,258.8405173959394
9,22,0,0,1,0,238.96991156211652
9,41,1,1,1,4,269.98517296210247
9,27,0,1,1,6,260.1179355031544
9,37,0,1,1,0,251.75299370852218
9,38,0,1,1,7,266.9637814129417
9,18,1,1,0,4,254.0602699613665
9,31,1,0,1,3,253.60040190404632
9,16,0,1,1,2,256.49275856832503
9,36,1,0,1,1,253.95018389471045
9,52,0,1,1,4,255.38732728958016
9,30,1,1,0,5,257.8626215670521
9,54,1,0,1,0,250.81137269266566
9,55,1,0,1,1,254.20405522458873
9,0,0,1,1,6,259.5301133381432
9,9,0,1,1,0,256.6640225140898
9,11,0,0,1,4,248.27128286602
9,17,0,1,1,6,262.414055988078
9,37,1,1,1,6,272.59654297265644
9,5,0,1,1,7,272.78716881001844
9,14,1,1,1,4,270.6674699558008
9,40,1,1,0,3,259.6152533030557
9,59,0,1,1,1,256.27534837925754
9,22,1,1,1,2,270.87965132423244
9,23,1,0,1,7,256.57373832663575
9,29,0,0,1,4,241.4688821075602
9,33,0,1,1,1,255.4190526618063
9,17,1,1,0,1,256.1930390579375
9,57,0,1,1,6,258.4940126741415
9,0,1,0,1,1,256.97044597748356
9,10,1,1,0,7,274.4427329776619
9,37,0,0,1,0,234.3786381143345
9,39,1,1,1,7,273.32236657229254
9,41,0,1,1,1,256.9890310450851
9,14,0,0,1,7,252.6898593465357
9,47,1,0,0,4,244.14156963944637
9,4,1,0,1,0,257.62990030593994
9,5,1,0,1,7,276.8248669602988
9,12,0,1,0,5,249.1481812174303
9,14,0,1,1,2,260.9224381929122
9,40,1,1,1,7,270.7567205498037
9,38,1,1,0,3,257.73573545807307
9,57,1,1,1,1,269.3081540585668
9,24,1,1,0,5,258.56074230177677
9,28,0,1,1,5,258.69032984259184
9,59,1,0,1,0,254.65815756237308
9,6,0,1,1,2,258.75475617238305
9,29,0,0,1,5,241.98029820129426
9,43,1,1,0,7,272.8219251950639
9,55,0,1,1,3,256.3612266786132
9,58,0,1,1,5,261.59839238663915
9,18,1,1,1,5,278.3146226356853
9,54,1,0,1,4,254.72518139250738
9,18,0,1,1,5,257.00309622853985
9,47,1,0,1,6,269.3184098958609
9,50,0,1,1,7,264.8149470377863
9,2,0,1,1,7,272.29354128493316
9,22,1,1,1,0,265.5368713181769
9,23,1,1,1,5,267.28422606369713
9,27,0,0,1,3,247.79061724982253
9,30,1,0,0,2,244.037933167188
9,52,0,1,1,3,255.21028887873499
9,2,0,0,1,0,241.38165053997932
9,4,0,0,1,1,247.66302828760914
9,34,1,1,0,6,260.1714067179738
9,20,0,1,1,5,258.22111910516986
9,53,0,1,1,4,256.7338742179856
9,54,1,1,1,5,268.9011994556472
9,55,1,1,1,1,271.089863765191
9,22,0,1,1,1,257.54271918563563
9,34,1,1,1,3,267.2983564733
9,56,1,1,1,4,267.94708971992054
9,9,1,1,0,0,257.6401385782732
9,49,0,1,1,0,251.54242595387328
9,10,0,1,1,2,260.2749665278366
9,35,1,0,1,3,265.3804945647845
9,38,0,1,1,1,253.4183175562879
9,7,0,1,1,2,257.59557153679884
9,31,1,0,1,0,255.38114064454192
9,46,0,1,1,0,251.91145681477107
9,47,0,1,1,4,259.5029854597
9,53,1,1,1,2,271.4127078383939
9,41,1,1,1,3,281.24786312653464
9,42,1,1,1,6,272.21804450720776
9,58,0,1,1,2,257.4635748186974
9,0,1,1,1,5,271.0707069022061
9,8,1,1,1,1,268.2922396591364
9,32,0,1,1,5,256.9643451106476
9,37,1,1,0,1,255.42705833848916
9,51,1,0,1,5,252.37831813094974
9,58,1,1,1,3,284.965348635636
9,59,1,1,1,6,268.366954059312
9,10,1,1,1,6,284.0021334834143
9,58,1,1,0,6,267.3572155288751
9,46,1,0,1,7,274.8144138678319
9,52,0,1,1,5,254.05726462876223
9,15,1,0,1,6,260.69293508606756
9,29,1,0,1,7,273.5541430521811
9,12,0,0,1,7,257.2383127108103
9,20,1,1,0,3,258.91610355107804
9,26,1,1,1,5,267.4487310358417
9,43,1,1,1,2,273.62737635628775
9,44,1,1,1,1,270.94834046955094
9,5,1,1,1,1,274.7045513724874
9,11,0,1,1,5,256.6941107997598
9,12,0,1,1,0,259.1404904529534
8,41,0,1,1,1,252.60408869293337
8,44,1,1,0,1,251.25135366671014
8,58,1,0,1,5,251.68409203216774
8,5,1,0,1,3,267.1254647355231
8,18,1,0,1,7,266.9321723948766
8,21,0,1,1,4,257.59972253139773
8,22,1,1,1,2,276.03007719455235
8,23,1,0,1,4,256.47171883810887
8,27,1,0,1,0,257.70805533338483
8,28,1,0,1,6,260.2342100471403
8,30,1,1,1,4,269.3720282281499
8,32,1,1,1,6,275.9719386913408
8,34,0,1,1,6,253.41268935824715
8,24,1,0,1,1,256.4702422560546
8,25,1,0,1,0,254.65842633280485
8,26,1,0,1,1,257.280502004427
8,9,1,1,1,1,272.53836310265285
8,11,1,1,1,0,270.9350195404676
8,23,1,1,0,6,258.66743810006443
8,8,0,1,1,3,257.4883783732451
8,18,1,1,1,2,272.1069904158102
8,19,1,1,1,1,274.4909194607055
8,34,0,1,1,2,253.82345928051905
8,47,1,1,0,6,268.0430705714662
8,52,1,0,0,0,236.29567904231214
8,58,1,1,1,2,271.65825754309645
8,3,1,1,0,0,251.04062563809856
8,55,1,0,1,3,253.60015411951812
8,13,1,0,1,3,255.99836148707422
8,21,0,0,1,3,241.6051680288491
8,28,0,0,1,4,243.19273230059468
8,32,1,1,1,7,292.8501711739821
8,44,0,1,1,2,256.0696981611275
8,24,0,0,1,5,242.20383790234416
8,28,1,1,1,6,280.49894442965865
8,30,0,1,1,7,275.41651311960237
8,32,1,0,1,7,273.2975990376719
8,52,0,1,1,2,253.07835350470745
8,54,0,1,1,7,269.3386185106019
8,10,1,0,1,1,256.89894255301357
8,38,1,0,0,4,240.2118659968107
8,39,1,0,0,2,240.61857620823255
8,16,1,0,1,6,255.20744464216824
8,18,0,1,1,1,257.32029042102494
8,1,1,1,1,1,270.27100765526626
8,7,0,0,1,5,240.06341369634313
8,21,0,1,1,6,259.2671870773608
8,29,0,1,1,3,254.5567888308934
8,24,1,1,1,0,270.09695486245937
8,25,1,1,1,1,274.84532183213616
8,36,0,1,1,7,265.83198356976
8,42,1,1,0,4,254.81253314429728
8,26,0,0,1,0,242.88028023712488
8,46,1,1,0,5,255.62696478532334
8,4,0,1,1,7,269.5382799273409
8,5,1,1,1,6,270.0639734794255
8,23,0,1,1,2,258.46995859508576
8,55,1,1,0,7,253.54025440684939
8,56,1,0,1,2,253.9462084102655
8,57,1,1,1,0,265.64147853029255
8,0,1,1,1,2,267.81736693691124
8,2,1,1,1,2,271.8014130471401
8,3,1,0,1,1,254.6569502022285
8,7,0,1,1,4,254.35800321938856
8,8,0,1,1,4,258.2072276390244
8,9,1,1,1,3,272.63111626992793
8,27,1,1,0,1,255.63691419953196
8,28,1,1,0,2,257.87178981313355
8,29,1,0,1,2,254.95856930964018
8,31,1,0,1,2,261.19053920517416
8,33,1,1,1,5,270.87659386965055
8,52,1,1,0,2,250.6720506215415
8,54,0,1,1,3,253.05439580753992
8,5,0,1,1,1,255.48302896459367
8,11,1,1,1,2,275.4899113911161
8,1,1,1,0,0,251.99070119016585
8,5,0,1,1,0,253.24135270878156
8,14,1,0,0,1,238.5404626708589
8,46,1,1,0,0,253.4963301317855
8,22,1,0,1,1,257.2925618016691
8,28,1,0,1,0,256.2530486351798
8,30,1,0,1,6,252.68494330670995
8,32,1,1,1,2,277.21401649789755
8,35,1,1,1,6,271.71577744115905
8,4,1,0,1,6,268.2985540470855
8,10,1,1,0,6,257.1009842617826
8,13,0,1,1,2,258.0973749152001
8,16,0,1,1,7,268.5946421209452
8,28,0,0,1,2,243.46255691690217
8,24,1,0,0,4,244.86754102755316
8,42,1,0,0,3,243.0648822086039
8,0,0,1,1,1,255.3997014852341
8,4,1,1,1,1,269.90012690543415
8,22,1,0,0,0,240.90676131189565
8,37,0,1,0,5,240.67518023680233
8,41,1,1,0,0,253.29557579435544
8,43,1,1,0,1,250.9889020196685
8,25,1,0,1,3,258.86501724027676
8,26,1,1,0,3,257.9645640689044
8,28,0,0,1,3,251.75473267934876
8,34,0,0,1,7,257.4819355935391
8,18,1,0,0,0,239.4524634131698
8,27,1,0,1,7,278.98623013913107
8,39,1,0,1,5,254.5809567104832
8,15,0,0,1,1,237.82093952294014
8,35,1,1,1,1,270.43687010741326
8,39,1,0,1,3,255.9255766397194
8,53,1,0,0,0,235.96689154473847
8,55,1,0,1,6,252.376348728209
8,41,1,1,1,4,269.9215407001212
8,48,0,0,1,7,242.65543555189473
8,52,0,0,1,3,240.30309696372214
8,55,0,0,1,4,242.76653090763597
8,26,0,0,1,1,241.58483396681183
8,49,1,1,1,7,267.4511976965629
8,51,1,1,1,6,271.5197752140699
8,56,1,1,0,6,254.7560959798006
8,25,0,1,1,3,269.46001410717025
8,0,1,1,0,6,251.39726931137267
8,8,1,1,0,4,253.84588120716091
8,31,1,0,1,4,257.9601697820427
8,43,0,0,1,4,242.2173361298792
8,47,1,1,1,1,267.1829758416507
8,51,0,1,1,0,250.76024558348382
8,54,0,1,1,2,254.1040767678757
8,27,1,1,0,0,255.87275753628643
8,50,0,1,1,7,250.12941799434262
8,24,1,0,1,0,257.3900314437809
8,12,1,1,1,0,270.13699837986724
8,14,1,1,1,6,271.35153846791275
8,15,0,1,1,7,267.10661936935304
8,48,1,0,0,4,240.21633476239452
8,53,0,0,1,3,241.8373203101615
8,55,0,0,1,3,247.29566278119455
8,30,0,0,1,7,251.4297871447256
8,38,1,0,0,3,241.0422906464553
8,41,1,1,0,2,256.1505776156187
8,55,0,1,1,6,261.5268760705474
8,56,0,1,1,5,252.88713321063767
8,59,0,0,1,7,254.91845296521774
8,49,1,0,1,3,265.1508088374529
8,51,1,0,1,0,252.14924267495707
8,52,1,0,1,3,255.20890147164556
8,9,0,1,1,4,251.05830212192805
8,52,1,1,0,4,253.514768133433
8,54,0,1,1,4,254.72949072067246
8,15,1,0,1,7,259.7097467375141
8,21,1,1,1,4,274.7282722152698
8,25,1,1,1,5,273.57961180737357
8,45,1,1,0,0,251.1390169342419
8,48,1,1,0,4,249.89264769557843
8,57,0,0,1,2,235.5350477676692
8,17,1,0,1,0,253.894668162388
8,18,1,0,1,1,254.66636454349384
8,31,1,0,1,1,260.5980332510634
8,32,1,0,0,0,238.33673637810384
8,51,1,1,0,0,249.20322675353594
8,28,1,0,1,4,258.08901439093546
8,38,0,1,1,5,255.85043887472654
8,50,1,1,1,2,268.09582806592397
8,51,1,0,1,3,255.67654637088793
8,57,1,1,0,5,252.6451309566381
8,43,1,0,1,4,256.0728983107068
8,56,0,1,1,7,268.85314833968295
8,12,0,0,1,7,255.99870194173516
8,22,0,1,0,2,248.99162416715447
8,44,1,1,1,1,273.1658191749468
8,45,1,1,1,4,269.16139047579014
8,46,0,1,1,0,253.03609104152616
8,48,0,1,1,4,253.39364658159502
8,49,0,1,1,4,251.3020039925496
8,54,0,1,1,0,253.181078706711
8,57,1,1,1,6,270.3384025987797
8,0,0,0,1,7,254.90807284984737
8,46,0,1,1,4,252.61308593576865
8,16,1,1,0,4,257.00102515026424
8,23,0,1,1,3,259.804783073113
8,33,0,0,1,0,241.1290390950717
8,41,0,0,1,7,258.0637409030003
8,35,1,1,0,7,271.5011373819327
8,58,0,1,1,4,253.35818324264596
8,3,1,0,1,6,257.2630614808311
8,10,0,0,1,5,241.78677491990055
8,22,0,0,1,3,243.1835547430682
8,58,1,1,1,6,269.9607961244648
8,7,0,0,1,3,243.1468003189242
8,19,1,0,1,6,258.21273673650535
8,20,0,1,1,7,268.4675601820608
8,44,0,1,0,1,240.3916341049814
8,1,1,1,1,7,284.7423494894345
8,2,0,1,1,2,254.00321606924376
8,37,1,0,0,1,238.51504083435643
8,3,0,1,1,7,273.4770012544981
8,7,1,0,1,3,257.370842178264
8,53,0,0,1,2,237.54191524199317
8,6,1,0,1,3,258.9175507568951
8,28,1,1,1,3,272.26688123442733
8,29,1,1,1,3,270.99329446906614
8,2,1,1,1,0,271.6270203651719
8,7,1,0,1,5,258.8772048112804
8,11,0,1,1,7,270.6919422696126
8,49,1,1,0,2,253.70438383091323
8,25,0,0,1,3,241.57909166772606
8,38,1,0,1,3,256.3434245916205
8,50,0,1,1,6,263.46357431935934
8,53,1,1,1,2,266.52622165442153
8,54,1,0,1,7,252.29613867457385
8,7,1,0,1,2,257.31014195753215
8,8,1,1,1,1,272.96135433191716
8,10,1,1,0,5,261.4401694317822
8,26,0,0,1,2,243.16789576223115
8,54,1,1,1,2,273.8279938687874
8,55,1,0,1,7,270.5204269023578
8,59,1,0,1,5,254.89838580074982
8,55,1,1,1,4,268.055789360764
8,29,0,1,1,7,270.5429262766242
8,30,1,1,1,2,277.882518752538
8,34,0,1,1,4,253.91809362649445
8,44,1,1,1,5,273.7512248958825
8,46,1,0,0,0,236.44647719892262
8,57,0,1,1,2,251.15367750800095
8,26,0,1,1,6,261.0188598518849
8,27,1,1,1,1,271.38138128499463
8,38,1,0,1,7,272.3217686145818
8,52,1,1,1,3,269.58091981665075
8,53,1,1,1,1,266.6282942871849
8,13,1,1,1,2,275.04516297949635
8,15,1,1,1,2,270.3669192933016
8,16,1,0,1,4,254.43144081084466
8,20,0,1,1,1,256.0613799571776
8,41,0,1,1,0,252.60309101891073
8,44,1,1,1,3,271.1570520677301
8,52,1,0,1,6,253.59787095584662
8,57,0,1,1,0,252.51487250148645
8,58,0,1,1,0,253.64535936642693
8,59,0,1,1,1,253.6724431039167
8,7,1,0,1,4,256.56712835641713
8,59,1,1,0,1,251.7806194299949
8,15,0,0,1,0,237.5127547178097
8,8,0,1,1,1,255.9001312080478
8,32,1,1,1,3,276.07152359608045
8,36,1,1,1,6,273.7943833204852
8,40,1,0,0,4,241.27901991962617
8,47,1,1,0,2,255.51292038033642
8,23,0,0,1,2,239.75761387359958
8,18,1,1,1,0,272.7766970797701
8,19,1,1,1,3,274.75051625863836
8,20,1,0,0,2,239.10527971608292
8,38,0,1,1,0,253.6397296350575
8,39,0,1,1,0,254.70493770369802
8,21,1,1,1,1,272.7582136478901
8,12,1,0,0,1,240.13148492373992
8,13,1,0,1,4,257.2302725834583
8,13,1,1,1,4,276.0337804518348
8,14,1,1,1,3,271.5264315475021
8,16,1,1,0,0,254.31082416666558
8,36,1,0,1,7,273.75757641886497
8,15,1,1,1,3,270.8633592165542
8,17,1,0,1,1,254.94555260891565
8,18,1,0,1,5,254.74240236843735
8,37,0,1,1,4,256.4658965607916
8,55,1,0,0,7,251.7716830415904
8,7,1,0,1,6,256.3590241546985
8,44,1,0,1,5,257.1775561014646
8,2,1,1,0,4,252.06140946061322
8,16,0,0,1,7,251.88146725130545
8,41,0,1,1,5,266.67355399740154
8,51,1,1,1,7,283.7149018463129
8,22,1,0,1,4,256.9137548011272
8,25,1,0,1,6,259.191285299101
8,37,1,0,1,0,253.0727599513174
8,38,1,0,1,1,256.0226487061017
8,57,1,0,0,4,239.00612782162509
8,56,0,0,1,0,235.10796388491005
8,0,1,1,1,5,267.73158718511223
8,9,1,0,1,1,253.40356793188903
8,20,0,1,1,0,255.31405800678868
8,53,1,1,0,4,252.2985237938974
8,55,1,0,1,0,254.16393060265642
8,5,0,1,1,5,253.99858799798523
8,6,0,1,1,4,254.79792502497912
8,7,1,1,1,3,271.1951042306024
8,36,1,1,1,3,274.43464237701664
8,42,1,1,1,0,263.6021359200507
8,43,1,1,1,0,268.4063230263335
8,44,1,1,1,4,271.5942018453873
8,4,1,1,0,5,257.5586647896915
8,26,1,1,1,7,271.31879649978606
8,28,1,1,0,5,257.35446448982606
8,39,0,1,1,1,255.47671675477744
8,19,1,0,1,2,255.9793235329459
8,6,0,0,1,0,239.05806205508085
8,8,1,1,1,7,291.16671608141337
8,9,0,1,1,1,252.08441306996093
8,48,1,0,1,6,252.35954371233763
8,17,1,0,1,4,255.99562009086424
8,14,1,0,1,3,256.43831261341495
8,49,1,0,1,4,256.8869506978217
8,2,1,0,1,2,254.02876801846745
8,4,1,1,1,3,270.87699348178205
8,29,1,1,1,6,270.36755366849104
8,43,1,0,1,3,259.00612054452034
8,49,1,0,1,5,258.2579209928607
8,4,0,1,1,4,253.7887080279561
8,41,0,0,1,2,239.40459032430118
8,13,0,0,1,0,241.16155038296213
8,32,1,1,0,7,271.5450514862047
8,0,0,1,1,5,261.4337031236976
8,9,0,0,1,2,238.2757540146728
8,41,0,1,1,4,253.1009797876531
8,42,1,1,1,7,287.0410642508214
8,6,1,0,1,5,258.51403685772647
7,35,0,1,0,2,244.61004614465006
7,38,1,1,1,6,277.2427398377699
7,39,0,0,1,2,242.0983943957076
7,40,0,0,1,2,243.55074922001904
7,41,0,1,1,3,259.273093583835
7,42,0,1,0,7,261.3274668858725
7,47,0,0,0,3,234.74087444319838
7,49,0,0,0,7,243.9076052399782
7,51,0,0,1,2,246.18456362039484
7,52,0,1,1,5,259.0091892270965
7,53,1,1,0,2,256.6334787868379
7,55,0,0,1,0,241.73134906872065
7,59,0,0,0,0,228.7035740535886
7,2,1,0,0,5,248.6119215630982
7,4,0,1,0,5,244.6480915184584
7,6,0,0,0,7,242.3027290613145
7,8,0,0,0,4,234.71527592648357
7,10,0,1,1,4,256.2628807351637
7,11,0,1,1,0,257.2498330035142
7,12,0,1,1,6,259.6134515662261
7,13,0,0,1,7,255.43976917486594
7,16,1,1,0,5,259.27934160876976
7,17,0,1,0,4,247.8459642768815
7,19,0,1,1,0,255.84392191326918
7,20,0,1,1,7,273.2515149119497
7,24,0,1,1,7,266.3899481146221
7,29,0,0,0,1,229.42611679752267
7,31,1,0,0,6,245.86508646983302
7,32,0,0,0,3,235.66207311098927
7,38,0,0,1,4,241.4816185497444
7,40,0,1,1,5,257.5113706104217
7,45,0,1,1,5,256.28422388711016
7,46,0,1,1,6,260.4418759029868
7,47,1,0,1,5,253.75404298083367
7,48,0,0,0,2,231.65226209952385
7,51,0,1,1,7,268.9136776884248
7,52,0,1,1,1,258.3527855398332
7,53,0,1,0,5,248.69207052341875
7,55,0,1,0,0,240.6624746297059
7,57,1,1,0,3,261.3608454567677
7,58,1,0,0,0,239.861031060216
7,1,1,0,0,2,242.26076957356304
7,4,0,1,0,3,244.75288990166393
7,9,1,0,0,3,243.16866364608586
7,10,1,1,0,6,261.4166333524607
7,12,0,0,1,4,239.03518680774766
7,13,0,0,1,2,243.9099251296715
7,15,0,0,0,7,242.64627953752057
7,16,1,1,0,1,259.16513417748183
7,17,1,1,0,7,280.9780321298127
7,18,1,0,0,7,257.23977993363866
7,19,1,0,0,1,244.06232947046962
7,20,1,0,1,2,260.50635744676043
7,21,1,0,1,3,262.9951306573381
7,23,1,1,0,6,259.9116229695268
7,26,0,1,0,7,256.2699774868415
7,31,0,0,0,0,227.58270045294753
7,33,0,1,0,6,246.96223901713293
7,34,0,0,0,5,235.8802681834258
7,39,1,0,0,3,242.9589926142136
7,40,1,0,0,7,255.37531442825588
7,41,0,1,1,0,253.80250576528312
7,42,0,1,1,1,255.05603864092862
7,50,1,1,0,2,257.4788095751789
7,51,1,0,0,2,244.094096879111
7,53,1,0,1,3,258.54361138662387
7,55,1,0,1,7,268.81485777376906
7,56,0,1,1,4,254.4498705559505
7,57,1,1,1,4,274.87094603916745
7,58,0,1,1,7,275.81621211537646
7,14,0,1,0,3,249.42548400450033
7,17,1,1,1,1,273.7017819190698
7,18,1,1,0,7,274.1304110950183
7,20,0,1,0,5,250.47151181316107
7,21,0,1,0,4,242.15798013132886
7,22,1,1,0,4,256.87208642662324
7,26,1,1,0,5,258.5720070107601
7,27,0,1,1,0,253.50397224487338
7,28,0,1,1,2,258.29677419179285
7,29,0,0,1,0,237.8963706163121
7,30,0,0,1,5,244.60898171987193
7,39,1,0,0,7,257.99196353703724
7,42,0,0,1,4,241.43297531126083
7,43,1,0,1,1,255.58302006203223
7,48,1,0,0,2,243.8032842071335
7,59,1,0,0,3,246.34345155708056
7,1,1,0,1,0,253.71001261614475
7,2,1,0,1,5,254.83115528165126
7,7,0,1,1,7,257.83062517456085
7,8,1,0,0,6,249.2394754758949
7,10,1,0,1,0,249.51786741812273
7,12,1,0,1,4,253.79668747063212
7,13,1,0,1,7,263.17058227266426
7,25,0,0,0,6,235.9808163739769
7,28,1,0,1,6,260.0589270038447
7,37,1,1,0,4,258.99880480395444
7,45,0,1,0,1,245.98419045795146
7,51,0,0,1,4,242.22358828624849
7,52,0,0,1,4,242.2529060277656
7,53,1,0,1,5,260.2863328109752
7,56,1,0,0,7,254.05141172755148
7,58,1,0,0,2,244.6069902611078
7,3,0,0,0,5,229.2567546588219
7,8,1,0,0,0,243.1007099505522
7,9,1,0,0,1,239.2869855306587
7,10,1,0,0,6,247.5869378227731
7,13,1,0,0,0,242.82467745107883
7,14,1,0,0,4,243.43509229135213
7,17,1,0,1,4,256.22030038246385
7,18,0,0,1,1,243.14078867737817
7,21,1,1,0,3,256.5839147051816
7,22,1,1,0,5,256.7422807906682
7,23,0,1,0,0,241.43843242924333
7,24,0,1,0,0,242.37850420769234
7,28,1,1,0,4,261.29401278897626
7,38,0,1,1,7,258.15213157448386
7,40,1,0,0,3,243.79405910683263
7,44,0,0,0,4,230.4342828640368
7,46,0,0,0,4,231.845157730566
7,47,1,0,0,4,241.9134497251742
7,49,0,0,0,0,228.74913867520274
7,54,0,0,1,3,245.65646295200807
7,0,0,0,0,5,231.1014900536224
7,1,1,0,0,1,239.41631574562783
7,4,0,0,1,1,242.31827782001372
7,7,0,0,1,0,238.99766757395733
7,15,1,1,0,3,256.7382207552047
7,16,1,1,0,4,261.56669120050617
7,19,1,0,1,4,260.0214024959371
7,20,0,0,1,6,246.6415783869815
7,22,0,0,1,3,243.08506444889397
7,37,0,1,0,3,247.57991723166785
7,41,0,1,0,3,247.144527842297
7,43,0,0,0,2,234.382483705289
7,49,1,0,0,3,245.87249116083441
7,53,1,1,0,5,269.1293878961334
7,54,1,1,1,3,274.1950210115701
7,55,1,0,0,5,248.05850568262883
7,56,1,0,1,5,257.27629492286206
7,59,1,0,0,0,239.05855195073875
7,1,1,0,0,5,246.19727895943086
7,2,0,0,0,4,231.40902695781355
7,4,0,0,0,5,228.81565549200636
7,19,0,0,1,2,248.85075906769563
7,21,0,0,1,2,243.42871737442925
7,24,0,1,0,4,246.15993376957516
7,26,1,1,0,3,258.0560464998861
7,28,1,1,0,5,260.4018070091903
7,29,1,1,0,5,257.37767162161947
7,36,1,0,1,0,251.8612925940742
7,37,1,0,1,5,254.56485654263562
7,44,0,1,1,1,257.1721550739315
7,45,0,1,0,5,247.13518377189303
7,51,0,0,1,1,242.86987134314217
7,56,1,0,0,4,244.74071742429268
7,12,1,0,0,5,244.38334418464868
7,25,1,1,0,2,256.3042063485352
7,26,1,1,0,4,255.24828813772626
7,31,0,0,1,2,244.32836186045319
7,33,1,0,1,7,274.6556767204771
7,41,1,1,1,7,277.0543266423969
7,53,0,1,1,1,258.62918981097215
7,54,0,1,0,4,244.53521961604923
7,3,1,0,1,4,255.3632780311758
7,4,1,0,1,3,254.56957676282119
7,5,1,0,1,3,255.88314607023707
7,6,1,0,0,6,243.3840123142052
7,13,0,0,1,6,239.28710025135385
7,14,1,1,1,0,268.6461955652484
7,15,1,1,1,4,266.86348156098967
7,17,1,1,1,6,272.18879948887917
7,18,0,0,1,6,245.16000742598598
7,22,0,1,1,1,257.81374387280187
7,24,0,1,1,3,257.3628285546038
7,26,0,1,0,3,248.504749754717
7,27,0,1,0,1,240.8150245184471
7,28,0,1,0,7,250.49065498297722
7,30,0,0,1,0,239.7489235329463
7,31,0,0,1,3,243.5305360499779
7,35,1,1,0,5,258.97340646697927
7,38,0,0,1,2,245.14508629625587
7,39,0,0,1,0,241.35686744661172
7,40,0,0,1,5,245.90497186488682
7,41,1,0,1,5,263.4117374850662
7,55,1,0,0,1,244.13644319442344
7,59,1,0,0,7,246.46357912291296
7,7,0,0,0,7,232.2597375980811
7,10,0,0,0,4,235.725939054072
7,17,1,0,0,6,245.5934870982159
7,18,1,0,0,0,242.65995972042325
7,19,1,0,0,2,245.0370366462115
7,20,1,0,0,0,242.20999047197822
7,21,1,0,0,3,248.48445193753534
7,23,1,1,0,4,256.7766521576658
7,30,0,1,0,3,249.23454095471953
7,35,0,0,0,7,244.10403715955076
7,38,1,1,1,0,262.59051385440034
7,40,1,0,1,1,253.42823056635237
7,42,1,0,0,3,244.6940490361649
7,43,1,1,0,2,259.8675189516956
7,44,1,0,0,0,239.15715245143093
7,0,1,0,0,0,236.5686259044793
7,5,1,1,0,5,257.13651318797315
7,8,0,1,0,6,249.1034251935444
7,12,0,0,1,6,241.57135963482517
7,13,1,1,1,7,292.575643465482
7,14,1,0,0,2,246.30176731058333
7,16,1,0,0,4,246.77178879637938
7,20,0,0,1,1,244.22493276872225
7,22,0,1,1,2,258.00613835674943
7,23,0,1,1,0,251.84642516114243
7,24,0,1,1,2,255.75025392602495
7,26,0,1,1,6,259.63231994880533
7,27,0,0,1,4,240.3423178839402
7,32,1,1,0,7,276.89712486372787
7,41,1,1,1,5,272.4674748788849
7,44,1,1,0,0,255.02340243514598
7,45,1,1,0,7,260.29530429362734
7,48,0,0,1,0,241.36038360287165
7,50,0,0,1,3,244.48633718872784
7,4,1,1,1,6,273.9389498434617
7,5,1,1,1,0,268.41392187874663
7,6,1,1,1,7,289.46503384961045
7,8,0,0,0,2,231.06732669560958
7,11,1,0,1,3,253.47357755621258
7,13,1,0,0,7,259.090490647332
7,14,1,1,0,1,255.33576441553333
7,15,1,1,1,3,276.4228971367718
7,16,1,1,0,7,277.07165153663016
7,19,0,1,1,7,267.1512752425691
7,22,0,1,0,3,246.73522428518237
7,30,0,1,0,6,246.78141117079397
7,31,1,0,0,5,242.32145845517866
7,32,1,0,0,3,245.15845881367554
7,36,1,0,1,2,255.5384058208567
7,37,1,0,1,4,254.3208947047669
7,39,0,0,1,7,258.82558945507503
7,40,1,0,0,4,240.8105345557767
7,42,1,0,0,0,241.1216256058299
7,44,1,0,0,4,245.8207476841031
7,52,0,1,1,0,256.40345862843265
7,53,0,1,1,7,272.95067996388934
7,55,1,1,0,3,259.01909531788573
7,5,0,1,1,7,270.1002575243894
7,7,0,0,1,6,244.81788185554583
7,9,0,0,1,4,240.69437338173088
7,10,0,0,1,3,243.64265893021803
7,12,0,0,1,7,258.95619893812034
7,13,0,0,1,5,240.42907488280005
7,14,0,0,0,2,234.31497706344675
7,15,0,0,0,2,234.42440662896166
7,17,0,1,0,5,250.72826725367278
7,19,0,1,0,5,249.00460275486682
7,21,1,1,0,4,257.4688883150414
7,23,0,1,0,7,258.88357364881483
7,24,0,0,1,2,243.5774921566993
7,26,0,1,1,4,260.3865518036925
7,29,1,0,0,0,235.52219331200754
7,31,1,1,0,0,254.41026300687267
7,32,1,1,0,4,258.15331853827195
7,37,1,1,0,2,260.2168232755265
7,41,1,1,1,6,284.47536109012367
7,42,0,0,1,0,240.52930756233692
7,43,0,0,1,4,240.85333395494246
7,44,1,0,1,0,255.04629238247108
7,45,1,0,1,3,271.38529261365557
7,46,1,1,0,0,255.57674098066806
7,47,1,1,0,6,261.99593552226975
7,49,0,1,1,2,255.9118660596524
7,51,0,1,1,6,256.4663694155772
7,52,0,0,1,2,237.7714550419468
7,55,0,0,1,2,244.91071239035156
7,56,0,1,1,5,257.2128956422253
7,57,1,1,0,1,256.33122623116014
7,58,1,1,0,0,252.77432544080793
7,59,1,1,0,3,254.79265920757
7,4,1,0,0,4,239.29701347537565
7,12,0,1,0,2,247.8708061461633
7,17,1,1,0,4,263.7768976314596
7,32,1,0,0,7,253.75095843438513
7,34,0,0,0,0,228.15933297287452
7,40,1,0,1,2,256.1438131621521
7,41,1,0,1,4,259.2608465378762
7,42,0,0,1,1,243.05437883407285
7,44,0,0,0,0,227.44261085352142
7,45,0,0,0,4,231.04488272178676
7,47,0,0,0,1,229.36723470895868
7,53,1,0,0,7,246.9276043787963
7,2,0,1,0,4,241.47219267905038
7,5,1,0,0,3,241.2394035086572
7,6,1,1,0,7,269.9275876528792
7,7,1,0,0,3,243.00453845626498
7,18,0,1,0,4,246.1211899570448
7,21,1,1,1,3,273.2174261708269
7,22,1,0,0,7,245.31634050726757
7,23,0,0,0,5,232.5742807572464
7,29,1,1,0,6,260.7888278132468
7,31,1,0,0,4,242.35597808995814
7,33,0,0,1,7,241.26475923071123
7,34,0,0,1,1,241.63730039895978
7,38,1,0,0,6,249.71656056279582
7,39,1,1,0,2,258.7163170746681
7,40,1,1,0,7,273.2061353886196
7,43,0,0,1,7,257.99251217270745
7,44,1,0,1,5,258.03173314025685
7,49,0,0,1,2,241.34504879490243
7,50,0,1,1,4,254.07409241317413
7,52,0,0,1,1,241.69248610783376
7,56,1,1,0,7,273.59067606490237
7,2,1,0,0,0,240.7244336964619
7,3,1,0,0,3,243.99219264909792
7,4,1,1,1,5,269.05578470718916
7,7,1,0,0,4,240.67551539276968
7,8,0,0,0,7,232.19749878293834
7,9,1,0,0,2,247.40495313286766
7,10,1,1,0,7,274.6315671257395
7,12,1,1,1,0,268.97807262443206
7,13,1,1,1,6,275.79522968805645
7,14,1,1,1,1,268.43995643579075
7,20,0,1,0,4,244.61492632310137
7,30,1,0,0,2,245.20855993438843
7,39,1,0,0,2,245.74137853435153
7,40,1,1,0,2,259.29885182732454
7,41,1,0,0,2,242.06644505513435
7,59,0,0,0,3,231.9713435820712
7,1,0,1,0,3,249.37455157777376
7,6,1,1,0,3,257.425918434974
7,7,1,1,0,2,255.37353863746918
7,9,0,1,1,4,254.72785467785997
7,11,1,0,0,3,247.88167593603092
7,12,1,1,0,3,261.35575755527907
7,23,1,0,0,1,245.26639064552148
7,24,1,0,1,7,273.62810687382375
7,25,0,1,0,7,255.55761450754363
7,30,0,1,1,7,275.38868215312414
7,33,1,0,1,1,256.9355201391614
7,37,1,1,0,0,255.36511243378433
7,38,1,1,0,7,268.98584636529165
7,41,1,1,1,3,275.25404708154576
7,45,1,0,0,7,255.33692136627224
7,47,1,1,0,0,257.2449308261548
7,50,0,1,1,5,258.14652559336946
7,55,0,1,0,6,249.90519633584617
7,4,1,0,0,7,242.49789075608052
7,5,0,0,0,1,227.59724604714884
7,9,1,0,0,6,251.0434115442606
7,33,0,0,0,3,234.90848177930823
7,37,0,1,1,6,255.41861028168682
7,38,0,1,1,6,254.9180261679603
7,44,0,0,1,6,242.03623554445383
7,45,0,1,1,0,255.67962534654941
7,46,0,1,1,1,256.6269638738511
7,48,1,1,0,2,259.224965831678
7,50,1,1,0,1,256.47997911801275
7,54,1,0,1,2,256.8232748827598
7,55,1,0,1,0,252.15384678770795
7,56,1,0,1,2,254.75817302643412
7,57,1,1,1,6,278.33357735759853
7,58,1,1,1,4,271.6005264422828
7,59,1,1,1,2,273.69400187431796
7,21,0,1,1,6,262.27859362414614
7,22,0,0,1,5,249.2202811201961
7,25,0,0,1,3,241.11267959801518
7,28,0,0,1,5,245.36870133985803
7,29,0,0,0,2,232.5178564678987
7,33,0,0,0,2,231.05879509307226
7,40,0,1,0,0,241.18007492437783
7,42,1,1,0,4,261.95528891691924
7,43,0,1,0,5,247.2578364026852
7,45,0,1,1,6,260.5247133190988
7,48,0,1,0,2,247.42260512069058
7,51,1,0,0,6,248.60120757913432
7,57,1,0,1,6,259.41518256587216
7,58,1,0,1,2,255.4473158037837
7,0,1,1,1,6,272.6249596350134
7,8,0,1,0,7,254.26228120548961
7,23,1,0,0,5,248.98495809517757
7,31,1,1,0,6,262.3272072913981
7,34,1,1,0,4,256.48422532379175
7,46,1,0,0,4,246.11303431360142
7,57,0,0,1,0,240.36041943436675
7,58,0,0,1,3,246.45934633613376
7,4,1,1,0,3,261.72848820661267
7,5,1,0,1,6,255.71882026140122
7,6,0,1,1,1,255.69669489437814
7,13,0,0,0,3,237.39236229469148
7,14,0,0,1,3,247.26934484092928
7,32,0,1,0,4,246.48724142198543
7,34,1,1,0,7,275.8335556794763
7,43,1,1,0,4,260.0655530361813
7,46,0,1,1,5,256.5352675175726
7,54,1,0,1,3,267.31628127703766
7,55,1,1,0,5,259.54027505780294
7,56,0,1,1,0,255.12448521025382
7,0,0,1,1,2,259.98856095198875
7,3,1,1,1,4,270.34813190499324
7,4,1,1,1,3,274.8805415717402
7,5,1,0,0,2,239.31979171387997
7,6,1,0,0,4,241.21274341009953
7,10,0,0,1,5,245.29405268045642
7,13,1,0,1,0,256.0056831626756
7,14,1,0,1,4,258.42414916941124
7,15,0,0,1,7,255.56675935641596
7,34,0,0,1,6,243.42240392942335
7,35,1,0,1,2,256.616575162896
7,36,1,0,1,5,261.98050338254933
7,39,1,0,1,1,256.13972886632985
7,43,0,0,0,5,232.6993282106749
7,47,1,0,0,0,238.07976356108344
7,49,1,1,0,2,257.00644644359625
7,50,1,0,0,5,244.42728261209328
7,57,1,0,0,4,243.5326463388593
7,2,1,1,1,1,267.19193760682833
7,7,0,0,1,5,241.88867732557748
7,10,1,0,1,7,268.09678072008955
7,13,1,0,0,4,243.65511240326174
7,20,1,1,0,2,261.3766105577942
7,22,1,1,0,6,263.2649789714232
7,30,0,0,1,1,241.41121738536685
7,31,0,0,0,2,233.51891757368512
7,37,1,0,0,1,238.85909066033162
7,38,1,0,0,5,246.4210945183353
7,39,0,0,1,5,244.4430112340909
7,45,1,1,0,6,276.7880910317276
7,51,1,0,0,7,255.9496831754903
7,54,0,1,1,7,276.9989792981228
7,57,1,0,0,5,241.79954155603758
10,0,0,0,1,3,146.94413500636813
9,24,0,1,1,6,254.99885385743337
9,21,1,1,0,4,253.92650642028053
9,26,1,0,1,2,254.67275288001437
9,28,1,0,1,0,255.4831721389313
9,46,1,0,1,2,259.399149415802
9,47,1,1,1,5,270.60244701320875
9,59,1,1,0,0,257.80993546119134
9,22,1,0,1,4,254.2762870799053
9,16,1,1,1,7,288.49995046005785
9,5,0,1,1,3,262.88432474138364
9,11,1,0,1,7,269.64189992360025
9,27,1,0,1,1,255.31949892319903
9,42,0,1,1,7,272.58347725366013
9,2,1,1,0,7,271.95533991654327
9,17,1,0,1,4,255.20513789952284
9,4,1,0,1,2,262.8496904307577
9,22,0,0,1,2,244.3493222059819
9,30,0,1,1,0,254.49921714247523
9,4,1,1,1,7,287.5292984794771
9,5,1,0,1,5,258.873188545515
9,47,0,1,1,0,254.33488999650453
9,48,0,1,1,4,254.16523943477583
9,49,0,1,1,2,255.85472460837934
9,51,1,1,1,7,285.9686251191749
9,59,1,1,1,5,269.43314601704344
9,27,1,1,1,4,271.57244364668225
9,59,1,1,1,4,269.2911412305645
9,27,1,1,1,7,271.74377347419613
9,54,1,1,0,1,257.6619360986716
9,55,1,1,1,4,273.0811548780256
9,27,1,0,1,4,255.86720319430717
9,38,1,1,0,0,253.14418804000283
9,51,1,0,1,1,251.99839607480402
9,57,1,0,1,6,256.41301254278846
9,8,1,1,1,6,283.29962673188277
9,54,1,1,1,4,269.72896030222466
9,9,0,0,1,5,247.66621589948153
9,14,1,1,1,0,272.07204383707597
9,15,1,1,1,5,276.6857029913279
9,19,1,0,1,4,255.11771667928593
9,20,1,0,1,1,256.9526107370626
9,21,1,0,1,7,269.41127395525984
9,55,1,1,0,6,260.3839046309545
9,21,1,1,1,4,271.05212648484553
9,22,0,1,1,7,276.6085917926358
9,27,1,1,1,3,271.5041557685235
9,57,0,0,1,0,241.9478672615859
9,17,1,1,1,6,271.61520386745605
9,22,1,0,1,1,253.9647751711916
9,38,1,1,0,6,261.5559592382837
9,55,1,0,1,7,270.23796945704373
9,57,1,1,1,3,272.50579260736214
9,5,0,0,1,6,245.18152171091558
9,8,1,1,0,2,259.05281380246055
9,10,1,1,1,0,271.0242696291801
9,11,1,1,1,2,273.848745218931
9,39,0,0,1,0,238.75409660223323
9,7,0,1,1,5,262.7979678116289
9,16,1,1,1,4,275.77190475544614
9,18,1,1,1,3,276.9060080471495
9,36,0,1,1,7,275.5670796957491
9,23,1,1,1,3,266.51456246368
9,33,1,1,1,4,269.6611385984609
9,54,1,0,1,3,255.33109171442928
9,55,1,0,1,6,252.46302616765573
9,56,0,1,1,1,257.66198073041465
9,1,1,1,1,7,286.8952191441711
9,6,1,0,1,2,264.2836171438744
9,55,1,1,1,7,288.3083759155506
9,1,1,0,1,3,256.8887803711296
9,42,0,0,1,6,238.38141925078622
9,49,0,1,1,5,253.59060645340796
9,7,1,0,1,0,256.58252069200495
9,10,0,1,1,4,257.0167984549412
9,12,0,1,1,6,263.50207755686796
9,4,1,1,1,1,272.49473333049633
9,2,1,0,1,3,260.4892572240942
9,40,1,1,1,5,269.21013211993466
9,26,1,1,1,1,267.0315275102932
9,56,0,0,1,0,240.26885174659594
9,57,0,0,1,5,245.20108770477196
9,20,1,0,1,4,257.71028534006706
9,42,1,1,0,7,274.52462595287415
9,51,0,1,1,7,254.52974608323154
9,2,0,0,1,5,244.81181058832343
9,38,1,1,1,6,265.7131010782452
9,4,0,1,1,7,263.30615666239976
9,11,1,1,1,3,275.37501337050514
9,24,0,1,1,1,254.73851390031965
9,43,0,1,1,2,254.86913928800723
9,5,0,0,1,2,247.3715722472637
9,27,1,1,1,2,271.08463185085674
9,28,1,1,1,5,274.0529201321216
9,29,0,1,1,7,270.8434056255685
9,19,1,0,1,1,259.13830571638044
9,20,1,0,1,7,261.96826383386326
9,55,1,0,1,2,253.99921545537902
9,9,0,0,1,0,242.10860902163546
9,10,0,0,1,7,257.3794757004189
9,27,0,1,1,2,257.9939317659861
9,1,1,0,1,2,254.89139589158094
9,2,1,0,1,6,267.51201125479565
9,36,1,1,1,4,272.1936980890164
9,8,1,1,1,0,268.83274366028354
9,43,1,1,0,0,256.51242359313267
9,40,1,1,1,3,268.7631997320217
9,46,1,1,1,7,287.2766745151786
9,13,1,0,1,0,256.6537509134647
9,24,1,0,1,3,252.16912048766568
9,43,0,1,1,3,257.127028011143
9,39,1,0,1,6,254.35633840061044
9,9,1,0,1,6,259.7640257612089
9,43,1,1,1,5,273.33606632609013
9,28,1,0,1,1,254.87485778783247
9,5,1,0,1,0,260.8910896336907
9,39,1,1,1,6,283.54970551781196
9,38,1,1,1,0,265.8486245998535
9,39,1,1,1,4,268.7110751264918
9,1,1,1,0,3,260.1660176229694
9,19,0,0,1,4,242.08352947139466
9,22,0,1,1,5,257.1194794137639
9,30,0,1,1,2,260.384496549515
9,13,1,0,1,6,265.0794217162339
9,42,1,0,1,7,260.55310486487576
9,39,1,1,1,0,266.0199210804818
9,57,0,1,1,7,270.928484099385
9,0,1,1,1,3,272.2283485252023
9,18,1,1,1,7,292.83994091545543
9,25,1,1,1,2,268.5279044355795
9,26,1,1,1,4,269.46297614460514
9,27,0,1,1,3,256.4160036321039
9,25,0,1,1,2,254.36110049646524
9,26,0,1,1,4,256.86715759997236
9,26,0,1,1,6,257.5925914349689
9,42,0,0,1,7,259.7179243271332
9,57,0,1,1,1,257.712920477505
9,24,0,1,1,4,255.0755360939685
9,16,0,1,1,1,255.71182444005012
9,52,1,0,1,4,253.88921449546444
9,53,0,0,1,1,240.29296037738524
9,23,1,1,1,6,284.44596515701363
9,24,1,0,1,0,251.7014221957208
9,25,1,0,1,7,272.3475822312732
9,29,1,1,1,2,270.85760443278366
9,1,0,1,1,6,253.78310374927048
9,27,1,1,1,1,270.9795155456292
9,34,1,0,1,6,252.8845623925682
9,25,0,1,1,4,254.86761317451806
9,21,0,1,0,5,240.53139262144992
9,3,0,1,1,1,258.68368510099606
9,35,0,1,1,6,254.71088435136238
9,38,0,1,1,2,255.97213941052874
9,46,1,1,0,0,250.52892224976227
9,31,0,1,1,4,257.3878945611075
9,34,0,1,1,4,250.34867715963236
9,46,1,0,1,4,258.62260248321115
9,44,0,1,1,3,260.1405111360784
9,52,1,1,1,3,269.52347798033867
9,35,1,1,1,5,271.7834727144395
9,2,1,1,1,1,274.26125997678355
9,33,1,0,1,0,252.6755239762133
9,34,1,0,1,4,251.9842218788063
9,12,1,0,1,3,261.69687510358347
9,42,1,1,1,3,272.84391598005914
9,57,1,1,1,4,272.6109362319454
9,19,0,1,1,0,257.35925465357263
9,39,1,0,1,4,255.65998396160066
9,40,1,0,1,0,256.6172624527793
9,42,1,0,1,3,269.3713708434514
9,22,0,0,1,1,241.63178970669347
9,30,1,0,1,3,254.08415564907406
8,29,1,1,0,5,258.3281190974243
8,49,1,1,1,5,267.67210765235524
8,56,1,0,1,0,252.01073064226568
8,57,1,0,1,0,251.0168549288511
8,23,1,0,1,7,272.88854952453994
8,46,0,1,1,5,255.4557330747423
8,59,1,0,1,4,254.68076055006077
8,48,1,1,0,5,253.69277130903478
8,54,0,0,1,4,240.73188109655257
8,12,1,1,1,6,274.52377969661165
8,24,1,1,1,6,273.3757575584851
8,47,1,0,0,1,239.60182904706815
8,56,0,0,1,6,237.02547805518452
8,0,0,1,1,4,255.76186452145728
8,1,1,1,1,4,270.55917854804625
8,4,1,1,1,0,269.4686677244501
8,5,1,1,1,4,271.88012961403655
8,7,0,1,1,7,254.64303521694168
8,15,1,0,1,6,269.76706866957505
8,11,1,0,1,6,265.82756699881594
8,58,1,0,1,1,251.25152300884486
8,19,0,1,1,1,257.97516113981834
8,34,0,1,1,7,267.55271931437875
8,16,1,1,1,4,270.62328648952024
8,17,1,1,1,1,272.79233002957557
8,20,0,0,1,2,240.0403990500345
8,21,0,1,1,7,258.7064280600694
8,57,1,1,1,5,269.2622150887235
8,12,0,1,1,6,258.89151235697216
8,6,0,1,1,3,257.9976283790231
8,20,1,1,1,5,272.62685430915775
8,54,0,0,1,0,239.04553431200026
8,14,0,1,1,7,270.31262102860245
8,1,1,1,1,5,270.98237441398635
8,51,0,1,1,7,267.27540908482257
8,28,0,1,1,5,256.8222799047006
8,47,0,1,1,7,269.8554623244696
8,7,1,1,1,1,273.40757156298463
8,18,0,1,1,3,260.43153985981445
8,12,0,1,1,3,259.2306580126902
8,13,0,1,1,5,258.28763478886674
8,31,1,1,0,2,259.7586511672672
8,36,1,0,1,0,249.17925338408187
8,37,1,0,1,7,263.78914154642837
8,27,1,1,1,4,272.45495246776005
8,40,1,0,1,3,269.4434076507828
8,12,1,0,1,4,258.002868950647
8,21,1,0,1,7,255.58452558329918
8,1,0,0,1,2,236.74894990300783
8,8,1,1,1,4,274.8437854043389
8,12,0,1,1,7,268.6199893757466
8,20,0,0,1,6,252.86879849316543
8,23,1,1,1,3,276.9097173771876
8,36,1,1,0,5,255.2402614594494
8,34,1,1,1,3,272.9771261855008
8,40,0,1,1,3,259.7891126614846
8,8,0,0,1,4,238.5556250814053
8,46,1,0,1,5,255.12307079512266
8,24,0,1,1,4,257.6666042737339
8,26,0,1,1,3,262.10009976386226
8,29,0,1,1,2,255.53111690123833
8,56,1,1,1,6,288.04602119655635
8,39,0,1,1,3,257.6252814097664
8,49,1,1,1,1,267.79228136144934
8,50,1,1,0,7,271.94518617870864
8,3,0,1,1,5,255.44157098266
8,23,1,1,1,1,276.2085471103967
8,51,0,1,1,3,254.9193193417984
8,20,1,1,1,0,271.7867491774241
8,22,1,1,1,5,275.7525182693968
8,3,1,1,1,7,290.88969254212134
8,4,1,0,1,0,254.09497785744276
8,5,1,0,1,6,254.17060999140708
8,26,0,1,1,1,258.1725436874616
8,39,1,0,1,7,272.5550240595764
8,40,0,1,1,5,254.9402559665889
8,53,1,0,1,1,252.01105129673175
8,23,1,1,1,4,276.34075133603335
8,29,0,0,1,7,258.9341949777887
8,59,0,0,1,3,238.65025681726385
8,6,1,1,1,5,272.57265021082895
8,36,1,0,1,6,257.9822554842022
8,52,0,1,1,5,252.73638412108951
8,37,1,1,1,3,271.0663232766194
8,24,1,1,1,3,277.2364387630372
8,39,1,1,0,4,254.0862066320055
8,44,0,0,1,7,255.34330332458254
8,11,1,0,1,3,255.75494154120383
8,40,1,1,1,2,273.53330195785713
8,41,1,1,1,3,272.29606753227273
8,50,1,0,1,2,257.06666702315255
8,47,1,0,1,5,252.59178418587268
8,18,1,0,1,4,253.9257591060265
8,21,1,0,1,4,257.1455825010824
8,7,1,0,1,0,256.7085691353941
8,8,1,0,1,6,256.91185578097145
8,28,1,0,1,2,258.54400866436373
8,53,1,0,1,5,255.95363587775455
8,4,1,0,1,5,254.522437785534
8,14,1,0,1,2,255.68504400951673
8,15,1,1,1,1,270.3924042710063
8,17,1,1,1,5,273.38415505357915
8,8,1,1,1,5,274.1034988639049
8,25,1,0,1,5,258.9560371991688
8,4,1,1,0,0,252.15127530381892
8,15,1,0,1,1,257.71422834942695
8,21,1,0,1,3,255.57892105890258
8,27,1,0,1,2,260.65376224631666
8,49,0,0,1,3,243.11025493241286
8,57,1,1,1,7,285.76044440253173
8,55,1,1,1,5,268.46562560197975
8,49,1,0,1,7,257.1731070364925
8,59,1,0,1,6,254.77882356158693
8,13,1,0,1,1,255.8670708753888
8,32,0,1,1,2,258.403410348138
8,26,1,1,1,3,271.26551079536745
8,6,1,1,1,0,269.4416468225933
8,7,1,1,1,5,271.6961519777346
8,22,1,1,1,7,286.4692961404489
8,9,0,1,1,2,251.35691073293813
8,30,1,1,1,3,269.5199710663923
8,3,0,1,1,3,255.18049372702745
8,57,0,0,1,4,234.89391055171987
8,26,1,1,1,5,271.45375237424497
8,35,0,1,1,2,257.1376349763322
8,3,0,1,1,0,255.33343342869753
8,26,1,0,1,2,259.120497382878
8,5,1,1,1,2,270.8195724225828
8,14,0,1,1,0,253.90267521238982
8,17,0,1,1,3,257.4670133010609
8,48,0,1,1,3,254.04215391290649
8,34,1,0,1,7,274.386100999198
8,17,1,1,1,2,271.9392229258805
8,27,1,1,1,0,269.91093582343973
8,45,0,1,1,2,252.07382233666905
8,53,0,1,1,6,255.8884061998752
8,46,1,1,1,4,269.8772143844035
8,37,1,0,1,6,252.07279400617008
8,52,0,1,1,3,264.7412365904755
8,6,1,1,1,3,271.02186112293896
8,43,1,1,0,2,251.81284441392313
8,58,1,1,0,1,252.71176658717766
8,50,1,0,1,3,257.4214514073224
8,14,1,0,0,6,250.3722997331975
8,31,1,1,1,4,272.2042471199445
8,39,0,0,1,2,250.337262388508
8,1,1,1,1,6,269.95577787685215
8,13,0,1,1,0,254.95895913615095
8,38,1,0,1,0,253.15018402977714
8,42,1,1,0,1,254.87450838934143
8,43,1,1,1,5,268.1802323278353
7,52,1,1,0,0,253.48562442421564
7,53,1,1,0,6,261.7889637715552
7,56,1,1,0,3,264.024072776011
7,3,0,1,1,7,258.8273672691568
7,7,1,1,0,7,259.5373878320475
7,8,1,1,1,7,267.1410715235186
7,10,1,0,0,3,242.0824695080442
7,26,0,0,1,6,245.51227917109767
7,28,0,0,1,4,242.65516716452098
7,29,1,0,1,3,254.98646277714892
7,30,1,0,0,4,245.14854379126547
7,42,1,0,0,4,244.32684716141077
7,43,1,0,0,4,244.9834199587606
7,47,0,1,0,3,251.32339855750672
7,53,0,0,0,4,233.92627801855105
7,57,1,1,1,0,269.2121861454909
7,0,0,0,1,1,238.9232118133548
7,10,0,1,0,0,240.90194873314852
7,15,0,1,0,4,244.09712706576826
7,16,0,1,0,7,256.2589781566304
7,20,0,1,1,2,261.02186868776647
7,21,0,1,1,7,271.673189763373
7,22,1,0,1,1,261.3155195357922
7,23,1,0,0,4,245.93698023972198
7,26,1,0,0,3,244.86851692620354
7,27,1,0,0,4,244.0267630518469
7,35,0,0,0,3,234.33882932691702
7,36,0,1,1,3,263.458878784703
7,39,0,0,0,0,227.93828631080285
7,49,1,0,0,4,240.57180603574213
7,3,0,1,0,0,239.70091740223864
7,6,0,0,1,6,250.12776515634872
7,7,0,1,1,5,254.39287229892864
7,9,0,0,0,6,235.9408310767246
7,10,1,0,0,0,239.1513216007178
7,20,0,0,0,4,232.37748799413868
7,24,1,0,0,7,255.95493406146133
7,27,0,0,0,0,229.1738437543867
7,35,1,0,1,6,259.55146084866027
7,37,0,0,1,7,254.52239460285625
7,41,0,1,1,1,257.43058402470353
7,44,0,1,1,2,258.03493427060033
7,45,0,1,1,2,257.00615902788144
7,50,0,0,1,0,240.86335999385227
7,55,0,1,1,3,258.6113930294786
7,57,0,0,0,0,228.6654415354046
7,59,0,0,1,7,257.9375227187463
7,0,1,0,1,7,275.66741951845154
7,1,1,1,0,5,257.9266696344241
7,2,1,1,0,0,252.62973989007557
7,5,0,0,1,5,243.31016176295938
7,18,0,0,0,1,232.76093545867852
7,20,1,0,1,4,262.1660742406209
7,23,0,1,1,6,257.09277117710684
7,25,0,0,1,4,243.71439000448794
7,26,1,0,1,3,256.5629578419999
7,27,1,0,0,3,249.02321117535575
7,29,1,1,0,2,258.3268348480443
7,30,1,0,0,5,241.6957829923622
7,31,1,0,0,0,238.94536536121834
7,32,1,0,0,1,240.99122047626489
7,38,0,1,0,1,244.18327699662132
7,48,1,0,0,0,238.69729590729452
7,50,1,0,1,4,255.04573961768358
7,1,1,1,0,4,257.5651942838907
7,2,0,1,0,7,258.6032894052887
7,5,1,1,0,2,253.26456717536936
7,6,1,0,0,0,238.74032018244495
7,22,0,0,1,2,242.97932159056543
7,31,1,0,1,0,257.0506242825176
7,32,1,0,1,7,273.3371588368817
7,40,0,0,1,3,247.44254161724535
7,45,0,1,0,6,252.7486729774054
7,55,0,1,0,5,241.40463924984874
7,56,0,1,1,1,259.48014927539504
7,57,0,1,0,6,250.4124274738323
7,0,0,1,0,3,248.65203167521622
7,2,0,1,1,1,254.0450880536452
7,6,0,0,0,3,233.20309114262793
7,11,0,0,1,0,241.02963315448096
7,14,0,1,1,3,258.1496629290449
7,16,0,1,0,4,243.07940599906664
7,18,0,0,1,2,245.9622260822077
7,20,0,0,1,3,244.61978118364576
7,26,1,0,0,1,241.80780479022997
7,27,1,0,0,1,246.38458222857017
7,30,1,0,1,2,258.70889984937276
7,39,0,1,1,5,258.54657466471576
7,41,0,1,1,5,257.4851207114407
7,47,0,1,0,6,251.9600350102406
7,49,0,1,0,5,248.7281121940831
7,53,0,1,1,5,268.03121216385114
7,9,1,1,0,3,259.9760879742105
7,16,0,1,0,0,241.5742753372412
7,20,0,0,0,3,238.16734753535462
7,26,0,0,1,0,238.90566258195597
7,27,0,0,1,2,244.86110953274002
7,29,1,0,0,6,245.8022971617738
7,32,0,0,0,7,240.96387817707696
7,36,1,1,0,2,259.75721194719324
7,38,1,1,1,4,271.02739193931774
7,40,0,1,1,6,256.3909227564003
7,41,0,0,1,3,248.16737022908646
7,49,0,1,0,1,246.44624853710954
7,55,1,1,1,3,271.23992236656335
7,56,1,0,0,0,236.9294140836624
7,57,1,0,0,3,245.77299479761086
7,0,0,0,1,4,238.12110614183905
7,1,0,0,1,1,241.41312183702695
7,9,0,1,0,4,243.085317852602
7,18,0,1,1,3,261.77565776405015
7,21,0,1,0,6,245.317398097446
7,27,1,1,0,4,257.99018787647515
7,29,1,0,0,1,240.2393876669696
7,32,1,0,1,6,259.78736624797307
7,33,1,0,1,6,259.9974844517616
7,34,1,0,1,4,256.96001753748556
7,35,0,0,1,1,241.27229963662532
7,36,0,0,1,6,244.83192930800476
7,38,1,0,0,3,243.85456883749941
7,39,1,1,1,4,267.0989323968575
7,40,1,1,1,1,271.98049606891846
7,45,0,0,0,0,227.42449917602474
7,57,1,0,1,4,256.26990513255174
7,58,0,0,1,1,240.63627671386908
7,18,1,0,1,4,260.6874302479505
7,22,1,0,0,1,246.9545810440918
7,30,1,1,0,1,257.3733402685866
7,38,0,1,0,7,256.60387177673994
7,43,1,0,1,0,253.0624386117507
7,44,1,0,1,7,276.4800307936614
7,48,0,0,0,6,232.86949996311967
7,55,0,1,1,7,258.32300472065685
7,9,1,1,0,7,273.23470788825534
7,12,0,0,1,5,249.61266886958262
7,19,1,0,0,6,249.53282916392757
7,21,1,0,0,1,242.25721457349073
7,22,1,0,0,0,243.12113140225827
7,24,1,1,0,4,258.31514833377935
7,26,1,1,0,7,255.64578442964088
7,28,0,0,1,6,243.6543283133039
7,29,0,1,1,6,259.43186663627165
7,30,0,0,1,2,245.54453978609683
7,32,1,1,1,3,270.66353210980276
7,37,0,1,0,1,244.51209756155845
7,39,1,1,0,5,259.3400417494914
7,40,0,1,1,1,255.19418971140126
7,41,0,1,0,7,260.53041619523606
7,51,1,0,0,3,244.46649312384793
7,52,1,1,0,3,257.4769743414842
7,0,1,0,0,5,243.9326595590284
7,2,0,0,0,7,239.58511145912163
7,3,1,1,0,1,258.51910914851845
7,4,1,1,0,6,260.0637295040932
7,15,1,1,0,6,257.9222669424666
7,18,0,1,0,3,254.41136734740408
7,21,1,0,0,7,259.8977887817985
7,26,1,0,1,4,255.4101868108135
7,28,1,0,1,2,258.6716337081272
7,29,1,1,1,0,271.1666717005359
7,30,1,1,1,7,299.91040545132756
7,32,0,0,0,2,232.46243225121103
7,35,1,1,0,7,270.6658036488332
7,54,0,0,0,2,233.95666024510012
7,12,0,1,0,6,251.23813390834016
7,18,1,1,0,6,267.0677887210605
7,24,1,1,0,6,263.45096465068696
7,25,1,0,0,7,255.1591811252301
7,36,1,0,0,1,243.7815379308008
7,38,1,0,0,7,253.53071656964485
7,39,1,0,1,7,275.3074045649161
7,42,0,1,0,3,249.47074989384325
7,44,0,0,1,1,242.0211018239749
7,51,1,1,1,7,288.3292452052697
7,59,1,0,0,1,243.79160057271457
7,0,1,0,0,1,239.77478610466375
7,6,1,0,0,7,253.42830137185348
7,10,0,1,1,3,274.34957849439223
7,14,1,1,0,2,260.97014007763323
7,15,1,1,0,2,258.9502224220349
7,18,1,1,0,4,259.51941652383795
7,24,1,1,0,3,263.1442351879748
7,26,1,0,1,7,268.14073523254183
7,27,0,1,0,2,247.50146075316823
7,51,0,0,1,6,247.21399848414953
7,58,1,0,0,3,245.7824233854498
7,59,1,1,0,1,255.61265832270382
7,0,1,1,0,4,254.87271398999872
7,1,1,1,0,1,255.80189409720901
7,2,1,1,0,6,261.15551046767234
7,6,1,1,0,5,259.53387363741786
7,10,0,1,0,7,255.67151123915255
7,11,1,1,0,3,260.627609792914
7,12,1,1,0,2,258.547455682678
7,13,1,0,0,1,242.76910257546257
7,24,0,0,1,3,249.25376188128516
7,26,0,1,0,2,247.79113480326828
7,32,1,1,1,1,264.35490987801506
7,34,1,0,1,0,255.23937311186342
7,35,1,0,1,5,260.2077009969529
7,36,0,0,1,7,262.05824788352896
7,37,0,1,1,5,257.0422593178173
7,46,0,1,1,4,256.93019825723337
7,47,0,1,1,2,258.7698202147351
7,48,0,0,1,1,241.10837289792164
7,51,0,1,1,4,256.088682804903
7,52,0,1,1,4,257.04291321060504
7,53,0,1,1,3,263.1116230948223
7,57,0,1,1,6,254.7177714404039
7,58,0,0,1,6,241.90664988132542
7,59,0,1,1,2,256.8717195416847
7,0,0,0,1,2,238.06384256621615
7,1,0,1,1,0,253.0501832921239
7,2,0,1,1,5,254.7967825790669
7,3,1,1,0,4,257.18522430936025
7,4,1,1,0,1,257.1597573093445
7,6,1,1,0,4,260.0612388413409
7,9,1,1,1,5,274.4867993237896
7,12,1,0,1,5,258.83005426694416
7,17,1,1,0,6,268.10870094649823
7,22,1,1,1,5,270.0621502244198
7,29,0,1,1,5,259.2496766125349
7,30,0,1,0,5,248.01826938138947
7,31,1,1,0,2,260.5774392429061
7,36,0,0,1,2,243.36822295782122
7,37,0,0,1,6,242.9488087928073
7,53,0,1,0,2,247.83831487663386
7,11,1,1,0,7,274.1177399519845
7,12,0,0,1,0,237.20721773370556
7,14,0,0,1,2,251.35579417083466
7,15,0,0,1,2,241.0130914656462
7,16,0,0,1,6,244.72510916965595
7,17,1,1,1,5,271.936294710161
7,30,1,1,0,3,255.64669431495471
7,32,1,0,0,5,246.6665683213108
7,42,1,1,0,7,274.80732729887325
7,48,0,0,0,3,232.96991435365103
7,50,0,0,1,7,249.40068463005076
7,51,0,0,0,1,227.1704826132151
7,54,0,0,0,6,236.275931502854
7,56,1,1,0,4,259.37440350346606
7,57,0,1,0,2,249.41974916938122
7,5,0,1,1,4,257.86392575556005
7,10,1,1,0,2,261.06257918300173
7,12,1,0,1,7,275.76621179821785
7,15,1,0,0,3,244.07925219655257
7,16,1,0,1,4,259.64483765123873
7,17,1,0,1,1,256.96634050167813
7,21,1,0,0,0,240.787611870274
7,23,1,0,0,3,247.08214692918514
7,25,1,1,0,1,255.5490168002298
7,26,1,1,0,0,256.5186421245488
7,27,1,1,0,2,260.65093949568603
7,28,1,1,0,3,266.0247203197577
7,33,1,1,0,0,256.5630047646075
7,53,0,0,1,1,243.37618323565798
7,10,0,1,1,1,256.8193280991068
7,13,0,1,1,0,254.44713896507292
7,14,0,1,1,6,265.08419582837615
7,15,0,0,1,3,246.29624288349206
7,16,0,0,1,4,245.1747561838868
7,17,1,0,1,2,257.9945255358359
7,18,1,1,1,1,273.10816775318443
7,23,1,1,1,4,270.8405211422846
7,27,1,1,0,0,257.0748553420819
7,28,1,1,0,2,257.8848361272022
7,33,0,1,1,2,258.38124235910425
7,34,0,1,1,2,255.09747150425747
7,35,0,0,1,7,242.69219752172413
7,40,0,1,0,2,247.51511536444713
7,47,1,1,0,5,259.423451411035
7,53,0,1,0,1,246.8413412335877
7,55,1,1,1,7,271.9042476530786
7,58,1,1,0,2,260.83327825996054
7,1,1,1,0,0,254.28271890723533
7,3,1,1,0,0,254.1252160189509
7,5,1,1,1,2,270.03992512408865
7,6,1,0,1,4,255.71305150282964
7,7,0,0,1,1,239.38376467936234
7,11,1,1,0,5,257.8361326094807
7,18,1,1,0,3,261.4405053885586
7,19,1,1,0,4,258.56008439996236
7,21,0,0,1,7,256.131411637345
7,22,1,1,1,2,270.9980618243843
7,23,1,0,1,5,260.54766540458536
7,31,0,1,0,7,248.64720140732348
7,40,0,1,0,1,243.50472748720924
7,41,0,1,0,6,249.11977041488626
7,46,1,0,0,3,249.20459686905366
7,55,1,0,1,6,272.7979723434742
7,1,0,0,0,1,226.7962515061947
7,8,0,0,1,0,240.06964522232434
7,9,0,0,1,6,244.77910369992694
7,10,1,0,1,6,255.76882780053378
7,11,0,0,1,3,251.8667011865231
7,15,0,0,1,6,244.33853952798043
7,16,0,1,1,3,269.56414156741147
7,19,0,0,0,4,233.99563449031712
7,33,1,1,0,6,275.90432180627107
7,39,0,0,0,6,230.97963560114636
7,42,0,1,1,0,257.1201980441375
7,43,0,1,1,6,260.03787353697004
7,44,1,0,1,2,258.05644315348854
7,45,1,0,1,4,257.66430527767926
7,46,0,0,1,5,243.6244846204359
7,47,0,0,1,3,241.4676853995213
7,53,0,0,0,2,230.30856121909412
7,57,0,0,1,4,242.44306885889762
7,58,1,0,1,5,255.71374497749994
7,59,1,0,1,2,256.2998531547571
7,0,1,1,1,0,271.0200670944403
7,1,1,1,1,0,261.0095570211182
7,2,1,1,1,2,267.56728580083933
7,3,1,0,1,2,254.65028994375666
7,4,1,1,1,7,293.6500660818046
7,7,0,1,1,2,253.25327604542244
7,8,0,0,1,2,243.38693978844924
7,11,1,0,1,7,253.5560247279857
7,17,0,0,1,1,246.05742713384416
7,25,1,0,1,4,257.5253977915326
7,26,0,0,1,1,243.218425549055
7,29,1,1,0,4,258.55993719730054
7,38,1,1,0,0,254.0780418714178
7,41,0,0,1,7,261.33121624139744
7,42,1,0,0,6,244.4003592167513
7,50,1,0,0,4,246.93033934517956
7,56,0,1,0,1,243.20680780906247
7,58,1,1,0,3,258.207396618833
7,1,1,0,0,7,241.2145863544104
7,7,0,1,0,1,242.15419548653722
7,16,1,0,1,3,259.33488100477615
7,24,1,1,1,0,267.3966752435042
7,25,1,1,1,1,267.8261661728559
7,27,1,0,1,7,276.566280408125
7,52,1,1,1,4,283.33342797533976
7,53,1,1,1,2,270.1872604443354
7,54,1,1,1,1,272.7367501126903
7,55,1,1,0,0,255.84028371069107
7,56,1,1,0,1,256.76138822770736
7,57,1,1,1,1,269.1360056285297
7,58,1,1,0,6,258.86947653864684
7,16,0,1,0,3,248.20745465738747
7,22,1,1,1,6,272.71152850780817
7,24,0,1,1,1,254.68711917880563
7,25,0,1,0,5,246.0596144611586
7,27,1,0,1,5,258.8753834779765
7,37,0,1,1,1,254.8417902934199
7,50,1,1,0,3,260.6444373207222
7,51,1,1,1,0,267.0107468614267
7,52,1,1,1,1,271.0181141570478
10,0,1,0,1,0,20.318634266768832
10,1,1,0,1,2,0.573594086179894
9,3,1,1,1,5,275.3328193261994
9,44,1,1,1,4,272.00211476567716
9,4,1,1,0,4,257.7008365074886
9,31,0,1,1,1,258.88017929321114
9,59,0,1,1,2,256.158925225273
9,2,0,1,1,1,255.78661255115372
9,37,1,0,1,2,255.8800580805207
9,44,1,0,1,7,257.04111582284213
9,52,1,0,1,6,251.57307984095198
9,1,1,1,1,6,274.90837196039814
9,20,0,1,1,4,254.92115094044894
9,6,0,1,1,3,261.9777141639531
9,16,0,1,1,7,271.9504247204364
9,17,1,1,1,3,273.6371678329267
9,19,1,1,0,5,260.42625834381823
9,23,1,0,1,0,251.63755635314027
9,44,1,0,1,0,253.58963431334385
9,45,1,0,1,5,256.48182885459704
9,49,1,1,1,0,267.33063343954524
9,12,1,1,1,7,280.35471189883987
9,15,0,1,1,1,255.46327149953777
9,17,1,0,1,6,266.96329180634444
9,53,0,1,1,0,253.76950311238008
9,36,1,0,0,7,247.37338174642338
9,13,1,1,1,7,282.9610144337407
9,23,0,1,1,6,255.74550837609124
9,13,1,1,1,2,272.7963839353134
9,0,0,1,1,0,253.78862349309838
9,28,1,1,1,3,272.16911229873875
9,36,0,1,1,1,254.26461888294807
9,3,0,0,1,2,243.1450780948361
9,46,1,1,1,3,275.01550140249026
9,18,1,1,1,1,272.80399432534495
9,19,1,1,1,3,270.7322646220316
9,32,0,0,1,7,256.8262008991384
9,8,1,0,1,5,262.9310278062329
9,26,1,1,0,4,258.64087886069643
9,21,0,1,1,0,254.21484036044507
9,32,0,1,1,1,253.18917931315318
9,34,1,0,1,3,254.5471956334416
9,42,1,1,0,4,260.3411426622583
9,53,0,1,1,5,256.08222484842395
9,16,0,0,1,4,241.24193023514613
9,36,1,0,1,6,255.02450217666308
9,10,1,0,1,4,260.9486736339043
9,12,0,1,1,1,261.8528558947226
9,33,0,1,1,3,251.68287205342392
9,38,1,0,1,5,257.0469652646497
9,45,1,0,1,1,256.5588646556047
9,0,0,0,1,0,244.66486078106968
9,59,0,1,1,7,269.37129644356077
9,24,1,0,1,2,254.47205356308365
9,25,1,1,1,0,262.89912467081416
9,26,1,1,1,0,267.0837749144174
9,35,0,1,1,5,255.4610917345827
9,3,1,0,1,1,256.5653908261133
9,13,1,1,1,4,273.4326440942046
9,57,1,1,1,2,272.25055784332085
9,58,1,1,1,6,273.35718376068104
9,50,1,1,1,3,271.4927065492293
9,59,0,0,1,7,257.2897020167501
9,59,0,1,1,6,255.49253391396581
9,22,0,0,1,5,241.80775088349702
9,52,1,0,1,7,267.78729588940814
9,17,1,0,1,0,253.8675243642891
9,18,1,0,1,0,255.18860354129185
9,19,1,0,1,3,255.28304828664255
9,57,1,1,0,4,259.9672951426166
9,9,1,1,1,2,271.4392412073917
9,20,1,0,1,3,257.7134412454359
9,30,1,1,1,7,269.2901706888711
9,9,1,1,1,0,266.64313846725986
9,27,1,0,1,3,254.68841282956734
9,30,0,1,1,6,257.12108376742987
9,42,0,1,1,1,259.19006868698045
9,6,1,0,1,1,261.2222054687367
9,56,1,1,1,6,271.20092609404736
9,36,1,1,1,0,266.21333552335983
9,57,1,0,1,3,257.20090246273685
9,15,1,0,1,5,259.75705945638975
9,12,0,1,1,2,260.3323637062596
9,22,1,1,1,3,275.17139412442987
9,14,1,0,1,4,259.5224006698153
9,6,1,0,1,0,257.2903772052097
9,1,0,1,1,1,255.331071125203
9,12,1,1,1,5,271.8530395581209
8,16,1,0,1,3,256.3659489203534
8,51,1,0,1,4,254.38311023749074
8,52,0,0,1,4,239.0285557771124
8,54,1,0,1,0,250.56989847087576
8,55,1,0,1,5,254.32637918911374
8,3,1,1,1,6,275.3299398927512
8,6,1,0,1,6,258.9780801019184
8,11,0,1,1,6,256.0852355395516
8,26,1,0,1,6,260.87813981106876
8,48,1,1,1,0,265.3602944060734
8,27,1,1,1,3,272.5765916405293
8,6,0,1,1,1,255.63896635824622
8,36,1,0,1,5,258.16198848401126
8,47,1,0,1,1,252.1072975423147
8,15,1,1,1,7,284.3689875576084
8,0,1,0,1,2,252.59291690751547
8,24,1,1,1,7,288.108924283526
8,42,1,0,1,6,253.71064672914505
8,18,1,1,1,1,272.1528062448298
8,33,1,1,1,3,270.10683453110767
8,56,1,1,1,1,271.74326679265704
8,22,0,1,1,7,259.1545454081126
8,16,1,1,1,7,272.3877467523898
8,58,0,0,1,0,235.22443907744804
8,59,0,0,1,0,236.0039810551719
8,52,0,1,1,4,251.32052392155168
8,53,1,1,1,3,266.23517356273135
8,58,1,0,1,7,262.788537063282
8,8,1,0,1,2,256.8436961623275
8,9,1,0,1,5,253.64937052468187
8,3,1,0,1,3,254.0761942774458
8,42,0,1,1,4,253.69665837280067
8,48,1,0,1,7,266.7069841439968
8,41,1,1,1,1,270.46989986710696
8,48,0,1,1,7,268.03439293749796
8,49,1,0,1,2,255.11735023323502
8,27,1,0,1,1,259.4759039285463
8,38,1,1,1,5,267.41556448896347
8,47,1,1,1,7,288.3508134176632
8,41,1,0,1,1,254.3380480996072
8,42,1,0,1,0,252.09034435350003
8,41,1,0,1,3,254.8012648049454
8,6,0,1,1,0,252.8736232971375
8,38,1,1,1,7,280.21016359605244
8,28,1,1,1,4,272.5386547929728
8,29,1,1,1,7,282.71353547428805
8,45,1,0,1,6,257.5820817042381
8,47,1,0,1,3,254.78357944305787
8,11,1,1,1,1,271.21731229027785
8,19,1,1,0,4,253.21044536607147
8,27,0,1,1,7,257.3977778522684
8,47,1,1,1,3,270.3699023809032
8,14,1,0,1,7,273.6300406305551
8,5,1,0,1,0,255.11827658703552
8,6,1,0,1,7,271.7896792171671
8,10,0,1,1,4,252.9027799884102
8,33,1,0,1,1,255.4397061036722
8,36,1,1,1,5,273.08526862563986
8,29,1,1,1,2,268.72465524198884
8,30,1,0,1,2,253.44734172433874
8,16,1,0,1,1,255.2041912499925
8,8,1,0,1,0,252.09614672916248
8,19,0,0,1,2,243.12336476599572
8,29,0,0,1,3,244.39752985957713
8,7,0,1,1,0,253.87922272207535
8,32,1,1,0,3,257.33671828971734
8,11,0,1,1,0,254.45563965156128
8,6,1,0,1,0,258.7632794364306
8,19,1,0,1,5,254.91213481124132
8,9,1,0,1,0,253.27769031719922
8,30,0,0,1,6,239.6657580605688
8,7,1,1,1,0,271.23751670494414
8,49,0,0,1,6,238.34925028090936
8,41,0,1,1,3,253.030463537145
8,16,1,1,1,0,270.67056078469574
8,30,1,1,1,6,269.27160431622457
8,15,1,0,1,5,257.78320296053545
8,40,1,1,1,0,268.7313688718494
8,19,1,1,1,0,269.7591032130286
8,20,1,1,1,4,271.37761892384157
8,56,1,1,1,3,272.10907089582173
8,25,1,0,1,4,258.9361613707915
8,53,1,0,1,7,269.83770674248314
8,58,1,1,1,7,280.21520782032235
8,13,1,0,1,7,269.77274956096255
8,17,0,1,1,7,269.63373477441206
8,24,0,1,1,3,261.472230633369
8,59,1,1,1,4,274.21677615339354
8,27,1,0,1,6,262.85642098730887
8,17,1,0,1,3,256.03749978413794
8,8,1,0,1,5,259.36007728712343
8,21,1,0,1,0,254.02925697165819
8,50,1,0,1,0,255.02465921551837
8,35,1,0,1,5,255.61267124664187
8,56,1,1,1,5,271.80293599900403
8,9,0,1,1,6,262.9117068588865
7,3,1,0,0,5,243.19001713177107
7,14,1,1,0,3,266.66333068478343
7,17,1,1,1,2,271.09140922551103
7,18,1,0,1,3,258.5761345800573
7,39,1,1,0,3,263.14316260845715
7,51,1,0,1,0,250.94162925745889
7,52,1,0,1,5,255.87298330158808
7,58,0,1,1,1,257.4127815884698
7,8,0,1,1,4,259.4139871762487
7,10,1,1,0,1,254.17941945674346
7,22,1,1,0,3,260.0556880265811
7,23,1,0,0,2,245.60198978115534
7,28,0,0,1,3,243.48473587545823
7,30,0,1,1,4,257.97336034496004
7,31,1,1,1,0,260.8191743256894
7,32,1,1,1,4,268.0777836877055
7,33,0,1,1,4,256.1140307494459
7,34,0,1,1,1,253.3186781608199
7,40,1,0,0,6,242.0380939702339
7,50,0,1,0,6,249.25401344279487
7,57,1,0,0,7,254.5185609863808
7,5,1,1,0,0,254.1945401868606
7,14,0,0,1,0,242.58694708195333
7,22,0,1,0,2,246.5401321490066
7,28,1,0,0,0,238.6204737404661
7,44,0,1,1,4,258.04354973893123
7,46,1,1,1,4,274.0553930592822
7,47,0,1,1,6,272.8600834301095
7,48,1,0,1,7,257.32465055449603
7,2,0,1,1,6,263.3673394511253
7,3,1,0,1,5,253.22542625559424
7,6,0,0,1,2,242.01482866892385
7,8,0,0,1,5,246.13296987517248
7,11,0,1,1,3,269.4875695316272
7,17,0,0,0,1,230.6366419698507
7,36,1,0,0,0,239.06823345249106
7,50,1,1,1,2,278.0205068944724
7,51,1,1,1,1,274.931406384451
7,52,1,1,0,2,258.270380525495
7,53,1,0,0,5,241.7882092313859
7,12,0,1,1,1,260.81024862935664
7,20,0,1,0,2,249.38135699243512
7,27,1,0,0,7,256.9797252569704
7,49,0,1,1,4,259.1149749797902
7,50,0,1,1,2,256.4025363318885
7,51,0,0,1,0,239.03633740035988
7,57,0,1,1,1,253.96544072375482
7,1,0,0,1,4,241.03495115265866
7,2,0,0,1,4,240.96816967406562
7,3,0,0,1,2,243.25776580794044
7,4,0,1,1,3,253.7413610542693
7,13,0,1,0,4,244.62466226582637
7,15,0,0,1,5,247.81306808740035
7,24,1,1,0,2,259.06932043432676
7,25,1,1,0,3,263.1515082782462
7,26,1,0,0,2,245.15256962555637
7,29,1,0,0,5,242.70423810864472
7,31,0,1,1,1,255.99485254048165
7,48,1,0,0,6,247.71043944129113
7,49,1,0,0,2,249.46932374124094
7,51,1,1,0,0,255.6684089100662
7,52,1,1,0,1,260.18554508931726
7,53,1,1,1,3,273.35545508298696
7,54,1,1,0,5,261.84609399876615
7,56,1,0,0,3,246.69882305975673
7,59,1,1,1,7,291.44426397061
7,5,1,0,0,6,242.22771165146142
7,10,1,0,0,2,243.5773836481497
7,11,1,0,0,4,243.1698467446779
7,23,1,0,1,0,255.44707260755135
7,24,1,0,1,3,265.0493315603744
7,26,1,1,0,6,259.3025372664263
7,33,0,1,1,3,259.037080943253
7,37,0,0,0,2,231.94436430947275
7,51,0,0,1,3,247.46053296397673
7,59,0,0,1,4,242.17557266971394
7,1,1,0,1,7,268.6955315433605
7,3,1,0,1,0,250.3411183636282
7,4,1,0,1,5,254.75839560480495
7,7,0,0,1,7,255.84085344390851
7,11,0,1,0,1,248.58319253159408
7,34,1,0,1,1,258.24304383044455
7,42,1,1,1,5,276.74952381221954
7,45,0,1,1,7,269.82161757254977
7,59,1,0,1,1,254.24378778554825
7,4,1,0,0,0,236.651008407938
7,14,1,1,0,6,261.4371013545999
7,19,0,1,1,6,258.87651515236786
7,20,1,0,1,0,259.21661665450813
7,21,1,0,1,7,276.31877339306544
7,29,1,0,0,3,247.0880360168606
7,31,1,1,0,3,261.56116953150826
7,46,1,0,0,7,256.69597326626496
7,50,1,0,0,7,259.4814098453586
7,53,1,0,1,2,258.19414264786667
7,54,1,0,1,0,256.52434965846743
7,56,1,0,0,2,239.9225726527125
7,5,0,0,1,2,242.58116277543024
7,9,1,1,0,0,253.86850877531376
7,16,0,1,1,6,256.6574849556017
7,17,1,1,1,3,272.2931985698091
7,19,1,1,1,1,270.6999104875267
7,20,1,1,1,4,272.7476711038412
7,21,1,1,1,6,285.09105765016943
7,22,1,1,1,1,273.16017508235814
7,26,1,1,1,1,270.14074149956963
7,27,1,1,1,0,268.5290128246559
7,28,1,1,1,5,271.629605999291
7,30,1,0,0,6,243.0168159005479
7,48,1,1,0,3,257.88190970714606
7,52,1,1,0,4,258.9795887668825
7,9,1,0,1,0,252.3387095958806
7,10,1,0,1,4,257.51703084943733
7,11,0,0,1,5,243.4204496369296
7,13,1,1,0,5,257.2737303089533
7,14,0,1,1,2,259.4856656143452
7,15,0,1,1,1,258.6608434193605
7,24,1,1,0,1,255.109475967196
7,25,1,1,0,4,258.2298954432566
7,30,1,0,0,7,254.39870062192836
7,33,0,0,0,4,231.31681169493635
7,37,1,1,0,3,260.2990885822604
7,14,0,0,1,4,243.43305760059621
7,35,1,1,1,4,273.3784353396152
7,36,0,1,1,1,254.270817714079
7,38,0,1,1,5,256.6213019440988
7,39,1,1,0,6,262.03046738678677
7,42,1,1,0,2,258.85807984386133
7,47,1,1,0,3,258.6213453135557
7,54,0,0,0,4,230.87310198276586
7,9,0,0,1,0,240.94002989490806
7,15,1,0,1,6,259.14831912825315
7,16,1,0,1,0,256.47834794249053
7,17,1,0,1,5,257.25937378093545
7,34,1,1,1,0,270.8480737369807
7,36,1,1,1,4,271.40036308028186
7,37,1,1,1,5,272.4997746125356
7,44,1,1,0,1,257.5687608028046
7,45,1,1,1,7,274.4303758743111
7,6,0,1,0,4,240.05319502298366
7,23,1,0,1,1,260.6836792639676
7,24,1,0,0,3,243.83192173023932
7,29,1,0,1,4,255.74985471333392
7,30,0,0,1,7,243.6767043808885
7,31,0,0,0,1,230.34435148848672
7,34,1,0,1,5,256.32724088924243
7,46,1,1,1,0,263.04419993415377
7,47,1,1,1,3,269.36305032431216
7,52,1,0,1,3,253.97517609289324
7,27,1,0,1,1,261.13203920219337
7,36,0,1,0,4,245.27526886123857
7,39,0,1,1,0,250.60702000617616
7,40,0,1,1,0,253.57931070707536
7,55,1,0,1,5,261.825912826486
7,0,1,0,0,2,243.4883030556618
7,9,0,1,1,0,253.3491466203591
7,24,0,0,1,7,260.68347710432124
7,40,1,1,0,6,260.8255942934496
7,45,1,0,0,6,242.81697864125493
7,48,0,0,0,5,232.0816494210152
7,49,0,0,1,5,241.73008616588555
7,51,1,0,0,5,247.0484143530859
7,58,1,1,1,3,275.59374851989435
7,7,0,1,0,6,249.54562001114027
7,12,0,1,0,7,261.4273073465237
7,27,1,0,0,0,244.8873056635804
7,34,1,1,1,5,270.04042720776135
7,37,1,0,0,5,250.95505605297956
7,55,0,0,1,4,244.18752510444983
7,8,0,1,1,7,275.21669736791506
7,13,0,1,1,2,259.08447008748846
7,14,0,0,1,6,248.38969624878243
7,15,1,1,1,2,273.0710125480518
7,17,0,1,0,2,248.2992328612668
7,30,1,1,1,4,273.116065496896
7,31,1,1,1,5,271.9327991216759
7,40,0,1,1,4,254.59282106598255
7,41,1,1,1,2,276.33048691143654
7,42,1,0,1,0,260.35592263581725
7,43,1,0,1,7,276.554313222593
7,46,1,0,0,5,244.57935770448404
7,58,1,0,0,6,251.38495286985793
7,6,0,0,1,3,243.0415160029502
7,12,1,1,0,6,265.34212947348306
7,27,1,0,1,4,259.2808477093268
7,29,0,0,1,1,239.2280050002031
7,42,0,1,0,2,245.45174422667705
7,3,1,1,1,5,272.00544392762794
7,13,0,1,0,7,262.078239949909
7,41,0,1,1,6,257.5108035357583
7,42,1,0,1,6,263.931102286283
7,45,0,1,1,1,254.93719078478753
7,54,0,1,1,2,261.89687670741614
7,55,0,1,1,5,256.0139231397277
7,0,0,0,1,3,241.54290806840254
7,3,0,1,1,4,251.94647683544127
7,15,0,1,1,6,260.746749917234
7,34,1,0,0,0,240.70164007250352
7,39,1,1,1,0,268.8914869752916
7,40,1,1,1,7,288.040617161337
7,41,1,1,0,3,270.0280774229355
7,52,0,1,0,5,244.2503858007863
7,10,0,0,1,2,242.94411366195573
7,24,1,1,0,7,273.0504434237207
7,32,0,1,1,1,256.81607519164425
7,36,1,1,1,1,267.99318337092427
7,44,1,0,1,3,258.496456865547
7,52,1,0,1,6,259.85963366478876
7,53,1,1,1,0,267.1066781659053
7,54,1,1,1,7,285.8550730217529
7,1,0,1,1,1,258.41552472914094
7,3,1,0,1,1,251.85599828319158
7,7,1,1,0,3,268.32166637585937
7,8,1,0,1,1,258.03029802615123
7,10,1,0,1,5,257.4845016034291
7,15,1,1,0,0,256.29868107441763
7,17,1,0,0,7,259.8463050908018
7,21,0,0,1,3,243.97646568457694
7,25,1,0,0,4,245.09796138490069
7,34,1,1,1,6,273.6517274597432
7,35,0,1,1,1,254.86478760912306
7,37,0,1,0,5,247.41419249028348
7,2,1,0,1,4,256.3100561021078
7,5,0,0,1,0,239.8533434270305
7,7,1,0,1,6,258.7569735174803
7,25,0,1,0,0,242.49996084872015
7,32,0,1,1,2,265.5462493756806
7,33,0,0,1,5,244.7694127092567
7,57,0,0,1,6,241.86132710820291
7,58,0,0,1,0,239.82101457180366
10,0,1,1,0,4,62.66941376695612
9,10,1,0,1,0,256.7485031362979
9,49,0,1,1,6,266.80264502461466
9,0,1,1,1,6,282.35595563291275
9,58,0,1,1,0,256.03392198978764
9,34,0,1,1,0,252.34195811302163
9,41,0,1,1,4,254.9126733171223
9,42,1,1,1,1,272.3971705077608
9,13,1,1,1,5,272.5735119994957
9,20,1,1,1,1,272.08141898052145
9,23,1,0,1,6,253.17783311340875
9,0,1,0,1,6,256.2568512081042
9,2,1,1,1,2,273.343514881842
9,51,1,0,1,2,256.15283634869405
9,5,1,1,1,7,289.90137914939396
9,7,1,1,1,0,267.4878414096145
9,10,0,1,1,3,261.4710840564368
9,26,1,0,1,3,254.68797223301266
9,27,1,1,1,6,285.6245671007778
9,12,1,1,1,2,272.27872282555825
9,56,1,0,1,1,257.4980535445566
9,47,0,0,1,1,241.7396002389163
9,9,0,1,1,7,272.5158814550474
9,25,1,0,1,6,254.92075557516168
9,37,1,0,1,6,254.22006210121847
9,26,1,0,1,0,255.27006674262051
9,11,0,1,1,3,266.76793225998154
9,25,1,1,1,5,279.0745469661719
9,48,1,0,1,6,256.73839215698854
9,6,1,0,1,4,260.9281514478019
9,9,1,0,1,7,272.48033649015844
9,45,1,1,0,5,255.16649782093205
9,43,0,1,1,6,256.2848110026127
9,30,1,1,1,3,270.38664291700707
9,40,1,1,1,6,268.63824724476365
9,2,1,1,1,6,281.48344454104875
9,23,0,1,1,1,252.85407270353747
9,2,1,0,1,0,255.29436743083986
9,50,1,1,1,1,273.043026373933
9,6,1,0,1,3,263.7389004912771
9,30,1,0,1,2,255.50993163430718
9,46,1,1,1,6,276.63431737655935
9,10,0,0,1,0,245.9170373257619
9,22,1,1,1,7,294.29448571035795
9,28,0,1,1,1,256.9586899864724
9,51,1,1,1,1,267.3519003060263
9,53,1,1,1,7,284.21476699108626
9,36,1,1,1,3,275.6835171145759
9,18,1,1,1,0,267.0251883049345
9,47,0,1,1,2,258.0106246631428
9,57,1,0,1,5,257.37556990608323
9,30,1,0,1,1,253.60681652256605
9,9,1,1,1,3,271.52054923697233
9,33,1,1,1,1,270.26964473567347
9,39,1,0,1,2,255.76727655289665
9,3,1,0,1,5,261.7651658759501
9,21,0,1,1,3,261.7860996824282
9,58,1,1,1,5,271.95085471928024
9,18,1,1,1,4,276.0974746385142
9,45,1,1,1,1,267.9556577401751
9,28,1,0,1,4,257.0579143729284
8,2,1,1,1,7,285.6881160525863
8,25,0,0,1,4,239.35125048244743
8,45,1,1,1,3,269.84385261475586
8,47,1,1,1,0,263.7155332214536
8,48,1,1,1,6,268.59826484373673
8,4,0,0,1,6,239.13150277700356
8,23,0,1,1,1,261.11710991619253
8,58,1,0,1,3,251.2166955409802
8,54,1,1,1,3,273.04490337010674
8,14,1,0,1,1,257.35492288012165
8,27,1,1,1,6,273.07523740185957
8,49,1,1,1,4,268.71305192026205
8,55,1,1,1,1,269.38224872338435
8,34,1,1,1,4,272.769958746429
8,50,1,0,1,7,272.0161187510669
8,22,0,0,1,0,242.0190062526901
8,34,1,0,1,5,259.1416787715912
8,52,1,0,1,0,253.4798895732446
8,53,1,0,1,2,255.3234217222503
8,54,1,1,1,4,271.53724596181974
8,34,1,1,1,2,273.0815278405552
8,5,1,1,1,0,266.4158108608512
8,6,1,1,1,2,274.0440142885768
8,15,1,0,1,4,258.98760323731034
8,57,0,1,1,4,252.8190718036241
8,8,0,1,1,2,255.9322460058638
8,48,1,1,1,2,267.31396190336807
8,50,1,1,1,7,267.55562302784637
8,14,1,1,1,1,271.17724484341085
8,57,0,1,1,5,253.60029036237347
8,23,1,1,1,2,276.75565347001975
8,55,1,1,1,0,269.53702993518607
8,3,1,0,1,4,253.9539690489652
8,2,0,1,1,0,254.1281462578195
8,52,1,0,1,4,253.1799423340794
8,48,1,1,1,1,266.92847496218815
8,9,1,1,1,5,272.8835860662588
8,37,1,0,1,5,252.83812464162474
8,2,1,1,1,1,270.5695239264413
8,10,1,1,1,1,271.41983466093404
8,50,0,1,1,2,250.73209220453847
8,54,1,0,1,1,250.42676222749208
8,26,1,0,1,7,269.73453955342444
8,29,0,1,1,6,258.8890985346326
8,14,1,1,1,2,272.89253363949297
8,19,0,1,1,7,271.6582729659999
8,0,1,0,1,1,251.6178346609275
8,39,1,1,1,5,268.9772865675003
8,17,1,1,1,7,287.9578778318464
8,20,1,0,1,3,260.69901148220964
8,14,1,1,1,4,270.7964525182381
8,16,0,1,1,4,255.68354051942612
8,56,0,1,1,0,252.4035387573532
8,48,1,1,1,4,267.5997899003094
8,26,0,1,1,2,259.50955935954136
8,51,1,0,1,1,253.9146326668683
8,49,1,1,1,0,266.8771930673207
8,26,1,0,1,4,259.01486185939166
8,27,1,0,1,3,261.03649987471243
8,33,1,0,1,3,257.03218847949097
8,40,1,1,1,1,273.1350398173377
8,1,1,0,1,4,251.9302343055648
8,34,1,1,1,7,288.7567327991786
8,48,1,0,1,0,250.4959554595092
8,59,0,1,1,4,254.14696874829554
8,0,1,1,1,3,271.2257563854363
8,40,1,0,1,4,256.48124760414
8,54,1,1,1,6,287.67992687935794
8,19,1,0,1,3,267.4322714803483
8,47,1,0,1,4,254.12771294537455
8,26,1,1,1,2,271.2921657010173
7,18,1,1,1,3,275.8419201151816
7,20,1,0,1,7,273.3729221442455
7,33,0,0,1,6,243.9353562605028
7,50,0,0,1,4,241.93887444448256
7,58,0,1,1,0,253.03640221037145
7,59,0,1,1,4,253.54181574606434
7,0,0,1,1,0,254.81583531843725
7,3,0,1,1,2,257.81803606173645
7,8,1,0,1,7,254.61955666659338
7,31,1,1,1,3,273.89449994846683
7,32,1,0,0,4,244.0899413541172
7,33,1,0,0,6,247.98177967205416
7,43,1,0,1,2,263.75323310978524
7,6,1,1,0,2,257.3559399826785
7,16,0,0,1,3,244.55388206859328
7,17,0,1,1,2,259.0458331324038
7,18,0,0,1,3,246.78832617485693
7,25,1,1,1,7,286.06477734826154
7,40,1,1,0,3,261.49431060372046
7,41,1,0,1,3,257.3944550926437
7,24,1,0,0,1,242.2784762712292
7,46,1,1,0,7,270.1021731210117
7,49,1,0,1,4,255.68610394125648
7,50,1,0,1,2,254.03631235619918
7,51,1,1,1,6,280.11951567175464
7,52,0,1,1,3,264.1094978829845
7,58,0,1,1,3,257.03357992580794
7,1,0,1,0,4,245.699718748923
7,6,1,1,0,1,254.39540625712436
7,7,1,1,0,0,253.7195720109542
7,11,1,1,1,3,279.49788438626035
7,12,1,1,0,1,252.8077964233428
7,27,0,1,1,1,256.7039221924454
7,37,0,1,0,2,248.58792701252298
7,1,1,0,0,4,243.04236624358808
7,11,0,0,1,2,240.38095164958204
7,12,0,0,1,2,243.94392363196155
7,13,0,0,1,1,242.85515872214725
7,26,1,0,0,7,260.6752947950417
7,35,0,1,1,5,256.4137648155071
7,36,1,1,0,0,252.88599280907206
7,43,1,0,0,1,241.64603785873402
7,46,0,1,0,4,246.7406478910643
7,53,1,1,1,4,274.33182880604437
7,54,0,1,1,5,261.1580154406883
7,56,0,1,1,3,262.8996943351948
7,25,1,1,0,0,251.79940532785645
7,30,0,1,1,0,255.3381327166885
7,39,0,0,1,6,243.2469634986593
7,50,1,0,1,7,258.14053512948186
7,14,0,1,1,7,276.8984742247557
7,19,0,0,1,6,246.61839312811588
7,24,0,0,1,0,241.24378960776764
7,26,0,1,0,6,246.6632913642518
7,36,0,1,0,1,241.9298094127747
7,4,0,0,1,4,241.82740176340738
7,18,1,0,1,2,257.7814040472857
7,19,1,0,1,2,260.1666453848991
7,22,1,0,1,2,259.51901397113363
7,23,1,1,1,0,265.98929772432854
7,24,1,1,1,6,272.7968479722051
7,26,1,1,1,5,272.3508523437423
7,27,1,1,1,7,288.74941546900845
7,29,0,1,1,1,255.6645002215043
7,35,0,0,1,3,241.3747631061196
7,40,0,0,0,1,227.14638367363148
7,43,0,1,1,7,279.3314758971981
7,9,1,0,1,2,253.43542912332336
7,19,1,0,1,1,260.72742893844975
7,37,1,0,1,3,254.69152325649694
7,39,1,0,0,6,248.44617089447004
7,45,1,0,0,3,249.18215920561403
7,46,1,1,1,5,271.6533224881031
7,54,0,1,1,6,261.5891419515683
7,56,0,0,1,6,247.07409687460057
7,57,0,1,1,0,255.04118892138376
7,1,1,1,0,6,257.1772462771232
7,4,0,0,1,3,248.9835445897037
7,11,0,1,0,6,251.84100654245364
7,23,1,0,1,6,263.910869497746
7,36,1,1,0,5,259.03286207555914
7,2,1,0,1,1,255.0661629391174
7,18,0,1,1,1,258.1284958567708
7,19,0,1,1,5,256.6680841742151
7,29,1,0,1,5,255.1239807664844
7,32,0,0,0,1,231.18683410296507
7,50,1,1,0,6,269.12268727335817
7,53,0,0,1,6,243.41641740554616
7,0,0,0,0,0,227.39010251201367
7,26,1,0,1,2,256.8440497602751
7,27,1,1,1,6,269.63449022428205
7,28,1,1,1,4,271.4450468608541
7,30,1,1,1,1,273.8251109484652
7,31,1,1,0,4,259.4194614686552
7,38,0,1,1,2,255.51331175846124
7,43,1,0,0,2,243.99115027297233
7,44,1,0,0,6,246.3379201429608
7,46,0,1,1,2,258.18218030429205
7,47,0,0,1,5,242.8683090902238
7,52,1,0,1,4,256.523014804524
7,59,0,1,1,3,255.37416569274882
7,17,0,1,1,0,256.0976448218624
7,39,0,1,0,5,242.09824444293443
7,52,1,0,0,6,248.8994564329524
7,2,1,1,0,4,256.73446762996895
7,14,1,0,0,6,249.37890968520847
7,19,0,0,1,4,247.01912710253634
7,21,1,1,1,5,273.2818057926628
7,59,1,1,0,4,257.1063553152003
7,16,1,0,0,3,250.98365846224695
7,19,1,1,1,3,277.9365423150597
7,20,1,0,0,4,247.47558197564078
7,25,0,1,1,1,259.3289558453737
7,34,1,0,0,7,256.2651786090568
7,40,0,0,1,7,258.2849702695579
7,43,1,0,0,3,247.46783746870827
7,54,1,0,1,1,255.7893567020328
7,17,1,1,0,5,262.39208282633695
7,2,0,0,1,7,255.9731828436524
7,6,0,1,1,6,256.8358975839125
7,15,0,1,1,0,252.95493757604874
7,16,0,1,1,2,257.7392008362314
7,18,0,1,1,2,261.04303950898304
7,19,0,1,1,4,258.0825918162873
7,20,0,1,1,3,262.21893283198256
7,22,0,1,1,6,258.9106802470398
7,28,0,1,1,1,255.5256624737851
7,32,0,0,1,5,243.47150658651668
7,45,0,0,1,1,241.66251241212913
7,13,0,0,1,3,240.38593364099447
7,18,0,0,1,4,246.03859238438616
7,36,1,1,0,7,273.9685827618328
7,38,1,0,1,3,260.39620870724036
7,39,1,1,1,3,267.8487708775035
7,46,0,1,0,0,240.53315158155777
7,59,0,0,1,5,246.95690353129464
7,4,0,1,1,7,268.79946305765907
7,37,0,1,1,3,255.95794968920163
7,53,0,1,1,0,257.0415062091346
7,54,0,1,1,1,259.12473434131635
7,56,0,1,0,6,249.353432339137
7,16,0,1,1,7,256.65413727116805
7,18,1,0,0,4,247.68225194483074
7,52,0,0,1,7,254.67583778545304
7,57,1,0,0,1,241.41383189897078
10,0,0,0,0,1,140.02504745393423
9,4,0,1,1,0,256.1196185968722
9,39,1,0,1,5,256.1199873455741
9,29,1,0,1,1,258.0237907436885
9,50,1,1,1,2,271.6441262191833
9,38,1,0,1,3,258.8870571800834
9,43,0,1,1,5,257.38765314829453
9,56,1,1,1,1,271.2025267361886
9,1,1,1,1,5,273.2802651877353
9,17,1,0,1,1,255.62994101500723
9,31,0,1,1,3,257.43778555522516
9,41,1,1,1,7,268.2112341728914
9,4,0,1,1,3,260.44938722258246
9,31,1,1,1,0,267.0524828546796
9,32,1,1,1,2,269.72085273085406
9,36,0,1,1,2,256.37468513231903
9,39,1,1,1,3,272.2737872643673
9,53,0,0,1,2,243.35285134026608
9,5,0,0,1,5,249.0608560741472
9,3,1,1,1,4,274.6860282712361
9,23,1,0,1,2,251.77567726754543
9,24,1,1,1,1,269.9417973730971
9,45,1,1,1,6,284.27044167234
9,9,1,1,1,1,272.6066648878556
9,15,1,1,1,0,273.0914779464623
9,16,1,1,1,1,269.2925327541876
9,0,1,1,1,0,267.82139175577714
9,56,1,1,0,5,260.8850417589475
9,15,1,0,1,2,260.1900264118218
9,50,1,1,1,7,291.3261952448496
9,37,1,1,1,2,271.87977379901923
9,37,1,0,1,7,271.1912334345601
9,4,1,1,1,6,277.3432397883204
9,59,1,1,1,7,282.6173454736786
9,40,1,1,1,1,268.5864720665138
9,55,1,0,1,4,256.72912940498657
9,33,1,0,1,2,252.1586517169792
9,4,1,1,1,0,272.49780747383255
9,5,1,1,1,6,274.2968558960661
9,34,1,1,1,6,272.5541688617409
9,24,1,1,1,3,270.06353412982565
9,16,0,0,1,5,246.67639426508444
9,38,0,1,1,0,251.40366432053978
9,5,1,1,1,3,276.2607313765576
9,47,0,0,1,3,248.65235452834133
9,42,1,0,1,0,254.12183315537234
9,30,1,1,1,4,268.7121144376193
9,4,0,1,1,4,259.13358821056755
8,33,1,1,1,7,270.46825883951493
8,25,1,0,1,2,259.06222614477326
8,59,1,1,1,2,272.29572098183274
8,0,1,1,1,4,267.93864800612505
8,7,1,1,1,7,271.13378301902037
8,36,1,1,1,2,270.6366222836008
8,3,1,1,1,3,275.6540453121373
8,28,1,1,0,6,259.6049036489602
8,59,1,1,1,0,268.2486361000551
8,0,1,1,1,6,268.40183994014563
8,39,0,1,1,5,269.3796558608121
8,46,1,0,1,2,257.6586972819277
8,28,1,1,1,0,264.5493731005682
8,43,0,1,1,5,255.82987265066578
8,20,0,1,1,3,256.32080315847975
8,13,1,1,1,3,278.0446035940564
8,21,1,1,1,6,275.2436803245183
8,10,1,1,1,5,271.81078868857577
8,14,0,1,1,1,253.9195280722197
8,23,1,1,0,2,255.6993141181246
8,6,1,1,1,7,284.01858971006504
8,6,1,1,1,1,271.67867297296175
8,18,0,1,1,4,258.0525024479488
8,38,1,1,1,4,268.0823241786036
8,25,1,1,1,6,273.7557362967824
8,43,1,0,1,6,256.55145211406614
8,4,1,1,1,2,270.8235825149414
8,30,1,1,1,1,271.0845654215197
8,47,1,1,1,2,270.1780870476483
8,49,1,1,1,2,276.6994874585145
8,4,1,0,1,7,254.6820931189198
8,22,1,1,1,3,273.86539377374066
8,46,1,1,1,7,283.19451639442775
8,18,1,1,1,6,272.02298281164485
8,52,1,1,1,2,271.1356186245205
8,53,1,1,1,5,266.5638873597717
8,28,1,1,1,7,277.2610847635752
8,46,1,1,1,2,269.985940890242
8,48,1,1,1,5,266.288901513328
8,44,1,0,1,0,255.21042000870597
8,45,1,0,1,4,257.36356399141914
8,28,1,0,1,3,256.0610988571881
8,38,1,1,1,1,268.29492492619926
8,46,1,1,1,1,269.8730457141766
8,5,1,1,1,3,283.22158782181685
8,1,0,1,1,5,256.0515723830712
8,24,1,0,1,7,271.17814694763473
8,22,1,0,1,0,256.9034028575367
8,9,1,0,1,2,253.25069493856665
8,31,0,1,1,3,255.20487092815995
8,44,1,1,1,2,270.9087152898952
8,45,1,1,1,2,269.4678433886204
8,46,1,1,1,3,270.4336375956857
8,29,1,1,1,4,269.35553253741045
8,45,1,0,1,7,269.8135101284962
7,16,0,0,1,5,242.32766939462945
7,17,1,0,0,0,243.00500196366121
7,39,1,1,1,5,267.5135861314428
7,3,1,1,0,2,253.4655564392537
7,5,1,0,0,0,238.08348804832073
7,9,0,1,0,6,246.38728691192964
7,35,0,0,1,2,243.91158248058355
7,47,1,0,0,1,240.7037014368769
7,49,1,0,1,6,257.62830609478453
7,50,1,0,1,6,259.0977063927598
7,51,1,0,1,1,256.3628331949374
7,57,1,1,0,4,258.12465459291025
7,14,1,0,1,2,261.930336962624
7,16,1,1,1,4,268.8266753780025
7,17,0,1,1,4,257.10139850449224
7,18,1,1,1,4,266.85544195863383
7,19,0,1,1,1,255.70555700044537
7,24,0,1,1,6,257.3756764165995
7,25,1,0,1,5,255.33162958996186
7,47,0,0,1,1,241.26010153962662
7,56,0,1,1,7,272.83655610890213
7,59,0,1,1,5,257.54352866322125
7,8,0,0,0,1,229.97404676612206
7,9,0,0,1,5,245.63123774310102
7,20,0,1,1,0,258.5274408919465
7,24,0,0,1,6,246.8085761242981
7,40,1,1,1,0,264.579750145493
7,42,1,1,1,4,275.43490103596366
7,43,1,1,1,1,270.3775770103519
7,44,1,1,1,5,275.7080238796537
7,56,1,0,1,0,252.21487150943778
7,4,1,0,1,0,252.10192416954285
7,5,1,0,1,7,256.2816733046244
7,8,0,0,1,6,245.52614604572122
7,9,1,0,1,4,253.6690853533487
7,35,0,1,1,7,259.2997638767782
7,47,0,1,0,4,247.15159539130462
7,53,1,1,0,1,256.98687684753503
7,5,1,0,1,0,252.91551313399708
7,6,1,0,1,6,254.31088047438305
7,9,1,0,0,0,241.13970187659527
7,10,1,0,0,5,245.33197816768256
7,12,1,0,1,2,255.50761517558882
7,13,1,0,1,6,269.7092289211944
7,20,1,1,0,3,259.2966884336702
7,32,1,0,0,6,246.98509496503
7,40,0,1,1,7,255.9891146804087
7,44,0,0,1,2,241.86710965289086
7,57,1,0,1,0,253.7770057323229
7,59,1,0,1,5,256.29434274977507
7,21,1,0,1,6,263.89241855147003
7,23,0,1,1,4,255.99255669126114
7,31,1,1,1,2,273.44678024208383
7,32,1,1,1,6,279.31057057544973
7,57,0,0,1,5,245.29829080358496
7,2,0,1,1,3,258.8252331782613
7,11,1,0,1,6,267.6485681540643
7,21,1,0,0,5,245.54949503672484
7,31,1,1,0,7,275.11733665371844
7,54,1,0,0,5,245.9842400289919
7,0,0,1,1,5,258.73195124884603
7,19,1,0,0,3,246.51079817898838
7,22,1,0,1,4,259.7850933015104
7,34,1,0,0,1,240.9025605872496
7,49,0,1,1,6,265.00066690747667
7,54,0,1,0,0,241.14266601461196
7,58,0,1,1,4,258.39078081883497
7,23,1,0,1,7,279.3127152801795
7,35,1,0,1,0,255.78522254125707
7,44,1,1,1,7,292.5201760618236
7,56,1,0,1,6,257.11487143967224
7,59,1,1,0,5,261.44176551677714
7,30,1,0,1,4,258.0336149766922
7,32,0,1,1,0,255.40267455701257
7,44,0,1,1,7,271.28550264678125
7,49,1,1,0,0,253.4490391478545
7,58,1,0,0,4,244.54184425122685
7,9,1,1,0,4,257.86790820296335
7,16,0,1,1,4,256.2402655945219
7,36,1,1,1,5,275.91347389651247
7,37,0,1,1,7,265.2937607133249
7,42,1,1,0,5,262.106067135309
7,48,1,1,1,3,284.60997607191325
7,51,1,1,1,2,274.26014701174563
7,18,0,1,0,7,259.55395610536107
7,19,1,0,1,6,266.09763553914235
7,25,1,1,1,0,269.8226535167979
7,27,1,1,0,7,273.27994864521827
7,33,0,1,1,0,251.12654552670304
7,35,0,1,1,4,257.94808760002263
7,44,1,0,1,1,257.09167144240587
7,0,1,1,0,5,259.14061932898966
7,7,1,1,1,1,269.60339191090725
7,8,1,1,0,1,256.6129900072615
7,27,1,0,1,3,263.592231977768
7,41,0,0,1,1,245.20306998841028
7,43,0,0,1,5,244.60134944141754
7,1,0,0,1,3,246.6260256487497
7,13,1,0,1,1,253.57966931018504
7,40,1,0,1,3,252.46518141958887
7,46,1,1,1,7,287.2824413609972
7,7,0,0,1,4,242.12834432342265
7,15,1,0,1,0,257.34641170321726
7,17,1,0,1,3,259.3447184901075
7,4,0,1,1,0,250.68761234133288
7,9,1,1,1,2,268.18946763325147
7,25,0,0,1,7,252.58994613285896
7,32,1,0,1,1,256.130214507936
7,33,1,0,0,4,243.49873759965502
7,1,1,0,1,4,253.96451819222554
7,2,0,0,1,6,243.74276297206364
7,3,0,0,1,7,261.60628790687736
7,11,0,1,0,5,249.7363921812493
7,12,0,1,1,7,275.888703350035
7,28,0,1,1,3,262.9496052331146
7,43,1,1,1,4,272.02558846814117
7,49,1,1,1,6,279.2828686794854
7,51,1,1,1,4,274.382084686793
7,52,1,1,1,2,273.6256610296548
7,5,1,0,0,7,250.83682329233966
7,23,1,0,0,6,244.64921797573143
7,29,1,1,1,4,270.33594976845194
7,30,0,1,1,6,256.4223093542717
7,45,1,1,0,0,256.34839208306306
7,54,1,0,0,6,241.55197791872592
7,12,1,1,1,2,268.78378139342425
7,13,1,1,1,5,272.6955771393477
7,14,0,1,1,5,259.7315677517985
7,29,1,1,1,2,268.948755245559
7,39,0,1,1,2,256.7439169043813
7,57,0,1,1,3,259.61444215571225
7,59,0,0,1,3,248.51963405101466
7,14,1,0,1,6,259.05797501184725
7,33,0,0,1,2,245.11315820026888
7,38,1,0,0,2,242.89987868078504
7,41,1,0,1,1,260.28172643607246
7,43,1,0,1,4,259.7384213645221
7,50,0,1,1,1,254.5972980545911
7,29,0,1,1,7,272.5999309869416
7,37,1,1,1,4,271.7763495885899
7,38,0,1,1,0,251.3754532720475
7,39,0,1,1,4,257.27725115931645
7,44,1,1,0,6,261.1806336128632
7,45,1,0,0,1,241.46260184108735
7,2,0,1,1,2,256.8373148806295
7,9,1,0,1,7,270.5458064240199
7,35,1,0,0,7,255.45781418620066
7,43,0,1,1,2,257.26860630808
10,0,0,1,0,0,97.46542969784129
10,1,0,1,0,2,191.13240233838752
9,28,1,1,1,1,270.33829850958597
9,0,1,0,1,2,254.8616013145002
9,1,1,0,1,4,253.32430530989856
9,48,0,1,1,2,259.1406499887373
9,41,1,0,1,6,258.71793288515653
9,50,0,1,1,3,257.79768677376467
9,6,1,0,1,5,266.29654458400245
9,36,1,1,1,6,275.0071132564973
9,1,1,1,1,4,272.1524901377726
9,3,1,1,1,6,274.91553717136355
9,36,1,0,1,5,252.33246933363645
9,21,1,0,1,1,257.9968684320692
9,24,1,1,1,5,269.02858681234846
9,48,1,1,1,6,274.2699061994906
9,3,1,0,1,2,260.7669582612314
9,4,1,1,1,2,279.71658932238824
9,10,1,0,1,7,278.27412618547896
9,25,1,1,1,7,269.8356490781841
9,5,1,1,1,2,277.87986466955635
9,6,1,1,1,5,273.1679217282955
9,30,1,0,1,0,251.61837557202028
9,52,1,1,1,5,270.87522235704193
9,46,1,1,1,4,270.98021779375796
9,50,1,1,1,5,276.3635673243397
9,31,1,0,1,7,269.77506732714784
9,3,1,1,1,2,277.34119437984526
9,4,1,0,1,6,263.37169631557197
9,45,0,1,1,1,255.63226408979705
8,11,1,1,1,3,274.86639203793015
8,51,0,1,1,1,252.10607479036753
8,59,1,1,1,5,274.86939039388375
8,45,1,1,1,5,269.9585723669206
8,45,1,1,1,7,286.31109912994015
8,51,1,1,1,5,267.42501497768717
8,39,1,1,1,4,269.3102651881404
8,38,1,1,1,6,268.3220011652815
8,12,1,1,1,3,274.7331879048896
8,36,1,0,1,4,253.5471930779403
8,2,1,0,1,4,253.50752283258004
8,36,1,1,1,1,271.30582967089015
8,45,1,1,1,0,265.17283555218097
8,9,1,1,1,2,272.7491656956939
8,48,1,0,1,5,252.85463007184288
8,23,1,0,1,0,255.5606046585835
8,50,1,1,1,0,266.61644624081913
8,9,1,0,1,7,253.44535963895032
8,17,0,1,1,0,255.73833153508303
8,43,1,1,1,3,267.67183314289076
8,14,0,1,1,4,254.8523661482089
8,17,1,1,1,6,276.0464095413496
8,14,1,0,1,4,255.28410239555254
8,48,1,0,1,3,253.9144102918329
8,57,1,0,1,6,252.5658546979486
8,41,1,1,1,7,284.41545428405595
8,16,1,1,1,1,272.3867412984465
8,9,1,1,1,7,291.48568298576674
8,39,1,0,1,1,253.0388198514879
8,4,1,0,1,2,255.21179010875164
8,41,1,1,1,2,271.1040444384744
8,47,1,0,1,6,253.60169257774376
8,9,1,1,1,6,273.80368793176183
8,32,1,1,1,1,275.964082605702
7,6,1,1,1,6,276.5364170028881
7,13,0,0,1,4,241.77435765292051
7,14,1,0,1,3,258.24023127426756
7,26,1,0,1,6,258.5490710549141
7,52,1,0,1,2,254.32778587825484
7,55,1,0,1,1,259.0161195001936
7,10,0,1,1,2,258.59769989105587
7,11,0,1,1,7,257.27897201300544
7,18,0,0,1,5,242.80746381180387
7,29,1,1,0,0,254.6874141812044
7,52,0,0,1,5,243.29344406486604
7,53,0,0,1,0,239.187821702377
7,20,1,0,0,5,245.71630332188565
7,25,0,0,1,6,247.02477799002529
7,28,1,0,1,3,260.64158394643607
7,30,1,1,0,0,256.07387079614944
7,10,0,0,1,6,246.22314075425527
7,18,0,1,1,0,254.3214524225359
7,41,0,1,1,7,279.2129180117235
7,46,1,0,1,4,256.8102211660804
7,47,0,0,1,6,246.03952063856366
7,49,1,0,1,0,252.52983889707062
7,53,0,0,1,3,245.69634377124277
7,38,0,0,1,0,239.73824449440096
7,3,1,0,0,4,240.13693490383116
7,6,1,0,0,1,238.05371602894868
7,11,0,1,0,7,260.32170725827444
7,14,0,0,1,7,264.1620508805406
7,18,1,1,0,2,261.67829907701343
7,23,1,1,0,5,260.63751256397427
7,12,1,0,1,6,257.0811580446673
7,13,0,1,1,1,252.1525957571828
7,20,1,1,0,5,260.02358721696385
7,22,1,0,1,3,258.7274208825275
7,25,1,0,0,2,243.15349555266062
7,28,1,1,0,1,256.33604119304294
7,30,1,0,1,5,257.4524113383859
7,39,0,1,1,6,268.2337540152632
7,43,1,1,1,0,269.05808260991716
7,44,1,1,1,4,271.7148664385502
7,55,1,0,0,7,255.29322580626163
7,4,1,0,0,1,237.68320368563806
7,20,1,0,1,3,255.89782848097383
7,21,1,1,1,7,274.76252314470185
7,28,1,1,0,0,255.555816354295
7,30,1,1,0,6,272.0709930112888
7,45,1,0,1,5,258.9208601905351
7,49,0,1,1,7,260.04378695196925
7,13,1,1,0,1,258.5183264796634
7,27,0,0,1,7,260.67371707033914
7,30,1,0,1,6,271.9637043573731
7,36,0,1,1,7,271.8488575432146
7,35,0,1,1,3,254.702645518018
7,57,0,1,1,4,254.58709767227109
7,14,1,1,1,6,271.4518305034931
7,15,1,1,1,6,274.2503664676599
7,28,1,0,0,4,242.97925340841329
7,34,0,1,1,0,250.69162122843355
7,36,0,1,1,6,256.170348797199
7,37,0,0,1,5,241.95058982858174
7,58,0,0,1,4,245.45148380153285
7,59,1,0,1,4,252.98061820437832
7,0,1,0,1,3,260.3212604035562
7,24,1,0,1,4,257.0316052675506
7,25,0,0,1,1,244.3670599118778
7,29,0,0,1,7,263.0664442940754
7,48,0,1,1,1,255.95562583936436
7,57,1,0,0,2,247.54378520744837
7,22,1,1,0,0,253.7485912911001
7,30,1,1,0,7,263.09461002340277
7,42,1,1,0,0,254.11986554438823
7,7,0,0,1,2,243.90662244900727
7,8,0,0,1,1,243.81699244913165
7,9,0,0,1,1,242.6217408933495
7,11,0,0,1,6,246.20565787528082
7,12,1,1,1,3,270.54767247172146
7,14,1,1,1,5,273.0013015913725
7,43,1,1,0,1,258.19481266582756
7,12,1,0,0,1,246.1081787566451
7,20,0,1,1,6,265.2746155268639
7,23,0,0,1,0,240.5755996894594
7,25,0,1,1,7,271.1277284999604
7,31,0,1,1,4,251.9980660471653
7,42,0,0,1,3,242.64915417623465
7,4,1,0,1,1,251.58808653796606
7,15,1,0,0,1,245.45674696121205
7,33,1,1,0,5,262.3797140599259
7,35,0,1,1,0,255.4083269466424
7,36,0,1,1,5,257.3769948402021
7,53,0,1,1,6,262.00432275130794
7,54,1,0,1,7,257.3817755210271
7,59,1,0,1,3,255.64001353165338
7,0,1,1,1,7,286.2197866747622
7,6,0,0,1,0,238.7455379181918
7,10,0,0,1,0,241.82128832456993
7,11,0,0,1,7,258.69866265040133
7,28,1,0,0,6,243.283361782825
7,2,1,1,0,1,257.36157216170585
7,3,1,1,1,3,275.07999727394576
7,23,0,1,1,3,259.43627883034543
7,28,1,0,1,4,259.57169316988035
7,58,0,0,1,5,248.43630950725804
7,43,0,0,1,1,244.25054212292727
7,49,0,1,1,3,259.6170349288375
7,50,0,1,1,7,268.2558321911374
7,5,0,0,1,6,245.3549057948116
7,7,1,0,1,1,258.534962432313
7,26,1,0,0,0,241.68292678278345
7,32,0,0,1,1,243.54745025153858
7,35,0,0,1,4,241.6006778728192
7,37,0,0,1,4,242.4799455141544
7,38,1,0,1,1,257.1402545254577
7,42,1,1,1,1,269.4092564391222
7,48,1,1,0,7,272.0002639525527
7,16,1,1,0,3,261.26898253435365
7,41,0,1,1,4,260.07790191087975
7,53,1,1,1,5,274.73128022964494
7,55,1,1,0,1,259.30488381214536
7,56,1,1,1,4,270.8891608656787
7,25,1,0,0,3,243.29292839576505
7,55,1,1,1,6,285.98198327841436
7,57,1,1,1,2,273.3852648080085
7,12,1,0,1,3,259.941908345672
7,17,0,0,1,7,262.2588613281351
7,23,0,1,1,1,256.4710896953229
7,25,1,1,0,5,258.85700160431725
7,27,0,1,1,4,255.0177428460456
7,28,1,1,1,2,270.75487138312366
7,34,0,1,1,6,252.80829575321886
7,55,1,1,1,2,273.25982754683025
7,57,0,1,1,2,254.42231652941638
7,8,1,1,0,3,265.55543951717027
7,48,0,0,1,7,254.04138470085073
7,55,1,1,1,5,271.5032668443525
10,0,0,1,0,6,257.1209823138472
9,4,1,1,1,4,278.4856947907419
9,58,1,1,1,1,270.1236735177951
9,1,1,0,1,6,267.17647133741843
9,14,1,0,1,2,260.8627299793196
9,7,1,1,1,4,274.3033416173186
9,5,1,1,1,0,269.376100933258
9,31,1,1,1,3,279.27728529730757
9,32,1,1,1,6,272.80833956043995
9,47,1,0,1,1,257.1967677275104
9,3,1,1,1,1,272.19361575665226
9,10,1,1,1,2,272.68787328197607
9,44,1,1,1,7,284.061702417678
9,19,0,1,1,2,257.7283336792368
9,13,1,1,1,0,266.7532316219549
9,14,1,1,1,3,271.9782155350278
9,25,1,1,1,4,267.77768228849664
9,23,1,1,1,1,266.8526015240286
9,3,1,0,1,6,260.82706568312506
9,0,1,1,1,2,272.618516639306
9,3,1,0,1,4,257.6888180766049
9,46,0,0,1,4,245.09873499999924
9,53,1,1,1,4,267.9908959690467
9,44,1,1,1,5,274.92642397089884
8,53,0,1,1,0,250.814770651983
8,26,1,1,1,4,270.7944221631713
8,31,1,1,1,2,275.80455137913725
8,7,1,1,1,6,286.2697563328304
8,13,1,0,1,0,256.1665952455803
8,46,1,0,1,7,256.87892356961004
8,12,0,1,1,4,258.08874763946545
8,50,1,1,1,3,269.13526694719405
8,56,1,1,1,0,267.8113709472112
8,39,1,1,1,6,269.3765427880495
8,10,0,1,1,1,254.08091412095277
8,13,1,1,1,5,273.57957197521245
8,21,1,1,1,7,292.6906064927924
8,4,1,1,1,6,270.7604288208788
8,45,1,1,1,6,270.0530405515365
8,37,1,1,1,0,264.78362255390374
8,50,1,1,1,1,267.4910467972285
8,5,1,0,1,4,253.99308257573415
8,7,1,1,1,2,271.37466007674533
8,31,1,1,1,5,274.85212032049554
8,13,0,1,1,4,255.35855698841
8,40,1,1,1,6,272.9351855988791
7,27,0,0,1,6,238.80350723521158
7,54,0,0,1,6,246.3004448559559
7,2,0,1,1,7,254.70770611517213
7,4,1,1,0,2,256.68228427997326
7,7,1,1,1,6,271.35325891700734
7,16,0,1,1,0,254.39470151205447
7,21,0,0,1,5,245.5822803024225
7,35,0,1,1,6,267.61006884821296
7,46,1,1,1,1,269.8881668969955
7,59,1,1,1,1,272.06688458829774
7,2,1,1,0,7,270.89152227755557
7,5,1,1,0,1,258.63325840418315
7,17,0,0,1,0,239.1121314299064
7,57,1,0,1,7,272.2259908605166
7,11,0,1,1,2,257.9819128804766
7,17,0,1,1,6,259.7270341490051
7,18,1,1,1,7,291.9723644192616
7,46,0,1,1,7,272.98316767496885
7,50,0,0,1,1,241.26165507775497
7,59,1,1,1,0,269.3433705648498
7,0,1,1,1,5,274.68503990076647
7,33,0,1,1,5,260.51426510168346
7,34,0,1,1,7,271.851372192395
7,39,0,1,1,1,256.16992191331565
7,43,1,0,1,6,259.8047457718176
7,44,0,0,1,5,242.5802472719775
7,45,1,0,1,2,257.84763977536085
7,54,0,0,1,4,244.09897877517005
7,16,1,0,1,1,259.2242589616722
7,19,0,0,1,3,250.67502702416016
7,22,0,1,1,4,255.17254900545896
7,39,0,0,1,1,242.31008896365944
7,43,1,1,1,2,273.9303407904208
7,44,1,1,1,2,273.43516979340546
7,48,1,1,0,5,256.0090087610833
7,5,1,1,1,4,270.05970726212905
7,17,1,0,1,6,257.3824993713218
7,23,1,1,0,3,257.8031589031124
7,25,1,0,1,0,252.45468522127493
7,28,1,0,0,3,246.43370247364982
7,34,0,1,0,5,243.03664634014604
7,49,1,1,0,3,258.7496978651722
7,52,1,1,0,6,260.63785841946753
7,3,0,1,1,0,249.5341836638589
7,4,0,1,1,2,253.45838140418962
7,5,0,1,1,5,255.6403685832519
7,23,1,1,1,3,272.70571312089123
7,24,1,0,0,6,245.84518142092776
7,5,0,0,1,3,242.8398108331107
7,56,0,0,1,4,241.12878133410146
7,4,1,1,1,2,267.66209329793116
7,5,1,0,1,4,255.68536275667154
7,30,1,1,1,6,275.821403245036
7,47,1,0,1,4,254.96587535917556
7,8,1,0,0,2,245.26643344911884
7,26,0,0,1,3,246.47984130090308
7,45,1,1,1,0,262.212915829672
7,29,1,1,0,3,261.44189838809
7,38,1,1,0,6,261.58194664928635
7,53,1,1,1,1,272.95363708573205
7,59,1,1,0,0,254.5034985028008
7,47,0,1,1,7,265.5777601401759
7,0,0,0,1,7,249.27889311790742
7,2,1,1,0,3,256.3145328713911
7,3,1,0,1,6,258.56639816112266
7,4,1,0,1,6,254.2066456068332
7,10,0,1,1,5,260.71829759986093
7,21,1,1,1,2,275.2524167405114
7,24,1,0,1,1,257.16908506654033
7,5,1,0,0,5,239.97927734002903
7,13,0,1,1,6,257.2038691582269
7,51,0,1,1,0,252.4862915395203
7,15,0,0,1,0,241.22529490444367
7,27,0,0,1,5,244.25553468731277
7,42,0,0,1,7,259.2376052275309
7,21,1,0,1,0,256.8550661685885
7,22,1,0,1,7,274.7500353133707
7,24,0,1,1,4,254.35552242915978
7,25,0,1,1,3,263.4104158767066
7,42,0,1,1,5,257.86839174001614
7,7,1,1,0,1,252.3203500165201
7,8,1,1,1,0,266.69010762346227
7,15,1,0,1,1,257.8542247679106
7,17,1,0,1,7,276.46721731483024
7,33,1,0,1,2,255.60819395996683
7,43,0,1,1,3,260.91309206383
7,49,0,0,1,1,241.6762474758558
7,53,1,0,1,0,253.40424953915408
7,44,0,1,1,0,253.28432350948654
7,1,1,1,1,1,271.10458365622407
7,23,0,0,1,3,245.02773386056106
7,34,0,0,1,2,242.87279586364662
7,31,0,1,1,3,259.1960279295877
7,40,1,1,1,5,278.18081685211865
7,9,0,1,1,3,259.86338134659024
7,18,0,0,1,0,242.00192465975465
7,6,1,1,1,1,271.8936503900085
7,7,1,1,1,0,262.5531604991077
7,46,1,1,1,6,272.6836315829747
7,47,0,1,1,4,258.17687317232213
7,48,0,1,1,0,250.77409121011652
10,0,1,0,0,0,25.60386790906282
10,1,1,0,0,2,3.1751780015859445
9,51,1,1,1,4,266.5406354032533
9,27,1,0,1,6,271.31859788568653
9,25,1,1,1,1,267.0080794835769
9,34,1,1,1,2,270.52657742008563
9,35,1,1,1,1,273.33040338521806
9,32,1,1,1,7,289.94181389710656
9,0,1,0,1,0,253.13983601962485
9,15,1,1,1,7,290.03899681308854
9,41,1,1,1,5,268.5594088624058
9,45,1,1,1,4,271.7833725729292
9,16,1,1,1,2,271.96590841782387
9,32,1,1,1,5,267.88265788760157
9,55,1,1,1,2,272.64836062939366
9,1,1,1,1,2,271.68540885685195
9,38,1,1,1,2,266.4557188296215
9,35,1,1,1,4,271.62647305941084
8,10,1,1,1,0,271.041277591141
8,16,1,1,1,2,272.20918656728986
8,17,1,1,1,0,270.53768402756856
8,25,1,1,1,2,274.90363886845415
8,46,1,1,1,0,265.9011166218529
8,4,1,0,1,1,254.88096757980205
8,45,1,0,1,3,256.5396347353139
8,29,1,0,1,1,256.45517428438916
8,0,1,1,1,1,268.5213573620653
8,10,1,0,1,2,256.6832207162014
8,15,1,0,1,0,253.23392649382933
8,11,1,1,1,7,286.0741500239825
8,51,1,1,1,1,267.76302238746536
8,18,1,1,1,4,273.9533729501485
8,19,1,1,1,7,288.1947700201639
8,43,1,1,1,1,268.10742190011774
8,12,1,0,1,2,258.4891169287047
7,30,0,1,1,5,259.92358315480544
7,31,1,0,1,2,257.6762788584435
7,32,1,1,1,7,271.315311567404
7,36,1,1,1,3,273.61635568237585
7,37,1,0,1,7,258.26662171676645
7,38,0,1,1,3,269.5701987229033
7,48,1,0,0,7,253.54749777354684
7,57,1,0,1,2,257.3952576986758
7,58,1,1,1,2,270.8722314444725
7,59,1,0,1,7,269.92859476653564
7,1,0,1,1,6,259.8516351816358
7,12,1,1,0,0,252.93432657596554
7,41,0,0,1,4,243.0683969652203
7,12,0,1,1,2,259.4720498435482
7,15,1,0,1,5,261.4641502846453
7,34,1,1,0,1,260.2277409908143
7,38,1,0,1,4,256.3585607891671
7,39,1,0,1,3,261.0181517707694
7,42,1,0,1,5,258.70707517444134
7,58,1,0,1,6,255.90567575107428
7,0,1,0,1,2,259.8796704206935
7,1,1,0,1,2,254.2394900602017
7,2,1,0,1,2,255.48326527415858
7,6,0,1,1,7,274.46886730572805
7,33,1,0,1,3,260.03157144838923
7,44,0,1,1,5,260.07802385221345
7,46,1,0,1,1,254.2986352786217
7,54,0,1,1,0,255.3825267514497
7,7,1,0,1,0,253.85438068018408
7,8,1,0,1,4,254.78590198641496
7,17,1,0,0,2,247.63717743270786
7,26,1,0,0,5,243.16259655670467
7,4,1,0,1,4,254.3107994837177
7,0,0,1,1,6,261.4650030231759
7,1,1,1,1,3,274.621488187277
7,36,0,1,1,4,257.32963725207355
7,37,1,1,1,3,270.6892284486566
7,55,0,0,1,5,245.06387534723848
7,10,1,1,0,0,254.94106704545354
7,29,1,0,1,2,255.73895880123
7,49,1,0,1,3,259.5538027523837
7,50,1,1,1,5,273.92839655968277
7,54,0,0,1,0,242.39066751649912
7,17,1,1,0,0,259.9214100508437
7,6,1,1,1,2,272.9899250901192
7,14,0,1,1,0,256.95848034676027
7,5,1,1,1,3,268.6867476682151
7,12,1,1,0,4,257.91094473375404
7,28,1,1,0,6,263.488558747711
7,8,0,1,1,0,254.522911777873
7,49,1,0,1,2,257.05670018712254
7,50,1,1,1,1,269.6474310763955
7,58,1,0,1,7,266.9471194445998
7,17,0,0,1,4,243.10656949529175
7,19,1,1,1,5,272.47047196471175
7,39,1,0,1,2,254.4426816952592
7,44,0,0,1,4,243.81858840166984
7,21,1,0,1,5,262.8518139493166
7,27,1,1,1,1,270.1143704776266
7,44,1,1,1,3,274.41778347201824
7,45,1,0,1,7,259.63109643530385
7,52,0,1,1,6,262.6558141131599
7,11,1,1,0,6,262.02011501801667
7,19,1,1,1,7,279.78636100607105
7,26,1,0,1,5,256.31673120241396
10,0,0,0,0,0,68.58332513976801
10,1,0,0,0,2,138.98561893911378
9,41,1,0,1,7,274.1580943242378
9,26,0,1,1,0,255.65821093013383
9,6,1,1,1,4,272.3339546163881
9,3,1,1,1,3,279.3158409850845
9,33,1,1,1,5,273.1793527674776
9,31,1,1,1,5,278.6555175979228
9,33,1,1,1,6,273.19332037183557
9,7,1,1,1,7,294.815420250796
9,52,1,1,1,0,267.3492718937477
9,11,1,1,1,5,274.9646008606472
9,11,1,1,1,1,271.7291539506265
9,56,1,1,1,0,267.44895760870224
9,42,1,1,1,7,285.13158876007316
9,19,1,1,1,6,271.83637835037047
9,48,0,1,1,1,258.79288977761865
9,11,1,1,1,4,275.78458380172253
8,30,1,1,1,0,269.48638969677506
8,58,1,1,1,4,268.8448724175309
8,36,1,0,1,1,256.31110443070395
8,15,1,1,1,4,270.76449879429833
8,51,1,0,1,6,254.56151693403342
8,5,1,0,1,1,255.493769655758
8,3,1,1,1,4,271.3696725896717
8,40,1,1,1,7,288.2037422771589
8,6,1,1,1,4,271.8544674932742
8,31,1,0,1,0,258.1275579033353
8,55,1,1,1,3,269.26633719403975
7,54,1,0,0,3,241.31811245939687
7,2,0,0,1,2,240.15675893985124
7,4,0,0,1,5,242.12303231878266
7,47,0,1,1,3,257.41460010756094
7,25,1,1,1,5,272.4920037243453
7,31,0,0,1,6,243.37153727819432
7,49,1,0,1,1,255.35391062276528
7,56,1,1,0,2,257.12127568384966
7,15,0,1,1,4,257.99023819576394
7,32,1,0,1,4,255.9762072654424
7,22,0,0,1,4,245.06507175092582
7,45,0,0,1,4,242.8725725107751
7,51,1,1,0,2,260.7281421344971
7,53,1,1,0,3,259.0018971427747
7,56,1,1,1,7,291.1777944341649
7,32,1,1,0,6,259.6275917835504
7,34,0,0,1,4,241.13899316830438
7,35,0,0,1,0,242.2537106633347
7,47,0,0,1,2,243.98127404231943
7,57,1,1,0,7,270.0820198338982
7,45,1,1,1,4,274.0935102628133
7,47,1,1,0,1,259.0383192727285
7,48,0,1,0,7,259.2120946233676
7,0,0,1,1,7,268.4363097001149
7,3,0,0,1,5,244.89802090847152
7,1,1,1,1,7,289.41645277997003
7,21,1,0,1,2,263.68940697690675
7,55,0,1,1,4,258.55318233838113
7,58,1,1,1,7,285.8320744427114
7,0,1,1,0,6,258.3888412396368
7,9,0,0,1,7,244.26543341012803
7,14,1,1,0,4,258.83786893316744
7,19,1,0,1,5,263.2438633912092
7,23,0,0,1,7,259.03245589129506
7,39,1,0,1,0,250.44347902161152
7,49,0,0,1,6,245.05797187081114
7,14,1,0,1,7,275.6119078883839
7,51,0,0,1,7,258.3507770045612
7,59,1,1,1,4,271.59932044415274
7,1,1,1,1,4,270.95506211863966
7,2,1,1,1,4,267.18613757283003
7,11,1,1,1,6,277.6784641087792
7,35,1,1,0,1,256.6021084205188
7,39,1,1,0,4,257.65485987298695
7,59,1,0,0,5,245.4133756673931
7,14,0,1,0,6,251.15516249789195
7,15,1,1,0,5,256.7970995799091
7,17,0,0,1,2,242.35038486011942
7,39,1,1,1,7,280.67205159891915
7,24,1,1,1,3,276.4015741070667
7,37,1,1,0,7,271.70511832522453
7,48,0,1,1,2,258.86821100519757
7,16,1,0,1,7,273.33443831461125
7,24,1,1,0,5,263.08594624946085
7,59,0,0,1,1,243.41139499851937
7,11,0,1,1,1,254.70773889030926
7,8,0,1,1,6,257.3874444683803
7,21,0,1,1,2,260.54487292086475
7,22,0,1,1,7,273.1271601540479
7,44,1,1,0,4,259.0224702241098
7,15,0,0,1,1,242.24288726118183
7,5,1,1,0,6,257.97873457398265
7,29,1,1,0,1,256.85141926995334
7,32,1,1,0,0,253.18565705615148
7,32,1,1,1,0,268.0082076422592
7,33,1,1,1,4,269.13953701769793
7,54,1,1,0,4,259.5794092907241
7,24,1,1,1,1,274.29169772408136
7,31,0,1,1,6,260.05816780064805
7,5,0,1,1,6,255.63581165118384
7,8,1,1,1,1,266.3351528832185
10,0,0,1,0,1,220.0944010401897
9,29,1,1,1,3,271.20083388300924
9,35,1,0,1,6,257.66633372780274
9,32,1,1,1,3,269.9815039708853
9,23,1,1,1,0,266.8242774813192
9,48,1,0,1,1,253.70864994556592
9,54,1,1,1,7,289.87192759214247
9,30,1,1,1,0,280.2920771222339
9,1,1,1,1,1,270.9462768613865
8,18,0,1,1,5,259.06845739348336
8,10,1,0,1,3,256.96260346940085
8,33,1,1,1,0,268.78526402885234
8,5,1,0,1,2,256.5754648018632
8,10,1,0,1,6,256.43686712095007
8,52,1,1,1,4,269.83567272125805
8,43,1,1,1,7,268.94139486776413
7,27,1,0,1,6,261.6956712198887
7,28,0,1,1,6,258.0433954485324
7,1,1,1,1,5,272.9162229150427
7,59,0,0,1,6,245.4335067042661
7,8,1,0,1,3,256.1142416922698
7,38,0,0,1,7,258.33002513341296
7,13,1,0,0,5,249.60275077380183
7,19,1,1,1,2,277.4170868760524
7,20,1,0,1,6,261.006673925934
7,15,1,1,1,5,275.478283979152
7,21,0,1,1,3,261.61078478402464
7,15,0,0,1,4,242.97820605031555
7,17,0,1,1,5,259.25343490218563
7,22,1,0,1,5,261.3336618613023
7,32,0,0,1,7,257.28886364355736
7,34,1,0,1,7,276.42432272270827
7,35,1,1,1,0,270.0017501785676
7,36,1,1,1,7,288.05706814029173
7,37,0,1,1,4,254.73418935178145
7,2,1,1,0,5,256.01648351512745
7,18,0,0,1,7,254.7913327757983
7,59,1,1,1,3,278.0625328774218
7,4,1,0,0,5,240.02785595661794
7,3,1,1,0,5,256.01388608557966
7,9,0,1,1,5,255.91083894674492
7,17,1,1,0,3,263.74815934163445
7,24,0,1,1,0,253.27607572667995
7,47,1,0,1,3,254.6081721979714
7,2,1,1,1,5,268.63320559431725
7,7,0,1,1,1,253.3466996268362
7,14,1,1,0,7,276.3673075832419
7,41,1,1,1,1,270.41774300628265
7,0,1,0,0,7,256.630555410923
7,25,0,0,1,5,242.42649776488184
7,37,1,0,1,2,265.52872698111787
7,40,1,0,1,0,254.84513824164546
7,41,1,0,1,0,256.5260909636251
7,45,0,0,1,2,245.2236808417605
7,0,0,0,1,6,239.80484256990934
7,25,1,1,1,3,274.8219289101385
7,13,0,1,1,3,259.3620572528469
7,16,0,0,1,0,242.4775994195076
7,52,1,0,1,0,254.16485272502274
7,53,1,0,1,4,259.17873365181686
7,54,0,0,1,7,260.5154239664654
7,28,1,0,1,7,276.7987381349142
7,42,1,0,1,2,259.399481833791
7,56,0,0,1,0,239.01158570682523
10,0,0,0,1,1,145.92870284791468
9,12,1,1,1,1,270.06073585818245
9,26,1,1,1,7,267.23967673897005
9,8,1,1,1,2,271.3595220562885
9,28,1,1,1,0,266.7731450866901
9,9,1,1,1,4,271.98906100319607
9,8,1,1,1,7,273.0808040655788
8,24,1,0,1,4,258.6909570583705
8,5,1,1,1,7,270.3198464172642
8,35,1,1,1,0,271.7195247903318
8,57,1,1,1,1,268.67684554547947
8,56,1,0,1,6,256.32327049455745
7,1,1,0,0,3,242.7171920568367
7,51,1,0,1,7,271.39943405712756
7,9,1,1,1,4,269.7483267805886
7,20,1,0,1,1,257.5088545327683
7,51,1,0,1,3,260.8708650863269
7,58,1,1,1,5,271.105212821836
7,16,1,1,0,2,259.37442936137944
7,50,0,0,1,6,253.92654128843907
7,10,1,0,1,1,254.18925730899167
7,41,0,1,1,2,256.4509122029461
7,42,0,1,1,6,259.63749801926537
7,36,0,0,1,0,239.4751272654224
7,55,1,0,1,2,257.0368470559831
7,21,0,0,1,4,241.76840471077617
7,26,1,1,1,0,264.93676570659477
7,45,0,0,1,7,263.64538407025753
7,26,1,1,1,4,269.1027782172863
7,27,0,1,1,5,258.8044079672739
7,42,1,1,1,3,274.4585391737536
7,4,0,1,1,4,251.9924593725814
7,53,0,0,1,2,243.38482866103843
7,3,1,0,1,3,252.8981883007816
7,8,1,1,1,6,268.065181843274
7,5,1,1,1,6,281.6627382050158
7,27,0,1,1,6,260.18760701272305
7,52,1,1,0,7,269.7838834825856
7,0,1,1,1,1,272.88825471818745
7,16,0,1,1,5,255.92296356104265
7,21,0,1,1,5,259.3734579937264
7,12,1,1,0,5,260.5959186115323
7,35,1,1,1,7,290.44081991826386
7,56,1,1,1,1,273.2298296054827
7,57,1,1,1,7,289.3176986997595
7,12,1,0,1,0,252.85272148603187
7,57,0,1,1,7,271.03800467926976
7,8,0,1,1,3,255.9926694946435
7,22,1,1,0,2,258.30593303247855
7,46,0,0,1,7,259.02251565816186
7,9,0,1,1,6,257.3836500639594
7,10,0,0,1,7,256.728909399763
7,13,1,1,0,2,260.29184013517465
7,21,0,1,1,1,256.20123038965227
10,0,0,0,1,6,165.0091199173542
9,27,1,1,1,5,272.4986276163177
9,59,1,1,1,2,267.8841890443636
9,19,1,1,1,7,283.510587008674
9,35,1,1,1,0,270.4437078668658
8,44,1,1,1,0,268.8014142404806
8,17,1,0,1,7,273.1529493216215
8,8,1,1,1,6,272.9864311184213
8,15,1,1,1,6,271.7914667662411
8,44,1,0,1,2,254.9614968791945
8,36,1,1,1,4,271.59410141628524
8,20,1,1,1,1,273.20913533624133
7,28,0,1,0,4,245.6700034787762
7,31,1,1,1,4,268.41915761545647
7,1,1,1,1,6,275.3059573407077
7,20,1,1,1,1,275.3449305229349
7,55,1,1,0,6,264.0978261380016
7,1,1,1,1,2,272.2814533185754
7,2,1,0,1,7,268.95717552394126
7,7,1,1,0,6,255.77910591270614
7,18,1,0,1,1,257.4173511084772
7,19,1,0,1,0,257.20981482983024
7,22,1,0,1,6,263.70029577523036
7,40,0,0,1,6,248.42425468328105
7,17,0,1,1,1,260.0580311453736
7,30,1,0,1,1,256.48493771120883
7,19,0,1,1,3,261.19327734703063
7,37,0,1,1,0,251.34782963148598
7,14,1,0,0,7,256.7006323680227
7,10,1,1,1,2,271.48264281140325
7,24,1,0,1,5,259.60958001698
7,31,1,1,0,5,259.25807390082207
7,32,0,1,1,6,259.3112846953966
7,36,0,0,1,1,245.60521548444171
7,9,1,0,1,1,252.8751929567174
7,10,1,0,1,2,251.62737477461488
7,11,1,1,1,5,275.92596060903304
7,12,0,1,1,3,258.8257447068742
7,48,1,0,1,0,253.274782298775
7,0,1,1,0,3,254.0897014285541
7,25,1,1,0,7,270.0583131073828
7,57,1,1,1,5,279.3530121453801
7,33,1,1,1,2,272.2969152224255
7,50,1,1,1,4,271.9605639209778
7,51,0,1,1,2,256.8094034185331
7,59,1,1,1,5,273.39204690125723
7,6,0,1,1,3,261.3764477964322
7,35,0,1,1,2,258.14112165301856
7,37,0,1,1,2,255.64496679641042
7,18,1,1,1,2,278.1403304840718
10,0,1,0,1,3,109.43345714568817
9,28,1,1,1,2,268.6907912969087
9,51,1,1,1,3,271.29188871242957
8,47,1,1,1,4,269.5494130294053
8,53,1,1,1,6,277.5678214142184
8,38,1,1,1,3,267.84552143949134
8,14,1,1,1,5,271.4441335318863
7,26,0,1,0,1,244.01242483697862
7,3,0,0,1,3,247.04918500872998
7,10,0,1,1,0,252.23812201398226
7,17,1,0,1,0,255.2864964097868
7,33,1,1,0,1,255.6943964360703
7,54,1,1,1,4,270.06382717674535
7,58,1,1,1,1,268.83507382268124
7,9,1,0,1,6,253.7268395297208
7,31,0,1,1,0,254.04081423155853
7,54,0,0,1,5,243.0461717654149
7,51,1,0,1,2,257.12831432601865
7,52,1,0,1,1,254.8257267811256
7,20,1,1,1,3,273.5260160657007
7,28,1,1,1,3,270.2433990399408
7,5,1,0,1,2,256.52172990507984
7,6,1,0,1,7,270.34861651678114
7,49,1,0,1,7,275.1264030721971
7,26,1,1,1,6,272.00669709804157
7,28,0,1,1,7,273.31269746455024
7,39,0,1,1,3,256.3177671159053
7,58,1,1,0,4,256.37317147126026
7,39,1,0,1,6,259.39390018596464
7,55,0,1,1,2,256.80317678110237
7,22,1,1,1,7,271.31559496791
7,16,1,1,1,6,275.1735238345389
7,5,0,1,1,0,253.53177736937212
7,54,1,1,0,0,256.85667951091375
7,35,1,0,1,7,273.46209395021776
7,14,1,0,1,5,257.9047695134082
7,5,1,1,1,1,268.6681227788067
9,46,1,1,1,5,274.82337527696035
8,19,1,1,1,2,275.62670305698737
8,33,1,0,1,5,255.8907840683729
8,37,1,1,1,7,281.23420259454986
8,45,1,0,1,1,252.08348346116696
7,1,0,1,1,5,258.7415896852199
7,9,1,0,1,5,256.9547559063454
7,20,1,1,1,5,278.20850761893286
7,11,1,1,0,1,257.18686912432844
7,8,0,1,1,2,254.1856929286607
7,10,0,1,1,6,256.864424192464
7,36,1,0,1,1,255.71556562508073
7,31,1,0,1,3,259.8060360007933
7,52,1,1,1,7,273.61320598773926
7,7,1,1,1,7,288.8787904156264
7,27,1,1,1,3,271.12214570739485
7,29,1,1,1,5,270.18961519981826
7,33,0,0,1,4,243.16882259411454
7,36,0,0,1,5,251.75629368326452
7,30,1,1,1,5,274.8050634448308
7,51,1,0,1,4,257.3431874353703
7,27,1,1,1,2,272.11005645214
7,29,0,1,1,2,257.9552585343291
7,13,1,1,1,3,276.36064505563877
7,35,1,0,1,1,260.0404916222796
7,7,1,0,1,4,259.1329667396131
7,23,1,1,1,7,287.5095677700539
10,1,0,0,0,3,2.9687054778078164
9,37,1,1,1,7,285.6382117914274
9,14,1,1,1,1,273.09095778048766
9,53,1,1,1,5,271.761143559883
9,32,1,0,1,0,250.56619497592285
8,17,1,1,1,3,272.23520762103544
7,34,1,1,1,3,270.79493808297303
7,23,1,0,1,4,262.4004407021862
7,50,1,0,1,1,253.91126817149183
7,56,1,1,1,3,277.3154455807226
7,26,0,1,1,1,263.2482151493035
7,41,0,0,1,5,247.3241738365473
7,14,1,1,1,4,271.1573628343435
7,16,1,0,1,6,260.43561090684295
7,48,0,1,1,3,256.9468773891148
7,33,1,1,1,6,275.35042114783187
7,12,1,1,1,4,271.30750684715787
7,15,1,1,0,4,258.5111952976054
7,8,1,1,1,3,279.3686183948389
7,34,0,1,1,5,256.15571056821483
7,38,0,1,1,4,251.9319118378074
7,56,1,1,0,0,254.85344213997422
7,46,1,1,1,2,271.60390490139747
7,48,1,1,1,4,265.58461966266367
7,50,1,1,1,6,274.81335381375766
7,19,0,0,1,1,244.67500646783805
7,38,0,1,1,1,254.09757219003964
7,45,1,0,1,1,256.01077621232366
7,24,1,1,1,4,271.24340683785306
7,2,1,1,1,7,273.1561860819533
7,0,1,0,1,0,250.53342948243656
7,1,1,0,1,6,254.7124257486239
7,23,1,1,1,1,272.8148710125982
7,9,1,0,1,3,255.24128799262832
10,0,0,1,0,3,215.16278678420736
9,36,1,1,1,7,285.1984550812827
8,16,1,0,1,0,255.05834294255462
8,13,1,1,1,6,285.6228440544618
8,36,1,1,1,7,288.0395201779056
7,49,0,1,1,0,253.75164250148342
7,51,1,1,1,5,273.9043208594585
7,52,1,1,1,5,273.058970399926
7,22,1,1,1,4,268.1407773547431
7,44,0,1,1,3,261.35175154305637
7,51,0,1,1,1,253.005727963548
7,27,0,1,1,3,259.4802362429262
7,0,1,1,1,3,274.4608367431308
7,36,0,1,1,2,255.35896869766972
7,50,1,0,1,0,253.98391665538173
7,12,1,1,1,6,268.5861152820431
7,18,1,0,1,0,258.1124757142707
7,10,1,1,1,7,289.00308652718223
7,42,1,0,1,7,274.71308579262
7,5,1,0,0,1,239.4721104711735
7,15,1,0,1,7,273.94558218572286
7,31,1,0,1,5,260.7410002531571
7,48,1,1,1,2,269.7124115068963
7,13,1,0,1,4,256.56376148788996
7,36,0,1,1,0,249.68798490627944
7,15,1,1,1,1,263.82531420923885
9,34,1,1,1,4,266.11470369314014
9,57,1,1,1,0,265.9964522541178
9,48,1,1,1,1,267.75204174155135
9,7,1,0,1,1,259.8931427870985
9,15,1,1,1,3,273.94561427656834
8,1,1,1,1,2,269.66430056714677
7,33,1,1,1,0,264.5395465930326
7,34,1,1,1,7,282.5008018493266
7,3,1,1,1,6,274.6407455556898
7,52,1,1,1,0,269.5968668222201
7,1,1,0,1,3,255.1039162080956
7,33,1,1,1,1,270.9706140255287
7,4,0,1,1,6,251.29009280836212
7,32,1,0,1,2,259.11102013095183
7,7,1,1,1,4,269.84853511509016
7,16,0,0,1,7,257.1440569274782
7,42,1,1,1,6,274.9488878314187
7,44,1,1,1,6,276.3757336320839
7,15,1,0,0,7,257.6851237755292
7,28,1,1,1,6,271.73030058564166
7,25,1,1,1,6,275.6485789127713
7,11,0,1,1,5,258.30339015259307
7,12,0,1,1,5,263.73356635565136
7,21,1,1,1,4,272.55451785520006
7,22,0,1,1,5,256.6695327421752
7,25,1,0,1,6,268.48021516579763
7,56,1,1,1,2,274.76065457493894
7,42,0,1,1,4,256.19020923131774
7,28,1,1,1,7,286.58455401899994
7,53,1,0,1,1,255.7382561107768
7,8,1,1,1,5,266.33030226784354
7,45,0,1,1,3,256.7701619537946
10,1,1,0,0,3,103.14367607877188
8,35,1,1,1,3,272.2030283895398
8,50,1,1,1,6,278.5873543256763
7,33,1,1,1,7,290.22788645344843
7,56,0,0,1,5,244.21548534828068
7,0,1,0,1,5,259.3190915673652
7,10,1,1,1,4,274.4732303726815
7,16,0,1,1,1,256.5885363232783
7,32,0,1,1,5,257.9436404561067
7,39,1,0,1,4,259.2784202522706
7,52,0,0,1,3,245.67532776752094
7,56,0,0,1,7,257.7154686038049
7,46,1,1,1,3,272.22631507541
7,6,1,0,1,1,253.5187198185218
7,7,1,0,1,7,280.63091782468825
7,47,1,1,1,5,270.1023223701
7,6,1,1,1,3,273.2254220258402
7,13,1,1,1,4,275.2197005543904
7,20,1,1,1,2,273.7644180105211
7,6,1,0,1,0,257.0463300984396
7,31,1,0,1,7,269.123318532467
7,50,0,1,1,6,258.85113823800117
7,53,1,1,1,6,274.08123632821776
7,55,1,1,1,1,272.2256154263509
7,58,0,1,1,5,259.17205946335054
10,0,0,0,0,5,239.31123956263994
8,16,1,1,1,6,282.6155065380866
7,39,1,1,1,2,267.4787999788507
7,13,1,0,1,2,256.46421143365
7,29,0,1,1,4,258.42249727617804
7,1,1,0,1,5,254.33057530051403
7,11,1,1,1,4,270.7082832439443
7,56,1,1,1,0,271.1773318766987
7,39,1,1,1,1,267.19257313373816
7,14,0,1,1,4,255.15800892354434
7,15,0,1,1,5,260.51084579544823
7,20,1,1,1,6,273.1030796610257
7,38,1,0,1,5,258.73407937200716
7,45,1,1,1,3,274.35815897891496
7,33,0,1,1,1,260.3721845408384
7,6,1,1,1,0,266.35532997638927
7,7,1,1,1,3,269.9763037971291
7,18,1,1,1,0,268.8340125143469
7,25,0,1,1,5,259.3514923158505
7,31,0,1,1,2,260.53789545504037
7,30,1,1,0,5,256.77472899661996
7,54,0,1,1,3,262.22869077445574
10,0,0,1,0,2,207.1694033724881
9,58,1,1,1,0,264.69835788169723
8,15,1,1,1,5,270.9497666590969
7,21,1,1,1,1,267.37872499463975
7,42,1,1,1,2,274.97818401578394
7,19,1,1,1,0,270.73941954465283
7,29,1,1,1,7,283.2990622335285
7,46,0,1,1,3,258.0439015988286
7,38,1,1,1,2,273.75598768613065
7,34,1,0,1,6,257.46428647366065
7,43,1,0,1,5,262.6728369405867
7,11,1,1,1,0,261.4714016029161
7,2,1,0,1,3,256.86198879570173
7,42,1,0,1,4,256.8565848943689
7,45,1,1,1,6,271.1257727096905
7,34,1,1,1,2,269.46675104355836
7,38,1,0,1,7,273.83148723138424
7,13,1,1,1,2,273.16442543840486
10,0,0,0,1,7,157.82348308013025
7,40,1,1,1,2,270.56358563886675
7,44,1,0,1,6,260.79948725585336
7,31,1,1,1,7,272.47809353711114
7,37,1,1,1,2,271.9497512813733
7,26,0,1,1,3,263.2368806851712
7,8,1,0,1,0,252.12287802195218
7,31,1,1,1,6,284.21851904366054
7,49,1,0,1,5,259.16378459859914
7,33,1,0,1,4,258.5840135121936
7,54,1,1,1,0,269.2277743548613
7,35,1,1,1,6,275.5623840256659
7,58,1,0,1,0,252.04749719441176
7,41,1,0,1,2,263.5592338700889
7,32,1,1,1,2,270.7292937090527
7,46,1,0,1,5,257.4684588038102
7,53,1,0,1,7,276.677944475213
7,13,0,1,1,4,256.82858508390024
7,37,1,1,1,0,268.4793854241255
7,17,1,1,1,4,269.71186461942153
7,35,1,0,1,3,263.1444786890316
7,40,1,0,1,5,253.9481621314244
7,59,1,0,1,6,254.01568428713418
7,48,1,1,1,6,273.9465643181072
7,12,0,1,1,4,258.02838530046444
7,34,1,0,1,2,259.4794677871575
7,45,1,1,1,1,265.81340721197944
7,28,1,1,1,1,271.2328615354097
7,51,1,0,1,5,257.90223849790993
7,5,0,0,1,1,241.49907566751412
7,55,1,1,1,0,270.36574090469315
10,0,1,0,1,4,263.53863102912896
8,28,1,1,1,2,271.085739725902
7,50,1,1,1,7,291.8906639923796
7,38,1,1,1,3,275.8358866181241
7,26,1,1,0,2,265.5794558984262
7,36,1,0,1,6,262.5186286764934
7,45,1,1,1,2,264.7809915782518
7,54,1,0,1,6,257.1493679001399
7,55,1,0,1,4,261.83695348096813
7,13,1,0,1,3,258.28459052670684
7,27,1,1,1,5,271.83774549622126
7,30,1,1,1,0,267.9025006591108
7,7,1,1,1,2,270.24794985046225
10,0,1,1,0,1,124.11199649751923
7,35,1,1,1,3,276.2206626521393
7,51,1,1,1,3,279.3793089401149
7,53,1,0,1,6,260.80621342816517
7,21,1,0,1,1,256.20295753720325
7,38,1,0,1,2,258.3039378813894
7,3,1,1,1,1,267.4301824493052
7,19,1,0,1,3,262.88097391951726
7,7,0,1,1,4,254.70640967282594
7,15,1,1,1,7,291.7811559012639
10,1,0,0,0,0,0.4674517430138114
10,2,0,0,0,5,4.9205446633032786
7,56,1,0,1,4,259.352273537261
7,32,1,0,1,3,259.91400535919087
7,40,1,0,1,7,255.6257708557944
7,29,1,0,1,6,256.16296988545844
7,32,1,0,1,0,256.8318290375332
7,11,1,0,1,0,254.65856945351834
7,13,1,1,1,1,274.16197766696774
7,30,1,1,1,2,270.8860843968952
7,37,1,1,1,7,286.04564368724783
7,34,1,1,1,1,272.27331496733603
7,4,1,1,1,4,263.8258747672961
7,20,0,1,1,5,257.957051056368
7,46,1,0,1,6,260.67229447864224
7,41,1,0,1,6,262.323768389055
7,33,1,1,1,5,274.13000005834124
7,56,1,1,1,5,276.4868831643373
7,18,1,1,1,6,275.72762629461454
7,8,1,0,1,6,256.41076669961456
7,58,1,1,1,0,270.60474432843705
7,14,1,0,1,0,255.89781044981825
7,18,0,1,1,4,259.08315914665866
7,40,1,0,1,6,259.9600942696028
7,43,0,1,1,1,258.29931947250225
7,43,1,1,1,7,272.8471367158855
7,25,1,0,1,1,255.75003555146841
7,29,1,1,1,6,271.5693383481016
7,9,1,1,1,6,273.27372098963156
7,11,1,0,1,5,256.9708352607174
7,48,1,0,1,6,266.7708601744511
7,2,1,1,1,3,277.25197493847816
7,32,1,1,1,5,270.58558786332924
10,0,1,0,0,4,105.35072096019405
9,57,1,1,1,6,272.08055951892663
7,54,1,1,1,6,276.79364938920565
7,50,1,0,1,3,272.28549301347306
7,42,1,1,1,7,294.7853132156309
7,56,1,0,1,1,253.97494036229358
7,15,1,0,1,4,255.99264042046073
7,16,1,0,1,2,259.5277519459633
7,1,0,1,1,2,258.2836740037439
7,17,1,1,1,0,266.0275390320804
7,33,1,0,1,5,259.3095659758088
10,1,0,0,0,6,28.708357648211255
9,23,1,1,1,7,266.80498958841935
7,57,1,0,1,5,255.8861186427008
7,47,1,1,1,0,264.94025789510096
7,20,0,1,1,1,259.5562264209878
7,28,1,0,1,5,256.6699207867515
7,4,1,0,1,7,266.411599419975
7,44,1,1,1,0,267.58122003507793
7,3,1,0,1,7,266.6845706698358
7,13,1,0,1,5,256.2605302148184
7,0,1,1,1,2,270.2701066747277
10,0,0,0,1,4,184.91319226100396
7,42,1,0,1,1,260.30304172424735
7,37,1,1,1,6,273.3425271975179
7,5,1,0,1,5,266.98503773903366
7,40,1,1,1,4,271.14837604126996
7,36,1,1,1,2,269.91612738031927
7,47,1,1,1,6,270.7381446336353
7,49,1,1,1,0,269.6712547656802
7,4,1,0,1,2,255.9763532607294
7,6,1,0,1,3,260.4621944187056
7,31,1,1,1,1,267.7888321918918
7,40,0,1,1,3,256.70904079641224
7,48,1,0,1,1,255.18470487962404
10,1,1,0,1,7,97.15392870883144
7,47,1,1,1,1,269.67359362759623
7,29,1,0,1,0,254.8510118870531
7,57,1,0,1,3,255.38564560039157
7,16,1,1,1,5,272.85100107079137
7,52,1,1,1,3,270.4106037364438
7,9,1,1,1,3,270.5732478850532
10,0,1,1,0,7,263.9031552531541
7,6,1,1,1,4,264.30856361373407
7,25,1,0,1,2,255.56352667724948
7,26,1,1,1,2,274.6446343470176
10,0,0,0,0,6,86.61397003997045
7,21,1,1,1,0,265.3031038064994
7,22,1,1,1,0,267.3231621686499
7,49,1,1,1,7,293.6196755411397
7,10,1,1,1,6,273.05809166562386
7,54,1,1,1,5,273.4330286706976
7,16,1,1,1,2,274.10909181494003
7,19,1,1,1,4,273.41712224758703
7,5,1,0,1,1,256.77111943054064
7,49,1,1,1,2,276.3244368809707
10,0,1,0,0,1,122.49594862961655
7,11,1,0,1,2,256.38178198450703
7,23,1,1,1,2,272.50228452281215
7,2,1,0,1,0,250.47439523240865
7,19,1,1,1,6,288.2314955341545
7,8,1,1,1,2,269.1651904941779
10,0,0,1,0,7,190.58517096386063
7,31,1,0,1,4,259.33880550970724
7,36,1,1,1,0,265.290567215806
7,30,1,1,1,3,278.34868886560446
7,41,1,1,1,4,273.59694848079
7,59,0,1,1,1,257.2421116959897
7,50,1,0,1,5,256.532453632124
7,38,1,1,1,5,272.62417715815883
7,47,1,0,1,2,254.6425967808168
7,38,1,1,1,7,288.7452521303587
7,12,1,1,1,7,279.8591781711923
7,50,1,1,1,3,272.04052990450344
7,20,1,1,1,0,269.32959999841967
7,43,1,1,1,5,272.8850101647954
7,28,0,1,1,0,254.8601866024165
7,47,1,1,1,2,270.76223999961024
7,47,1,1,1,7,286.5208728866284
7,50,1,1,1,0,258.98074769588277
7,26,1,0,1,0,257.41717901194346
7,40,1,1,1,6,275.6224895936158
10,1,0,0,0,7,9.330431141791331
7,48,1,0,1,2,257.10822702957313
10,1,0,1,0,4,51.51910570172581
7,58,1,0,1,3,257.7087620995513
7,24,1,0,1,6,258.5266009476036
7,15,1,0,1,2,260.301588085019
7,3,1,1,1,7,289.8351951979092
10,0,0,1,0,4,201.54274716183886
7,10,1,1,1,0,269.3474240614965
7,3,1,1,1,0,273.469738039426
10,0,1,0,0,7,287.6389729483692
7,48,1,0,1,5,255.55800876778508
7,25,1,1,1,2,271.903702609705
7,2,1,1,1,6,269.9853458582144
10,0,0,0,1,0,34.2749980032104
10,1,0,0,1,0,0.0
10,2,0,0,1,4,9.826458567573727
7,48,1,1,1,7,273.94515490740815
7,18,1,1,1,5,276.9514056987856
10,0,1,1,0,0,6.244948187799546
10,1,1,1,0,6,12.95250872712882
10,1,0,0,0,1,10.017118033656683
7,23,1,1,1,5,273.35434485062456
7,10,1,1,1,1,268.3008272257354
7,14,1,1,1,3,272.3285063775625
10,0,1,0,0,6,98.6469828626835
7,9,1,1,1,7,283.7671812559587
10,0,1,0,1,5,125.23639678188933
7,29,1,1,1,1,272.9770303339161
10,0,0,0,0,7,169.7675259804618
7,0,1,1,1,4,274.083024299539
7,49,1,1,1,5,273.0603792180099
10,1,0,0,1,4,13.137258296868351
7,34,1,1,1,4,273.8203715494278
10,0,1,0,1,6,160.28853754220088
7,53,1,1,1,7,289.56676918406276
7,16,1,1,1,3,277.5249432654631
10,0,0,0,0,3,174.94213638282173
7,48,1,1,1,5,267.36452645380166
7,52,1,1,1,6,272.0291095592105
10,1,0,0,0,5,13.183528486453444
7,24,1,1,1,2,272.14160899893324
10,0,1,0,1,1,141.37423972789492
7,6,1,1,1,5,272.7751617756938
10,0,1,0,0,5,146.69415193524765
10,0,0,0,1,2,135.94649433647984
10,1,1,1,0,5,17.885361045689738
10,0,1,0,0,3,130.03182918807204
10,0,1,1,0,6,141.56032740066146
10,1,0,0,1,7,18.25267108748331
10,0,1,1,0,5,100.46478309028652
10,0,1,0,0,2,64.50708603838595
10,1,0,0,1,3,122.08270943563633
10,1,0,0,1,1,20.268613909842735
10,0,1,1,0,2,129.43545733391755
10,0,1,1,0,3,46.52965490016851
10,1,1,0,1,6,24.967291656213437
6,48,0,1,0,3,214.57340826314785
6,49,0,0,0,0,198.50391438691912
6,50,0,0,0,0,200.08575409607192
6,51,0,0,0,0,195.66387602023946
6,52,0,0,0,6,199.37499703470593
6,53,1,0,0,0,213.137375043148
6,54,1,0,0,0,210.06243454835538
6,55,1,0,0,0,210.26814980581995
6,56,1,0,0,7,228.85770539333322
6,57,0,0,0,3,200.58640547167167
6,58,0,0,0,1,197.1662495200789
6,59,0,0,0,7,193.55050193484888
6,43,0,1,1,1,227.73480735516273
6,44,0,1,1,5,227.27580916817817
6,45,0,1,0,4,209.66713938013538
6,46,1,1,0,4,228.67805894888897
6,47,0,1,0,0,208.42298867268005
6,49,0,0,0,7,203.06914582561967
6,50,0,1,0,4,213.24172085328823
6,51,0,1,0,0,211.44169385848494
6,52,0,1,0,5,217.3268340771992
6,53,1,1,0,0,225.28955057273632
6,54,1,1,0,2,226.79049880247143
6,55,1,1,0,7,242.02376945912658
6,56,0,1,0,0,211.3021750477101
6,57,0,1,0,1,209.794702801508
6,58,0,1,0,7,210.6968794230586
6,59,0,1,0,0,209.40668722548577
6,22,0,1,0,3,208.90558944944692
6,23,0,0,0,0,198.04180910636896
6,24,0,0,0,1,198.5104226165836
6,25,0,0,0,3,197.7777518234729
6,26,0,0,1,4,215.5718624907552
6,27,0,0,1,0,210.71889567206227
6,28,0,0,1,0,211.5835810571343
6,29,0,0,1,2,217.5523353327388
6,30,0,0,1,6,220.5550626833686
6,31,0,0,1,3,209.39985864789213
6,32,0,1,0,0,211.4303079370839
6,33,0,1,0,6,217.04819395175647
6,34,0,1,0,3,215.6491686677605
6,35,0,0,1,5,216.24337659577648
6,36,0,0,0,2,197.09972986350903
6,37,0,0,0,0,195.5698949823735
6,38,0,0,0,2,185.37014456486892
6,39,0,1,0,0,209.39752593144377
6,40,0,1,0,0,210.90304639433822
6,41,0,1,0,1,211.89515219947887
6,42,0,1,0,3,211.6756132152698
6,43,0,0,0,4,203.3074636882342
6,44,1,0,0,0,208.92458058126684
6,45,1,0,0,0,211.84940486852136
6,46,1,0,0,0,209.8912393023364
6,47,1,0,0,0,211.940289999518
6,48,1,0,0,7,225.61305549427263
6,49,1,0,1,4,228.4915471815238
6,50,1,0,1,0,213.41810885720577
6,51,1,0,1,0,226.5519428094932
6,52,1,0,1,4,225.7502010692467
6,53,1,0,1,0,222.12873106156567
6,54,1,0,1,0,224.88187821383366
6,55,1,0,1,7,231.42894204508661
6,56,0,1,0,3,217.20188589352622
6,58,0,0,0,0,194.0836279081449
6,59,0,0,0,3,196.8528293719115
6,0,0,1,0,0,207.9289812747821
6,1,0,1,0,1,210.84746689978033
6,2,0,1,0,7,221.22017703984537
6,3,1,1,0,3,226.3278560004122
6,4,1,1,0,5,227.03123915705407
6,5,0,1,0,7,213.79354645569128
6,6,0,0,0,2,201.72138772125237
6,7,0,0,0,7,198.50404324768917
6,8,0,1,0,6,218.02065572776482
6,9,0,0,0,0,197.38101368223545
6,10,0,0,0,3,199.2696899340976
6,11,0,0,0,0,197.8529544033119
6,12,0,0,0,1,200.9448107935171
6,13,0,0,0,0,199.59696630447095
6,14,0,0,0,0,201.26775041391676
6,15,0,0,0,6,199.90365828371043
6,16,1,0,0,0,211.9582944060814
6,17,1,0,0,0,214.68062982768265
6,18,1,0,0,5,219.18605317932872
6,19,1,0,1,4,228.18687245839942
6,20,0,0,1,4,212.29665166683222
6,21,1,0,1,0,226.93068223007378
6,22,1,0,1,0,227.35800385966985
6,23,1,0,1,0,205.48119417004108
6,24,1,0,1,0,212.21692714794727
6,25,1,0,1,0,222.338193217849
6,26,1,0,1,3,231.8472995186856
6,27,1,0,1,0,223.18138979374282
6,28,1,0,1,5,229.52234709473512
6,29,0,0,0,5,203.67352066626998
6,30,0,0,1,0,213.17370326577657
6,31,0,0,1,4,213.28021791805648
6,32,0,0,1,3,216.9227291507487
6,33,0,1,1,1,229.40207382370463
6,35,0,1,0,0,210.32411650781518
6,36,0,1,0,0,210.87154529429077
6,37,0,1,0,0,210.9054663268875
6,38,0,1,0,7,223.51337196681115
6,39,0,0,0,7,197.75190752549116
6,40,0,0,0,0,196.9020173883727
6,41,0,0,0,0,194.69703449800593
6,42,0,0,0,7,194.3716037309506
6,43,0,1,0,0,211.5845821981507
6,44,0,1,0,2,212.35885917536757
6,45,0,1,0,0,209.51270497713313
6,46,0,1,0,1,210.61556562860943
6,47,0,1,0,4,207.7623273591385
6,48,0,1,0,7,215.6192337717073
6,49,1,1,0,6,227.0974125240399
6,50,1,1,0,0,227.29998608266683
6,51,1,1,0,0,228.05417968944954
6,52,1,1,0,0,226.9548979551976
6,53,1,1,0,6,224.5428456537191
6,54,0,0,0,1,196.9508643795927
6,55,0,0,1,0,212.6704073284529
6,56,0,0,1,3,216.230586073923
6,57,0,0,0,0,197.6701657497374
6,59,0,0,0,6,206.973136456282
6,45,1,0,0,4,212.59934176856459
6,46,1,0,0,1,209.71288971502062
6,48,1,0,0,3,212.07607491176663
6,51,0,0,0,7,201.5445384672702
6,52,1,0,0,0,211.79533079185438
6,57,1,0,0,0,209.4308004847689
6,58,1,0,0,7,223.35027942699259
6,59,0,1,0,3,212.75484801200062
6,0,0,0,0,6,192.97992868452212
6,1,0,1,0,0,208.92437605207797
6,2,0,1,0,2,216.61445428193989
6,3,0,1,0,0,210.97436143875495
6,4,0,1,0,0,209.0082129002258
6,6,0,0,0,5,201.67538555378502
6,7,0,0,1,0,211.2785163243744
6,8,0,0,1,0,212.88901040009668
6,9,0,0,1,2,216.04671094985238
6,10,0,0,1,0,210.42793322884918
6,11,0,0,1,0,213.01400170368905
6,12,0,0,1,0,213.5601170830389
6,13,0,0,1,0,212.20557034395577
6,14,0,0,1,3,227.0587538820951
6,15,0,0,0,0,201.56137278456188
6,16,0,0,0,0,200.82286541128653
6,17,0,0,0,7,212.839951706927
6,18,0,0,0,0,200.66136184660303
6,19,0,0,0,2,203.09704460147577
6,20,0,0,0,0,198.05997598667275
6,21,0,0,0,0,197.7006226631697
6,22,0,0,0,0,199.08116676440957
6,23,0,0,0,1,199.80858071888545
6,24,0,0,0,0,198.14392117011346
6,25,0,0,0,0,198.72132456928415
6,26,0,0,0,7,199.9509821652362
6,27,0,1,1,5,228.4705284604834
6,28,0,1,0,6,216.75989548676915
6,29,0,1,0,2,216.76261022325153
6,30,0,1,0,7,223.6665420235174
6,31,0,0,0,0,200.16293990658718
6,32,0,0,0,0,199.09168894530558
6,33,0,0,0,4,197.71558694175428
6,34,0,0,0,0,195.93283921653807
6,35,0,0,0,1,196.72954026313073
6,36,0,0,0,0,197.68282770394688
6,38,0,0,0,0,195.5239229770916
6,39,0,0,0,0,196.41243587853396
6,40,0,0,0,6,198.0471628420839
6,41,1,0,0,6,212.76688291176157
6,42,1,0,0,0,208.55743049611436
6,43,1,0,0,4,211.09540055652536
6,44,0,0,0,0,193.54434034241064
6,45,0,0,0,1,195.72565780353915
6,46,0,0,0,0,196.77679034137094
6,47,0,0,0,6,206.4331075011064
6,48,0,0,0,0,195.91048891575065
6,49,0,0,0,4,201.68596231634734
6,50,1,0,0,0,211.51658891662453
6,51,1,0,0,0,209.9791659217498
6,52,1,0,0,7,228.731486462755
6,53,1,0,0,6,210.56118441988062
6,54,0,1,0,4,212.8254456561573
6,55,0,1,0,1,214.80393488575982
6,56,0,1,1,0,229.4224311121262
6,57,0,1,1,3,237.25588512355426
6,59,0,0,0,0,195.9200977933671
6,12,1,1,0,0,226.6879855854069
6,13,1,1,0,0,230.68031032683854
6,14,1,1,0,0,230.64760263014057
6,15,1,1,0,6,233.7505056418713
6,16,0,1,0,2,220.7067619162108
6,17,0,1,0,0,215.5639689575241
6,18,0,1,0,6,219.09358781540632
6,19,0,0,0,0,200.70751472768214
6,23,0,0,0,3,199.96007106943352
6,24,0,1,1,3,233.19715398297043
6,25,0,0,0,1,200.01808016502397
6,26,0,0,1,6,214.71513463756727
6,29,0,0,0,0,200.229563076283
6,30,0,0,0,0,198.79103980630603
6,33,0,0,0,3,198.95484860967642
6,34,0,0,0,7,206.72537257002108
6,42,0,0,0,4,193.45663238489453
6,43,0,0,0,1,193.95726727569325
6,45,0,0,0,4,197.75300071358615
6,46,0,0,0,5,194.28390806984737
6,47,0,0,0,0,194.457936849017
6,51,0,0,0,5,201.2284135865297
6,52,0,0,0,0,197.5042581301087
6,53,0,0,0,7,213.20278693884262
6,54,0,0,0,5,207.98679322601748
6,55,0,0,0,0,196.47921741435346
6,56,0,0,0,0,196.60286504681588
6,57,0,0,0,1,198.8668474072657
6,16,1,1,0,6,230.1076935657678
6,20,0,0,0,5,201.1074654027494
6,22,0,0,0,6,199.1547363620247
6,23,0,0,0,2,199.96196501178434
6,24,0,0,0,5,200.15756644099335
6,25,1,0,0,6,216.57876381581437
6,26,1,1,0,1,227.86320979799657
6,27,1,1,1,0,190.18167471632088
6,28,1,1,1,0,214.36224215959402
6,29,1,1,1,1,236.16669904429267
6,30,1,1,0,2,225.19993534540737
6,31,1,0,0,2,216.08278709335607
6,32,1,0,0,0,213.45576557289544
6,33,1,0,0,0,211.985610887883
6,34,1,0,0,0,211.09295167079048
6,35,1,0,0,7,225.77326351560612
6,36,0,1,0,6,214.38010285593447
6,37,1,0,0,4,211.09133248933782
6,38,0,0,0,3,197.85987299274635
6,39,0,1,0,3,212.3893821459368
6,40,0,0,1,0,210.24331312068603
6,41,0,0,1,0,208.0492125002688
6,42,0,0,1,4,211.92468824707606
6,43,0,0,1,6,220.88359666197672
6,44,0,1,1,6,231.5443145616506
6,45,0,0,1,4,213.64624104723185
6,46,0,0,1,3,217.2094859415762
6,47,0,0,0,1,196.6204844231528
6,50,0,0,0,2,201.46887034074535
6,52,0,0,0,7,196.96631112020867
6,53,0,0,0,0,196.06543653977286
6,54,0,0,0,0,196.5392519958427
6,56,0,0,0,3,201.13151926377373
6,57,0,0,0,4,200.08048927361327
6,59,0,0,1,5,213.06320029652397
6,27,0,0,0,0,197.97337541493158
6,28,0,0,0,7,198.79618540733267
6,29,1,1,0,0,223.79604690926547
6,30,1,1,0,1,226.90512379469905
6,31,1,1,0,1,228.86215617427075
6,32,1,1,0,1,228.3851560716609
6,33,1,1,0,0,225.76826368176953
6,34,1,1,0,0,226.5850372511455
6,35,1,1,0,0,226.4849090432088
6,36,1,1,0,0,229.07908365307492
6,37,1,1,0,0,227.94567884352804
6,38,1,1,0,0,227.63166822154258
6,39,1,1,0,0,222.81229937486194
6,40,1,1,0,0,224.5096191595244
6,41,1,1,0,0,225.1318094128075
6,42,1,1,0,5,224.89066501228592
6,44,0,1,1,7,224.3444863399033
6,46,0,0,0,3,200.13845860597596
6,47,0,1,0,3,216.47105148136265
6,48,0,1,1,0,225.19433866924038
6,49,0,1,1,0,218.05655956295567
6,50,0,1,1,0,228.5128763431585
6,51,0,1,1,0,227.27880060447663
6,52,0,1,1,5,231.46515267449732
6,53,0,1,1,2,228.35758839072028
6,54,0,0,1,7,218.71847483439575
6,56,1,0,0,5,211.42596278318103
6,7,1,0,0,0,213.28449058367323
6,8,1,0,0,1,212.2293784793939
6,9,1,0,0,2,216.68078963406518
6,10,1,0,0,7,222.89401063053427
6,11,0,1,0,0,212.76771943604675
6,12,0,1,0,0,214.87976381396754
6,13,0,1,0,0,212.82661459872864
6,14,0,1,0,1,216.48229717681247
6,15,0,1,0,4,218.35871624375056
6,17,0,0,0,6,203.1064458449981
6,20,0,0,0,1,200.7409599031566
6,22,0,0,0,3,199.2282035809286
6,23,0,1,1,4,228.76755060277296
6,24,1,1,1,2,186.2194306010117
6,25,1,0,1,1,225.62970293108836
6,26,1,0,1,1,230.8431283096946
6,27,1,0,0,2,214.1463015300041
6,28,1,0,0,4,214.19094728367574
6,31,0,0,0,1,199.3885380073143
6,32,0,0,0,6,197.1181643826242
6,33,0,1,0,7,215.18572527476434
6,34,0,0,1,0,212.50738428193412
6,36,0,0,0,3,207.08050939884671
6,37,0,0,0,5,196.86061708912112
6,39,0,0,0,4,196.97687048640202
6,40,1,0,0,0,209.16421247741363
6,42,0,0,0,0,192.74408705714484
6,43,0,0,0,2,193.8635397580236
6,44,0,0,0,3,197.27151280571965
6,45,0,0,0,0,195.01612244216096
6,46,0,0,0,6,202.897853331394
6,47,1,0,0,5,213.78009593118634
6,48,0,0,0,2,196.31296138694643
6,49,0,1,0,0,210.75782749658705
6,50,0,1,0,2,214.41412323296996
6,53,0,0,1,2,213.3627051881144
6,54,0,1,1,7,238.37794488832827
6,55,1,1,0,3,228.5210247690716
6,56,1,1,0,0,228.25536419201975
6,57,1,1,0,7,242.52893810623783
6,1,0,0,0,1,198.20760598141217
6,2,0,0,0,0,196.30514371544518
6,3,0,0,0,1,196.60538048066402
6,4,0,0,0,3,202.869583667261
6,6,1,1,0,7,229.16165993762172
6,7,1,1,1,1,219.64280024155653
6,8,1,1,0,1,227.77450301434365
6,9,1,1,0,6,231.35552687932807
6,10,1,1,0,5,230.27572554804627
6,11,1,1,0,0,229.51478723274136
6,12,1,1,0,3,230.0206519875239
6,13,1,0,0,2,214.80224300151272
6,14,1,1,0,1,233.27549951956382
6,15,1,1,1,0,230.56089525698738
6,16,1,1,1,5,223.2031851321538
6,19,0,0,0,3,202.9471888342147
6,22,0,0,0,7,205.1740449983152
6,23,1,0,0,6,211.53762472040077
6,24,1,1,0,0,228.48611841970816
6,25,1,1,0,0,224.57486792994047
6,26,1,1,0,0,227.7008209299592
6,27,1,1,0,4,233.42879682875557
6,28,0,1,0,2,213.867191719303
6,32,0,0,0,1,199.19268490093958
6,35,0,0,1,0,213.32008566009398
6,36,0,0,1,0,211.6626969758206
6,37,0,0,1,5,213.39808644703746
6,38,1,0,0,0,211.84298026535092
6,39,1,0,0,1,211.8809731708144
6,40,1,0,0,1,211.73823153389864
6,41,1,0,0,1,212.31118624280157
6,45,0,0,0,3,192.94135834498064
6,48,0,1,0,4,213.07649747338033
6,49,0,1,0,3,216.2504247610892
6,50,0,0,0,1,200.1242546766741
6,51,0,0,0,6,202.0418209651192
6,53,0,0,0,1,198.24303419249622
6,55,1,1,1,2,240.222673409896
6,56,1,1,1,0,238.9372937239974
6,57,1,1,1,1,225.9485515376313
6,58,1,1,1,0,228.90334387944526
6,59,1,1,1,0,162.22484021409775
6,50,0,0,0,7,211.97064990623625
6,51,0,0,0,2,200.89719898822034
6,53,0,0,0,5,198.88259465873963
6,54,0,0,1,5,212.56574154148382
6,55,0,0,1,7,229.29130845327487
6,56,0,1,0,7,211.83324147991357
6,59,0,0,0,1,196.31947162375084
6,27,0,0,1,7,225.58916003211965
6,29,1,0,0,0,211.9520454622466
6,30,1,0,0,7,211.7903965044813
6,31,0,0,1,5,213.71289328428296
6,35,0,0,1,4,214.99125405023761
6,36,0,0,1,5,215.54008850554106
6,37,1,0,0,5,216.47897191509827
6,38,0,0,0,4,197.83737826350023
6,39,0,0,0,6,204.090120438545
6,40,0,0,0,1,197.7189805579466
6,43,1,0,1,0,219.8635802629044
6,44,1,0,1,1,225.91747596993926
6,48,0,0,0,1,197.24122598662885
6,49,0,0,1,3,210.69783094822887
6,54,0,0,1,2,212.4386710676552
6,57,0,0,0,7,200.74271140455707
6,59,0,0,0,5,196.1787808965045
6,0,1,0,0,0,207.22719511638746
6,1,1,0,0,0,208.6840249154175
6,2,1,0,0,0,210.89590002431868
6,3,1,0,0,0,212.8452874523715
6,4,1,0,0,3,211.68252709715136
6,5,1,0,0,0,212.75830955049935
6,6,1,0,0,0,213.06830841391454
6,8,1,0,0,0,213.15807490470502
6,9,1,0,0,1,214.38149848707454
6,10,1,0,0,4,217.0176154710758
6,11,1,0,0,0,214.0720418774401
6,12,1,0,0,0,210.710312936545
6,13,1,0,0,7,215.4869947332545
6,14,1,0,0,2,220.52487791485345
6,15,1,0,0,1,213.35194332803022
6,19,1,0,1,5,220.9078953247607
6,20,0,0,1,6,211.29142963022036
6,23,1,0,1,1,231.2312366517358
6,24,1,0,0,0,215.29470405302334
6,26,0,0,0,6,208.6126748773065
6,27,1,0,0,7,213.8666617939539
6,28,0,0,1,1,213.64711593841514
6,29,0,0,0,7,211.78198640782426
6,30,0,1,1,0,227.540898763913
6,31,0,1,1,0,225.30996535264367
6,32,0,1,1,3,227.90997455340383
6,34,0,1,0,2,215.72876636505714
6,35,0,1,0,4,213.34959629288565
6,37,0,1,0,6,215.4358400655006
6,40,0,0,0,2,197.22411458555734
6,41,0,0,0,6,191.9541901573894
6,43,0,1,0,1,212.53503093732616
6,46,0,1,0,5,210.35877927779518
6,47,1,1,0,0,223.56653303951785
6,48,1,1,0,6,225.21746649536956
6,51,1,1,0,7,241.4863899352914
6,53,0,0,0,3,201.09825012165803
6,54,0,0,0,3,198.3466759743732
6,57,0,0,0,5,199.31271341190347
6,59,1,0,0,7,221.99969425674684
6,0,0,1,1,3,229.14473708596395
6,1,0,0,0,0,197.78258291392893
6,3,0,0,0,0,198.0941014769949
6,5,0,0,1,3,214.0086018081767
6,6,0,1,0,0,213.71090774387747
6,7,0,1,0,1,213.08832600096585
6,12,0,0,0,6,213.31325300958065
6,15,0,0,0,4,202.46635874142535
6,17,1,0,0,2,217.1081207534663
6,18,1,1,0,0,227.98864033317764
6,19,1,1,0,3,227.38176459580174
6,20,1,1,0,7,237.3244687280645
6,21,0,1,0,6,211.01292870642084
6,23,0,0,0,4,199.47778055014734
6,25,0,0,0,5,204.3434026319269
6,26,0,0,0,2,201.39836400923292
6,27,0,0,0,7,196.4121683846073
6,29,0,0,0,2,203.93235183744486
6,31,0,0,0,2,202.86111704665248
6,33,0,1,0,3,214.91183746570027
6,35,0,1,0,3,214.35053944792122
6,39,0,0,0,5,197.52887855085697
6,41,0,0,0,2,195.05420437568165
6,43,0,0,0,0,192.80670223689643
6,44,0,0,0,2,193.17500622126704
6,47,0,0,1,4,212.53400051121258
6,48,0,0,1,0,211.18079846083293
6,52,0,0,0,1,198.68574401846993
6,53,0,0,0,6,201.00954284062357
6,54,1,0,0,7,227.78466202327687
6,55,0,1,0,4,214.25852810061303
6,57,0,1,0,0,208.2101168143528
6,0,0,0,0,0,195.02596494147588
6,1,0,0,0,7,196.3031622915658
6,3,1,0,0,4,217.6194973522925
6,4,1,0,0,0,214.04339934139935
6,5,1,0,0,1,212.56775631067845
6,6,1,0,1,7,236.9749297996877
6,7,1,1,0,0,225.9034608231464
6,8,1,1,0,0,226.16070538062309
6,10,0,0,0,0,200.47824919560892
6,12,0,0,0,0,198.8122349451373
6,13,0,0,0,5,204.1816724757796
6,16,0,0,0,2,203.49327831493963
6,17,0,0,0,2,201.87787786310253
6,22,0,0,0,4,199.03870675308553
6,26,0,0,0,0,197.31408510701533
6,28,0,0,0,5,200.28242720216542
6,29,1,0,0,5,212.09816891286118
6,34,0,1,1,2,230.58033384375838
6,35,0,0,1,7,225.33153573682358
6,36,1,0,0,3,219.3745655862091
6,39,1,1,0,6,225.83885677719354
6,40,1,0,0,2,215.6037325139843
6,43,1,0,0,6,220.08713012816202
6,44,1,0,0,7,207.4588518164141
6,45,1,0,0,2,211.71393621087387
6,48,0,0,0,4,193.8509176960369
6,49,1,0,0,0,209.64461811943295
6,51,1,0,0,5,216.8026255928167
6,54,0,1,0,0,213.05850318090813
6,55,0,1,0,5,216.19053363292696
6,56,1,1,0,5,241.68166062081596
6,57,1,1,0,3,228.02277966534953
6,58,1,1,0,0,221.27830757527548
6,59,1,1,0,0,223.39720465334298
6,0,1,1,0,0,223.40298817713696
6,1,1,1,0,5,228.89056847343033
6,2,1,1,1,0,176.1307849835742
6,3,1,1,1,2,206.69198904715546
6,4,1,1,1,5,227.90448241665274
6,5,1,1,0,0,227.43095193565586
6,6,1,1,0,6,227.89095019287765
6,7,0,0,0,4,200.5182918671419
6,8,1,0,0,3,213.54711551749745
6,9,1,1,0,0,227.25019302484304
6,12,1,1,0,4,230.73996079091444
6,14,1,1,0,6,234.24875466267466
6,16,0,0,0,3,205.33063393991824
6,17,0,1,1,0,227.9403696346624
6,18,0,1,1,0,210.86272714242935
6,19,0,1,1,0,222.6373863931466
6,20,0,1,1,0,225.4768656681153
6,21,0,1,1,0,225.77503470472976
6,22,0,1,1,3,220.94009816768977
6,23,0,1,0,0,212.2258775103727
6,24,0,1,0,0,211.80411707427663
6,25,0,1,0,0,212.8389049227792
6,26,0,1,0,3,214.24329466563452
6,29,0,1,0,5,216.66664619113087
6,30,1,1,1,0,227.02157650572815
6,31,1,1,1,4,238.51340654730876
6,33,0,0,0,0,197.27630288087457
6,34,0,0,0,1,197.27418937096317
6,35,0,0,0,3,196.81905633485778
6,37,0,0,0,3,200.72985848320116
6,38,0,0,0,6,198.3802708652633
6,40,1,0,0,3,215.36573919951067
6,42,1,0,0,4,209.59705523702144
6,43,0,0,0,7,192.80419662384003
6,46,0,1,0,0,210.55153337048577
6,47,0,1,0,1,209.8585732793994
6,48,0,1,0,5,212.1497045900029
6,49,1,1,1,0,186.63572106464812
6,50,1,1,1,7,162.47668295739027
6,51,0,0,0,1,202.30078566684665
6,53,0,0,0,2,197.41793753621846
6,59,0,0,0,4,195.72613828868623
6,40,0,0,1,1,211.99349281969185
6,41,0,0,1,4,211.9938003127394
6,42,1,0,1,7,224.06186929077265
6,46,0,0,0,4,196.89704086411123
6,47,1,0,0,2,212.601499980934
6,50,0,1,0,7,225.04410301019206
6,52,0,1,1,3,232.23197580640243
6,54,1,0,0,1,213.05938909963004
6,57,0,0,0,2,198.83635069916065
6,58,0,1,0,1,210.5076867780083
6,0,0,0,1,3,216.07628406983653
6,3,0,0,0,3,198.5150722736609
6,4,0,0,1,2,212.9008931895254
6,5,0,0,1,5,214.84545166685643
6,6,1,0,0,7,212.5710024943878
6,8,0,1,0,1,214.7107769875332
6,9,0,1,0,2,216.38744085162517
6,11,0,1,0,4,214.9756718255634
6,13,0,1,0,4,216.94801448530495
6,14,0,1,0,3,218.1527064551579
6,18,0,0,0,1,203.29780954496786
6,24,0,0,0,2,200.9824390353935
6,25,0,0,0,7,192.80924260655445
6,30,1,0,0,6,211.31377739983375
6,31,0,0,0,3,200.67108739425584
6,32,0,1,0,3,219.84034496396868
6,34,0,0,1,1,213.97337827623448
6,35,0,0,0,0,196.83404237071315
6,37,0,0,0,7,200.65675403440505
6,38,0,1,1,0,226.42904450059712
6,39,0,1,1,0,225.66508311352615
6,40,0,1,1,3,233.08642152500474
6,41,0,0,0,4,195.39069556075836
6,44,0,0,1,1,210.12631643352674
6,47,0,0,0,2,199.81242691385347
6,52,0,1,0,7,217.0786751473028
6,54,0,1,0,7,210.4072537749322
6,55,1,0,0,2,214.60937606753
6,58,1,1,0,1,221.01449860374146
6,0,1,1,0,1,223.3059827532975
6,1,1,1,1,6,242.46891723571144
6,2,0,1,1,0,229.5793802572448
6,3,0,1,1,5,232.62500906008432
6,5,0,1,0,0,212.22011872833568
6,6,0,1,0,6,216.49294226364026
6,9,1,1,0,1,227.78575321620283
6,11,0,1,0,3,226.07470299245543
6,12,0,0,0,5,196.9010441892383
6,14,0,0,0,5,204.2751246487022
6,15,1,0,0,6,212.4811409269904
6,19,0,0,0,5,202.61957547806318
6,24,0,1,1,2,231.29167468870435
6,25,0,0,1,0,211.22760648282159
6,26,0,0,1,3,215.86044906667874
6,27,0,0,0,5,198.04282641347257
6,28,0,0,0,0,199.59001927288904
6,29,0,0,0,3,204.7140600464882
6,30,0,0,0,3,202.83061526847337
6,31,0,1,0,6,222.05721950629675
6,32,0,0,0,3,201.5324182652425
6,33,0,0,1,3,204.18151623097853
6,34,0,0,0,3,197.9987063832492
6,37,0,0,0,4,197.87454321539246
6,39,0,0,1,4,214.87425799761667
6,44,0,0,0,1,195.1078750888162
6,47,0,0,0,7,194.93016326122034
6,48,1,1,1,0,231.2783668714455
6,49,1,1,1,1,238.61719718271428
6,51,1,1,0,3,226.0366586223637
6,55,0,0,0,2,200.12998755017827
6,56,0,0,0,6,207.7848507221483
6,21,0,0,0,3,199.24492100877217
6,26,0,0,0,4,201.4271110746758
6,28,0,1,1,4,228.06852226482914
6,30,1,1,0,4,226.0011053197519
6,34,0,1,1,3,232.0611019356619
6,35,0,1,0,6,212.96778936957264
6,37,1,1,0,5,230.9832276118391
6,38,1,1,0,3,231.28459644840814
6,39,1,1,0,2,228.18334672411896
6,41,1,0,0,2,212.82655626034017
6,42,1,1,0,1,223.65632462200742
6,43,1,1,0,0,224.94304599403972
6,44,1,1,0,7,226.5895549131642
6,49,0,0,0,3,201.70206327618956
6,50,0,1,0,1,212.38891572327546
6,51,0,1,0,4,216.33646201460652
6,52,1,1,0,6,243.15931316904934
6,55,0,0,0,5,198.6730343364858
6,2,0,0,0,6,203.19746028427656
6,3,1,1,0,4,227.38323143084125
6,4,0,1,0,2,214.80721993222025
6,5,0,0,0,6,201.6042429537246
6,6,0,0,0,4,198.52789360525279
6,7,1,0,0,4,213.65061280669465
6,13,1,1,0,4,230.37507855723985
6,14,0,1,0,0,214.1741198818243
6,16,0,1,0,7,217.87998571690852
6,17,0,0,0,0,200.80428682302255
6,18,0,0,0,6,202.81981970866374
6,19,0,1,0,4,215.14823357453344
6,20,0,1,0,0,212.9404978187896
6,21,0,1,0,2,215.43803279713816
6,28,1,0,0,2,216.47695246801186
6,29,1,0,0,4,216.68349297848383
6,30,0,0,0,5,205.39023651898444
6,31,0,0,1,1,214.4971908609413
6,32,0,0,0,5,199.06871072060898
6,35,0,0,0,6,196.8965638454914
6,36,1,0,0,0,211.88694705984628
6,38,1,0,0,7,226.2670648460592
6,39,0,0,0,3,186.58406295284885
6,41,1,1,0,6,227.9621392690424
6,48,0,0,1,6,219.09509363100466
6,49,0,0,1,2,213.4958643019831
6,50,0,0,1,0,212.30549124366158
6,51,0,0,1,2,216.1700314079287
6,52,0,1,1,4,228.35758485250892
6,53,0,1,1,5,228.0453145229344
6,54,0,1,0,5,211.38202196504471
6,57,0,0,1,0,211.39993909364958
6,58,0,0,1,2,212.34404383795282
6,54,1,0,0,3,214.10605843660414
6,56,0,1,0,1,211.5563847947218
6,58,0,1,0,0,210.25460971392445
6,0,0,1,0,1,210.80478218870698
6,3,0,0,0,2,201.19005603762724
6,4,0,1,0,4,211.1805012308868
6,5,1,1,0,1,226.51862816161676
6,6,1,1,0,3,219.60289676740277
6,8,0,0,0,2,203.33862769019828
6,14,0,1,0,6,226.58221476434352
6,15,1,1,0,2,234.61492682695936
6,20,0,0,0,7,209.96106688735404
6,21,0,0,0,6,200.520728375225
6,22,1,1,0,0,226.95512721255025
6,23,1,1,0,0,226.72746014348
6,24,1,1,0,5,232.74538638233636
6,25,1,1,0,2,230.73721966467116
6,27,1,1,0,3,231.87425429707113
6,28,1,1,0,5,232.60540626262852
6,29,0,1,0,7,214.67599734509005
6,30,1,1,0,6,225.0539241720572
6,33,1,0,0,3,214.92117735644342
6,34,1,0,0,3,221.07045066833507
6,36,1,1,0,2,228.48422412019892
6,37,1,0,0,6,206.6534068236345
6,38,0,1,0,5,215.88879032589475
6,40,0,0,1,3,213.98162938192593
6,44,0,1,0,7,210.17568643835426
6,48,1,1,0,5,228.47308386806333
6,55,0,0,0,7,211.96075880124255
6,56,0,0,0,5,198.70607519487717
6,7,0,0,0,0,197.33190037263813
6,8,0,0,0,3,202.7597564411899
6,15,0,0,0,3,198.31848786417135
6,16,0,0,0,5,203.0491375634728
6,17,1,0,0,6,223.33254164146481
6,18,1,1,0,5,236.44663503796096
6,21,0,1,1,6,228.8766053929727
6,22,0,0,1,0,209.4742345218585
6,23,0,0,1,7,210.72105721234112
6,27,0,0,0,6,195.71837232003998
6,30,1,0,0,3,214.5781720031599
6,32,1,1,0,6,240.53815151569643
6,34,0,0,1,6,210.01003616309603
6,37,0,0,0,1,197.7042752797019
6,38,0,0,1,2,211.91162616893956
6,39,0,1,1,2,227.8562369927296
6,41,0,0,1,5,211.63554094102398
6,42,0,0,0,6,204.18514350913676
6,44,1,1,0,2,226.33012682521033
6,54,1,0,0,5,214.92590210962217
6,55,0,0,0,3,198.53455836747187
6,57,0,0,0,6,209.97340695963692
6,2,0,1,0,1,214.60283224826594
6,4,0,1,0,6,214.75482954482572
6,5,0,0,0,0,198.5483989691844
6,6,0,0,0,0,196.24232213913402
6,7,0,0,0,2,205.23803648928163
6,8,0,0,0,5,196.32713058563192
6,9,0,0,0,2,197.19949611597605
6,10,0,0,0,1,199.18365723334853
6,13,0,0,1,4,215.05760367712634
6,15,0,1,0,1,217.64600018755152
6,18,0,1,0,2,219.6283247895651
6,19,0,1,0,0,211.60170230082937
6,21,0,1,0,5,215.97151632570782
6,24,0,1,0,5,214.34358379634097
6,25,0,1,0,7,211.13007742193196
6,29,0,0,1,7,210.96517492309965
6,36,0,0,0,1,197.59913527827746
6,40,0,0,0,3,197.60591825909225
6,44,1,0,0,4,211.01723279125744
6,48,0,1,0,0,211.21512081713968
6,50,0,0,0,3,200.87412766576875
6,0,0,1,1,5,229.16561405308047
6,1,0,1,0,3,211.2320824799692
6,2,0,0,0,1,197.84890842566531
6,3,0,0,0,4,201.57118006307869
6,5,0,0,0,7,197.91277756628054
6,6,0,0,1,0,212.29561224518346
6,7,0,0,1,7,227.61297366760726
6,8,0,0,1,4,213.92352970353267
6,9,1,0,1,0,218.12953951647384
6,10,1,0,1,3,232.4347616234985
6,12,1,0,0,1,211.7933698085132
6,13,1,0,0,1,215.67305249488845
6,14,1,0,0,0,211.38992581564605
6,19,0,1,0,6,216.8347201718731
6,23,1,0,0,0,214.22620234951194
6,25,1,0,0,0,212.3894573141004
6,26,1,0,0,0,211.40462233911333
6,27,1,0,0,5,216.66820298302966
6,28,0,0,0,6,201.64134975945663
6,29,1,1,0,1,226.07735845290512
6,30,1,1,1,6,239.32908958430772
6,31,0,1,1,4,227.86919777792608
6,32,0,1,1,6,225.48771266200342
6,33,0,1,1,4,223.45758679855354
6,34,1,1,1,6,237.83650557482184
6,37,0,0,0,2,197.63140600971428
6,38,0,1,0,6,217.55936944193988
6,40,0,1,0,2,211.4560705027898
6,41,0,0,0,3,203.5469026952673
6,42,0,1,1,3,227.4518767514291
6,43,0,1,1,2,228.2938290928882
6,44,0,0,1,7,227.4793885508149
6,45,0,0,0,5,191.19667219898832
6,47,0,0,0,3,200.01281622293675
6,48,0,1,1,3,226.55661124595335
6,51,0,0,0,4,199.56075759874855
6,55,1,0,0,7,209.42664009938838
6,56,0,1,0,2,215.65352441345127
6,17,0,0,1,5,217.00025446331048
6,18,1,0,0,4,216.21483391220966
6,20,0,0,0,3,200.22802403160622
6,22,0,0,0,2,198.96902545633722
6,23,0,1,0,4,213.83166517521903
6,24,1,1,0,6,231.38437142057936
6,25,1,0,0,3,216.12953443440605
6,26,1,1,1,0,243.97913507809452
6,32,0,1,1,1,227.0936405927026
6,34,0,1,1,5,229.23755883958992
6,35,0,1,0,1,212.77614014375962
6,48,0,0,0,7,198.62748733086863
6,49,0,1,0,7,224.69451631819186
6,50,1,0,0,3,219.27329188538837
6,53,0,0,1,4,212.21676552854012
6,54,0,0,1,1,213.8968946423609
6,57,0,1,0,6,221.3633443863916
6,58,0,0,0,2,197.7534948643632
6,0,0,0,0,1,194.0644588546302
6,1,0,0,0,4,196.54062487333795
6,5,0,1,0,2,215.77181801982766
6,6,0,1,0,1,213.15082004116522
6,7,0,1,1,0,227.10956365075728
6,8,0,1,1,6,223.70974810631404
6,9,0,1,1,2,231.64971394697142
6,10,0,1,1,0,227.5244855111654
6,11,0,1,1,2,236.1147730175296
6,14,0,0,1,6,218.00385508948742
6,15,0,0,1,0,214.46866014988524
6,16,0,0,1,7,220.5499774751528
6,18,0,1,0,0,213.32444067533962
6,20,0,0,0,4,198.61231083788545
6,24,0,1,0,3,214.75910722608944
6,30,0,0,0,2,203.5339340840077
6,33,0,1,0,5,215.02526685956437
6,37,1,0,0,3,214.2157159533061
6,43,0,1,1,0,226.40169499452978
6,46,0,0,0,1,196.65855302373893
6,47,0,0,0,4,196.92644968290585
6,51,1,0,0,2,213.85695439958846
6,57,1,1,1,7,253.78700006660824
6,59,0,1,1,0,225.86190455551377
6,23,1,1,0,3,232.40387526513842
6,25,1,0,0,5,216.85624863129496
6,34,1,0,0,4,213.72804822733013
6,37,0,0,0,6,208.90828906356157
6,39,0,0,0,1,195.85248165322153
6,44,1,0,0,6,225.3937110985111
6,48,0,0,0,5,197.4804065401105
6,50,0,0,1,1,213.22732760634543
6,52,0,0,0,2,207.13266844671784
6,54,0,0,0,4,198.83228900646208
6,56,1,0,1,1,225.84288786346792
6,59,1,0,0,0,207.20725031711365
6,0,1,0,0,1,209.46137615545044
6,1,1,0,0,2,209.56633148976212
6,2,1,1,0,5,224.90546725858022
6,3,1,1,1,6,251.4969094626724
6,8,0,0,0,7,203.28778157585643
6,10,0,1,1,5,230.15339722686966
6,11,0,1,0,6,214.7790570020327
6,12,0,0,0,3,203.64278405785976
6,14,0,0,0,1,203.15025971995382
6,16,0,1,0,1,220.6576664556207
6,17,0,1,0,2,219.75926918512937
6,18,0,1,0,3,216.88281183386204
6,19,0,0,0,1,202.14507611554816
6,21,0,1,0,3,215.5546323416593
6,24,1,1,0,2,229.67556883662374
6,25,1,1,0,7,241.98175274158382
6,29,1,0,0,6,221.88357887010235
6,31,0,0,0,6,205.5985131024459
6,34,1,0,0,7,214.56646121146778
6,38,0,0,0,7,208.26863637266032
6,39,1,0,0,0,211.68166926106443
6,41,1,0,1,0,223.1624850829817
6,42,1,0,1,3,233.6956362076536
6,43,1,1,1,0,209.03055393502322
6,44,1,1,1,3,246.57733696340554
6,45,1,1,0,0,226.9635879663106
6,47,0,1,0,7,221.32897509239967
6,51,0,1,0,2,215.7341083719959
6,56,0,1,0,5,212.13785344730726
6,57,1,1,0,4,228.55444726138683
6,0,1,0,0,7,211.05857153421414
6,2,0,1,0,6,216.297149245301
6,5,0,1,1,2,228.4533859773266
6,6,0,0,1,1,212.24918100944117
6,7,0,0,1,5,212.28938381991034
6,8,0,0,0,0,198.51106643980364
6,9,0,0,0,6,198.9615662509275
6,10,1,1,0,6,231.38673762826295
6,14,0,0,0,3,204.3890668641189
6,18,0,0,0,4,203.4083348328857
6,23,0,0,0,6,202.67948235008754
6,27,1,0,0,3,213.9577156048269
6,29,1,1,1,3,208.2302432651916
6,32,1,0,0,4,216.18260110184733
6,33,1,0,0,5,218.84706880128323
6,38,0,1,0,1,211.04795452118185
6,39,0,1,0,7,217.5335329999222
6,40,1,1,1,0,233.74312274352448
6,41,1,1,1,7,255.55231599751596
6,42,1,0,0,5,210.07248295917242
6,45,0,1,1,2,230.51922339273315
6,46,0,0,1,5,214.396945498705
6,51,0,1,0,6,214.9350465625875
6,53,0,1,0,1,213.20977313299184
6,55,0,1,0,2,216.23345022165032
6,58,0,0,0,6,200.2066791964856
6,59,0,1,0,6,220.78381449350096
6,45,0,1,0,7,228.86535853506217
6,46,1,0,1,2,226.14945359996395
6,47,1,1,1,5,236.74341417337436
6,52,0,0,1,0,209.75609899141375
6,53,0,0,1,3,213.55988545836837
6,55,1,1,0,6,228.7621209906372
6,57,0,1,0,5,213.32207033763868
6,58,0,1,1,0,226.61971022774455
6,0,0,1,1,1,229.16996687784894
6,4,0,0,0,7,208.12950312957938
6,5,0,1,0,3,215.53061593706616
6,6,0,1,0,2,213.09943791053297
6,8,0,1,0,2,219.23307211446917
6,11,0,1,0,5,215.39881671129888
6,12,0,1,0,3,218.6095246078092
6,13,0,0,0,7,203.31814234046752
6,16,1,0,0,3,217.12584895711746
6,19,0,0,1,6,223.2430931059697
6,20,0,0,1,1,213.29188691171044
6,21,0,0,0,4,198.98281751837834
6,25,0,0,1,6,215.50109392503617
6,30,0,0,0,7,211.1639401308045
6,34,0,1,0,7,215.84519718730385
6,38,1,0,1,1,229.6798662702396
6,39,1,0,0,6,208.26939493215232
6,42,0,0,0,3,194.24303316477244
6,50,0,1,0,6,215.82428014102163
6,53,0,0,0,4,198.7313946366598
6,54,0,0,0,7,195.17829156869155
6,56,0,0,0,7,196.67595104178304
6,59,1,0,0,4,210.04353349960792
6,2,1,1,0,3,225.11517957022738
6,4,1,1,0,2,230.79052872135904
6,5,1,1,0,2,228.8795523392963
6,8,1,1,0,3,228.10689893659043
6,9,1,1,0,4,231.13896128330512
6,10,0,1,0,6,216.52768965296116
6,11,0,1,0,1,215.12402842102458
6,12,0,1,0,2,219.0955501036195
6,29,0,1,0,6,219.17878490947513
6,30,1,1,0,7,226.17137763479113
6,34,0,1,0,1,215.86918874411884
6,37,0,1,0,4,213.54873706842983
6,39,1,1,0,7,240.4016098926602
6,43,0,0,0,3,194.1934957354015
6,47,0,0,0,5,198.36167340134264
6,50,1,0,0,4,212.97251321596232
6,52,0,0,0,5,196.47065969918816
6,55,0,0,0,6,199.8242737872279
6,58,0,0,0,4,196.90941202168716
6,8,0,1,1,0,227.95850196191643
6,12,0,1,1,0,226.17182125680733
6,13,0,1,1,5,229.71258752604518
6,16,0,1,0,6,224.610488188043
6,26,0,0,0,3,201.36852829185375
6,27,0,1,0,0,210.17436444698836
6,29,0,0,0,1,203.2987757382534
6,32,0,0,0,2,200.99773725775793
6,38,0,0,0,5,197.71229048128086
6,40,0,0,1,5,213.27456875200565
6,47,1,0,0,7,222.06302900755878
6,49,0,1,1,4,226.8547036778276
6,55,0,1,1,3,231.2760040915965
6,53,0,1,0,0,211.1348027556499
6,57,0,1,0,3,217.3320352135556
6,59,0,1,1,1,227.52715490922603
6,8,0,1,0,0,214.27822545036145
6,10,0,1,0,4,216.55561012545877
6,12,0,0,1,1,215.96291108502248
6,15,0,0,1,1,212.52685738270026
6,16,0,0,0,6,201.43182392739018
6,17,1,0,0,7,213.6676852866923
6,20,0,1,0,1,213.24814837092305
6,22,0,0,0,1,198.99289025133015
6,25,0,1,0,2,213.78556289377917
6,28,1,0,1,2,229.65425766038493
6,35,0,1,1,0,227.65006242825842
6,36,0,1,1,0,226.58525859766686
6,37,0,1,1,0,225.3462484351728
6,39,0,1,1,4,226.59339973099216
6,41,0,1,1,5,227.0702539113745
6,43,0,0,0,6,193.14030958982167
6,46,1,1,0,6,236.50975560156363
6,49,0,0,1,1,214.28170467314249
6,51,0,1,0,3,211.00381540242472
6,52,0,0,1,4,214.27803482261393
6,53,1,0,1,5,225.7474766452008
6,0,0,1,0,2,211.52080590382917
6,7,0,0,0,5,200.08548937849443
6,11,0,0,0,1,200.910957221456
6,23,1,0,0,4,214.008029531975
6,33,1,1,0,6,233.45731692221503
6,34,1,1,0,5,235.79425528537877
6,35,1,1,0,2,231.79297896389184
6,37,1,1,0,6,231.61119634633778
6,42,0,1,0,2,212.98467536321405
6,44,0,1,0,1,212.64901709672046
6,45,0,1,0,1,210.34573288478626
6,47,0,1,0,2,214.74196506063453
6,49,1,0,0,5,219.4796086870338
6,51,1,0,0,1,213.5698998389765
6,52,1,0,0,2,214.30403192021058
6,33,0,0,0,2,201.1272592456354
6,39,1,0,0,4,210.81050399074996
6,40,1,0,0,6,216.2861842823046
6,41,0,0,0,7,193.95503793028226
6,42,1,0,0,1,209.62833735891667
6,43,1,0,0,1,211.55459390250363
6,46,1,0,0,2,213.47947474455142
6,54,0,0,0,2,198.37433522412218
6,55,0,1,0,3,217.72734586214244
6,58,0,1,0,4,208.78640457562022
6,1,0,0,1,0,209.2157203795817
6,2,0,0,1,6,220.7741059028765
6,3,1,1,1,4,206.63527518251934
6,4,0,1,1,2,225.99903212272358
6,8,0,0,1,2,215.381566883371
6,12,0,0,1,5,214.58917762823492
6,13,1,0,1,3,243.37817046382673
6,14,1,0,1,0,219.41625467591075
6,15,1,0,1,0,214.8535293475616
6,16,1,0,1,0,208.60690123565743
6,17,1,0,1,3,240.26711393178266
6,18,1,0,0,7,223.60457052077783
6,19,1,1,1,0,243.56690715602227
6,20,1,1,1,4,243.19660683885238
6,23,0,1,0,2,216.1662837732454
6,24,0,1,0,2,208.83247154708604
6,25,0,0,0,2,200.70399948999233
6,26,0,0,0,5,200.10331151863
6,27,0,0,1,5,215.68944747286847
6,37,0,1,0,7,224.37126097508192
6,44,0,0,0,6,197.3304145091707
6,45,1,1,0,7,236.67917188321366
6,51,1,0,1,3,226.13649109221248
6,56,0,1,1,7,228.66237485704846
6,32,0,0,0,7,207.29897343940735
6,33,0,1,0,0,214.03105350816458
6,36,0,0,0,6,197.71105111475998
6,42,0,1,0,1,212.12582086567716
6,45,0,0,0,7,196.78539909147634
6,53,1,0,0,5,215.86410702275302
6,55,1,0,0,6,206.31605448910756
6,59,0,1,0,4,211.4135308250218
6,1,1,1,0,7,239.91843906932053
6,11,0,1,0,2,215.09680432002278
6,12,0,0,0,4,200.6993912859202
6,16,0,1,0,4,219.16341293658002
6,21,0,0,0,2,199.01691191128893
6,26,0,0,0,1,198.41471258295616
6,27,0,0,0,1,198.12460943082584
6,30,1,0,0,2,215.11692084725289
6,31,1,1,0,0,227.89641047297846
6,39,0,1,1,7,228.67573857731296
6,42,0,0,1,1,211.70619887954388
6,44,0,0,0,7,210.12169383953005
6,45,1,0,0,3,213.77476379037563
6,46,1,1,0,0,225.17941225944762
6,47,1,1,0,4,228.01874666954322
6,48,1,1,0,2,216.5351352485196
6,50,1,0,0,5,214.81588278638898
6,51,0,0,1,5,214.11579330627035
6,55,0,0,0,4,196.75107353824876
6,59,0,1,0,5,212.18903385735953
6,10,0,0,1,5,207.93375569481543
6,11,1,0,0,1,214.78232248123035
6,12,1,0,0,4,215.0577687832863
6,15,1,0,0,0,212.3258240517827
6,17,1,0,0,1,214.05379890756043
6,24,1,0,0,1,216.26596496993005
6,25,1,0,0,7,221.38723327790206
6,26,1,0,0,2,214.49611666049663
6,28,0,1,0,4,216.2737984350131
6,29,1,1,0,2,227.20751420586842
6,30,1,0,0,0,211.38368901245855
6,31,1,0,0,1,217.77119131568682
6,32,1,0,1,3,240.00284623385232
6,33,1,1,0,7,225.3516856593963
6,36,0,1,0,7,224.96310505107078
6,39,0,1,0,5,213.72379905861519
6,40,0,1,0,1,212.7359150816642
6,41,0,1,0,7,207.20341737243427
6,44,0,0,1,0,209.15548960146657
6,45,0,0,1,0,211.44836036622482
6,48,0,0,0,3,207.57134225306467
6,51,0,1,1,5,226.76058035497914
6,52,1,1,1,0,226.52566227757384
6,53,1,1,1,0,192.43782946251193
6,54,1,1,1,0,171.29226110098293
6,56,1,1,1,4,248.0563644933476
6,0,0,0,1,5,208.8331679902343
6,3,1,0,1,0,199.7102224195295
6,4,1,0,1,7,222.52487331214098
6,5,1,1,1,1,237.18000637776157
6,7,1,1,0,6,230.5343595996972
6,10,1,1,0,2,232.68788108408916
6,11,1,1,0,7,244.4647875558223
6,13,0,1,0,1,212.29535807961543
6,15,1,1,0,7,249.05862517507083
6,17,1,0,1,7,234.5971636590139
6,19,0,0,0,6,197.64800131410533
6,21,0,0,1,3,213.57682831590952
6,23,0,0,0,5,199.93603602289497
6,28,0,1,1,2,228.0732241440848
6,34,1,1,1,1,238.56270123857382
6,36,1,1,0,5,226.16443243530605
6,38,1,1,0,1,227.03721495837183
6,40,0,0,0,7,205.1722279573431
6,41,0,1,0,6,215.27398889156103
6,43,0,1,0,5,212.5800552465103
6,48,0,0,0,6,198.27857161244026
6,52,1,1,0,1,227.72016723407958
6,53,1,1,0,5,227.87417620194526
6,54,1,1,0,3,227.0183764117925
6,0,0,1,0,3,217.23582513521995
6,3,1,1,0,7,226.16332033014615
6,4,0,1,0,5,204.00745074981955
6,7,0,0,0,1,200.6849443783511
6,10,0,0,0,2,199.18799627232184
6,13,0,0,0,4,204.26787894210048
6,16,0,0,0,7,210.8372352071915
6,18,0,0,0,2,203.00537556579258
6,22,0,0,0,5,199.4503732769666
6,25,0,1,0,1,213.66499992035935
6,34,0,0,0,2,198.07214293102726
6,36,0,0,0,4,197.84785843707596
6,47,1,0,0,3,217.30734194834434
6,48,1,1,1,3,236.71128625841857
6,52,0,1,0,1,211.80737740824918
6,53,0,1,0,7,231.9175173664793
6,55,1,0,0,3,221.2136918144697
6,56,1,0,0,2,211.5561273551426
6,57,1,0,0,7,224.63067483009877
6,59,1,0,0,5,210.534293752945
6,9,1,0,0,3,200.85789875245612
6,12,0,0,1,3,210.67837680717503
6,13,0,1,1,3,224.41538531027905
6,17,0,1,0,5,220.53932342341358
6,20,0,1,1,6,220.09792427995828
6,21,0,0,1,5,213.72500052922805
6,23,0,0,1,4,209.75908881748862
6,24,0,0,1,2,215.89223325886553
6,26,1,0,1,6,237.06384673987728
6,28,1,0,1,3,229.06076964265884
6,29,1,1,0,7,242.30396186129812
6,30,1,0,0,1,214.67141713305895
6,31,1,0,0,6,218.92293638830398
6,34,0,1,0,4,213.04344387363034
6,35,0,1,0,2,212.78929142827155
6,39,0,1,1,1,227.15919509161597
6,42,0,0,1,7,211.53677223040958
6,52,0,0,0,4,196.6187782336393
6,5,1,1,0,7,242.1288435597371
6,17,0,1,0,7,228.1849788753431
6,20,0,0,0,6,200.69029546645515
6,21,0,1,0,0,209.20728721347703
6,22,0,1,0,0,210.38761008856176
6,23,0,1,0,1,213.96164270916842
6,24,0,1,1,6,239.37494620283374
6,25,1,1,1,0,221.5614026375113
6,26,1,1,1,5,245.16038915468704
6,29,1,0,1,0,227.33377606648355
6,30,1,0,1,7,223.3167643913589
6,31,0,1,0,4,216.51018926328547
6,32,1,1,0,2,231.50058927286585
6,33,1,0,0,2,214.7513099492583
6,34,1,0,0,1,211.90422113568252
6,35,1,0,0,0,210.04231015127823
6,37,1,1,1,3,243.39121325151314
6,50,0,1,0,3,209.33836998509895
6,52,0,1,0,3,210.8973848258506
6,2,0,0,0,7,209.76018105498832
6,5,1,0,1,7,228.82192709872848
6,21,0,1,0,7,221.1802490361813
6,22,1,1,1,5,242.6577858096979
6,26,1,1,0,3,228.00672530967472
6,27,1,0,1,2,228.98919846862233
6,31,1,0,0,0,212.237456588933
6,36,0,1,0,5,213.38112136455842
6,38,0,1,0,2,217.94607101632198
6,44,0,1,0,5,214.24187107372342
6,45,0,1,0,6,211.41905699229983
6,46,0,1,0,6,208.8907363563178
6,51,0,0,1,1,212.9355906834595
6,52,0,0,1,2,212.57489450593272
6,58,0,1,1,7,227.06571953475935
6,59,0,0,1,4,212.69039146143095
6,0,1,0,1,6,236.1871808620435
6,5,0,0,0,2,201.0946592704695
6,7,0,0,0,6,200.68555193526328
6,10,0,0,0,6,211.288583943545
6,11,0,1,0,7,215.13068491041398
6,13,0,1,0,7,229.3548317718192
6,14,1,1,1,0,200.37253576096577
6,17,1,1,0,0,229.55652123677478
6,22,0,0,1,4,208.58418234017802
6,31,0,1,0,2,215.9423968941146
6,41,0,0,1,3,214.35896201822817
6,42,0,1,0,6,212.83100822033293
6,48,0,1,1,2,229.97706571926935
6,53,0,1,1,1,227.15838536157577
6,57,0,1,0,4,210.12505586982272
6,58,0,1,0,5,210.415318697962
6,3,0,1,1,3,229.90900962494996
6,6,0,0,0,7,208.93832924438502
6,15,0,1,0,3,218.92881575046187
6,17,1,1,0,3,232.29007392428076
6,18,1,1,0,4,230.38230777866283
6,19,1,1,0,7,230.26521480365565
6,20,1,1,0,1,229.2241532379754
6,21,1,1,1,0,218.46378930176252
6,23,1,1,0,4,229.95285983925686
6,26,0,1,0,2,214.58860130972414
6,27,0,0,0,2,198.09650177325204
6,44,1,0,0,1,209.31174485825008
6,45,1,0,0,5,213.35879720358287
6,47,1,0,0,6,213.62227167105894
6,1,0,1,0,4,213.1004750404465
6,4,0,1,0,3,222.46136593803152
6,5,0,0,0,1,198.49795937752248
6,8,0,0,1,6,213.94669789796163
6,9,1,0,1,7,230.41794101480275
6,14,0,0,0,4,202.805938337013
6,17,0,0,0,3,204.3061024266544
6,19,0,1,0,1,215.5625491622516
6,20,0,1,0,6,217.33514121302892
6,28,0,0,0,1,201.53848140886714
6,30,1,0,1,5,238.1159987000266
6,34,0,1,0,5,222.17390644882062
6,35,0,1,0,7,227.70854122891197
6,40,0,1,0,6,212.47826246382604
6,41,0,0,0,1,194.72880642522307
6,42,0,0,1,0,211.62755061079142
6,43,0,0,1,4,212.49256853499963
6,46,1,0,0,6,221.53831578033422
6,47,0,1,0,6,211.85262284248628
6,53,1,0,0,7,224.46573122337932
6,59,0,1,0,7,209.2173422971002
6,19,1,0,0,1,213.93626773564122
6,20,1,0,0,0,212.6202646751535
6,21,1,0,0,0,211.78251150735477
6,22,1,0,0,3,214.9021484309629
6,23,1,0,0,7,211.38835114500745
6,28,0,1,0,0,211.12406876075966
6,29,0,1,0,0,211.10099120283306
6,32,1,0,0,7,225.62773753732367
6,33,0,0,1,1,214.21829516153352
6,36,0,1,0,4,214.46411903243308
6,38,0,0,0,1,198.34225653862487
6,41,0,0,0,5,194.91867056613285
6,49,0,0,0,1,198.16706800066234
6,50,0,0,1,4,213.21554547257017
6,51,0,0,1,4,216.3125182951532
6,56,1,0,1,7,223.2215150839993
6,58,1,0,1,5,226.6046433773642
6,59,0,0,1,0,208.76558981185684
6,4,0,1,0,1,211.61183387201947
6,7,0,1,0,0,213.41220476431747
6,8,0,1,0,4,215.73174909884037
6,10,1,0,0,6,216.04382704186622
6,12,1,0,0,6,216.4582776285006
6,13,0,1,0,2,218.6957719729076
6,23,1,1,1,1,234.0322731182143
6,26,0,1,0,4,214.00555653575125
6,27,0,1,0,5,215.89109587275024
6,30,0,1,0,2,215.99085976178006
6,31,0,1,0,3,216.51273235599817
6,33,0,1,1,3,227.24445871787464
6,44,1,0,1,0,216.9957288797715
6,45,1,0,1,5,227.032761266522
6,46,0,0,0,7,194.0767571278082
6,52,1,0,0,1,213.48930003064228
6,53,1,0,1,2,225.95201997041113
6,54,1,1,1,4,224.52966701509604
6,56,1,1,1,7,257.68875595560104
6,57,0,1,0,7,215.3390061993376
6,59,1,0,0,6,207.19262658743423
6,0,0,0,0,4,195.96068835578203
6,2,0,0,0,3,202.62073067388303
6,7,1,1,0,2,231.3941837346766
6,16,1,0,0,1,217.79848631078733
6,17,1,0,0,4,214.207430043661
6,19,0,0,1,5,217.48172156412605
6,22,0,1,0,5,213.81444012702104
6,23,1,1,0,6,235.8903805120476
6,24,1,1,0,3,234.36095734376363
6,28,0,0,0,3,201.15925352306746
6,29,0,0,0,6,203.64491133718786
6,40,0,1,0,7,215.0402294345289
6,46,1,0,0,5,212.4482164321345
6,50,0,1,1,3,237.52094171742016
6,53,0,1,0,3,213.9187192292243
6,54,0,0,1,0,212.62273655657418
6,56,0,1,0,4,213.6985054550498
6,58,0,0,0,5,197.24889034065038
6,59,1,0,1,7,238.1356401943933
6,42,1,1,0,3,228.4901271042987
6,44,1,1,1,1,213.20437257849224
6,45,1,1,0,1,226.5092017279859
6,46,1,1,1,6,207.27477612326072
6,47,0,1,1,0,226.4169904602639
6,50,0,0,0,4,202.9090237030104
6,54,1,1,0,4,227.52559420676323
6,55,1,1,0,4,227.31579615380733
6,58,0,0,0,7,211.2934431713053
6,3,1,0,0,5,214.95616830872265
6,5,0,1,1,5,229.75462222603156
6,6,0,1,1,5,223.8949078474909
6,9,1,1,1,4,241.33957623034507
6,10,1,1,1,4,243.58592162364596
6,11,0,1,1,1,227.6937047007878
6,16,0,0,0,1,205.2298688925392
6,17,0,0,0,5,202.84142756000247
6,18,0,0,0,7,207.6973993705639
6,20,1,1,0,4,230.95910428127982
6,23,0,0,1,5,210.54245400746356
6,24,1,0,0,6,217.0030816850539
6,29,0,0,1,6,222.39241389113116
6,30,0,1,1,1,228.3613798730882
6,34,1,0,0,5,214.16440287388963
6,44,0,1,0,4,221.46154502011507
6,47,0,1,0,5,211.30229442288226
6,49,0,1,0,5,215.7339649779805
6,53,0,1,0,2,214.1943070783291
6,55,0,1,0,0,212.17824413571196
6,57,0,1,0,2,212.79407881492116
6,42,0,1,0,0,210.06691058996475
6,46,1,0,1,0,209.53595580093724
6,47,1,0,1,0,225.2011269201425
6,48,1,0,1,1,229.21671508399461
6,51,0,0,0,3,212.3581088518988
6,53,0,1,1,7,237.96926325778486
6,55,1,1,0,0,226.3288939136735
6,58,0,1,1,4,227.50477676304925
6,3,1,0,0,2,212.05390474723023
6,5,1,0,0,5,216.69486764349136
6,8,0,1,0,5,218.8328498004276
6,10,1,0,0,5,217.2366304484104
6,11,0,0,0,7,212.19659359346832
6,14,0,0,0,6,205.34437361028588
6,16,1,1,0,5,228.50625010952146
6,18,1,1,0,7,238.45297044603808
6,20,0,1,1,5,229.35641593630834
6,21,0,1,0,4,215.95632486279382
6,23,0,1,0,6,208.22672786375907
6,26,1,0,0,5,214.26611143334682
6,29,1,1,0,5,232.17872476675367
6,30,0,1,0,4,213.72564417698192
6,36,0,0,0,5,195.1130150713384
6,40,0,1,0,3,212.5855909549958
6,54,1,0,1,4,225.63560718194674
6,0,0,0,0,2,195.79092887930403
6,2,0,1,0,5,216.75577444752676
6,3,0,1,1,4,227.1847617340825
6,6,0,0,1,6,220.4290573130089
6,9,0,0,1,0,212.92573589254232
6,10,0,0,1,4,212.69678095872143
6,12,0,0,1,2,214.85220705517355
6,13,0,0,1,6,218.08317427477826
6,14,1,0,1,4,215.8169178513851
6,15,0,0,1,3,217.89458306246968
6,20,0,1,0,5,212.79777702370913
6,21,1,1,0,2,229.46542428338498
6,31,0,0,0,5,199.75010184876527
6,45,0,1,0,5,209.34048108010006
6,48,0,0,1,5,212.43441405826675
6,57,0,0,1,7,209.2926853390417
6,0,0,1,0,7,211.27594630211092
6,13,1,1,0,6,231.8815328665435
6,17,1,1,0,6,229.30566415582126
6,24,0,0,0,3,201.1316165592471
6,25,0,1,0,4,213.31023365380767
6,32,0,1,0,6,218.29843416337133
6,34,0,0,0,5,198.27245612566614
6,35,1,0,1,1,227.58020470154997
6,37,1,0,1,0,227.15806015826126
6,38,1,0,1,6,234.69328815082224
6,56,0,0,1,4,211.2864196307802
6,0,0,1,1,0,226.08186977954708
6,1,0,1,1,0,227.309400393729
6,4,0,1,1,7,236.9034903672938
6,5,0,1,0,6,219.525224819554
6,8,0,1,0,7,223.8253278213312
6,9,0,1,0,6,218.9553860724193
6,15,0,0,0,5,206.2830578380671
6,20,0,1,0,3,212.31563466641916
6,27,1,0,0,1,214.09894583368296
6,28,1,0,0,3,213.624794752046
6,34,0,1,0,6,216.76319155757272
6,40,0,1,1,0,226.29056919116573
6,41,0,1,1,0,224.5690566023883
6,44,0,1,0,3,211.99413639933547
6,51,1,1,0,1,226.44431879128965
6,54,0,1,0,1,213.97445961007892
6,7,0,1,0,4,215.02359481638698
6,9,1,1,0,3,231.58057639233513
6,21,1,1,0,3,230.82547716630768
6,22,1,0,0,6,217.41159710839216
6,24,0,0,0,4,200.8507696804164
6,26,0,1,0,0,212.76119838336498
6,27,0,1,0,4,214.9680875028101
6,40,0,0,1,6,218.97430447671488
6,42,0,0,1,6,223.35980247643224
6,46,0,0,1,2,214.8246674222786
6,56,0,1,0,6,224.39190055104166
6,55,0,0,0,1,196.69652487642756
6,59,0,1,1,6,223.04456899540637
6,3,1,1,0,2,225.91591897421625
6,17,0,0,0,1,203.37887514863485
6,20,0,1,0,2,212.37133425350908
6,26,0,0,1,7,216.9715239979512
6,28,1,0,1,0,227.4512698048713
6,29,1,0,1,6,222.05440753125487
6,30,0,0,1,2,217.15533632714587
6,36,0,0,0,7,197.7871655109791
6,37,1,0,0,0,211.17942849994878
6,40,0,1,0,5,212.52556303804877
6,42,0,1,0,5,215.81468714749315
6,43,1,1,0,3,225.38692843527627
6,44,1,1,1,0,223.73416552728514
6,45,1,1,1,0,222.22250455435307
6,47,0,0,1,5,214.7100614776747
6,52,1,0,1,2,230.52677050329302
6,53,1,0,1,3,222.40955863177913
6,55,0,1,1,0,228.34977662539447
6,56,0,1,1,1,231.39693391983195
6,3,0,1,0,1,212.823183094596
6,11,1,0,0,6,214.85605168830813
6,14,1,0,0,1,215.07263665861697
6,17,1,0,0,3,214.55817123460267
6,18,1,0,0,2,218.35000019566155
6,20,1,0,1,5,228.3524718069548
6,21,1,0,0,1,211.8599173583361
6,30,0,1,1,7,232.71462253753958
6,33,1,1,0,4,228.1986331267252
6,38,0,0,1,0,213.31076935912205
6,39,0,0,1,3,215.0808969699865
6,43,0,1,0,2,211.54828618839852
6,44,0,0,0,4,196.59228053786842
6,45,1,0,0,1,212.85687389256404
6,55,0,0,1,1,214.70114771242407
6,56,0,0,1,6,215.2130143086039
6,57,1,0,1,7,224.36297267042258
6,58,1,0,0,1,207.6219323480053
6,24,0,0,0,7,206.28108694585404
6,25,0,0,1,5,215.64459206868523
6,28,0,0,1,6,214.44130026634355
6,32,1,1,0,0,227.7013907184789
6,36,0,1,0,1,213.09247099632654
6,42,1,0,0,7,206.48544540292082
6,51,1,0,0,4,213.52655666507354
6,55,0,0,1,6,211.95468159404714
6,56,0,1,1,6,236.0371369739186
6,57,1,0,1,2,228.35292720585338
6,58,1,0,1,4,226.4653139598565
6,0,0,0,1,4,212.00787861889225
6,3,1,1,1,5,225.87128392380117
6,11,0,0,0,5,200.22237869368342
6,12,1,0,1,0,220.7754907891374
6,15,1,0,0,2,217.29602704357347
6,16,1,0,0,7,216.2427891610074
6,22,1,1,1,3,244.82072544628153
6,23,1,0,0,1,215.02780314055147
6,24,1,0,0,4,216.86449991947234
6,33,1,1,0,2,229.73995286923133
6,34,1,1,0,2,231.20625954041614
6,35,1,1,0,6,232.3570536620934
6,40,1,1,0,2,225.5492806291991
6,49,0,1,0,2,217.93868979416507
6,54,1,0,0,6,216.45053620952427
6,3,0,0,1,5,212.4968166042488
6,7,1,1,0,4,228.7076410290167
6,10,1,0,0,3,217.56714030496505
6,12,1,0,1,3,235.4068847680899
6,15,0,0,0,7,215.31057390264291
6,16,1,0,0,5,213.04676874962783
6,19,0,1,0,2,215.88242429488594
6,24,0,0,1,7,226.48468907778476
6,28,1,0,0,5,223.0586768353126
6,46,0,0,1,4,215.31200604438982
6,47,0,0,1,3,214.12019207753008
6,50,0,1,0,0,211.37350349351766
6,56,0,0,0,2,196.86458179052278
6,1,0,1,1,3,238.3875498478666
6,2,0,0,0,5,201.58647886372373
6,4,0,1,0,7,213.58563846777716
6,6,1,0,1,6,226.12458998456276
6,8,1,1,1,4,216.80782424077802
6,10,0,0,1,6,213.25550302067504
6,12,0,0,1,6,212.5409112427897
6,20,1,0,1,1,231.58571839373363
6,22,1,0,0,2,213.13373649090914
6,27,0,0,0,4,198.1134144034312
6,35,0,0,0,4,197.00520855539582
6,36,1,0,0,4,212.34123076972378
6,39,0,0,1,6,214.0169369413296
6,40,1,0,1,6,228.36419952365142
6,41,0,0,1,6,212.06588251807742
6,42,1,0,1,1,210.95242352547123
6,43,1,0,0,0,210.65133050812904
6,44,1,0,0,5,209.546482693917
6,46,1,0,0,4,211.76633108092705
6,48,1,0,0,5,216.17423847109532
6,49,1,0,0,3,214.15243937783566
6,53,1,1,0,7,226.65492232835786
6,2,1,1,1,1,184.34855460526978
6,8,1,0,0,6,224.37143864846664
6,11,1,0,0,7,227.04664172206404
6,12,0,1,0,4,218.71329323775723
6,20,1,0,0,2,215.35566777611237
6,23,1,1,0,1,226.95417220611367
6,27,0,1,1,7,237.59363223604248
6,50,0,0,0,5,202.9760082765925
6,52,0,0,0,3,199.17987290547345
6,56,0,1,1,4,230.08575610395022
6,35,0,0,1,3,217.00674076582263
6,40,0,0,0,4,197.77364093881033
6,56,1,1,0,1,228.96145541103178
6,58,1,1,0,5,231.8324684931839
6,0,1,1,1,7,253.6082941450118
6,1,1,0,0,3,217.08995983541342
6,2,1,1,0,6,222.64831156525992
6,6,0,1,1,0,225.36467959507286
6,8,0,1,1,4,218.94689628474345
6,10,0,1,1,3,234.3788403752942
6,16,1,1,0,0,227.5638056278585
6,17,1,1,0,5,232.15689514669975
6,19,1,0,0,3,218.15535273219217
6,20,1,0,0,7,210.24151202493445
6,21,0,0,0,1,199.24124861272816
6,23,0,1,1,2,227.53266139573935
6,25,0,0,0,4,200.39917948872827
6,27,1,0,0,4,213.98394216289265
6,33,0,0,1,2,214.24513599535703
6,34,0,0,1,7,227.28858160366485
6,35,0,0,0,7,191.49272342167308
6,37,1,0,0,7,223.71088554967466
6,40,0,0,1,7,210.32198943333032
6,42,1,1,0,4,227.98244169557134
6,49,0,1,0,1,216.39538420276065
6,0,0,0,1,0,209.8747739686864
6,2,0,0,1,0,210.70767888649107
6,3,0,0,1,0,211.14033588806714
6,4,0,0,1,5,207.54958199308615
6,7,0,1,0,6,224.05883310757
6,13,0,0,0,6,210.36461580391352
6,21,0,0,0,5,198.76924544326306
6,29,0,0,0,4,201.86789773573793
6,45,0,0,0,6,190.0324795331543
6,50,0,0,0,6,199.10964192670875
6,53,1,0,0,2,214.59868574163454
6,54,1,1,0,1,227.27622204645033
6,0,1,1,0,4,225.52143788287748
6,2,0,1,0,3,215.3630416842323
6,4,0,0,0,4,197.1515635590947
6,13,1,1,0,3,231.7842115056181
6,14,1,0,0,4,216.7734797992705
6,22,1,0,1,4,228.03988473742297
6,31,1,1,0,3,233.99455214972372
6,37,1,0,0,2,216.08961769938298
6,38,1,1,0,4,229.20348219634565
6,39,0,1,0,2,214.01331376272154
6,41,1,1,0,1,224.1362939018302
6,42,1,1,1,7,238.37046579580337
6,49,1,0,0,7,211.39434071669402
6,56,0,0,0,4,197.9420290566502
6,4,0,0,0,6,199.05001121382986
6,8,0,0,0,4,197.6460898471527
6,11,0,0,0,6,198.6481483624288
6,12,0,1,0,7,216.5937018959839
6,15,0,0,0,1,203.57182611207298
6,24,0,1,0,1,214.9235742912509
6,25,0,1,0,3,212.96269850266788
6,26,0,1,0,7,212.73550402865203
6,29,1,0,0,3,215.07469613285775
6,33,0,0,1,5,217.22649948434304
6,34,1,0,1,0,223.9574479210568
6,54,0,1,0,6,226.72129244002934
6,55,1,1,0,1,227.91572334964334
6,56,1,1,0,4,229.1546309303279
6,58,1,0,0,3,207.32088526060033
6,0,1,0,0,3,209.57111972059352
6,2,0,0,1,4,211.09268392570235
6,3,0,0,1,7,208.26954408847527
6,9,0,0,0,3,195.6680190737198
6,15,0,0,0,2,203.5990767098858
6,20,0,1,1,7,234.33504167275905
6,31,0,0,1,7,225.64491204872314
6,35,1,0,0,2,213.7456467167184
6,36,1,1,0,6,229.19918109192514
6,39,1,0,1,0,227.488396924179
6,44,1,0,1,5,225.6356285552414
6,45,0,0,1,7,211.6647311440927
6,0,0,0,1,6,210.6651660498492
6,13,1,0,0,5,217.98876538994497
6,14,1,0,1,3,227.5966729425671
6,17,1,1,0,4,231.93286251858802
6,23,1,0,0,3,219.25032971591696
6,28,0,0,0,2,204.86942536099946
6,35,0,0,0,5,196.69145689079306
6,36,1,0,0,6,211.0870941084837
6,39,0,1,0,6,212.2670276856505
6,44,1,0,1,7,238.18850923614585
6,48,1,0,0,4,215.5819529851535
6,52,1,1,1,7,256.8155510074698
6,4,1,0,1,5,225.72662607249043
6,7,1,1,0,1,227.63877297762792
6,11,0,1,1,6,232.57943814041013
6,15,1,1,0,3,235.8438930209445
6,17,1,0,1,2,233.13300252210655
6,18,1,0,1,0,190.99573188229013
6,19,1,0,1,2,229.11405109324477
6,20,1,1,1,7,241.07451732706164
6,21,0,0,1,1,212.94190019635997
6,23,0,1,0,3,213.74806532615418
6,26,0,1,0,5,214.43597644675344
6,28,0,1,0,3,217.9935871953242
6,33,0,1,0,1,212.89877357513086
6,42,0,1,0,4,211.86781094199856
6,52,0,1,0,0,213.58382571862995
6,0,0,1,1,6,233.92942674333392
6,1,1,0,1,5,232.38650062947417
6,4,1,0,0,7,221.4359566807892
6,10,0,0,0,7,198.98426331195145
6,11,1,1,0,2,230.70478779572807
6,13,0,0,0,1,201.45364245356913
6,18,0,0,1,3,212.6924294587902
6,19,0,1,0,5,215.37134944835972
6,24,1,0,0,3,218.7851671974959
6,25,1,1,0,6,232.83714967619397
6,28,1,0,0,7,215.3398274827217
6,30,0,0,0,4,203.89128576300033
6,35,0,0,0,2,200.7688881661396
6,42,0,0,0,1,194.29470699213985
6,31,0,1,0,7,213.5947414914532
6,33,1,0,0,6,214.50104687801155
6,41,0,1,1,7,226.94403754087517
6,48,1,0,0,6,216.83280923868796
6,0,1,0,1,5,226.37492257688098
6,3,0,1,0,6,223.71890159653972
6,5,0,1,0,1,210.79469556000893
6,38,1,0,1,7,229.07543935464975
6,39,1,1,1,7,246.2310099975307
6,51,1,0,0,3,215.8582626540019
6,52,1,1,0,5,228.278030286994
6,56,1,0,0,3,215.54903727470418
6,57,1,0,1,4,225.62996554502575
6,0,0,0,0,5,197.66413767768267
6,3,0,0,1,1,213.37742340770168
6,24,0,0,1,1,213.65395889006442
6,27,0,1,0,1,212.9309428209997
6,29,0,0,1,1,215.77688723977784
6,40,1,0,0,5,212.8425810623778
6,52,0,1,0,4,213.8545325851199
6,0,0,1,0,6,215.20444966344337
6,5,1,0,1,0,223.41755545543674
6,6,1,0,1,1,226.92103178322756
6,7,1,0,0,3,217.33736200384442
6,8,1,0,0,7,212.50371200560406
6,9,0,1,0,4,218.4898057671629
6,10,0,1,0,0,213.0410847556827
6,15,1,0,0,3,217.93519052863803
6,18,0,1,0,1,216.6933307189612
6,20,0,1,0,4,213.27205606437627
6,22,0,1,0,6,215.6186997383302
6,30,1,0,0,5,220.19428094060356
6,31,1,0,1,2,231.81817170130333
6,46,0,1,1,1,227.5049066839605
6,16,0,1,0,0,216.31274769247307
6,40,1,0,0,7,212.9709984746093
6,44,1,1,1,4,242.50982054128283
6,48,0,1,0,2,220.4095375415522
6,54,0,0,0,6,192.78799957757067
6,5,1,0,1,4,229.15963047291893
6,6,0,0,1,4,213.42959746723525
6,9,0,1,0,1,217.6632682307702
6,17,1,0,1,1,231.1271140662824
6,18,1,0,0,0,214.44847740996272
6,19,1,0,0,6,217.79330694429495
6,20,1,1,0,0,227.30834397710734
6,22,1,0,1,6,232.3187489108403
6,25,0,1,1,6,238.2310546509871
6,26,1,0,1,7,235.25857038328735
6,27,1,0,0,0,212.38760783361047
6,31,1,1,0,4,230.9629815976305
6,34,0,0,0,6,198.2589387262448
6,41,1,1,0,4,227.38964058414
6,51,0,1,1,1,226.57041755108634
6,13,0,1,0,6,221.0996519025616
6,16,1,0,0,2,216.4287505253381
6,24,0,0,0,6,201.64603891950802
6,34,0,0,1,3,212.85348951793608
6,0,0,1,0,4,210.10485297601198
6,2,0,1,1,5,229.67459605695944
6,4,1,1,0,1,229.83133068146157
6,6,1,1,1,0,232.03124012458434
6,7,1,1,1,7,255.72797000642586
6,9,0,1,0,7,227.2153865217078
6,14,0,1,0,2,217.0408838872188
6,17,0,1,0,1,217.24289598162267
6,21,0,1,1,1,227.61552957121873
6,28,0,1,1,5,228.10970748105606
6,29,0,1,1,4,229.23921564143234
6,30,0,1,1,5,228.46883726512672
6,32,0,1,0,1,214.7902989717058
6,35,1,0,0,1,212.7297724325071
6,36,1,0,1,0,222.51785187529435
6,38,1,0,1,4,232.14190582931877
6,56,1,0,0,0,208.94095295649674
6,0,0,1,1,4,226.86189763750752
6,1,0,1,1,5,227.49865033910874
6,4,0,0,0,1,197.95379730891887
6,6,0,0,1,3,218.33904587479506
6,7,0,0,1,3,213.09281839788952
6,8,0,0,1,1,214.63401566135138
6,9,0,0,1,1,213.33658064480034
6,33,0,1,1,5,232.52265586649594
6,37,0,0,1,6,212.87528876245102
6,38,0,1,1,6,227.8713340508951
6,40,0,1,1,2,228.08819915701406
6,49,0,0,0,2,199.35663180673356
6,53,0,0,1,5,211.98088425755543
6,13,1,0,0,6,214.70624256761062
6,16,1,1,0,7,243.8895586944181
6,26,0,1,1,0,227.17801989521425
6,37,0,0,1,2,211.92795901361816
6,38,0,1,1,2,228.72371525675428
6,40,0,0,1,4,214.2013012385824
6,41,0,0,1,7,219.73133481108658
6,57,0,0,1,6,212.37511601300793
6,59,1,0,0,1,209.43485445497328
6,5,0,0,0,3,204.67544675404991
6,6,0,0,0,6,197.64212983988398
6,13,0,0,0,3,203.81170587177363
6,14,0,1,1,0,226.837457566444
6,15,0,1,1,1,230.27699080549036
6,32,1,0,1,7,229.47526189921464
6,33,0,0,1,4,212.93375823902323
6,42,0,0,0,5,194.116905733715
6,50,0,0,1,7,213.93087931082547
6,58,1,0,1,1,226.84465133360857
6,59,1,0,1,4,219.1240900041418
6,0,1,0,1,7,224.54239691009
6,8,0,0,0,6,209.26072539614427
6,18,1,0,0,1,217.06953417025903
6,22,0,1,0,1,211.6099347247208
6,24,0,1,1,5,234.79615035421688
6,26,0,1,1,2,231.95707532616984
6,41,1,1,1,0,228.47258425417397
6,45,0,0,0,2,196.4330565817262
6,46,0,1,0,3,210.66462075100677
6,54,0,1,0,2,210.1627954271791
6,58,0,0,0,3,199.56778926722797
6,6,1,1,0,0,227.08003501736277
6,8,0,1,0,3,215.4055103586048
6,10,1,1,0,4,229.3813466656941
6,18,1,1,0,2,230.90496954943438
6,31,0,1,0,1,213.46752649800752
6,32,0,1,0,5,218.30711626064996
6,33,0,1,0,4,212.71416284044017
6,36,1,0,0,5,213.29510449328075
6,40,1,1,0,1,226.71302243713217
6,41,1,1,0,2,227.68811675307376
6,55,1,1,1,4,243.44894683685604
6,58,0,0,1,6,221.8757706182558
6,59,1,1,1,3,256.3123583922244
6,18,0,0,0,5,203.64129980291827
6,23,1,0,0,5,214.8542013017593
6,27,0,0,0,3,202.76874494236313
6,34,1,1,0,7,231.72183306084847
6,36,0,1,0,3,214.46987482011562
6,41,0,1,0,2,212.0786327941596
6,42,0,1,0,7,213.2896208851963
6,46,0,0,0,2,198.23948224424848
6,52,0,1,0,6,228.36101970729794
6,57,0,0,1,2,211.9097366436518
6,3,1,0,0,1,214.48341488968512
6,9,0,0,1,6,215.39247296603685
6,14,1,1,0,5,231.24108630220195
6,19,0,0,0,7,211.78619717079044
6,33,1,0,0,7,226.1303886790215
6,37,0,0,1,0,210.00543303470275
6,38,0,0,1,6,212.94518727602087
6,43,0,1,0,3,211.84136594423757
6,44,0,0,0,5,195.46929711498046
6,45,1,0,1,0,193.69169326946485
6,48,1,0,1,3,221.79555482568082
6,49,1,0,0,4,213.16909570048105
6,12,1,0,0,7,210.76629414671277
6,21,1,1,0,4,234.14245121887794
6,22,1,1,0,4,227.20820044999854
6,24,1,1,0,4,230.40755387901683
6,29,0,1,1,7,225.1640171029609
6,41,1,0,0,0,209.34396716120088
6,42,1,0,0,6,216.55253791731008
6,43,1,0,0,7,213.75610416426457
6,59,1,1,0,4,222.83978129341693
6,1,0,1,0,2,216.34675246152148
6,13,1,0,0,4,202.14887391265424
6,23,0,0,1,2,211.725007685336
6,24,0,1,1,0,228.15035040426633
6,26,0,1,1,7,242.37275868696366
6,30,1,0,1,1,222.9118306913569
6,33,1,1,1,0,231.29226518883306
6,39,0,1,0,1,212.75092094149042
6,41,0,1,0,5,211.9740077065069
6,50,0,0,1,2,212.99376772827014
6,58,0,1,0,6,224.15031392547135
6,59,0,0,0,2,197.89744477553307
6,0,0,1,0,5,212.8540369822426
6,2,0,1,0,0,210.8554983158907
6,3,0,1,0,5,207.82548793038657
6,14,0,1,0,7,212.5087863401486
6,16,0,1,0,3,219.98837661681378
6,18,0,1,0,4,214.32240765842474
6,21,1,0,0,3,215.0771625108877
6,23,1,1,0,5,230.92159125622865
6,33,0,0,0,6,198.96684675255818
6,43,0,0,0,5,193.35466556106098
6,44,1,0,0,3,209.4682721329748
6,49,1,0,1,1,223.23924305857295
6,50,1,0,0,2,214.60343258115282
6,56,1,1,1,1,237.8078493612244
6,57,1,1,0,2,226.37350597998602
6,59,1,0,0,2,209.4856879854056
6,3,1,0,1,6,220.5706737446452
6,4,1,1,1,7,216.67564960472734
6,17,0,0,0,4,203.39973030015872
6,22,0,1,0,2,211.7874751042836
6,29,1,0,0,2,214.75391966282547
6,55,1,0,1,3,231.42411257890956
6,3,1,0,0,6,212.51198376749687
6,5,1,0,0,2,216.8519437950598
6,7,1,0,1,4,207.8946727231173
6,9,0,0,1,5,210.42259635015364
6,10,1,0,0,1,213.7302487592425
6,24,0,0,1,6,208.33371735736523
6,26,1,0,0,1,213.5761676880627
6,28,0,0,1,4,214.19507827434956
6,30,0,1,0,6,210.15337915578814
6,34,0,0,0,4,198.6821086525446
6,38,0,0,1,7,220.28052564828297
6,40,1,1,0,6,225.39854125286817
6,40,0,1,1,7,224.99554161072044
6,53,1,0,0,3,215.4088920516339
6,17,1,1,1,0,230.81818703569144
6,18,1,1,1,0,241.18257893471852
6,19,1,1,1,4,236.11453510955374
6,20,1,1,1,6,253.6773346459289
6,25,0,0,0,6,200.18008907696694
6,28,1,1,0,2,228.49429696693102
6,36,1,1,0,1,229.27292646176548
6,40,1,0,1,1,216.59170817162638
6,47,1,1,0,2,228.816342737924
6,57,0,1,1,7,226.91436063682534
6,0,0,0,1,2,210.5691339009101
6,3,0,0,1,4,211.89195625407424
6,5,1,0,0,6,217.8575974410224
6,11,0,0,0,3,200.15667228470977
6,25,1,0,0,4,216.36515382857374
6,27,1,0,0,6,209.40342399967918
6,28,1,1,0,0,227.64073934203242
6,43,0,1,0,6,221.5872653678768
6,44,1,1,0,6,238.84957557317628
6,49,1,1,0,1,226.4854155739945
6,50,1,1,0,6,228.4185141556733
6,51,0,1,0,7,213.0804977919019
6,54,1,0,0,4,211.8664319930216
6,58,1,0,0,5,208.4214749148836
6,0,0,0,0,7,207.82338253414449
6,13,1,0,0,0,214.65751609981183
6,20,1,0,0,6,217.99271017414418
6,21,1,0,0,6,218.8111698290814
6,22,1,0,0,4,213.91064115779346
6,28,1,0,0,0,212.5951891417408
6,37,1,0,0,1,212.59026639150255
6,38,1,0,0,3,215.4190695227578
6,39,1,0,0,7,218.71398684261337
6,40,0,1,0,4,211.10354262797753
6,43,0,1,0,7,213.85022602793342
6,48,1,1,0,3,227.69742615654002
6,50,1,0,0,6,207.97494645926398
6,9,0,0,0,1,197.34759971209016
6,10,0,0,0,5,199.56054698663235
6,24,1,0,0,5,214.93251871885454
6,26,1,0,0,3,222.20654803174213
6,30,0,1,0,1,215.73793573605275
6,38,1,0,0,4,214.70933209422637
6,48,0,1,0,6,212.49348054982215
6,55,0,1,0,7,227.5750826589997
6,10,1,0,0,2,216.03794899179806
6,12,0,1,0,1,217.53517824973358
6,14,0,0,0,7,214.2431741602092
6,16,0,0,0,4,201.6614069848673
6,26,0,0,1,5,215.97024417943675
6,36,0,1,0,2,214.21644228787517
6,52,1,0,0,6,211.49110177783257
6,55,1,1,0,2,228.21064793184948
6,56,1,1,0,6,228.35663740700048
6,59,1,1,0,3,212.4668009352975
6,1,1,1,1,3,233.42582762325569
6,34,1,0,0,2,215.07639950588515
6,53,1,1,0,4,226.57291380429555
6,2,0,0,0,4,197.32024433884638
6,7,1,1,0,3,230.44918557096767
6,8,1,1,0,2,230.6714349917717
6,11,1,0,0,2,215.2905252746844
6,19,0,1,0,7,208.7789546577075
6,30,0,1,0,5,214.94994367755925
6,56,0,0,1,1,213.3455637764744
6,58,0,1,0,3,214.42151520162102
6,59,0,1,1,3,227.31796219667834
6,2,1,1,0,7,237.02958114301387
6,3,0,1,0,3,214.79993189729763
6,9,0,1,0,3,217.6037279150959
6,29,0,1,0,1,212.41789215186114
6,39,1,1,0,5,227.60922741638606
6,45,1,0,0,7,212.00236733395437
6,3,1,1,0,0,225.92286624744338
6,5,1,1,0,4,233.7662307948057
6,7,0,0,0,3,200.16649763822488
6,12,0,1,1,2,231.44296471349654
6,14,0,0,1,1,216.64553254705058
6,21,1,1,0,7,235.59162777596038
6,23,0,1,0,5,209.69537800707346
6,49,1,0,0,1,210.72339097257068
6,55,0,1,1,7,242.74230833197834
6,6,0,0,0,3,198.68911222823084
6,19,1,1,0,2,229.81571505260624
6,22,1,1,0,7,240.08935152547178
6,27,0,0,1,2,215.4074206566856
6,32,1,1,0,5,230.69528496573827
6,36,1,0,0,1,211.76506072310423
6,39,0,0,1,0,212.27307616417423
6,40,0,0,1,2,214.6062806569368
6,41,0,1,1,6,232.80494842484836
6,55,0,0,1,3,212.8031340104965
6,1,0,1,0,5,212.97779507458677
6,6,0,0,1,7,211.8476049540136
6,17,0,1,0,3,220.76387865792327
6,19,1,0,0,5,218.16273239090654
6,24,0,1,0,4,212.0953191342716
6,28,1,1,1,7,240.20719430003703
6,31,1,1,0,6,239.8899061776932
6,32,0,1,0,2,219.358995116982
6,37,0,1,1,7,230.26744025668154
6,41,1,1,1,2,242.9453210926717
6,49,0,1,0,6,216.84103520885296
6,50,1,1,0,2,230.09816657519687
6,53,0,1,0,4,213.14810136334114
6,4,1,1,0,6,233.7693162219154
6,8,0,0,0,1,199.02439145516428
6,22,1,0,1,2,231.72834363861637
6,24,1,0,1,3,232.56220030280207
6,46,0,1,0,2,211.8291575962593
6,51,0,1,0,5,226.0995605019312
6,5,0,1,0,5,215.06978966184735
6,6,0,1,0,4,216.10608077573585
6,19,1,0,0,7,222.51040251119886
6,29,0,0,1,3,218.2020968705688
6,30,0,1,1,2,228.57225423768102
6,31,0,0,1,6,213.35015818637464
6,45,1,1,0,2,227.0278280584073
6,41,0,1,0,4,211.8108047702964
6,45,0,1,1,6,219.27652793938205
6,46,1,1,1,1,210.5176957383652
6,47,1,1,1,6,201.66640086316943
6,48,1,0,1,7,228.77568042609943
6,53,0,0,1,7,210.9231663672449
6,5,0,0,1,6,215.05094863035868
6,8,1,0,0,5,209.89045737317616
6,12,0,1,1,5,230.28127527288126
6,19,0,1,0,3,215.56768990393212
6,21,0,1,0,1,212.8401927016119
6,46,0,0,1,6,214.47506359436247
6,48,0,1,1,6,225.6432410121105
6,49,0,0,1,0,211.79297918384032
6,53,0,1,0,5,208.76190809981816
6,57,1,0,0,1,209.6535613900348
6,9,0,1,0,0,214.31786920388686
6,10,0,1,0,5,219.53908533422737
6,22,0,0,1,7,211.07787838170222
6,24,0,1,1,4,229.7958576373553
6,36,1,0,0,2,214.73644754515155
6,37,1,1,0,3,234.26442388278753
6,38,1,0,0,5,215.71401118661126
6,39,1,0,1,5,228.59511019904267
6,52,1,0,0,5,212.83282358200006
6,2,0,1,1,2,231.1182126514024
6,5,1,1,0,5,231.75865698781277
6,10,0,1,0,7,224.2414855926552
6,11,1,0,0,4,214.68869743272424
6,14,1,0,1,1,224.39884349653033
6,21,0,1,1,7,238.05286531627826
6,23,0,1,0,7,213.2871452440187
6,26,0,0,1,1,213.95156115301575
6,30,1,1,0,5,232.9706563950063
6,31,0,1,0,0,215.14402175856756
6,45,1,1,0,6,223.8614610666732
6,49,1,0,1,6,232.58865148074938
6,37,0,0,1,1,210.2492611158067
6,46,1,0,1,6,236.423177678761
6,47,0,1,1,7,229.43396192862824
6,1,0,0,1,7,220.68976343892717
6,3,0,0,0,6,191.62922019916226
6,15,0,0,1,4,214.19951925187237
6,17,0,1,0,4,219.9432064886454
6,23,0,0,0,7,194.83242629393087
6,24,0,1,0,7,219.39591534466723
6,28,1,1,0,6,231.61707698248338
6,38,0,1,0,0,210.5012686357395
6,39,0,1,0,4,211.0162046362759
6,44,1,0,1,4,225.65817938400258
6,55,1,0,1,0,228.1729299687681
6,56,1,0,1,0,208.0714484219406
6,57,1,0,1,1,227.56724255103325
6,2,1,1,0,1,225.0756456954081
6,3,1,1,1,1,180.60895002995719
6,7,1,1,1,5,243.7348733223049
6,11,1,0,1,0,237.72827315830924
6,19,1,0,0,2,217.19377822159367
6,21,1,0,0,2,215.31873816595728
6,37,1,1,1,7,244.72484096515043
6,43,0,1,0,4,212.91694454691242
6,55,1,1,0,5,228.66304221975486
6,1,1,0,0,5,202.70823378060842
6,13,0,0,0,2,201.62778453088268
6,17,1,0,0,5,212.98516764229316
6,18,1,0,1,5,226.87739031420475
6,24,1,0,0,7,213.83521884950522
6,33,0,0,0,1,198.01848565077898
6,37,0,1,0,3,214.1634351290575
6,40,1,0,1,7,232.0003934007393
6,56,1,0,0,4,210.2847452588323
6,57,1,0,0,5,209.7562972677172
6,2,0,1,1,1,231.29394196150835
6,7,1,0,0,2,214.0906710528737
6,12,1,0,0,3,217.08854828700098
6,21,0,0,1,7,212.31496184270765
6,22,1,0,1,7,237.90930238155886
6,27,1,0,1,1,231.8236071252132
6,37,0,0,1,4,213.31086757702565
6,27,0,1,0,2,214.77663027441602
6,38,0,1,0,4,211.5275532122373
6,58,1,0,0,4,208.11671354752988
6,9,0,0,0,4,199.54012267842018
6,12,1,1,0,5,230.51057068739053
6,26,1,0,0,7,214.09123896069505
6,27,1,1,1,2,209.31943586235434
6,45,0,1,1,5,227.76744810534197
6,46,0,1,1,3,236.95220912379966
6,49,1,1,0,0,225.95400994319874
6,54,1,0,0,2,216.02769295413333
6,57,1,0,0,6,212.86781050873367
6,0,1,0,0,6,216.29649036118082
6,21,0,0,0,7,199.30787185442603
6,22,1,1,0,5,228.75014940669925
6,26,0,1,0,1,214.397163605204
6,28,1,1,0,4,230.32498118045092
6,35,0,0,1,2,215.0241743252841
6,37,0,1,1,3,228.75682007646512
6,41,0,1,1,3,228.35077237623292
6,49,0,0,0,5,197.54591443918073
6,54,1,1,1,7,260.52091403486105
6,1,0,1,0,7,210.33843012170865
6,4,0,0,1,1,211.6035935505828
6,14,0,0,0,2,202.86198463425853
6,18,0,0,0,3,199.9581781785905
6,39,0,0,1,5,216.1229505200057
6,45,0,1,1,1,228.06555344213683
6,1,0,0,1,3,213.46951844536915
6,8,0,1,1,5,222.45829172208636
6,10,0,0,1,3,214.0897267713189
6,11,0,0,0,4,199.84272121772239
6,12,0,0,0,7,200.1977978661758
6,17,1,1,0,7,228.59282042438088
6,48,1,0,0,2,216.89506449427657
6,49,1,0,0,6,211.13211026818217
6,50,1,0,0,1,212.02059184906526
6,51,1,0,1,4,226.2776880210698
6,52,1,0,1,6,232.84402019396444
6,53,1,1,1,4,213.28004255500093
6,56,0,1,1,5,229.25163552292892
6,2,0,0,1,5,210.40485390574077
6,19,0,0,0,4,202.92106247838686
6,44,0,1,0,0,209.23828706922927
6,51,1,1,0,6,225.74541633122544
6,52,1,1,0,7,228.87718079541688
6,9,1,0,0,0,213.33386144587473
6,13,1,1,0,1,229.31475923640767
6,15,1,1,0,0,230.4826055083321
6,30,0,0,1,5,218.0649082440677
6,41,1,1,0,7,233.300036105131
6,46,0,1,0,7,226.0473058843182
6,32,0,1,0,7,222.4367245955429
6,44,0,0,1,3,209.6155975949022
6,0,1,1,0,3,228.61848279178793
6,10,1,0,1,6,227.85535446905317
6,11,1,1,1,0,221.00375232518294
6,12,1,1,1,0,235.55951057433344
6,13,1,1,1,3,233.35685593620894
6,14,1,0,0,5,216.04040564169404
6,17,1,1,0,1,230.41325483464652
6,18,1,1,0,6,232.48581893624794
6,40,1,1,0,5,225.65019538957873
6,56,0,0,0,1,199.51491413245435
6,2,0,1,0,4,213.49407729512384
6,4,0,0,0,5,201.8474232271115
6,9,1,0,0,4,214.00820773935754
6,14,0,0,1,4,211.02558097182273
6,19,0,1,1,5,229.97258463725976
6,22,0,1,0,7,211.30080068991825
6,24,1,1,1,0,123.64550486866538
6,26,1,1,1,7,244.1367233512936
6,42,0,0,0,2,194.46233408175584
6,54,1,0,1,2,223.08249673989923
6,0,1,1,0,5,225.5927617235263
6,3,0,0,0,7,200.5705177036061
6,5,0,0,0,5,199.95375915716085
6,12,0,1,0,5,216.28551909006376
6,18,0,1,0,5,216.8521565549649
6,30,1,1,1,4,243.15823213472524
6,32,1,1,1,0,236.21765304611375
6,33,1,1,1,4,217.4039506492539
6,35,1,0,1,4,223.31950164645272
6,36,1,0,1,3,227.72910208060074
6,40,0,1,1,5,227.5045062977991
6,46,1,0,0,7,213.03268596584678
6,58,1,0,0,0,207.99224325454705
6,6,0,0,0,1,201.28075383927697
6,9,1,0,0,5,214.05124095261817
6,11,0,0,0,2,199.87267551363863
6,25,1,0,0,2,213.86838040916385
6,27,1,1,0,7,232.04556255827563
6,28,0,1,1,1,227.9655791529075
6,32,1,0,1,2,232.80559594773592
6,33,1,0,1,4,229.15645440955134
6,34,0,0,1,2,213.60011234876944
6,50,0,0,1,6,210.9449876959379
6,6,0,1,0,7,227.30848294319287
6,26,1,0,0,6,214.39836011368274
6,34,0,1,0,0,212.54384008386796
6,38,1,0,1,5,224.96118685930986
6,39,1,0,1,2,223.9892411815534
6,43,0,0,1,7,210.27972670507273
6,46,0,0,1,7,228.42253094600252
6,55,1,0,0,4,212.8758338557922
6,3,0,0,1,2,212.4829411088706
6,4,0,1,1,0,226.61080389899814
6,17,0,1,0,6,216.91073372752354
6,33,0,0,0,7,210.57405745260036
6,44,1,1,0,1,226.79391669712874
6,48,1,0,1,2,223.50843227781246
6,5,0,0,1,4,216.9751402057144
6,28,0,1,0,1,214.86730179940957
6,32,0,1,1,4,221.5573805292154
6,33,0,1,1,2,229.4034669491966
6,40,0,1,1,4,227.89047172230204
6,52,0,0,1,7,231.10607435811087
6,15,0,1,0,0,216.28968935722645
6,28,1,1,0,3,231.7057195995739
6,31,1,1,1,6,216.57514315488584
6,32,1,0,1,6,228.33026445071386
6,33,1,0,1,7,230.83337406279014
6,43,0,1,1,6,229.87436095117798
6,0,1,0,0,4,213.2693704832524
6,10,0,1,0,3,217.91187234416594
6,13,0,0,1,3,217.9624882484368
6,1,0,1,1,1,226.15357233337585
6,2,0,1,1,4,229.11776380063634
6,30,0,1,0,0,212.11640629655872
6,41,1,0,0,5,212.01843403702202
6,50,0,1,0,5,216.88395826555947
6,0,1,0,0,5,212.18550856948474
6,3,0,1,0,7,217.41711939221415
6,5,1,0,1,2,228.38748687584703
6,6,1,0,1,5,216.06975874978377
6,19,1,1,0,1,229.6493487875278
6,25,0,1,0,6,216.6836101739575
6,56,0,0,1,2,212.31856415441476
6,57,0,1,1,4,229.8687352817485
6,1,1,1,0,2,229.9058169291227
6,9,0,0,0,7,214.05880873704228
6,12,0,1,0,6,217.24218388007176
6,14,1,1,0,4,235.4039231696317
6,15,0,1,0,5,217.51842897629322
6,16,1,1,0,3,232.48713995833276
6,18,1,1,0,1,228.5246923514731
6,21,1,1,0,6,233.617594471128
6,31,1,1,0,7,231.51701275730227
6,40,0,0,0,5,198.02980882938806
6,43,0,0,1,1,212.73867395233685
6,56,1,0,0,6,212.8690032191563
6,4,1,0,0,1,214.70334677181205
6,6,1,0,1,3,196.6481105852965
6,10,0,0,0,4,199.91959256212817
6,12,1,0,0,2,216.87488758314782
6,14,1,1,0,7,247.65080315353094
6,15,0,1,0,6,218.34558290094324
6,22,0,1,1,5,227.30832403234461
6,24,1,0,0,2,216.87665468292064
6,3,0,1,0,2,215.24674353659947
6,9,0,0,1,3,216.24963460730726
6,11,1,0,0,3,215.257300415698
6,29,0,1,0,4,212.4573767660479
6,43,0,0,1,2,214.97524891452403
6,44,0,0,1,6,211.23233907525463
6,46,0,0,1,1,209.9124326599509
6,16,1,1,0,2,230.65799147511697
6,22,1,0,0,0,212.71692086248814
6,23,1,0,0,2,215.03840160357134
6,26,1,1,0,2,227.9497832984481
6,29,0,0,1,5,212.62775112405743
6,36,0,1,1,3,237.23352134249313
6,49,0,0,1,5,213.29542378856922
6,54,1,1,0,0,225.23966464386078
6,14,0,1,0,5,216.69670342573053
6,20,0,0,0,2,201.16087455309997
6,22,1,1,0,6,229.37324344261148
6,36,0,0,1,6,216.36648348639912
6,37,0,0,1,3,212.96733520111675
6,4,1,0,0,5,215.21137392490056
6,10,1,1,0,1,230.39310095868242
6,11,1,1,0,1,229.69704578099206
6,56,0,1,1,2,229.87782430905
6,3,1,1,0,6,235.77843453013242
6,14,0,1,1,2,232.6021684482003
6,15,0,1,1,4,230.49994753119913
6,16,0,1,1,0,225.55001407765513
6,17,0,1,1,7,224.28667778915175
6,21,0,0,1,4,209.81633239753654
6,30,0,0,0,6,204.41953927787966
6,37,1,1,0,4,231.21056620463088
6,59,0,0,1,6,220.9825561628181
6,12,1,1,0,2,232.12047280480456
6,17,0,0,1,6,221.4884427731712
6,23,0,1,1,6,228.6319697803238
6,25,1,1,1,2,217.6931283330117
6,28,1,0,0,6,216.45344851104622
6,32,0,0,0,4,199.2833920250231
6,37,0,1,0,5,209.57808427276998
6,53,0,0,1,0,210.95177748652264
6,59,1,0,0,3,208.0271542700088
6,3,0,0,0,5,203.67463834204125
6,6,1,1,0,2,228.8131969512724
6,11,1,1,0,4,229.72061611254586
6,19,0,0,1,0,212.0926079484148
6,20,0,0,1,2,214.01582585156646
6,29,1,0,0,1,214.57100235662404
6,39,1,0,0,3,211.98851296368048
6,43,0,1,1,5,220.35476551058764
6,55,1,1,1,7,257.82489887482853
6,58,0,0,1,3,215.97022392728715
6,14,1,0,0,7,229.1288577170058
6,21,1,0,0,7,215.36131090889893
6,38,1,0,0,1,212.51018606168176
6,41,0,1,0,3,209.95729160494164
6,42,0,1,1,7,231.0600803892417
6,1,0,0,0,3,207.91551820476766
6,4,1,0,0,6,218.49462299087853
6,18,1,0,1,2,223.75948645877588
6,19,1,0,1,1,228.0552938797031
6,20,1,0,1,6,226.7954470762815
6,21,1,0,1,6,231.00769460465352
6,34,1,0,1,4,229.52932982613513
6,41,0,0,1,1,209.27498464857374
6,52,1,0,1,7,244.2831679892137
6,0,0,0,1,7,213.01361161529857
6,3,0,1,1,2,232.69007704663937
6,20,1,0,1,4,229.49032271459495
6,23,1,0,1,5,219.7365192150914
6,29,0,1,1,2,231.82529994464534
6,30,0,1,1,3,238.49013041194866
6,48,0,1,0,1,213.0238035954896
6,57,0,0,1,5,221.00580411234805
6,31,1,0,1,5,229.53266497213778
6,34,1,1,1,3,231.54248549943375
6,42,1,1,1,2,219.98975782519432
6,43,1,0,1,1,227.78311749321966
6,51,0,1,0,1,212.2798123119461
6,53,0,1,1,3,227.80873084140373
6,55,0,0,1,5,215.22661618506885
6,16,1,0,0,4,217.70613572982128
6,32,0,0,1,6,211.79100741736752
6,33,1,0,1,5,224.98488987863308
6,47,0,1,1,3,226.55199804123785
6,49,1,0,1,3,228.0582767040437
6,51,1,0,0,6,226.77121976905568
6,4,1,1,0,3,227.19152065780114
6,5,1,1,0,3,231.28696772840124
6,23,1,1,0,2,229.86834425976593
6,25,1,1,0,4,221.85104885461953
6,43,1,0,1,2,228.51946791895662
6,55,1,0,1,1,229.05919633552435
6,7,0,0,1,2,213.0086096418317
6,15,1,0,0,4,217.83909751720003
6,20,1,1,0,3,229.8470087968606
6,22,1,0,0,1,214.2078985761029
6,23,1,0,1,6,229.70223189183343
6,24,1,0,1,2,232.4163460896929
6,25,1,0,1,6,226.07389523186615
6,26,1,0,1,5,231.55203950021564
6,59,0,1,0,1,207.65274217218763
6,58,1,0,1,6,234.70268100259176
6,10,1,0,1,4,209.24549685343513
6,13,0,0,1,7,215.19440645222625
6,21,1,1,0,1,228.07047852936697
6,37,0,1,0,1,214.49579148506854
6,46,0,0,1,0,208.68984574492188
6,55,1,1,1,3,246.85299810756618
6,57,1,0,0,4,209.93047235313017
6,5,0,0,0,4,200.26295515249745
6,26,1,1,0,4,227.70919638643673
6,33,0,0,1,0,215.1748996917593
6,43,1,0,0,5,210.04335316570885
6,48,0,1,1,5,229.1947597435261
6,4,0,0,1,4,212.78007600526007
6,6,1,0,0,1,214.28261216877078
6,7,1,0,0,5,214.22603140138412
6,19,1,1,0,0,228.55310005171864
6,20,1,1,0,5,231.93475529693745
6,26,1,1,0,5,236.2708040382734
6,35,0,1,0,5,213.19473173188922
6,47,1,0,0,1,213.12606836760455
6,57,0,1,1,6,231.0216525470363
6,0,0,0,0,3,197.110558432434
6,2,0,0,0,2,197.5381109399216
6,13,0,1,0,5,214.2899064040768
6,28,1,0,0,1,215.57935178590384
6,29,1,0,1,7,239.72148561540178
6,31,1,0,1,6,237.79989946267756
6,32,0,0,1,2,212.7963773550777
6,41,1,1,0,3,227.8984904888721
6,45,0,0,1,5,213.62929656893843
6,49,1,1,0,3,236.84516578572536
6,50,1,0,0,7,230.14325052250263
6,22,1,0,0,7,213.9106804309496
6,30,0,1,0,3,215.57871058345808
6,43,1,1,0,1,225.7052477325508
6,46,1,1,1,7,254.5581221222102
6,9,1,0,0,6,207.78335693443327
6,20,0,0,1,0,211.1918904467369
6,21,0,0,1,2,214.68917972774463
6,27,1,0,1,5,228.71494068966072
6,56,1,1,0,7,229.0001605355334
6,57,0,0,1,4,211.46741334582418
6,58,0,0,1,4,213.6820832111642
6,5,0,0,1,7,223.46690855234388
6,6,1,1,0,1,228.8247497646027
6,8,1,1,0,7,229.66040096061124
6,22,0,1,0,4,211.32444594623004
6,31,0,1,0,5,217.28039382569298
6,37,1,1,0,2,229.50220070961558
6,48,1,0,1,4,226.02155254047673
6,49,0,0,1,6,212.25902829008825
6,50,1,1,1,5,213.8311612900113
6,54,1,1,0,5,223.83369654816815
6,7,0,1,0,7,218.8815822938734
6,24,0,1,0,6,213.58200870388106
6,28,0,0,1,3,219.6267370703963
6,32,1,1,0,4,229.88689520432183
6,52,1,1,0,4,229.7186820647138
6,57,0,0,1,1,211.87542119280505
6,2,1,0,0,1,211.09848861501735
6,6,1,1,0,5,225.30084691403178
6,19,0,1,1,6,234.88064166446065
6,22,0,1,1,2,227.07258277070397
6,3,1,0,0,7,210.5129603574466
6,14,0,1,0,4,218.11069647534794
6,29,0,0,1,4,215.47917365985788
6,48,0,1,1,4,226.01860739336215
6,50,1,1,0,5,228.4067081862736
6,54,0,1,1,2,232.30734040170267
6,19,1,0,0,4,217.43764544600276
6,20,1,0,0,4,214.39084538366654
6,28,0,1,0,7,224.17026301266978
6,49,0,0,0,6,207.29688634922024
6,58,0,0,1,5,212.32385346552698
6,1,0,0,0,6,200.19299612926702
6,7,0,1,0,5,216.84397310439974
6,28,0,0,1,7,213.338277562393
6,32,0,1,1,7,234.2782351535023
6,4,0,0,0,2,200.5196043529694
6,13,1,1,1,1,233.67917826101703
6,15,1,1,1,2,233.60544013575173
6,16,1,0,1,2,228.77569258956575
6,27,0,1,0,7,225.14444578460748
6,41,1,1,1,3,230.10794385825773
6,52,0,1,0,2,216.4005026272745
6,4,1,0,0,2,218.28516527065608
6,34,1,1,0,4,229.41500241371796
6,46,0,1,0,4,211.3045426222465
6,58,1,1,0,7,228.7827523468243
6,34,0,1,1,6,225.46850239058037
6,41,1,0,0,7,215.00342798544065
6,47,1,0,0,4,213.78506734626473
6,51,1,0,0,7,217.40671032064154
6,25,0,1,1,4,233.50937977371782
6,27,1,0,1,3,234.57439934376183
6,35,1,1,0,4,229.0340836470703
6,42,1,0,1,2,197.2872671727291
6,44,1,1,1,7,252.6440924480056
6,46,1,1,0,5,229.0327001932061
6,0,0,1,1,2,227.39093816065764
6,12,0,1,1,1,229.95937192918268
6,28,1,0,1,6,230.68372415404318
6,29,1,1,1,4,125.05820221180059
6,30,0,1,1,6,231.1543509166121
6,49,0,0,1,4,212.6278795343367
6,1,1,1,0,0,224.86164874429582
6,11,1,0,0,5,215.37024858480936
6,30,0,0,1,7,225.64069811190146
6,31,0,0,0,4,200.635396383353
6,0,1,1,0,7,236.09557027696897
6,1,1,1,0,4,228.9352155058756
6,17,0,1,1,5,236.93477143012169
6,32,1,0,0,5,213.1923241159934
6,41,0,1,1,4,227.15946153343754
6,43,1,1,0,7,223.75007259023283
6,49,0,1,1,7,225.9096767971932
6,9,1,1,1,2,231.70975985644455
6,15,0,1,0,2,218.10114467499872
6,42,0,0,1,3,211.6549279027053
6,49,1,1,0,2,227.34809658579871
6,58,0,0,1,0,211.70528128082972
6,59,0,0,1,2,212.80782324096475
6,1,0,1,1,6,228.00828495816629
6,3,0,1,1,0,227.97814748291592
6,4,0,1,1,6,226.54217514961843
6,7,0,1,1,1,229.98026008619613
6,9,0,0,0,5,197.52393128181888
6,19,1,1,0,6,230.01941159712376
6,2,0,0,1,3,211.5418113043271
6,12,0,1,1,7,230.7850757211311
6,14,0,0,1,0,212.00880149975114
6,21,1,1,0,0,225.26796001928426
6,6,1,0,0,3,213.9056780724767
6,7,1,1,0,7,241.79320338504326
6,9,0,1,1,3,234.18875572716513
6,21,1,0,0,5,214.59378551813103
6,22,0,0,1,5,201.53894406981019
6,30,1,0,0,4,209.48326708935383
6,31,0,0,0,7,207.8925049705465
6,36,1,0,0,7,210.7626201235048
6,39,1,0,1,7,223.43502959632195
6,2,1,1,1,4,248.1176315792916
6,7,0,0,1,4,214.062129880477
6,8,1,0,1,1,229.21382703675533
6,19,1,1,0,5,227.91397355023005
6,21,1,1,1,7,246.1787810772015
6,49,1,0,1,5,231.37374669536374
6,25,0,1,0,5,214.98457534088902
6,26,1,1,0,7,225.40486332702443
6,47,1,1,0,1,228.13326585170907
6,48,1,1,0,7,222.91804429466694
6,7,0,1,1,4,227.59174979535535
6,19,1,1,1,3,248.4798615775663
6,27,1,1,0,1,229.98666029757155
6,35,1,0,0,3,215.5934318213965
6,47,0,1,1,4,236.38593638147435
6,1,0,0,1,2,212.45848705983894
6,2,0,0,1,7,205.47885268394305
6,4,0,0,1,7,210.83598411948844
6,6,0,0,1,5,215.78592536507472
6,15,0,0,1,7,218.41914590916153
6,21,0,1,1,5,228.20778038501513
6,42,0,1,1,4,226.27763043756565
6,58,1,0,0,6,207.5082953819494
6,4,0,0,0,0,196.5456128447066
6,6,0,1,1,4,227.68799386607276
6,7,1,1,1,2,239.81134708407
6,8,1,0,1,3,229.7687983000698
6,10,1,0,1,0,215.58409776790631
6,11,1,0,1,7,225.84665814063337
6,12,0,0,1,7,231.52418601812423
6,33,0,0,1,7,211.22909099886155
6,44,0,1,0,6,213.9311912047691
6,1,1,0,1,6,233.79744805191376
6,4,0,0,1,3,205.09106639365032
6,20,0,1,0,7,210.17465806489398
6,0,1,1,0,2,228.22136502428455
6,25,0,0,1,2,213.22426020859788
6,33,0,0,0,5,200.41351884144083
6,37,0,1,1,4,228.05326698992744
6,48,0,0,1,1,212.43102520145092
6,51,1,0,1,6,238.35210435183782
6,52,0,0,1,5,215.73906601039087
10,0,1,0,1,2,139.59673596389155
6,59,1,1,0,1,222.80686672296105
6,0,1,1,0,6,218.53366261929858
6,17,0,0,1,3,218.321839280855
6,41,0,1,1,2,228.5902680400096
6,49,1,1,0,5,226.1066639930367
6,38,1,1,0,7,229.06087016089145
6,39,1,0,1,4,225.74451487153397
6,42,0,0,1,2,210.9516117788612
6,47,0,0,1,7,212.8698331299887
6,55,1,0,0,5,212.5343268746375
6,42,0,0,1,5,211.68942948629672
6,3,1,0,1,4,223.87919090344505
6,10,1,1,0,7,224.23633230922036
6,1,1,0,0,4,210.47023948335473
6,7,1,0,1,3,228.19683786046073
6,11,1,1,0,5,232.1569968805358
6,15,1,1,0,1,231.29801162906793
6,34,1,1,0,1,229.38091893653723
6,44,0,0,1,5,209.69521967666338
6,10,1,1,1,1,240.64064565338927
6,11,1,1,0,3,234.51894397516597
6,12,1,0,0,5,224.89261933152275
6,39,0,0,0,2,198.01411752054713
6,42,0,1,1,6,220.56012340458443
6,5,1,0,0,3,217.63861753635774
6,23,0,1,1,7,239.64679157339003
6,27,1,1,1,7,260.39880954609674
6,28,0,1,0,5,217.29823941132383
6,43,1,0,1,4,226.95955681656454
6,51,1,1,0,4,226.2794134232325
6,14,1,1,0,2,234.7161148529195
6,30,0,0,1,3,216.53698263090624
6,48,1,1,0,1,225.12262351095694
6,1,0,0,0,5,198.24657350450175
6,13,0,1,1,6,229.84952026999702
6,16,0,1,0,5,220.55484862691944
6,19,1,1,1,5,242.16314360937875
6,46,0,1,1,6,229.32793713117354
6,47,0,0,1,6,223.01800481854957
6,48,1,0,1,0,224.5901323958058
6,4,1,0,1,0,213.71644630941702
6,5,1,0,1,1,228.64583593569813
6,6,1,0,0,2,218.2241588549148
6,8,1,0,0,4,213.61774615480928
6,16,0,0,1,6,219.47210053114588
6,19,0,1,1,4,225.75539096266877
6,20,0,1,1,4,226.35861612983516
6,22,0,1,1,1,226.56585415453455
6,25,0,1,1,1,229.54129403767047
6,26,0,1,0,6,223.38099073323684
6,30,1,0,1,0,218.19842796806086
6,31,1,0,1,1,229.75868066713676
6,37,1,0,1,7,220.16089428774754
6,31,1,0,1,7,225.61615004716964
6,51,0,0,1,0,213.42263766331388
6,1,1,0,0,7,207.07806950965136
6,18,0,0,1,2,214.17492750013014
6,19,0,1,1,7,228.0263874266019
6,32,1,0,1,4,228.79103225494796
6,9,0,1,0,5,219.17097412320783
6,10,0,1,0,1,215.87332167719728
6,27,1,1,0,5,229.1853937966306
6,29,0,1,1,0,227.5460109397951
6,36,0,1,1,7,226.04480143222787
6,11,0,1,1,0,229.55750128610305
6,12,0,1,1,6,231.2109949903376
6,24,1,1,0,1,228.97552560015643
6,29,1,1,0,3,229.28607020196847
6,30,1,1,1,5,240.81645182721084
6,43,0,1,1,4,229.26025381914053
6,12,1,0,1,6,225.38950243845306
6,13,0,1,1,4,228.06671706845276
6,14,0,1,1,6,230.93292240705233
6,22,0,0,1,2,211.56222822571232
6,57,0,1,1,0,229.71396529559607
6,0,1,0,1,4,226.17191799920374
6,28,0,0,0,4,202.38178696986637
6,45,0,1,0,2,213.2063509057373
6,50,0,1,1,7,224.15226407388525
6,14,1,1,1,5,244.13051778492016
6,21,0,1,1,3,223.12392352467347
6,45,1,0,0,6,223.51099658591474
6,8,0,0,1,3,216.7526532231542
6,30,1,1,1,3,247.55589041440066
6,44,0,1,1,1,225.45641678707125
6,41,1,0,0,4,212.75128067177928
6,44,1,1,0,3,218.83015082051236
6,55,0,1,1,2,232.38830653554677
6,56,0,0,1,7,224.23130950468004
6,1,1,1,0,6,228.24501055311288
6,26,0,0,1,0,212.40353127625576
6,30,0,0,0,1,200.71118373672644
6,16,1,1,0,4,231.760411239041
6,41,0,1,0,0,211.1702420984462
6,50,0,1,1,4,228.04958024748893
6,16,0,1,1,1,232.74919282719776
6,36,1,0,1,4,225.13469320706338
6,1,1,0,0,1,208.99648706823828
6,25,1,0,1,2,231.4239415299988
6,26,1,1,1,4,246.39357498167664
6,51,0,0,1,3,214.86235155966034
6,54,1,0,1,3,234.37265091459346
6,3,0,1,1,1,229.7890897387867
6,14,0,0,1,2,213.5467106371818
6,15,0,1,1,5,231.2247959030735
6,57,1,1,0,0,225.54848496125842
6,2,1,0,1,0,187.70483106615424
6,5,1,0,0,7,215.4212871657411
6,33,0,1,0,2,211.52117137513534
6,38,0,1,0,3,217.38456640627155
6,7,1,1,1,0,217.40378062457455
6,12,0,0,0,2,200.82258106254775
6,45,0,1,0,3,211.5732703044497
6,49,0,1,1,6,232.36359579919747
6,50,0,0,1,3,221.480058261802
6,59,0,1,1,2,227.5358120367672
6,35,1,1,0,5,221.72620063934428
6,10,1,0,0,0,211.62640601847392
6,36,0,0,1,1,214.52268951091628
6,45,1,1,1,7,237.07173841141898
6,54,1,1,1,6,219.79874020261695
6,58,0,1,1,6,227.46843009549974
6,3,1,0,0,3,215.43558578620218
6,52,1,1,0,3,230.20751959104135
6,54,0,1,1,3,231.65131816449855
6,10,0,1,0,2,215.92116976754457
6,22,1,0,0,5,214.29271321240964
6,2,1,1,0,2,225.8768806353388
6,32,1,0,0,2,215.8277432003788
6,41,0,0,1,2,213.36138526754337
6,46,1,1,0,1,226.9417110542687
10,1,1,0,0,7,27.203204502427873
6,1,1,0,0,6,209.4954806167483
6,2,1,0,0,2,215.459605794492
6,6,1,1,1,5,252.21120141612272
6,27,0,1,0,6,217.11556293484142
6,51,0,1,1,6,243.94989654150095
6,58,1,1,1,3,238.60076188739174
6,30,1,1,0,3,228.6459038293492
6,32,1,0,0,3,216.17439209899217
6,9,0,1,1,6,232.49261052709363
6,10,0,1,1,1,230.10341719021028
6,23,0,0,1,0,210.10310084713956
6,24,0,0,1,4,214.60689772320816
6,43,1,0,0,2,212.31516229121348
6,48,0,0,1,7,212.1201481414789
6,20,1,0,1,7,238.69548971117405
6,29,0,1,0,3,216.95754452164627
6,58,0,1,1,2,227.96137560166753
6,35,1,1,0,7,240.8021964189487
6,46,1,1,1,2,189.27604993446175
6,51,0,1,1,7,234.38603693311236
6,54,0,0,1,3,212.8443465976656
6,20,0,0,1,7,228.9220252166107
6,51,1,1,1,4,242.96038422650358
6,52,0,1,1,7,243.1627951997797
6,57,1,1,0,5,230.24235170600696
6,2,1,0,0,7,209.21601196063585
6,9,1,1,0,5,223.90066563135161
6,14,1,0,0,6,217.0694167440134
6,52,0,1,1,0,226.23203947869249
6,53,0,1,1,0,228.25023505450235
6,55,0,1,0,6,217.18504992043722
6,9,0,1,1,1,232.2002465584776
6,14,1,0,0,3,218.20109532392792
6,15,1,0,0,7,215.07824205211415
6,21,1,1,0,5,230.85052602348264
6,22,1,1,0,3,231.23658147842212
6,36,0,1,1,4,229.41451583064114
6,38,0,1,1,7,229.4799684392481
6,45,1,1,0,3,227.07738337557828
6,49,0,1,1,1,227.90712021436053
6,26,1,0,1,4,232.05000029570832
6,27,0,0,1,4,215.11673292214658
6,32,0,1,0,4,213.78443473011097
6,25,1,1,0,5,230.57440494963058
6,36,0,1,1,2,230.9236333002243
6,37,0,1,1,2,230.52850646768468
6,39,1,0,0,2,212.31846221650105
6,49,1,0,0,2,213.2842537691268
6,47,0,1,1,2,228.19164403535206
6,14,1,0,1,7,224.88674067874763
6,31,1,0,0,3,220.83027970224555
6,37,1,1,0,7,225.36816926107377
6,0,1,0,0,2,209.13260740225218
6,34,0,0,1,5,213.8817868703018
6,57,0,0,1,3,212.20082379107208
6,34,1,1,1,4,244.58145366011797
6,35,1,1,1,0,222.04225865140654
6,36,1,1,1,0,238.4159901607896
6,38,1,0,0,2,213.71569609721155
6,18,1,0,0,6,220.27909118973625
6,23,1,1,0,7,225.37550778833003
6,28,0,0,1,2,213.87396796548697
6,58,1,1,0,2,224.80151297148208
6,4,1,1,0,7,225.20699552853725
6,12,0,1,1,4,229.43900778038415
6,30,0,0,1,4,218.29170813602204
6,33,1,1,1,7,254.5268221964384
6,48,1,0,0,0,210.50176338060902
6,15,1,0,0,5,225.91198826107515
6,9,0,1,1,5,233.15740145211777
6,12,1,1,0,7,240.05259794889247
6,19,0,1,1,2,230.13445521139508
6,24,0,0,1,5,215.04755228158416
6,41,1,0,1,3,227.06350129789746
6,6,1,0,1,0,214.35947890735326
6,7,1,0,1,6,229.84836951933
6,21,0,0,1,6,220.3886051188426
6,54,0,1,0,3,215.03319522527536
6,19,1,0,1,0,227.5746630471324
6,20,1,0,1,0,229.1941547877713
6,32,1,0,1,0,227.08974722215842
6,35,1,1,0,3,230.87027651754605
6,18,0,1,0,7,222.47331872122416
6,51,1,1,0,2,224.77524538886956
6,0,1,0,1,2,226.36695309208514
6,2,1,0,1,1,227.28113948228847
6,10,0,1,1,4,229.53238254721964
6,13,1,1,1,5,251.31785626825956
6,15,0,1,0,7,228.43610804460818
6,20,1,0,1,2,230.82447416695734
6,31,1,0,0,5,215.92688860471026
6,39,0,0,1,7,220.9606457837401
6,21,0,1,1,4,228.82329941836548
6,53,1,0,0,4,214.15431219349668
6,55,1,0,1,6,239.79421233534316
6,50,0,0,1,5,207.60032787945264
6,59,1,1,0,7,234.31377848310535
6,11,0,0,1,7,217.1868609271509
6,17,0,0,1,1,216.0253222889841
6,33,0,1,1,0,228.42766957834672
6,35,0,0,1,6,211.38044559112254
6,37,1,1,1,5,244.12237045462396
6,44,1,0,0,2,207.42388433165146
6,47,1,1,0,7,227.90805819186255
6,59,1,1,1,2,213.87697693217436
6,2,0,0,1,1,210.81440133358066
6,27,0,1,0,3,215.20507951202117
6,46,1,0,1,5,226.6627162209952
6,1,0,0,0,2,200.13378940724363
6,48,0,0,1,2,213.52569863259424
6,2,1,0,0,5,211.9452127917108
6,40,0,1,1,1,227.47085068967687
6,26,1,0,0,4,214.187655090496
6,35,0,1,1,2,229.383675073251
6,39,0,0,1,1,215.41057622424648
6,58,0,1,0,2,205.65379222492172
6,26,0,0,1,2,214.98314655066366
6,37,0,1,1,6,234.22826219569563
6,8,0,0,1,7,224.21325273117807
6,11,1,1,1,5,245.24687660543037
6,58,1,0,0,2,207.84751354077227
6,6,1,0,0,5,214.10350838479957
6,31,1,0,1,3,232.3615970116185
6,42,1,1,0,6,228.58850685110474
6,19,0,0,1,4,216.61336329485007
6,34,0,1,1,4,230.1154578320869
6,32,0,1,1,2,227.03384579990936
6,33,0,1,1,6,226.51731072076635
6,52,1,1,1,2,185.2873653266458
6,53,1,1,1,3,257.88761425605173
6,2,0,0,1,2,211.02613691421615
6,29,0,0,1,0,214.8161010416529
6,38,1,1,0,2,226.81624790444812
6,48,0,0,1,4,212.29571029966596
6,13,0,0,1,1,216.60211607357218
6,29,1,1,1,0,211.7213021878352
6,41,1,0,1,1,226.3664088864599
6,12,1,0,1,2,217.02727932292174
6,41,1,0,0,3,212.53767562087313
6,42,0,1,1,0,227.6301737066841
6,59,1,1,1,5,239.89024628421282
6,23,0,1,1,3,229.1138859991288
6,58,0,0,1,1,212.61821361786133
6,2,1,0,0,6,211.59007494547296
6,31,0,1,1,2,232.84018309809355
6,7,1,0,1,2,218.8796334225367
6,8,1,1,1,6,238.19676766052808
6,15,0,1,1,2,231.8009736797974
6,16,0,0,1,0,215.5657790879177
6,28,0,1,1,7,227.55678018669963
6,53,0,1,0,6,212.77898721031366
6,4,0,0,1,6,222.96148479971453
6,7,1,0,0,1,214.8560975394163
6,11,0,0,1,3,221.6373745951823
6,18,0,0,1,7,222.4092338570052
6,39,1,1,1,3,237.5898489961818
6,5,1,1,0,6,235.38918938797033
6,53,0,0,1,1,213.23998480497434
6,22,1,1,1,0,238.4231083555868
6,23,1,1,1,7,248.8789817043869
6,40,1,1,1,3,241.76773482191976
6,46,0,1,1,5,229.41014434516015
6,59,0,0,1,7,213.2469517758559
6,0,1,1,1,1,237.2253899130523
6,6,1,0,0,6,212.54398620805392
6,29,1,0,0,7,215.66757387532135
6,31,1,0,0,4,215.29835771096745
6,51,0,0,1,6,228.74166023696696
6,52,0,1,1,2,230.35098806825224
6,59,1,1,0,2,222.76865355688147
6,26,0,1,1,3,232.3248906616989
6,52,1,0,0,3,213.86493575029317
6,15,1,1,0,5,235.71793515532104
6,26,1,1,0,6,225.02632980301416
6,34,0,1,1,0,228.71592541495804
6,42,1,1,0,0,224.27439186297252
6,9,0,0,1,7,226.01344407205568
6,11,0,1,1,7,234.66251462138118
6,3,0,1,0,4,213.75429170909217
6,17,1,0,1,6,227.08844004861487
6,18,0,0,1,1,216.64286186475104
6,22,1,1,1,1,237.89894847016777
6,59,0,0,1,1,212.96701174785636
6,14,1,1,0,3,231.84265608289712
6,42,0,1,1,5,226.7315128911756
6,36,0,0,1,2,214.31089304820273
6,55,1,0,0,1,212.14923704581278
6,59,0,1,0,2,212.22841063202105
6,1,0,1,0,6,212.27389571680882
6,48,1,1,0,0,224.56658066609305
10,1,0,1,0,3,25.759858950366947
6,26,0,1,1,4,229.1503467884597
6,27,1,1,1,5,203.2631822718517
6,28,0,1,1,6,227.99327076160208
6,28,0,0,1,5,215.4438259618365
6,45,1,0,1,1,223.50569163292496
6,35,1,0,0,4,214.99701036561987
6,54,1,0,1,1,224.6387302620982
6,8,1,1,0,6,231.0786873899889
6,22,0,1,1,0,225.49286988083736
6,18,1,0,0,3,218.59749323460323
6,19,1,1,0,4,228.45336676366642
6,32,0,1,1,0,226.41555454785922
6,39,1,1,1,2,243.87437598996956
6,55,0,1,1,1,227.8208405234473
6,46,1,0,0,3,212.45300290128478
6,20,1,0,1,3,230.34930222587016
6,25,1,0,0,1,216.0535329378927
6,59,1,0,1,2,228.00259292572065
6,21,1,0,1,3,228.85149900733
6,33,1,1,0,5,229.61937455725698
6,44,0,1,1,2,225.1363170280137
6,35,1,0,1,5,204.58616939349977
6,10,1,1,0,0,229.73833088150968
6,11,1,1,0,6,233.58893183130348
6,18,0,1,1,1,226.48552724362412
6,24,1,1,0,7,234.89383860339916
6,43,1,0,1,6,234.6585138948001
6,57,0,1,1,1,227.95197336247628
6,6,1,0,1,2,219.98778645506025
6,7,1,1,1,6,223.26621989159264
6,51,1,0,1,5,222.4366545535479
6,33,1,0,0,1,214.56222895953076
6,35,1,0,0,6,215.17449794582313
6,58,1,0,1,3,225.76428046353448
6,4,1,1,0,0,228.13773168229207
6,42,1,0,1,4,202.3768956911283
6,47,0,1,1,6,219.0988935147017
6,23,0,0,1,3,207.24080374939882
6,40,1,1,0,7,225.2347428709413
6,46,1,1,0,7,216.97590904379717
6,37,0,0,1,7,224.056834149651
6,2,1,0,0,4,210.87419919054147
6,5,0,1,0,4,214.677215634349
6,6,0,1,0,5,214.59545998513724
6,32,0,0,1,5,214.85681733327
6,49,0,1,1,5,226.5850012494092
6,15,1,0,1,3,233.32092404816993
6,25,1,0,1,5,223.29691893412752
6,51,0,1,1,2,228.41677882585307
6,52,0,0,1,3,219.26327342689106
6,58,1,0,1,0,225.78254793182077
6,27,0,1,1,6,227.60446622247338
6,7,0,0,1,6,210.06119046796826
6,24,0,0,1,3,217.1259547195658
6,38,1,0,1,2,231.06846470462378
6,25,1,0,1,3,223.04633433641382
6,45,0,0,1,6,214.55916025598466
6,25,1,1,0,3,230.78548941690704
6,3,1,0,1,2,215.15489433397596
6,54,1,0,1,6,225.5806948405372
10,0,0,0,0,2,137.59845268573153
6,53,1,0,0,1,213.4164607107925
6,13,0,1,0,3,218.70235481532984
6,57,0,1,1,2,230.85428500608216
6,22,1,1,0,1,227.6081857611398
6,24,1,1,1,6,253.48543856718368
6,31,0,0,1,0,212.61408624618474
6,38,1,1,1,0,187.17064039388333
6,6,1,1,0,4,233.96950687021055
6,1,1,1,1,5,242.44995049563207
6,33,1,0,0,4,214.78605000106492
6,31,0,1,1,6,224.44212694808436
6,37,0,1,0,2,211.3979147904611
6,9,0,1,1,7,239.33457405080546
6,28,0,1,1,0,228.20805252361055
6,47,1,1,0,3,236.45861986253945
6,48,1,1,1,4,221.56019081813935
6,34,0,0,1,4,213.23262952566057
6,21,1,1,1,5,218.77048986919303
6,32,1,1,0,7,230.97579192596788
6,31,1,0,0,7,215.89470395488274
6,11,0,0,1,5,215.79522921263796
6,13,1,0,0,3,227.38231411668343
6,55,0,0,1,2,215.36956328559583
6,59,0,1,1,4,228.8068317854164
6,36,0,1,1,6,231.23357269249126
6,37,1,0,1,1,227.34382131448325
6,38,1,0,0,6,214.5672984750908
6,40,0,1,1,6,219.81268300167798
6,41,1,0,1,2,228.1108020374277
6,52,0,0,1,1,213.95653600408792
6,27,1,0,1,6,231.27841366098338
6,44,0,1,1,4,226.85360379452808
6,13,0,1,1,0,227.44061109549784
6,38,1,0,1,3,232.18285837471097
6,28,1,1,0,1,226.94581409186216
6,29,1,1,1,5,226.47075810658094
6,29,0,1,1,1,228.8864702518678
6,32,1,1,0,3,233.69339377014217
6,46,1,1,0,2,228.45158392578625
6,13,1,1,0,7,245.2259219570308
6,42,1,0,0,2,210.30509425589617
6,5,0,0,1,2,215.4372108211173
6,6,0,1,1,3,233.89521806342503
6,14,0,0,1,5,215.6778461230162
6,7,1,0,1,1,223.1654447095937
6,9,1,0,1,6,235.5271703594581
6,57,1,0,0,2,211.66003928071245
6,40,1,0,1,0,212.4103387610228
6,59,1,1,0,6,222.24844690228042
6,6,0,1,0,3,216.44515722736298
6,25,0,1,1,3,234.08502672224955
6,32,1,1,1,6,252.56865437731773
6,46,0,1,1,0,225.3950242937682
6,9,1,0,1,2,222.46839335606924
6,33,1,1,0,3,229.54809786673917
6,10,0,0,1,7,224.1052962043466
6,49,1,0,1,7,241.30973003648825
6,55,1,0,1,2,229.47405475263167
6,56,1,1,1,6,247.50668279160172
6,12,1,1,1,2,252.06520798005357
6,13,1,0,1,7,199.73430877463787
6,48,1,0,0,1,212.58388756810103
6,43,1,1,0,4,226.19229612295706
6,47,1,1,1,4,195.87359453587248
6,49,0,1,1,2,227.3843279616932
6,50,0,1,1,1,231.34696332379784
6,59,1,0,1,5,228.27480347264265
6,55,1,0,1,4,231.88538478487686
6,42,1,1,1,3,241.97586389190755
6,6,0,1,1,6,228.9998681308918
6,11,0,0,1,6,210.53085511405928
6,42,1,0,0,3,204.9359320234492
6,2,1,0,0,3,206.9999487356594
6,4,1,0,0,4,213.02425220918792
6,52,1,0,0,4,212.08441424668996
6,49,0,0,1,7,224.64724465285227
6,25,0,1,1,2,231.65828636419147
6,29,1,1,0,6,233.43496043532474
6,15,1,1,1,7,258.07275781871283
6,16,1,1,1,0,170.79163256575768
6,19,1,1,1,1,243.54513531734756
6,29,0,1,1,3,231.18913652200638
6,32,1,0,0,1,213.9331746998678
6,38,1,1,0,6,229.71207505307774
6,10,1,0,1,5,239.0038385758783
6,32,1,0,0,6,217.28764677258013
6,54,1,1,0,7,244.50367898409337
6,36,1,1,0,3,226.98055086657493
6,39,1,0,0,5,212.45310717554858
6,37,0,1,1,1,226.5501064241216
6,47,0,0,1,2,214.82697284384932
10,1,1,1,0,0,0.0
10,2,1,1,0,7,28.878505446578274
6,38,0,1,1,3,232.52970415476315
6,59,0,0,1,3,213.571887083105
6,30,1,0,1,2,228.45804489938072
6,31,1,1,1,2,235.36869464632431
6,40,1,0,1,2,219.91439596330713
6,8,1,1,1,0,207.02343760837596
6,9,1,1,1,0,213.68470424830292
6,27,0,1,1,1,226.9770174304152
6,38,0,1,1,1,225.39009809652646
6,39,0,1,1,5,228.2107422716877
6,0,1,1,1,5,224.47497040898244
6,28,1,1,0,7,239.93940176819058
6,5,1,1,1,3,223.05209281607785
6,7,1,1,0,5,229.74761852647737
6,47,0,0,1,1,211.22669035407816
6,39,1,1,0,1,225.29339190049433
6,40,1,1,0,3,234.05225117694107
6,50,1,1,0,1,229.51330137057036
6,50,1,1,1,6,252.3831120315475
6,46,1,0,1,7,213.9379168367142
6,18,1,1,0,3,234.34464214740848
6,33,1,0,1,1,229.3147353518097
6,59,1,0,1,3,232.27207505233784
6,1,1,1,1,0,223.37554954427512
6,3,1,1,1,3,223.87732595152784
6,37,1,1,1,6,248.35106399803817
6,44,1,1,0,4,227.06195346579034
6,6,1,0,1,4,213.68385955938953
6,17,1,0,1,5,231.9364041376158
6,23,0,0,1,1,214.46584765681675
6,38,1,1,1,2,220.31694756169176
6,39,1,1,1,0,233.85600435384993
6,40,1,1,1,7,249.84744673861533
6,43,0,0,1,3,214.79335680753832
6,21,0,1,1,2,228.58608845710467
6,43,0,0,1,5,214.79610593913202
6,56,1,1,0,2,229.48696481800363
6,4,1,0,1,2,224.5286967549599
6,20,1,0,0,3,216.10630629414817
6,54,0,1,1,6,226.92462483305863
6,7,0,1,0,3,217.49709332995417
6,45,0,1,1,3,227.66311869231978
6,6,1,0,0,4,214.52690488107407
6,24,1,1,1,4,202.64432109368468
6,25,0,1,1,0,229.53303213369506
6,27,0,1,1,3,230.8263010202531
6,36,1,0,1,6,220.78737161347502
6,47,0,0,1,0,209.16187698072287
6,22,0,0,1,6,209.58724813923072
6,55,1,1,1,0,239.914633261407
6,19,1,0,1,3,232.50132258766155
6,24,0,1,1,7,229.76033153776837
6,30,0,0,1,1,215.48928389635404
6,10,0,0,1,1,211.99463302728714
6,18,0,1,1,3,232.32110656680436
6,12,1,1,0,1,227.99628602702958
6,13,1,1,1,2,224.99293809732848
6,14,1,1,1,6,237.867119783238
6,36,0,0,1,3,216.55661340742196
6,46,0,1,1,7,223.62654598323903
6,59,0,1,1,7,238.03958101579124
6,43,1,1,0,5,227.19485849717378
6,2,0,1,1,3,234.13820131276563
6,19,1,1,1,6,248.36822393174106
6,25,1,1,0,1,229.18194927216678
6,30,1,1,1,7,238.27446699869677
6,42,1,1,0,2,226.29435925506328
6,43,1,0,0,3,213.17099932407973
6,44,1,1,1,5,235.4566711445105
6,55,0,1,1,4,229.64222304456166
6,3,1,1,0,5,225.51762172121178
6,21,1,0,1,1,230.75539020005795
6,56,1,1,1,2,240.3068245219198
6,5,1,1,1,4,220.05399003910125
10,1,1,0,0,0,0.0
10,2,1,0,0,1,24.261206409638106
6,19,1,0,0,0,210.85721979973312
6,35,0,0,1,1,213.8584047943672
6,36,0,0,1,4,213.09764983742286
6,10,1,1,0,3,230.1298368403049
6,45,0,0,1,2,214.34516988108106
6,14,0,1,1,1,229.11036029062637
6,45,1,1,0,4,226.3223269079774
6,6,1,1,1,1,237.19836519769774
6,11,1,1,1,6,241.27828912756928
6,23,0,1,1,0,227.73335828639674
6,26,1,1,1,6,250.69292443457405
6,30,0,1,1,4,227.7177064327973
6,31,0,1,1,5,228.17781633965993
6,12,1,1,0,6,231.4582391273465
6,20,1,0,0,1,214.8606328776335
6,43,0,0,1,0,210.72592295084542
6,38,1,1,1,4,241.84992711577428
6,47,1,0,1,6,229.79202537370145
6,41,1,1,1,6,226.94727808385562
6,41,1,1,0,5,226.47088819682352
6,49,1,1,0,4,228.0121481477211
6,27,0,0,1,6,213.19176639869582
6,4,1,1,1,6,224.746956148368
6,8,1,0,1,2,226.93400058154344
6,38,0,0,1,1,212.28872747352935
6,22,0,0,1,3,218.33328159914856
6,5,1,0,1,6,235.66011692344975
6,27,0,0,1,3,217.56610968041855
6,36,1,1,0,7,238.42933926053706
6,56,0,0,1,0,209.79832034826217
6,56,1,0,0,1,210.5486941651952
6,10,0,1,1,6,229.58027264934594
6,20,1,1,0,2,231.21331948016174
6,42,0,1,1,2,220.01671883868832
6,44,0,1,1,0,225.80939495289954
6,45,0,1,1,0,225.08120822262813
6,55,0,1,1,5,231.63448290006198
6,58,1,1,0,6,234.7980907024065
6,7,0,1,1,3,229.88214696252436
6,32,1,1,1,2,237.89080151341582
6,33,1,0,1,3,237.62188116312595
6,21,1,1,1,1,176.68126422236924
6,32,1,1,1,3,247.2718722827616
6,17,1,1,0,2,232.32122393628165
6,31,1,0,1,4,229.26035083198602
6,34,1,0,1,1,228.40554448468694
6,1,1,0,1,1,229.26663778967253
6,2,1,0,1,7,210.06770213847574
6,33,1,1,0,1,227.10523061259008
6,55,1,0,1,5,230.25263404915617
6,21,1,0,1,5,229.812358065485
6,29,0,1,1,6,241.1707473899235
6,16,1,0,0,6,226.55545844329183
6,21,1,0,0,4,213.2475762288981
6,37,1,1,1,1,243.46879956250854
6,49,1,1,1,6,250.73118435354084
6,36,1,1,1,4,220.01686652845143
6,57,1,1,0,6,220.16513672838846
6,16,0,1,1,6,225.041074913245
6,39,1,1,0,4,228.4266136463784
6,30,1,1,0,0,225.51592797877925
6,31,1,1,0,5,233.4055590807864
6,49,1,1,0,7,229.13052307596874
6,32,0,1,1,5,225.38608194100024
6,55,0,0,1,4,213.62990705377624
6,0,0,0,1,1,212.22120566561816
6,8,0,1,1,3,223.38143853315222
6,32,0,0,1,0,212.47747411590572
6,0,0,1,1,7,230.76578896091178
6,34,1,0,0,6,216.764136412412
6,10,0,0,1,2,210.6109218029441
6,13,1,0,1,2,203.85474234436546
6,14,1,0,1,6,227.25215243696871
6,53,1,1,0,1,226.5634862960959
6,57,1,0,0,3,213.89922355150145
6,58,1,1,0,3,228.08345074045369
6,54,0,1,1,4,226.99975104853948
6,8,1,1,1,7,244.4432042717953
6,25,0,1,1,7,240.66087622683887
6,32,1,1,1,4,238.74814722164325
6,36,0,1,1,5,228.32212856715344
6,8,0,1,1,2,227.6408589936784
6,10,1,1,1,6,242.0785845588829
6,51,1,1,1,2,226.1859160061921
6,11,0,0,1,1,213.59993694254374
6,27,1,1,0,2,229.31034370866777
6,47,1,1,0,6,228.27899322718412
6,59,1,1,1,1,233.63817082159528
6,57,1,0,1,6,223.75417492396593
6,58,1,1,1,5,250.935748821551
6,0,1,1,1,0,234.95236481519876
6,9,1,1,0,7,243.16945428293798
6,7,1,0,0,6,225.3431103601639
6,45,1,1,0,5,227.59145698102438
6,45,1,0,1,4,221.80599871873693
6,3,0,0,1,3,221.3595049557813
6,9,0,0,1,4,213.75016259181257
6,10,1,0,1,2,226.71849341427026
6,12,0,1,1,3,242.7627064901906
6,13,1,1,1,4,202.68960870107873
6,15,1,0,1,7,247.17123335715786
6,38,0,1,1,5,228.67950497972106
6,59,1,0,1,0,225.57065508558787
6,35,1,0,0,5,215.16823428632338
6,54,1,1,1,2,230.7265728126817
6,55,1,1,1,6,246.62847654240375
6,5,1,0,0,4,215.28665068529702
6,39,0,1,1,6,237.62119365229495
6,34,0,1,1,1,228.39961497812268
6,39,1,1,1,1,243.6084197199992
6,4,1,0,1,6,228.40935626661377
6,24,1,0,1,4,229.82242302040265
6,25,1,0,1,7,209.8421319439859
6,14,1,1,1,7,247.59442664473596
6,52,0,0,1,6,216.54237305054053
6,25,1,1,1,6,251.12157067329835
6,14,0,0,1,7,213.93829002916118
6,38,0,0,1,4,211.84795543999974
6,44,0,0,1,2,200.24259922061697
6,2,1,1,1,2,201.46960327549752
6,3,1,0,1,3,222.68197276941268
6,4,1,1,1,1,207.51959549705705
6,18,0,1,1,5,215.0482242374701
6,37,1,1,0,1,226.9958144202257
6,50,0,1,1,5,228.86210533097366
6,5,0,0,1,1,212.9193141176556
6,15,0,1,1,3,231.81747553116853
6,22,0,1,1,6,225.4608401959912
6,37,1,0,1,4,227.40387841372078
6,48,1,1,0,4,231.90875815426503
6,44,1,1,0,0,224.73597055827412
6,47,1,1,0,5,227.4134251191009
6,15,0,0,1,6,212.58743959106752
6,17,1,0,1,0,228.60327517555172
6,17,0,0,1,2,215.71425851344068
6,34,1,1,0,3,230.70320526654007
6,11,0,0,1,4,214.40821699810948
6,59,1,0,1,1,230.06786741327602
6,1,0,0,1,6,212.64386540063077
6,52,1,0,1,0,217.3387002369375
6,53,1,0,1,7,222.85136552019299
6,6,0,0,1,2,214.41976052854156
6,7,0,1,1,5,228.58845146185953
6,15,1,1,1,4,225.508006006996
6,7,1,0,1,0,222.32849903613428
6,8,1,0,1,7,225.93829163573457
6,39,1,1,0,3,229.46005422883638
6,31,1,1,0,2,230.0564115585993
6,46,1,0,1,3,225.67679999795314
6,15,0,1,1,7,244.8464668822012
6,25,1,0,1,4,225.2821710221954
6,43,0,1,1,3,229.68307045221155
6,16,0,0,1,1,218.01455800915105
6,43,0,1,1,7,236.78146989896572
6,23,0,0,1,6,209.89848193066877
6,40,1,1,0,4,225.73494618802215
6,54,1,1,0,6,228.20489312530572
6,24,1,0,1,5,232.21243787982047
6,6,0,1,1,7,226.63842739785665
6,18,1,1,1,6,241.0231892046682
6,19,0,0,1,2,212.78870572414675
6,15,0,0,1,2,222.3039180814462
6,23,1,0,1,4,211.08682311814988
6,31,0,1,1,1,230.38253181720208
6,34,0,1,1,7,246.44998543162512
6,5,0,1,1,1,227.39910711473226
6,56,1,1,1,5,245.814441822589
6,47,1,1,1,3,242.24300808316363
6,25,0,0,1,3,221.90451003593876
6,50,1,1,0,7,230.5085229030705
6,12,0,0,1,4,218.1634198184528
6,54,0,1,1,1,228.2753637488716
6,37,1,0,1,5,226.67570270047918
6,4,1,1,0,4,229.34333752415802
6,50,0,1,1,2,230.41977679263255
6,16,1,1,1,3,251.3978322430199
6,58,0,1,1,1,226.48957573018612
6,22,0,0,1,1,209.80472732814238
6,44,0,1,1,3,225.13956290634707
6,47,1,1,1,0,198.10682045188958
6,48,1,1,1,7,257.97897021763237
6,52,0,1,1,6,232.50711419403265
6,28,0,1,1,3,235.96515254276073
6,2,0,1,1,7,239.69921645753342
6,35,0,1,1,7,248.86789757883975
6,46,1,1,0,3,228.88215797344267
6,56,1,0,1,6,224.0836137651185
6,31,0,1,1,7,229.6358904832673
6,40,1,0,0,4,213.3224097104382
6,42,1,0,1,5,201.35885355745646
6,9,1,0,0,7,213.9864857597542
6,14,0,1,1,4,227.79431080332492
6,12,1,1,1,7,241.99781358108365
6,22,1,0,1,1,231.8397404024722
6,45,1,1,1,4,230.43256762632126
6,47,0,1,1,1,225.33652257266743
6,49,0,1,0,4,215.9109243875621
6,23,1,1,1,3,221.2980585660928
6,5,0,1,1,6,232.23696233783812
6,6,0,1,1,2,225.7652424923273
6,58,1,1,0,4,227.69922992074007
6,19,0,0,1,1,215.31105630929517
6,1,0,1,1,7,224.29300222642084
6,5,0,1,1,3,239.303854418707
6,7,0,1,0,2,217.8032830638404
6,34,1,1,1,7,258.697038931589
6,35,1,1,0,1,231.223976599379
6,50,1,0,1,7,238.34984680510067
6,31,0,1,1,3,223.83188829979494
6,17,1,1,1,7,239.73677108670245
6,29,0,1,1,5,229.98007198617566
6,53,1,0,1,4,228.1728987700847
6,57,1,1,0,1,228.55171509708234
6,45,0,0,1,3,221.41496271036047
6,5,0,1,1,0,226.73784568393435
6,20,1,0,0,5,215.6366339684622
6,46,1,0,1,1,222.59561192411178
6,39,1,0,1,6,228.0978943753358
6,57,0,1,1,5,231.23042596354378
6,15,1,1,0,4,235.39505813274604
6,46,0,1,1,2,227.44898149321622
6,49,1,0,1,2,218.74967510684223
6,9,1,0,1,5,229.76145889824127
6,38,1,0,1,0,227.61066043187265
6,39,1,0,1,3,228.39707221458815
6,8,0,0,1,5,213.72136968568205
6,5,0,1,1,4,228.970272084982
6,51,0,0,1,7,218.03112388495106
6,37,0,1,1,5,230.1136318234709
6,48,1,0,1,6,237.6887340615778
6,48,0,0,1,3,212.3779372412558
6,11,1,0,1,1,228.94780340868095
6,2,0,1,1,6,229.04953880195112
6,7,0,0,1,1,212.622641146614
6,52,1,1,1,4,237.40910105946938
6,35,0,1,1,5,230.86895130253018
6,8,1,1,1,2,193.16441437312292
6,13,1,1,1,6,217.3914938386923
6,19,0,0,1,3,217.66310215806374
6,7,0,1,1,6,237.30635021968706
6,42,1,1,0,7,234.84276386220927
6,26,0,1,1,5,230.25571470304297
6,45,1,0,1,6,215.87061285766077
6,4,0,1,1,4,226.4546505069997
6,27,1,1,0,6,229.22526622879556
6,6,1,1,1,2,210.36144658900056
6,43,1,0,1,7,228.2901707866058
6,47,1,0,1,7,241.20285030227035
6,31,1,1,1,5,232.75012691187246
6,43,1,1,0,2,225.52272339800965
6,1,1,1,1,2,230.95098099270663
6,5,1,0,1,5,231.78475758116176
6,51,0,1,1,4,222.42544302668387
6,52,1,1,1,5,243.77057389188553
6,16,1,1,0,1,232.84114038069362
6,1,1,1,0,1,225.02684189848588
6,4,0,0,1,0,211.7366172715433
6,9,1,0,1,3,229.93888863152694
6,17,0,1,1,2,230.23352138824038
6,57,1,0,1,5,237.70092519770256
6,26,1,0,1,0,229.09230575582114
6,16,1,0,1,1,230.90394450412757
6,6,0,1,1,1,223.72858576146402
6,7,1,0,1,7,238.21411481116778
6,36,1,0,1,2,224.78018737961108
6,40,1,0,1,4,218.06341883421135
6,55,1,1,1,5,247.2931356508489
6,59,1,1,1,4,240.0970866009052
6,56,0,0,1,5,213.92906739508786
6,26,0,1,1,6,229.64608866657403
6,1,1,0,1,3,228.91592880101297
6,4,1,1,1,0,210.11311478158044
6,16,0,0,1,5,220.36453856040112
6,26,0,1,1,1,228.5660403385887
6,45,0,1,1,4,226.64859363538082
6,1,0,1,1,2,227.9367714730113
6,50,1,1,0,3,239.87116291067275
6,35,1,0,1,2,194.75063686512152
6,36,1,0,1,1,224.5223387676434
6,33,1,1,1,3,225.14879560738245
6,5,0,0,1,0,212.05129751150517
6,58,0,1,1,5,227.68874818937866
6,2,1,1,0,4,213.91666595125278
6,33,0,1,1,7,223.89209550260674
6,11,0,1,1,4,228.5414649014811
6,59,1,1,1,7,233.56375489977833
6,59,1,1,0,5,220.5979988692883
6,31,1,0,1,0,226.69946793909486
6,39,1,1,1,5,243.46908771587874
6,46,1,1,1,0,223.5297038640952
6,51,0,1,1,3,228.54946157989977
6,53,0,1,1,4,228.27884864274188
6,53,0,0,1,6,221.91174234684672
6,3,0,1,1,6,218.70988383918024
6,20,0,1,1,1,226.38645067135417
6,40,1,1,1,4,238.01305867078145
6,42,1,1,1,0,239.29680278392172
6,43,1,1,1,7,259.4397168671172
6,47,0,1,1,5,226.48559079254068
6,7,0,1,1,2,228.30502392516433
6,16,0,1,1,3,235.30379095817662
6,3,1,0,1,7,238.4346334579522
6,5,1,1,1,2,206.3245241198595
6,54,0,0,1,4,213.845496019955
6,7,1,0,0,7,215.22272535218573
6,30,1,0,1,4,214.6200541248997
6,36,0,1,1,1,228.58447902855772
6,51,1,1,0,5,228.88686925167647
6,56,1,1,0,3,229.55859331339866
6,58,0,0,1,7,212.75670571631377
6,35,0,1,1,3,231.29050180192644
6,3,1,0,1,1,216.89137569293484
6,34,1,0,1,7,243.50750288799188
6,40,1,1,1,6,184.3456936977387
6,44,1,1,0,5,228.24269082006072
6,50,1,0,1,6,228.9349329900027
6,20,1,1,0,6,230.72804265982398
6,48,1,1,1,6,246.4861677586329
6,53,1,0,1,6,235.8376560719806
6,1,1,0,1,4,229.17548970088427
6,45,1,0,1,7,237.5735484566986
6,8,0,1,1,1,227.70931348149904
6,10,0,1,1,7,227.23312222832257
6,27,0,1,1,2,227.78229900995797
6,3,1,1,0,1,226.9728065480633
6,7,0,1,1,7,226.97212640621078
6,33,1,0,1,6,229.51863019889743
6,8,1,0,1,0,226.5778274362309
6,49,1,1,1,4,190.90154237523973
6,50,1,1,1,4,214.41578995192143
6,51,1,1,1,5,223.53816375032108
6,22,1,0,1,5,232.71633702738578
6,23,1,1,1,4,213.32334063982177
6,20,0,1,1,2,227.05760801593834
6,1,0,1,1,4,226.73593217949607
6,54,0,1,1,0,229.11648354019582
6,15,0,1,1,6,229.10095809359578
6,16,0,0,1,3,226.33508137946023
6,53,1,1,1,2,204.06878602999038
6,12,1,1,1,1,237.82492687381557
6,36,1,1,1,3,189.4652234561142
6,13,0,1,1,7,239.67133717271656
6,41,1,0,1,6,225.58092668989403
6,11,0,1,1,3,231.2282513981236
6,39,1,0,1,1,227.99161673626736
6,11,0,0,1,2,212.55700593573806
6,14,1,0,1,2,236.06558828522992
6,29,1,1,0,4,224.5477759135373
6,13,1,1,0,5,231.33264876902882
6,27,0,1,1,4,228.02488342202633
6,18,0,0,1,5,213.31865189028258
6,22,1,1,1,7,248.65661443809088
6,13,1,1,1,0,226.15576998163556
6,28,1,1,1,4,207.15433476654275
6,54,0,1,1,5,231.4980986869083
6,35,1,0,1,3,228.8394315289227
6,53,1,1,0,3,235.48180167797926
6,0,1,0,1,1,226.4116092935433
6,8,1,0,0,2,212.77832561681072
6,38,0,0,1,3,215.42165112306316
6,45,1,1,1,2,248.21216681458998
6,32,1,0,1,1,229.56203286577826
6,3,0,1,1,7,245.25256940047763
6,4,0,1,1,1,228.1251418255887
6,8,1,1,1,5,259.2766380892131
6,50,0,1,1,6,226.77176179299187
6,14,1,1,1,2,228.79799099659834
6,28,1,0,1,1,228.2759204251126
6,36,0,0,1,7,227.12135110808705
6,44,1,1,1,2,237.13005294600794
6,54,1,0,1,7,225.08768212521963
6,24,0,1,1,1,228.22352883298842
6,4,0,1,1,3,222.76990406066693
6,31,0,0,1,2,214.39972940679402
6,24,1,1,1,7,231.28653839931425
6,20,0,0,1,3,212.39968239162687
6,42,1,1,1,1,243.02794765012044
6,56,1,0,1,4,225.1776182524625
6,5,1,1,1,7,220.03703197356265
6,51,1,0,1,2,220.78380787996022
6,52,1,1,1,6,241.06628633190914
6,33,1,0,1,0,211.5923467163662
6,49,0,1,1,3,228.67337966839773
6,15,1,1,1,1,219.76011206844177
6,56,1,0,1,2,213.62391815466762
6,19,1,0,1,7,227.0637960589031
6,51,1,1,1,1,220.87223877111668
6,52,0,1,1,1,230.21227436461837
6,24,1,1,1,1,172.48879433377044
6,8,0,1,1,7,236.01152519695017
6,39,0,1,1,3,228.49246210790312
6,9,1,1,0,2,226.5274204017907
6,12,1,1,1,4,222.19625546383065
6,5,1,1,1,0,228.07519922094895
6,36,1,1,0,4,226.36127759078346
6,8,1,1,0,4,231.25268662578696
6,35,1,1,1,3,231.15338621113332
6,48,1,1,1,5,230.8709498704347
6,22,1,1,0,2,232.2172429153144
6,28,1,0,1,7,236.2073270145428
6,31,1,1,1,1,200.3319430905574
6,34,1,1,1,2,230.16724778704491
6,18,1,1,1,3,243.19927737714826
6,13,0,0,1,2,213.86483839809392
6,22,0,1,1,7,227.7056627154142
6,11,1,0,1,6,228.46520703469562
6,50,1,1,0,4,229.50969735665393
6,24,0,0,1,0,213.89989466561335
6,44,1,0,1,3,229.8584778073431
6,48,0,1,1,1,227.77884651647886
6,33,1,0,1,2,229.26644266651377
6,57,1,1,1,3,212.50716273006685
6,21,1,0,1,4,228.81218942919548
6,12,1,0,1,4,231.86728914240095
6,47,1,0,1,4,224.33510734813493
6,34,1,1,1,5,233.64465908090574
6,44,0,0,1,4,209.81667194430486
6,58,0,1,1,3,237.98128039852335
6,45,0,1,1,7,237.9565662977369
6,37,1,0,1,6,230.342019282958
6,12,1,0,1,5,232.86258131856204
6,34,1,0,1,2,229.73658713725757
6,49,1,1,1,2,197.89246411151467
6,29,1,1,1,6,205.54256636183163
6,1,0,0,1,5,212.59686378624684
6,23,0,1,1,1,230.61768410651553
6,53,1,0,1,1,227.64860815049315
6,50,1,0,1,5,230.8145838829196
6,20,0,0,1,5,216.58140614768735
6,25,1,1,1,1,238.3022774412524
6,45,1,0,1,2,196.84034919570092
6,18,0,1,1,4,226.14085098095316
6,59,1,0,1,6,234.17047952983603
6,19,0,1,1,1,228.1175682610418
6,38,1,1,0,5,227.7492986090259
6,1,1,1,0,3,225.02883069610732
6,8,1,1,0,5,237.75126013651575
6,13,0,1,1,2,227.8859759175901
6,29,1,1,1,7,231.36050008374795
6,56,1,0,1,3,237.38989059310677
6,4,1,1,1,2,243.63970196668478
6,25,0,0,1,4,215.45827029909924
6,2,1,1,1,6,181.83718385683045
6,35,1,1,1,5,247.92683825869915
6,3,1,1,1,7,190.55578688504298
6,16,0,0,1,4,217.49423078653473
6,45,0,0,1,1,212.41389288315582
10,2,0,0,0,6,25.912956115536993
6,14,0,1,1,7,229.59067426476474
6,22,0,1,1,4,224.54244930208208
6,2,1,1,0,0,225.2159020994486
6,5,1,1,1,6,210.85088293722805
6,6,1,1,1,3,244.30351484138703
6,28,1,1,1,6,226.08806522114924
6,48,0,1,1,7,240.33244082534492
6,11,1,0,1,2,226.95969232413415
6,53,0,1,1,6,229.1824189667477
6,55,0,1,1,6,232.11485254095257
6,56,1,1,1,3,241.60611199738665
6,17,0,1,1,1,230.3082813240993
6,31,1,1,1,3,233.96757567727533
6,35,1,1,1,4,244.09310586360644
6,37,1,1,1,0,236.72746327298137
6,19,1,1,1,2,241.97345843360372
6,29,1,0,1,1,224.83595724675212
6,9,0,1,1,0,228.85726175569297
6,18,0,1,1,6,229.41916810703324
6,44,1,1,1,6,241.93562975502533
6,18,1,1,1,2,231.4992086895929
6,20,1,1,1,5,243.43007668472765
6,1,1,0,1,7,244.50851339181
6,53,1,1,0,2,228.11268912242
6,34,1,0,1,3,229.82727601837865
6,43,1,1,0,6,234.85039807762914
6,26,1,1,1,3,248.70383556046508
6,30,1,0,1,3,226.62971141924018
6,14,1,0,1,5,229.32811436509127
6,28,1,1,1,5,227.20007551896865
6,22,1,1,1,6,244.222522020555
6,12,1,0,1,1,225.27571211704316
6,13,1,0,1,5,205.67560918779077
6,1,1,1,1,1,236.38233282663634
6,13,0,1,1,1,228.3072977337725
6,58,1,0,1,2,226.5321787886555
6,40,1,0,1,3,226.9934826283527
6,27,1,0,1,7,240.04838412334288
6,35,0,1,1,1,231.59096958542875
6,43,1,1,1,1,211.7602227591635
6,18,1,0,1,3,231.87157729355465
6,30,1,1,1,1,240.43416463130401
6,17,0,0,1,7,224.71270682209214
6,35,0,1,1,6,233.89163082583414
6,3,1,0,1,5,222.61719188548776
6,45,1,1,1,1,238.19381037690522
6,55,1,1,1,1,234.40583654426743
6,32,0,0,1,4,215.89526924212927
6,33,0,0,1,6,224.57437980905945
6,39,0,0,1,2,214.19557108752554
6,17,1,0,1,4,230.83734119747086
6,5,0,1,1,7,224.41773320071607
6,18,1,1,1,5,240.97867050765183
6,49,1,0,1,0,213.8341180428382
6,28,1,1,1,3,249.0828226303281
6,29,1,0,1,5,229.74113346315693
6,32,0,0,1,1,215.2266307710857
6,29,1,0,1,3,230.28875265340574
6,16,1,0,1,3,231.97626928300656
6,17,1,1,1,6,230.79381416274836
6,54,0,0,1,6,224.8748349194299
6,14,0,1,1,5,231.0093691805771
6,57,1,1,1,2,218.15952862759312
6,58,1,1,1,2,237.78634440074808
6,7,1,1,1,4,239.48831581435277
6,17,0,0,1,4,217.23669252756125
6,37,1,1,1,4,231.2050879484575
6,1,0,0,1,4,208.84845523978163
6,0,1,0,1,3,227.7929009466741
6,58,1,1,1,4,203.27202246984402
6,27,0,0,1,1,215.14382319742464
6,31,1,1,1,0,180.69267493634223
6,35,1,0,1,7,230.4052082577532
6,50,1,0,1,4,227.74507829122268
6,3,0,0,1,6,213.45832864783713
6,4,1,0,1,4,214.5056218832701
6,0,1,0,1,0,226.8741383769962
6,17,1,1,1,2,220.6621571126972
6,53,1,1,1,1,234.0553509371047
6,54,1,1,1,1,210.31180167608474
6,25,0,1,1,5,233.31230584906035
6,35,1,0,1,0,175.70046711083594
6,18,1,0,1,7,241.31088367257453
6,17,0,1,1,6,231.1323340062881
6,27,1,0,1,4,229.74331465644622
6,11,1,1,1,3,243.0332174586658
6,19,0,1,1,3,231.61684835276859
6,22,1,1,1,2,243.53824053809794
6,20,0,1,1,3,221.35654795669438
6,59,0,1,1,5,226.73308996412203
6,4,1,0,1,3,236.7004136896053
6,24,1,0,1,7,240.03582012996364
6,34,1,1,0,6,225.1937768124123
6,41,1,0,1,4,227.98711190479693
6,18,1,0,1,4,226.3190739381364
6,13,1,0,1,1,222.51422525738363
6,52,1,0,1,3,234.45860156389824
6,2,1,0,1,6,214.76658580210318
6,21,0,0,1,0,211.31952143561105
6,18,0,0,1,4,213.22749958656362
6,22,1,1,1,4,238.44998707907456
6,29,1,0,1,4,231.3533879305117
6,32,0,0,1,7,229.46165360638688
6,53,1,1,1,5,216.95698733823772
6,51,1,0,1,7,215.6122885800496
6,42,1,1,1,6,253.94029715416661
6,13,1,1,0,2,233.64521078618063
6,11,0,1,1,5,230.336140707098
6,43,1,1,1,2,227.88745445848446
6,16,1,1,1,2,226.01546835195984
6,38,0,0,1,5,208.3691154184204
6,6,1,1,1,7,244.2524650352365
6,23,1,0,1,3,237.3322445887756
6,0,1,1,1,6,246.37289272374946
6,42,1,0,1,0,214.53646744262974
6,6,1,1,1,4,229.07371957392576
6,57,1,1,1,0,216.41213626237567
6,47,1,1,1,1,176.83156016126821
6,41,1,0,1,7,223.2969799644441
6,1,1,0,1,0,210.36627720150375
6,18,1,1,1,1,227.07160324840643
6,37,1,0,1,3,226.99454806736895
6,16,1,0,1,7,233.2724430230718
6,22,1,0,1,3,230.50475962324222
6,33,1,1,1,5,232.8462064008961
6,26,1,1,1,1,247.32625236580657
6,10,1,0,1,1,224.97821819556154
6,32,1,0,1,5,222.8603207620963
6,3,1,1,1,0,198.9568347644635
6,13,1,0,1,6,205.06281808545836
6,14,0,1,1,3,240.52230374313498
6,17,1,1,1,3,243.2917532156299
6,13,1,1,1,7,235.8226868929534
6,29,1,0,1,2,228.0715860058971
6,11,1,1,1,1,230.6160877614285
6,27,1,1,1,6,229.09068799737952
6,46,0,1,1,4,226.82066833074566
6,41,1,0,1,5,230.59496277845403
6,23,1,1,1,5,236.5483605603359
6,48,1,1,1,2,242.0789892161616
6,50,1,1,1,3,206.6957897457304
6,51,1,1,1,6,223.83810124212883
6,15,0,0,1,5,213.95647609695837
6,28,1,0,1,4,228.90547121774543
6,35,0,1,1,4,229.0673834994874
6,36,1,1,1,2,178.1396862800173
6,37,1,0,1,2,227.41370864193522
6,11,1,0,1,5,230.70608282408864
6,46,1,1,1,3,219.24666229721944
6,54,1,1,1,5,196.29329217629822
6,2,1,0,1,2,187.72400150710993
6,18,0,0,1,6,209.84909034493907
6,56,0,1,1,3,229.20753836078896
6,1,0,0,1,1,211.93725059955048
6,47,1,1,1,2,204.8944300779895
6,41,0,1,1,1,228.3074431865679
6,36,1,1,1,6,204.41087901132175
6,7,1,1,1,3,228.7982422524257
6,14,1,1,1,3,258.02907488592984
6,7,1,0,1,5,226.9902432995537
6,34,1,1,1,0,234.83592341905918
6,25,1,1,1,7,254.80088026205917
6,15,0,1,1,0,230.540195108679
6,40,1,0,1,5,221.52477849040986
6,35,1,0,1,6,237.30290183393825
6,9,0,1,1,4,231.09950935061917
6,36,1,0,1,5,220.03703931837708
6,48,1,1,1,1,239.59910019043818
6,9,1,0,1,1,224.43777112006953
6,19,0,0,1,7,214.1269839622144
6,31,1,1,1,7,247.69373193921575
6,27,1,1,0,0,228.3921625131586
6,0,1,1,1,2,225.31118378355652
6,8,1,1,1,3,227.43880208631762
6,23,0,1,1,5,231.98124442559862
6,46,1,0,1,4,227.3824213467792
6,16,0,1,1,5,229.38805819503816
6,12,1,0,1,7,253.6882546933951
6,48,1,0,1,5,229.29729870267408
6,32,1,1,1,1,244.07208645158653
6,57,1,1,1,6,244.0622027773314
6,33,1,1,1,2,225.41819804120547
6,35,1,1,1,1,222.75838840250296
6,34,1,0,1,6,228.0329166624953
6,16,0,0,1,2,219.3786775297906
6,15,1,1,1,5,221.2091725589185
6,47,1,0,1,3,232.2306351459153
6,1,1,0,1,2,221.6968805671269
6,11,1,1,1,7,249.87359016564088
6,25,1,1,1,4,232.95493092053357
6,42,1,0,1,6,222.28560463808938
6,4,0,1,1,5,225.48718496503312
6,37,1,1,1,2,244.46999133493168
6,26,1,1,1,2,244.6597004437875
6,51,1,1,1,0,217.38425716480393
6,17,0,1,1,3,230.88035174934276
6,12,1,1,1,6,242.09482297422565
6,42,0,1,1,1,226.4226368117723
6,17,0,1,1,4,230.55170710966112
6,23,1,0,1,7,228.9120391503719
6,18,0,0,1,0,213.4306600885441
6,32,1,1,1,5,247.51011967949864
6,35,1,1,1,6,228.3991350370673
6,44,1,0,1,6,219.33587325469878
6,38,1,1,1,1,222.77080208919838
6,34,1,0,1,5,216.22451816125388
6,57,1,0,1,3,228.28798903609797
6,17,1,1,1,5,252.18664826122765
6,46,1,1,1,5,222.41341654977222
6,54,1,0,1,5,223.8287407927157
6,27,1,1,1,3,240.6186707169203
6,4,1,1,1,4,220.42426252505763
6,58,1,0,1,7,223.96240771662295
6,40,1,1,1,2,208.64667264379926
6,11,1,0,1,3,227.5238276965967
6,53,1,1,1,6,231.26475785027165
6,0,1,1,1,3,246.95565587169435
6,15,1,0,1,6,227.86779790639685
6,16,1,1,1,7,242.1891107862517
6,25,0,0,1,7,215.66066288519494
6,9,1,1,1,6,226.10514005109533
6,36,1,1,1,7,253.19368973348855
6,24,1,0,1,1,226.85341543402524
6,52,1,1,0,2,228.20683343586228
6,10,0,1,1,2,228.76470872819328
6,16,0,1,1,4,230.07259692808674
6,13,1,0,1,0,220.93705290530346
6,38,0,1,1,4,227.69925566958864
6,23,1,1,1,0,221.17157456444417
6,6,1,1,1,6,224.82318072970526
6,54,1,1,1,3,232.13117610677892
6,32,1,1,1,7,246.97047356554307
6,30,1,0,1,6,218.97177485255335
6,19,1,0,1,6,228.77158345068378
6,16,0,1,1,2,233.64657333063047
6,23,1,1,1,6,217.96160895250273
6,50,1,0,1,1,227.8167633699588
6,58,1,1,1,1,220.13162739390836
6,12,1,1,1,3,234.50100905812204
6,52,1,0,1,1,225.9704083561942
6,21,1,1,1,4,231.58254118815108
6,44,1,0,1,2,225.96113661603235
6,58,1,1,1,7,222.67667456701238
6,50,1,0,1,3,228.73855133768166
6,27,0,1,1,0,226.91284500147992
6,25,0,0,1,1,214.5977835035815
6,2,1,1,1,3,189.99696266700482
6,15,1,0,1,2,226.46563557293678
6,14,1,1,1,4,235.61244533386497
6,18,0,1,1,2,226.8210777998764
6,9,1,1,1,5,231.5428528873277
6,1,1,1,1,4,245.7746056931495
6,25,1,1,1,3,239.5146800489329
6,2,1,0,1,4,165.11196026948647
6,52,1,0,1,5,233.65569387751347
6,39,1,1,1,6,249.45643747848007
6,59,1,1,1,6,232.40847088407276
6,16,1,1,1,4,223.31930336749255
6,26,1,0,1,2,231.492534994991
6,27,1,1,1,4,194.4793652214243
6,9,1,1,1,7,224.63332656036653
6,56,1,0,1,5,225.39453138250457
6,23,1,0,1,2,192.52261332160865
6,43,1,0,1,5,228.0147647194218
6,11,1,1,1,2,218.91608393911028
6,12,1,1,1,5,244.46474762095698
6,4,1,0,1,1,204.81458489950498
6,36,1,1,1,1,218.8367393478165
6,57,1,1,1,5,232.17080034982243
6,33,1,1,1,6,247.01118463109023
6,17,1,1,1,1,217.59229980195693
6,41,1,1,1,4,231.31869031964004
6,17,1,1,1,4,234.4877038526115
6,47,1,0,1,5,226.77206479101773
6,11,1,1,1,4,231.18647359328708
6,15,1,1,1,6,230.79246837795762
6,16,1,0,1,6,226.60032210617226
6,52,1,1,1,1,223.88861163736166
6,9,1,1,1,3,175.54004177863857
6,21,1,0,1,7,239.9727393983711
6,25,1,1,1,5,225.39894940508157
6,45,1,1,1,5,224.82925391983696
6,35,1,1,1,7,251.33767793971145
6,51,1,1,1,7,256.9982550788817
6,18,1,1,1,4,226.69143312233584
6,21,1,0,1,2,230.19994368139905
6,2,1,0,1,3,201.82572691842623
6,18,1,1,1,7,250.23860225661036
6,24,1,1,1,5,211.97989664693964
6,9,1,1,1,1,218.05071425010786
6,5,1,1,1,5,248.57184660372417
6,2,1,1,1,5,204.37950066069612
6,43,1,1,1,4,204.9713215900874
6,21,1,1,1,2,227.0048205467492
6,18,1,0,1,6,229.39583747283046
6,8,1,0,1,6,235.15238287017618
6,21,1,1,1,6,201.35927034421098
6,2,1,0,1,5,198.70093435571337
6,17,0,0,1,0,212.21307967981113
6,29,1,1,1,2,211.27920268109335
6,0,1,1,1,4,205.80644380107438
6,38,1,1,1,7,228.23627047031178
6,46,1,1,1,4,228.2471254649515
6,9,1,0,1,4,224.71084663293496
6,45,1,0,1,3,225.27657592187907
6,39,1,1,1,4,240.97130845325674
10,1,1,1,0,3,48.90412744294776
6,38,1,1,1,3,211.6549918067508
6,28,1,1,1,1,228.359368058541
6,51,1,1,1,3,241.31247220782157
6,1,1,1,1,7,241.62681156889198
6,49,1,1,1,3,215.09029078149794
6,10,1,1,1,5,249.10562732090915
6,8,1,0,1,5,229.14255335475661
6,5,1,0,1,3,209.9553079330474
6,51,1,0,1,1,228.2746794303892
6,42,1,1,1,4,236.96422767346917
6,10,1,1,1,0,232.57271182481685
6,36,1,0,1,7,237.37342333078354
6,38,1,1,1,5,227.66472659470418
6,43,1,0,1,3,227.99720892699
6,30,1,1,1,2,241.50429162999018
6,11,1,0,1,4,229.0036827970027
6,57,1,1,1,4,207.12915765317007
6,47,1,0,1,1,227.35047146798965
6,20,1,1,1,2,233.79440085488704
6,13,0,0,1,5,221.4877818044775
6,43,1,1,1,5,166.92378445815018
6,23,1,1,1,2,219.58570264911185
6,57,1,0,1,0,221.73588627833342
6,49,1,1,1,7,233.7318368569898
6,38,1,1,1,6,245.70678552282112
6,40,1,1,1,5,232.23992810967715
6,50,1,0,1,2,224.38986349626583
6,13,1,0,1,4,217.41219788642837
6,47,1,0,1,2,229.7782899200833
6,8,1,0,1,4,219.80185703755564
6,15,1,0,1,5,230.72353876570503
6,24,1,0,1,6,233.7190355350003
6,16,1,1,1,6,195.54672990173339
6,18,0,1,1,7,236.37733045700568
6,10,1,1,1,3,230.18569306302044
6,10,1,0,1,7,231.29704377997095
6,58,1,1,1,6,221.38028589711956
10,1,0,0,0,4,22.49702131494695
6,16,0,1,1,7,244.6334128458487
6,43,1,1,1,6,207.24869369866576
6,20,1,1,1,3,234.95855835358316
6,45,1,1,1,6,228.2886333003464
6,53,1,1,1,7,202.05972956419168
6,49,1,1,1,5,222.72247826992154
6,41,1,1,1,1,232.20144235072354
6,20,1,1,1,1,227.09182456381296
6,16,1,1,1,1,202.98969534204562
6,15,1,1,1,3,196.59066962923427
6,42,1,1,1,5,238.11142964448277
6,8,1,1,1,1,216.0998099717889
6,50,1,1,1,0,199.43231735756896
6,24,1,1,1,3,224.24639063176804
6,4,1,1,1,3,232.91698136821378
6,10,1,1,1,7,241.02664824864195
6,35,1,1,1,2,228.78595282133412
6,33,1,1,1,1,232.09763324208822
6,18,1,0,1,1,216.49205438186573
6,50,1,1,1,2,177.59025709298552
6,28,1,1,1,2,199.21809058154145
6,40,1,1,1,1,208.1522501519877
6,47,1,1,1,7,259.46533003512576
6,14,1,1,1,1,234.9292890441344
6,52,1,1,1,3,227.37831754432736
6,2,1,1,1,7,168.22464534013085
6,15,1,0,1,4,223.09081898678753
6,16,1,0,1,5,240.78845870844827
6,36,1,1,1,5,219.0453196450496
6,15,1,0,1,1,229.13120394691398
6,16,1,0,1,4,220.42779565664745
6,27,1,1,1,1,241.99460909949482
6,20,1,1,1,0,235.27417468017313
6,19,1,1,1,7,243.6906769917842
10,1,1,0,1,3,27.159514879234024
6,10,1,1,1,2,238.84484308051398
6,45,1,1,1,3,232.94702397836375
6,50,1,1,1,1,160.02145953778796
6,21,1,1,1,3,201.06433297475976
6,43,1,1,1,3,212.41559025391794
6,41,1,1,1,5,222.70847517603426
5,19,0,1,1,0,0.0
5,20,0,1,1,0,93.60130678272797
5,21,0,1,1,0,2.128144329607976
5,22,0,1,1,0,60.349210267479094
5,23,0,1,1,5,99.1454619316631
5,24,1,1,0,7,119.99747814633146
5,25,0,0,1,0,0.20248263171616776
5,26,0,0,1,0,30.024676131548254
5,27,0,0,1,0,90.09138379690961
5,28,0,0,1,0,21.133907687382226
5,29,0,0,1,0,86.90319893411491
5,30,0,0,1,3,93.79228432632229
5,31,0,1,0,0,83.37747058579681
5,32,0,1,0,0,87.87988375414122
5,33,0,1,0,0,91.42919059195916
5,34,0,1,0,0,68.13009485806157
5,35,0,1,0,0,35.86532352381561
5,36,0,1,0,0,87.09474118283603
5,37,0,1,0,0,91.47638622331115
5,38,0,1,0,0,39.32422835599708
5,39,0,1,0,0,81.71683751189808
5,40,0,1,0,0,50.22611635966925
5,41,0,1,0,0,81.66242443052136
5,42,0,1,0,0,85.92267370184491
5,43,0,1,0,0,30.341495245260532
5,44,0,1,0,0,83.50394621115491
5,45,0,1,0,0,22.829316265112617
5,46,0,1,0,0,86.96244275714055
5,47,0,1,0,0,92.41056525940219
5,48,0,1,0,0,96.96730771205598
5,49,0,1,0,0,50.72317624038061
5,50,0,1,0,0,32.42824963897295
5,51,0,1,0,0,20.102599579047716
5,52,0,1,0,0,0.39634
5,53,0,1,0,3,99.86901762845524
5,54,0,0,0,0,52.92743728496055
5,55,0,0,0,0,34.918542450724274
5,56,0,0,0,0,68.90020766439751
5,57,0,0,0,0,72.32240835879372
5,58,0,0,0,0,42.86753157037832
5,59,0,0,0,0,54.741162895972664
5,56,0,0,1,0,20.561246746866612
5,57,0,0,1,0,4.996214990242435
5,58,0,0,1,0,61.51791644206277
5,59,0,0,1,0,78.53647163687292
5,49,1,0,1,0,0.0
5,50,1,0,1,0,0.0
5,51,1,0,1,0,0.030276740587499996
5,52,1,0,1,0,27.607024618761976
5,53,1,0,1,0,70.69430210222683
5,54,1,0,1,7,103.11609080073984
5,32,0,0,0,0,54.8428478946425
5,33,0,0,0,0,73.21524791495976
5,34,0,0,0,0,76.29557102756036
5,35,0,0,0,0,70.6978281332069
5,36,0,0,0,0,75.87746975384735
5,37,0,0,0,2,67.49002812919959
5,38,0,0,0,0,9.844101228642456
5,39,0,0,0,0,57.71041384108021
5,40,0,0,0,0,60.84902600773992
5,41,0,0,0,0,64.13311245456981
5,42,0,0,0,0,67.19844791718134
5,43,0,0,0,0,70.129219438283
5,44,0,0,0,0,56.15464206261386
5,45,0,0,0,0,46.36820940184453
5,46,0,0,0,0,65.05280650443862
5,47,0,0,0,0,68.90485983373138
5,48,0,0,0,0,72.87278691295896
5,49,0,0,0,0,76.88772760991469
5,50,0,0,0,1,50.57530983771322
5,51,0,0,0,0,78.84404311687433
5,52,0,0,0,0,61.89881249592452
5,53,0,0,0,0,77.77269966108116
5,0,0,0,0,0,66.42648883760064
5,1,0,0,0,0,69.90516310936783
5,2,0,0,0,0,72.66701982714969
5,3,0,0,0,0,50.16300483238065
5,4,0,0,0,0,73.88993596121492
5,5,0,0,0,0,78.5082822140544
5,6,0,0,0,0,67.76560387699354
5,7,0,0,0,0,72.45739785060749
5,8,0,0,0,0,53.170375615972205
5,9,0,0,0,0,68.98741218924913
5,10,0,0,0,0,72.8826415724549
5,11,0,0,0,0,76.92752865452678
5,12,0,0,0,0,63.122888030731
5,13,0,0,0,0,76.26588337195838
5,14,0,0,0,0,80.38169807553732
5,15,0,0,0,0,54.31388550351089
5,16,0,0,0,0,48.97009356120819
5,17,0,0,0,0,73.63698274942777
5,18,0,0,0,0,46.540539913138794
5,19,0,0,0,0,70.41460790687874
5,20,0,0,0,0,73.163599278454
5,21,0,0,0,0,47.225208825518656
5,22,0,0,0,0,73.61050191130087
5,23,0,0,0,0,77.65225388750581
5,24,0,0,0,1,52.40912103747216
5,25,0,0,0,0,85.75689962445628
5,26,0,0,0,0,63.902919463820986
5,27,0,0,0,0,56.434654933422735
5,28,0,0,0,0,25.57865032084953
5,29,0,0,0,0,6.545936509729882
5,30,0,0,0,0,71.48217736217742
5,31,0,0,0,0,75.36450543259568
5,37,0,0,0,0,65.75019307077079
5,43,0,0,0,4,60.708724154005026
5,46,0,0,0,7,50.10176575649362
5,47,1,1,0,6,120.11804994693357
5,50,0,1,0,4,8.915110185096925
5,51,1,1,0,6,112.8091491703505
5,54,0,1,0,0,83.86028060186023
5,55,0,1,0,2,88.39575834280785
5,14,1,1,1,0,36.53704852421197
5,15,1,1,1,0,66.46373754391894
5,16,1,1,1,0,90.42392376863963
5,17,1,1,1,4,101.5453762248216
5,18,0,1,1,0,90.28697802840041
5,19,0,1,1,1,94.51757648204534
5,20,0,1,0,0,84.14562601903211
5,21,0,1,0,0,88.47318829307608
5,22,0,1,0,0,92.7197354358936
5,23,0,1,0,0,42.283740014194564
5,24,0,1,0,0,86.48034531410272
5,25,0,1,0,0,91.92062070806638
5,26,0,1,0,0,97.3039204542975
5,27,0,1,0,0,60.45632140628939
5,28,0,1,0,0,35.5562452669022
5,29,0,1,0,0,19.7630808556472
5,30,0,1,0,0,78.20442509149446
5,43,0,1,0,3,91.38573564200175
5,49,0,1,0,3,102.05509007708568
5,51,0,1,0,4,17.94413967392731
5,52,0,1,0,3,97.21990693790998
5,59,0,0,0,1,43.26804139284236
5,53,1,1,0,0,97.08426774659338
5,54,1,1,0,0,8.425600234806431
5,55,1,1,0,0,100.42558680779635
5,56,1,1,0,0,18.791297002696254
5,57,1,1,0,0,18.862580019757832
5,58,1,1,0,7,104.2744296659328
5,59,1,1,1,0,80.84960124415888
5,47,0,0,0,1,50.943617351535806
5,50,0,0,0,0,49.59088636550473
5,6,0,0,0,1,56.333346281623975
5,7,0,0,0,5,55.895062586307375
5,18,0,0,0,4,59.09870958518788
5,24,0,0,0,0,81.71376636186842
5,32,0,0,0,6,65.91071378825896
5,34,0,1,0,2,96.43888776095773
5,47,0,0,0,5,58.217797031569134
5,53,0,0,0,5,50.02415267804054
5,54,0,0,0,6,82.479457795995
5,44,0,0,1,0,82.32169430178733
5,45,0,0,1,0,21.059744121027116
5,46,0,0,1,0,76.7988301592834
5,47,0,0,1,0,81.18481421249011
5,48,0,0,1,0,85.81883795661768
5,49,0,0,1,0,1.6252943043377415
5,50,0,0,1,0,80.31084344827924
5,51,0,0,1,0,85.67230644104207
5,52,0,0,1,2,50.91155298883636
5,53,0,0,1,0,95.69253787395071
5,54,0,0,1,0,47.60703059957302
5,55,0,0,1,0,87.69814436413938
5,58,0,0,0,4,52.4908630274316
5,59,0,0,0,5,31.919138370819134
5,0,1,0,0,0,76.56479694276916
5,1,1,0,0,0,84.09022790338445
5,2,1,0,0,0,0.0
5,3,1,0,0,0,0.0
5,4,1,0,0,0,15.067158888491345
5,5,1,0,0,0,98.24412116952759
5,6,1,0,0,0,17.974060833451368
5,7,1,0,0,0,9.527075930027962
5,8,1,0,0,0,0.34956735863514954
5,9,1,0,0,0,67.90257159817268
5,10,1,0,0,0,84.56433619858859
5,11,1,0,0,0,91.16139183444918
5,12,1,0,0,0,95.84661103597996
5,13,1,0,0,0,35.73389117495631
5,14,1,0,0,0,8.886677969124879
5,15,1,0,0,0,100.16339553585439
5,16,1,0,0,0,8.839985153065772
5,17,1,0,0,0,87.5535309791481
5,18,1,0,0,0,92.18043633859028
5,19,1,0,0,0,41.33502199623614
5,20,1,0,0,0,96.4281589920351
5,21,1,0,0,0,101.66383711666815
5,22,1,0,0,0,36.939517782787334
5,23,1,0,0,0,86.05497451897718
5,24,1,0,0,0,90.6513233255281
5,25,1,0,0,0,95.45918532094008
5,26,1,0,0,0,8.558020947937969
5,27,1,0,0,0,85.06665717159352
5,28,1,0,0,1,17.907876245176993
5,29,1,0,0,0,41.675828483371944
5,30,1,0,0,0,88.56364013310865
5,31,1,0,0,0,1.2280358997881433
5,32,1,0,0,0,10.153529216790346
5,33,1,0,0,0,0.5335744098756954
5,34,1,0,0,0,90.41083641912198
5,35,1,0,0,0,0.0
5,36,1,0,0,0,2.570226660380173
5,37,1,0,0,0,78.20104140428333
5,38,1,0,0,0,38.58471641921714
5,39,1,0,0,0,22.284981385735534
5,40,1,0,0,0,6.925153683200001e-06
5,41,1,0,0,0,26.179963166815053
5,42,1,0,0,0,76.09119860102918
5,43,1,0,0,0,80.2953363810445
5,44,1,0,0,0,84.74542276547858
5,45,1,0,0,0,89.40891997626356
5,46,1,0,0,0,55.52514107579834
5,47,1,0,0,0,87.89318999211923
5,48,1,0,0,0,26.27263418879881
5,49,1,0,0,0,85.41594367765023
5,50,1,0,0,0,90.52305278198796
5,51,1,0,0,4,95.49976239116982
5,57,0,0,0,2,49.151415468112226
5,1,0,1,1,0,75.09198659191648
5,2,0,1,1,0,0.0
5,3,0,1,1,0,0.0
5,4,0,1,1,0,21.467597393298504
5,5,0,1,1,0,71.5966741517195
5,6,0,1,1,0,9.445416882576529
5,7,0,1,1,0,101.20891482629379
5,8,0,1,1,0,106.62192106319081
5,9,0,1,1,2,112.7991118759023
5,10,0,0,1,0,0.26533500000000004
5,11,0,0,1,0,0.0
5,12,0,0,1,0,85.82256963164609
5,13,0,0,1,0,89.9442610393716
5,14,0,0,1,0,95.16984713443946
5,15,0,0,1,0,11.94538123186733
5,16,0,0,1,0,86.06297206368683
5,17,0,0,1,0,12.576852599354247
5,18,0,0,1,0,83.45721888618289
5,19,0,0,1,6,2.7947020611151747
5,20,1,0,1,0,73.0403437183297
5,21,1,0,1,0,92.49008735631979
5,22,1,0,1,0,103.99426299056978
5,23,1,0,1,0,109.23508270738256
5,24,1,0,1,0,0.0
5,25,1,0,1,0,6.762028837746245
5,26,1,0,1,0,41.87138363176093
5,27,1,0,1,0,82.63823325711306
5,28,1,0,1,0,0.0
5,29,1,0,1,0,54.07314429149289
5,30,1,0,1,0,3.632259691601777
5,31,1,0,1,0,0.0
5,32,1,0,1,0,109.93338387349574
5,33,1,0,1,0,2.9388767944599578e-06
5,34,1,0,1,0,0.00019178432859403368
5,35,1,0,1,0,0.006034989627648108
5,36,1,0,1,0,31.9126884791586
5,37,1,0,1,0,0.35373739379510116
5,38,1,0,1,0,89.749777601364
5,39,1,0,1,0,1.791631834026027
5,40,1,0,1,0,1.0054054939271158
5,41,1,0,1,0,91.41238265447815
5,42,1,0,1,3,100.23092192460722
5,46,1,0,0,6,94.87157411718972
5,55,0,0,0,2,37.87916422699241
5,56,0,1,0,0,84.87140609869759
5,57,0,1,0,0,49.433924342972745
5,58,0,1,0,0,28.502743979834545
5,59,0,1,0,0,58.05814915166003
5,49,0,0,0,7,58.298707778215494
5,51,0,0,0,6,39.72977652409645
5,57,0,1,0,2,89.556302041066
5,59,0,0,0,7,45.20032751649916
5,48,0,0,0,7,45.7529635378708
5,53,0,0,0,3,55.27653535590984
5,59,0,0,0,3,70.11259289652328
5,28,1,0,0,0,90.06981912989069
5,31,1,0,0,3,14.87500538137452
5,59,0,1,0,3,87.42986563408496
5,18,0,0,0,6,68.41988390516178
5,22,1,0,0,6,106.40406408543782
5,23,1,1,0,0,113.62175047323865
5,35,0,0,0,2,57.075042273271436
5,38,0,1,0,7,94.05601171615292
5,43,0,0,0,6,59.34711376682451
5,49,0,0,0,4,47.58899638807291
5,19,0,0,1,0,87.14640956801288
5,20,0,0,1,0,91.2920198810444
5,21,0,0,1,0,13.319855755214832
5,22,0,0,1,0,1.1360272194275534
5,23,0,0,1,0,0.020220989162791914
5,24,0,0,1,0,0.18381569580391183
5,40,0,0,0,4,31.35417330166122
5,49,0,0,0,1,41.489255958390146
5,52,1,0,0,0,15.3599205652734
5,53,1,0,0,0,1.8211642750654164
5,54,1,0,0,0,0.3914033725
5,55,1,0,0,3,40.72518752153377
5,56,1,0,0,0,84.67063519775026
5,57,1,0,0,0,5.995721449297622
5,58,1,0,0,0,70.60049403008884
5,59,1,0,0,0,7.062202293930561
5,3,1,0,0,6,95.24771121242242
5,4,0,1,0,0,91.48000210054104
5,5,0,1,0,0,32.41140579547224
5,6,0,1,0,0,92.32561307012196
5,7,0,1,0,0,15.883883983998064
5,8,0,1,0,0,93.15962858011554
5,9,0,1,0,0,52.210502712947715
5,10,0,1,0,0,8.807543712744394
5,11,0,1,0,0,88.27370354198295
5,12,0,1,0,0,8.318916018768546
5,13,0,1,0,0,1.1055784473829409
5,14,0,1,0,0,91.3990916047937
5,15,0,1,0,0,2.661508343539545
5,16,0,1,0,0,61.33340169661967
5,17,0,1,0,0,90.11200093169664
5,18,0,1,0,0,35.13387221739856
5,19,0,1,0,0,39.648676218441864
5,36,0,0,0,3,64.94229216911097
5,39,0,0,1,0,0.0
5,40,0,0,1,0,0.0
5,41,0,0,1,0,70.58474151784536
5,42,0,0,1,0,74.69259907271642
5,43,0,0,1,0,78.5240003457924
5,44,0,0,1,6,5.814969357149771
5,45,1,1,1,0,0.0
5,46,1,1,1,0,0.0
5,47,1,1,1,0,0.04309324169152893
5,48,1,1,1,0,0.6005096946052647
5,49,1,1,1,0,3.347487052643746
5,50,1,1,1,0,13.42053969357521
5,51,1,1,1,0,40.20546345228685
5,52,1,1,1,0,0.0
5,53,1,1,1,0,13.14691333966549
5,54,1,1,1,0,64.79005556203415
5,55,1,1,1,0,0.45361853849542116
5,56,1,1,1,0,15.130934926099183
5,57,1,1,1,0,75.0401091229034
5,58,1,1,1,0,8.363288490095485
5,46,0,0,0,3,21.94095526199779
5,52,0,0,0,3,80.39552987963825
5,57,0,0,0,3,35.63280276336079
5,35,0,1,0,6,96.06827203064601
5,38,0,1,0,6,75.45636438683331
5,52,0,0,1,0,90.28901718504805
5,54,0,0,1,6,54.78431663841081
5,56,0,0,1,3,94.71840425615879
5,53,0,0,1,2,49.309754320658364
5,54,0,0,1,7,103.8272538490295
5,55,1,0,0,0,19.60630464643299
5,30,1,1,0,0,5.465826534143443
5,31,1,1,0,0,85.53627057414856
5,32,1,1,0,0,123.84401344075793
5,33,1,1,0,0,0.0
5,34,1,1,0,0,0.772233656824709
5,35,1,1,0,0,2.978853751684323
5,36,1,1,0,0,17.841325842295632
5,37,1,1,0,0,99.05886198420379
5,38,1,1,0,0,45.41994720408282
5,39,1,1,0,0,21.828754867229552
5,40,1,1,0,0,0.5225183542757997
5,41,1,1,0,0,2.224905112896697
5,42,1,1,0,0,57.913802112204955
5,43,1,1,0,0,94.31173168378268
5,44,1,1,0,0,100.1784812571762
5,45,1,1,0,0,105.69429019927797
5,46,1,1,0,0,111.85443145940853
5,52,0,1,0,2,18.85516477121041
5,30,0,0,0,6,25.02316029717092
5,48,0,0,0,5,50.412862062875575
5,50,0,0,0,5,80.46818097860017
5,27,1,1,0,0,17.588852476451038
5,28,1,1,0,0,8.977987889127338
5,29,1,1,0,0,1.1508162751810482
5,37,1,1,0,1,19.854845521610393
5,38,1,1,0,6,102.89345097226098
5,55,0,1,1,0,96.554945503139
5,56,0,1,1,0,0.8590154735350425
5,57,0,1,1,0,1.2540195616539673
5,58,0,1,1,0,80.61539768164202
5,59,0,1,1,0,91.38324363182208
5,19,1,0,0,6,96.80203492502791
5,26,0,0,0,6,78.95803383064525
5,27,0,1,0,3,103.09010189325625
5,41,0,0,0,3,58.60246209790097
5,52,0,0,0,7,63.364397867359905
5,55,1,0,0,5,88.70708571487793
5,33,1,0,0,3,3.643727732764005
5,57,0,0,0,4,49.15940251610792
5,6,0,0,0,6,55.25999549206456
5,25,0,0,0,2,77.46836636054007
5,37,0,0,0,6,77.66644899221407
5,46,1,0,0,7,64.59859147277506
5,53,0,0,0,4,53.727990715807785
5,50,1,0,0,2,17.107832611367215
5,55,0,0,0,4,36.95206308479359
5,40,1,0,0,1,25.432427149602372
5,45,1,0,0,5,37.1128537233144
5,51,1,0,0,0,49.19835704607953
5,42,1,0,0,1,12.853234776395725
5,57,0,1,0,5,55.53241415468398
5,58,0,1,0,5,84.68700605542693
5,51,0,0,1,6,28.523136593988976
5,58,0,0,0,6,58.263312166376544
5,21,0,0,0,2,59.48685032489208
5,36,0,0,0,5,54.58275973706737
5,59,1,0,0,4,78.27180745438798
5,44,0,0,0,1,58.59754360972732
5,26,0,0,0,3,89.28100072456989
5,28,0,1,1,0,109.5300273989499
5,29,0,1,1,0,63.28337584092965
5,30,0,1,1,0,15.6474162009722
5,31,0,1,1,0,106.60759536749936
5,32,0,1,1,0,0.0
5,33,0,1,1,0,81.88564605658819
5,34,0,1,1,0,0.0
5,35,0,1,1,0,6.809787055545801
5,36,0,1,1,0,35.008420976663565
5,37,0,1,1,0,68.48656722294622
5,38,0,1,1,0,96.8294118830977
5,39,0,1,1,0,0.0
5,40,0,1,1,0,39.423949242448614
5,41,0,1,1,0,91.2275028432664
5,42,0,1,1,0,0.0
5,43,0,1,1,0,85.4690623471871
5,44,0,1,1,0,90.3617975134492
5,45,0,1,1,0,95.32524483815988
5,46,0,1,1,0,100.64186478526541
5,47,0,1,1,0,0.0
5,48,0,1,1,0,83.56078043576782
5,49,0,1,1,0,0.4983304473906519
5,50,0,1,1,0,0.0
5,51,0,1,1,0,1.4262688590015926
5,52,0,1,1,0,89.00685096398924
5,53,0,1,1,0,104.26248772851176
5,54,0,1,1,0,6.115856329244184
5,4,1,0,1,0,89.6346896569544
5,5,1,0,1,0,97.45976528623655
5,6,1,0,1,0,0.0
5,7,1,0,1,0,67.39800004679987
5,8,1,0,1,0,0.1157401684391369
5,9,1,0,1,0,5.612343727435077
5,10,1,0,1,0,35.66042063622995
5,11,1,0,1,0,111.28129069062693
5,12,1,0,1,0,1.148470319503701
5,13,1,0,1,0,102.7847032913871
5,14,1,0,1,1,108.38640532518042
5,40,1,0,0,7,87.7850359222591
5,41,1,0,0,5,84.08718334268215
5,27,0,0,0,7,88.73951417794721
5,34,0,0,0,1,47.24562276482576
5,49,0,1,0,7,63.07035543252008
5,32,0,1,1,5,111.56006403034327
5,35,1,1,0,1,-0.002
5,36,1,1,1,0,0.5015895339544704
5,37,1,1,1,0,0.002826034766236938
5,38,1,1,1,0,18.26485902230312
5,39,1,1,1,0,103.19455975178849
5,40,1,1,1,0,0.0
5,41,1,1,1,0,0.0
5,42,1,1,1,0,3.126669136469986
5,43,1,1,1,0,25.832927253152224
5,44,1,1,1,0,65.7548120829254
5,6,0,0,0,3,85.2552604357199
5,12,0,0,0,7,74.56999895144291
5,31,0,0,1,0,81.67748023753816
5,32,0,0,1,0,0.004383966562915819
5,33,0,0,1,0,55.993600371489684
5,34,0,0,1,0,83.49434294452897
5,35,0,0,1,0,1.7055399468821124
5,36,0,0,1,0,71.44265331672709
5,37,0,0,1,0,0.06224449290261635
5,38,0,0,1,0,54.94317567014613
5,18,0,0,0,3,57.591314980814616
5,28,0,0,1,2,94.73494950314509
5,15,0,0,0,6,64.60251919346446
5,16,0,0,0,7,51.47345917096598
5,17,0,1,1,0,22.24500179307265
5,34,0,1,0,6,73.21353781145365
5,58,0,0,0,3,75.42456210393982
5,33,0,1,0,5,50.59778107000381
5,56,0,1,1,5,106.04488589818742
5,0,1,1,1,0,85.53070476196437
5,1,1,1,1,0,90.52359904591768
5,2,1,1,1,0,95.70159855235669
5,3,1,1,1,0,101.19442520590577
5,4,1,1,1,0,107.18144357530451
5,5,1,1,1,0,113.86584015601281
5,6,1,1,1,0,5.205022425830625
5,7,1,1,1,0,0.0
5,8,1,1,1,0,8.14736105039351
5,9,1,1,1,7,49.06338022285178
5,31,0,0,0,4,34.68909635806568
5,40,0,0,1,5,61.50349952566711
5,49,0,0,1,1,90.75069526595978
5,10,1,1,0,0,0.7461456834830671
5,11,1,1,0,0,0.0
5,12,1,1,0,0,86.96256578862462
5,13,1,1,0,3,106.91181419498493
5,19,1,0,0,3,16.991413185058377
5,20,1,1,0,0,107.22572685699663
5,21,1,1,0,0,112.90968731358812
5,22,1,1,0,0,20.276229424470078
5,39,1,0,0,6,87.47514450205904
5,49,0,0,0,3,54.251470787245395
5,52,1,1,0,0,79.93043912434045
5,54,1,1,0,7,106.71282978833081
5,0,0,0,1,1,84.22123374463854
5,25,0,0,0,1,68.95784873080788
5,26,0,0,0,7,76.36175215911858
5,27,1,0,0,3,8.421076065813345
5,38,1,0,0,5,80.2921776372664
5,48,0,0,0,1,51.59439933028472
5,57,0,0,1,7,92.59198130353249
5,24,0,0,0,2,50.3644567015172
5,40,0,0,0,6,36.24043065731119
5,17,0,0,0,4,54.80531133100908
5,22,0,1,0,1,49.916031012444456
5,28,0,1,0,3,93.39954407900646
5,41,0,1,0,4,25.12128865150625
5,2,0,0,0,4,56.12308972111112
5,17,0,0,0,5,47.712273535961074
5,19,0,0,0,4,58.89285106626022
5,27,0,0,0,4,44.971992306741065
5,42,0,1,0,4,47.64186988982317
5,45,0,0,1,5,87.3156370469937
5,54,1,0,0,2,82.18275357881467
5,13,1,0,0,7,103.70989583109682
5,43,0,0,0,3,54.674502800337635
5,58,1,1,0,6,3.4555234
5,3,0,0,0,4,75.814881843893
5,11,0,0,0,7,66.75224985905582
5,32,0,0,0,3,40.97418938953654
5,17,0,0,0,2,53.296618917646185
5,44,0,0,0,4,72.70701567691445
5,52,0,1,0,5,1.0262983226511986
5,9,0,0,0,4,39.654168227339625
5,33,1,1,1,0,0.09924251
5,34,1,1,1,0,37.29286150669678
5,35,1,1,1,6,63.82967146062
5,42,0,1,1,6,95.86066520954422
5,45,0,1,0,4,89.24550152438603
5,8,0,0,0,1,57.41554379843745
5,16,0,0,0,5,42.41087324394705
5,18,0,0,0,1,31.313779755162997
5,45,0,0,0,5,76.11751992858169
5,46,1,0,0,2,67.07322753664744
5,50,0,1,0,3,103.48916951346831
5,51,0,1,0,2,98.03571110474492
5,59,0,0,0,4,47.68832154628481
5,40,0,1,0,7,87.65568198023493
5,48,0,1,0,5,52.92618218519312
5,49,1,1,0,0,94.10400783300472
5,50,1,1,0,0,103.3644292027148
5,56,0,1,1,7,40.14483200741909
5,0,0,0,0,4,30.232080828751513
5,2,1,0,0,1,1.3441367354500429
5,4,1,0,0,5,95.39879785121555
5,8,0,0,0,4,32.26737049798242
5,10,0,0,0,5,44.83515596095443
5,14,1,0,0,4,95.78961706389244
5,16,0,0,0,3,83.12160424830769
5,27,0,0,1,6,6.279677737223516
5,29,0,0,1,7,24.784658489299538
5,30,0,1,1,7,114.15734405377489
5,57,1,1,0,7,107.60813285651814
5,51,0,0,0,3,52.75023032588387
5,7,1,0,1,2,-0.008
5,0,0,1,0,0,83.0885221014414
5,1,0,1,0,0,87.3650820839529
5,2,0,1,0,2,92.66713367891596
5,28,0,0,0,5,15.265965034930003
5,39,0,0,1,1,72.06113574322175
5,49,0,0,0,2,68.5693602974631
5,54,0,1,1,7,113.50720810721305
5,8,0,0,0,3,69.32490333190468
5,14,0,0,0,7,61.40694119873672
5,15,1,1,0,0,7.358667657738759
5,16,1,1,0,0,93.41140346941484
5,17,1,1,0,0,20.4140455962585
5,18,1,1,0,0,0.15002440145923285
5,19,1,1,0,0,102.2386158518849
5,32,0,0,0,5,53.69101147505986
5,38,1,0,0,6,36.771492635711
5,57,1,0,0,6,88.35041494005853
5,35,1,0,0,7,96.20976366061777
5,54,0,1,0,1,15.11375418821727
5,57,0,1,0,3,55.711539411891245
5,0,0,1,1,1,96.46645058157173
5,4,0,0,0,5,53.46604158910891
5,19,0,1,0,6,94.71100694018261
5,26,0,0,0,5,61.101574186387495
5,35,0,1,0,4,26.27861506228698
5,38,0,1,0,3,63.88902534974011
5,54,0,1,1,3,4.252162932678121
5,2,0,0,0,1,47.46601388932314
5,3,0,0,1,0,80.07313155879407
5,4,0,0,1,0,85.50061145539513
5,5,0,0,1,0,1.2345279745748023
5,6,0,0,1,0,75.38115140862661
5,7,0,0,1,0,0.0
5,8,0,0,1,0,0.8974871647546039
5,9,0,0,1,0,0.41866405403738133
5,11,0,0,1,7,117.75432277298334
5,42,0,0,0,3,65.57552849937879
5,47,0,1,1,2,18.95022352486293
5,50,0,1,1,5,105.57857570336037
5,55,0,1,0,0,49.20573517275629
5,55,0,0,0,3,81.22629336149588
5,57,0,0,1,4,4.403627790184343
5,58,1,0,1,0,0.0
5,59,1,0,1,0,102.13021038455558
5,54,1,1,0,1,-0.0017580916437500002
5,23,0,0,0,5,51.04364260470651
5,27,0,1,1,0,103.05172125403463
5,29,0,1,1,2,114.60878075055837
5,59,0,1,0,6,52.1706139022646
5,11,0,0,0,6,68.0136186797347
5,21,0,0,0,3,49.307559906640996
5,48,0,1,0,7,40.04536401863206
5,59,0,0,1,6,8.437971928819424
5,52,0,1,0,4,10.26364554810882
5,42,0,0,0,1,55.31905697978947
5,59,0,1,0,7,53.496679603574044
5,6,1,1,0,0,6.626170715652583
5,7,1,1,0,0,88.75832432240823
5,8,1,1,0,0,98.92694184065043
5,9,1,1,0,0,104.9203313389209
5,14,1,1,0,0,4.54250237912715
5,22,1,1,0,7,118.6382265768602
5,20,0,0,0,3,56.842361588965446
5,47,1,1,0,7,29.288880290488514
5,38,0,0,0,4,31.029771498284987
5,48,0,1,0,2,39.14535106262933
5,57,0,1,0,6,55.44634300655109
5,32,0,0,0,2,75.69676753402345
5,39,0,0,0,6,39.661686637463575
5,45,1,0,0,2,43.811373913671105
5,53,0,0,0,1,64.5210213831435
5,51,1,0,0,3,48.440826487092444
5,30,0,0,0,5,41.262087467367635
5,33,0,1,0,4,73.85085467083348
5,51,0,1,1,6,98.7284183859976
5,55,0,1,0,7,60.947784268848075
5,56,0,1,0,3,51.22627774832277
5,23,0,0,0,6,51.67718774807551
5,31,1,0,0,7,92.08738847362307
5,47,0,1,1,1,106.61756716024193
5,29,0,1,0,7,95.84521844801347
5,30,1,1,1,0,10.441954593364466
5,31,1,1,1,0,2.10424297620636
5,32,1,1,1,0,14.711640251643557
5,52,0,0,0,1,60.46999274296076
5,29,0,0,0,6,30.12663453806656
5,42,0,0,0,2,52.22459628099082
5,57,0,0,0,5,37.92369509396016
5,36,0,0,1,2,-0.008
5,42,0,0,0,7,60.27841049264603
5,30,1,1,0,4,93.58096288179999
5,33,1,1,0,3,127.93500676058474
5,55,0,0,0,5,40.11338066741684
5,56,0,1,0,5,26.919611367480037
5,10,0,0,0,4,53.44906875493387
5,17,0,1,0,5,24.88373312255435
5,30,1,0,0,3,15.008738177892536
5,35,1,1,0,5,123.66885954658984
5,46,1,1,0,2,19.452087176451165
5,52,1,1,1,6,87.45195251298543
5,55,1,0,1,0,108.6652505211437
5,56,1,0,1,0,115.14402102990893
5,57,1,0,1,0,0.27309179590827504
5,0,1,0,1,0,107.38780381693667
5,1,1,0,1,0,0.0
5,2,1,0,1,0,6.739665707510221
5,3,1,0,1,0,80.74941449765386
5,6,1,0,1,7,104.2274619659416
5,14,1,0,1,0,8.917914488258557
5,15,1,0,1,0,89.1677908633099
5,16,1,0,1,0,103.97028537439364
5,17,1,0,1,0,106.41489882686143
5,18,1,0,1,0,111.29129191271572
5,19,1,0,1,0,6.789607750666599
5,24,1,0,1,7,115.3971112132702
5,25,0,0,0,7,78.4428581327663
5,25,1,1,0,0,108.00625274287856
5,26,1,1,0,0,3.21545817106608
5,46,1,0,1,0,0.08234906429647149
5,47,1,0,1,0,13.23666959752759
5,48,1,0,1,0,52.24113637288716
5,54,1,0,1,5,4.1191467048178625
5,58,1,0,1,4,78.70935219308828
5,12,0,0,0,1,65.46865519594142
5,25,0,1,0,7,11.62299892128444
5,38,0,0,1,6,-0.028000000000000004
5,39,0,1,1,5,12.201888534442828
5,43,1,0,1,0,93.12120531895941
5,44,1,0,1,0,0.0
5,45,1,0,1,0,29.22501024251758
5,1,0,0,0,5,56.73036583459588
5,33,0,1,0,1,56.888866711170365
5,52,1,0,0,5,97.62696628333612
5,56,1,1,0,5,106.64385026999818
5,55,1,0,0,1,41.045054982972516
5,33,0,1,0,3,64.55879037926356
5,50,0,0,0,7,68.21212835968181
5,4,0,0,0,2,58.98311539149965
5,25,0,0,0,3,72.36961503368343
5,29,0,0,0,4,73.17416100155664
5,37,0,0,1,1,80.89963755065762
5,30,1,0,0,1,35.155286814655824
5,34,0,1,0,7,76.75834072982416
5,41,0,0,0,2,54.18156291813508
5,10,0,0,1,5,97.57246127579864
5,18,0,1,0,3,93.81974631930191
5,49,0,1,0,5,33.305475301880996
5,51,0,0,0,7,30.925652524119442
5,59,0,1,0,5,15.710328819246625
5,19,0,0,0,5,43.819494356994596
5,23,0,0,0,3,40.123354196808975
5,40,0,0,0,7,38.96020667692972
5,45,1,0,0,3,47.79236363735915
5,3,0,1,0,0,86.72547721773151
5,18,0,1,0,4,48.51219229938985
5,40,0,1,0,4,52.274740138149156
5,21,0,0,0,7,62.48711371439104
5,44,1,1,0,1,0.17697537512387682
5,53,0,1,0,5,27.044384322951892
5,29,1,0,0,5,95.42000882456374
5,52,0,0,0,6,55.897170336903805
5,2,1,1,0,0,0.0
5,3,1,1,0,0,72.00854261778545
5,4,1,1,0,0,0.0
5,5,1,1,0,0,0.001860097231687586
5,11,1,1,0,4,102.86042943829024
5,13,0,1,0,5,-0.021993074749762254
5,30,0,1,1,4,33.611708383934534
5,44,0,0,0,3,59.48796279658757
5,19,0,0,0,1,10.259418408126159
5,56,0,1,1,3,16.710640729638754
5,12,0,1,0,1,2.70227019082466
5,13,0,1,1,0,52.216819197101024
5,14,0,1,1,0,0.0025464037500000005
5,15,0,1,1,0,93.62262633999977
5,16,0,1,1,0,104.71581293440087
5,17,0,1,1,7,111.26968202912016
5,47,0,0,0,2,61.154182385493414
5,7,0,0,0,1,59.39923929827631
5,10,0,0,0,3,57.73490252395894
5,12,0,1,0,5,10.476084350144621
5,36,0,0,0,7,53.01100492976207
5,39,0,1,1,7,116.41574282792052
5,13,1,1,0,0,0.0
5,14,1,1,0,7,123.48720020415914
5,28,0,0,0,3,81.15875318391764
5,0,0,0,1,0,35.72388725724087
5,1,0,0,1,0,86.75065712685544
5,2,0,0,1,0,7.71881854565108
5,7,0,0,1,5,92.03401664159698
5,8,0,0,1,3,89.29941880829017
5,23,0,1,0,6,101.20316774737968
5,53,0,0,0,6,47.12502374708648
5,18,0,0,0,5,55.38194380283691
5,20,0,0,0,6,57.69084239604004
5,21,0,0,0,4,76.72442631858493
5,22,1,0,0,5,31.38236724436949
5,27,0,0,0,1,55.3972030121376
5,30,0,0,0,2,19.91373360320115
5,40,0,0,0,2,38.26526186009556
5,42,0,1,0,2,35.30753810522127
5,21,0,0,1,5,97.63621756794058
5,50,0,0,0,3,64.12052947199585
5,4,1,0,0,4,31.468331164381038
5,37,0,0,0,1,52.880281543032815
5,53,0,0,1,7,48.23298751292967
5,12,0,0,0,4,62.18050888942796
5,42,0,0,0,4,51.641345808265235
5,48,1,0,0,5,92.27139369702674
5,51,0,0,0,5,35.775138196854584
5,11,0,1,0,1,8.020459978383531
5,55,1,0,0,4,20.00321332687876
5,9,0,1,0,2,96.58641358532887
5,18,0,0,0,2,77.11543683601877
5,32,0,1,0,3,34.43866864386121
5,53,0,0,1,3,45.60199431873169
5,0,0,0,1,7,40.26079140016242
5,1,0,0,0,4,47.61668705982969
5,23,0,0,0,1,56.65325055005331
5,1,1,0,1,7,113.91504351956013
5,10,0,0,0,2,59.277854144860825
5,48,0,1,0,6,47.48260706689051
5,1,0,0,0,7,45.64991456923841
5,4,1,1,0,5,91.87890534991959
5,38,0,1,0,5,43.089494189400696
5,19,0,0,0,3,37.525889772047165
5,41,1,1,0,4,96.46065786824123
5,43,0,1,0,4,43.77579844751219
5,46,1,1,0,3,1.4984064830995267
5,5,0,1,0,2,96.90341527824907
5,7,0,1,0,7,93.5521897858873
5,27,1,1,0,5,116.20053283926227
5,38,0,0,0,6,73.3746282746683
5,53,0,0,1,4,53.3616149404601
5,15,0,0,0,2,82.29950238514922
5,21,0,1,1,4,-0.006661050000000002
5,29,0,1,1,3,45.26425534517667
5,50,0,0,0,6,58.176643028000626
5,56,0,0,1,2,20.795753805570865
5,25,0,1,1,0,4.710170987925924
5,26,0,1,1,0,54.4487347223762
5,33,1,1,1,5,65.68080331850493
5,41,1,1,1,4,20.601732550743225
5,1,0,1,0,1,46.60467659115721
5,14,0,0,0,3,59.93770451393101
5,44,1,0,1,4,98.22977758630897
5,15,0,0,0,3,54.335197235170725
5,16,0,0,0,6,41.61713646952653
5,19,0,1,0,4,44.50728051756757
5,51,0,0,0,4,55.93502118736558
5,33,0,0,1,4,-0.019406593129830674
5,45,0,0,1,7,13.531260753817799
5,3,0,0,0,7,59.94468451208742
5,59,0,1,0,4,43.62489624279898
5,0,1,1,0,0,0.0
5,1,1,1,0,0,76.13817221891843
5,2,1,1,0,4,92.95827857301873
5,12,0,0,0,5,80.50448954343959
5,56,0,0,0,2,41.056611299292086
5,5,0,0,0,5,52.40098549326879
5,55,0,1,0,1,56.75071449305803
5,59,0,0,1,3,10.415574401483664
5,27,0,0,0,5,61.7438762124737
5,45,1,0,0,6,52.73461410430721
5,57,0,1,0,1,57.60820404644234
5,37,0,0,1,6,-0.028000000000000004
5,30,0,0,1,7,46.6389541566145
5,35,0,0,0,6,79.61488835790284
5,51,0,0,0,1,39.860509589495784
5,16,0,1,0,7,99.33974387011418
5,32,0,0,1,3,86.74481206383555
5,9,0,0,0,3,66.25749553422574
5,47,1,0,0,2,31.63269140683858
5,48,1,1,0,0,87.0038857561249
5,5,0,1,0,1,26.907878664521796
5,10,0,1,1,0,110.33773008082336
5,11,0,1,1,0,3.887923264212569
5,12,0,1,1,0,1.6566211282638075
5,34,1,1,0,2,118.72645341560317
5,42,0,1,0,3,34.16223708928983
5,58,1,1,1,6,112.66842830661768
5,24,0,0,0,6,75.02451505104494
5,39,1,1,0,6,107.91669701019929
5,40,1,1,0,2,98.09721786799112
5,41,1,0,0,3,22.770142081033672
5,27,0,0,1,2,23.653489782442335
5,41,0,0,0,4,54.82821497502124
5,39,1,0,0,2,17.16089063179332
5,53,0,1,0,1,44.1920632039123
5,32,0,0,0,4,53.17766402499635
5,43,0,0,0,2,56.348062432682376
5,28,0,0,1,3,35.60728414156293
5,12,0,0,0,3,66.99967153927382
5,46,0,0,1,2,14.602290518069083
5,50,0,0,1,2,0.6869273341291402
5,57,0,0,0,7,43.48526337986663
5,31,0,0,0,5,43.932916417895036
5,54,0,0,1,1,63.19462693381524
5,55,1,1,0,1,17.719981736426142
5,15,0,1,0,2,96.35076566598893
5,44,0,0,0,2,62.86796347432749
5,49,0,1,0,4,51.60752793425321
5,8,0,0,0,5,45.88102120489053
5,9,0,0,1,1,83.76970680261755
5,29,0,1,1,7,69.26515217205461
5,45,1,0,0,4,54.59236295763699
5,56,0,1,0,2,45.833171485913255
5,58,0,0,0,5,48.678033409733615
5,8,0,0,0,2,76.93734822634747
5,16,1,0,0,7,105.98564739749949
5,28,1,1,0,5,14.526545365415117
5,42,0,0,0,6,61.442712468428
5,55,0,1,0,4,45.44888638818648
5,49,1,0,0,7,4.906053983271253
5,48,0,1,0,4,64.2630275187718
5,2,0,0,0,5,47.26583609940888
5,16,0,0,0,4,40.531882628408916
5,17,0,0,1,1,90.8676692260456
5,32,1,0,0,2,95.84759604480857
5,0,0,0,0,3,37.77401915162753
5,12,1,0,0,2,1.1929159363606587
5,15,0,0,1,3,99.96769351445022
5,30,1,1,1,5,108.6117247279075
5,40,0,0,0,1,32.979139130652285
5,49,1,0,1,1,81.80503723175646
5,23,0,0,0,7,62.77062069080966
5,8,1,0,0,1,-0.0017301585689334501
5,17,0,0,0,3,37.516274861482415
5,49,0,0,0,5,59.66724138066669
5,3,0,0,0,6,44.46541501502148
5,16,1,0,0,4,15.996693432961138
5,29,0,0,1,3,31.376485912204018
5,36,1,1,0,3,95.03241446147695
5,5,0,0,0,7,59.23335322718805
5,8,1,0,0,4,79.84173293627848
5,38,0,0,0,1,20.21021385180136
5,51,1,0,0,6,52.82157987396048
5,19,1,0,0,4,49.29221242472746
5,45,0,0,0,7,63.271617521092445
5,14,0,0,0,6,71.76246992255717
5,24,0,0,0,7,58.049447362817645
5,29,1,0,0,4,26.82854876055244
5,39,0,1,0,6,51.24141513766162
5,13,1,0,1,4,11.160630792703852
5,17,0,0,0,6,60.02007892475754
5,53,0,0,0,2,55.59142857376016
5,54,0,0,0,5,56.7833860567006
5,56,0,0,1,7,18.122385703681566
5,38,0,0,0,3,40.05858718065308
5,42,0,0,0,5,54.63604261555788
5,47,0,0,0,4,52.740717026642244
5,30,0,0,1,1,56.687018032452755
5,23,1,1,1,0,127.1946477251856
5,24,1,1,1,0,134.90427396014843
5,25,1,1,1,0,3.780835693233753
5,26,1,1,1,0,0.0
5,27,1,1,1,0,3.9696759823038628
5,28,1,1,1,0,28.16045065875169
5,29,1,1,1,0,82.14569519620915
5,55,0,1,0,5,45.81765918634237
5,17,1,0,0,6,26.50314114199137
5,40,0,1,0,2,54.91806614234265
5,52,0,0,1,1,39.08076572046777
5,2,0,1,0,3,37.36551686339562
5,9,0,0,0,1,49.6478701244884
5,36,0,0,0,6,61.90442060179007
5,5,0,0,0,1,49.14562232396715
5,52,0,0,0,4,50.825180445645074
5,56,0,1,0,1,45.10573333035447
5,41,0,1,1,6,11.603688846140319
5,44,0,0,1,1,9.42770833530058
5,3,0,0,0,2,56.08618798350405
5,22,0,0,0,4,57.380525143170544
5,35,0,1,0,2,41.2158372587916
5,45,1,0,0,1,54.510277565318525
5,49,1,0,0,4,19.418591030156016
5,16,0,0,0,2,46.11833436409739
5,3,0,0,0,1,49.92273508042531
5,31,0,1,0,1,35.44638416789181
5,37,0,0,0,4,47.60400321650496
5,3,0,0,0,5,44.86472624941936
5,4,1,0,1,2,-0.008
5,7,1,1,1,2,72.02142842241447
5,20,0,0,0,7,47.07453900528534
5,58,0,0,0,2,49.54686559610367
5,9,0,1,1,7,3.007786855569747
5,13,0,1,0,7,98.94107659832072
5,11,0,0,0,5,69.68162465822769
5,17,1,0,0,4,20.697640860739753
5,26,1,1,0,4,112.22471856701966
5,35,0,0,0,1,65.60918463770291
5,43,0,0,0,5,61.9322143023442
5,51,0,0,1,7,37.21651281655287
5,10,0,0,0,6,67.18478909960326
5,19,0,1,0,7,49.79947865975332
5,0,0,0,1,6,15.709807495635175
5,31,0,0,0,7,60.94153359169648
5,55,1,1,1,7,124.33037564854101
5,10,1,1,0,3,110.0641763725037
5,12,0,1,0,2,93.6008389997761
5,14,0,0,0,4,67.64177672282322
5,43,0,0,0,1,54.85638654203086
5,17,1,0,0,7,1.4835194500000002
5,22,0,0,0,3,35.691951367251754
5,25,0,0,1,5,70.0854116457778
5,26,1,0,0,6,99.97728462001811
5,51,0,1,1,5,11.013670689411844
5,17,1,1,0,3,108.0804189045931
5,2,0,1,0,7,54.79549001161421
5,24,0,0,0,4,63.45303419030074
5,47,0,1,0,7,46.62822328561673
5,2,0,0,0,3,42.78829776271254
5,11,0,1,1,4,-0.020000000000000004
5,14,0,1,1,2,98.56552599451464
5,55,0,1,0,3,41.693493850139745
5,55,0,0,1,6,13.987090588286232
5,10,0,0,0,1,58.412181636068134
5,40,1,1,1,3,110.0993083239415
5,9,0,1,0,7,31.192032149837758
5,11,1,1,1,0,33.52513605447102
5,12,1,1,1,0,119.75592081540628
5,13,1,1,1,0,1.8264332641404744
5,31,1,0,1,3,66.25414000350595
5,22,0,0,0,1,42.86147537677251
5,29,0,0,0,1,29.319635460012325
5,32,0,1,0,4,22.44777287033851
5,15,0,0,1,1,17.420526873962093
5,33,0,1,0,6,61.78596454581011
5,43,1,0,0,2,7.923460057541899
5,45,1,0,0,7,55.50888083175534
5,19,0,0,0,7,49.0482134633533
5,55,1,0,0,6,27.352241035951096
5,17,1,1,0,5,40.442440114563134
5,27,1,1,0,1,0.21248931176983676
5,28,1,1,0,7,110.42941908407882
5,39,0,1,1,3,19.2937515195343
5,17,0,0,0,1,42.00431163355087
5,42,0,1,0,6,36.34950841490102
5,4,0,0,0,7,52.235128927780394
5,13,0,0,0,2,65.70927486119149
5,25,1,0,0,3,12.65655521953322
5,30,0,0,1,0,41.1943529460965
5,55,1,0,0,7,11.743804015426733
5,23,0,1,0,7,62.100849142461435
5,6,0,0,0,7,67.8087133409659
5,37,0,0,0,5,54.5535527372286
5,12,1,0,1,3,117.41881439274002
5,15,1,0,0,4,12.882767343718752
5,25,0,1,0,4,9.50553153396604
5,32,0,1,0,5,44.458909715814336
5,22,0,1,0,6,57.510641840617346
5,24,1,1,0,2,34.215729819391385
5,30,1,1,1,6,12.86353790367755
5,36,0,0,0,2,57.100554214938654
5,59,0,0,1,4,44.99033777284019
5,9,0,1,0,1,46.38434048845007
5,35,0,0,0,7,70.5789619901742
5,40,1,0,1,6,16.497042225777214
5,20,0,0,0,4,58.126539113187896
5,22,0,0,0,2,53.012839609829584
5,23,0,1,0,3,18.458643509917977
5,42,0,1,0,1,34.52624787562925
5,47,1,1,0,0,0.0
5,16,0,1,0,2,56.458479117429775
5,27,0,0,1,1,15.763482570251808
5,9,0,1,0,4,69.03699979627301
5,16,0,1,0,4,55.71220245614651
5,5,0,0,1,3,95.19968608098264
5,22,1,0,0,1,36.84852175142296
5,26,1,0,0,1,26.762969012259408
5,27,1,0,0,1,-0.002
5,28,1,0,1,1,102.65141612976628
5,33,1,0,0,7,97.6443216552779
5,55,0,0,0,7,50.97659100459518
5,57,0,1,0,4,48.751843977732406
5,29,0,0,1,1,40.83740944424916
5,31,1,0,0,5,23.31720294141671
5,58,0,1,0,7,34.03343902720679
5,15,1,0,0,3,10.404623936052538
5,53,1,0,0,5,90.1503752106435
5,28,0,1,0,4,34.547767371572654
5,29,1,1,0,6,105.76202878023796
5,57,0,1,0,7,58.48830094637137
5,18,0,0,0,7,56.30310887633173
5,41,0,0,0,5,53.99880898063338
5,39,0,0,1,3,9.118622539893849
5,20,0,0,0,2,52.946812490834276
5,46,0,0,0,6,42.11499004994172
5,41,0,1,0,6,16.75116730419533
5,39,1,0,1,7,115.93311195146282
5,9,0,0,0,2,46.758315083720056
5,30,0,0,1,5,46.85251130852667
5,43,0,0,1,5,17.67349559056551
5,54,0,0,1,3,72.54332156042192
5,5,0,0,0,2,42.57538076121411
5,11,0,0,0,1,69.51161787122446
5,44,0,0,0,7,64.92234992193022
5,40,0,1,0,3,71.03944329743473
5,30,0,0,0,4,33.987119311318985
5,5,0,1,0,5,22.071308578435364
5,10,0,1,0,3,99.72874679555738
5,19,1,0,0,2,53.79599496436535
5,6,1,1,1,5,120.96584099109461
5,7,0,1,0,3,31.78266582589881
5,31,0,0,0,1,39.70207543747141
5,10,0,1,0,2,24.207455343282284
5,40,1,1,0,1,34.33983943893041
5,46,0,1,1,2,1.7956930232635635
5,6,0,1,0,7,4.834518719278531
5,28,0,1,0,1,36.90265812218763
5,13,0,0,0,4,50.46541748750478
5,29,0,1,1,6,65.14961235021268
5,25,0,1,0,3,2.833151744305758
5,14,0,1,0,5,0.9119332392342315
5,52,0,0,0,2,60.95166098890532
5,5,0,0,0,3,52.33060315042189
5,40,0,1,0,5,58.48075756282918
5,28,0,0,0,6,52.95157599932231
5,35,0,0,0,5,68.72787103886319
5,36,1,0,0,6,93.50036608595487
5,39,1,0,1,1,34.515247795529625
5,28,0,1,0,5,25.08303151630248
5,4,1,0,0,7,27.86582085464796
5,6,1,0,0,6,103.63445544603641
5,13,0,0,0,6,55.35913697058419
5,5,0,0,0,6,44.371817088181174
5,14,0,0,0,1,65.51322816409916
5,34,0,1,1,3,107.05309835715781
5,6,0,0,0,5,52.10839193541961
5,13,1,0,0,1,63.95210457033004
5,28,0,0,0,4,39.718189618382624
5,5,0,0,1,6,5.470760323690536
5,38,1,0,0,2,52.61293997533699
5,51,1,0,0,7,60.69997824049466
5,59,0,0,0,6,29.338533265080883
5,7,1,0,0,4,91.34516551152393
5,45,0,0,0,1,29.088574178358655
5,2,0,0,0,7,46.28012790924224
5,39,0,1,0,7,49.954976949639395
5,18,1,1,0,5,109.9316884623972
5,1,0,1,0,6,36.672556787653924
5,17,0,0,0,7,45.04492431600241
5,35,0,0,1,3,92.82156404365432
5,26,1,0,0,5,24.03120682012941
5,49,0,1,0,2,51.18862536340276
5,1,0,1,0,7,48.050720817432676
5,16,0,1,0,5,64.31953437923805
5,47,0,1,0,4,37.907767416948275
5,53,0,1,0,2,48.41702170550132
5,6,0,0,0,4,65.47246781007321
5,18,0,1,0,2,52.723433589911785
5,21,0,1,0,1,29.461845105166432
5,50,0,1,0,1,9.911463989207697
5,0,0,1,1,6,17.353851710736286
5,3,0,1,1,2,52.73482544662228
5,19,1,0,0,7,32.36057729836884
5,37,1,1,1,1,41.120857697339005
5,58,0,1,0,3,33.77740479758502
5,14,0,0,0,5,54.170464900369474
5,19,0,1,0,3,49.62666449707907
5,48,0,0,0,2,52.49580485581838
5,29,0,0,1,4,29.2845589800889
5,12,0,0,0,6,67.72631477748052
5,21,1,1,0,4,33.89156606427883
5,37,0,1,0,7,54.48824259967851
5,0,0,0,0,6,38.56683837224483
5,30,1,0,0,6,19.994994326737604
5,30,1,1,1,2,9.309407205729801
5,39,0,0,0,7,40.82614213545325
5,54,0,0,0,7,72.45963327401904
5,57,1,0,1,6,121.59759776858763
5,11,0,0,0,4,58.932190537641695
5,34,0,0,0,7,55.56570960452345
5,21,0,0,0,6,65.59645180642428
5,24,0,1,1,0,53.43916960854829
5,15,0,0,0,7,68.68995685382393
5,0,0,1,1,2,15.062498863712893
5,29,1,0,0,2,24.6582194960562
5,32,0,1,0,6,28.075442567042725
5,13,0,0,0,7,64.6641195594816
5,58,0,0,0,7,57.43933808576105
5,13,0,0,0,1,49.31798923177725
5,57,0,0,0,1,21.98708491538849
5,43,0,0,1,3,9.874977276450345
5,25,0,0,0,4,75.6629415187576
5,28,0,1,1,4,14.593261164252647
5,12,0,0,0,2,64.8335711598247
5,15,0,0,0,1,62.98783854458327
5,19,0,1,0,1,32.85585805756177
5,37,0,0,0,7,56.78847316506506
5,20,0,0,1,6,11.671246462346986
5,0,0,0,0,2,30.329353512263218
5,24,0,0,0,5,57.379762555626286
5,29,0,1,1,1,62.59047159927931
5,32,0,0,0,7,59.60985264919808
5,41,0,0,0,7,51.588814999725244
5,23,0,1,0,4,47.327269213019065
5,26,0,0,0,1,69.82352910809611
5,16,0,1,0,1,62.41912108876347
5,22,1,0,0,4,38.68273752473549
5,0,0,0,1,5,14.728921791671258
5,30,0,0,1,2,35.71523413850114
5,31,0,0,1,3,4.16528262046628
5,23,0,0,0,4,48.866046335428805
5,56,0,1,0,7,51.49633016861563
5,54,0,0,0,4,50.79553719416635
5,32,0,1,0,7,25.06246401658708
5,25,0,0,0,5,66.95591015102654
5,52,0,0,0,5,57.12917912757221
5,48,0,1,0,3,69.37807201925045
5,8,0,0,0,6,60.649381177946125
5,12,1,0,1,4,1.9401259398944335
5,42,1,0,0,7,20.43297452501271
5,6,0,0,0,2,63.65551451938225
5,36,0,0,0,4,49.373680499780875
5,27,0,0,1,5,8.778608590805817
5,47,0,1,0,2,56.1572332217676
5,24,0,1,0,3,26.99092116778181
5,17,1,1,0,6,26.63761709828988
5,48,0,0,0,4,51.096863537281116
5,51,1,0,0,2,58.39205307243552
5,36,1,1,1,5,116.29050464352567
5,45,1,1,0,5,2.2845497664465775
5,49,0,1,0,6,43.12584765481632
5,54,0,0,0,2,44.58915401933357
5,1,0,1,0,2,26.25959743052642
5,51,1,0,1,5,102.99046338773188
5,1,0,1,0,5,34.09770327993026
5,17,0,1,0,4,24.539545783912033
5,20,1,1,0,2,33.02498208151456
5,25,1,0,0,5,29.11863937827315
5,30,1,0,0,2,29.000345324305446
5,34,0,0,0,2,34.64943228180006
5,2,0,0,0,2,36.763504054996396
5,7,0,0,0,7,60.52961995898726
5,31,1,0,0,4,59.01504682294728
5,56,0,0,0,3,35.17727733941226
5,0,0,0,0,5,48.99251484334756
5,7,0,0,0,2,47.73939419371459
5,32,0,0,1,7,10.569997612833308
5,39,0,0,0,5,21.68838549973522
5,0,0,0,0,1,25.334527287774147
5,5,0,1,0,3,26.733087503092626
5,4,0,0,0,6,38.9842048651186
5,32,0,1,0,2,49.85429669265955
5,59,0,0,1,5,18.727761283786222
5,10,1,1,0,6,3.4263898856678434
5,20,0,0,1,3,3.1914318569296465
5,44,0,1,0,4,1.328841765413311
5,45,0,1,0,7,26.400956651746892
5,20,1,0,0,2,19.667698545592202
5,2,0,0,0,6,49.91426504806367
5,33,0,0,0,4,52.1743864208597
5,24,0,0,0,3,64.25564429566045
5,22,0,1,0,3,44.540257174889426
5,29,0,0,0,7,36.51869968307349
5,30,1,0,0,4,28.801683663942654
5,11,1,0,1,1,2.7804132134264004
5,26,1,1,1,2,28.126024406675157
5,45,0,0,1,4,13.318121654318766
5,13,1,0,0,6,32.86266679389002
5,54,0,0,1,4,57.67511064748208
5,2,0,1,1,6,86.69786887566195
5,56,0,0,0,1,33.436097106138845
5,54,0,0,0,1,39.13620875350997
5,20,1,1,0,4,12.87977600431584
5,33,0,1,0,2,77.7413783278638
5,33,0,0,0,7,48.79717188218463
5,7,0,0,0,6,65.84897480923101
5,38,0,1,0,2,50.79271720986025
5,3,0,1,0,1,1.5970556843298611
5,5,0,1,0,7,19.30989358664629
5,38,0,1,0,4,67.30136605263417
5,7,0,1,0,5,15.566943826227956
5,39,1,0,0,1,26.685724464285983
5,0,0,1,0,1,9.232456170813714
5,22,0,0,0,7,38.17544119595388
5,56,0,0,1,5,27.76548383611399
5,30,0,1,1,2,11.825240612991742
5,33,1,1,1,7,5.949353890289326
5,26,1,0,0,2,43.73271890773108
5,22,0,0,0,6,36.80264344931205
5,11,0,0,0,3,58.68770353047925
5,12,0,1,1,5,118.03193376962736
5,14,1,0,0,3,18.657308592004426
5,39,1,1,0,5,39.4777251282709
5,17,0,1,0,3,54.03949625471007
5,41,0,0,0,6,42.84546169459556
5,26,0,1,0,5,34.1486755525558
5,13,1,0,0,5,49.72550965163137
5,31,0,0,0,6,53.12960786059388
5,41,0,1,1,5,8.573626930846928
5,43,1,1,0,1,0.5680967988507651
5,48,0,0,0,6,52.25768184652127
5,51,0,0,1,3,37.78254434815776
5,54,0,0,0,3,47.16908482605683
5,5,0,0,1,5,10.015777556816424
5,16,0,1,0,3,42.60173586662768
5,29,0,0,0,5,34.9520146106915
5,48,0,0,0,3,44.13323663269169
5,2,0,0,1,5,92.75059220748065
5,32,0,0,0,1,41.94465291742796
5,49,0,0,1,7,26.36188600120407
5,34,0,1,0,3,74.6122230463221
5,56,0,0,0,4,42.485841132705964
5,16,0,1,0,6,50.74232933435323
5,23,0,1,0,2,45.485393558893755
5,37,1,0,1,7,108.7895894005678
5,58,0,1,0,6,38.83371046513233
5,56,0,0,0,7,34.70858123157602
5,22,0,0,1,3,103.39692259375863
5,29,0,1,0,4,25.490584335818145
5,30,0,1,0,2,7.298756805513468
5,26,1,0,0,7,43.02471993433663
5,20,0,0,1,5,13.963918620347952
5,37,0,0,0,3,56.88346840492488
5,28,1,0,0,2,7.680703619514316
5,27,0,1,0,2,53.293823849197366
5,54,0,1,0,5,21.90683931980707
5,47,0,1,1,6,3.7313457285498917
5,14,1,1,0,2,3.89583921430405
5,15,1,0,0,6,3.281762296014555
5,52,0,0,1,7,33.63019799310287
5,28,0,0,1,1,21.703545360037715
5,43,0,0,1,6,1.7646051112942438
5,18,1,1,1,0,0.0012844121414072847
5,19,1,1,1,0,0.21038327084098407
5,20,1,1,1,0,132.24485903427444
5,21,1,1,1,0,1.15448115875e-05
5,22,1,1,1,0,0.06156055456992156
5,18,1,0,0,1,26.488002213349553
5,55,0,0,0,6,53.54084357991418
5,29,0,1,0,2,41.8733637537932
5,33,0,0,0,2,46.96173806507291
5,8,1,0,1,5,95.22825027546351
5,30,0,1,1,6,23.07921394139571
5,49,0,1,1,5,103.19736692376424
5,31,1,1,1,3,149.42468657635743
5,51,0,1,0,6,29.70916994095547
5,39,0,0,0,3,38.35530510267245
5,45,0,0,0,2,53.60294524796494
5,47,1,0,0,5,26.290015208004235
5,49,0,0,0,6,70.44459776823018
5,9,0,1,0,5,63.213205001553554
5,30,1,1,1,3,23.340229261905044
5,56,1,1,0,2,16.345580728274463
5,13,1,0,0,4,54.376542493603296
5,36,1,1,0,2,23.8196552783321
5,19,1,0,1,6,115.02933366845772
5,1,0,0,0,1,51.252654779220656
5,5,1,0,0,7,3.2121401668920466
5,14,0,0,0,2,59.69843276928287
5,15,0,1,0,4,3.3466754613755376
5,56,0,0,0,6,33.4781867485669
5,26,0,0,0,2,60.34428501421104
5,0,0,0,1,3,14.654131601971383
5,44,0,0,0,5,62.10743522016062
5,45,0,0,0,6,50.07239751298168
5,46,0,1,0,6,3.9794369689008438
5,32,1,0,0,5,3.7601024034312633
5,42,1,0,0,3,5.093073635641952
5,54,0,1,0,3,13.354517170426035
5,42,0,0,1,2,6.813082652091906
5,53,0,0,1,5,58.53586231074405
5,54,0,1,0,4,21.113196985975083
5,17,0,1,0,2,52.9094853112622
5,20,0,0,0,1,66.32525587692687
5,39,1,0,0,4,26.52291354254767
5,4,1,0,0,3,18.787860235786976
5,45,0,1,0,2,37.79058778748847
5,59,0,1,1,2,19.497274635680334
5,10,0,1,0,7,26.8679503347579
5,13,0,1,0,6,3.0651884007792547
5,48,1,0,1,2,-0.008
5,0,0,1,1,5,40.70094585786862
5,29,1,0,0,6,36.09157709754624
5,2,1,0,0,4,89.40980403482354
5,15,0,0,1,7,21.614068742484775
5,29,0,0,0,3,38.80494566942484
5,16,1,0,0,2,27.21836727297817
5,30,1,1,1,1,12.815728272684147
5,30,0,0,0,3,34.25044024124293
5,46,0,0,0,5,40.17383751601106
5,57,1,0,1,4,8.178457991125978
5,13,1,0,0,3,27.524424866251394
5,39,0,1,0,2,38.043207858223376
5,19,0,0,0,2,39.661926556942134
5,16,0,0,0,1,53.3354418846608
5,55,0,0,0,1,31.077040342918686
5,46,0,0,0,2,30.34535972105673
5,9,0,0,1,3,3.4745797507722003
5,51,1,0,0,1,33.87491817064024
5,55,1,0,0,2,14.715198703434506
5,14,0,0,1,7,21.88796680708129
5,29,0,1,0,6,29.41232975298873
5,6,1,0,0,2,9.278684950783887
5,20,0,1,0,6,48.00069690427403
5,45,0,0,0,4,35.46981022228887
5,47,0,1,0,1,37.273608139047674
5,46,0,0,0,1,35.89182230552795
5,11,0,0,0,2,68.1086441424086
5,58,0,1,1,2,10.760332032618782
5,28,1,1,0,3,3.2123044387532387
5,40,0,1,0,6,67.13752338871194
5,31,0,1,0,2,42.94937593838671
5,34,0,0,0,5,39.44529143686369
5,59,0,1,1,6,42.38790533044697
5,20,0,1,0,1,11.283966059562056
5,42,0,1,1,3,31.912943885991908
5,26,0,0,0,4,66.26634617266065
5,10,0,0,0,7,59.47543893182943
5,47,0,0,1,7,37.538468892412695
5,7,0,0,0,3,63.65185950798955
5,45,0,1,0,3,9.526171096628605
5,38,0,0,0,2,37.19309022634415
5,7,0,0,0,4,63.62274667122291
5,33,1,0,1,1,114.00402937908137
5,34,1,0,1,7,105.02217455842033
5,3,0,1,0,2,27.59650663008834
5,41,0,1,1,4,-0.038000000000000006
5,45,1,1,1,3,114.0289428185412
5,51,0,0,1,2,35.56748310693206
5,46,1,0,0,5,61.77089204677792
5,34,0,0,0,6,26.991737528699552
5,13,0,0,0,3,58.78072887842406
5,16,1,0,0,5,10.562119071092418
5,34,0,1,0,4,56.605535267924694
5,39,0,1,0,3,38.044039966666475
5,38,1,0,0,3,26.380599115519615
5,20,0,1,0,2,45.05167896448395
5,57,0,0,0,6,39.02528590110409
5,8,0,0,0,7,57.90297954238525
5,20,0,1,0,4,43.84312402810254
5,29,0,1,0,1,35.482511565724096
5,35,0,0,0,4,65.85310483299415
5,34,0,1,0,1,61.21036837787648
5,47,0,0,0,7,47.38346901551629
5,44,0,1,0,5,18.996077880216898
5,30,1,0,0,5,22.648320883652026
5,48,1,0,0,3,12.173617116091767
5,29,0,0,1,2,45.31255342298675
5,23,1,0,0,1,23.941460417504842
5,24,1,0,1,5,6.155720172998403
5,15,0,1,0,5,12.821160625373228
5,39,1,1,0,1,25.34412693542343
5,44,0,0,0,6,62.771207754182264
5,4,0,0,0,4,49.5771831259673
5,25,1,0,0,7,19.373574905343325
5,10,0,1,0,1,28.488107454821886
5,28,1,0,0,7,23.059060447209415
5,46,1,0,1,5,94.77473553201582
5,7,0,1,0,6,26.2893681667757
5,31,0,0,1,1,24.512184777066953
5,15,0,0,0,5,73.00567885788213
5,27,0,1,0,7,61.69513480194782
5,26,1,1,0,2,3.588006574690915
5,52,0,0,1,5,36.807371566522505
5,5,0,0,0,4,52.22219303469009
5,28,0,0,1,7,32.91579062308475
5,42,0,1,0,7,34.440572523897266
5,41,0,0,0,1,52.71180809961358
5,59,0,0,0,2,44.207277364643176
5,19,0,0,0,6,39.70464316661899
5,39,0,1,0,4,27.790549642631383
5,4,0,1,0,2,36.576535081308855
5,19,0,1,0,5,28.203582427343925
5,13,1,1,1,1,127.75629062382114
5,46,0,0,1,6,17.538649084316155
5,50,1,0,0,7,25.867935924277898
5,13,1,0,1,7,17.113416481453584
5,14,0,0,1,1,4.069211752045762
5,22,0,1,0,2,59.59429635023546
5,9,0,0,0,6,40.01060762522873
5,15,0,0,1,5,17.628757675205293
5,27,0,0,1,7,14.861521969569907
5,59,0,1,0,1,43.34613517584439
5,44,0,1,1,4,9.328110380374797
5,2,0,0,1,6,8.16808370117993
5,25,0,0,0,6,65.85998404779065
5,27,1,1,0,2,5.0449959311686206
5,20,0,0,0,5,47.516492122888216
5,34,0,1,0,5,73.47838808163401
5,17,0,1,0,6,50.34693721357475
5,31,0,1,1,4,9.719671710996542
5,6,1,0,0,7,3.037943096174173
5,7,1,0,0,5,3.6509803941414756
5,29,0,0,1,6,29.015493032262867
5,4,0,1,0,7,36.91611510448403
5,52,0,0,1,6,8.140548837389654
5,18,1,0,0,5,25.64238919787725
5,30,0,1,1,3,23.665486250765284
5,33,0,0,0,6,59.21557862271785
5,48,1,0,0,4,18.82733597802438
5,11,0,1,1,3,115.9201106375201
5,57,0,1,1,4,99.61453653103072
5,43,0,1,0,2,19.487541785876548
5,1,0,0,0,2,58.21955644689024
5,0,0,1,1,3,30.293897518090585
5,36,0,1,0,1,30.123374278047983
5,56,1,1,0,7,41.3093208593875
5,0,0,1,0,6,29.49197914332213
5,52,0,0,1,3,36.50426856128887
5,23,0,0,0,2,49.03248109086212
5,15,0,0,0,4,68.58462498269678
5,24,1,0,0,4,33.283735254727105
5,21,0,1,0,7,53.11925420749264
5,17,1,1,1,2,7.447485353640645
5,21,1,1,1,1,140.4506616795588
5,25,1,1,1,7,141.73092478711484
5,23,0,1,0,1,40.20858642505561
5,58,0,0,0,1,44.07016733103265
5,30,1,1,1,7,27.542559732373913
5,39,1,0,0,7,35.809305134927804
5,55,1,1,1,5,13.767457203693905
5,41,0,1,0,1,28.56416057712281
5,45,0,0,1,2,15.824373841706787
5,18,1,0,0,2,30.672134416471756
5,39,1,1,0,4,19.3884163411663
5,42,0,1,0,5,19.0803062475419
5,41,0,1,0,2,24.464320480566464
5,59,0,1,1,3,19.89168951659046
5,1,0,0,0,6,49.266857112901285
5,6,0,1,0,1,7.769437990030445
5,46,0,0,0,4,28.34491371210156
5,19,1,0,0,5,25.194135293502185
5,26,0,1,1,2,9.290819152579896
5,35,1,1,0,7,18.184685737688206
5,20,0,1,0,7,28.587146894466983
5,4,0,0,0,3,40.63006664644328
5,34,0,0,0,4,41.18593997550462
5,15,1,0,0,2,25.347954055912243
5,16,1,1,0,1,1.3045368128272348
5,53,0,0,1,1,66.48049547235573
5,28,0,0,1,6,36.85988097482776
5,12,0,1,0,4,2.5572261141944668
5,43,0,0,0,7,59.93214122187578
5,38,0,1,0,1,49.560435410072884
5,56,0,1,0,6,51.66740268036442
5,8,0,0,1,4,2.066945369449845
5,46,1,0,0,4,60.6591572319103
5,50,0,0,0,2,71.40740951299522
5,27,0,1,0,5,41.95517718153468
5,18,1,0,0,3,27.369406628875662
5,46,0,1,0,3,21.538470453780846
5,24,0,0,1,1,78.57454761875505
5,23,1,1,0,2,16.813767188739376
5,21,0,0,1,3,4.429540409809987
5,27,0,0,0,3,58.898250029429505
5,21,0,0,0,5,51.42934643418602
5,55,1,1,1,1,6.1654756657895025
5,38,0,0,0,5,26.72032281364141
5,49,0,0,1,3,35.687517216003954
5,25,0,1,0,1,21.235491896785913
5,14,0,0,1,3,39.76258431681089
5,24,0,1,0,7,14.124188370494565
5,6,1,0,0,3,8.017284902789184
5,9,0,1,0,3,65.2072709466408
5,51,0,0,1,1,27.98833002985706
5,34,1,0,1,4,13.555062822070816
5,35,1,0,1,1,36.768702619845044
5,1,0,0,1,6,0.23990093461499765
5,7,1,0,0,1,9.701911288102979
5,5,1,0,0,2,-0.005795006108193799
5,18,1,0,0,4,37.00801245323544
5,31,1,0,0,6,23.797343118643045
5,18,1,1,0,4,2.9706077798818478
5,27,0,0,0,6,41.26794955248707
5,31,0,0,0,2,47.0119021895821
5,46,1,0,0,1,56.35377633764017
5,47,1,0,0,3,22.92182884545337
5,55,1,1,1,4,7.118645083089445
5,25,1,0,0,4,30.447854745861434
5,3,0,1,0,4,35.380349779987796
5,43,0,1,0,6,39.25118757330209
5,50,0,1,0,5,30.68011903369259
5,52,1,1,1,1,1.4980000000000002
5,29,0,1,0,3,49.4150008686403
5,46,0,1,0,2,6.1009402551528495
5,25,0,1,0,6,25.552066823886292
5,50,0,1,0,7,31.784584295228562
5,7,0,1,0,2,42.62442842536839
5,48,0,1,0,1,42.431478265122635
5,33,0,0,0,5,56.38281532498945
5,39,0,0,0,4,22.04996907545506
5,1,0,0,0,3,50.07335534401643
5,12,1,0,0,7,3.3230498981687107
5,30,1,0,0,7,24.151254901700327
5,10,0,0,1,1,14.605153976363455
5,17,0,1,0,1,47.343399068532264
5,35,0,1,0,7,56.436754577775254
5,47,0,0,1,1,19.403024596474175
5,21,0,0,0,1,48.16364220654824
5,32,0,1,0,1,36.717662644052
5,45,0,0,1,1,29.927238668296482
5,13,1,0,1,2,3.960238263530849
5,46,1,0,1,4,18.504053523153917
5,30,1,0,1,5,102.24724809039716
5,39,1,0,0,3,29.01580248094325
5,40,1,1,0,7,5.983748707555136
5,35,0,0,0,3,56.65530991512037
5,29,0,1,1,4,65.97193359593574
5,11,0,1,1,2,2.91242782310005
5,37,0,1,0,5,32.88062247496628
5,28,0,0,0,1,41.13010584238716
5,56,0,0,1,1,26.93834529766478
5,8,1,0,1,3,2.2133382553254943
5,12,1,0,1,1,14.832860421269821
5,47,0,1,0,3,54.45170789017288
5,2,0,1,0,1,25.82366101646529
5,25,0,1,1,1,106.69997998509974
5,52,1,1,1,7,8.925910179314457
5,31,1,0,0,2,12.249050952601948
5,52,0,1,0,1,20.338198573368757
5,2,1,1,0,2,4.586775526435377
5,34,1,1,0,3,17.144088449851306
5,45,0,0,0,3,51.0567397639997
5,57,1,0,0,7,4.243126707196592
5,15,1,0,0,5,14.761000801212925
5,13,0,1,1,6,5.849272342926957
5,42,0,0,1,3,23.331701129567215
5,27,0,1,0,4,43.722479025603434
5,55,0,0,1,1,9.938721440652765
5,59,1,1,0,0,85.57202179150272
5,0,1,1,0,3,92.47993978182957
5,29,1,0,0,3,49.91066484270613
5,19,1,1,0,1,21.774584386613682
5,22,1,1,0,3,6.475212093802867
5,23,1,1,0,6,34.89509059234347
5,23,0,1,0,5,27.666492600522556
5,5,0,1,0,6,11.388673639656837
5,40,0,1,0,1,56.13317385217459
5,27,0,1,0,6,69.65414483310511
5,10,0,1,0,5,37.881579308766476
5,25,1,1,0,2,16.06415786312566
5,30,0,1,1,5,24.2331247681621
5,29,0,1,1,5,48.244339529077855
5,13,0,0,1,5,22.91122650980484
5,22,0,1,0,5,58.60024672746919
5,27,0,0,0,2,50.715551972017494
5,33,0,0,0,3,25.644127934837428
5,50,1,0,0,4,24.108269210165606
5,12,0,1,1,1,3.8805150384082383
5,21,0,1,0,2,52.950559104176335
5,1,1,0,1,4,1.4800000000000002
5,13,1,1,0,2,15.532239224461158
5,9,1,1,0,3,1.7835675320628424
5,54,0,0,1,5,38.561627125551894
5,50,1,0,0,1,14.89793801938766
5,27,0,1,0,1,49.90934746225835
5,18,0,1,0,1,47.69399790875934
5,52,1,0,0,7,13.906530307749229
5,47,0,0,0,6,57.61514943536083
5,29,1,0,0,7,29.760067749025822
5,13,1,0,0,2,34.84155016727119
5,46,0,1,0,5,12.531994130470952
5,3,0,0,0,3,48.33288815428788
5,30,1,1,0,2,6.364355714367781
5,39,1,0,0,5,21.904782857611117
5,38,0,0,0,7,36.90970334885204
5,35,0,1,0,5,11.708726285113524
5,49,1,0,0,6,5.444411831681802
5,20,1,0,0,5,5.510960936505797
5,21,0,0,1,7,22.55815734910243
5,31,0,1,0,7,41.991970777097904
5,29,0,1,0,5,40.88015996116918
5,57,1,0,1,2,13.23110853525704
5,28,0,0,1,5,27.75747579647546
5,46,0,0,1,7,4.7549675024695395
5,1,0,1,0,3,42.77086000313166
5,51,1,0,0,5,50.63036559033883
5,45,0,1,1,2,21.433629236316218
5,55,1,1,0,6,30.067778599993943
5,30,0,1,0,5,10.374446257028401
5,28,0,1,1,6,19.40485018726329
5,2,0,1,0,6,37.723107100864816
5,4,0,1,0,6,26.445897289249103
5,47,1,0,0,7,24.608667918500323
5,21,1,1,0,7,19.086412180760536
5,49,0,0,1,6,6.828139853428438
5,40,1,0,0,6,23.17756006309122
5,37,1,1,0,2,15.005186090657435
5,48,1,0,0,1,4.050110177781376
5,56,0,0,0,5,47.760404244023555
5,17,1,1,1,6,13.26743429908393
5,15,0,0,1,6,8.350384146868707
5,13,0,0,0,5,62.61577291419788
5,28,0,1,0,6,32.34560091432167
5,20,0,0,1,2,17.777877161801293
5,53,0,0,0,7,43.93515472689622
5,14,1,0,1,2,5.013057147723224
5,9,1,1,0,7,12.394274058526536
5,28,0,1,0,2,44.91190351729997
5,33,0,1,0,7,75.73816447393628
5,40,1,1,0,3,5.082685367052151
5,31,0,0,1,7,21.529103948096893
5,12,0,1,0,3,12.873354246816994
5,49,0,1,0,1,45.762415431884484
5,4,0,1,0,1,20.357523165987455
5,20,1,1,0,3,20.50255067078969
5,34,0,0,0,3,49.61968261892812
5,57,1,1,0,2,9.547529008808025
5,58,1,0,0,1,1.760048622165856
5,59,0,1,0,2,52.30788315953035
5,51,0,1,1,4,9.37665038656394
5,4,1,0,0,6,44.278336000058374
5,10,1,1,0,2,4.013804715653316
5,23,0,0,1,7,99.66767842604425
5,50,0,0,0,4,62.697246812711526
5,17,0,0,1,6,0.28125829535975727
5,47,1,1,0,4,25.69628831762854
5,28,0,0,1,4,14.769838595331532
5,21,0,1,0,6,59.731001663191485
5,33,1,0,1,2,0.29964246697852337
5,4,0,1,0,5,14.058492076105594
5,17,1,0,0,1,11.28053678365912
5,9,0,0,0,5,49.17287457757432
5,23,1,1,0,4,14.416770100088202
5,30,0,1,0,4,4.915963985893476
5,24,1,0,0,1,14.05719886136177
5,9,0,1,0,6,43.83641759863055
5,5,1,1,0,5,67.35403161784409
5,33,0,0,0,1,34.75817585857435
5,18,1,0,0,6,41.26754086039017
5,31,0,0,0,3,62.248152138814284
5,37,0,1,0,6,29.98733572808197
5,22,1,1,0,1,5.981920304924875
5,39,0,1,0,5,35.30288042615642
5,54,0,0,1,2,48.65571701925875
5,4,0,1,0,4,12.197544812766504
5,15,1,0,0,7,20.919511984538698
5,31,0,1,0,4,28.16228877018482
5,32,0,0,1,6,4.125265144436248
5,21,0,1,1,7,105.56272131217764
5,44,1,0,0,2,4.278722954864054
5,47,0,1,0,6,59.581865543037964
5,43,0,1,0,7,47.65913243538232
5,53,0,1,0,7,32.54036695464147
5,8,0,0,1,7,21.904514534356384
5,21,0,1,0,3,50.621962569968
5,51,1,1,0,0,0.03806235856053014
5,54,1,1,0,5,6.827619628282672
5,49,0,0,1,2,12.784189140052312
5,17,1,1,0,7,5.996499009841743
5,59,0,0,1,1,22.689788243102875
5,31,0,1,0,3,20.442193525755037
5,43,1,0,0,5,6.4084236253335
5,53,0,0,1,6,37.26049548071805
5,15,0,1,0,3,5.698391044239255
5,31,0,1,1,3,17.742972236228873
5,51,0,0,0,2,52.10431220818738
5,24,0,1,0,4,5.593208871555443
5,24,1,1,0,4,25.4345463049877
5,33,1,1,0,2,6.016420087377973
5,40,0,0,0,3,22.865883623087832
5,21,1,1,0,2,17.39836952378844
5,41,1,0,0,6,19.384737632967976
5,28,1,0,0,6,21.612072411802895
5,28,0,1,1,1,26.809518294259888
5,26,1,1,0,6,17.904344070885013
5,8,0,0,1,5,13.17552994150434
5,57,1,0,0,2,14.366558429644162
5,41,1,0,0,7,35.1718881708937
5,8,1,0,1,6,14.228263559899554
5,10,0,1,1,3,4.92281219856904
5,46,0,0,1,1,12.44801721697096
5,18,1,1,1,4,104.6453972004353
5,19,1,1,1,6,97.37598456389593
5,19,0,0,1,1,13.929667558674609
5,12,1,0,0,1,6.043425348018026
5,28,1,0,1,6,11.210778786646909
5,41,0,1,1,3,15.602995094409383
5,49,1,0,0,1,13.013025878241931
5,48,1,0,0,2,15.079028581704833
5,37,0,1,0,4,40.93097362021291
5,19,1,0,0,1,28.093970925752885
5,22,1,1,1,2,134.0881358649217
5,45,1,1,0,7,8.147994299277455
5,41,0,1,0,7,27.82656440858542
5,54,0,1,0,6,21.50876794224844
5,47,0,1,0,5,14.805332504732693
5,20,1,1,0,7,33.191338134848124
5,29,1,0,0,1,26.811133887752415
5,5,1,0,0,6,1.5220510199361363
5,6,1,1,0,3,63.714914978416196
5,11,1,1,0,2,6.534592983724415
5,52,1,0,0,3,0.5124282387611077
5,52,1,0,0,6,14.128062475015199
5,6,1,0,0,1,4.485039269131135
5,38,1,1,0,5,19.2814857217991
5,11,1,0,0,4,6.1346952749654795
5,22,0,0,0,5,30.095038715060824
5,46,1,0,0,3,44.002231914925844
5,14,0,0,1,5,50.912716761713035
5,31,1,0,0,1,19.81432480813716
5,48,1,0,0,6,28.977774705946963
5,15,1,0,0,1,48.1221440813623
5,43,0,0,1,2,12.090836631629614
5,40,1,0,0,5,18.56697640898401
5,2,0,1,0,4,32.6885632543235
5,44,1,0,0,3,3.3753163049319657
5,12,1,0,0,6,6.0921222412075995
5,28,0,1,0,7,23.0068320928642
5,0,0,1,0,2,19.69877595636384
5,41,1,1,0,5,15.886146516503185
5,54,0,1,0,7,6.185816265796878
5,46,0,1,1,3,24.52633694061619
5,36,0,1,0,7,9.6410295212456
5,31,0,0,1,2,5.54369515240624
5,6,0,1,0,4,14.161211253063776
5,18,0,1,0,6,41.071835486242385
5,19,0,1,0,2,59.13287114106071
5,39,1,0,1,6,13.383447541151021
5,17,0,1,0,7,36.87099274082408
5,27,0,0,1,4,13.51366078668524
5,24,1,1,0,5,7.185626230002298
5,18,0,1,0,5,44.9201635106585
5,11,0,1,0,6,15.122043264565859
5,21,1,1,0,3,9.286590720141652
5,50,1,0,0,3,20.56111033243668
5,44,0,1,1,1,15.561967636420372
5,31,0,1,1,1,16.620685141951533
5,21,1,0,0,1,7.733692132123192
5,0,0,1,0,3,28.105792444747326
5,13,0,0,1,3,14.12777211489459
5,54,0,1,0,2,15.469226414622382
5,1,0,1,0,4,24.874215457534838
5,31,0,1,0,6,30.350116379757857
5,6,1,1,1,7,8.993171292994132
5,30,1,1,0,1,4.565564183283304
5,56,0,1,0,4,53.10777682316329
5,22,1,0,0,2,62.99681574420035
5,24,1,0,1,2,6.927601403424878
5,20,0,1,0,5,37.14596652800334
5,50,1,0,0,5,21.31250260290473
5,3,0,1,0,3,40.74303603949746
5,19,0,1,1,3,8.357013855214143
5,41,0,1,1,1,23.663788888861333
5,14,0,0,1,4,28.84859292071095
5,56,0,1,1,2,31.061107675868392
5,38,1,1,0,7,15.928347875610179
5,47,0,0,0,3,54.100618066738086
5,28,0,1,1,7,27.66770951831014
5,20,1,0,0,3,31.129567109215387
5,50,0,0,1,7,6.586743096981585
5,31,0,1,1,5,15.634492264405463
5,45,1,1,0,6,9.009142157101236
5,14,0,0,1,2,26.399028739129623
5,18,0,1,0,7,23.886921857481973
5,3,1,0,0,4,5.686191494978224
5,31,0,0,1,6,18.68861560193564
5,22,1,1,0,4,30.97906860456321
5,7,1,0,0,7,20.00758665703264
5,8,1,1,0,2,4.261554453605387
5,36,0,1,0,5,6.396925875495255
5,46,0,0,1,5,6.011864692074566
5,38,1,0,0,1,22.8045425146527
5,36,0,0,0,1,48.88448282119314
5,26,0,1,0,7,7.856949432950419
5,53,0,1,0,6,29.68299112739654
5,7,0,1,0,4,9.791999149259702
5,25,1,0,0,1,39.37441489583082
5,26,0,1,0,4,25.116609338746485
5,41,1,0,0,2,19.233242109102797
5,51,0,1,0,5,19.36213819518775
5,4,0,0,0,1,40.98582740275662
5,14,1,0,1,6,11.64700122091105
5,12,1,1,0,2,7.178120196091746
5,17,1,0,1,3,8.328900103258318
5,44,1,1,0,2,7.230717413629012
5,32,0,1,1,7,7.7201285562885715
5,17,1,0,0,2,31.96114163009925
5,11,0,1,1,1,7.686245231989955
5,4,1,0,0,2,23.77784902963501
5,2,0,1,0,0,35.919013516943934
5,41,1,1,0,2,6.36630220217428
5,0,0,0,0,7,42.21552408787598
5,39,0,0,0,1,19.533359568874907
5,58,0,1,0,1,28.892252043164014
5,30,1,0,1,4,2.8316531145456305
5,0,0,1,0,4,18.46568428608409
5,37,1,0,0,5,6.8914875895172045
5,43,1,0,0,7,23.515013274126034
5,47,0,0,1,3,9.905246744326638
5,51,1,1,0,2,8.154546959121978
5,55,1,1,0,3,46.726635385406155
5,45,0,0,1,3,7.6873424483960395
5,47,1,0,0,1,20.051117108211045
5,37,0,1,0,1,56.4491788737922
5,5,1,0,0,1,5.812542170238726
5,26,1,0,0,3,14.507679525736446
5,57,1,0,1,5,28.245585832101668
5,17,0,1,1,2,20.48957730755059
5,55,1,1,0,2,37.38696996321216
5,58,0,1,0,2,21.357820938899486
5,6,0,1,0,2,26.400983975803022
5,30,0,0,0,1,27.656693207882576
5,59,0,1,1,5,14.2699822846592
5,5,0,0,1,2,0.31757336977530687
5,28,0,0,0,2,24.566056436799887
5,1,1,0,1,6,12.611440548961006
5,51,0,0,1,4,20.18455152606358
5,57,0,1,1,1,6.804478029073831
5,5,1,1,1,2,25.35352337642344
5,16,1,0,0,6,23.859300314665504
5,28,0,0,0,7,32.01749967286286
5,21,0,0,1,2,1.0808739379701346
5,25,1,0,0,2,26.031215623475283
5,9,0,0,1,4,4.053701072622522
5,42,0,0,1,5,6.6437557278833514
5,1,1,0,1,3,6.831280078004788
5,42,0,1,1,5,32.84866202380202
5,6,1,1,1,2,9.689054560004106
5,24,1,0,0,5,16.214465256971252
5,28,1,0,1,2,4.931402499327283
5,51,1,1,0,4,8.35436333416438
5,56,0,0,1,6,13.62301582848536
5,12,0,1,0,7,16.38861470693911
5,16,0,0,1,4,2.4724993013585412
5,35,0,1,0,1,20.034575296868113
5,46,0,0,1,3,12.454205304963143
5,55,1,1,0,7,43.50946295465945
5,18,1,1,0,1,14.695444900781983
5,0,1,1,1,2,2.2962830075355156
5,0,0,1,0,5,26.25934338541977
5,39,0,1,0,1,31.698401664844447
5,48,1,0,0,7,8.199814346479279
5,11,0,1,0,5,6.652642366565416
5,28,1,0,1,7,15.566392257440366
5,58,0,1,0,4,12.618685106047131
5,4,1,0,0,1,45.85910968041523
5,17,0,0,1,7,7.747122813622451
5,55,1,1,0,5,7.467463537796139
5,21,0,0,1,6,1.2978366216149348
5,41,1,1,0,7,8.09554829085135
5,57,0,0,1,1,13.085418640221675
5,10,0,1,0,6,23.25920409191108
5,50,0,1,0,2,16.71503345015452
5,59,0,1,1,7,23.5046172930791
5,50,1,0,0,6,8.55892571835532
5,42,0,0,1,1,6.789843598457023
5,26,1,0,0,4,44.71991301510712
5,25,1,1,1,3,11.053940208629326
5,28,1,0,0,3,7.596100208204274
5,27,1,0,0,6,8.9967253611277
5,6,0,1,0,5,14.79489152189085
5,44,0,1,1,2,8.20771856967493
5,22,1,0,0,3,34.42357098852439
5,14,1,0,1,7,41.79521547443114
5,23,1,1,1,5,9.795085227903716
5,26,0,1,0,1,8.36546868254257
5,0,1,1,1,1,12.535583381989554
5,36,0,0,1,5,8.019785378372891
5,40,0,0,0,5,33.6021518331872
5,6,0,1,1,2,94.07866427202971
5,36,0,1,0,4,15.243619375893886
5,56,1,0,0,2,13.02955274462909
5,41,1,1,0,6,15.720644725396742
5,41,0,1,1,2,28.02176697707649
5,43,0,1,0,5,17.973738345988565
5,50,0,1,0,6,23.194329573709208
5,53,1,0,0,4,13.969346550362946
5,59,0,0,1,7,7.377915178540211
5,32,0,0,1,1,6.716426394300086
5,14,1,0,0,5,9.360575297005834
5,21,1,0,0,6,9.084905985051096
5,9,0,0,0,7,54.902926554557204
5,28,1,0,0,4,33.69490441948187
5,40,1,0,0,2,14.745567301294328
5,11,0,1,0,2,7.788097023414313
5,22,1,1,0,5,20.5243517987917
5,51,0,1,0,3,16.390638779396014
5,30,0,0,0,7,26.995734583609785
5,11,1,0,0,5,8.472862032103246
5,20,0,1,0,3,43.5619118605156
5,20,0,0,1,1,15.417975394449186
5,43,1,0,1,4,17.75571113834601
5,38,1,0,0,4,31.628328221056563
5,44,0,1,0,6,14.80917297808088
5,21,0,1,0,5,35.86901278782568
5,14,1,1,0,3,19.180608185018976
5,39,1,0,1,3,16.898743855868346
5,45,0,1,0,6,22.32537806927811
5,15,1,1,0,3,86.51232520135198
5,22,0,1,0,7,64.24685625554507
5,40,1,1,1,4,8.617988418022897
5,13,0,0,1,6,42.14370681380206
5,31,1,1,1,1,8.492238383279647
5,45,0,1,1,4,23.35590981965043
5,27,1,0,0,4,25.473718599966443
5,24,1,1,0,1,17.09918226485013
5,1,1,1,1,4,4.852071657637215
5,37,1,1,0,5,11.134568854631887
5,46,0,1,0,7,6.659769785187454
5,14,0,1,0,7,9.572311335102553
5,49,1,0,0,2,7.090391836716421
5,57,1,1,0,5,23.022968211309806
5,17,1,1,1,0,1.3102952603876687
5,1,1,1,1,2,1.492022981293844
5,14,0,0,1,6,23.64815656522566
5,22,1,1,1,4,7.302446523905416
5,28,0,1,1,3,42.11491677937095
5,33,1,1,0,1,9.735247761352822
5,31,0,0,1,5,15.31812560146549
5,57,1,0,1,7,10.292801649741504
5,44,1,0,1,2,35.058553202226435
5,52,0,0,1,4,29.831585842368252
5,8,1,0,0,5,14.353196886194729
5,24,1,0,1,1,9.652444707357496
5,59,0,1,1,4,7.8927511872890666
5,19,0,1,1,7,9.498234391917093
5,51,0,1,0,1,14.925544039588836
5,12,0,0,1,4,14.566605741612193
5,16,0,0,1,5,5.532544769863469
5,17,0,0,1,3,17.624334429373434
5,50,0,0,1,5,18.24550985730738
5,40,1,1,0,6,16.14844404842272
5,10,0,1,0,4,14.586763949410647
5,48,0,0,1,2,18.490462957921217
5,17,1,1,0,4,20.93842599669882
5,48,0,0,1,6,4.015594793522947
5,14,1,0,1,3,12.571247407659653
5,23,1,1,0,7,29.15358533300534
5,35,0,1,0,3,25.838764838302065
5,36,1,0,0,7,2.3562671291772035
5,56,0,1,1,4,12.053192231392938
5,57,0,0,1,2,4.971075096366032
5,38,1,0,0,7,35.49922987012902
5,27,1,0,0,5,8.678729505809166
5,44,1,0,1,7,21.08224328719548
5,25,1,1,1,5,4.038164219300924
5,43,1,0,1,1,17.903205543045758
5,44,1,0,1,1,11.322303664878927
5,56,0,0,1,4,22.288390083645925
5,19,0,1,1,4,10.580460114344891
5,17,1,1,1,5,20.73481545207406
5,55,1,0,1,7,27.312767055188388
5,53,0,1,0,0,19.263191062845046
5,39,0,0,1,2,0.8042934804483537
5,31,0,1,0,5,34.338635719212
5,44,1,0,0,1,8.058747755217672
5,12,0,0,1,3,8.826494630204737
5,25,0,1,1,7,13.087831496879737
5,19,0,0,1,3,15.727658613902117
5,17,1,1,0,1,25.981221549974663
5,41,0,1,0,5,19.994348704281084
5,33,1,0,1,6,7.678450391280977
5,56,1,0,1,3,16.53811784465662
5,36,0,1,0,2,47.391148059691524
5,41,1,1,0,3,31.79459378337185
5,28,0,1,1,5,31.56690117014115
5,39,1,1,0,3,39.91967795626549
5,0,0,0,1,2,26.90254965724677
5,56,1,0,0,7,18.8011400189232
5,14,1,0,0,1,30.798188422180434
5,7,1,1,0,4,8.734751522801274
5,43,0,1,1,2,9.055231839939509
5,17,1,0,0,5,8.246774817808737
5,42,0,0,1,7,7.646461931943152
5,38,1,1,0,3,21.501755240316236
5,24,0,1,0,1,8.279595097338355
5,52,0,1,1,3,9.206538527103524
5,6,1,0,0,4,17.10726000041813
5,4,1,1,1,5,10.734020311774799
5,23,1,1,0,1,10.657824842161157
5,53,1,0,0,3,7.123843799475842
5,30,1,1,1,4,10.130167415075908
5,32,0,0,1,4,4.923892157077237
5,36,1,0,0,1,23.786404066150993
5,18,1,0,0,7,42.93626396307743
5,32,0,1,1,1,9.367518702422272
5,32,0,0,1,2,3.7379985612548516
5,19,0,0,1,4,7.828143359282044
5,50,0,0,1,4,20.395128017894997
5,57,1,0,1,3,18.958147045606893
5,2,1,1,1,2,9.46054349507425
5,13,1,0,1,3,21.465371543131212
5,44,0,0,1,5,16.89591166962294
5,21,1,0,0,5,23.044479299667742
5,44,0,1,1,5,18.96812378778462
5,59,0,0,1,2,24.263560027467662
5,18,1,1,0,2,10.507400373781834
5,30,1,0,1,2,2.1017378700724283
5,46,1,0,1,6,10.817246241973798
5,2,1,1,1,4,2.8497805627073975
5,46,0,1,1,1,9.418315327208843
5,19,1,1,0,2,21.33892212952832
5,31,0,0,1,4,7.043944590505207
5,15,0,0,1,2,19.69157726214892
5,20,1,1,1,2,24.47380495297555
5,58,1,1,0,0,5.850776288670372
5,0,0,1,1,4,4.783711894075928
5,0,0,0,1,4,17.93554229064179
5,51,0,1,1,7,19.25629904879417
5,38,1,1,0,4,19.445403922420233
5,57,1,0,0,5,7.553608609111524
5,39,1,1,1,6,5.324261768970897
5,2,1,1,1,6,11.358731712055622
5,30,0,0,1,4,34.77426484391228
5,46,0,1,1,4,33.68885938043171
5,41,1,1,0,1,1.5188145336339973
5,3,0,1,0,6,27.755856986172983
5,23,1,1,1,6,5.1455152977338185
5,19,1,0,1,2,8.876523438697175
5,44,0,0,1,3,29.556759211955328
5,22,0,1,0,4,38.725266562644144
5,56,1,0,1,1,8.494701382775887
5,18,0,0,1,4,9.094476449429958
5,37,0,1,0,2,39.6459192615475
5,23,1,1,0,5,9.435665202260791
5,21,0,1,1,3,6.456439881772578
5,17,0,1,1,3,19.660199565359573
5,3,1,0,0,3,4.726522892565481
5,39,0,0,0,2,18.978963372869625
5,32,1,1,0,4,9.516624828880703
5,24,1,1,0,0,19.33242548886554
5,9,1,0,0,1,4.875039153111995
5,11,1,0,0,2,8.517177861855586
5,34,1,0,1,5,9.734730368725028
5,39,0,0,1,4,3.1617002840264314
5,3,1,0,0,5,7.110828454519994
5,21,1,1,0,1,31.85739979715448
5,36,1,0,0,4,8.833808275233036
5,39,1,1,0,7,41.30462804684516
5,48,0,0,1,7,16.142887885355133
5,43,0,1,1,4,15.478259994387278
5,5,1,1,1,3,17.80990832850558
5,8,1,0,1,2,3.7478298191273725
5,28,0,1,1,2,37.56615457306603
5,39,1,0,1,4,4.479212021320047
5,31,0,1,1,2,10.792235595532446
5,52,0,1,0,6,8.004540478022712
5,50,1,0,1,7,49.27934964099344
5,59,1,0,1,5,8.144337608355583
5,2,0,1,0,5,26.203445261458413
5,21,0,0,1,4,25.220118202147273
5,1,0,0,1,2,7.897277398016202
5,11,0,0,1,5,10.750978882770248
5,29,0,0,0,2,12.272009277184289
5,47,1,0,0,6,25.970943403714784
5,16,1,0,0,3,23.619161516133683
5,13,1,0,1,6,20.031217635738955
5,50,0,0,1,1,16.958488841467542
5,0,1,1,1,7,11.636735950003311
5,17,0,1,1,5,35.77354805581262
5,27,0,1,1,5,9.610707276329984
5,13,0,0,1,4,29.5155271694087
5,12,0,0,1,1,23.639703580858782
5,14,1,0,1,5,20.979042891795068
5,38,1,1,0,1,18.69848506281734
5,20,1,0,0,7,9.907075573243368
5,24,1,0,0,7,18.1175698795756
5,5,1,1,1,1,12.455338214984607
5,49,1,1,0,1,7.705984044534779
5,51,0,0,1,5,31.245801689921684
5,56,1,1,0,6,21.54660282271437
5,59,1,0,0,1,9.73458278770108
5,2,1,1,0,7,7.747203703952737
5,9,0,0,1,6,8.719048156873193
5,10,1,1,1,0,0.4178280468767806
5,14,0,1,0,6,9.049145537053013
5,49,0,0,1,4,2.6360878595603277
5,23,1,0,0,4,8.83051913719132
5,43,0,0,1,7,8.211789840602952
5,21,0,0,1,1,8.116600065855096
5,59,1,1,1,3,11.055931542768429
5,6,0,1,0,6,26.523318326000478
5,45,1,1,0,4,9.25883038606713
5,55,0,1,1,4,0.17558682863609795
5,2,0,0,1,3,7.3476558668920156
5,33,0,1,1,1,8.694511251134003
5,12,0,1,0,6,8.376551029104965
5,2,1,1,1,5,10.194874269763776
5,56,1,0,0,3,10.900889803434218
5,24,1,1,1,1,11.308146868373495
5,22,1,0,0,7,41.77637155237487
5,4,0,1,0,3,9.664228146445033
5,54,0,1,1,2,8.1067368548289
5,6,1,1,1,4,4.879340828217227
5,41,0,1,1,7,18.79198760449742
5,23,1,0,1,4,6.594494749988839
5,23,1,0,0,5,11.823334702385417
5,21,1,0,0,4,7.83097720695409
5,49,0,0,1,5,17.76170941564588
5,17,0,1,1,6,42.08550299630919
5,48,0,0,1,4,14.860628635773384
5,24,1,0,0,3,27.223548614751955
5,36,1,0,0,5,31.691724739480502
5,53,0,1,1,7,9.086704161016499
5,44,0,1,0,2,9.229618273038481
5,40,1,1,1,7,10.255841906688786
5,13,0,0,1,2,7.358739285467862
5,31,0,1,1,7,19.249773264707393
5,1,0,0,1,1,19.23516828768919
5,35,1,1,0,4,11.218885223483102
5,4,1,1,1,2,11.327652605341964
5,30,0,0,1,6,40.1363361228063
5,25,1,1,0,5,11.57281790498143
5,41,1,0,0,1,6.87988861070594
5,14,1,1,0,4,6.415469051745269
5,44,0,0,1,4,15.65652495295385
5,46,1,1,0,4,12.222789976525519
5,8,1,0,1,4,25.46603199163927
5,32,0,1,1,4,5.604682484970414
5,16,1,0,0,1,7.913470679820752
5,21,1,1,0,6,40.071697876030186
5,53,0,1,0,4,17.797238576035557
5,42,0,1,1,4,2.470927237514553
5,54,1,1,1,3,11.422005784587103
5,59,0,1,1,1,10.095227293118734
5,56,1,1,0,4,9.283686485913819
5,56,1,0,0,6,7.53187808160222
5,51,0,1,1,1,7.421516737161408
5,32,1,1,0,3,9.541780856852723
5,30,1,1,0,3,6.550841542289255
5,46,0,1,0,4,10.961590238694159
5,3,1,1,1,1,8.344471916933115
5,12,0,0,1,2,3.0007330735246027
5,36,0,1,0,6,31.683267394192953
5,26,0,1,0,2,29.80943099035086
5,45,0,0,1,6,31.696383193482895
5,13,0,0,1,7,40.21762429023926
5,47,0,0,1,5,18.330737117375573
5,55,0,1,0,6,34.61094184912743
5,45,0,1,1,3,10.89527422103085
5,51,0,1,1,3,10.935602197310017
5,55,0,0,1,4,8.08383044753927
5,45,0,1,1,1,9.383234863456302
5,32,0,1,1,2,4.187625826489601
5,8,1,0,0,3,3.3379208860934213
5,31,1,1,1,4,10.691408582445177
5,40,1,0,0,4,15.421950941924084
5,29,0,0,1,5,7.6006318427774975
5,48,1,1,0,1,8.602205385089238
5,24,0,1,0,6,18.01377889140919
5,58,1,1,1,7,13.762615626516272
5,12,0,0,1,6,3.3860516402306944
5,50,1,1,0,2,10.942869505393837
5,19,0,0,1,7,16.29933810692992
5,47,0,1,1,7,9.253347911309211
5,47,0,0,1,4,11.347709535999648
5,42,1,0,0,5,7.789446329113709
5,37,0,1,0,3,23.784568683709555
5,43,1,0,0,1,14.827055706570746
5,42,0,1,1,7,11.414214471218804
5,59,1,1,0,3,7.189581043627635
5,44,0,1,0,1,8.729876408367401
5,32,1,0,0,7,9.743848970796101
5,24,1,0,0,6,33.97755314774384
5,35,1,0,0,5,10.620078692258183
5,26,0,1,0,3,20.163106647734306
5,17,1,0,0,3,10.29936025092412
5,17,0,1,1,1,27.72281668977943
5,57,1,0,0,3,14.462122431476867
5,36,1,1,0,1,12.436586163333597
5,38,1,1,1,2,11.759393765707237
5,21,0,1,0,4,28.549437175475923
5,2,1,1,0,5,6.187508326341253
5,47,0,0,1,2,7.696043831370727
5,14,0,1,0,3,10.558877222890226
5,46,0,1,1,6,19.34770635889157
5,32,1,1,0,1,12.517210100608036
5,21,1,1,0,5,5.3019459780628395
5,31,1,1,1,7,12.462960744053602
5,56,1,1,0,1,18.005522514677992
5,34,1,0,1,6,18.765306666213583
5,52,0,1,1,4,8.748764209398342
5,21,1,1,1,2,21.093020230986703
5,14,1,0,1,4,16.692157234880344
5,17,0,1,1,4,6.99270776267254
5,45,0,1,0,5,14.98153024639652
5,3,0,0,1,6,9.7909367801443
5,57,0,1,1,6,12.608015688275096
5,19,0,1,1,6,9.114433740945241
5,7,0,1,1,3,10.046184070181647
5,46,1,0,1,3,9.228392009063743
5,32,1,0,1,6,7.0526733022586185
5,46,1,1,0,7,14.022076470945123
5,0,1,1,0,2,9.059775453758155
5,19,0,0,1,2,22.63031770853798
5,11,0,1,1,7,13.364172889369875
5,3,0,1,0,5,28.069526524470664
5,27,0,1,1,1,9.73983766973972
5,26,1,1,0,5,10.901970891000492
5,39,1,0,1,2,10.021502580897419
5,37,1,0,0,3,18.810915247589122
5,36,0,1,0,3,21.25401698023491
5,38,0,1,1,1,9.088278627530839
5,47,1,1,0,2,9.370155809158204
5,5,0,1,0,4,4.950184059744672
5,49,1,1,0,4,10.42063079454863
5,30,0,1,0,7,10.32442440444874
5,40,1,0,0,3,21.093041122039832
5,53,1,0,0,1,7.193825730647615
5,37,1,0,0,1,7.526907849026893
5,42,1,1,1,5,11.11564728202083
5,36,1,0,0,2,23.650276773524283
5,18,1,0,1,5,12.130007012302416
5,25,0,1,1,6,2.902166642983726
5,25,1,1,0,4,12.121361917590034
5,24,1,1,1,3,13.031672146430934
5,28,1,0,0,5,8.586825350893662
5,27,0,1,1,3,10.985874029033145
5,30,0,1,1,1,9.646947696411068
5,26,0,0,1,5,10.112232322558427
5,46,0,1,1,7,9.186600737329858
5,32,1,0,0,3,10.768614179103587
5,43,1,0,0,4,16.943442660058828
5,3,1,1,1,4,2.4857035941641374
5,23,1,0,0,3,8.545107226686389
5,6,1,0,1,3,10.102304256140611
5,55,1,1,1,6,23.971800926126534
5,54,1,0,0,3,10.223730095699914
5,11,0,1,1,6,12.081146230447132
5,6,1,0,0,5,8.525866653256996
5,6,0,1,1,5,7.574893499429385
5,39,1,1,1,3,10.616112738745583
5,17,0,0,1,5,10.140162721358053
5,39,1,1,1,5,11.558157019598998
5,32,1,1,0,7,10.146912774644086
5,15,0,0,1,4,22.63262869549042
5,24,0,1,0,2,9.86001696381701
5,48,0,0,1,1,17.527408944165593
5,33,0,1,1,3,10.252219214177357
5,42,1,0,1,2,7.971726923067353
5,25,1,0,0,6,10.278714008424839
5,39,1,1,0,2,10.310767678055063
5,53,0,1,1,1,9.104427366289443
5,0,1,0,1,2,8.433622988423863
5,23,1,1,1,2,13.790593045973637
5,39,0,0,1,7,7.1369002262699155
5,20,0,0,1,7,28.162378575133882
5,42,0,1,1,2,8.157936513412912
5,44,0,1,0,7,10.19582136133881
5,37,1,1,0,3,8.968561053893628
5,42,1,0,0,2,7.5739944730654205
5,37,1,0,1,6,9.012367122269401
5,42,1,0,0,6,17.287674904821536
5,43,1,0,1,7,19.06081375368895
5,48,0,0,1,3,21.064947003659697
5,30,1,1,0,5,10.963270166763216
5,35,1,1,0,6,12.05450011284325
5,10,1,1,0,1,2.455597611204211
5,27,1,0,0,2,10.73822462143674
5,0,0,1,1,7,10.681617451759557
5,55,1,0,1,1,9.014278409054084
5,19,1,1,1,1,11.806152678839746
5,37,1,0,0,7,18.384937487536213
5,43,0,0,1,1,8.406403685153164
5,41,0,1,0,3,7.72860275557749
5,47,1,0,0,4,8.077115263071706
5,25,0,1,0,5,9.448523693951492
5,0,0,1,1,0,5.787347904523401
5,27,1,1,0,6,11.062003523342842
5,27,0,1,1,7,11.120936119175525
5,36,1,1,0,7,10.137906459555076
5,8,1,0,1,1,7.373569011015228
5,8,1,1,0,3,10.541366949111223
5,13,1,1,1,6,11.95856225351195
5,24,1,1,1,6,13.371089422458363
5,56,1,0,1,6,10.150870019147632
5,55,0,0,1,5,7.423302591805748
5,20,1,0,1,7,13.590827428063015
5,11,1,1,0,1,18.1633996401419
5,23,0,0,1,2,7.3545101043533805
5,57,1,0,1,1,7.9102880912503855
5,3,1,0,0,2,8.2117209291737
5,30,1,0,1,6,9.481488695561534
5,14,1,1,0,6,12.175756877955816
5,59,1,1,0,1,8.659389731380994
5,24,1,1,0,3,10.583456464501976
5,19,0,0,1,5,8.466428494272504
5,5,0,0,1,1,9.525700492627942
5,7,0,1,1,7,10.595919229287869
5,35,1,0,0,1,8.991523951960728
5,19,0,1,1,5,11.655551391944599
5,53,0,1,1,4,5.589863117283454
5,27,1,0,0,7,11.53639635612946
5,58,1,1,0,1,7.998581926829053
5,20,1,0,0,4,8.917662545392336
5,7,0,0,1,2,10.13681903854315
5,8,0,1,1,7,21.724548619159076
5,58,1,1,1,1,9.562744487356264
5,13,1,1,1,4,4.691117470131149
5,57,1,1,0,3,8.12126163526494
5,36,1,0,0,3,7.344787371172868
5,2,1,1,1,1,8.191920287192277
5,2,0,1,1,7,10.59758109751612
5,23,1,0,0,2,11.387914772920146
5,32,0,0,1,5,8.456744669010389
