battery,t_bucket,arr,bp,fever,action,q
10,0,0,0,0,7,116.5775782082397
9,1,0,1,1,4,118.95724696664332
9,2,0,1,1,0,124.19377308714631
9,3,0,1,1,5,124.56507096130414
9,4,1,1,0,7,121.17068625564693
9,5,0,1,0,1,113.52102887467282
9,6,0,1,0,7,113.37470000437716
9,7,0,1,0,3,110.99448938178021
9,8,0,0,1,2,110.64111647024575
9,9,0,1,1,6,123.4287918828455
9,10,0,0,1,1,109.81403869442843
9,11,0,0,0,0,96.18647025682858
9,12,0,0,0,3,98.02010853940156
9,13,0,0,0,3,98.03320567710314
9,14,0,0,0,4,93.54431741391168
9,15,1,0,0,4,109.91275765028234
9,16,0,0,0,7,97.08082784236322
9,17,0,1,0,1,111.62714990463286
9,18,0,1,0,1,112.72064193741284
9,19,0,1,0,2,114.86718242291991
9,20,0,0,0,7,109.70194829840689
9,21,0,0,0,5,101.74773364552154
9,22,0,0,0,2,100.04408620041463
9,23,0,1,0,5,113.52556813620741
9,24,0,1,0,4,112.86973245092835
9,25,0,1,0,0,113.74420593779851
9,26,0,1,0,5,113.45554589432712
9,27,0,1,0,1,115.41891497127214
9,28,0,1,0,3,121.47461886541856
9,29,0,0,0,4,99.03704593069581
9,30,1,0,0,7,109.80739212317984
9,31,1,1,1,4,141.58215004977433
9,32,0,1,1,5,125.21295368350177
9,33,1,1,0,3,124.70524018061555
9,34,1,1,0,3,127.06341205087193
9,35,1,0,1,1,123.85008770855148
9,36,1,0,0,7,109.9870459427997
9,37,0,1,0,7,110.74660058374033
9,38,1,0,1,2,125.58979229327444
9,39,1,1,1,7,149.65519267063905
9,40,0,0,1,6,111.99852887294341
9,41,0,0,1,3,124.09998763590045
9,42,0,0,0,2,98.467090430552
9,43,0,0,0,5,97.94880545361943
9,44,1,0,0,5,109.23240455685465
9,45,0,0,0,7,99.70123517216969
9,46,1,0,0,1,107.34081317583764
9,47,1,0,0,3,106.17733913093066
9,48,1,1,0,0,119.92826690424137
9,49,1,1,0,4,120.74533738555688
9,50,0,1,0,3,116.28393396056973
9,51,0,0,0,6,96.34601777270156
9,52,1,0,0,7,119.62572127315877
9,53,0,0,0,7,97.06361925972521
9,54,0,1,0,4,108.12265546868164
9,55,0,1,0,0,109.05913450784861
9,56,0,1,0,6,111.12057038891648
9,57,1,0,0,0,105.524676119301
9,58,1,0,0,5,105.23025489000204
9,59,1,0,0,7,107.3503074013088
9,0,1,0,0,7,105.2974389619645
9,1,0,1,0,2,109.01825816211107
9,2,0,1,0,7,114.64913048924348
9,3,0,0,0,7,100.12560240403039
9,4,0,0,1,0,108.88029939399996
9,5,0,0,1,6,108.9207743467625
9,6,1,0,1,0,124.86226989726714
9,7,1,0,1,1,134.07710320704942
9,8,1,0,1,4,122.3299034557288
9,9,0,0,1,0,110.48879278869265
9,10,0,0,1,7,109.5628321014283
9,11,1,0,0,3,110.66851922047246
9,12,1,0,1,1,127.97539977675312
9,13,1,0,0,6,111.36076105907019
9,14,0,0,0,2,98.42282482957049
9,15,0,0,0,1,97.53237059083976
9,16,0,0,0,5,94.90715413785011
9,17,0,0,0,4,95.77957853566718
9,18,0,0,0,0,99.08196733693451
9,19,0,0,0,1,100.32379040986609
9,20,0,0,1,2,115.5965060141336
9,21,0,1,1,1,129.41564012564322
9,22,0,1,0,1,114.32560030386976
9,23,0,1,0,2,118.18478602496485
9,24,0,1,0,7,118.8874859484497
9,25,0,1,0,5,112.71594968781235
9,26,1,1,0,1,127.56737361950822
9,27,1,1,0,2,127.85972669706246
9,28,1,0,0,3,116.14116576281218
9,29,1,0,0,3,108.66096659873511
9,30,1,1,0,6,123.40013247640263
9,31,1,1,0,2,123.91714702329361
9,32,1,0,0,6,111.32055536204331
9,33,1,0,0,1,107.49587522806796
9,34,1,0,1,7,123.52336865456877
9,35,1,0,0,0,107.66226523528132
9,36,1,0,0,5,107.42781015779765
9,37,0,0,0,1,101.5022903734811
9,38,0,0,0,7,100.56434921854128
9,39,1,1,1,0,138.94641557342615
9,40,1,1,1,2,141.53905195426285
9,41,1,0,1,0,124.56283014293884
9,42,1,0,1,0,122.69177117166524
9,43,1,0,1,4,123.96885260281894
9,44,1,0,1,0,122.90608081077345
9,45,1,0,1,0,123.48105730268186
9,46,1,0,1,4,123.89368082489828
9,47,0,0,1,0,110.12552805775695
9,48,0,0,1,6,108.70134319142343
9,49,0,0,1,5,106.98278425382142
9,50,1,0,0,2,105.56571564596626
9,51,1,0,0,6,113.0081746826749
9,52,1,0,0,0,105.86712484789453
9,53,1,0,0,7,113.52587184720892
9,54,1,1,0,6,122.1232415036842
9,55,0,0,0,0,95.65655732333887
9,56,0,0,0,4,96.42970590630554
9,57,0,0,0,5,96.36821879058866
9,58,0,0,0,5,101.73720598584296
9,59,1,0,0,2,109.02243909590037
9,0,1,0,0,4,108.3939624458324
9,1,0,0,0,3,106.3706316964897
9,2,0,0,1,7,107.32194264542635
9,3,0,0,0,2,98.74330081093692
9,4,0,1,0,2,113.8342795229222
9,5,0,0,0,5,96.95628842492944
9,6,0,0,0,6,98.43081462806099
9,7,0,1,0,2,110.94763791418525
9,8,0,1,0,4,110.88706807382442
9,9,0,1,0,3,119.03757133159688
9,10,0,1,0,6,107.72394282809437
9,11,1,1,0,7,134.71342564708453
9,12,1,0,0,6,109.86363851759963
9,13,0,0,0,4,95.34040735015475
9,14,0,0,0,6,97.6864883772674
9,17,1,1,0,6,123.1427343933489
9,18,1,1,0,2,124.62742240910598
9,19,1,1,0,6,127.504559265139
9,20,0,0,0,4,98.37993088159593
9,21,0,0,0,4,98.92859532218786
9,23,0,0,0,1,97.59997646083646
9,24,0,0,0,2,100.09733172274728
9,25,0,0,0,1,100.2084306845644
9,26,0,0,0,2,99.61324422536748
9,27,0,1,0,2,115.88817470903177
9,28,0,1,0,7,115.32965684587528
9,30,1,0,0,1,109.12775326200742
9,31,1,0,0,1,111.32799468947783
9,32,1,0,0,7,120.60357001469004
9,33,1,1,0,6,124.66435040020453
9,34,0,1,0,0,111.42208982687907
9,35,0,1,0,1,112.19425971498954
9,36,0,1,0,2,112.79467059995198
9,37,0,0,0,2,101.20463599435558
9,38,0,1,0,0,110.22061145898468
9,39,0,1,0,0,113.54689634684665
9,40,0,1,0,2,113.00466146047786
9,41,0,1,0,2,115.67984298935457
9,42,0,0,0,7,101.03180465376231
9,43,0,0,0,7,98.37226619562708
9,44,0,1,0,4,109.03221187060268
9,45,0,1,0,4,111.25684783698397
9,46,0,1,0,5,109.57094190143705
9,47,1,1,0,0,121.03165178333188
9,49,1,1,0,7,119.82279267548601
9,50,0,0,1,4,109.46619377191149
9,51,0,0,1,2,109.92230434660611
9,52,0,1,1,7,126.31521383996375
9,53,0,0,0,4,95.60060160299334
9,54,0,0,0,0,97.7324978626774
9,55,0,0,0,7,97.05530730841241
9,56,1,0,1,6,121.01032303836581
9,57,1,1,1,1,139.13915768897337
9,58,1,1,0,3,131.74338848009359
9,59,1,0,0,5,108.07805616865484
9,0,1,0,0,2,107.37015843197722
9,1,1,1,0,3,122.3763727714957
9,2,1,1,0,1,123.67206490743841
9,3,1,1,0,0,121.23381511593857
9,4,1,1,0,1,121.01198679125994
9,5,1,1,0,3,123.46370348817621
9,6,1,0,0,5,107.6239503624854
9,7,1,0,0,4,108.86342140083511
9,8,0,0,0,4,93.9476358772813
9,9,0,0,0,2,97.74844846365576
9,10,0,0,0,6,100.10743523936725
9,11,0,0,0,2,97.89273593851416
9,12,0,0,0,0,95.23494884920083
9,13,0,0,0,2,105.75738502350373
9,14,0,0,0,3,107.91580620034597
9,15,0,0,0,2,99.56079577083736
9,17,0,1,0,3,124.33406371347138
9,18,0,0,0,7,98.17805656691475
9,19,0,1,0,3,125.14706510292936
9,20,0,1,0,5,111.29258485025153
9,21,0,1,0,2,114.644922584462
9,22,0,1,0,4,112.66908813034843
9,23,0,1,0,0,115.89827150151206
9,25,0,1,0,2,122.49832578741305
9,26,0,1,0,2,114.95873085426507
9,27,0,0,0,3,111.7292591474432
9,28,0,0,0,6,102.91571306259623
9,29,0,1,0,0,113.0597394665169
9,30,0,1,0,3,116.22183571073424
9,31,0,0,0,5,98.08700030946237
9,32,0,0,0,3,100.86114196161236
9,33,0,0,0,5,96.73706186338433
9,36,0,1,0,4,111.80388225057499
9,37,0,1,0,3,121.9550657760124
9,38,0,1,0,5,114.36596824159555
9,39,0,1,0,5,111.81029774457639
9,40,1,1,0,2,123.33778616817197
9,41,1,0,0,0,110.1837538726989
9,42,1,0,0,5,108.9395874776298
9,43,0,0,0,1,98.77335309518999
9,44,0,0,0,5,92.95710155735773
9,45,0,0,0,5,99.44929190229642
9,46,0,0,0,4,97.83241035576717
9,47,0,0,0,3,103.5861412499037
9,48,0,0,0,3,98.24916363231682
9,49,0,1,0,0,109.5701752057649
9,50,0,1,0,0,109.73202991790376
9,51,0,1,0,2,110.23298022995884
9,52,0,0,0,2,94.93607451539846
9,53,0,1,0,3,115.88494200806026
9,54,0,0,0,2,97.24715889782199
9,55,0,1,0,3,124.04753018405351
9,56,0,0,1,3,118.56137432746178
9,57,0,1,0,5,107.27960807739366
9,58,1,1,1,4,138.86049055964406
9,59,1,1,1,1,137.73299823419546
9,0,1,1,0,5,123.35151568411958
9,1,0,1,0,5,108.01926758859709
9,2,1,1,0,7,134.92774689937173
9,3,0,1,0,7,111.34453909731474
9,4,1,0,1,3,123.72295780849414
9,5,1,1,0,1,123.48109322562777
9,6,1,1,0,2,122.82064439992352
9,7,1,1,0,7,122.99786146361981
9,8,0,1,1,1,126.12987398684074
9,9,0,1,0,1,111.250732386757
9,11,1,0,0,6,112.1833165572604
9,12,0,0,0,4,95.80386105172154
9,13,1,0,0,1,110.57040211283265
9,14,1,0,0,2,110.39145468175751
9,15,1,0,0,2,113.05509842700604
9,16,1,0,0,4,110.56781097979021
9,17,0,0,0,3,99.36559454884748
9,19,0,0,0,4,95.58815038109977
9,20,0,0,0,3,102.04107687262548
9,21,0,0,0,6,99.53403997641357
9,22,1,0,0,6,109.2293777986565
9,23,0,1,0,3,123.78833697341902
9,24,0,1,0,3,127.78146874190233
9,26,0,0,1,4,113.21048304491917
9,27,0,0,1,2,114.85431268350797
9,28,0,0,1,6,113.63858895527228
9,29,0,0,1,6,116.35329108173072
9,30,0,0,1,5,114.51199586877621
9,31,0,0,0,7,100.07772315460674
9,32,0,1,0,3,124.8063765203095
9,34,0,0,0,4,100.01063871415911
9,35,0,0,0,7,97.09557265738985
9,36,1,0,1,5,124.40582173063586
9,37,1,0,0,1,108.73225964258616
9,38,1,0,0,3,107.2627585640529
9,39,1,0,0,5,108.94810499014442
9,40,0,0,0,3,109.50937566670233
9,41,0,0,1,5,112.37869272097895
9,42,1,0,0,2,110.17643842874426
9,43,1,0,0,1,109.55252871622666
9,44,1,0,1,6,123.55505927941131
9,45,0,1,1,3,128.57056175769233
9,46,0,0,0,5,101.48168248485511
9,47,0,0,0,6,98.06822808636281
9,48,1,1,0,6,120.0193833595101
9,49,1,0,0,4,106.65897044626237
9,50,1,0,0,6,104.6227057690095
9,51,0,1,0,5,108.27028651151976
9,52,1,1,0,1,120.67404051371908
9,53,1,1,0,7,120.94204674689146
9,55,0,1,0,4,107.32784741878335
9,56,0,1,0,5,111.48206617409198
9,57,0,1,0,1,118.6023287174048
9,58,0,1,0,0,110.93825524744186
9,59,0,1,0,3,119.101971091652
9,0,0,0,1,3,122.18009121676883
9,1,0,1,0,0,110.11468702247959
9,2,0,1,0,6,107.41254894376414
9,3,0,1,0,6,108.6906345184217
9,4,1,0,0,0,106.29266864625629
9,5,1,0,0,6,106.16753297415632
9,7,0,0,0,1,91.93440692004381
9,8,0,0,1,7,109.1036162395813
9,9,1,0,1,7,132.57313572735248
9,10,0,1,0,3,113.05103421221871
9,11,0,1,0,2,109.40415582583616
9,15,0,0,0,3,108.82718840500425
9,16,0,0,0,6,98.18520783603044
9,17,0,1,0,7,112.8149056035025
9,18,0,1,0,7,111.38975787111698
9,19,0,1,0,6,111.46881626690774
9,20,1,0,0,1,110.05902459251317
9,21,1,0,0,6,121.32323544424875
9,22,0,1,0,7,117.01530273127145
9,23,1,1,0,7,124.05298979347836
9,24,0,1,0,6,114.91872160532472
9,25,0,1,0,1,113.42877929465844
9,26,0,1,1,1,126.39842568663838
9,27,0,1,0,3,127.38494192496846
9,28,0,1,0,5,114.099305479556
9,29,0,1,0,7,113.96663251908993
9,30,0,0,0,7,100.38316401012541
9,31,0,0,1,7,116.23635794983753
9,32,0,0,0,6,101.3465599102405
9,34,0,0,0,7,98.43788707973178
9,36,1,0,0,0,107.46541773236311
9,37,1,0,0,4,108.2076747402241
9,38,0,0,0,6,101.47283024785892
9,39,0,1,0,6,110.53770166248177
9,40,1,0,0,7,108.87604538807139
9,41,1,0,0,3,110.54879480803685
9,44,0,0,0,2,99.94652164638823
9,45,0,0,0,6,95.61810204191394
9,46,1,0,0,7,117.90895513613901
9,47,0,0,0,1,99.16983191009325
9,48,0,0,0,6,98.21878607941234
9,49,0,0,0,5,94.32219089113627
9,50,0,0,0,7,96.87474743614013
9,51,1,0,1,6,121.81075562845396
9,52,0,1,1,6,120.92885955221064
9,53,1,0,1,4,119.90933708102739
9,54,1,0,1,3,121.70652851342878
9,55,1,1,0,0,121.35278487068206
9,56,1,1,0,4,121.68701945172785
9,57,1,1,0,3,123.30847919737637
9,58,1,0,0,4,105.94446801211635
9,59,0,0,0,7,99.41364162257051
9,0,0,0,0,0,95.05358765514704
9,1,0,0,0,5,99.28041316405421
9,2,0,0,0,3,98.53962919299369
9,3,0,0,0,6,97.61069540859587
9,4,0,1,0,4,107.30484831155185
9,5,0,1,0,6,112.46157588054625
9,6,0,0,0,1,98.52849419346971
9,7,0,0,0,5,98.17632420863178
9,8,1,0,0,0,109.59184737611889
9,9,1,0,0,5,108.10426229043084
9,10,1,0,1,5,123.0256937493726
9,11,1,0,0,2,110.87072127735587
9,12,1,0,0,4,110.66914715607061
9,13,1,0,0,2,110.56731653867942
9,14,1,1,0,7,126.95351715165609
9,15,0,1,0,6,112.7541600786611
9,16,0,1,0,5,112.34968722697627
9,17,0,1,0,5,115.78443754384952
9,19,1,1,0,3,125.5001826589006
9,20,1,0,1,5,125.8228056139675
9,22,0,0,0,6,97.30265463678094
9,23,1,0,0,2,111.48283533080503
9,24,1,0,0,5,109.69228572343344
9,25,0,0,0,4,100.46416412934207
9,26,0,0,0,3,107.53827128505273
9,27,0,0,0,2,98.82485883202548
9,28,0,1,0,0,112.55899188473526
9,31,0,1,0,0,116.17524416312891
9,32,0,1,0,6,116.26923656443873
9,33,0,1,0,6,113.64089286000407
9,34,0,0,0,0,97.00673131807316
9,35,0,0,0,3,109.41418307552014
9,36,0,1,0,0,112.92694766995233
9,37,0,1,0,2,113.35668277769904
9,38,0,0,0,0,97.168646753861
9,39,0,0,0,6,100.46400818052949
9,40,0,0,0,0,99.61712009733333
9,41,0,0,0,7,100.67189426354628
9,42,1,0,0,7,108.40311668354678
9,43,0,0,1,5,109.46658223157921
9,44,0,0,0,7,98.03221239062474
9,45,0,0,0,3,99.72041026721638
9,46,0,0,0,1,99.36104427100555
9,47,0,0,0,0,98.48850060557879
9,48,0,0,0,4,95.57001278948756
9,49,1,0,0,2,107.32094765338424
9,50,1,0,0,5,105.74933181473322
9,51,0,0,0,7,97.1009071554029
9,52,0,0,0,1,98.25287258185989
9,53,0,0,0,3,103.9560290512014
9,54,0,0,0,3,103.61053330540325
9,55,0,0,1,5,107.31519336200378
9,57,0,0,0,4,93.50174326186158
9,59,0,0,1,2,110.15560233805412
9,0,0,0,1,5,108.49817964237326
9,1,1,0,1,2,122.08669617689043
9,2,1,1,1,6,137.28652927123497
9,3,0,1,1,3,124.87287015516074
9,4,0,0,0,4,93.18709469287529
9,6,1,0,0,3,119.36767960249705
9,7,1,0,1,2,124.92879867430327
9,8,1,0,1,6,121.82140575623961
9,9,1,1,1,1,138.58761422591522
9,10,1,1,0,7,123.29353619380089
9,12,1,1,1,0,138.6055862745978
9,13,1,1,1,5,141.4183223035992
9,14,0,1,0,5,113.61337817202711
9,15,0,1,0,7,116.56057470808491
9,16,0,0,0,4,98.70212203941657
9,17,1,0,0,1,111.25228246873229
9,18,1,0,0,5,111.20403470610538
9,19,0,0,0,6,99.136348907547
9,21,0,0,0,2,101.93749015589367
9,22,0,0,0,3,113.0153560453999
9,23,0,0,0,5,98.97296195325947
9,24,0,0,0,5,101.44624628958745
9,25,1,0,0,5,111.26364091630498
9,28,0,0,1,1,120.85349128536069
9,29,0,0,0,1,100.05182357086355
9,31,0,0,0,1,107.85169820100717
9,32,0,0,0,5,101.06081006963728
9,33,0,0,0,6,100.20509805181109
9,35,1,1,0,6,123.47654155953533
9,36,0,1,0,7,114.59381564171395
9,37,1,0,1,7,135.9424913621032
9,38,0,1,1,0,124.46801231994165
9,39,0,1,1,2,124.35431307889672
9,40,0,0,1,1,111.51917671287589
9,41,0,0,1,0,109.27592557345014
9,42,0,0,1,5,110.39257119733976
9,44,1,0,0,1,107.5156107588879
9,45,1,0,0,3,115.43555005427949
9,46,1,1,1,4,138.9164667168974
9,47,0,1,1,7,123.2095725115828
9,48,1,0,0,3,116.91161215809363
9,49,1,0,1,4,122.6242723494824
9,50,0,0,1,1,109.08697100081432
9,51,0,0,1,7,118.63192853089672
9,52,1,1,0,3,129.4332025027346
9,53,1,0,0,0,106.83690810632893
9,54,1,0,0,2,106.37132923630195
9,55,1,1,0,2,123.12909554950988
9,56,1,0,0,6,107.19575209576143
9,57,0,1,0,3,113.52458867299498
9,58,0,1,1,2,126.65321908679005
9,59,0,1,1,4,123.19631249630407
9,0,1,1,1,0,136.80380036779098
9,1,1,1,1,0,138.40008499628846
9,2,1,1,1,5,137.27969111144552
9,3,0,1,0,0,108.64202389767665
9,4,0,1,0,0,110.11396041776855
9,5,0,1,0,2,117.58985254844012
9,6,0,0,0,7,98.95330455994265
9,7,0,1,0,1,116.54021007401805
9,9,1,1,0,4,123.44645549116433
9,10,0,1,0,2,111.51669020021238
9,11,0,1,0,1,111.34399848764508
9,12,0,1,1,5,126.36457270757847
9,13,1,1,0,1,125.71504638686872
9,14,1,1,0,5,123.83937166289346
9,15,1,1,0,5,128.6003580452008
9,16,0,1,1,3,125.96240711092888
9,17,0,0,1,6,111.83292689528979
9,18,0,1,1,0,127.40920047139936
9,19,0,1,1,2,127.71989171285477
9,20,0,1,1,5,127.79383703553408
9,21,0,1,0,4,109.55931187180408
9,22,1,1,0,5,127.15869173242689
9,23,0,1,0,1,117.35575209414188
9,26,0,1,0,6,118.98192833423545
9,27,0,0,0,4,98.25375349723315
9,28,1,0,0,0,110.20182028222152
9,29,1,0,0,6,111.08209874327157
9,30,0,0,0,1,99.02334606579969
9,31,0,0,0,4,97.33709513187728
9,32,0,0,0,0,98.78512771833132
9,33,0,0,0,1,102.13214065948063
9,34,0,0,1,3,127.36020778265586
9,35,0,0,1,7,110.10201349304144
9,36,0,0,0,6,98.03210989969514
9,37,0,0,0,5,98.28765571030374
9,38,1,0,1,4,124.67296055044402
9,39,0,0,1,2,112.9640420958932
9,42,0,0,1,0,108.31570495071415
9,43,0,0,1,2,114.6771384624068
9,44,0,0,1,5,111.42139306452496
9,46,0,0,0,7,99.30397369099506
9,48,1,0,1,0,121.42168768897116
9,49,1,0,1,7,122.7254681083864
9,50,1,1,0,4,121.21114768603837
9,51,1,1,0,4,120.96410109154253
9,52,0,1,0,4,109.40254634131445
9,53,0,1,0,4,105.45986077048639
9,54,0,1,0,6,106.42489740657054
9,56,1,1,0,1,121.65422037902594
9,57,1,1,0,2,123.10924861561809
9,58,1,0,0,1,105.41623095530761
9,0,0,0,0,7,97.56793606058523
9,2,0,1,0,1,110.21035540909565
9,6,0,0,0,0,98.95675308807758
9,8,0,0,1,6,111.00497441364247
9,9,1,0,1,2,122.27995478170446
9,10,1,0,1,4,123.05953494710612
9,11,0,0,1,2,120.35069629310065
9,13,1,1,0,4,123.48407459739636
9,14,0,1,0,3,120.14461061440062
9,15,0,1,0,1,109.38589089999675
9,17,1,1,0,0,124.4918433826825
9,18,1,1,0,1,126.81234471953853
9,20,1,0,0,4,109.43984577598657
9,22,0,1,0,6,116.33587100078739
9,26,0,1,0,1,116.19106188233386
9,28,0,0,0,0,99.1331822386635
9,29,0,0,0,7,100.7864034162306
9,30,0,1,0,1,121.69420655014822
9,31,0,1,1,6,125.86644646665528
9,32,0,0,1,4,110.85131748002313
9,33,1,0,1,3,123.6658716771616
9,34,1,0,0,1,108.73927027359635
9,35,1,0,1,6,122.5587979711489
9,36,0,0,1,5,112.99513608131745
9,38,0,0,0,2,101.33477864502787
9,39,0,0,0,0,100.89067019295354
9,42,0,0,0,0,98.48036424881948
9,43,0,0,0,0,96.07086751341393
9,45,0,0,1,7,110.33398513992674
9,46,0,0,0,0,96.22510574193045
9,47,0,0,0,2,98.85822619171053
9,48,0,1,0,3,117.6603395690287
9,49,0,0,1,0,107.34056838125085
9,50,0,0,1,7,107.21620993345422
9,52,0,1,0,6,111.35308681684494
9,54,0,0,0,5,95.60388738520403
9,55,0,0,0,2,97.08541726056579
9,57,0,1,1,2,124.23451993487862
9,58,0,0,1,5,109.24341622401079
9,59,0,0,0,5,97.12702816197866
9,0,0,0,0,5,97.44271953667958
9,1,0,0,0,7,96.05336292713932
9,2,0,0,0,7,98.8479181229818
9,3,1,0,0,1,108.99682685827895
9,4,1,0,0,1,107.30831872806294
9,5,1,0,0,7,116.17242034829978
9,6,0,1,0,1,110.65429632331121
9,7,0,1,0,0,111.12798222584289
9,8,0,1,0,2,112.40157120875398
9,9,0,1,0,4,108.94103570836914
9,11,0,0,0,4,96.8212344663681
9,13,0,1,1,6,124.6046177366339
9,14,0,1,1,3,125.23884223778887
9,15,0,0,0,5,98.20527960520221
9,16,1,0,0,6,109.78105968680094
9,17,0,0,0,7,95.62565709865547
9,18,0,0,1,7,112.71350584856879
9,20,1,0,0,7,109.31024775955962
9,21,0,0,0,1,100.73277829960371
9,22,0,0,0,1,99.52214052484209
9,23,0,0,0,3,101.91380402524665
9,24,0,0,0,1,100.42991186714018
9,25,0,0,0,2,100.00425398288492
9,26,0,0,0,1,101.28082751795476
9,27,0,0,0,7,101.70294619318591
9,28,0,0,0,7,100.24523949624586
9,29,0,1,0,2,120.55647023584099
9,30,0,0,0,4,98.74695414390935
9,31,0,0,0,2,99.80589530824297
9,33,0,0,0,7,102.0716052483726
9,34,0,0,1,4,111.31970279687232
9,35,0,0,1,4,111.3253434893382
9,36,1,0,1,3,125.2152139296048
9,37,1,1,0,5,122.30448104543085
9,39,0,1,0,1,114.31133342227606
9,40,0,1,0,3,124.95590562949572
9,41,0,0,0,1,96.75756402408172
9,44,1,0,1,5,123.59000213978767
9,45,0,0,1,6,111.44992899878001
9,46,0,0,1,7,120.83980214097807
9,47,0,1,0,2,111.67687253042251
9,49,0,0,0,0,98.0335968173138
9,50,0,0,0,3,102.2906646218883
9,52,0,1,0,3,109.88929831128215
9,54,0,0,0,4,94.79597514883136
9,55,1,0,0,1,106.5897038622621
9,56,1,0,1,3,130.5828631060446
9,0,0,0,0,3,98.05617169408777
9,1,0,0,0,1,96.717887087052
9,2,0,0,0,0,96.17701713506162
9,3,0,0,0,4,96.43204609214347
9,4,1,0,0,4,106.60274717650984
9,5,0,0,0,2,94.49118505311198
9,8,0,1,0,3,117.88220865483986
9,9,0,0,0,1,105.38160724098994
9,10,0,0,0,2,96.95790591969894
9,11,0,0,0,7,97.23092143343922
9,12,1,1,0,2,125.14457869244438
9,14,1,1,0,1,130.4743034088296
9,15,1,1,0,0,125.81946806873447
9,16,1,1,0,6,125.38432375928308
9,17,0,0,0,5,96.2676702885662
9,18,1,0,0,0,110.66401791122001
9,19,1,0,0,5,113.44941005580068
9,21,0,0,0,3,108.90242383631201
9,22,0,0,0,7,98.8410581867757
9,23,1,0,0,7,124.76141730889427
9,24,1,1,0,5,126.34514828521338
9,26,0,0,0,0,99.8888108819908
9,27,0,0,0,5,101.8568220008758
9,29,0,0,0,2,102.21829943205107
9,30,0,0,0,5,97.52600597792734
9,31,1,0,0,7,112.2989532123515
9,33,0,0,0,0,98.50012810565642
9,34,0,0,0,5,102.53068611895621
9,35,0,0,0,0,99.0493413511818
9,36,0,0,0,3,107.2592615927592
9,37,0,0,1,2,110.98883225114969
9,38,0,0,1,6,109.4217290605383
9,39,0,1,1,7,124.55030438215388
9,41,0,0,1,7,113.11802076297775
9,43,1,1,0,4,121.82950338328597
9,44,1,1,0,2,124.53976160966177
9,45,1,0,0,1,107.722875534779
9,46,1,0,0,6,105.35450906976858
9,48,0,0,0,7,103.23740307802753
9,49,0,1,0,1,111.27156401450708
9,50,0,1,0,2,110.30556502752754
9,51,0,0,0,0,93.79652071315778
9,52,0,0,0,3,94.68972181614066
9,53,0,1,0,0,108.81379482051243
9,54,0,1,0,2,110.59048843167184
9,55,0,0,0,4,97.23168568762954
9,56,0,0,0,6,93.57837868291801
9,59,0,0,0,6,97.90522629616054
9,1,0,0,0,6,99.72213601727321
9,3,0,1,0,4,109.7764697409674
9,5,0,1,0,3,113.41997188442353
9,6,0,1,0,6,108.8736112868512
9,7,1,0,0,0,108.50020024516972
9,8,1,0,0,6,107.6232789701972
9,9,0,0,0,6,97.74740504437463
9,11,0,0,0,1,98.71363500761304
9,13,0,0,0,7,97.6351596004911
9,14,1,0,0,7,111.11171194740797
9,16,0,1,0,3,113.1718899923882
9,18,1,0,0,3,121.8127252126528
9,19,1,0,0,6,111.88174976573316
9,21,1,1,0,7,124.90226973910825
9,25,0,1,0,4,113.02205050084059
9,27,0,1,0,5,112.81158758558445
9,29,0,1,0,3,113.49551025488213
9,30,0,0,0,6,101.21356931948323
9,32,0,1,0,2,114.0634472960321
9,33,0,1,0,0,113.3054333065235
9,34,0,1,0,6,112.57289638008255
9,35,0,0,0,4,96.89076488895265
9,36,1,0,0,6,109.9724847304591
9,37,0,0,0,4,98.48103346579386
9,39,0,1,0,3,123.9087918596349
9,41,0,0,0,0,100.02625057721541
9,42,0,0,0,4,98.3365726818051
9,43,0,0,0,6,99.99291918650954
9,44,0,0,0,6,95.94615523740832
9,45,0,0,0,1,99.73004014116947
9,47,1,0,0,6,108.74862517344636
9,48,0,1,0,1,109.77818591693344
9,49,0,1,0,3,116.19094424750811
9,50,0,1,1,2,126.25020889439192
9,51,0,0,1,0,110.00888954903597
9,52,0,0,1,6,106.22487987501347
9,53,0,0,1,1,107.46078466318029
9,54,0,0,0,1,97.38437635562137
9,55,0,0,1,6,106.22520161057352
9,57,1,0,1,1,121.33595922741097
9,58,1,0,0,2,117.44579424230776
9,0,0,0,0,6,98.57468450679906
9,3,1,0,0,0,107.68140897740489
9,5,1,0,0,4,106.30322991787531
9,6,0,0,0,2,98.98082842555075
9,8,0,0,0,1,91.21481705166264
9,10,0,0,1,5,112.11119375313449
9,11,0,0,1,4,110.98675947314402
9,12,1,0,1,0,124.95316846835432
9,13,1,0,1,2,130.79350306060158
9,14,1,0,1,6,124.97171596064439
9,15,1,0,1,6,128.01853204153144
9,16,0,0,1,2,109.42519258304534
9,17,0,1,1,1,126.27283942156343
9,18,0,1,1,4,128.15353743706004
9,20,0,0,1,6,115.0469805855604
9,21,1,0,1,0,124.28360722736996
9,22,1,0,1,0,124.02231605921556
9,23,1,0,1,1,124.24945268903201
9,24,1,0,0,7,112.16123914196373
9,25,1,0,0,3,114.5988890626267
9,26,1,1,0,0,127.44781032317478
9,27,1,1,0,7,150.42789549062022
9,28,0,1,0,6,113.9473176857165
9,29,0,1,0,4,112.49384910692939
9,30,0,1,0,6,113.04263748076156
9,35,1,0,0,7,112.06431417402527
9,36,1,1,0,2,124.37677934968028
9,37,1,0,0,0,107.6457895399025
9,38,1,0,0,1,108.13103936054777
9,39,1,0,1,1,124.35101595106354
9,40,1,0,0,2,109.19949694910161
9,41,1,1,0,2,124.46527474654495
9,42,1,0,0,4,110.7266800963602
9,43,0,0,0,4,94.66219375161238
9,44,1,0,0,2,107.72563157017743
9,45,1,1,0,6,121.09171670044891
9,46,0,1,0,3,119.18804246762777
9,49,0,1,1,6,121.23668654168779
9,51,1,0,1,0,121.12840521530676
9,52,1,0,1,2,122.00743455239935
9,53,1,1,1,3,136.59422243821587
9,54,1,0,0,3,114.9547666430195
9,55,1,0,1,6,122.84658551339905
9,56,0,0,1,7,106.92589275952969
9,57,0,1,0,6,110.31340995947505
9,58,1,1,0,7,122.29984660561401
9,59,0,1,0,7,106.08962122227896
9,0,1,1,1,7,137.0122823695272
9,1,1,0,0,5,107.07927342557038
9,2,0,0,0,5,94.7131573894145
9,3,0,0,0,0,97.59934074571566
9,4,0,0,0,5,97.7234333022632
9,9,0,0,0,7,97.60582686796728
9,12,0,0,0,2,103.05179503239307
9,13,0,1,0,2,112.26676208996699
9,15,0,0,0,7,97.97650083277605
9,16,1,1,0,2,124.87995269940721
9,17,1,0,0,6,110.1034978651361
9,19,0,0,0,5,97.9005294259382
9,20,1,0,0,0,110.0280238297201
9,21,1,0,0,1,113.45671428714581
9,22,1,0,0,0,110.09248603519245
9,24,1,0,0,2,123.19606692443163
9,26,1,1,0,2,126.42165969288658
9,27,1,0,0,2,112.99460253777909
9,28,1,1,0,4,124.38482710748345
9,30,0,1,0,4,115.17235372086347
9,31,1,1,0,4,123.44323745977313
9,34,1,1,1,2,137.33930012268675
9,35,1,1,1,3,140.03340009053468
9,37,1,0,0,5,109.04129441542212
9,38,0,0,1,3,120.54935427413794
9,39,0,1,1,3,137.41671117712264
9,40,0,0,0,5,101.9502868002218
9,41,0,0,0,5,97.16499936177898
9,43,0,1,0,5,108.63181435417748
9,44,0,1,0,1,109.27845119180891
9,45,0,1,0,5,108.63525407188412
9,46,0,1,0,0,110.49007851444594
9,47,0,1,0,1,111.40952741573176
9,48,0,1,0,6,108.89589096141452
9,49,0,0,0,6,98.80622386937894
9,51,1,1,0,3,121.45461766214741
9,54,0,1,0,3,108.96761515391289
9,56,0,0,0,5,92.88248841802242
9,57,1,0,0,5,105.50123690398416
9,58,0,0,0,0,97.33761586269746
9,1,0,0,0,0,98.02720254128528
9,2,0,0,0,1,99.95418104755218
9,3,0,0,0,1,97.6344342687729
9,5,0,0,1,0,108.23658842146165
9,6,0,0,1,2,108.56164445056874
9,7,0,0,1,2,122.00769007480905
9,8,0,0,1,0,109.21670490036851
9,9,0,0,1,4,108.49087200125474
9,12,0,1,0,0,111.7103063600908
9,13,0,1,0,6,111.77088672822717
9,14,1,0,0,0,110.60473133828432
9,15,1,0,0,3,110.99859024695522
9,16,1,0,0,2,111.34111254771624
9,17,1,0,0,2,112.39527124333885
9,20,1,0,0,3,125.05522445397253
9,21,1,0,1,6,124.77285395795485
9,22,0,0,1,5,113.63002765359245
9,23,1,0,0,0,108.93836588374525
9,24,1,0,0,1,110.94024924834473
9,25,1,0,0,4,112.96445503546352
9,26,0,0,0,5,100.6787179784705
9,28,1,0,0,1,109.98855752193901
9,30,1,0,0,6,109.2673197213528
9,31,0,0,0,6,99.52966851429466
9,32,0,1,0,1,115.16848798078613
9,33,0,1,0,1,112.98797334627199
9,34,0,1,1,3,142.06532278515004
9,36,0,0,1,7,112.8630033475049
9,37,1,1,1,4,137.53396498406937
9,39,0,1,1,4,124.52145321454124
9,40,0,1,1,0,124.42820635481351
9,41,0,1,1,1,126.57521636419298
9,42,0,1,1,7,127.14902842520272
9,46,1,1,0,7,122.12320420327796
9,47,0,0,0,7,96.34954497296782
9,48,1,0,0,5,105.48735065100351
9,49,1,0,0,7,107.20344716612145
9,51,0,1,0,1,110.00974323982716
9,52,0,1,1,3,133.4986058334772
9,54,0,0,1,6,106.41422465786118
9,55,0,0,1,2,108.02277980212322
9,56,0,0,1,5,108.57913953268371
9,57,0,0,0,3,104.67088568031464
9,58,0,0,0,3,97.07452910124178
9,59,0,1,1,6,121.96690504583844
9,1,0,0,1,4,107.76208340758123
9,2,1,0,1,6,133.49645540797303
9,3,0,0,1,3,117.85562930732749
9,4,0,0,0,1,98.56010505131493
9,5,0,0,0,1,98.40830723268438
9,6,0,0,0,3,102.69905771890981
9,7,0,1,0,5,110.02080986698023
9,8,0,1,1,6,126.80311000985068
9,9,0,1,1,0,123.7384383082647
9,10,0,1,1,6,124.69844928044772
9,11,1,0,1,5,123.75808276324456
9,13,1,0,0,5,111.26504156660539
9,14,0,0,1,0,111.2100515553628
9,15,0,0,1,2,111.03921861811776
9,16,0,0,1,6,112.41629744418813
9,17,0,0,1,1,111.74505113901108
9,18,0,0,0,3,111.27314178073047
9,19,0,0,0,3,100.04966677648129
9,20,0,1,0,4,113.07654674802536
9,21,1,1,0,6,127.65496348434024
9,22,0,0,0,0,98.50951112783109
9,25,1,0,1,7,141.8859262803068
9,27,0,0,0,1,101.16204588145995
9,31,1,0,0,4,110.58852405195421
9,32,1,0,0,3,111.41303290960526
9,34,1,0,0,3,121.17764171591105
9,35,1,0,0,2,109.74700316586485
9,36,1,1,0,4,124.98717398382391
9,37,0,1,0,6,110.54022398688946
9,38,1,0,0,5,106.25253684429029
9,39,0,0,0,7,100.67853375131835
9,40,0,1,0,5,111.8778245478118
9,41,0,1,0,1,114.39989399358812
9,42,0,1,0,0,111.77564326201014
9,43,0,1,0,2,114.41418018385154
9,45,0,1,0,7,110.0650817660283
9,47,0,1,0,4,109.83095077916806
9,49,0,1,1,2,129.04261384509022
9,50,0,0,1,2,107.16665065327999
9,51,0,0,1,1,109.4160228593756
9,53,0,0,0,2,97.07921071722613
9,55,0,0,0,6,96.05656173806969
9,56,1,1,0,7,120.98666393278175
9,57,0,0,0,6,97.25160829620967
9,58,0,1,0,3,115.73334799729338
9,59,0,1,0,2,109.16607326777952
9,1,1,0,0,0,107.50799806035724
9,2,1,0,0,3,106.73281736338251
9,3,1,1,0,7,121.14674363952271
9,4,0,0,0,2,98.38972348698444
9,7,0,1,0,4,109.02515359705811
9,8,0,1,0,0,112.02232933014305
9,10,0,1,0,1,109.18750242685495
9,11,0,1,0,7,109.64797680640055
9,13,0,0,0,6,99.35624878760055
9,15,0,1,0,3,123.72495810039612
9,17,0,1,0,6,112.14515534005449
9,18,1,1,0,6,131.604786755309
9,20,0,0,0,6,99.7497130860359
9,21,1,1,0,4,125.92586730812516
9,24,0,1,1,4,124.5170926695709
9,25,1,1,1,6,137.82743584202288
9,27,1,0,1,5,123.92159036624054
9,28,0,0,0,3,111.02567736069295
9,33,0,1,0,4,112.43155972167533
9,34,1,1,0,2,123.53257261606362
9,35,1,1,0,4,124.58268836067016
9,38,0,0,0,1,98.66474657471086
9,39,0,0,1,1,111.0430905092586
9,40,0,0,1,0,112.1003463630398
9,41,0,0,1,2,114.86797372212322
9,47,1,0,1,6,121.80604320685286
9,48,0,0,1,1,110.32998283282768
9,49,0,0,0,4,93.25697081862708
9,51,0,0,0,2,96.63862517499665
9,52,0,1,0,1,109.10338249240634
9,53,0,1,1,5,121.29139619173074
9,57,1,0,0,2,104.99032435181365
9,58,1,0,0,6,105.33641046256385
9,59,1,0,0,6,107.7752476970497
9,0,1,1,0,3,128.64005693467644
9,1,1,1,0,4,121.13494076428552
9,2,1,1,0,4,121.3461243313949
9,4,1,1,0,4,121.03842292802122
9,5,0,1,0,5,109.89113061704279
9,6,1,1,0,3,124.66140736888642
9,7,1,0,0,7,110.47800192022548
9,8,1,0,0,3,110.73474592282005
9,9,1,0,0,0,107.17574887826164
9,10,1,0,0,5,108.68530572529325
9,11,1,0,0,0,109.1370578232433
9,12,1,0,0,5,110.196035541198
9,18,1,1,0,3,135.31120067783104
9,19,1,0,1,6,123.21292383846239
9,20,0,1,1,0,128.98237849276958
9,21,0,1,1,4,127.09919613814071
9,22,1,1,1,0,139.99665104627405
9,23,1,1,1,0,138.68385875498637
9,24,1,1,1,6,137.50201920220152
9,25,0,0,1,4,114.47042758000374
9,26,0,0,1,5,112.42369294920063
9,28,0,0,0,5,102.06491804343369
9,29,0,0,0,3,111.10925422355967
9,31,0,1,0,3,127.53300006264128
9,33,0,1,1,5,126.89593588475078
9,34,1,1,1,4,138.84564160288556
9,35,1,1,1,2,140.1982084046405
9,36,1,0,1,0,124.07230046372504
9,38,0,0,0,4,96.5264871126858
9,39,0,0,0,4,95.9733920684416
9,40,0,0,0,2,100.02434933653234
9,42,0,1,0,4,109.84497229112729
9,43,1,1,0,7,124.56655639199936
9,44,0,0,1,6,107.20903082928403
9,45,1,1,1,2,138.9103658667576
9,46,1,0,1,5,124.91211198238601
9,47,0,0,1,7,113.8176199561317
9,48,1,0,0,6,104.57733957377111
9,49,1,0,0,1,106.03118720831888
9,50,1,0,0,0,106.8531863577357
9,51,1,0,0,7,106.09442457066946
9,52,0,0,1,3,116.3910853460983
9,53,0,1,0,5,108.40936834493831
9,54,0,1,1,1,125.86554500496256
9,55,0,1,0,7,110.18057989831058
9,57,1,0,0,1,105.4789971155818
9,58,1,0,1,0,123.29139179041964
9,59,1,0,1,4,123.34647637532423
9,0,1,0,1,1,121.60707105359181
9,1,1,0,1,5,122.30015771971205
9,4,1,0,0,7,120.12650441890102
9,5,1,0,0,3,106.36978246109766
9,6,1,1,0,4,123.8527011502314
9,8,0,0,0,3,95.63751377405691
9,9,0,1,0,2,113.5454299152946
9,10,0,0,0,3,109.5088965715308
9,11,0,1,0,6,111.10499382814363
9,12,0,0,0,5,95.50081728671398
9,14,0,1,0,6,114.02507782225024
9,15,1,1,0,6,125.46048253896389
9,16,1,1,0,0,124.57843272796882
9,18,0,1,0,2,112.06291179014262
9,20,0,1,1,4,126.31392865065884
9,22,1,1,1,2,137.68075876052228
9,23,1,1,1,6,138.59064616588756
9,24,0,1,1,1,127.82586313066388
9,27,1,1,1,5,140.02947643063993
9,28,0,1,0,4,111.6033635065544
9,30,1,1,0,5,123.68640457781808
9,31,0,1,1,7,126.32667413049516
9,32,1,0,0,1,111.49455997913499
9,33,1,0,0,2,108.90958161400874
9,35,1,0,0,4,108.67346967952855
9,36,0,0,0,0,99.0867346331817
9,37,0,0,0,3,108.70475458364503
9,39,0,0,0,1,104.94698648019872
9,41,0,0,0,3,114.0578290679405
9,42,0,0,1,6,107.84632592604783
9,44,0,0,1,4,108.0570867676036
9,45,1,0,1,6,123.07650628176978
9,47,0,1,1,4,123.39055385952088
9,48,0,1,1,5,123.32243158285915
9,49,0,1,1,1,122.2466933935553
9,50,0,1,0,1,111.08379279235842
9,52,0,1,0,7,110.88147787552515
9,53,0,1,0,2,111.72016085864709
9,56,0,0,0,2,97.47956092850771
9,59,1,1,0,3,122.61895379912791
9,0,1,0,0,0,106.91954147934538
9,3,1,0,0,3,107.42811587828041
9,4,1,1,0,2,120.8846239414417
9,5,1,1,0,5,122.90391093349942
9,8,0,1,0,7,110.78633058021019
9,9,0,0,1,1,116.92656714969137
9,10,0,0,0,5,98.75476032474884
9,12,0,0,0,1,97.67741485305424
9,14,1,1,0,2,127.13014047080631
9,15,1,0,0,5,108.74485787877563
9,16,0,0,0,0,95.49449380705087
9,17,0,0,0,2,96.16032902213382
9,20,0,1,0,7,117.998632021
9,21,0,0,0,7,99.05768756107946
9,23,0,0,0,2,110.30460766416255
9,27,0,0,0,0,100.4489262637511
9,28,0,0,0,2,102.2424508132714
9,34,1,0,0,2,108.9827988858517
9,35,1,0,0,6,113.02409307415371
9,42,1,0,1,3,122.94472672534381
9,43,1,1,0,5,123.48720838263777
9,44,1,1,0,3,124.01234180615508
9,45,1,1,0,5,121.07373674432301
9,47,0,0,0,5,99.62255872048583
9,50,0,0,1,5,108.68743213495068
9,52,1,0,0,1,106.49771503328097
9,54,1,0,0,4,105.14959371202076
9,55,0,0,0,5,95.23947131732695
9,56,0,0,0,3,104.83150753759188
9,58,0,1,0,1,113.10823273002217
9,59,0,1,0,1,113.15160489788857
9,0,0,1,0,6,110.27205931212126
9,1,0,1,0,3,120.25152638107784
9,2,0,0,0,6,95.93574569239757
9,3,1,0,0,5,115.27643316879539
9,4,0,0,0,6,98.6381527536688
9,6,0,0,1,7,112.66770856519284
9,7,1,1,0,1,122.47171918909652
9,8,1,1,0,3,125.76049882438757
9,9,1,1,0,6,124.23277249068624
9,10,0,0,0,1,98.19112116533545
9,12,0,1,0,1,113.01907137205649
9,13,0,1,0,0,112.48870554777412
9,14,0,1,0,1,111.30056802880559
9,16,0,1,0,2,112.3691162564708
9,18,1,0,0,1,111.74400865719133
9,19,1,0,0,4,109.85536396449362
9,23,0,0,1,6,111.6720107291053
9,24,1,0,1,0,124.13586259914234
9,25,1,0,1,3,126.57592186820142
9,26,1,0,0,6,113.29538780363163
9,27,1,1,0,1,129.15632213313205
9,28,1,1,0,0,127.1208739142773
9,29,1,1,0,0,124.14667820590155
9,30,1,1,0,1,126.35550383172432
9,31,1,1,1,3,149.50606039840977
9,32,1,1,0,4,130.57130389239785
9,33,1,1,0,4,124.39457418491965
9,34,0,1,0,2,117.1897784531382
9,36,0,0,0,5,99.28103044127784
9,37,0,0,0,0,98.30999239949745
9,39,1,0,0,7,108.67130910333103
9,41,1,1,0,3,139.47061403477676
9,42,1,1,0,6,123.32797987378397
9,43,0,1,0,4,108.96982225376215
9,44,1,1,0,0,122.68541953323313
9,45,1,1,0,2,122.86277107302153
9,46,1,0,0,3,108.83097306888148
9,47,1,0,0,1,106.035913768325
9,48,1,0,0,7,105.61134798498446
9,49,1,1,0,2,120.13167206531448
9,51,1,0,0,5,104.60543799929832
9,53,1,1,0,0,123.04561709158506
9,54,1,1,0,3,122.56777360677111
9,56,1,0,0,3,106.99974701345694
9,57,1,0,1,5,136.0639443173242
9,58,0,0,0,4,95.56734803480708
9,0,0,1,0,5,110.83583426260151
9,1,0,1,0,4,107.21838022240115
9,3,1,0,0,4,108.10981056526678
9,5,0,0,0,0,95.92343278167155
9,7,0,0,0,2,98.52755764969801
9,9,0,0,1,6,108.25688223295914
9,10,0,1,1,0,124.27219978039155
9,11,0,1,1,7,124.9489908669119
9,12,1,1,0,6,127.2126616386475
9,14,0,1,0,0,111.46884341635293
9,16,0,1,0,1,120.38118526591529
9,17,0,1,1,6,127.33981191497705
9,18,0,0,1,2,120.81655969313536
9,19,0,0,1,6,117.70264322878224
9,20,0,0,1,1,116.31554475450925
9,22,1,1,0,6,127.88625404425346
9,23,0,1,0,4,112.5720310911174
9,25,0,0,1,0,113.8722142053636
9,26,0,0,1,0,112.09476112855438
9,27,0,0,1,4,111.07416497120262
9,28,0,0,1,4,112.82896772007095
9,29,1,0,1,1,125.44828296853773
9,31,1,0,0,5,108.47821382888016
9,32,0,0,1,3,125.98320593876937
9,35,1,0,0,5,109.71143595030017
9,36,0,0,0,4,99.76088146079637
9,38,0,0,0,5,98.36318703510499
9,39,0,0,1,3,119.73280388099658
9,40,0,0,1,2,119.76417066179219
9,44,1,0,0,4,107.83724077732191
9,45,0,0,0,2,99.1188189975261
9,49,0,1,0,6,107.72336003892
9,50,0,1,0,6,110.0047650045454
9,52,0,1,0,5,109.78331773676834
9,53,1,1,1,4,136.45056832049434
9,54,0,1,1,5,126.06510726720299
9,55,0,1,1,5,124.76695842586686
9,57,1,1,1,2,139.13245415264316
9,58,1,1,1,7,139.829418062294
9,59,0,0,0,3,105.63336121027426
9,0,0,0,1,2,108.48976588467798
9,1,0,1,1,2,123.87374589795355
9,2,0,1,1,2,123.64170344722513
9,3,0,0,1,1,108.00601176299745
9,6,0,1,0,4,109.26703995119979
9,12,0,0,1,4,107.90672320460573
9,13,0,0,1,7,123.51595512579783
9,14,0,0,1,3,121.567354347156
9,15,0,1,0,2,109.20839387905293
9,16,0,0,0,1,97.25274822176216
9,17,0,0,0,1,99.3218257567101
9,19,0,1,1,5,127.71252240161684
9,20,0,1,0,0,115.23889557636454
9,22,0,1,0,3,125.84216165971353
9,24,0,0,1,5,112.97537130036008
9,25,1,0,0,1,110.23831648100087
9,26,1,0,0,7,118.75021397060698
9,27,0,1,1,3,128.86403210091729
9,31,1,0,0,0,110.04955127059958
9,33,1,0,1,2,124.63446331196144
9,34,1,0,1,6,123.82263311393206
9,35,1,1,1,1,140.0819849067167
9,36,1,1,0,5,126.08818405206164
9,37,1,1,0,3,121.604174435543
9,38,1,0,0,4,107.93934139848783
9,39,1,0,0,0,108.39722933009566
9,43,1,0,0,6,111.0933574842714
9,46,1,1,1,1,138.77897504078058
9,47,1,1,1,0,135.35884272430496
9,48,1,1,1,5,136.36536387349787
9,49,1,1,0,0,120.17251443977722
9,50,1,1,0,0,122.2658597769767
9,52,1,1,0,7,123.05386746926469
9,53,0,1,0,7,108.78449243379042
9,54,1,0,0,5,106.73228037210467
9,57,0,0,0,7,95.55716732952453
9,58,0,0,1,6,106.78016003588304
9,59,0,1,1,0,123.2646681064404
9,0,0,1,1,2,126.99784337766654
9,1,0,0,1,3,117.81190188057533
9,3,0,1,1,2,124.6294904611363
9,4,0,0,1,4,107.30168694349258
9,5,1,0,1,7,122.66940960519162
9,6,1,0,0,1,108.37994205080957
9,7,1,0,0,3,119.90896123941238
9,8,1,1,0,6,124.26854499903003
9,11,0,1,1,1,126.62455468022523
9,12,0,1,0,5,110.26180478632499
9,14,1,0,0,3,118.53846855539702
9,15,1,0,1,7,125.22958664752215
9,16,1,1,0,5,128.65723686995932
9,17,1,1,0,7,123.84608485237463
9,21,0,1,0,3,127.56230830791048
9,22,0,1,1,4,124.81185306076335
9,23,0,1,1,7,128.93617394613258
9,24,1,1,0,3,138.68145001957535
9,25,1,0,1,6,125.7454067644185
9,26,0,0,1,6,112.4817880515214
9,27,0,0,1,6,115.43862096729843
9,29,0,1,1,3,134.77535627069398
9,34,0,0,0,2,100.52639939934525
9,35,0,0,0,6,99.2674510472845
9,36,1,1,0,6,126.71975480797839
9,39,0,0,0,5,99.20856231649503
9,41,1,0,0,1,110.75058049658782
9,43,1,0,0,3,120.58310419655896
9,47,0,1,0,3,115.17471921960221
9,49,0,0,1,3,123.53870074878012
9,50,0,1,1,6,123.07288289146581
9,51,0,0,1,5,109.69308155098705
9,52,0,0,0,6,93.2972291167283
9,54,0,0,0,7,97.88226920276429
9,57,1,1,0,0,123.22705566465999
9,58,1,1,0,2,123.97648891893259
9,0,1,1,1,3,137.2525202362102
9,1,1,1,0,1,121.24302170714279
9,3,1,1,0,6,121.30243075661713
9,4,0,1,0,7,114.39382275615732
9,5,0,0,0,4,93.71803967275837
9,7,0,0,0,7,100.1799666754735
9,9,1,0,0,2,109.34561161788525
9,10,1,0,0,0,108.71226504077177
9,11,1,0,0,4,109.70893966039242
9,13,0,0,0,1,98.3287989220056
9,14,0,0,0,5,99.50789722922143
9,18,0,0,1,5,110.70030905925351
9,19,1,0,0,1,110.34945141132714
9,20,1,0,1,2,124.69349102146495
9,21,1,1,1,6,143.55980078348597
9,23,0,1,1,6,126.09544775660362
9,25,1,0,1,4,125.92954786159967
9,26,1,0,1,1,123.7747347812123
9,27,1,0,0,3,114.33201073139827
9,28,1,0,1,2,123.58202383131764
9,29,1,0,1,7,126.13158794021692
9,30,0,0,0,2,101.12966857966586
9,31,0,1,0,2,116.45461739786256
9,32,0,1,0,7,113.12317833462797
9,35,1,1,0,7,140.48899829711002
9,39,1,0,0,1,108.67738479555946
9,40,1,0,0,6,120.38763671576955
9,41,1,1,0,7,123.62012702178669
9,43,1,1,0,3,138.0849240039303
9,44,1,0,1,2,123.7201397839375
9,45,1,1,1,4,138.32954216006758
9,46,0,1,1,6,123.64274997489619
9,47,0,0,1,4,108.94665700404438
9,49,1,0,1,1,133.97345676947168
9,50,1,0,0,1,106.4657891073725
9,51,1,0,1,4,122.8267148204566
9,52,0,0,1,1,108.1229147124339
9,53,0,0,0,1,97.34083195985075
9,55,1,0,0,5,105.57001011535371
9,59,1,0,0,1,106.85399576051381
9,0,1,0,0,1,106.99711475425946
9,4,0,0,0,0,98.5288959745549
9,5,0,0,0,6,98.14666440802965
9,6,1,0,0,0,107.65865472515262
9,7,1,0,0,5,109.93167107114202
9,8,1,0,1,5,122.02527067402437
9,10,0,0,0,0,94.56956994224144
9,13,1,0,0,7,111.30083484468574
9,16,1,0,0,1,116.72126981655997
9,18,1,0,0,4,111.50430318259697
9,21,1,0,0,3,111.63298639343613
9,22,1,1,1,1,138.70471193548383
9,23,1,1,0,5,135.42091027295768
9,24,0,1,1,2,127.69919578394627
9,25,0,0,1,5,113.54071927455736
9,27,0,0,1,0,113.69688474704031
9,29,0,0,0,5,99.16368810848661
9,34,1,1,1,7,138.04354513128143
9,35,0,0,0,1,98.85359187601651
9,40,1,0,1,5,123.13651239762687
9,44,1,0,0,3,108.29454108422343
9,45,1,1,0,0,121.2073692270348
9,46,1,1,0,3,120.89489235745653
9,47,1,0,0,4,105.7647371965298
9,49,0,0,0,3,105.67323405568985
9,50,0,0,0,2,96.6306281714097
9,51,0,0,0,1,95.03739263590111
9,52,0,0,0,7,95.1913882616709
9,53,1,1,0,3,120.68547341519543
9,56,1,0,0,1,107.01014107954664
9,57,1,0,1,3,121.40372843521689
9,58,1,0,0,0,105.37101790865997
9,0,0,0,0,2,104.06889341495383
9,2,0,1,0,5,110.71838665987922
9,3,1,1,0,3,132.73220579265467
9,5,1,0,0,2,106.29054527815424
9,6,1,0,0,7,108.49193325768536
9,8,0,0,0,2,95.29794212853095
9,9,0,0,0,3,97.63763587415505
9,10,0,0,1,6,110.40476680234264
9,11,0,0,1,3,110.86276291464569
9,13,0,0,1,2,110.39553535038009
9,16,0,0,1,0,109.3882388382831
9,17,0,0,1,2,111.3146222258953
9,18,0,0,1,1,113.50055015946694
9,19,0,0,0,7,100.04025650333523
9,22,0,1,0,5,111.13338661740084
9,24,0,1,0,5,115.0107239932681
9,25,0,1,1,1,128.75567690275673
9,26,0,1,0,0,113.64326583683388
9,27,0,1,0,6,115.00278180979352
9,28,0,0,0,1,103.89299234366717
9,32,0,0,1,1,113.32279316416351
9,34,0,0,1,6,110.1063270542776
9,36,1,1,0,1,123.05805155978115
9,39,0,1,1,1,129.05117573384868
9,41,0,0,0,2,99.42108773019189
9,42,0,0,0,6,98.03479099205893
9,43,1,1,0,0,124.73015612606632
9,45,1,1,0,7,119.91382848431505
9,46,0,1,1,1,126.49367064072769
9,47,0,1,0,6,107.60798953910474
9,50,1,1,0,5,122.26347200643309
9,55,0,0,1,7,112.19131851737886
9,56,1,1,0,3,121.47679427067632
9,57,1,0,0,7,105.45897439265997
9,0,1,1,0,1,125.0089520078182
9,1,1,1,0,6,120.71750721041582
9,2,1,0,0,4,107.78512224135449
9,6,1,1,0,7,136.65628206369894
9,8,0,0,0,6,100.70431834725449
9,10,1,0,0,6,112.16633172633134
9,12,1,0,0,2,110.86125714801564
9,14,1,1,0,6,127.27042306668336
9,16,1,1,0,4,124.61466629358183
9,19,0,0,0,0,106.2176488385779
9,21,0,1,0,7,113.10343435234937
9,25,0,0,0,3,110.37554115623524
9,26,0,1,0,4,114.29568313618286
9,30,0,0,1,2,111.50948013912003
9,31,0,0,1,2,115.67910413331668
9,32,0,1,1,7,126.05679710846388
9,33,0,1,1,1,126.47957360577557
9,34,0,1,0,5,110.555386610877
9,35,1,1,0,0,123.68340960881073
9,37,1,1,0,6,123.59086637860315
9,38,1,1,0,4,123.99771247164904
9,39,0,1,0,4,110.65173793068863
9,40,0,1,0,7,115.37995522886374
9,41,1,0,0,2,110.60295564598911
9,44,0,0,0,1,98.4839127198897
9,48,1,1,0,7,128.88895795120237
9,50,0,0,0,0,93.42707822209022
9,51,0,0,0,5,92.29702630939907
9,53,0,0,0,5,97.15664071727905
9,54,0,0,0,6,96.97430236212442
9,56,0,1,0,0,110.19353801477764
9,58,1,1,0,1,122.49071750238977
9,59,1,1,0,1,122.55052238795446
9,0,1,1,0,0,121.02627157994107
9,1,1,1,0,7,120.83686521759385
9,4,0,1,1,5,122.86051508913295
9,8,1,1,0,4,120.94936492473121
9,9,0,1,0,0,111.33419929729727
9,10,0,1,0,7,119.2562404775879
9,11,1,0,0,7,118.2650260084342
9,12,0,0,1,5,111.8108521101156
9,13,0,0,1,4,109.05842315411552
9,15,0,1,1,2,133.45701685877034
9,16,0,1,1,1,127.25854465237057
9,19,1,1,0,1,127.15881312414434
9,20,1,1,1,4,139.5921286495355
9,22,0,1,1,2,127.8611145994735
9,24,1,0,1,4,123.53525980920303
9,25,0,0,1,6,112.98426849261683
9,27,1,0,0,6,115.45050224930432
9,30,1,0,0,2,109.20076833228255
9,31,1,1,0,5,123.9296865739872
9,32,0,1,1,0,127.42125922437774
9,38,1,0,0,6,108.1033147803693
9,39,0,1,0,2,115.32629294251423
9,40,0,0,0,6,98.05148598959896
9,41,1,1,0,5,124.0665450180121
9,43,1,1,1,5,137.66994959474056
9,46,0,1,0,6,113.2200185850728
9,48,0,0,0,5,95.33390938105558
9,54,1,1,0,1,122.37579708146123
9,55,1,1,0,5,121.94592989313853
9,57,0,0,0,1,96.4474231772154
9,59,0,0,0,1,98.22363372227763
9,0,0,0,1,0,109.79766333285056
9,2,0,0,1,4,107.13246127668309
9,3,0,0,1,4,109.35372852027243
9,4,1,0,1,5,123.47267622054919
9,6,1,0,0,2,107.0905420399314
9,9,0,1,1,4,123.16707115033117
9,12,0,1,1,7,128.6264870536956
9,14,1,1,0,4,123.5219099459705
9,15,0,1,0,4,109.18246113604944
9,17,0,1,0,0,113.35024750767273
9,18,0,1,0,0,112.36501941564259
9,19,0,1,0,1,113.72981672672829
9,21,1,1,0,0,125.19610296737375
9,22,1,1,0,1,124.77892364127996
9,23,1,1,1,3,139.05341864300985
9,25,1,1,0,3,125.38229615938141
9,26,1,1,0,5,127.47744473118092
9,27,0,1,0,0,114.20248320940128
9,28,0,1,0,2,116.7820492040064
9,32,0,0,0,1,100.14889234946455
9,36,0,0,0,7,97.67275893149288
9,38,0,0,1,0,107.27607700111021
9,39,0,0,1,5,108.89875990095163
9,40,1,0,0,4,107.84700595450366
9,42,1,0,0,1,110.34390869571399
9,44,1,1,1,2,139.91177827919375
9,45,1,0,1,1,122.42603169596846
9,46,1,0,0,2,108.91041269028838
9,47,1,1,0,4,124.29828383287183
9,48,0,1,0,2,112.67896676008667
9,49,0,0,0,1,99.0651628328125
9,50,0,0,0,1,93.34163104583746
9,56,0,0,0,0,94.74234144375599
9,59,0,1,0,5,106.3010312330014
9,10,0,0,1,3,121.98649934649558
9,12,0,1,0,2,120.87086867786007
9,17,0,0,1,7,114.47055393553485
9,19,1,0,0,3,121.86093539285157
9,22,0,0,1,3,126.32360970104999
9,23,0,0,0,4,97.80248225739629
9,24,1,0,0,4,109.38442678037902
9,25,1,0,0,7,127.78271362254262
9,26,0,1,0,3,125.19853247675101
9,28,0,0,0,4,98.87095341894315
9,30,0,0,0,3,107.57886450996324
9,33,1,0,0,4,106.81595567904071
9,35,0,0,0,2,98.93315252881807
9,37,0,0,0,6,96.7934144583788
9,38,1,0,0,0,107.77104696429235
9,39,1,0,0,3,108.43111817019158
9,41,1,0,0,5,110.02977557109696
9,42,0,0,1,2,112.81742960368997
9,43,0,0,1,6,109.4135833073538
9,45,0,0,1,2,118.0210331232909
9,46,0,0,1,1,113.71003745689285
9,49,1,0,0,0,106.96997253768885
9,50,1,0,0,7,117.46834761879647
9,52,0,0,0,0,95.19265776769242
9,53,0,0,0,0,96.39259809001815
9,57,0,1,0,2,113.53178330494065
9,59,0,0,1,7,114.08039346993102
9,0,0,0,0,4,93.57409900505664
9,6,0,1,1,5,122.40855615945031
9,7,0,1,0,6,110.56541231484275
9,8,0,1,0,6,111.13653835110783
9,14,0,0,0,0,97.62642052970986
9,15,0,0,0,4,95.81182646902639
9,18,0,0,0,2,98.92678930658039
9,22,1,0,0,7,111.77812580084283
9,23,0,0,0,6,101.45730513370204
9,24,0,0,0,3,109.53854254434157
9,29,0,1,0,1,112.36437529711979
9,30,0,1,1,7,130.76883407072918
9,33,0,1,0,5,112.42535261359677
9,34,1,1,0,0,132.03737923313344
9,36,1,1,0,0,124.02430433168298
9,37,1,1,0,2,125.18499011053143
9,43,1,0,0,2,110.15713688424003
9,44,1,1,0,1,122.79217335614942
9,46,1,1,0,2,123.45088949818779
9,47,1,0,0,0,106.55774326919463
9,49,0,0,1,1,108.4903234912951
9,51,0,0,1,4,106.29647991216629
9,52,0,0,1,2,107.60786159712296
9,56,0,1,0,1,111.49677901643157
9,59,0,0,1,5,109.22763311132117
9,2,0,1,0,2,114.1341935167261
9,4,0,0,0,7,94.25429982773531
9,5,0,1,0,4,110.11716275124982
9,11,0,0,0,6,96.72612069090945
9,15,1,1,0,1,127.50290060389368
9,16,1,1,0,7,125.76043230499889
9,18,0,0,0,6,96.97935049636592
9,23,0,0,1,2,112.21329668366927
9,24,0,1,1,6,127.70073714873568
9,26,1,1,0,6,126.91628635965526
9,28,0,0,1,0,113.37980969560331
9,29,0,0,1,1,114.6199046193965
9,31,0,0,0,3,98.39336142623137
9,32,0,0,0,4,99.43409778865896
9,34,0,0,1,1,114.27100600817352
9,39,0,0,0,3,101.61127113211924
9,40,0,0,0,4,98.30620429812515
9,41,1,0,0,7,110.61879737629835
9,44,0,0,0,3,98.78629620848194
9,47,0,1,0,5,108.22059917271375
9,50,0,1,1,0,121.58281575047265
9,51,0,1,1,5,126.02546764404104
9,53,1,1,1,6,136.7536050489653
9,55,0,1,0,5,108.12979183548794
9,56,1,1,0,6,121.55153651638518
9,57,1,0,0,4,105.31153700874395
9,58,1,0,0,7,105.3167261873631
9,59,0,0,0,4,94.89643592830602
9,2,1,1,0,5,122.86145754675823
9,3,0,1,0,5,108.1025366706075
9,4,0,1,0,1,110.76637678687672
9,6,1,1,0,1,124.24628609154729
9,7,1,1,0,0,122.85641663296377
9,8,1,1,0,2,122.00308788236734
9,9,1,0,0,4,108.44706853523516
9,16,0,1,0,6,111.0501091554295
9,18,1,0,0,6,112.24588113208388
9,20,0,0,0,0,100.1321489329198
9,23,0,0,1,3,125.91985682622837
9,27,0,1,0,7,114.09997141985616
9,29,1,0,0,5,113.77149689588131
9,32,0,1,1,2,137.79273967873877
9,33,0,0,1,3,123.56065538084323
9,35,0,0,0,5,99.22535509919547
9,36,1,0,0,1,108.49783180235299
9,39,1,0,0,6,108.14089929890147
9,44,0,0,0,4,94.54303183210293
9,47,1,0,0,5,106.09584655941721
9,49,1,1,1,2,137.3929030452209
9,50,1,0,1,3,134.27426258888946
9,54,0,1,0,1,106.76819692080889
9,6,0,0,0,4,91.22752015076266
9,7,0,0,0,4,96.64666223719958
9,8,1,0,0,2,108.06017521468488
9,9,1,1,0,5,122.05879401329709
9,12,1,1,0,7,123.83950608351584
9,13,0,0,0,0,97.98281768221938
9,15,0,0,0,6,95.44719678001394
9,17,0,0,0,6,106.01767384494343
9,18,0,1,0,5,109.62099286907699
9,20,0,0,0,5,99.54807553750855
9,23,1,1,0,0,125.03737587106266
9,26,0,1,0,7,117.67378809311019
9,31,1,1,0,0,125.38552426137106
9,32,1,1,0,1,125.2287130842096
9,33,1,1,0,7,126.1288933071362
9,34,1,0,0,5,109.30654346330533
9,37,1,0,0,7,121.46876394852458
9,39,0,0,1,6,113.44392880062954
9,40,0,1,1,2,127.20983457759087
9,41,0,0,1,1,111.18472025992608
9,47,0,0,0,4,97.53664098478872
9,50,0,0,0,6,96.34249163826074
9,53,0,1,0,6,109.21812339433484
9,55,1,0,0,7,107.65130153482798
9,1,0,0,1,1,109.86528748180912
9,2,0,0,0,2,97.88287289200561
9,3,0,0,0,5,97.81575680963803
9,5,0,0,0,7,98.4587310903506
9,7,1,1,0,5,123.31694000508627
9,11,0,1,1,3,137.31877429735994
9,15,1,0,0,7,120.07535575753779
9,16,1,0,0,0,111.53913786616879
9,17,1,0,0,3,120.93978334743409
9,19,0,0,0,2,100.27599512957957
9,20,0,1,0,6,116.30494196159502
9,21,1,0,0,4,108.63407695319715
9,24,0,0,1,2,112.4140927728755
9,25,0,0,1,7,113.46323528852687
9,27,1,0,1,3,126.59203298607258
9,28,1,0,0,7,123.77584333418004
9,30,0,0,0,0,98.96559362165
9,35,0,1,0,7,117.34859713745911
9,36,1,1,0,3,126.2512152094161
9,37,1,0,0,6,110.28191670722042
9,43,0,1,0,0,110.74169750840039
9,47,0,1,0,7,116.15064923488984
9,48,0,0,0,1,96.37222013731026
9,57,0,1,1,3,126.99632076188837
9,58,0,1,0,5,113.09723227472946
9,59,1,1,0,2,122.80250898213659
9,2,1,0,0,2,107.05870198121693
9,4,1,1,0,3,122.7967987502349
9,5,1,1,0,6,122.89121008639482
9,6,0,1,0,5,111.03628410383504
9,10,0,1,1,2,126.51064883126675
9,11,0,0,1,6,111.18693166193877
9,13,1,0,1,1,125.42054277228812
9,14,1,0,0,6,110.59290621316751
9,18,0,0,0,5,97.40830011814506
9,21,0,1,0,1,115.68223968394436
9,23,0,1,0,7,115.23922945687175
9,25,1,1,0,0,124.83758399479042
9,28,1,1,0,5,127.22099604217333
9,29,0,1,0,6,112.84971327934575
9,30,1,1,0,0,123.88324686585152
9,32,1,1,0,7,126.85696242171123
9,34,0,1,0,7,126.27893049195876
9,37,0,1,1,4,123.71858805939084
9,41,0,0,1,6,110.0276050495875
9,42,1,1,1,1,140.60883737843287
9,43,1,1,0,1,124.91821653960115
9,44,1,1,1,6,138.7581191269621
9,46,0,0,0,6,98.91042659508709
9,48,0,1,0,0,108.71735566680113
9,49,0,1,0,5,110.99622062650569
9,54,0,0,1,3,107.43490150349442
9,58,0,0,0,7,93.28233811970428
9,59,1,0,1,2,124.14862055026971
9,0,1,0,1,6,124.64052392662273
9,1,0,1,1,0,124.40319835452678
9,2,0,1,1,7,122.82290868614494
9,3,0,1,0,2,111.5004631600072
9,10,0,0,0,7,97.56147304005962
9,14,0,0,0,1,97.94445866753856
9,15,0,0,1,7,110.65320040035915
9,17,0,1,1,3,135.79711154777848
9,19,0,1,0,0,113.69182498618164
9,20,0,1,0,3,128.7060591740328
9,22,0,0,1,4,110.94225531575003
9,23,1,0,1,7,122.72878043723063
9,24,0,0,0,7,101.28647668449497
9,25,0,1,0,7,115.57781069759031
9,29,0,0,1,3,125.85687336705351
9,32,0,1,1,1,126.22858160943613
9,33,0,1,0,7,112.17270165996071
9,39,0,0,0,2,101.12639674025253
9,42,0,0,0,1,99.28749651751436
9,43,0,0,0,3,101.61001679554751
9,45,0,1,1,2,134.76325711697586
9,46,0,1,1,7,127.61425078862338
9,47,1,0,1,5,130.58289496589157
9,48,0,0,0,0,96.63056310836235
9,50,0,0,0,5,94.91626057306013
9,52,1,0,0,2,109.62175422457476
9,53,1,0,0,5,105.00527018944517
9,54,1,0,0,6,106.36347827966382
9,55,0,1,0,2,108.95298745979049
9,58,0,0,0,2,95.77811054774111
9,59,0,0,0,2,98.44937896227752
9,1,1,0,0,1,108.42749817570385
9,2,1,0,0,6,109.8646552460589
9,7,0,0,0,3,97.22891580557376
9,9,0,0,0,5,97.5689086817913
9,13,1,0,0,3,116.61399564166305
9,16,0,0,0,3,107.60300146391964
9,18,0,1,0,4,111.9155033253248
9,21,0,1,0,6,112.95608166113202
9,23,1,0,0,3,107.56924080448842
9,24,1,0,0,0,109.61636285828898
9,25,1,0,0,2,115.99586172035893
9,27,1,1,0,6,126.15103608527428
9,29,1,0,0,4,109.17150915137616
9,30,1,0,0,5,109.96810232150773
9,31,1,0,1,4,123.77609909459431
9,34,1,0,0,7,112.5000752658111
9,35,0,1,0,6,114.14982634699498
9,37,0,1,0,1,112.15207651759397
9,38,0,1,0,1,113.5920365656871
9,41,0,1,0,7,109.8179587432672
9,42,1,1,0,2,124.92772800203957
9,47,1,1,0,2,123.52479789079412
9,48,1,0,0,1,106.28988481378022
9,49,1,0,1,5,122.29248700533839
9,52,0,0,0,5,95.09167061145084
9,58,0,1,0,2,121.69136077626732
9,1,0,0,0,2,97.9552268955267
9,6,0,0,0,5,97.05831976135794
9,7,1,0,0,1,108.877114232444
9,11,0,0,1,7,110.73094798648152
9,12,1,0,0,1,110.76593870083596
9,16,1,1,0,3,132.8999101316486
9,17,1,1,0,2,127.88982439970496
9,20,0,0,0,1,100.04106500115071
9,22,0,1,0,2,116.06934425011227
9,24,0,0,0,4,99.6961233118403
9,26,0,0,0,7,102.67105783530234
9,27,0,1,1,0,127.82491128875368
9,28,0,1,1,3,136.96922687428588
9,31,1,0,1,6,126.32240809226977
9,32,1,0,1,4,124.57650228504556
9,34,1,1,0,7,125.88913860578371
9,35,0,1,0,4,109.83315270144185
9,36,0,1,0,6,113.74122409558746
9,37,1,1,0,4,122.2434269670038
9,39,1,1,0,3,123.25683363140682
9,41,0,1,0,4,110.30646566750934
9,42,0,1,0,5,112.80404836817036
9,46,1,0,0,5,110.95728558751631
9,48,1,0,1,3,133.86440418962334
9,50,1,0,0,4,106.4399248167425
9,51,1,0,0,2,105.5392691019511
9,53,1,0,0,2,107.27338527375466
9,59,0,0,0,0,97.72475661300064
9,3,0,0,0,3,106.89098855239484
9,5,0,0,0,3,98.83695403733013
9,6,0,1,1,2,122.9019545885235
9,7,0,0,1,5,107.60139583958042
9,8,1,0,0,4,109.15316099933888
9,15,0,0,0,0,97.85898358897583
9,17,1,1,0,4,126.56346590034727
9,18,0,1,0,3,120.28713892833991
9,19,0,1,1,6,128.72295153623443
9,20,1,0,1,4,125.35514931873266
9,21,0,0,1,3,112.20133558689034
9,23,0,0,0,0,99.3024322744047
9,25,0,0,0,0,99.27539449647747
9,29,0,1,1,7,123.77143010964835
9,30,0,1,0,0,115.88640449590183
9,32,0,0,0,7,105.02761331487316
9,37,0,0,1,5,111.02365137574039
9,40,1,0,0,0,109.14450885793266
9,42,0,0,0,5,100.81346570286307
9,43,0,0,0,2,100.29640602561376
9,46,0,0,0,2,98.09610570447546
9,48,0,0,1,5,112.23110260086848
9,52,0,0,0,4,95.1793594962015
9,54,0,0,1,0,108.69967249349179
9,55,0,0,1,1,109.57957475554656
9,57,0,0,0,2,93.43312693054841
9,58,0,0,0,1,94.451727145645
9,1,1,0,0,6,107.93657672714721
9,8,0,0,1,4,107.06032673264244
9,9,1,0,1,6,123.43202646189067
9,10,0,1,1,7,126.10777405728365
9,11,0,0,0,5,97.9333396294223
9,13,0,0,0,5,97.6538352204505
9,14,1,0,1,2,125.32105657039851
9,15,1,1,1,4,138.93534557075185
9,16,0,1,1,2,125.47063616775532
9,17,0,0,1,4,115.30053367664578
9,20,0,1,0,2,116.52812314557424
9,25,0,0,0,5,98.04160192749951
9,26,1,0,0,0,112.91266713407913
9,30,0,0,1,4,111.24343379595555
9,33,0,0,0,4,96.89660529221966
9,38,0,0,0,3,107.93452728572659
9,40,0,1,0,1,110.55073734832565
9,42,0,1,0,2,113.45645450659502
9,43,0,1,0,6,113.99043372583516
9,45,1,0,1,3,123.27110221132213
9,48,1,0,0,4,105.96167630585464
9,49,0,0,0,2,97.52089475536155
9,52,0,0,1,0,108.41639999420448
9,53,0,0,1,4,107.71053288461627
9,54,1,0,1,6,120.61601618475318
9,55,0,1,1,1,125.95631225536734
9,1,1,0,0,3,119.81697243029515
9,2,1,0,0,5,108.84194952703989
9,12,1,0,0,3,110.28821576420115
9,13,1,1,1,1,139.9872887048241
9,14,1,1,1,7,139.5723611723697
9,19,1,1,0,7,126.71747874709854
9,25,0,0,0,7,103.44451452907603
9,26,0,1,1,5,125.54168883896364
9,28,0,0,1,2,115.59121425399204
9,30,0,0,1,7,114.78042495626237
9,31,1,1,0,7,125.01001269735546
9,34,1,0,0,6,109.38545613739055
9,35,0,1,0,3,126.31389336677229
9,36,0,1,0,5,111.03759390798109
9,37,0,1,1,1,124.33201893931027
9,38,0,1,1,2,126.0821070608849
9,39,0,0,1,0,109.18473492586695
9,48,1,1,0,3,121.29208463902692
9,49,1,0,0,3,118.33808770238294
9,50,1,0,0,3,105.92966592956161
9,53,0,1,1,4,120.89860299880775
9,54,0,1,1,4,122.89716433219442
9,55,0,1,1,6,124.97657336532274
9,56,0,1,1,0,123.51805148328111
9,57,0,1,1,0,124.57837635988942
9,58,0,1,1,0,124.74777507127567
9,59,0,1,1,3,137.641382739696
9,9,1,1,0,1,122.86800244271008
9,12,1,0,0,0,110.22603377159838
9,13,1,0,0,4,110.46300743751422
9,19,1,0,0,7,112.40131290455506
9,22,0,1,0,0,113.52029672141093
9,24,0,0,1,1,113.08109505678556
9,29,0,0,0,6,104.38302362125437
9,35,1,0,1,5,136.45846963912405
9,43,0,1,0,3,122.1961320231479
9,47,1,0,1,1,121.57317361219191
9,51,1,0,0,0,105.52699284101159
9,53,1,1,0,1,126.83914469954009
9,54,1,1,0,0,122.52438145292874
9,55,1,1,0,1,122.4361063728405
9,58,1,1,0,4,122.06262963502007
9,3,0,1,0,1,108.76105686319349
9,7,1,1,0,6,122.80784571621979
9,8,1,0,0,1,108.05744841723681
9,9,1,0,1,0,122.51501780959552
9,20,1,0,0,6,111.52624078273843
9,22,1,0,0,4,110.94465123444627
9,26,1,0,1,6,124.84180531801843
9,27,0,0,1,3,114.09194473158657
9,32,1,0,0,4,110.5626145853753
9,33,1,0,0,0,108.28897757473939
9,38,0,1,0,7,111.16182649802617
9,42,0,1,0,6,117.29814002023689
9,43,1,0,0,5,112.71551825384012
9,44,0,0,0,0,97.2089263768041
9,48,0,0,0,2,97.73118721525228
9,50,0,0,1,3,117.3392933133749
9,54,1,0,0,7,105.89478115172162
9,56,1,0,0,4,106.75022488415544
9,57,1,0,0,3,115.00806190680717
9,58,1,0,0,3,107.80370596077336
9,1,1,0,0,4,107.25808797577831
9,9,1,1,0,7,125.86944789176324
9,11,0,1,0,5,109.92630762187619
9,12,0,1,0,4,112.07354978457289
9,13,0,1,0,5,113.02555283555483
9,15,1,1,0,3,126.40579173527202
9,16,1,0,1,6,123.54709698127624
9,17,1,0,1,5,123.92191166001984
9,18,0,0,0,1,99.02442688219698
9,19,0,0,1,5,114.91998239794832
9,26,1,0,0,4,108.79493306313641
9,36,1,0,0,3,117.34568577959864
9,40,0,0,0,7,100.83963531674142
9,43,0,1,1,6,123.10590297827278
9,44,0,1,1,5,122.76444881023059
9,45,0,1,0,6,113.46777214904492
9,46,0,1,0,7,111.04532856900055
9,47,1,1,1,2,136.59518461943009
9,48,1,1,1,0,144.32320392142424
9,49,1,1,1,5,139.11526875910832
9,51,0,1,0,4,106.41326636630369
9,55,0,0,0,1,102.35139957041625
9,2,0,1,0,3,119.26245085947467
9,12,1,1,0,3,130.71057730691933
9,19,0,1,0,5,113.76222076775782
9,20,1,1,0,4,122.17210929320817
9,30,0,1,0,5,116.64548628252598
9,32,0,1,0,5,114.79002834343714
9,33,0,1,1,2,125.27053739607473
9,34,0,0,1,7,111.95764713816413
9,35,0,1,0,0,111.67755124460565
9,40,0,1,1,7,125.31065345543772
9,41,1,0,1,1,125.766205775038
9,43,1,0,0,7,109.56709494054681
9,49,1,0,0,6,107.32215198225828
9,51,0,1,0,3,110.08313593227112
9,56,1,0,0,5,106.6752405191727
9,57,0,0,1,7,106.95385637070862
9,58,0,1,1,5,121.50054083669697
9,59,1,1,0,4,122.59160174821477
9,1,1,1,0,0,121.17663863418902
9,3,1,1,0,2,123.29503123962647
9,4,1,0,0,2,110.63044820986045
9,14,1,0,1,5,126.16424557507216
9,15,1,0,1,2,125.88200149501371
9,16,1,0,1,3,129.72042824976188
9,17,1,0,0,7,111.59076791287187
9,21,0,1,0,5,115.25469329045575
9,23,0,1,1,5,126.90467005351898
9,34,1,0,0,4,107.87110645556615
9,40,0,1,0,0,111.70651632267327
9,41,0,1,0,3,124.16533997331233
9,46,1,0,0,4,107.70100665723336
9,47,1,0,0,2,105.98429822963907
9,53,0,0,0,6,96.76352161274937
9,55,1,0,0,4,105.70517159664747
9,56,0,0,0,1,97.57637040290393
9,59,1,0,0,3,121.41765859630735
9,4,0,0,1,3,109.312929048494
9,6,0,0,1,3,119.71605112424477
9,9,0,1,0,5,109.56991986449079
9,10,0,1,1,5,127.25747630782604
9,11,1,1,1,7,148.62669990912116
9,12,0,1,0,7,111.94491594742323
9,16,0,1,0,4,111.03660045887924
9,20,0,1,1,3,138.64962555388462
9,23,1,0,0,4,108.76216434815412
9,33,1,1,0,0,124.14848837153482
9,45,0,0,0,0,95.48021519835076
9,47,1,1,0,1,122.81119869745993
9,48,1,1,1,7,136.59287371530775
9,50,0,0,0,4,92.44386689026844
9,52,1,0,0,6,106.12251115280056
9,0,0,0,1,6,110.42701083124504
9,1,0,0,1,0,109.91122355718667
9,3,0,0,1,2,111.14018393621157
9,5,0,0,1,1,114.53469599673686
9,6,0,0,1,5,109.24345392784312
9,8,1,0,1,0,122.14737565714985
9,11,1,0,0,1,109.70909956087208
9,13,1,1,0,2,125.46317341898106
9,21,1,0,0,2,111.38592314544718
9,22,1,0,0,1,109.77615601493939
9,23,1,0,0,1,112.07278368180019
9,24,1,0,1,6,125.79197243164847
9,25,0,1,1,5,127.57165878655124
9,27,1,1,0,5,127.53702770467903
9,28,1,1,0,1,125.41075011170007
9,29,1,1,0,7,133.747674837911
9,30,1,1,1,0,139.90190697304175
9,31,1,1,1,0,140.71331912162833
9,32,1,1,1,0,139.3972691929456
9,33,1,1,1,7,138.67854657365626
9,39,1,0,1,3,125.46800030615616
9,40,1,0,0,5,108.66759440573873
9,41,1,0,0,4,108.75985006283693
9,44,1,0,0,7,117.67427410464295
9,46,0,1,0,1,111.85460907374187
9,48,0,1,1,7,124.73924437036237
9,49,1,1,0,3,130.39700633542952
9,50,1,1,0,7,121.15683767067652
9,59,0,0,1,4,108.42551584422898
9,0,1,0,1,0,121.42542926667825
9,1,1,0,1,3,122.56824457156488
9,3,1,0,0,6,107.5954785442813
9,7,0,0,0,0,96.52913482338872
9,8,0,0,0,5,96.93411605298073
9,9,1,0,0,1,106.84897806658053
9,10,1,0,0,3,107.28236348568483
9,17,0,0,1,5,111.34803054637662
9,21,1,0,0,0,109.33184885634537
9,22,1,0,0,2,113.58511919323175
9,23,1,0,0,6,114.654674696217
9,32,0,0,1,7,116.24540371609001
9,34,0,0,0,1,98.12610344205807
9,35,0,0,1,2,116.64016819037549
9,36,0,0,1,6,112.9006984164093
9,37,1,0,1,1,123.37520718140681
9,42,1,1,0,5,124.34548369440937
9,43,1,1,0,2,125.79212373523706
9,46,1,1,0,4,123.70111300211691
9,48,1,1,0,5,120.12933474129267
9,50,0,1,0,5,106.99959141861953
9,51,0,1,0,0,108.48551855268177
9,54,1,1,1,4,137.7437509095243
9,56,0,1,1,5,122.07229559058763
9,57,0,1,0,0,110.38347033686983
9,58,0,1,0,4,106.94015352419873
9,59,0,1,0,0,109.64007752319267
9,0,0,1,0,1,108.56681648427391
9,2,0,1,0,4,111.2639875637042
9,6,0,1,0,2,113.71631718936096
9,7,0,1,0,7,110.644982709486
9,8,0,0,0,7,97.19124043055231
9,12,0,0,0,6,96.80304747409059
9,13,1,1,0,0,125.24475571638284
9,14,1,1,0,0,125.14059515440027
9,17,1,0,0,5,111.677752973185
9,18,0,0,1,6,114.85086094068873
9,20,0,0,1,5,115.77515786126611
9,22,1,0,0,5,111.74729830703784
9,28,1,1,0,6,126.63270997997641
9,33,1,0,0,5,108.27229888351431
9,37,1,1,1,7,138.9838552484439
9,38,0,1,0,2,110.16704490920723
9,41,0,1,1,3,126.5096118697761
9,45,0,1,0,0,110.32941380130198
9,53,1,0,0,1,106.74474164254437
9,0,0,1,1,1,123.85025717425052
9,1,0,1,0,7,110.81741446300653
9,5,0,1,0,0,109.92074094431001
9,12,1,1,0,0,124.52516205310742
9,13,1,1,0,5,125.09764227404891
9,15,0,1,0,5,108.65614657701329
9,17,0,1,0,2,114.43965922631149
9,19,1,1,0,0,125.09434342687646
9,20,1,1,0,5,123.83548475681397
9,23,1,1,0,3,126.01585486674217
9,26,1,0,0,3,126.13857708835721
9,31,1,1,0,3,130.638804489453
9,33,0,1,0,3,132.5319460412909
9,34,0,1,0,1,113.80704159445634
9,35,0,1,0,2,114.96267311305384
9,37,0,1,0,0,113.77238731523707
9,41,0,1,0,6,116.02577515032141
9,42,0,1,0,1,114.97628409441691
9,44,0,1,0,3,118.68924379838296
9,48,0,1,0,7,111.39524431502092
9,51,1,0,0,3,106.28037736505567
9,55,1,1,0,7,126.86620437425374
9,56,1,1,0,0,126.08232608221589
9,57,1,1,0,5,121.70328614297114
9,0,0,0,0,1,98.38879013021433
9,4,0,0,1,1,109.92954370433996
9,10,1,0,0,2,118.48596593333336
9,11,1,1,0,5,124.77631058979327
9,12,1,1,1,6,139.43125328796506
9,13,0,1,1,7,124.49207368265289
9,17,1,0,0,4,110.98102564618961
9,27,0,0,1,5,116.5122227188484
9,29,1,0,1,6,131.45904097406208
9,30,1,0,1,5,124.44297134870799
9,33,0,0,0,2,99.47003323904156
9,36,1,0,0,4,106.94532826703336
9,40,0,1,0,4,109.0162029984125
9,43,1,0,0,4,108.15367124370108
9,49,0,0,0,7,99.29429670482081
9,59,1,0,0,0,106.75562371383435
9,7,0,0,1,4,108.62302724976193
9,10,1,1,1,1,139.12592949895068
9,11,1,1,1,1,139.93912187976687
9,12,1,1,1,7,138.65280683975908
9,14,0,1,1,4,122.83355375826224
9,15,0,1,1,3,126.89590550944183
9,16,0,0,1,4,107.99051185608599
9,18,0,0,1,4,110.71438408563911
9,19,0,0,1,0,115.145030842321
9,21,0,0,1,0,111.674894372975
9,22,0,0,1,1,112.61679812562723
9,31,1,1,0,1,123.29442220153456
9,33,1,1,1,3,148.7501954105385
9,36,1,1,0,7,137.60461874768282
9,38,0,0,1,2,113.00149543088023
9,40,0,1,1,6,127.83173066049476
9,42,1,0,0,3,119.14076169713334
9,44,1,1,0,7,133.71273185558206
9,59,0,0,1,6,106.42034127500388
9,0,0,1,1,5,123.78296842790333
9,1,0,1,0,1,109.95395316418644
9,6,1,0,0,4,108.19553564057756
9,10,1,1,0,2,123.97194296554117
9,11,1,1,0,6,123.16424068266893
9,17,0,1,1,0,125.95340182088282
9,18,0,1,1,2,137.44301447602246
9,19,0,1,1,0,128.61072836505005
9,21,1,1,1,3,142.59591889030622
9,22,1,0,0,3,123.02269423039859
9,28,1,1,0,2,126.65637903901293
9,29,1,1,0,6,125.97218544178413
9,41,0,1,0,5,109.69261058014571
9,44,0,1,0,6,109.87458247459476
9,47,1,0,1,3,121.67144393235182
9,54,0,1,0,5,109.96030667618585
9,55,0,1,0,1,109.67380856647276
9,58,0,1,0,7,112.33710543672287
9,59,0,0,1,3,120.33713179621081
9,4,0,0,0,3,102.44826247073357
9,8,1,0,0,7,115.84736874733115
9,11,0,1,0,0,111.30183393416955
9,17,1,1,0,1,122.5101083676206
9,18,1,1,0,0,125.19040440437294
9,19,1,1,0,5,137.15619959814452
9,25,0,0,0,6,101.78852871267587
9,26,0,0,0,6,98.09261001156273
9,27,0,1,0,4,115.11263380000773
9,29,0,1,0,5,115.09567099051196
9,30,1,1,0,7,125.43678523148667
9,31,0,1,0,1,117.70319758569678
9,42,0,0,0,3,107.0561322023103
9,43,0,0,1,4,108.5376301503874
9,47,1,1,0,7,136.92307597115877
9,4,0,0,1,5,107.04856138617153
9,5,1,0,0,1,106.86906993548217
9,14,1,0,0,1,110.46036792882248
9,15,1,0,1,5,123.7912198757337
9,16,1,0,0,5,112.04161245197172
9,18,1,0,1,0,124.05335653004815
9,19,1,0,1,7,135.9578770704882
9,28,1,0,0,6,113.33916167910577
9,34,0,0,0,6,98.814439768288
9,37,0,1,0,4,111.91656173412856
9,38,0,1,0,6,112.08270792760793
9,48,0,0,1,2,109.33712112771057
9,49,0,1,1,7,121.87019417631649
9,51,0,1,1,1,122.97633608183409
9,53,1,0,0,6,107.6370321821276
9,55,0,0,0,3,97.23395347808088
9,2,0,0,0,4,94.3417895217454
9,6,1,1,0,0,123.4460906940867
9,8,0,1,1,2,124.43777791556326
9,12,0,0,0,7,93.86198772498972
9,18,0,0,0,4,95.4284848210301
9,20,1,1,0,3,124.54402508986627
9,22,0,0,0,4,97.12252229886622
9,26,1,0,0,2,113.79891961540486
9,27,1,0,0,4,110.65671200869706
9,32,0,0,0,2,111.88207257605198
9,36,0,1,0,3,125.0650040275672
9,40,1,1,0,1,125.62656425988715
9,41,1,1,1,2,138.30818352525816
9,42,1,1,1,6,141.924457460584
9,43,1,0,1,0,123.52987961935777
9,46,0,1,1,3,134.0407244417409
9,48,0,1,0,4,108.1641154451203
9,50,0,1,0,4,105.99611921263356
9,52,0,1,0,2,112.01393170288375
9,0,1,0,0,3,118.05398644895261
9,1,1,1,0,2,132.5327682939026
9,6,0,1,1,4,122.78532825808149
9,7,0,1,1,0,123.0077011046907
9,8,0,1,1,3,134.73095951948184
9,13,0,1,0,4,114.14803431053245
9,21,0,0,0,0,98.51896477134824
9,24,0,0,0,0,99.74404146576417
9,29,1,0,0,0,108.65976209949869
9,30,1,0,0,3,121.95238029198867
9,33,0,1,0,2,111.25238230708453
9,37,0,0,1,4,110.24845849503141
9,38,0,0,1,1,110.66079393553815
9,41,0,0,0,6,99.23836139044303
9,58,1,0,1,4,122.26311556249026
9,0,0,1,1,7,123.26840065689541
9,1,0,0,1,2,110.65709272930296
9,10,0,1,0,5,112.10108632468445
9,11,1,1,0,0,123.38305360566213
9,29,1,0,0,7,120.22280118095901
9,30,0,0,1,0,112.05158192701457
9,31,0,0,1,1,114.43677149447329
9,36,0,1,0,1,113.63168309855476
9,38,0,1,1,4,122.6978769339534
9,39,1,1,1,6,138.50869275375592
9,40,1,0,1,1,124.7340515336923
9,47,0,1,1,1,124.24744930792691
9,49,0,1,0,2,113.69894925706275
9,50,0,1,0,7,112.83130202631548
9,54,1,0,0,1,107.207353392226
9,57,0,0,1,3,115.85223486130859
9,0,0,1,0,3,124.37980012251306
9,4,1,0,1,6,123.2330059636733
9,7,0,0,1,6,110.87017149845192
9,9,1,1,0,2,121.17281438575148
9,15,1,1,0,4,122.67513724718003
9,17,0,1,0,4,116.31860687266561
9,20,0,1,1,1,128.13485464475343
9,31,1,0,0,2,117.17712916415067
9,33,1,1,0,5,123.96084521948353
9,38,1,1,0,7,123.6074371417915
9,44,0,1,0,5,111.48632484516061
9,45,0,1,0,2,116.590671907351
9,50,1,1,0,1,121.5466970421774
9,51,1,1,0,1,123.29717863268412
9,53,0,0,1,3,112.72861388088597
9,56,0,0,1,6,107.83397963447445
9,57,1,0,1,2,121.13104020732146
9,59,1,1,1,6,138.83035979275374
9,0,0,1,1,4,123.18107676943856
9,2,1,1,1,2,137.83602285992606
9,3,1,1,1,5,139.10549647459095
9,4,0,1,0,6,110.47875624259987
9,7,0,1,1,2,125.7886038050653
9,8,0,1,1,0,124.37610095094381
9,9,0,1,1,2,124.11267809615066
9,11,0,0,0,3,109.69601063131914
9,17,1,0,0,0,110.0688487855385
9,19,1,0,1,5,126.82671559609656
9,24,1,1,0,4,124.47884281241777
9,25,1,1,0,2,124.68448640668127
9,27,1,0,0,7,125.97917968416877
9,31,0,1,0,6,112.0159421623896
9,35,0,0,1,5,111.52693507219811
9,37,0,0,0,7,98.3850578172088
9,42,0,0,1,4,109.43269227066016
9,46,0,0,0,3,97.02813355506453
9,53,0,1,0,1,108.8301256158327
9,54,0,1,1,2,122.76173469454596
9,56,0,1,0,7,110.35987769326402
9,59,0,1,1,7,127.07482073375621
9,1,0,0,0,4,93.45234441113605
9,10,1,1,1,6,139.04533159601175
9,11,1,0,1,2,123.86344484824207
9,12,1,0,1,7,123.96442752134709
9,15,0,1,1,5,125.99672854573012
9,26,1,1,0,4,125.2134024051309
9,31,0,1,1,5,125.44790517069744
9,32,0,1,0,0,114.00869801190454
9,36,0,0,1,2,114.05692401459497
9,37,0,0,1,7,112.5482427516213
9,40,0,1,0,6,110.09832757000056
9,55,1,0,0,0,105.87908190349391
9,59,1,0,0,4,107.70236381322879
9,11,0,1,0,4,109.8139909845152
9,12,0,1,0,3,112.37468897206612
9,13,0,1,0,3,126.10632939146318
9,21,0,1,1,0,127.16450148444667
9,23,0,1,1,2,127.13967959609356
9,26,0,1,1,4,125.01538957221754
9,27,0,1,1,2,125.78491320559074
9,28,0,0,1,5,113.59315107725672
9,29,1,0,0,1,110.27370265773155
9,31,0,0,1,3,127.6001600818372
9,37,1,0,0,2,109.75351490149086
9,38,1,1,0,2,123.43439013404794
9,44,1,1,0,5,123.88948567167142
9,56,1,1,1,1,138.7123356958882
9,58,1,1,1,0,138.6966763822169
9,1,0,1,1,3,135.35373341088132
9,2,0,0,1,2,108.84049652278418
9,3,0,0,1,5,108.46491326769177
9,4,1,0,0,5,106.54339563669248
9,5,1,0,0,0,107.0087716850219
9,10,1,0,0,4,107.33408445530499
9,13,0,1,0,7,114.20228693460615
9,14,0,1,0,4,110.13876732340849
9,22,1,1,0,7,138.80054223208532
9,23,0,0,0,7,98.41712690213178
9,24,1,0,0,3,107.05736138882888
9,25,1,1,0,7,139.3963302157099
9,26,1,0,0,1,110.6719618639916
9,28,1,1,0,3,140.6147772092701
9,32,1,1,0,3,127.00375224663573
9,41,0,0,0,4,99.045482802604
9,44,0,1,0,7,108.4666018450427
9,50,0,0,1,0,109.90769952208086
9,51,0,0,1,6,111.60268417513316
9,53,0,1,1,6,121.8615792687634
9,54,0,0,1,5,107.96004459993745
9,59,1,1,0,6,122.62295835958416
9,1,1,0,1,0,122.20190307698746
9,5,0,1,0,7,113.6177407452965
9,6,1,1,1,0,138.31056325115205
9,7,1,1,1,4,138.95047467481936
9,11,1,1,0,2,122.82404717605036
9,12,1,1,0,5,125.42273324691739
9,15,1,1,0,7,132.25312101923
9,16,0,0,1,7,111.67215140890298
9,20,0,0,1,4,112.11296381752187
9,21,0,0,1,7,113.04565137191884
9,24,0,1,0,0,114.19450100756815
9,40,0,0,1,7,110.95707040902025
9,42,1,1,0,3,124.6036699498109
9,47,0,1,0,0,111.17179971885699
9,48,0,1,0,5,110.11949493656222
9,53,0,0,1,5,108.75716748115536
9,3,1,0,1,4,123.7187640217226
9,4,0,0,1,2,107.906436180142
9,5,0,1,1,4,122.47791202432492
9,6,1,1,1,6,137.42670456832747
9,7,0,0,1,0,107.53066803726053
9,8,0,0,1,1,109.27135524640148
9,19,1,1,0,2,124.82851895541951
9,20,1,0,0,5,110.72349203569794
9,24,0,0,0,6,96.89080616275065
9,25,1,0,0,6,112.82876661669066
9,33,1,0,0,3,110.41442583339351
9,34,1,1,0,4,125.33472384097344
9,35,1,1,0,2,125.53920229887358
9,38,1,0,0,7,107.51009639316113
9,39,1,0,0,2,118.1653578648217
9,40,1,1,0,0,123.81040231714476
9,42,1,1,0,4,123.54233283212633
9,46,0,1,0,4,110.65747934714071
9,47,1,1,0,6,122.65835685633853
9,48,1,0,0,0,106.53817211917426
9,52,1,1,1,5,136.91285852893506
9,55,0,0,1,0,105.88189312966036
9,4,0,1,0,3,113.92355617105011
9,9,1,0,1,1,123.8444484245766
9,10,1,0,0,1,107.98645447443451
9,12,1,0,0,7,119.68012175791853
9,13,1,0,1,4,125.49226033804268
9,14,0,0,1,2,111.74707048593997
9,24,0,0,1,3,124.55026661999479
9,28,1,1,0,7,130.7580378655522
9,31,1,1,0,6,124.5525212615868
9,32,1,1,0,2,123.58350017013893
9,4,1,1,0,5,120.93969264314788
9,10,0,1,0,4,108.49699634446415
9,11,0,1,0,3,123.95126268319108
9,12,0,1,1,6,129.52616262514778
9,14,0,0,1,1,110.7757569849619
9,18,1,0,1,2,125.88397991748973
9,24,1,0,0,6,109.41132292181864
9,29,0,0,0,0,101.05399969923913
9,35,1,0,0,3,118.08799741010331
9,43,1,0,1,1,123.01912805904773
9,45,1,1,1,1,138.50642410585388
9,46,1,1,1,6,138.69577079456394
9,48,0,0,1,3,117.6395767586115
9,49,0,0,1,7,107.68039246269281
9,51,0,1,0,6,105.67571011011985
9,4,0,1,0,5,110.85568041541696
9,5,1,1,1,0,138.37246316861894
9,6,1,1,1,4,137.6735254446197
9,7,1,1,1,7,138.4646595031585
9,9,0,0,0,4,95.65952922371999
9,10,0,0,0,4,97.2136441001638
9,14,0,0,0,7,98.9956777599005
9,15,1,1,1,2,139.53862895937613
9,16,1,0,1,7,124.9959981635465
9,19,1,1,1,2,141.09757930354652
9,20,1,0,1,6,127.38384000949044
9,22,0,1,1,3,142.13540019404869
9,25,0,1,0,6,118.12632223103087
9,31,0,1,0,7,118.384282916342
9,32,0,1,0,4,113.68031206484282
9,36,0,0,1,0,111.96350889475221
9,43,0,0,1,7,108.4290470996061
9,48,1,0,1,7,121.4371989841315
9,51,1,1,0,5,120.98032372125941
9,56,0,1,0,3,115.88266515537791
9,2,1,0,0,7,120.70680622954026
9,3,0,1,1,1,125.16919572533541
9,8,0,0,0,0,96.288706028065
9,14,0,1,0,2,111.17247264261201
9,20,1,0,0,2,110.53431300931605
9,21,1,1,0,2,122.43782398077727
9,23,1,0,0,5,109.82537291937196
9,26,0,0,0,4,99.8919053526059
9,35,0,1,1,5,125.59394413054608
9,45,0,1,0,3,112.73254671701409
9,51,0,0,1,3,113.34597545341431
9,5,0,0,1,3,111.63847526842622
9,6,0,1,0,0,110.53995951672617
9,8,1,1,0,7,140.20299876476136
9,33,1,1,0,2,134.2020436475969
9,35,1,1,0,1,123.39701618875802
9,36,1,1,1,0,141.11921891095594
9,38,0,1,1,7,121.53831632072122
9,44,0,1,0,0,110.59688141053645
9,47,0,1,1,0,122.3352049373999
9,48,0,1,1,6,124.8875746050688
9,54,1,1,0,2,123.37079461138704
9,0,0,1,1,3,134.47416048562906
9,1,0,0,1,7,111.3820887113405
9,2,1,0,1,0,122.6821655179337
9,3,1,0,1,5,123.24607098409898
9,7,1,1,0,2,130.79202380755405
9,21,1,0,0,7,111.569362323186
9,23,1,1,0,4,127.2400114429955
9,25,0,1,0,3,119.41102602496925
9,41,1,1,0,1,124.87795532251673
9,42,1,1,0,1,124.20721488219918
9,43,1,1,1,3,139.4578711018974
9,47,1,1,1,6,135.35944277909644
9,11,0,1,1,4,125.29290351788424
9,12,0,1,1,2,126.50257046600548
9,15,0,0,1,6,112.53939151629524
9,26,1,0,0,5,109.8286831514443
9,27,0,0,0,6,100.89132070275983
9,31,0,0,1,0,111.88279770576091
9,32,0,0,1,5,112.94296630438335
9,35,1,0,1,7,123.96763294772751
9,42,0,1,0,3,121.3526538725021
9,43,0,1,0,7,116.97091774749116
9,46,1,1,0,0,121.08356811703601
9,57,1,1,0,7,135.94925758786195
9,59,0,1,1,2,123.72023574205818
9,0,0,0,1,7,109.70118972773209
9,11,1,0,0,5,109.42256371723283
9,16,0,1,0,7,112.29796866794103
9,19,0,0,1,4,114.42061210124987
9,34,1,1,0,5,124.63116044730663
9,47,0,0,1,3,118.04599630820064
9,49,0,1,0,7,106.68534814054418
9,50,1,1,0,3,131.48008573469042
9,51,1,1,0,6,120.8500595491178
9,54,1,1,1,0,138.0543792154728
9,55,1,1,1,0,138.55370607329752
9,56,1,1,1,2,138.92557709797038
9,57,1,1,1,6,138.88582061653378
9,58,0,0,1,4,106.65721782567142
9,5,1,1,0,7,128.6808348964726
9,9,0,1,0,7,109.10998017752162
9,15,1,0,0,6,105.92814167927048
9,21,0,0,1,5,112.254160723432
9,26,1,0,1,5,125.05466274912818
9,29,0,0,1,0,113.73054291686805
9,30,0,0,1,6,112.66801719685294
9,31,0,0,1,6,110.68945757035517
9,33,0,1,1,3,141.12904982019683
9,39,1,0,1,5,123.17266468421715
9,43,0,0,1,1,111.31483578268356
9,45,1,1,0,4,121.21444639905505
9,46,1,1,0,5,121.69981361008666
9,53,1,1,0,6,120.94315500435899
9,58,0,0,0,6,96.33540873009896
9,5,1,0,1,4,122.41343750946025
9,13,1,0,0,0,110.9326542060059
9,17,1,1,0,3,134.96197019841551
9,18,1,1,0,7,127.25186618385888
9,19,1,1,1,6,144.06633685454608
9,21,1,1,1,0,141.31989040576605
9,22,1,1,1,5,140.23912015638857
9,25,0,1,1,2,129.2309797922811
9,26,0,1,1,2,126.66789503605618
9,39,1,0,0,4,107.46673745545559
9,47,0,0,1,1,112.13359411730079
9,49,0,1,0,4,108.53091596908223
9,55,1,1,0,3,124.47721719787256
9,56,1,0,1,7,121.05834728987483
9,57,0,0,0,0,91.66704787852737
9,9,1,0,0,3,111.13280207298023
9,16,0,0,1,1,110.15666996304908
9,18,1,0,1,6,132.48922254631506
9,22,0,1,1,0,126.35317162825665
9,27,1,1,0,4,126.3876393762058
9,28,0,1,0,1,114.4923261228142
9,32,1,0,0,0,108.74108476382055
9,33,1,0,0,6,107.24789984401379
9,37,1,0,1,0,125.30599996556698
9,38,1,0,1,1,125.70527141777409
9,39,1,0,1,6,122.99498407092565
9,42,1,0,0,0,109.27453728286409
9,44,1,0,0,0,106.53459727632304
9,51,0,1,0,7,110.19001496904775
9,0,0,1,1,6,123.58282232414211
9,2,0,0,1,6,106.68420140430865
9,3,0,0,1,6,111.86081688898719
9,4,1,0,1,7,133.00061591421905
9,8,1,1,1,6,137.68158465546261
9,10,1,0,1,3,133.335996071501
9,11,1,1,0,4,122.27726765145628
9,13,1,1,0,7,134.47794053487016
9,19,1,0,0,2,111.45906922435967
9,21,1,1,0,5,124.74935726812302
9,22,1,1,0,0,125.10536240176512
9,33,1,0,0,7,121.54345744001803
9,38,1,1,0,0,123.60855178757836
9,39,1,1,0,7,125.55167419387222
9,40,1,0,0,1,109.5502629452675
9,41,1,0,1,6,126.03662626366244
9,42,0,1,1,0,124.84392774786505
9,43,0,1,1,3,137.18335407543546
9,53,1,0,1,3,127.50182124721772
9,55,1,0,0,6,105.73988818714639
9,6,0,0,1,1,108.6447676247204
9,14,0,0,1,5,113.11927606998773
9,18,1,0,0,2,112.35947229297966
9,21,1,0,1,1,125.10201864290593
9,35,0,1,1,1,127.78769161161678
9,42,0,1,1,4,124.11484582514841
9,43,1,1,1,4,137.67805986511405
9,44,0,1,1,2,126.79257972189514
9,45,0,1,1,4,121.85668401725172
9,46,1,1,1,3,138.58370498804592
9,54,0,1,1,0,123.75508712883813
9,2,1,0,0,0,107.80799703474133
9,5,1,0,1,5,122.76373233961714
9,7,0,1,1,1,124.2403007019482
9,31,0,0,1,5,116.10401246544617
9,45,0,0,0,4,95.85399565601337
9,48,1,1,1,1,136.69408037559614
9,51,0,0,0,4,91.52780726757616
9,1,1,0,0,7,108.82832695940783
9,6,0,0,1,0,108.08900924620711
9,13,0,1,0,1,114.06040608858706
9,16,0,1,0,0,113.31620938295109
9,22,0,0,0,5,101.61740903407681
9,29,1,1,0,5,124.13354390465716
9,31,0,1,0,5,115.62705977563785
9,32,1,1,0,0,123.91086034870533
9,45,1,0,0,6,106.77666243972187
9,54,0,0,1,2,106.73448266385768
9,56,0,0,1,1,111.16313280355712
9,59,0,1,0,4,108.65747331118374
9,0,1,1,0,7,139.13863473676207
9,2,0,1,0,0,110.21942609471037
9,19,0,0,1,3,122.7562199263659
9,38,1,1,1,3,139.38480648410325
9,40,1,0,1,3,132.16848356275432
9,44,1,0,0,6,108.53100875176447
9,52,1,0,1,7,120.62185529416148
9,59,0,1,1,1,123.38969733737036
9,0,0,1,1,0,125.54140057499545
9,3,1,1,0,5,121.07350123212984
9,4,0,1,1,0,122.94809069129894
9,5,0,1,1,6,123.43061246407633
9,6,0,1,1,0,124.00704328932656
9,7,0,1,1,5,125.39103150611523
9,13,1,1,1,2,139.47777301827034
9,14,1,1,1,5,139.613792877186
9,21,1,0,0,5,111.79533538907592
9,25,1,1,0,4,127.70703640578387
9,38,0,1,0,4,107.9431813077823
9,45,1,0,0,4,108.6194015857996
9,1,1,0,1,6,122.04489115109565
9,2,0,0,1,3,117.66348413492527
9,3,0,1,0,3,114.81094509240172
9,9,1,1,0,0,121.91457765928067
9,10,1,1,0,6,121.43734664134008
9,36,0,0,0,2,101.38928036810991
9,40,0,1,1,5,123.5230522782021
9,46,1,1,0,1,131.8746723103468
9,59,0,0,1,0,109.30313737557367
9,8,1,1,0,0,122.67427273585088
9,10,1,1,1,0,139.26088614913306
9,11,1,1,1,3,139.89074194132257
9,12,1,1,0,4,125.84003493629123
9,21,0,1,1,2,130.66430047336047
9,25,1,1,1,5,138.35651007928686
9,29,1,0,1,2,125.76403395673182
9,30,1,1,1,1,141.36613100256136
9,32,1,1,0,6,124.21019675426152
9,42,1,0,1,2,122.83650893595254
9,43,1,1,1,6,139.33522796733305
9,44,0,0,1,1,112.13747123841578
9,48,1,0,0,2,109.2559590774109
9,49,1,1,0,1,121.41137505875996
9,50,1,1,0,6,122.09783218534814
9,52,0,1,0,0,109.79375148102473
9,0,0,1,0,7,110.98382851306668
8,1,0,1,0,5,109.12023463915503
8,2,0,1,1,1,125.5784743801714
8,3,0,1,0,1,111.79565597573354
8,4,0,1,0,3,125.02402828150623
8,5,0,0,0,0,96.90810844539767
8,6,0,0,0,4,93.145780494875
8,7,0,0,0,6,95.22149793345139
8,8,1,0,0,7,105.25649093197674
8,9,1,1,0,2,122.54516954078613
8,10,1,0,0,4,108.92933409390655
8,11,0,0,0,7,98.68146466188682
8,12,0,1,0,5,112.469110544669
8,13,1,1,1,0,138.22714389141782
8,14,1,1,1,3,141.27067339190245
8,15,1,0,0,0,108.88101203544933
8,16,1,0,0,7,108.82607377664588
8,17,0,0,0,2,98.06895172765164
8,18,0,0,0,5,100.17377561252451
8,19,1,0,0,5,109.51178694242941
8,20,0,0,0,1,99.60191340683696
8,21,0,0,0,3,97.16381340468259
8,22,0,1,0,3,122.95492531380705
8,23,0,0,0,4,91.92815156375848
8,24,1,0,0,2,108.92008133969227
8,25,1,0,0,7,122.94972957121915
8,26,1,0,0,5,109.30710777066875
8,27,1,0,0,0,109.70492471276515
8,28,1,0,0,4,107.9905213902374
8,29,0,0,0,1,100.34839967599827
8,30,0,0,0,6,93.76877574836823
8,31,1,0,0,2,109.51317095738868
8,32,1,0,0,1,112.51675146844454
8,33,1,0,0,2,109.41597771823844
8,34,1,0,0,7,110.68781199625155
8,35,0,1,0,2,111.59720599807643
8,36,0,0,0,2,94.61651439056234
8,37,0,0,0,0,95.85044803911593
8,38,0,0,0,4,92.9133874137388
8,39,0,0,0,2,101.16059591607873
8,40,0,1,0,6,110.17632361146008
8,41,0,0,0,5,96.43405000406325
8,42,0,0,0,7,98.86218850003591
8,43,1,0,0,1,106.02135683828399
8,44,1,0,0,1,107.42416510931494
8,45,1,0,1,7,123.86978423471533
8,46,0,1,0,7,112.36695550270814
8,47,1,1,0,7,124.29235903497172
8,48,0,1,0,1,110.67612790425622
8,49,0,1,0,7,110.23177136895211
8,50,1,0,0,3,109.81864570062524
8,51,1,0,0,3,123.10939876500635
8,52,1,1,0,7,126.3436080696249
8,53,0,0,0,7,94.51747436611346
8,54,0,1,1,7,127.25530657455846
8,55,1,0,0,6,110.35696184220696
8,56,0,0,0,0,95.98850403172986
8,57,0,0,0,6,98.15214273371076
8,58,0,0,0,5,95.52798297446397
8,59,1,0,0,3,119.53023381995311
8,0,1,1,0,7,122.54724364133864
8,1,1,0,0,7,107.70143955472352
8,2,0,1,0,3,111.8110674247287
8,3,0,0,1,4,108.01849236854339
8,4,0,0,1,7,126.82243720907412
8,6,0,0,0,5,97.16232582162151
8,7,0,0,0,0,93.166151814157
8,8,0,0,0,2,93.2641117175586
8,9,0,1,0,3,110.91720068375845
8,10,0,1,0,0,112.83923601405019
8,11,0,1,0,3,125.70731610885167
8,12,0,0,0,2,101.4433370700942
8,13,0,0,0,2,99.9132846648981
8,14,0,0,0,2,100.20528706558757
8,15,0,1,0,1,119.31220448442149
8,16,0,1,1,3,123.4826750175509
8,17,0,1,0,3,122.76781386742987
8,18,0,0,0,3,110.75486858588914
8,19,0,1,0,7,115.55063826761543
8,20,0,1,0,5,112.02412326275905
8,21,0,1,1,4,122.70096931330846
8,22,0,1,1,1,123.49579890069816
8,23,0,1,0,0,109.8325103256098
8,24,0,1,0,3,113.08657220385602
8,25,0,0,0,4,96.26106009633058
8,26,1,0,0,4,108.55149982724343
8,27,0,0,0,6,97.64671436649593
8,28,0,1,0,0,109.94450204824928
8,29,0,1,0,2,113.59902780317213
8,30,0,0,0,2,106.03864154148445
8,31,0,0,0,4,97.70006242181263
8,32,0,0,0,0,96.48809180201425
8,33,0,0,0,5,96.74070426081661
8,34,0,0,1,4,107.78259112336906
8,35,1,0,1,5,120.92032073124705
8,36,0,0,0,5,95.43227927300536
8,37,0,0,0,1,97.61768910396616
8,38,0,0,0,7,101.56634957266417
8,39,0,0,0,3,110.68644219784315
8,41,1,0,0,6,106.06533016382771
8,42,0,1,0,2,111.13677747100938
8,43,0,1,0,0,112.14879910025972
8,44,0,1,0,3,123.94553210497276
8,45,0,1,0,3,123.64195114927202
8,46,0,1,0,4,110.46741459280024
8,48,0,0,0,0,94.30685611094897
8,49,0,0,0,3,112.16212538794831
8,50,0,0,0,7,108.03611188575285
8,51,0,0,0,5,95.25354683899036
8,52,0,0,1,1,112.42223526666959
8,53,0,0,0,6,98.6230715058562
8,54,0,0,0,1,95.07187453532528
8,55,0,0,0,7,95.2205296384182
8,56,0,0,0,2,97.56492571593076
8,57,0,1,0,2,114.51894802477439
8,58,0,0,0,3,107.37298914375441
8,59,0,0,0,1,95.19439033004889
8,0,0,0,0,5,93.6375551067399
8,1,0,0,0,1,105.67696514152733
8,2,0,0,0,7,96.31433800026255
8,3,0,0,0,7,94.77550783267083
8,4,0,1,0,1,110.75516351835758
8,5,0,1,1,4,122.80830443569175
8,6,1,1,1,7,151.0468902003737
8,7,0,1,0,5,110.66207208249224
8,8,0,1,0,6,108.36327859065396
8,9,0,0,0,2,100.95330050764206
8,10,0,0,0,4,95.82385968175902
8,11,0,0,0,0,97.52600515229588
8,12,0,0,0,3,111.77361045886398
8,13,0,1,0,2,111.60956441034978
8,14,0,0,0,6,96.50718807746415
8,15,1,0,0,1,108.44084576926937
8,16,1,0,0,3,126.3765635855669
8,17,1,1,1,6,139.37870438035714
8,18,0,1,1,5,123.08374298833601
8,19,1,1,0,1,124.00098516581379
8,20,1,1,1,3,150.70594564507115
8,21,1,1,0,7,136.11373984911603
8,22,0,1,0,5,111.42655176163844
8,23,0,1,0,7,110.36383721343962
8,25,1,1,0,7,138.65801523855365
8,26,0,0,0,1,100.8828592197081
8,27,0,0,1,0,110.1911598897496
8,28,0,0,1,7,113.7196624084273
8,29,0,0,0,3,112.85761338744689
8,30,0,0,1,0,111.51454117546878
8,31,0,0,1,3,124.02512786423537
8,32,0,0,0,4,96.50906329093644
8,33,0,0,0,1,97.77902664166255
8,34,0,0,0,1,93.06462029078054
8,35,0,0,0,7,95.84339562669504
8,36,1,1,0,0,120.68720638015506
8,37,1,1,0,4,128.26418751237352
8,38,0,1,0,3,125.89711284312355
8,39,0,1,0,0,108.72405107710425
8,40,0,1,0,3,122.30875169070194
8,41,0,0,0,1,94.51356341693797
8,42,0,0,0,2,92.95990217337541
8,43,0,0,0,5,97.65123279226059
8,44,0,0,0,3,97.63982756937234
8,45,0,0,0,1,95.65375057418643
8,46,0,0,1,2,108.95841299488706
8,47,0,0,1,1,110.81482594497625
8,48,0,0,1,7,107.59617316487285
8,49,0,1,0,0,112.11693994060155
8,50,0,1,0,0,113.02703451225946
8,51,0,1,0,4,107.81347136134956
8,52,0,1,0,1,112.3361334399721
8,53,0,1,0,1,111.34071884717342
8,54,0,1,0,5,110.93059978859318
8,55,0,1,0,7,123.44488359469698
8,57,0,1,0,4,110.44492891116742
8,58,0,1,0,5,109.49143169783972
8,59,0,1,1,3,123.93109312647593
8,0,0,0,0,6,96.91877305949946
8,1,0,1,0,4,113.23157523148852
8,2,0,1,0,5,111.18987445957308
8,3,0,1,1,2,125.54318649992601
8,4,0,1,1,3,123.92698729261949
8,5,0,1,1,1,123.33347718405038
8,6,0,1,0,0,109.76800445262481
8,7,0,1,0,7,112.17215968638486
8,8,0,0,0,0,96.3188078014578
8,9,0,0,0,6,94.63523535324897
8,11,0,1,0,5,111.1311004629034
8,12,0,1,0,1,111.05466001234188
8,13,0,1,1,7,122.40368149960378
8,14,0,0,0,3,104.04858539586014
8,15,0,0,0,0,98.44565172974997
8,16,0,0,0,6,96.50357553979129
8,17,0,0,0,3,105.41069747469169
8,18,0,1,0,4,109.39409390849161
8,19,1,1,0,7,126.62875912220676
8,20,0,1,1,0,124.86926743337493
8,21,0,1,1,5,123.8478937409978
8,22,0,1,0,7,111.4876756339144
8,23,1,1,0,0,124.00920204020507
8,24,1,1,0,7,127.92541178904894
8,25,1,0,0,0,109.09588899860242
8,27,1,0,0,4,108.59630165921058
8,28,1,0,0,3,110.52656906209158
8,29,1,1,1,5,139.5590838342125
8,30,1,1,1,6,148.60070320698765
8,31,1,0,1,3,125.0954452019907
8,32,1,0,0,7,114.95867376929544
8,33,0,1,0,7,111.24519173924597
8,34,0,1,0,2,109.97183110688435
8,35,0,0,0,3,112.6943044052957
8,36,0,1,0,5,108.37764092549608
8,37,1,1,0,7,121.37286657499533
8,38,0,1,0,2,110.56729740322957
8,39,0,1,0,1,110.18976382132827
8,40,0,1,1,5,120.60614585164667
8,41,0,1,0,3,106.95193336814725
8,42,0,0,0,4,95.69910637183288
8,43,1,0,0,3,108.35301070708968
8,44,1,0,0,0,106.65307365882984
8,45,1,0,0,0,107.12086152665489
8,46,1,0,0,0,108.18211096404777
8,47,1,0,0,7,108.88753192431254
8,48,0,1,0,3,125.08799569614919
8,49,0,0,0,2,98.89261409188785
8,52,0,1,0,5,113.12407261401539
8,53,1,1,1,2,138.71861714900388
8,54,1,1,1,1,141.45036760610876
8,55,1,1,0,1,123.04398270638663
8,56,1,1,0,1,123.22749069208119
8,57,1,1,0,1,132.56698732670958
8,58,1,1,1,5,141.14249359256564
8,59,0,1,1,7,124.04400252366825
8,0,0,0,0,3,105.53708998026902
8,1,0,0,0,6,95.78731562309353
8,2,0,0,0,1,95.9956171264674
8,3,0,0,0,5,97.09678578537324
8,4,1,0,0,7,106.45560225897957
8,5,0,1,0,7,112.45475589115654
8,6,1,0,0,2,107.8021344556743
8,7,1,1,0,4,121.75694439742824
8,8,0,1,0,7,110.96262937727427
8,9,0,1,0,1,119.78051957795576
8,10,0,1,0,5,113.72241666601369
8,11,0,1,1,6,125.34995281321068
8,12,1,0,1,4,125.56778937066687
8,13,0,0,1,4,109.12010671231795
8,14,0,0,1,2,112.44118301580119
8,15,0,1,1,0,125.35172325861184
8,16,0,1,1,4,124.67461927761586
8,17,1,1,1,4,139.1710473865859
8,18,1,1,1,7,139.11213593384184
8,19,0,0,1,2,114.08531647212409
8,20,0,0,1,6,109.65505729666113
8,21,0,0,1,0,109.03621250265839
8,22,0,0,1,0,108.19957267071881
8,23,0,0,1,4,109.41285998649025
8,24,1,0,1,7,124.25345127238289
8,25,0,1,0,6,113.48239864812041
8,26,0,1,0,1,113.89627336611822
8,27,0,1,0,3,124.18288168894802
8,28,0,0,0,3,108.07701737696216
8,29,0,1,0,1,119.59455596666183
8,30,0,1,0,3,125.27778459598224
8,32,0,1,0,4,108.08214999789462
8,33,0,1,0,3,113.21510325692836
8,34,0,0,1,3,124.88872338243613
8,35,0,0,0,6,98.4334141778824
8,37,1,0,0,2,108.06440186572037
8,38,1,1,0,5,123.44531472346476
8,39,1,1,1,1,137.8814215139369
8,40,1,1,0,3,121.94195961531928
8,41,1,1,0,5,121.43803792023955
8,42,0,1,0,5,106.95544588605776
8,43,0,1,0,1,110.07179734968138
8,44,0,1,0,6,108.8592982971145
8,45,0,1,0,7,109.65592317839081
8,46,0,0,1,0,110.38270994781416
8,47,0,0,1,4,108.8421459905598
8,48,0,0,1,3,110.14945793729241
8,49,0,1,1,7,124.8207282600111
8,50,0,0,0,3,95.48406627846916
8,51,0,1,0,5,110.74321952372327
8,53,0,1,0,5,110.93106600173803
8,54,0,1,1,0,124.0929292663117
8,55,0,1,1,3,140.42581195126485
8,56,0,0,1,7,109.36545327072464
8,57,0,0,1,0,106.8068881432222
8,58,0,0,1,1,111.39003336986019
8,59,0,0,0,3,106.00847189642133
8,1,0,0,0,2,96.73731914179396
8,2,0,1,0,7,111.134640138728
8,3,0,0,0,1,98.1431964618482
8,4,0,0,0,7,97.02818719933282
8,5,1,0,0,2,107.09876062761887
8,6,1,0,0,6,107.51862608056308
8,7,0,0,0,4,92.90732484728127
8,8,1,0,0,0,105.79100890979099
8,9,1,0,0,7,120.79453764676819
8,10,1,1,0,4,121.66144252293593
8,11,1,1,0,4,123.66734899248901
8,12,0,1,0,4,108.38617700302203
8,13,1,1,0,6,121.95429812865169
8,15,0,1,0,3,111.60393718482884
8,16,0,0,1,5,111.89393344705297
8,17,1,0,0,6,108.48900742753541
8,18,0,1,0,0,111.30365195176681
8,19,0,1,0,4,109.75185755105569
8,21,1,1,1,1,139.36037208547003
8,22,1,1,0,0,122.90896441203218
8,23,1,1,0,2,125.20269940683066
8,24,1,0,0,1,119.99478191237797
8,25,1,0,0,6,109.47341104080742
8,26,0,1,0,4,110.25016829719263
8,27,0,1,0,4,108.60822477222422
8,28,1,1,0,3,140.19529560749746
8,29,1,1,0,7,138.8184654216185
8,30,0,1,1,4,126.18736654134254
8,31,0,1,1,4,124.48986289662467
8,32,0,1,1,5,125.10263424062435
8,33,0,1,0,2,122.1554308574707
8,34,0,0,0,5,96.38811848204907
8,35,0,0,1,3,107.39905500414208
8,38,0,0,0,3,109.5125437128185
8,39,0,0,0,0,95.2059444542636
8,40,0,0,0,4,93.86722338775114
8,41,0,0,0,2,106.41544014496115
8,42,0,0,0,5,91.5245384122933
8,44,1,0,0,7,110.00904669170612
8,45,0,1,0,4,110.64372628104174
8,46,0,1,0,5,113.29996337937645
8,47,0,1,0,0,111.33125232498097
8,48,0,1,0,5,109.75998863341519
8,49,0,1,0,4,109.03450466305895
8,50,0,1,0,1,112.95196154162727
8,51,0,1,0,6,112.19947587029188
8,52,0,1,0,2,115.32493416284933
8,53,0,1,0,3,128.80772705989258
8,54,0,1,0,2,111.53286673495445
8,55,0,0,0,3,111.89880546417923
8,56,0,0,0,7,95.53883919411157
8,57,0,0,0,4,93.01854476314907
8,58,1,0,0,5,106.70067071413185
8,59,0,0,0,7,97.35703305284039
8,0,0,1,0,0,112.3120303246433
8,1,0,1,0,7,112.90525872740959
8,2,0,0,0,0,94.63858796359406
8,4,0,0,0,6,92.17538503524547
8,5,0,1,0,6,110.04562357842157
8,6,0,0,0,0,96.02877618863852
8,7,0,0,0,5,95.95091952950483
8,9,0,0,0,1,96.16824073599636
8,10,0,0,0,1,99.18893382888812
8,11,0,0,0,5,98.89071960850964
8,12,1,0,0,6,112.08470423425531
8,13,0,0,0,6,96.26994141136436
8,14,0,1,0,0,110.16491503152741
8,16,0,1,0,4,114.31443665529261
8,17,0,1,0,5,115.1684269938082
8,19,1,1,0,5,123.26521028712487
8,20,0,1,0,3,111.76483406739942
8,21,0,0,0,0,95.794439003331
8,22,0,0,0,2,101.20699128485506
8,23,0,1,0,2,111.36537486168405
8,25,0,0,0,0,97.5527916958394
8,26,0,0,0,7,98.42784399856917
8,27,0,0,1,6,111.00651858824769
8,28,1,0,1,2,124.14501317904042
8,29,1,1,1,0,139.79070670037078
8,30,1,1,1,2,140.2604040627809
8,31,1,0,1,4,124.78856305892984
8,32,0,0,1,7,109.13366126708597
8,33,0,0,0,6,99.15878937836636
8,34,0,1,0,1,107.58171479993888
8,35,0,1,0,1,113.10801779918512
8,37,0,1,0,6,110.43447305032214
8,38,1,0,0,0,107.17399383004066
8,39,1,0,0,6,106.03181513577655
8,40,0,0,0,2,93.87408661350538
8,42,0,1,0,6,108.22646791801601
8,43,0,0,0,0,97.02405089046754
8,44,0,0,0,2,106.78302939721975
8,46,0,0,0,1,96.06546508165331
8,47,0,0,0,7,98.56105280951783
8,48,0,0,0,1,96.34020655109053
8,49,0,0,0,0,97.15629163230558
8,50,0,0,0,4,94.8420414710896
8,51,0,0,0,2,95.02781130050586
8,52,0,0,0,5,97.53440411694851
8,54,0,0,0,3,100.96583698505478
8,55,0,0,0,6,97.4769239056986
8,56,1,1,0,6,123.77351641144209
8,57,0,1,0,6,114.4455819889069
8,58,0,0,0,0,94.9756956455399
8,0,0,0,1,4,105.24585697187734
8,1,0,0,1,0,110.37822603149334
8,2,0,0,1,0,108.56950919892716
8,3,0,0,1,1,121.04357870053016
8,5,1,0,0,7,106.46900914260955
8,6,1,1,0,1,121.42004879523938
8,7,1,1,0,5,122.22303037077839
8,8,0,1,0,4,106.02114018692228
8,9,0,1,0,5,108.93272485143484
8,10,0,1,1,5,124.42899780756504
8,11,0,1,0,1,113.79453645484038
8,12,0,1,0,2,115.34719443749478
8,14,1,0,0,3,107.54072371527916
8,15,1,1,0,5,124.57730192376431
8,16,0,1,0,6,112.95736713188808
8,18,0,0,0,0,99.35216763335066
8,19,0,0,0,3,108.99913097857204
8,20,0,0,0,6,96.7238387701008
8,21,0,1,0,4,108.64631326430279
8,22,1,1,0,3,122.56114089134785
8,23,1,1,1,6,137.74475987732188
8,24,0,1,1,3,139.85992424469137
8,25,0,0,1,6,110.36910576178992
8,26,0,0,1,4,110.77562911201593
8,27,0,0,1,3,123.59574549401366
8,28,0,0,1,3,110.80469343247024
8,29,0,0,0,4,96.31934366118318
8,31,0,1,0,7,114.71987270204806
8,32,0,0,0,6,94.82475095691761
8,33,1,0,0,0,109.7575361161251
8,35,0,0,0,2,95.74940247906397
8,37,0,0,1,3,110.56612182535966
8,38,0,1,0,6,113.06156924498383
8,40,0,1,0,4,105.74529855869481
8,41,0,1,0,6,109.27920261149414
8,42,0,0,0,1,94.89679131130048
8,43,0,0,0,4,94.26419827830934
8,45,0,1,0,6,111.73551631397582
8,50,0,1,0,6,112.70183690364996
8,51,1,0,0,6,109.71658299324474
8,52,1,0,0,3,109.32322810469752
8,53,1,1,0,7,137.38093890599836
8,54,0,1,0,6,111.54951190254604
8,55,1,1,0,7,122.28604089174459
8,56,1,0,0,0,106.56801755890275
8,57,1,0,0,4,106.0999396765405
8,58,0,0,0,7,98.2491614426473
8,59,1,0,0,1,108.47292500375791
8,0,1,0,0,7,107.89541572206974
8,1,0,1,0,0,109.87960122102008
8,2,0,1,0,1,120.68345418699262
8,3,0,1,0,4,108.75503410373472
8,5,0,1,1,5,124.61509674656493
8,6,0,1,1,3,139.44899565183806
8,10,0,1,0,2,112.31838859612935
8,11,0,1,0,6,111.90543610965503
8,12,1,0,0,1,110.5160210313503
8,13,1,0,0,0,106.8764145663704
8,14,1,0,0,4,107.67221720254281
8,15,1,0,0,4,108.86976765730381
8,17,0,1,0,2,112.75538887212736
8,18,0,1,0,7,114.75986036445897
8,20,0,1,1,5,122.57296144655889
8,21,0,1,0,3,113.58306813005763
8,22,0,0,0,7,97.97004165997556
8,23,0,0,0,0,97.1568846451738
8,24,0,0,0,7,100.05139404474153
8,25,1,0,0,1,111.4868305025105
8,27,0,0,0,4,97.98501807987734
8,28,0,0,0,6,95.72794422456731
8,29,0,1,0,7,114.16176732056901
8,31,0,1,0,2,114.3418004921179
8,33,0,0,0,2,96.82678964010469
8,35,1,0,0,5,107.9367073672863
8,36,1,0,0,0,106.49776666931261
8,37,1,0,0,6,106.34806274396192
8,38,0,0,0,0,94.99903573676254
8,41,1,0,0,5,106.04048076092772
8,42,0,0,0,0,93.37295297380675
8,44,0,0,0,7,102.68802431424874
8,50,0,1,0,3,126.48716810974184
8,52,0,0,0,1,98.3736753582705
8,55,0,0,0,2,96.89913808709089
8,56,0,0,0,3,109.91375757171528
8,58,0,1,0,3,122.67739933027005
8,59,0,1,1,1,136.40005429474058
8,0,0,1,1,2,127.29845689246699
8,1,0,0,1,6,106.47190393503642
8,2,0,0,1,4,108.20306898982713
8,5,0,0,1,5,110.32344255670048
8,6,0,0,1,7,111.77328492153256
8,7,1,0,0,7,121.06979338706392
8,8,0,1,0,0,109.69691103188748
8,9,0,1,0,4,108.904956979434
8,11,0,0,0,6,97.7724139703597
8,13,0,1,0,7,113.85112624095589
8,15,0,1,0,2,110.76638171750527
8,16,0,1,0,5,113.68742710354064
8,17,1,1,0,1,125.8365480773864
8,18,1,1,0,5,125.5198672505881
8,19,1,1,0,6,123.72010803850156
8,20,1,0,0,4,107.36919068430304
8,23,0,1,0,1,112.15241872307038
8,24,0,1,0,0,110.35997712739726
8,26,0,1,0,6,109.61714281999753
8,27,0,0,0,0,99.33602737377218
8,28,0,0,0,1,97.38465247966812
8,30,0,0,0,3,101.26897188353168
8,31,0,0,0,0,97.60759738757513
8,32,0,0,0,5,99.88854454576816
8,33,1,0,1,1,124.29186530940976
8,34,1,0,1,1,124.24419422116608
8,35,1,0,1,0,121.34060346012386
8,36,1,0,1,2,121.90932630044915
8,37,1,0,1,7,122.71300693959762
8,40,0,1,0,7,114.28767091374861
8,41,0,0,1,5,105.35079437596602
8,43,0,0,0,7,99.38392735108596
8,44,0,0,0,6,97.89720908084969
8,45,0,0,0,6,95.9063828994462
8,46,1,1,0,2,122.69695414198985
8,47,1,0,0,0,108.60669219571815
8,48,1,0,0,7,108.86010749135143
8,49,1,0,0,6,111.43881617684457
8,51,1,0,0,7,109.3165794837948
8,52,1,0,1,5,124.32375481320474
8,53,1,0,0,7,125.8167223750614
8,54,0,1,0,4,109.67912853606641
8,55,0,1,0,4,108.54836139598645
8,56,1,1,0,5,133.8380878302418
8,57,1,1,0,4,124.37910417547045
8,58,0,1,0,2,111.21578145403043
8,59,0,0,0,6,98.68126411121571
8,0,1,0,0,1,107.33086246881533
8,1,1,0,0,3,106.20376101166819
8,2,1,0,1,6,122.98559178915747
8,5,1,1,0,4,120.84079946956197
8,6,1,1,0,2,129.1069967998123
8,8,1,1,0,0,120.2816837881102
8,9,1,1,0,1,121.39324257975038
8,10,1,1,1,6,139.06263782813446
8,11,1,0,1,0,123.95950101898164
8,12,1,0,1,3,127.90828148133235
8,13,1,0,0,2,106.62007720636399
8,14,1,0,0,6,117.85425634805874
8,16,1,0,0,0,109.49694682199525
8,17,1,0,0,5,108.29289643497455
8,18,0,0,0,2,99.62680664604622
8,19,0,0,0,2,100.80818775921249
8,20,0,0,0,7,97.78475821774741
8,21,1,0,0,2,109.57562543908625
8,22,1,0,0,1,111.20504642152578
8,23,1,0,0,2,110.09912886673447
8,25,1,1,0,4,125.60356257935116
8,26,0,1,0,7,112.68134856247755
8,28,0,0,0,0,99.28284141189995
8,29,0,0,0,7,101.24798818397437
8,32,0,1,0,2,114.11649674012077
8,33,0,0,0,7,97.87443485405646
8,34,0,1,0,6,112.8959036422961
8,35,0,1,0,0,110.2540597066847
8,38,0,1,0,5,107.77650230149607
8,39,0,1,0,4,107.47335675335489
8,42,1,1,0,0,121.07943498807427
8,43,1,1,0,2,132.71135758502072
8,44,1,0,0,2,119.5275390968215
8,45,1,1,0,0,125.22259282113914
8,46,1,1,0,1,123.41165240321203
8,47,1,1,0,5,123.31366022078899
8,48,0,1,0,2,112.60543432730849
8,49,0,1,0,1,120.45848301789059
8,52,0,0,0,3,110.82588652056178
8,53,0,1,0,7,107.15857783892702
8,54,0,1,0,3,110.86686892070253
8,55,0,1,0,3,110.43702395204875
8,56,0,1,0,5,109.15417500776496
8,57,1,1,0,6,124.37275784418244
8,58,1,1,0,3,124.43639123650715
8,0,1,1,0,4,121.8674934131498
8,2,1,1,0,1,122.71649615680813
8,3,1,1,0,2,122.95087017763852
8,4,1,1,0,1,122.63278713197296
8,5,1,1,0,7,140.7852204462679
8,6,0,0,1,6,108.34541711907241
8,7,0,0,1,0,109.4032215886658
8,8,0,0,1,7,115.24747177122853
8,9,0,0,1,1,109.16337866002854
8,10,0,0,0,7,95.25755725642823
8,12,0,1,0,3,122.19761145334213
8,13,0,0,1,6,110.47604428296356
8,15,0,0,1,4,110.78145137656648
8,16,0,0,1,0,109.25661714964059
8,17,0,0,1,1,110.72178605727257
8,19,0,0,0,1,100.75253172911823
8,20,0,0,0,3,106.72998916711563
8,22,0,0,1,1,109.56064343352864
8,23,0,0,0,3,105.56315205051754
8,24,0,0,1,5,115.49309984203211
8,25,0,0,0,1,98.48547360580659
8,26,0,0,0,2,101.74682704080804
8,27,0,0,0,5,98.00907559385641
8,28,1,0,0,7,114.50757182600083
8,29,0,0,1,5,110.3873303081321
8,30,0,0,0,7,99.4815856496166
8,31,0,1,1,3,139.96058720612263
8,33,0,1,0,5,109.27555430587216
8,34,1,1,0,3,142.3613716894981
8,35,1,0,0,7,121.78095526050522
8,36,0,1,0,0,112.49784551629169
8,37,0,1,0,7,128.8525017618763
8,38,0,0,0,1,92.13228812718141
8,41,0,0,0,3,96.08868017109168
8,42,0,1,1,2,122.79516135400382
8,43,0,1,1,1,124.71591322911291
8,44,0,1,1,1,124.80594625782042
8,45,0,1,0,5,107.74565784443621
8,46,0,1,0,3,111.18856206775754
8,47,0,1,0,2,112.04659606240946
8,48,0,1,0,4,109.83592585709073
8,49,1,1,0,5,123.37153966100514
8,50,1,1,0,2,124.27161176267816
8,51,1,1,0,7,123.42907599316199
8,52,1,1,0,5,123.8438204492923
8,53,0,1,1,0,124.89112051489883
8,54,0,1,1,6,125.46604789451587
8,55,0,1,1,0,124.52912405393107
8,56,0,1,1,5,125.599693839663
8,58,1,1,0,4,122.83661023356593
8,59,0,1,0,7,115.08747528376875
8,0,0,1,0,2,113.10046206753452
8,2,1,1,0,2,122.41877163200392
8,3,1,0,0,6,118.12661764287274
8,4,0,0,0,1,98.32309294887037
8,5,0,0,0,2,96.84968714006615
8,7,0,0,1,4,110.21896291855523
8,8,1,0,1,1,123.16317377912455
8,10,1,0,0,7,110.13719973425015
8,11,1,0,0,0,109.45413866989956
8,12,1,0,0,0,107.0846361804023
8,13,1,0,0,1,106.8043164895498
8,15,1,1,1,2,139.70265413774624
8,16,1,1,1,7,152.259042446001
8,17,0,0,0,5,97.07481988236641
8,19,0,0,1,4,112.58299129467483
8,20,0,0,1,5,115.25527945469149
8,21,1,0,0,3,122.11870515234835
8,22,1,0,0,2,109.7811097681417
8,23,1,0,0,4,107.86621855230995
8,25,1,0,0,4,111.14187545028882
8,26,0,0,0,5,96.5874299031638
8,28,0,0,0,5,97.6263694836353
8,30,0,1,1,3,137.70113925579713
8,31,0,0,0,7,103.94911866783254
8,32,1,1,0,0,123.8154362845409
8,33,1,1,0,4,122.5871812151296
8,35,0,0,0,5,93.0314723192974
8,36,0,0,0,6,94.30698663457038
8,37,1,0,0,4,106.52392846003397
8,38,0,0,0,5,95.27526708135018
8,39,0,0,0,6,91.68170412758869
8,40,0,0,0,5,97.22813299344712
8,41,1,0,0,7,106.33776713158129
8,43,0,1,1,3,124.43516802148407
8,45,0,0,0,5,97.87603169799259
8,46,0,0,0,4,95.27218016437632
8,47,1,0,0,5,106.26960430853997
8,48,1,0,0,3,120.66807540330197
8,49,1,0,0,7,111.4079226098839
8,50,0,1,0,4,110.62656740347091
8,51,0,1,0,1,110.00085732668039
8,53,0,1,0,2,113.33237388260198
8,54,0,0,0,7,99.89263592310442
8,56,0,0,1,0,108.60685961522037
8,57,0,0,1,3,108.12513274638054
8,58,0,0,0,2,97.10163367101028
8,59,0,1,0,4,110.35556938940361
8,0,1,1,0,2,122.67479856988159
8,1,1,1,0,1,122.27732319358702
8,2,1,1,1,5,137.3019166188659
8,4,1,1,0,6,123.7488176983842
8,5,0,0,0,7,100.09700226338322
8,7,0,0,0,7,94.56864490536864
8,8,0,0,0,4,93.83849919269848
8,9,0,0,0,5,96.18434762550633
8,10,0,0,1,6,108.4348599818584
8,11,0,0,1,5,107.9422443620506
8,13,0,1,0,5,110.13577849488595
8,14,1,1,0,3,123.13317626565234
8,17,0,0,0,4,95.94941490074109
8,18,0,0,0,4,97.68910696599474
8,19,0,0,0,4,94.14307592304354
8,20,1,0,0,7,108.79980398236565
8,22,0,0,0,3,108.30124291188595
8,24,0,1,0,4,113.01041028535116
8,25,0,1,0,4,112.8926377143447
8,26,0,1,0,5,110.21528733109736
8,27,0,1,0,1,116.69095753326812
8,28,0,1,0,5,112.14611575998234
8,29,0,1,0,3,111.92369705039948
8,30,0,1,0,4,110.69950528731948
8,31,0,1,0,5,111.63073677428332
8,32,0,1,0,1,109.24870264525467
8,33,0,1,0,6,110.1767923318274
8,34,0,0,0,7,98.25060158055433
8,35,0,1,0,7,112.62087131105453
8,36,1,1,0,7,121.6242799421114
8,37,0,0,0,7,95.4726970478267
8,38,1,1,0,3,123.33571561357421
8,39,1,0,0,3,106.36646314147923
8,40,1,0,0,1,105.38300056969736
8,42,1,0,1,6,122.58453133710516
8,43,0,0,1,6,109.91364455068816
8,44,1,1,1,6,138.5650731274882
8,45,0,0,1,3,110.79650233728752
8,49,0,1,0,5,109.85934804012967
8,50,0,1,0,7,112.6083291360421
8,51,0,0,0,6,95.13655806958306
8,52,0,0,0,4,92.86153376533318
8,53,0,0,0,2,97.24332027654883
8,56,1,1,1,2,139.61807117173223
8,57,1,0,1,0,122.61987814842158
8,58,1,0,1,6,123.3824644175833
8,59,0,1,1,5,125.74286071136622
8,0,0,1,1,1,126.63060737866071
8,1,0,1,0,6,108.49150493121914
8,2,1,0,0,0,107.47810073959417
8,3,1,0,0,4,107.38259947821803
8,6,0,0,0,2,95.0200556529738
8,7,0,1,0,1,110.40479003414612
8,8,0,1,1,7,124.58122553533659
8,9,0,0,0,4,93.28251833632694
8,10,0,0,0,6,94.3854857177013
8,17,1,1,0,7,125.73586738595837
8,19,0,1,0,3,121.91234199681007
8,20,0,1,0,7,121.73436996171552
8,21,0,0,0,1,95.40356737596571
8,23,1,1,1,4,138.2658069301653
8,24,0,1,1,1,125.55090146777738
8,25,0,1,0,1,111.74280720902625
8,27,1,0,0,1,109.63911755622547
8,28,1,0,0,1,107.70949389021888
8,29,1,0,0,2,111.45906099300912
8,30,1,1,0,3,136.86671245443318
8,31,1,1,0,2,124.79719634258491
8,32,1,0,0,6,110.27693683400884
8,33,0,1,0,0,109.35446879965558
8,34,0,1,0,3,126.51033383524413
8,37,0,1,0,4,109.49434388292039
8,38,0,1,0,7,106.48771789267394
8,39,1,0,0,7,117.92012010237967
8,41,0,1,0,7,107.68547714037379
8,44,0,0,0,1,94.66381779262655
8,45,0,0,0,7,97.58887493203724
8,46,1,1,0,4,124.07404438565533
8,48,0,0,0,4,96.22818876871817
8,52,0,1,0,6,110.36663147407134
8,53,1,0,0,6,108.63686300483785
8,54,1,1,0,2,122.54857190729206
8,55,1,1,0,0,123.03249507250803
8,56,1,1,0,3,122.68041953606718
8,57,1,0,0,1,108.55228670844915
8,2,0,0,0,2,99.78784258855967
8,3,0,0,0,0,97.80322752723123
8,4,0,0,0,0,97.02963560705895
8,6,0,1,0,2,109.5206155111542
8,8,1,1,0,1,121.97874967638481
8,9,1,1,0,7,131.49073418791508
8,10,0,0,0,3,97.80381989103007
8,11,0,1,0,7,111.25048288217705
8,13,0,1,1,1,133.95963829729388
8,14,0,1,0,7,116.87166969291623
8,15,1,0,0,7,108.24709850733174
8,16,0,0,1,1,110.1637550926304
8,17,0,0,1,2,111.16446841369758
8,18,0,0,1,0,108.56691988310457
8,19,0,0,1,1,109.65101411971216
8,20,0,0,1,2,111.25400721646312
8,24,0,0,1,7,111.80482861872451
8,26,1,0,1,1,124.39507962491572
8,29,0,1,0,4,111.4958286856793
8,31,0,0,1,0,109.94221674553867
8,32,0,0,1,6,108.38293654529475
8,33,1,0,1,0,124.72187003250559
8,34,1,0,1,5,124.38926963009038
8,37,0,0,0,2,109.26876513594739
8,38,0,0,0,2,93.66968942302697
8,39,0,1,0,6,110.27004862856657
8,42,1,0,0,0,105.59903817039738
8,44,1,1,0,1,122.97533399400038
8,47,0,1,0,3,123.81272697970697
8,51,0,0,0,0,97.89946370999304
8,53,0,0,0,5,94.65681612852883
8,54,0,0,0,4,96.06963783468758
8,57,0,1,0,7,117.45451805162445
8,59,0,1,0,0,111.07160943462709
8,0,0,1,0,6,112.69219250863166
8,2,0,0,0,6,99.45240676339398
8,3,1,1,0,7,122.58494106854292
8,4,0,1,0,0,110.22649070796999
8,5,0,1,0,3,114.35442344176253
8,6,0,1,0,5,108.98263715315005
8,9,1,1,1,4,138.33678896746983
8,10,1,1,1,3,139.0505061060454
8,11,1,0,0,1,107.97807369016135
8,14,1,0,1,5,124.46179069091234
8,15,0,0,0,3,102.59858901041622
8,16,0,0,0,0,98.11510544047175
8,19,0,0,0,5,100.72221332180922
8,21,1,1,0,0,122.67335737945973
8,23,1,1,1,7,139.47465376861675
8,24,0,0,0,6,102.85493126491654
8,27,0,0,1,5,109.30836081529208
8,29,0,0,0,6,100.63714662828905
8,30,1,0,0,1,107.68010000407095
8,32,1,0,0,3,112.93869931774556
8,33,1,0,0,4,107.4478084668105
8,34,0,0,0,6,100.45707321352842
8,35,1,0,0,3,109.38786252138702
8,36,1,0,0,5,106.5169442899124
8,38,1,1,0,6,122.32627382395857
8,40,0,0,0,3,111.19692267811716
8,41,0,0,1,3,125.45265920319756
8,42,0,1,0,4,109.24916158327379
8,43,0,1,0,5,114.78359176388606
8,44,0,1,0,0,110.86656334214693
8,48,0,1,0,7,111.07400181179993
8,50,0,0,0,0,98.73013324204983
8,51,0,0,0,1,99.48587965822068
8,52,0,0,0,0,95.73632018930866
8,53,0,0,0,3,111.02148147163508
8,55,0,1,0,1,115.12343809759254
8,56,0,1,1,6,126.05236194890075
8,58,0,0,1,3,127.94776480223001
8,59,0,0,1,4,108.57419603384288
8,0,0,0,1,3,112.74822671831062
8,1,0,0,0,5,98.45774505519164
8,4,0,0,1,2,107.20067419890596
8,5,0,0,1,0,108.70935400664305
8,6,0,0,1,3,124.99200626546596
8,8,0,1,0,5,111.15043433487048
8,9,0,1,1,3,142.74609138654722
8,10,0,0,0,0,95.20988803263401
8,11,0,0,0,3,111.61748562997941
8,12,0,0,0,0,98.56986127926625
8,13,0,0,0,5,94.54750413617975
8,14,0,0,1,1,109.66202842471961
8,15,0,0,0,4,98.7610697810557
8,16,1,0,0,1,109.24607686683999
8,17,1,0,1,0,123.87043193617939
8,18,1,0,1,6,124.50506053792263
8,19,0,1,1,4,122.92954655572434
8,20,1,1,1,1,138.50997548621976
8,21,1,1,1,4,139.33003517328459
8,24,1,1,0,6,126.06493444503155
8,27,1,1,0,0,123.93035595263947
8,28,1,1,0,5,123.1520932456589
8,29,0,1,0,6,109.11525270784715
8,30,0,0,0,4,93.36805794295965
8,32,0,0,0,7,99.46060018223005
8,33,0,0,0,4,98.17387896913148
8,34,1,0,0,2,110.56032709187299
8,35,1,1,0,5,121.43333958699257
8,40,0,0,0,6,95.0815839340936
8,42,1,0,0,4,105.52166981557727
8,45,0,0,0,2,98.10863179093035
8,47,0,0,0,4,93.66829081364853
8,48,0,0,0,6,96.19391684063613
8,49,0,0,0,7,101.23568005900832
8,50,1,1,0,6,125.32507038536221
8,52,0,0,1,7,125.75307575964673
8,53,0,0,0,1,98.21690938103808
8,56,0,1,0,6,110.58987471334774
8,57,0,1,0,3,125.5797074400481
8,58,0,1,1,1,125.75373528805218
8,59,0,1,1,0,124.40296705061573
8,0,0,1,1,0,125.5811409766914
8,1,0,1,1,3,139.51342224158958
8,2,0,1,0,6,110.22452821827268
8,3,0,1,0,0,110.71068361317882
8,5,0,1,0,2,126.31976700710098
8,7,0,0,0,1,97.42930445491899
8,10,0,0,0,5,95.24650097613791
8,11,0,0,1,4,109.58818686707615
8,13,1,1,0,2,122.05705216943642
8,14,1,1,0,1,123.74351802467712
8,15,1,1,0,6,124.92320881558868
8,17,0,1,0,7,114.86015816539903
8,18,0,0,1,6,110.10731263048426
8,19,1,0,1,7,142.816741588916
8,22,0,1,0,1,110.25427331400076
8,26,0,0,0,4,94.96147830498566
8,28,1,0,1,3,124.65594835830326
8,29,1,1,0,2,124.64033146738932
8,32,0,0,1,3,125.84932384777797
8,36,0,0,0,4,92.03838732414286
8,37,0,0,0,3,98.13066478978939
8,41,0,0,0,4,92.5136695647921
8,42,1,0,0,1,105.63301648841578
8,43,1,0,0,5,107.2243277406743
8,44,0,0,0,0,96.84954507040703
8,45,0,0,0,3,108.52949678312959
8,47,0,1,1,7,124.39724653724416
8,49,0,0,0,4,94.86414326836339
8,50,1,0,0,2,109.64361236260481
8,51,1,1,0,6,121.92444528955579
8,53,1,1,0,2,124.47306536529439
8,54,1,1,0,7,122.3794754644928
8,55,0,0,1,6,107.67040285674165
8,56,0,1,1,4,124.03909326931634
8,57,1,1,1,6,138.07035890745678
8,0,0,0,0,0,95.7616165077469
8,1,0,0,0,7,94.40776041570564
8,3,0,0,0,6,95.51408358918226
8,10,1,1,0,6,129.18921927938405
8,11,0,1,0,2,112.84514048604188
8,12,0,0,0,1,101.53696248459322
8,14,0,0,1,3,128.76722226371976
8,16,0,1,0,1,114.17901678877415
8,17,0,1,0,6,117.0312648850456
8,18,0,0,0,7,100.47753751004942
8,19,1,1,1,7,139.85140209870144
8,20,1,0,1,6,123.57466147143779
8,21,0,0,1,6,113.0074315839914
8,22,0,1,1,2,125.00418065740139
8,23,0,0,1,3,109.51176351292628
8,26,1,1,0,2,123.47149882448815
8,27,1,1,0,4,123.35476762020934
8,29,1,0,0,6,108.59792875389441
8,31,0,1,0,3,119.79064771290881
8,34,0,0,0,4,94.79764373015459
8,35,0,0,0,0,96.19111711603125
8,37,0,0,0,4,94.35297524255373
8,40,0,1,1,0,121.06233915931455
8,41,0,1,1,6,120.8380250685514
8,42,1,1,1,4,138.83180749201358
8,43,1,1,1,7,137.4975364255062
8,45,1,0,0,4,105.98900823289377
8,46,1,0,0,3,108.27623932478886
8,47,1,1,1,7,141.1820500063089
8,49,1,0,0,3,119.04535187181241
8,50,1,0,0,7,122.09542176957889
8,52,1,0,0,0,106.96915629295161
8,53,1,0,0,1,106.66935616922748
8,54,1,0,0,7,120.7845337872338
8,56,0,0,0,6,94.37396467086441
8,59,0,0,0,4,93.14248745333839
8,0,0,0,0,4,92.0692345378013
8,1,1,0,0,0,106.7874568190033
8,2,1,0,0,6,115.29490003678139
8,3,0,0,0,3,112.17282075779117
8,4,0,0,0,3,107.8745367348993
8,6,0,1,1,1,126.47287792425296
8,7,0,1,0,2,114.3667691389506
8,8,0,0,0,3,107.2168499447851
8,15,0,1,0,0,110.38204848193986
8,16,0,1,0,7,119.25764253042965
8,18,0,0,0,1,101.63006209522167
8,21,0,1,1,3,139.11688726446167
8,24,0,0,0,0,97.35778787425649
8,25,0,0,0,6,97.44567233626364
8,26,0,1,0,2,111.65999697712546
8,29,0,0,0,2,95.57879080442994
8,30,0,1,0,6,113.48998332697217
8,32,0,0,0,1,99.70466224997685
8,33,0,0,1,3,126.35706807836497
8,34,0,0,1,6,110.32438220878427
8,35,0,0,1,4,107.47557456171397
8,36,0,0,1,5,110.33379864749882
8,37,1,0,1,3,122.04044760459313
8,38,1,1,0,2,122.41946340686472
8,39,1,0,0,4,106.81119539640719
8,40,1,0,0,5,113.10839573776849
8,41,0,0,0,0,94.7253229080546
8,43,1,0,0,2,106.23416241312383
8,44,1,1,0,2,136.09830266370793
8,45,1,0,0,1,108.40188253854919
8,46,1,0,0,2,114.70965738856738
8,48,0,0,0,3,110.63441267588051
8,52,1,0,0,7,106.50501547752945
8,53,0,0,1,0,109.0351923085896
8,54,0,0,1,1,108.0320605903089
8,56,0,0,0,5,94.37899642437057
8,57,0,0,1,6,108.79419017235668
8,59,0,0,1,7,109.33610013839136
8,0,0,0,0,2,96.68225473402757
8,3,0,1,0,7,112.05338749897516
8,4,1,0,0,1,106.33255814689586
8,5,1,0,1,7,121.3503139489951
8,8,0,0,0,1,95.88659065758692
8,9,0,0,0,7,92.91924198259974
8,15,0,0,0,2,107.8182215979148
8,16,0,0,0,7,98.4380073704538
8,17,1,0,1,3,123.51179320682019
8,18,1,1,0,6,128.38773266912747
8,19,0,0,0,7,100.7950634505502
8,20,0,1,1,4,127.77048372355206
8,21,1,1,1,7,139.7516276924945
8,22,0,1,0,4,110.9453878530852
8,23,0,1,0,3,121.29300056311018
8,24,0,1,0,2,110.82594894074506
8,25,0,0,0,2,105.36557905024405
8,27,1,0,1,0,125.40487372930721
8,30,1,1,0,0,123.4535330060767
8,31,1,1,0,3,135.20136761016295
8,32,1,1,0,5,124.81563264290511
8,33,1,1,1,6,141.31546170152694
8,34,0,0,1,7,109.78946073873054
8,37,0,1,0,1,111.86806489836502
8,38,0,1,0,1,107.97236386062144
8,39,0,1,0,5,111.14009099297417
8,40,0,1,0,2,108.55615116482585
8,41,0,0,0,6,95.28266463468832
8,46,0,1,0,1,115.19340887352138
8,50,1,1,0,7,126.66557549020243
8,53,0,1,0,0,111.07097878245608
8,56,0,0,1,3,124.7737021360965
8,57,0,0,0,0,96.76606858988328
8,58,0,0,0,6,96.87884375089442
8,59,1,1,0,1,121.00988939510674
8,0,1,1,0,6,138.5655163627204
8,5,0,0,0,6,92.60753370895347
8,6,1,0,0,5,108.35425642627872
8,7,0,0,0,3,111.34449212719157
8,11,0,0,1,0,108.71346836618905
8,12,0,0,1,6,110.05695927654573
8,13,0,0,1,2,110.58099825279504
8,16,0,0,1,3,110.7027456665181
8,19,0,0,1,3,123.84898030346807
8,20,0,1,0,6,115.20304954658643
8,21,1,1,0,5,123.53124988387613
8,22,1,1,0,1,123.36228717482633
8,23,1,1,0,1,125.47545390250849
8,24,1,1,0,2,125.06375119045907
8,26,0,0,0,3,110.6426603517121
8,27,0,1,0,0,113.03180358021072
8,28,0,1,0,3,120.49470885385213
8,33,0,0,0,0,96.91942526554668
8,34,0,0,0,0,97.00908153556769
8,38,0,0,0,6,98.5229496837975
8,40,0,1,0,5,107.73072491960608
8,41,0,1,0,2,124.89715849037172
8,42,0,1,0,7,110.29229216862629
8,43,1,1,0,7,121.71562102814977
8,44,0,0,1,3,123.24155400297002
8,46,0,0,0,6,95.47416519400147
8,48,1,0,0,0,108.72647504679118
8,49,1,0,0,0,109.5724441950665
8,50,1,0,0,0,108.31152599461683
8,51,1,0,0,4,107.07916138763439
8,52,1,0,0,1,109.08844212255484
8,54,0,0,0,0,95.25283329050127
8,55,0,0,0,5,96.55666263856916
8,58,1,0,0,4,106.74965864948884
8,0,1,0,0,2,107.59202188920146
8,1,1,0,0,6,113.49468510020172
8,3,0,1,0,5,110.96755527498476
8,4,0,1,0,7,107.86684264804927
8,5,0,1,0,1,111.99311358911989
8,6,0,1,1,0,121.80885473782004
8,7,0,1,1,6,132.4792735023366
8,8,1,1,1,1,136.83126934153083
8,9,1,1,0,3,120.98789790492214
8,10,1,1,0,2,120.62461440706711
8,11,1,0,0,6,106.8087090455891
8,14,0,0,0,4,97.10391569701491
8,15,0,0,0,6,101.9752994554841
8,16,1,1,0,1,123.91081653123166
8,18,0,1,1,2,136.9205411723385
8,19,0,0,1,7,107.35623735756903
8,20,0,1,0,2,110.45830940564178
8,21,0,1,0,6,112.93591205250641
8,23,0,0,0,2,97.6258208337033
8,27,1,1,0,2,123.96904344845967
8,29,1,0,0,5,108.9808015523202
8,34,0,0,1,1,108.73570555119575
8,41,0,1,0,5,105.5008374557058
8,42,0,1,0,3,125.61868086893477
8,47,0,0,0,6,95.94127672525151
8,48,0,1,0,6,113.6118064225812
8,49,1,0,0,5,110.03645955730376
8,50,0,0,0,6,99.72572401740584
8,52,0,1,0,3,113.03833479117571
8,53,0,0,0,0,93.06135030123824
8,55,0,0,1,0,108.83407790113398
8,56,0,0,1,6,106.64506904915406
8,58,0,0,1,0,110.93651914814453
8,0,0,0,1,2,120.76129247293186
8,1,0,0,1,7,112.65085795857728
8,4,1,0,0,3,122.41228474403142
8,5,1,0,0,5,107.87333809993031
8,6,0,0,0,7,97.74589195296502
8,7,1,1,0,1,121.98837196257698
8,8,1,1,1,6,138.8500658451351
8,9,1,0,1,4,122.19962830337138
8,10,1,0,1,6,121.94217398964469
8,11,1,0,1,6,125.22718055479157
8,12,1,1,1,6,138.35928925866827
8,13,0,0,1,0,109.28746939932795
8,14,0,0,1,5,112.65058554633526
8,15,0,0,0,7,102.79404118592171
8,17,0,1,0,4,113.35668707972641
8,19,0,1,0,6,113.31546646218106
8,20,1,1,0,1,123.09638113149948
8,22,1,1,0,7,123.34136976377188
8,24,0,0,1,0,113.51094842425734
8,25,0,0,1,7,113.43773205167987
8,26,0,0,1,5,110.98577530643186
8,31,0,0,0,5,97.21930805353972
8,33,0,0,1,7,110.67744876889556
8,34,1,0,0,3,123.80124025832926
8,36,1,0,0,6,105.0755927089597
8,38,0,0,1,1,110.14275239522468
8,39,0,0,0,4,94.16330496988392
8,45,0,1,0,0,110.91897263655902
8,47,0,1,0,5,114.75198344225763
8,48,1,1,0,1,123.54428334257595
8,49,1,1,1,7,139.53493309161678
8,53,0,0,0,4,95.00628452168604
8,54,1,0,0,2,106.47835467390982
8,55,1,1,0,4,122.79207246777271
8,56,0,1,0,0,110.69702905856981
8,59,0,1,0,6,108.13134068223786
8,1,0,1,0,1,108.13358820055808
8,5,0,1,0,5,111.22444511148137
8,7,0,1,0,3,122.74269495905673
8,8,0,0,0,5,95.4412055336149
8,11,1,0,0,2,120.94826661124992
8,12,1,0,0,5,112.01112534212236
8,13,1,0,1,3,139.26608454983
8,14,1,0,0,0,107.97900436303593
8,20,1,1,0,2,124.83823176540213
8,21,1,1,0,2,124.65997439968332
8,22,1,0,0,3,121.88655901340083
8,23,1,1,0,6,123.97480982781174
8,25,1,1,0,1,124.50797338894631
8,26,1,1,0,7,123.80040940409012
8,29,0,0,1,6,109.74042200985726
8,30,0,1,1,2,130.13965983525375
8,31,0,1,1,5,124.62303574983225
8,32,0,1,0,3,123.60735893161097
8,41,1,1,0,3,121.13523473981272
8,42,1,1,0,3,121.10244322461291
8,43,1,0,1,7,124.28812940108918
8,44,0,0,0,5,95.18228781169995
8,46,1,0,0,4,110.07715551173389
8,50,0,1,0,2,108.9412756238831
8,55,1,0,0,2,109.4137194473615
8,56,1,1,0,7,122.84421073819207
8,59,0,1,0,5,112.38748022542043
8,0,0,1,1,5,127.2144320120598
8,1,1,1,0,5,121.83560627045645
8,2,0,1,1,6,123.426911202271
8,3,0,0,1,6,105.78231013912772
8,4,1,0,1,3,132.7385406323688
8,5,1,0,0,3,107.9880457703172
8,6,1,1,0,7,121.16733311455557
8,7,0,1,0,4,111.61975076709216
8,12,0,0,0,7,96.91047195562618
8,16,1,0,0,5,108.86654138590407
8,17,1,0,0,0,117.36767436069326
8,18,1,0,0,4,111.9681458792385
8,21,1,0,0,5,107.09806759374376
8,22,0,0,1,6,109.39634786072541
8,23,1,0,1,1,123.8566415251141
8,27,0,1,0,5,110.09106835857776
8,28,0,1,0,1,115.11726406295074
8,29,0,1,0,5,112.31723656125945
8,30,1,1,1,5,139.99483825292353
8,34,1,0,0,5,110.01871495760841
8,41,0,1,0,1,106.30288380342648
8,43,0,0,1,0,109.09525713881997
8,44,0,0,1,5,108.88793217754029
8,45,0,0,0,0,97.61047728193009
8,46,0,0,0,5,96.82995603632439
8,54,0,0,0,6,99.13387941730856
8,55,1,0,0,7,124.25965768498786
8,58,0,1,0,7,111.39656523553064
8,59,0,0,0,5,96.77402854023204
8,1,1,1,1,4,138.67717500929453
8,3,0,0,1,7,109.25957896943741
8,4,1,1,0,3,128.95467460585706
8,5,1,0,0,4,107.43391448928408
8,7,1,0,0,6,106.1657685534177
8,8,0,0,0,6,91.76743709909216
8,10,1,1,1,2,138.8708573891781
8,11,1,0,1,4,123.3055095417289
8,12,0,0,1,1,111.77510885537684
8,13,0,0,1,3,127.03232360419976
8,14,0,0,0,7,97.06309387673758
8,16,0,0,0,3,112.89402632826435
8,19,1,0,0,7,122.73878346547403
8,21,0,0,0,6,95.996622610134
8,23,0,0,0,7,95.24595729549043
8,24,1,1,1,6,138.30874030266887
8,25,0,0,1,3,125.01434781097495
8,27,0,0,0,1,95.7825715700742
8,30,1,1,0,7,122.8769038249923
8,31,0,0,0,3,109.19173098521675
8,32,0,1,0,7,109.64864459078888
8,34,0,0,0,2,100.13040470946464
8,35,0,0,0,1,93.57875060190362
8,36,0,0,1,7,111.31451972572506
8,37,0,1,0,5,110.5428425892008
8,42,0,0,1,4,107.32931639359754
8,48,1,1,0,7,124.92964278338867
8,51,1,1,0,4,122.15645095925
8,52,1,1,0,4,123.68208692457716
8,53,0,1,0,4,105.96080899560903
8,54,1,1,0,0,123.0247505149285
8,55,1,1,0,2,123.85628091096397
8,56,1,0,0,1,106.17632828873869
8,57,1,0,0,0,106.6988999798352
8,0,0,0,0,1,96.01697981843395
8,2,1,0,0,2,106.57857732168455
8,3,1,0,0,1,107.50432583323038
8,4,1,0,0,6,106.46731943478696
8,10,0,0,1,5,108.35370664030454
8,12,1,1,0,1,125.53628689237792
8,13,1,1,0,1,122.23966768320528
8,14,1,1,1,7,140.86787527174826
8,18,1,0,0,7,111.89760295903942
8,21,1,1,0,4,122.0445537132429
8,22,1,1,0,6,123.77163735356821
8,23,0,0,0,6,100.043577075981
8,25,0,0,1,0,112.41177169771198
8,27,1,0,1,4,125.52897354432426
8,28,1,0,1,1,129.744860693502
8,30,0,0,0,1,98.69415444466915
8,31,0,0,0,2,101.27850622939674
8,33,0,1,0,4,108.78586843648789
8,34,0,1,0,7,109.5651299515168
8,36,0,0,0,3,110.31752431743253
8,37,0,0,0,6,95.34651258477399
8,38,0,1,0,4,109.3336931437488
8,39,0,1,0,3,113.67613168979611
8,42,0,1,0,1,108.12578571992954
8,44,0,1,0,1,110.71379999739818
8,46,0,0,0,3,107.77864724300831
8,47,0,0,0,5,101.45000664713676
8,51,0,1,0,0,110.2484026881277
8,54,0,1,0,1,114.36705496566121
8,56,0,0,1,5,107.34784260833405
8,58,1,0,0,0,106.73020880588182
8,59,1,0,0,0,106.68508101976903
8,1,1,0,0,4,106.70827170879765
8,2,1,0,0,5,106.70391279528518
8,4,0,1,1,7,137.45511182080273
8,5,0,0,0,4,95.828232126537
8,6,0,0,0,3,110.34641705120106
8,10,0,0,1,1,121.47147668119459
8,11,0,0,0,2,99.26865709586755
8,12,0,0,0,5,97.31889150429564
8,13,0,0,0,1,98.85835193941814
8,15,0,1,1,3,141.04139010666617
8,16,0,0,1,7,111.89681277270145
8,19,0,0,1,5,110.52905839650678
8,20,0,0,0,5,96.13622535268462
8,21,0,0,1,3,121.58036061712377
8,26,1,1,0,4,123.30467926335798
8,28,1,0,0,0,107.9600112784626
8,31,1,1,0,1,124.28464004380777
8,32,1,1,0,3,123.8471732610948
8,37,0,0,0,5,94.66674816085057
8,41,0,0,1,1,108.6286077377381
8,43,0,0,0,3,105.90522875313219
8,50,1,0,0,6,109.56544010972026
8,51,0,0,0,3,114.10721335868041
8,52,0,1,1,2,123.31767147887106
8,53,0,0,1,7,107.9629415929839
8,54,0,1,1,1,126.87571171791491
8,55,0,1,0,0,110.25949920047472
8,56,0,1,0,2,110.47731624003256
8,0,0,1,0,7,111.60021266198916
8,5,0,0,0,5,96.25498632665143
8,11,0,0,0,4,97.31037305151325
8,12,0,0,0,4,95.06865937292973
8,14,0,1,0,4,110.45103032941525
8,15,1,1,0,4,124.36895005324106
8,16,0,1,0,3,121.48022203722064
8,17,0,0,0,0,98.53709957920712
8,24,0,1,0,5,110.30278552546888
8,25,0,1,1,6,127.3629626645714
8,26,0,0,1,7,110.37473175502916
8,28,1,0,0,6,107.91607122119436
8,30,0,1,0,5,113.04485966576081
8,31,0,1,0,0,109.86977039575223
8,36,0,0,1,4,107.32070734850511
8,38,1,0,0,1,107.7714590820206
8,42,0,0,0,3,103.97092868845316
8,45,1,0,0,2,108.87731699272904
8,46,1,1,0,0,123.45045215722489
8,47,1,1,0,2,131.87092809499083
8,49,1,0,0,2,109.87188879483094
8,51,1,0,0,5,107.08505969884679
8,52,0,0,1,3,110.36090421456782
8,54,1,0,0,1,106.82970573842488
8,55,1,0,0,5,109.08837635369777
8,56,1,0,1,2,123.2234148849646
8,57,1,1,1,4,139.70088913765105
8,58,0,1,1,6,126.64021544545041
8,59,0,0,1,2,111.21686570498085
8,0,0,1,1,4,124.77901067325466
8,1,0,1,1,7,127.1988945474862
8,3,0,1,1,7,126.38703393336601
8,4,0,0,1,0,108.88287726539467
8,5,0,0,1,3,111.46602668489092
8,6,0,0,0,1,95.72329413882764
8,7,0,0,0,2,94.93651007920437
8,13,0,0,0,4,95.05017579348913
8,15,1,1,0,2,125.00381671236956
8,16,1,1,0,2,136.1386922057561
8,17,1,0,0,2,109.25601818273591
8,18,1,0,0,5,110.86308472911209
8,19,1,0,1,0,123.21083567992272
8,20,1,0,1,0,124.20686845252995
8,21,1,0,1,6,125.70804540639027
8,24,0,0,0,4,99.21500044707108
8,26,1,0,0,7,107.50895119386304
8,34,1,1,0,0,123.106479398448
8,35,1,1,0,7,121.39745546884252
8,36,0,1,0,3,125.80736025627664
8,38,1,0,0,3,106.41390152749568
8,39,1,1,0,1,122.62881007562169
8,40,1,1,0,1,121.68723257595194
8,41,1,1,0,1,124.96093266589126
8,42,1,1,0,7,122.27712237378766
8,43,0,1,0,3,127.71145338045017
8,46,0,0,0,2,96.54491556089211
8,47,0,0,0,3,108.06545806516252
8,48,0,0,1,5,109.84082329113112
8,53,1,0,0,3,108.26766689720458
8,54,1,0,0,3,106.53496922399138
8,55,1,0,1,4,125.2187660143161
8,58,1,0,0,2,106.81541228836528
8,59,1,0,0,7,106.17788817832404
8,3,0,0,0,4,98.8788254895062
8,5,0,0,0,3,109.1818683418727
8,7,1,0,1,0,126.4327547994351
8,8,1,0,1,7,137.99323829292172
8,9,0,0,0,3,105.52146359541081
8,10,0,1,0,6,115.79551893323044
8,13,1,0,0,3,106.85180977811673
8,14,1,0,0,5,108.76075522053577
8,16,0,1,0,2,115.03564558718647
8,18,1,0,0,2,108.56796765420123
8,21,0,0,0,4,95.53582501852176
8,22,0,0,0,4,96.94660840912823
8,27,0,1,0,2,113.90498361090829
8,28,0,1,0,6,113.31833296409262
8,31,1,0,0,1,111.38575071850096
8,32,1,0,1,6,124.80848509079428
8,33,0,0,1,6,109.92789567080514
8,34,0,1,1,3,141.11988609145564
8,35,0,0,1,0,110.0638469923405
8,37,0,1,1,0,123.49585554073694
8,38,0,1,1,5,122.84194850811842
8,43,0,1,0,7,109.00700571421217
8,51,0,0,0,7,94.22087353116203
8,52,0,1,0,0,111.0435158858845
8,55,0,1,0,2,113.82616085848895
8,57,0,1,0,0,111.02569306103715
8,58,0,1,0,1,111.10738615823682
8,0,0,1,0,4,109.70230484778767
8,1,1,1,0,6,135.76544980626647
8,2,0,0,0,5,97.66614315895495
8,3,1,0,1,6,122.93004596631535
8,4,1,0,1,6,123.04136998087408
8,6,0,1,0,6,112.14280148251602
8,7,1,1,0,2,122.39299820584122
8,8,1,1,0,6,121.43257947004456
8,15,0,1,0,4,111.01507191620244
8,17,0,0,0,6,96.50382362724862
8,24,1,1,0,5,123.35195209643047
8,25,0,1,0,5,110.93793274662805
8,27,1,1,0,6,134.51880387462407
8,30,1,0,0,2,107.9639622029888
8,33,0,1,0,1,111.05988341162572
8,40,0,1,1,6,122.45569022967098
8,41,0,1,1,7,140.5608010456168
8,43,0,1,0,6,115.35329455754467
8,45,1,0,0,5,106.81293276742687
8,46,0,0,0,0,95.76954479385991
8,48,0,0,0,2,97.0125534306985
8,50,0,0,0,2,95.4484506721797
8,55,0,1,0,5,107.2434522639503
8,56,0,1,0,4,109.3183024298285
8,58,0,1,0,6,112.61735576968364
8,3,1,0,0,7,106.97751696188718
8,4,0,1,0,2,112.38738815409194
8,5,0,1,0,0,110.91365067436111
8,9,1,0,0,1,105.29892855917552
8,14,0,0,0,1,99.4689595660674
8,16,1,0,0,4,108.50278398539584
8,18,1,0,0,1,109.42154846814034
8,19,1,0,1,6,123.18334971958475
8,20,1,0,1,1,124.05685442924948
8,21,1,0,0,4,111.59647684587155
8,26,1,0,0,1,107.87725968518299
8,27,1,0,0,2,109.87024638113778
8,30,0,1,0,1,116.26419935225836
8,31,0,1,0,4,112.46531104379818
8,32,0,1,0,6,112.09980171786182
8,35,0,0,0,4,91.7791160542958
8,39,0,0,0,7,94.45941838371378
8,44,0,1,0,4,107.6152340211938
8,46,1,0,1,7,123.72447507461345
8,47,0,0,0,2,97.52866729492465
8,49,1,0,0,1,110.51008824349343
8,50,1,0,0,1,109.65101607386035
8,57,0,0,1,7,107.18969944068857
8,58,0,1,0,0,110.03719872707617
8,59,0,1,0,1,111.01819325332517
8,3,0,1,0,3,127.41311989020504
8,4,0,0,0,2,97.60806540709757
8,8,0,0,0,7,95.07502529986357
8,9,0,1,0,2,110.45070881571647
8,11,1,0,0,4,108.18747468240639
8,12,0,0,0,6,95.40784472661771
8,13,0,1,0,4,110.17423081757019
8,14,0,1,0,5,114.38834654590316
8,16,1,1,0,6,123.30211364479015
8,20,0,1,1,3,136.96330779659513
8,22,0,0,0,0,96.46605886146229
8,25,0,0,0,7,96.73392988171848
8,27,0,0,0,2,97.97110713510254
8,31,0,1,0,1,110.22609148928058
8,35,0,1,1,7,123.25998289424237
8,36,1,1,0,4,121.18983149425156
8,37,0,1,0,2,111.30654133269688
8,39,0,0,0,1,98.37761099444901
8,40,0,0,1,6,106.55806744558434
8,41,0,1,1,1,123.24421653855569
8,43,0,1,0,2,114.59549490445099
8,45,1,0,0,7,122.72605327147141
8,46,0,0,1,1,110.96794663981217
8,47,0,0,0,0,98.57830822316546
8,52,0,0,0,6,99.49287813277354
8,56,1,1,0,0,123.1864914784167
8,58,1,1,0,7,138.9765521575202
8,59,0,0,1,6,108.19305389517446
8,0,1,1,1,1,138.90103284240286
8,1,1,1,0,0,121.23700219886969
8,2,1,1,0,3,122.57503011060832
8,3,1,1,1,4,138.47301370169882
8,4,1,1,1,4,139.33394525077986
8,6,1,1,1,3,138.15260376888727
8,7,1,0,1,4,121.70973466537598
8,8,1,0,1,4,123.47482195459133
8,9,0,0,1,4,106.59203163791743
8,10,0,0,1,2,108.63314129619087
8,11,0,1,1,7,123.97082423482448
8,19,0,0,0,6,96.86122682299684
8,21,1,1,0,3,125.89038291831707
8,23,1,0,0,3,122.52532394873663
8,24,1,0,0,0,109.04658292198619
8,25,1,0,0,2,110.94630141611398
8,27,0,0,0,3,105.26609919151824
8,30,1,0,0,4,107.26760993172174
8,31,1,0,0,3,120.88072868156259
8,32,1,0,0,5,110.93495171401584
8,33,1,0,0,5,108.48690982858044
8,34,0,0,1,2,111.9836800187587
8,35,0,1,1,1,124.70115512282756
8,36,0,1,0,4,107.7887648087473
8,39,0,1,0,7,109.22773886642058
8,41,0,0,0,7,92.77273961490287
8,52,0,1,0,4,108.0705757693822
8,55,0,0,0,0,98.03727781627276
8,56,0,0,0,1,96.32984425646882
8,58,0,0,0,4,92.59959184785514
8,59,1,0,0,6,109.24352600795567
8,0,0,1,0,1,112.62131668932761
8,1,0,1,0,3,120.52327960811857
8,2,0,0,1,6,110.528247042355
8,4,0,0,1,3,108.38049267226356
8,5,0,1,0,4,109.42569127004626
8,6,1,1,0,4,121.95365671330728
8,16,0,0,1,6,111.62727943739694
8,23,0,0,1,2,111.26747456913752
8,25,1,1,1,0,140.67029305594667
8,26,1,1,1,3,149.79192745427412
8,27,1,0,0,6,108.8822665445461
8,28,0,1,0,2,115.19028060589488
8,30,0,0,0,0,96.74215974955773
8,35,0,1,0,3,123.99041024338665
8,56,0,1,1,0,125.69818100536578
8,57,0,1,1,0,126.42190642755617
8,59,1,1,1,5,138.54135181762146
8,4,0,0,0,4,93.5774398204151
8,6,1,0,0,0,106.82979659334593
8,10,1,0,0,1,107.16905360945013
8,12,1,0,0,2,106.91908315052547
8,14,1,1,0,2,123.11000616031505
8,15,1,0,0,5,108.70299399740664
8,25,0,1,0,3,115.87034398300734
8,26,0,0,0,0,100.44243687187762
8,33,1,1,0,6,123.10984126424226
8,34,1,0,0,4,108.02883656835277
8,42,0,0,1,0,106.80660101703421
8,43,0,0,1,2,111.95139059361206
8,44,0,1,1,7,126.05356170950742
8,48,0,0,0,7,98.75044701059424
8,49,1,1,0,2,123.92245612128092
8,50,1,1,0,0,123.25511794050506
8,51,1,1,0,2,121.99003136117719
8,52,1,0,0,5,117.74823527426113
8,56,1,1,0,2,122.81641427318975
8,2,1,1,0,7,132.5157973597235
8,9,0,1,0,6,111.63125572290585
8,10,0,1,0,4,112.0707705225091
8,11,1,1,0,2,126.73618439112147
8,12,1,0,0,3,109.35073708338294
8,13,1,1,0,5,121.98287107761404
8,14,1,1,0,0,123.90593320641469
8,17,1,0,0,4,107.62521273574473
8,20,1,1,0,5,126.12499125103237
8,21,1,1,0,1,122.05440215129428
8,24,0,1,1,2,128.28684192715338
8,25,0,1,1,0,126.37742548642107
8,26,0,1,1,3,126.12198973262292
8,27,0,0,0,7,98.96826068761752
8,28,1,1,1,4,139.65929612702325
8,29,0,1,1,5,127.05320972128192
8,30,0,1,1,6,122.65887647648479
8,31,0,1,1,1,124.68804954505303
8,39,0,1,1,2,122.2716496616612
8,40,0,0,1,1,120.63224406691855
8,49,0,0,0,1,98.78793264656258
8,54,1,0,0,4,106.25191319223829
8,55,0,0,0,1,94.71329125279225
8,57,0,0,0,2,97.62591499742072
8,59,0,1,0,3,122.71770359117623
8,1,0,0,0,0,96.16376450854267
8,6,0,1,1,2,122.98355214244539
8,7,0,0,1,1,110.75345673745343
8,9,0,0,1,7,107.46040273691766
8,10,0,0,1,7,107.18962378786672
8,12,1,1,0,2,121.50773695520262
8,13,1,0,0,7,106.86352957758697
8,15,0,0,0,5,100.81910421635448
8,17,1,0,0,7,110.7766310862415
8,20,0,0,0,0,96.53579517553689
8,25,0,1,0,7,110.79689088458645
8,26,0,1,0,3,119.94743562265172
8,27,0,1,0,6,115.425917261103
8,32,1,1,0,7,124.17178273639237
8,43,0,0,0,1,100.74999925490212
8,46,1,1,0,7,140.73599177350528
8,48,0,0,1,0,109.26507216236634
8,49,0,0,1,2,112.63072788404676
8,50,0,0,1,4,111.00066272777357
8,51,0,0,1,4,107.83002962480327
8,52,0,0,1,6,111.16568969344
8,53,1,1,1,0,139.23069663172484
8,54,1,1,1,2,139.19350682954664
8,55,1,1,1,2,140.07886112784877
8,56,1,0,1,5,123.24506564222158
8,57,1,0,0,5,115.24882899584894
8,1,1,0,1,0,121.99833890893336
8,3,0,0,1,0,108.80555950787202
8,4,0,0,1,6,106.38081167335045
8,5,1,1,1,6,137.2504802658041
8,6,0,0,1,1,112.250156145608
8,11,0,1,0,4,109.99857942955128
8,13,0,1,0,6,111.60034419072566
8,14,1,1,0,7,123.9804567164797
8,15,0,1,1,2,127.2847278226659
8,17,0,0,1,5,113.75616641386465
8,26,0,0,0,6,93.46602102565079
8,30,0,0,0,5,94.8199363723227
8,32,0,0,0,2,101.42114350270536
8,34,0,1,0,5,107.86413283462859
8,35,0,1,1,0,123.63665943097168
8,36,0,1,1,2,123.32101828450347
8,37,0,1,1,2,136.38020424562822
8,38,0,1,1,2,123.34627483250642
8,39,0,0,1,6,108.09005747630161
8,40,0,1,1,1,120.9282775187538
8,43,1,0,1,1,124.65428389683959
8,47,0,1,0,1,111.40004238889289
8,55,1,0,0,1,106.9535483820778
8,56,1,0,1,6,123.25947092313811
8,57,0,1,1,1,125.83356443505095
8,59,1,0,1,3,124.37764286688794
8,0,1,0,0,4,107.56275701963861
8,1,0,0,0,3,94.84734876063628
8,4,0,0,0,5,96.01428718776873
8,8,0,1,1,6,123.40657145433573
8,9,0,0,1,0,108.75101058756879
8,10,0,0,1,3,108.87952101410743
8,13,0,0,0,0,96.75944406932388
8,14,0,0,0,0,99.54725794018063
8,17,1,1,0,6,138.39900536741067
8,21,0,1,0,2,118.87093420980175
8,23,0,0,1,5,108.78023963655674
8,25,0,1,1,7,128.45392124639784
8,30,0,0,1,3,123.27178385537735
8,36,0,1,0,1,111.12853041112216
8,38,0,0,1,0,108.61714726382132
8,39,0,0,1,3,127.39416986475234
8,43,1,1,1,4,138.44120978513263
8,44,1,1,1,0,138.78777565895564
8,45,1,1,1,7,140.08425149333186
8,47,0,1,0,7,111.06951288906845
8,48,1,0,0,5,109.54955652644917
8,49,0,0,1,7,112.45091645843891
8,54,1,1,1,0,139.32022081782858
8,55,1,1,1,1,140.4926883494371
8,56,1,1,1,5,140.2268153755427
8,2,1,1,0,6,122.24281540440015
8,6,0,0,0,6,99.60620063112471
8,9,1,0,0,5,105.22066403801742
8,10,1,0,0,5,109.42676738900796
8,12,1,0,0,4,109.27988453120177
8,13,0,0,0,7,100.99875068457537
8,16,1,1,0,5,123.35963730979792
8,18,0,1,0,1,114.40959376527547
8,20,0,1,0,1,109.88417583099277
8,22,0,1,0,0,109.26308357197485
8,28,0,0,0,7,99.7343960769811
8,30,0,1,0,2,120.02956600407828
8,32,0,1,0,0,110.66111623315469
8,39,1,0,0,0,105.628465092141
8,40,1,0,0,2,105.3441124037115
8,42,0,1,1,6,122.04069494145885
8,43,0,1,1,0,125.89623603816322
8,44,0,1,1,6,125.80926241525752
8,45,0,1,1,7,122.42783160363537
8,55,0,0,0,4,93.0710060082562
8,56,0,0,0,4,94.82929777639272
8,57,0,0,0,1,98.99340401230282
8,59,0,1,1,2,126.50925148095922
8,0,0,1,1,7,123.33769435186869
8,2,0,1,0,0,109.48623505427493
8,3,0,1,0,6,110.77511942254867
8,10,0,0,0,2,104.18161430094368
8,13,0,1,1,6,123.22739195311321
8,15,1,0,1,7,125.63643070444974
8,17,1,1,0,0,125.26960660731564
8,18,1,1,0,2,126.24707316457216
8,19,1,0,0,1,108.61675605493016
8,21,0,0,1,1,110.24683296670344
8,24,1,0,0,6,108.31730354904825
8,29,0,0,0,0,97.90030768260146
8,32,0,1,1,2,126.54788927853429
8,33,0,1,1,1,124.52363937860663
8,35,0,1,1,5,124.92857072286334
8,36,1,1,0,1,121.45699665578874
8,39,1,1,0,3,127.67139751140533
8,40,1,1,0,4,120.22743271087745
8,42,1,1,0,2,121.11161111608239
8,43,1,0,0,6,118.38418184166804
8,49,0,1,0,3,113.57246505879685
8,50,0,1,0,5,112.27950889944583
8,52,0,1,1,0,124.56949333563813
8,53,0,1,1,1,125.81540431775817
8,57,1,1,1,7,152.01487830162782
8,0,1,1,0,0,122.51378039110773
8,4,1,0,0,0,106.79746552869801
8,7,0,1,0,0,108.7803772292901
8,8,0,1,0,2,110.3849050509117
8,16,0,0,0,5,95.67857834914682
8,17,0,0,0,7,102.32029820586312
8,20,0,0,0,2,98.86871528723064
8,28,1,0,0,2,108.10301388193459
8,29,1,1,0,4,121.65076124974946
8,30,1,1,0,1,123.52451008870847
8,31,1,1,0,6,126.0434803036597
8,33,1,1,0,7,123.61692142731881
8,34,0,0,0,3,108.93167553291444
8,35,0,0,1,6,107.51617761457615
8,36,0,0,1,0,108.55250465554406
8,37,0,0,1,7,124.07318462815925
8,39,0,0,1,5,107.28050873690282
8,41,1,0,0,1,106.1722558311254
8,42,1,0,0,2,116.15990415436423
8,43,1,1,0,5,122.07014801885559
8,46,0,0,0,7,96.48647327012651
8,50,0,0,1,3,125.35386222454557
8,51,0,1,0,2,111.22263579599182
8,54,0,0,1,7,108.19077628668846
8,55,1,1,0,5,122.7788099413711
8,56,0,1,1,3,141.5047361938616
8,0,0,1,0,5,111.04906048623543
8,7,0,0,1,6,106.99896111576913
8,8,0,1,1,0,122.37170660450448
8,9,0,1,1,2,126.21878041533515
8,12,0,0,1,0,110.79911969905469
8,14,0,1,1,3,140.88805864776208
8,16,0,0,0,1,103.05779242329913
8,20,0,1,0,0,110.73609585078141
8,21,0,1,0,0,110.65336598263995
8,22,0,1,0,6,110.06613982633107
8,29,0,0,1,3,122.789107252737
8,32,0,0,0,3,109.14027225785051
8,34,0,1,0,0,110.54922513813104
8,36,0,0,0,0,95.78006753671079
8,40,1,0,0,6,105.4513274700999
8,45,1,0,0,6,106.79487192484716
8,46,1,1,0,6,125.7594262849972
8,54,0,1,0,0,107.72883571954287
8,56,1,0,0,6,108.6824666987651
8,0,0,0,1,1,110.04351626671614
8,4,1,0,0,2,106.5748872217063
8,6,1,1,1,2,138.6383758951689
8,7,1,0,1,3,122.36001673917173
8,8,1,0,1,2,121.8873686478436
8,13,1,0,1,2,123.21386127186302
8,15,1,1,0,3,124.95151097684017
8,19,0,1,0,2,114.95290591979831
8,21,0,1,0,1,110.48218673138022
8,23,0,1,1,6,123.78363541100197
8,25,1,0,0,5,110.28046937780069
8,27,0,1,1,5,126.65003389628845
8,30,0,0,1,5,113.21161454523893
8,39,1,0,0,5,105.89051968729342
8,40,1,0,0,0,105.6983146640933
8,44,0,0,1,0,108.00252670073796
8,45,0,0,1,5,110.41106673550377
8,46,0,0,1,6,113.2340175701085
8,47,0,0,1,0,108.96792281133938
8,48,0,0,1,1,111.09152630250037
8,50,0,0,0,1,96.66603745321042
8,54,0,0,1,5,110.89076840580532
8,55,1,0,1,5,123.20717815692178
8,56,1,0,0,4,107.45020703615336
8,57,1,0,0,3,106.9216402058521
8,59,1,0,1,7,125.47875266529581
8,2,1,0,0,4,106.83678936202604
8,6,1,1,0,6,120.84375112534778
8,7,1,0,0,5,108.35139824226871
8,12,1,1,0,6,123.00632568483269
8,19,0,1,0,1,109.52783479193732
8,20,0,1,1,7,123.30717160122813
8,21,0,0,0,7,98.52947024261061
8,24,1,1,0,4,121.86043907961026
8,26,1,1,0,5,133.18156775479824
8,28,0,1,1,4,125.07068239124241
8,29,0,1,1,6,127.69173618259809
8,32,0,0,1,5,108.48947094031809
8,34,1,0,0,1,107.50647947895223
8,39,0,0,0,5,94.21755002478092
8,40,0,0,1,5,106.80656055738716
8,41,0,0,1,7,109.4336454281351
8,44,0,0,1,7,110.51412086318754
8,45,0,0,0,4,96.69759184508077
8,51,0,0,1,6,110.27998793636513
8,52,0,1,1,7,126.49901031099128
8,57,0,0,0,3,108.75637457715357
8,59,0,0,0,2,96.57101403130099
8,2,1,0,1,2,123.03122939971553
8,3,1,1,1,2,138.5736828702851
8,4,1,1,1,6,139.78551300138014
8,5,0,0,1,2,123.85974260159271
8,6,0,0,1,4,108.35541700023556
8,17,1,1,1,5,139.62595843878006
8,18,0,1,0,5,111.13530234466738
8,19,1,1,1,6,139.68885735414952
8,21,0,1,1,7,122.87959024333236
8,24,0,0,1,2,114.59158446272998
8,25,0,1,1,4,124.24590400356959
8,26,0,1,1,7,125.9349494073701
8,30,1,0,0,3,121.11185034299939
8,31,1,0,0,5,107.87821220337362
8,36,0,1,0,7,107.48462047371396
8,37,1,0,0,3,106.4486469301588
8,38,1,0,1,7,124.28362059476932
8,42,1,1,1,6,137.7988799272811
8,46,1,0,0,6,107.52221918218396
8,50,1,1,0,3,137.09453775949214
8,51,1,1,0,1,123.27362004396433
8,53,1,1,0,1,122.9652008841743
8,54,1,1,0,6,122.08117273179401
8,59,0,1,1,4,121.8353892014104
8,1,1,1,0,7,121.12751689100752
8,3,0,0,0,2,96.24293535038427
8,4,0,1,0,5,108.3993693069065
8,10,0,0,1,4,106.67855133627559
8,14,0,0,1,7,111.58617714404097
8,17,1,0,0,3,109.3369486257747
8,19,0,1,0,5,110.94653971991269
8,21,0,1,0,5,112.32203065327047
8,24,0,0,0,1,99.81756821074634
8,31,0,0,0,6,100.79127338049949
8,33,0,1,1,5,124.33181477780606
8,34,0,1,1,4,123.41372161034441
8,35,0,1,1,3,141.12717640285916
8,36,0,1,0,2,108.6030058840937
8,41,1,1,0,0,121.50526661525461
8,42,1,1,0,4,121.9731507507245
8,43,0,1,0,4,111.15555697801615
8,47,1,0,0,4,107.35994995044587
8,53,0,0,1,5,108.66554424181909
8,1,1,0,0,2,107.58127995387248
8,2,1,1,0,5,122.0337292552946
8,4,0,1,0,4,109.64024276141447
8,7,1,1,0,3,127.58601601072318
8,8,1,0,1,0,122.91434253233265
8,9,1,0,1,2,121.92591234982201
8,10,1,0,1,5,121.51696562428414
8,11,0,0,1,1,109.31839618053459
8,22,0,0,0,6,95.7947596189986
8,24,1,0,0,5,107.88738512775274
8,25,0,0,1,1,114.64184965257215
8,28,0,0,0,2,99.2624630640705
8,29,0,0,0,5,98.52240597631399
8,33,0,0,0,3,113.44281989948558
8,37,1,0,0,1,116.31740904509266
8,40,1,0,1,2,122.92981919702856
8,41,1,0,1,3,123.66834155058164
8,42,1,0,1,2,124.16204613798902
8,43,1,0,1,0,124.86272404686247
8,44,1,0,1,0,122.25174042297937
8,45,1,0,1,3,123.39748887284146
8,46,1,0,0,5,107.89554252099816
8,48,1,0,0,1,108.55430658008963
8,51,1,0,1,3,139.70163598204735
8,53,1,0,0,0,109.49025530767626
8,56,0,1,0,7,110.2905581739337
8,0,0,1,0,3,120.305010332512
8,1,0,0,1,1,110.40495065833822
8,3,1,0,0,3,108.12640123231438
8,19,0,0,1,0,109.75840106508812
8,20,0,0,1,4,109.74838949496653
8,21,0,0,1,4,109.28187768781618
8,26,0,1,0,0,110.54297295641595
8,30,1,0,0,6,107.8744638236665
8,32,1,0,0,4,108.97041976034185
8,36,1,0,0,2,106.39519036987073
8,37,1,1,0,0,121.3268719534392
8,39,1,0,1,2,124.43736824244655
8,40,1,1,1,3,139.63607759335764
8,41,1,0,0,3,106.35138113126857
8,42,1,1,0,5,127.21751576615728
8,44,1,1,0,4,123.66652601709528
8,45,0,1,0,1,109.65497165365241
8,49,0,0,0,6,94.70562024351419
8,50,1,1,0,5,126.59629105384406
8,56,0,1,1,7,125.41886699138843
8,58,1,1,0,2,124.30596592433447
8,59,1,1,0,5,130.4523504188921
8,1,1,1,0,2,121.43566600232101
8,3,1,0,0,5,106.76253706968117
8,7,1,0,0,3,109.34205824911737
8,8,1,1,1,7,149.6699143338075
8,12,1,1,0,4,123.17000505372076
8,19,1,1,0,0,124.10193120720177
8,22,1,1,1,5,138.35824524696562
8,23,0,1,1,7,124.78584678347812
8,25,1,0,1,4,126.22900685663352
8,26,0,0,1,2,110.27070097407417
8,27,0,1,1,7,127.71777441770031
8,33,0,1,1,3,124.90374239187892
8,36,0,0,1,2,109.26583339600235
8,37,0,1,1,1,125.70184774323751
8,38,0,1,0,0,109.91469441845055
8,39,0,1,0,2,122.40874345624863
8,40,0,0,0,7,100.99721703682839
8,41,1,1,0,6,121.44597697000603
8,46,0,1,1,5,125.10491480437805
8,47,0,1,0,4,110.44551534666644
8,49,1,1,0,7,127.12347077661349
8,50,1,0,1,1,125.85771891533263
8,5,1,0,0,6,120.5134334747639
8,6,1,0,0,7,120.68932222475736
8,9,1,0,0,3,105.43441602942899
8,10,1,0,0,3,114.93680454750758
8,11,1,1,1,7,139.74013751795587
8,12,1,1,0,3,126.7957492122878
8,13,1,1,1,7,138.07403667352355
8,15,1,0,0,2,119.2761748561915
8,22,1,0,0,5,108.58375891989581
8,23,0,0,1,6,109.51213516468226
8,24,1,0,1,4,123.72894960733218
8,26,0,0,1,6,113.55185473373781
8,28,0,1,0,7,112.91222800296458
8,29,1,0,0,1,109.04919266807374
8,30,1,0,0,7,107.45049122652824
8,31,0,0,1,6,111.19914740133517
8,33,1,0,0,7,109.27324342362306
8,37,1,1,0,1,121.41514996746172
8,38,1,1,0,7,133.5693309334794
8,41,0,1,0,4,106.48663782498156
8,44,1,1,0,3,124.00853579770165
8,2,0,1,1,0,124.99806292534518
8,3,0,1,1,4,124.38428764892507
8,5,1,1,1,0,141.7202009966994
8,8,1,1,0,2,128.53875309665156
8,10,1,0,0,2,106.23271310823799
8,13,1,0,0,5,106.72002215965904
8,16,0,1,0,0,112.59169267068737
8,20,1,1,0,0,122.5120147987709
8,22,1,1,0,2,134.25962428903355
8,23,1,0,0,0,109.53364968358616
8,25,0,1,0,2,118.94799157752692
8,30,0,1,0,0,112.23348390260773
8,36,1,0,0,4,106.55832170999851
8,40,1,0,0,3,105.23733183515235
8,41,1,0,1,2,122.5635339229197
8,43,1,0,1,5,124.43199520526167
8,46,0,1,0,6,117.1954965566748
8,48,0,1,0,0,110.45106116724068
8,54,0,0,0,2,111.99408603333019
8,58,0,0,0,1,97.38904814186682
8,1,0,0,0,4,94.33584011371428
8,3,1,0,1,7,134.68795184387628
8,10,0,1,0,1,111.45641265009283
8,20,1,0,0,3,121.47607551368819
8,24,0,0,0,3,107.8514001961177
8,33,1,0,1,6,123.02717685550131
8,34,1,0,1,3,123.61506166683135
8,35,1,1,1,7,139.69983995414503
8,38,1,0,0,4,108.23853938187347
8,44,0,1,0,5,109.29254536247058
8,45,1,1,0,7,125.41392889757475
8,46,1,1,1,6,139.93470083531966
8,47,0,1,1,0,124.50011715571857
8,48,0,1,1,7,125.56282119178894
8,49,1,0,0,4,107.9672390799113
8,2,1,0,0,1,106.74210599214958
8,5,0,0,1,1,109.53320839207434
8,9,0,1,0,7,110.49640643780992
8,10,0,0,1,0,108.84231111534274
8,11,0,0,1,7,121.58210745483831
8,12,0,0,1,3,123.75095250793026
8,13,0,1,1,3,125.91603049421157
8,22,0,0,1,4,107.21874710948677
8,23,0,0,1,0,118.94428294737618
8,32,0,0,1,1,112.63236553330242
8,40,0,1,1,2,120.82368392949604
8,43,0,0,1,4,108.80056049297893
8,45,0,0,1,2,122.32624366687371
8,46,0,1,1,1,126.21705304492032
8,52,0,0,0,2,97.63537663302237
8,56,1,0,0,3,105.8259870805844
8,57,1,1,1,1,140.11483669997628
8,58,1,1,0,5,123.1319581763824
8,59,1,1,1,6,137.51903609378655
8,1,0,1,1,4,125.81287185168136
8,3,0,1,1,3,145.73029051115057
8,9,1,1,0,5,121.69887000123163
8,10,0,1,0,3,123.9367794428455
8,18,0,1,0,2,114.4764579348975
8,20,0,1,1,1,125.01360631851364
8,28,1,1,0,0,123.73852744125483
8,31,1,1,0,7,124.5442071933242
8,45,1,0,1,5,123.35947057808089
8,47,0,0,0,1,93.35488855504308
8,50,1,0,0,5,109.8498759474575
8,51,1,0,1,5,122.99217273144868
8,55,1,0,0,3,109.52099046595976
8,56,1,0,1,1,123.02013245737574
8,2,1,1,0,4,122.14871847256616
8,8,1,0,0,4,105.86491118854374
8,15,0,1,0,6,112.64595976184282
8,20,1,0,0,5,109.07681714345426
8,22,1,0,0,0,109.86591858369614
8,23,1,0,0,5,106.16783636606735
8,24,1,0,0,3,108.65352196368707
8,25,1,0,0,3,110.87290131017397
8,40,0,0,0,0,93.2044742918097
8,42,0,0,0,6,96.69784357958441
8,52,0,0,1,0,110.20668415111231
8,53,0,0,1,3,124.47075950177194
8,6,0,1,0,7,111.04367210947467
8,13,1,1,1,1,138.24354113015227
8,14,1,1,0,5,124.44429196044122
8,15,0,1,1,1,124.66608391690062
8,16,0,1,1,0,125.39655679942683
8,17,0,1,1,0,124.48803576800071
8,18,0,1,1,3,125.32535012166174
8,19,0,1,1,0,122.77964139639482
8,21,0,1,1,2,123.89446313336907
8,23,0,1,0,5,110.048688192901
8,27,1,1,0,5,123.84217880009132
8,28,0,1,1,5,127.45519559611844
8,32,0,1,0,5,109.11899039465632
8,35,1,0,0,2,106.62077523950379
8,36,1,0,0,1,106.64133676982507
8,38,1,0,1,3,136.61622263076205
8,44,0,1,1,0,124.05943482797397
8,45,0,1,1,4,121.54240426139489
8,46,0,1,1,0,124.80753098838653
8,47,0,1,1,6,124.7323839640702
8,48,1,0,1,3,126.74313993757391
8,49,1,0,1,7,125.01496533167601
8,51,0,1,0,7,106.46174119694436
8,52,1,1,0,2,123.4843609943268
8,53,1,1,0,4,122.67357218933938
8,54,1,1,0,3,137.45806865457453
8,55,1,0,1,3,125.9565953954939
8,56,1,0,0,5,110.19590753382414
8,0,0,0,0,7,93.61929861836144
8,1,0,1,1,6,123.9526777268588
8,2,0,1,1,4,123.75386427200588
8,3,0,1,1,6,125.57746881885585
8,4,0,1,1,6,124.88290617182273
8,5,0,1,1,7,124.42546473025916
8,13,1,1,0,3,131.5192490804688
8,18,0,0,0,6,100.7495529543751
8,24,1,0,1,0,124.19170821945161
8,25,1,0,1,6,139.78809242045764
8,26,0,0,1,0,110.5136406163403
8,27,0,0,1,7,110.86464042149878
8,28,1,0,1,4,124.90314864547435
8,36,0,1,1,7,123.26950755994555
8,37,1,1,1,7,138.4618561621504
8,38,0,1,1,4,123.16784741566669
8,39,0,1,1,5,122.67929599696507
8,43,0,0,0,6,98.24398813198098
8,47,0,1,0,6,110.05872513611239
8,57,1,0,1,1,122.78851543813143
8,58,1,0,0,7,106.91467412476656
8,2,0,1,0,2,110.8912165548255
8,19,0,1,0,0,109.10432833248905
8,22,0,1,0,2,113.44855174340347
8,30,0,1,0,7,113.91680615099519
8,32,1,1,0,4,123.49856322649327
8,35,1,1,0,4,121.45253143870865
8,37,0,1,0,0,110.13962450713615
8,47,1,0,0,3,121.05603567522353
8,53,1,1,0,3,125.7343072250185
8,4,0,1,0,6,111.95408293171946
8,11,1,0,0,7,107.91248408846418
8,19,0,0,0,0,96.92033783086787
8,23,0,0,0,5,93.61721835475154
8,29,1,0,1,7,125.94012081195675
8,35,1,1,0,6,121.46879707816895
8,40,1,1,0,5,120.05903835400362
8,46,0,0,1,3,123.37008030704784
8,53,0,1,1,5,125.03079678834398
8,56,1,1,0,4,122.93340573558291
8,59,1,0,0,4,106.79682645540872
8,4,0,0,1,1,108.1764768327733
8,13,1,0,1,0,123.22572137176678
8,14,1,0,1,3,132.99938883432085
8,17,1,0,0,1,110.65244874195021
8,18,1,0,0,6,109.21081327819627
8,23,0,1,0,6,109.97528233769793
8,31,0,1,0,6,111.0280528223179
8,32,1,0,0,2,112.19415848503681
8,33,1,1,0,2,123.3738037168457
8,34,1,1,0,1,123.6364835919158
8,35,1,1,0,3,121.29071713697904
8,36,1,0,0,3,107.78459717846708
8,37,1,0,0,0,106.56006214816156
8,44,0,0,0,4,95.52383400455942
8,50,0,0,0,5,95.14055959852386
8,52,1,0,1,4,124.14350763719459
8,53,1,0,1,3,122.07006899215396
8,54,1,0,0,0,106.88496585989566
8,56,1,0,0,2,108.81098927716042
8,57,1,1,0,0,124.43451161437396
8,58,1,1,0,6,125.60303677193457
8,0,1,0,1,2,123.16078521189064
8,1,1,1,1,7,147.6315471115621
8,2,1,1,1,7,142.0094571929868
8,8,1,1,0,4,120.51967114778714
8,10,1,1,0,0,121.13367858266757
8,17,0,1,0,1,112.29406060239873
8,19,0,1,1,3,135.70558771597806
8,27,1,0,0,5,109.23219237143269
8,39,1,1,0,6,122.31920140828915
8,42,1,0,1,0,122.50729389897116
8,44,1,0,1,4,122.1442255741631
8,46,0,1,1,7,135.57957571727408
8,49,0,1,0,2,112.88120881190638
8,51,0,1,0,3,125.95840401708547
8,57,1,1,0,7,124.94991980029573
8,0,0,0,1,7,109.42407441847296
8,6,1,0,1,6,122.78006722726568
8,11,1,1,0,3,135.2972786739428
8,12,1,0,0,7,122.94507389250089
8,13,0,1,0,3,121.56691354500602
8,18,0,1,0,3,122.63100857057732
8,31,0,0,1,2,111.91029939553701
8,34,1,0,1,4,123.12468878036893
8,48,0,1,1,6,124.99711730077615
8,49,0,1,1,3,135.80809142682816
8,53,0,1,0,6,111.63561468608025
8,56,1,0,1,0,122.58343042701243
8,57,1,0,1,6,122.69828414931855
8,58,1,1,1,1,140.95161906433745
8,59,1,1,1,1,137.93445343997058
8,0,1,1,0,1,122.20661665662084
8,1,1,1,1,0,138.87162286636274
8,3,1,1,0,1,122.80476311975141
8,4,1,1,0,0,123.34165892028739
8,5,1,1,0,6,121.98788163343548
8,6,1,1,0,3,121.70072835821603
8,9,1,1,0,0,120.97381095746958
8,10,1,1,0,5,120.6292079241933
8,11,0,1,0,0,111.1633922399905
8,13,0,1,0,1,115.17481381155912
8,15,0,1,0,7,115.39335755312504
8,18,1,0,1,1,124.91821251508733
8,19,1,0,0,4,107.97244076378706
8,20,1,0,0,6,109.99005731347066
8,22,1,0,0,7,110.92604427361334
8,26,1,1,0,3,123.68492443412111
8,27,1,1,0,1,123.75533885942214
8,32,1,0,0,0,110.36028538177708
8,37,1,1,0,6,120.81610176270436
8,44,1,0,1,2,121.85292979457287
8,45,1,0,1,0,123.70419928896116
8,46,1,0,1,1,122.59176069380334
8,51,1,0,0,2,108.409344604412
8,54,0,0,1,6,109.87173935278685
8,55,1,0,1,1,124.59991006741487
8,57,1,0,0,2,106.81829344981372
8,58,1,0,0,1,115.73440186332229
8,0,1,0,0,0,107.01460501861642
8,2,1,0,0,3,106.66403609604686
8,3,1,0,0,2,106.89838359565758
8,4,1,0,0,4,106.54079375021266
8,7,1,1,1,0,137.90054839197597
8,15,0,1,0,5,114.07997692763176
8,16,0,1,1,7,136.17419432209306
8,23,0,0,0,1,97.5574195363251
8,25,0,0,1,5,110.2043564178294
8,26,1,0,0,6,107.9437615124165
8,45,1,0,0,3,110.24519389942745
8,46,1,0,0,1,107.8409515123618
8,47,1,0,1,2,123.00002419953029
8,48,1,1,1,0,138.70503629132156
8,49,1,1,1,2,139.49745269751824
8,50,1,1,1,5,141.9893045624077
8,51,1,1,0,0,122.32896125136888
8,52,1,1,0,6,124.60311789852439
8,57,0,0,1,2,122.1180268258908
8,1,0,0,1,4,108.41118281384733
8,2,1,0,1,4,122.85018602421728
8,5,1,1,1,4,137.4958211988669
8,7,0,1,1,0,122.90919283622846
8,8,0,1,1,4,124.08991411790078
8,9,0,1,1,6,122.69877096177112
8,11,0,0,1,3,108.15016453786576
8,23,0,1,1,4,123.31775653418957
8,24,0,1,1,4,126.25009109045139
8,26,0,1,1,6,125.0616527867123
8,27,1,1,1,6,141.02892119431277
8,28,0,0,1,1,118.65255825092505
8,39,1,1,0,4,121.98647878863142
8,43,0,1,1,6,124.61206212307235
8,44,1,1,1,5,138.4154426801512
8,50,0,0,1,7,111.11995194956864
8,51,0,0,1,0,108.47529591713659
8,52,0,0,1,5,109.32738087204626
8,58,1,1,0,0,123.54926333187555
8,59,1,1,0,0,121.39805638551755
8,6,1,1,0,5,120.84548177189555
8,14,0,1,0,3,124.00454302856849
8,16,0,0,0,4,94.75016892667307
8,18,0,0,1,4,108.36172569254643
8,20,0,1,0,4,110.72698314095007
8,25,0,0,0,3,99.66691812144558
8,27,0,1,1,3,136.20986659238542
8,29,1,0,0,0,108.94567393963159
8,31,1,0,0,6,109.42205749954549
8,37,0,0,1,5,107.1918694036137
8,42,1,0,0,3,105.64353516060778
8,47,0,1,1,1,134.21500085338877
8,58,1,0,1,3,123.6021983664604
8,3,1,1,1,7,139.87839399572482
8,5,0,0,0,1,94.46186861985944
8,8,1,0,0,5,105.66749700675433
8,9,0,0,1,2,109.89753908609629
8,12,1,0,1,1,125.70684128020373
8,23,1,1,0,4,124.8571900031629
8,25,0,0,0,5,97.47535096142205
8,31,0,0,1,5,109.96660166142496
8,38,1,0,1,1,124.97119423942426
8,41,1,1,0,7,121.37338048863215
8,42,0,1,1,1,123.0854458818739
8,49,1,1,0,0,123.9479608336021
8,51,1,1,0,5,122.27768479152118
8,52,1,1,1,3,140.98481554167353
8,53,1,1,0,0,123.26720102041867
8,54,1,1,0,1,124.70284692232275
8,55,1,1,1,5,151.73277119235206
8,2,0,0,1,7,108.87412831714269
8,5,0,0,1,7,107.20933958491989
8,7,1,0,0,0,106.78184570269562
8,8,1,0,0,2,105.52501650808827
8,9,1,0,0,0,106.68768534418527
8,10,1,0,0,6,109.48399980966092
8,16,1,0,1,7,124.53927883119033
8,23,1,0,0,6,112.59182820739868
8,34,0,1,1,5,123.39123536946934
8,40,0,1,0,1,107.01490148947349
8,45,1,1,0,2,124.33357396129631
8,47,0,0,1,5,108.98367597794983
8,1,1,0,1,6,122.04757464257446
8,3,1,0,1,4,122.0183163878934
8,4,0,0,1,4,107.19760599768618
8,10,1,0,0,0,106.99448940944045
8,21,0,0,0,5,95.50889247360881
8,22,0,0,0,1,98.86178357593576
8,24,0,0,1,6,110.44671491966048
8,28,0,0,0,4,101.14005746225243
8,30,1,0,0,0,108.0649194654769
8,34,1,1,0,4,123.30607154962891
8,35,0,1,0,4,108.66163394697259
8,42,0,1,0,0,110.32930528692023
8,51,0,1,1,7,124.46458226005959
8,54,0,0,0,5,96.47192898557348
8,57,0,0,1,4,107.37351146713654
8,0,1,1,1,4,139.22658642818905
8,3,1,1,0,3,130.0798197747183
8,5,1,0,0,1,108.51037058918644
8,9,0,0,0,0,94.75555162918364
8,20,0,0,1,7,108.34677820074099
8,30,1,0,1,3,125.46805050058641
8,36,1,0,1,7,122.63547345869775
8,38,1,1,0,1,123.32472313410408
8,45,1,1,0,3,124.00770389536851
8,47,1,0,0,6,107.81556360996218
8,48,1,1,0,0,124.41110382642154
8,49,1,1,0,3,137.71549143589925
8,51,0,0,0,4,94.64183852822929
8,53,1,0,0,2,108.89895678653703
8,55,0,1,0,6,112.04184654722322
8,6,0,0,1,2,108.90671680130019
8,7,0,1,1,3,125.54407644323692
8,12,0,1,0,0,110.95379273863843
8,14,0,1,0,1,115.99367815960255
8,25,1,1,0,0,124.47037768139148
8,31,1,0,0,7,111.11783455989932
8,32,1,1,0,1,123.23587960595691
8,33,1,1,1,3,149.38065178571694
8,35,1,0,0,6,106.52154349904399
8,48,0,0,0,5,94.78506601653852
8,49,1,0,1,1,124.2704254958194
8,54,0,1,0,7,129.6418041019074
8,11,0,0,1,6,110.42495874058217
8,12,0,1,1,1,124.61352791225497
8,23,0,1,1,2,124.51770483373274
8,24,0,0,1,3,121.52340101747133
8,34,0,1,1,2,125.01232673606106
8,36,0,1,1,0,123.28041531745762
8,38,0,0,1,7,107.63115244268283
8,39,0,0,1,1,109.50400923761269
8,40,0,0,0,1,94.92360121470381
8,44,1,1,0,5,122.51047244594292
8,48,0,1,1,3,138.33222662037477
8,13,0,1,0,0,113.09565476816633
8,15,1,0,0,3,108.11328483045136
8,17,1,0,1,5,123.53114350383261
8,22,1,1,0,4,123.01892910074291
8,23,0,1,0,4,110.0824788390076
8,25,1,1,0,2,125.2937520919704
8,37,1,0,1,2,132.80872747921967
8,43,1,1,0,0,121.63705541667605
8,51,0,0,1,1,123.4799773530445
8,57,0,0,0,5,96.19521253598113
8,59,0,0,0,0,96.22750214924683
8,18,1,0,0,0,109.93829541092875
8,19,1,0,0,3,113.68977396685372
8,30,0,0,1,1,110.4143938743471
8,43,1,0,0,7,106.13010705807106
8,52,0,0,0,7,100.31852047441731
8,0,0,0,1,6,106.36863960373084
8,2,1,0,1,7,122.89475014119225
8,14,0,1,1,2,126.3766269118114
8,30,1,0,0,5,107.16687619988342
8,31,0,0,1,1,109.97915997731629
8,35,0,1,1,6,122.86206779561329
8,38,0,0,1,6,107.97711050567902
8,39,0,1,1,4,119.63164443128221
8,40,1,1,1,6,136.2811698290925
8,41,1,0,1,4,122.38666648515817
8,42,0,0,1,3,107.10416264734454
8,43,0,0,1,7,110.81771097974331
8,52,1,1,0,3,139.49887698596928
8,11,0,1,1,3,127.49464259815915
8,12,0,1,0,7,111.85977171743212
8,14,0,1,1,7,129.175476354469
8,15,0,0,1,0,108.54190400019505
8,16,0,0,1,2,120.58130574197709
8,17,0,1,1,5,128.55728533013257
8,18,0,1,1,4,123.93416106304555
8,21,0,1,1,6,127.67109014392238
8,22,1,0,1,7,126.67230171634277
8,26,1,0,0,2,107.50543598852256
8,31,0,0,0,1,99.61935768588081
8,36,0,1,0,6,109.27303126516782
8,50,0,0,1,0,109.30729064164237
8,51,0,0,1,3,112.61344027233608
8,58,1,1,0,1,123.52323674161549
8,59,1,1,0,3,122.37103803725574
8,0,1,0,1,3,123.34962196322438
8,2,1,1,0,0,122.60068765418058
8,3,1,1,0,4,122.95449594562578
8,6,0,1,0,4,107.32170722363915
8,18,0,1,0,6,111.98599416022205
8,23,1,1,0,7,123.52727852839404
8,25,1,1,0,3,124.99170785773173
8,26,1,0,0,0,108.05252228695107
8,37,0,0,1,0,111.2114602991741
8,41,0,0,1,0,105.73972093934483
8,43,0,0,1,1,109.41411230852107
8,55,0,1,1,6,122.46371490442957
8,56,1,1,1,3,140.11482129279105
8,57,1,0,1,7,122.96803530854902
8,58,0,0,1,6,111.32009370214658
8,59,1,1,1,7,137.30499204571842
8,1,0,1,0,2,111.63672704989143
8,2,0,0,0,4,95.91559467972397
8,7,1,1,1,1,137.78271719797814
8,8,1,1,0,3,120.29443870632024
8,9,1,0,0,2,105.67142968673446
8,10,1,1,0,1,124.49912005344999
8,11,1,1,0,6,123.9857154194273
8,17,0,0,1,0,111.17089368689524
8,22,0,0,0,5,96.63733455950604
8,35,0,1,0,5,107.52136718414847
8,37,0,0,1,1,108.16360837592194
8,39,1,0,0,2,104.48775752755685
8,51,1,1,0,3,133.77985307342988
8,52,1,0,1,3,122.74349862232376
8,53,1,1,0,5,125.3495004104426
8,2,0,0,1,5,108.64837391298605
8,11,1,1,0,1,123.86380695286172
8,12,1,1,1,5,139.97697040750927
8,19,1,0,0,6,109.60110775489163
8,21,0,0,0,2,105.61393192083091
8,30,0,0,1,2,110.3796889283748
8,31,0,0,1,4,109.22593298742007
8,32,0,0,1,0,111.45142823509919
8,33,0,0,1,2,110.77249480380884
8,36,0,0,1,3,126.04072971160528
8,41,1,1,1,3,137.8280854560888
8,43,1,1,1,0,139.51548900823397
8,44,1,1,1,3,138.1588261367566
8,55,1,1,0,3,133.84459340082125
8,57,1,0,0,6,106.64160560534073
8,0,1,1,0,3,123.61797436730312
8,7,0,1,0,6,111.1334192302935
8,16,1,1,0,7,123.51714033410428
8,20,1,1,0,3,136.0322912736818
8,23,1,1,0,3,138.17380381346175
8,25,1,1,0,6,125.25350884342654
8,26,1,0,0,3,124.25794609347396
8,27,1,0,0,7,118.20843679976683
8,29,0,1,1,1,127.13019176261164
8,33,0,0,1,1,109.33869672055383
8,52,0,1,0,7,124.92104530657453
8,58,1,0,0,6,107.33198610643814
8,1,0,0,1,3,122.66188558935303
8,4,0,1,1,0,122.72954187738918
8,9,1,1,0,6,123.00396228941693
8,20,1,1,0,4,122.76323665024816
8,25,0,1,0,0,112.34781341711584
8,43,0,0,0,2,96.27824992606214
8,45,1,1,1,5,139.87618563389782
8,46,0,1,1,6,124.00692445275496
8,47,1,0,1,4,124.57527436687278
8,50,0,0,1,1,111.0293187914235
8,53,1,0,1,0,121.38819832085409
8,54,1,0,1,3,123.10630354837333
8,55,1,0,0,4,108.73643529221678
8,15,1,0,0,6,107.91785247351125
8,21,1,0,1,7,126.55257638727288
8,22,1,0,0,6,109.53718073576033
8,24,1,1,0,1,125.74499902171392
8,25,1,1,0,5,125.75929602952
8,27,0,1,0,7,114.1270569581454
8,29,1,1,1,4,139.75053484283623
8,35,1,0,0,0,107.00710188531146
8,37,1,0,1,1,122.5534859877722
8,38,1,0,1,0,124.80707340342437
8,39,1,0,1,7,130.41423695756652
8,40,0,1,0,0,107.41569396277319
8,46,0,1,1,3,126.24319333146835
8,48,1,1,0,6,125.73763489158408
8,8,0,1,0,1,111.52235200218388
8,10,0,1,0,7,115.31956662365816
8,12,0,1,1,5,125.29382502690882
8,15,0,1,1,7,127.65697707875398
8,41,0,1,0,0,108.19062688871352
7,44,0,1,0,1,118.61219077732382
7,45,0,1,0,3,124.42034117337393
7,46,0,1,1,7,131.42267815251736
7,47,1,0,0,5,115.20965267342515
7,48,0,0,0,3,109.86925760193043
7,49,0,0,0,1,103.89155809880052
7,50,0,0,0,6,103.33423788639249
7,51,0,0,0,6,103.54987694557308
7,52,0,0,0,0,105.65926670263069
7,53,0,0,0,5,107.39166475066087
7,54,0,0,1,5,120.76635296252232
7,55,0,0,0,5,104.70369802100385
7,56,1,0,0,5,121.26290068502054
7,57,0,0,0,7,103.55495218491544
7,58,0,1,0,6,123.47450792730865
7,59,1,0,0,4,116.33496679128723
7,0,0,0,0,4,101.03970488469456
7,1,0,0,0,6,100.7299465590244
7,2,1,0,0,7,118.32432876227122
7,3,0,0,0,4,103.34450159696965
7,4,0,0,0,5,100.29680361878943
7,5,0,0,0,5,101.7999879475253
7,6,0,0,0,7,102.12206678843417
7,7,1,1,0,3,133.47608418993627
7,8,1,0,0,1,117.44931192198867
7,9,1,0,0,3,117.24210114596679
7,10,1,0,0,3,116.72106860521343
7,11,1,0,0,7,115.35144796211856
7,12,1,0,0,5,117.59545119857776
7,13,1,0,1,7,138.76365376602882
7,14,0,1,1,4,135.28798682149076
7,15,0,1,1,0,128.71125941107255
7,16,0,1,1,0,127.10254098783442
7,17,0,1,1,1,134.67145072966585
7,18,0,1,0,7,121.75734821835414
7,19,0,0,0,5,106.18433877908156
7,20,1,0,1,1,134.88328563495088
7,21,1,0,0,4,121.32555586901246
7,22,1,0,0,1,121.27954218238567
7,23,1,0,0,3,122.64151998799646
7,24,1,1,1,6,114.8078453247807
7,25,1,0,1,6,120.47911065938217
7,26,0,1,1,7,134.49862042659365
7,27,1,0,0,3,123.56126891128632
7,28,1,1,1,4,132.4769409500691
7,29,0,1,1,2,132.84651288478443
7,30,0,1,1,6,130.49234363889647
7,31,0,1,1,1,133.43848682607603
7,32,0,1,0,6,118.01110305551202
7,33,0,0,0,1,101.37007634137942
7,34,0,0,0,5,102.03062780181799
7,35,0,0,0,0,104.60357492271648
7,36,0,0,0,6,104.3558869662457
7,37,0,1,0,5,120.14813112516761
7,38,0,1,0,6,119.1629577213389
7,39,0,0,0,1,103.18233581024757
7,40,0,0,0,6,101.37172334644006
7,41,0,0,0,2,102.56602857480978
7,42,0,1,0,4,116.92817567379186
7,43,0,1,0,6,117.14024114705083
7,44,1,1,0,2,135.55846977832834
7,45,1,1,0,3,141.690935716851
7,46,1,1,0,5,133.34192963816363
7,47,0,1,1,5,133.81704212165604
7,48,0,1,0,1,117.0509557823619
7,49,0,1,0,4,118.90974492773923
7,50,0,1,0,6,119.98211536216222
7,51,0,0,0,3,109.90523743387922
7,52,0,0,0,3,105.63923647397182
7,53,0,0,0,4,103.6572409730533
7,54,0,0,0,2,105.19095683756036
7,55,0,1,0,2,120.38341999237134
7,56,0,0,0,4,102.42287522680664
7,57,0,0,0,4,103.16081829782387
7,58,1,0,0,0,120.43707236987795
7,59,1,0,0,1,121.59936512155834
7,0,1,0,0,4,116.51432518265031
7,1,0,0,0,1,102.18568954867887
7,2,0,0,0,1,104.38701741466066
7,3,0,0,0,0,102.59386229309816
7,4,0,0,0,3,108.63942463606064
7,5,0,1,0,7,117.09327816753509
7,6,0,0,0,5,100.90960010261632
7,7,0,0,0,4,100.07383683844938
7,8,0,0,0,4,102.01066585885184
7,9,0,0,0,5,102.30473856118682
7,10,0,0,1,4,116.6056212070883
7,11,0,0,1,3,121.1536043232341
7,12,0,0,0,2,102.28339552835541
7,13,0,0,0,5,102.74291867148763
7,14,0,0,0,4,103.37810721700308
7,15,0,0,0,7,105.03151951199574
7,16,0,1,0,0,122.74511945795736
7,17,0,1,0,1,122.55706986739533
7,18,0,1,0,0,121.54391696135664
7,19,0,1,0,0,119.81860334526259
7,20,0,1,0,4,116.62688001400811
7,21,0,1,0,3,119.54536877683417
7,22,0,1,0,0,118.05821220147836
7,23,0,1,0,7,123.45813298279711
7,24,0,1,1,7,131.79872261526123
7,25,0,1,1,0,132.61724229593688
7,26,0,1,1,0,134.73007131509166
7,27,0,1,1,2,136.21356583155938
7,28,0,0,1,7,119.65706377421279
7,29,0,0,1,1,121.28692149435803
7,30,0,0,0,2,103.77181376312066
7,31,0,0,0,1,103.16333752920904
7,32,0,0,0,7,108.41409300724388
7,33,0,0,0,4,100.60128171034441
7,34,0,0,0,7,101.95791276205948
7,35,0,0,0,5,105.09492426698166
7,37,0,1,0,2,118.7036621009982
7,38,0,0,0,4,103.63848849929403
7,39,0,0,0,2,104.17676544059489
7,40,0,1,0,3,120.21814515782214
7,41,0,1,0,7,119.97888923510541
7,42,0,0,0,4,101.02343107496897
7,43,1,0,0,3,118.52798960018734
7,44,1,0,0,3,122.76616293335546
7,45,1,0,0,5,118.7693919387229
7,46,0,0,1,3,126.28552035711564
7,47,0,0,1,1,119.92968420380393
7,48,0,0,0,7,102.17708161743113
7,49,0,0,0,7,102.1968136396745
7,50,0,0,0,4,102.4193372955211
7,52,0,0,0,7,105.99933655943033
7,53,0,0,0,7,108.21547358842226
7,54,0,0,1,1,121.76925142107322
7,55,0,0,0,2,104.0536265287005
7,56,0,1,0,3,118.29751215677402
7,57,0,1,0,3,122.9725394879544
7,58,0,1,1,0,131.60186453659455
7,59,0,1,1,0,135.7260639012258
7,0,0,1,1,0,136.10451504941187
7,1,0,1,1,0,135.97473447104153
7,2,0,1,1,3,136.346298721957
7,3,0,1,0,7,120.87642617908547
7,4,0,1,0,6,118.70396814047834
7,5,0,1,0,5,119.9547919538325
7,6,0,1,0,5,117.73107370809484
7,7,0,1,0,5,117.08825316974875
7,8,0,1,0,3,116.73448872807586
7,9,0,1,0,6,118.28113210680922
7,10,1,0,0,4,117.34727348904751
7,11,0,0,0,4,101.8891044503918
7,12,0,0,0,6,101.70079785095191
7,13,0,0,0,6,102.75445881802555
7,14,0,1,0,7,119.89096577496369
7,15,0,0,0,5,105.48283990108986
7,16,0,0,0,0,104.8134502944083
7,17,0,0,0,5,108.92779939061971
7,18,0,0,0,1,106.44023612454446
7,19,0,0,0,2,107.18856803079282
7,20,0,1,0,5,119.20664067508177
7,21,0,1,0,6,119.26006633150051
7,22,0,0,0,4,103.65760270099338
7,23,1,0,0,6,120.89831409856998
7,24,0,0,0,3,104.64304180063156
7,25,0,0,0,5,104.45168638527278
7,26,0,0,0,2,105.31776385452412
7,27,0,0,0,0,104.15979836890456
7,28,0,0,0,4,104.95171617704938
7,29,0,0,0,4,102.02476582182632
7,30,1,0,0,6,114.21012718717219
7,31,0,1,0,6,115.73593344921035
7,32,0,1,0,7,118.08850790870757
7,35,0,0,0,1,105.53587670465319
7,36,0,0,0,3,104.49767163072846
7,39,0,0,0,5,101.99671260246396
7,40,0,0,0,5,101.94338959202796
7,41,0,0,0,4,100.81149783114935
7,42,1,0,0,7,115.38027243005693
7,43,0,0,0,0,103.1348718369895
7,44,0,0,0,6,103.17980341800197
7,45,0,0,0,4,102.078255712023
7,46,1,0,0,0,114.98780216914672
7,47,1,0,0,6,116.34293255981007
7,48,0,0,0,0,103.10237040198804
7,50,0,1,0,1,119.51141713101266
7,51,0,1,0,1,119.54778535579985
7,52,0,1,0,1,120.50214575686651
7,53,0,1,1,0,134.6816757134194
7,54,0,1,1,5,137.6285637342972
7,55,0,1,1,0,130.1730016088902
7,56,0,1,1,1,133.2770353623134
7,57,0,1,0,2,120.29712711425779
7,58,0,1,0,1,123.29980852222637
7,59,0,1,0,6,121.2194908733404
7,0,0,0,0,7,102.29873409375533
7,1,0,0,0,7,101.52752166524854
7,2,0,0,0,4,102.60458448506472
7,4,0,0,0,7,100.91906729498412
7,5,0,0,0,2,100.76786654983981
7,6,0,1,0,0,117.7388307283615
7,8,0,1,0,4,114.49836411766553
7,9,0,1,0,3,120.99874857425964
7,10,0,1,1,7,134.82153536764534
7,12,0,0,0,3,102.47278561766933
7,13,0,1,0,0,119.23252664214145
7,14,0,1,0,4,119.72120037621025
7,15,0,1,0,4,119.77951708391409
7,16,1,1,0,3,137.87539504671003
7,17,1,0,0,5,121.46239203492465
7,18,0,0,0,2,107.6777655241842
7,19,0,1,0,1,122.71733415500228
7,21,0,1,0,4,119.19810936033363
7,22,0,1,0,3,127.32187522873164
7,24,0,0,0,6,104.18533540839162
7,25,0,0,0,7,105.59249191171186
7,26,1,0,0,7,128.43750789559695
7,27,0,0,0,1,104.59197872533375
7,28,0,0,1,6,119.71740139702192
7,29,0,1,1,1,133.65101228776663
7,30,0,1,0,0,116.55167837316183
7,31,0,1,0,7,115.00566468674504
7,32,1,1,0,5,133.39218810210002
7,33,0,1,1,0,132.82257403524127
7,34,0,1,1,0,132.43569788838258
7,35,0,1,1,2,135.46699277217908
7,36,0,1,1,2,134.136887425669
7,37,0,0,1,6,118.9781939046807
7,38,0,0,1,0,117.65349550092952
7,39,0,0,1,1,118.28874576739057
7,41,0,0,0,6,102.7233245954857
7,42,0,1,0,6,118.99386399135327
7,43,0,1,0,5,116.11224555054704
7,44,0,1,0,3,118.71118070148235
7,45,0,0,0,1,103.98847463166572
7,46,0,0,0,2,104.57769198437526
7,47,0,0,0,7,102.7148345622134
7,48,1,0,1,4,117.3170625079187
7,49,0,0,1,4,116.48743634944633
7,50,0,0,1,4,116.07282445770753
7,51,0,0,1,7,121.70237931117609
7,52,0,0,0,4,105.98782647291917
7,53,1,0,0,3,122.40211928700911
7,54,1,1,0,4,133.67945980565966
7,55,0,1,0,3,120.10876680555035
7,56,0,1,0,0,118.66706370340331
7,58,0,0,0,6,103.25995904140065
7,59,0,0,0,2,109.40522723297671
7,0,0,1,0,1,120.299889283504
7,1,0,1,0,3,118.6772317517115
7,3,0,0,0,3,103.43211189147164
7,4,0,1,1,0,133.3641453107636
7,5,0,1,1,4,132.6421682533119
7,6,0,1,1,5,136.1099471799144
7,7,0,1,0,0,116.84137695776802
7,9,0,1,0,4,115.88222015710424
7,10,0,1,0,1,119.91332626387566
7,11,0,1,1,0,134.8254522804457
7,12,0,1,1,0,135.36977866224822
7,13,0,1,1,0,135.899543905561
7,14,0,1,1,0,132.5126125950771
7,15,0,1,1,7,134.27916210045905
7,16,0,0,0,7,104.99029868594265
7,17,0,1,0,5,120.90194150015103
7,19,0,0,0,3,110.51221535297924
7,20,0,0,0,4,103.60636142568525
7,21,0,0,0,7,106.02309967840688
7,22,1,0,1,2,126.63118355541843
7,23,1,1,1,3,132.35435155762733
7,24,1,1,0,6,132.6771186343442
7,25,0,1,0,3,119.20365726347822
7,26,0,0,0,0,103.54346612409012
7,27,0,0,0,7,103.9455110141774
7,28,1,0,0,7,119.27121806562495
7,29,0,1,0,2,117.80422846168591
7,30,0,0,0,3,109.7621173165987
7,31,0,1,0,0,115.86002880561199
7,32,0,1,0,3,117.81668852474384
7,33,0,0,0,7,103.05634490546295
7,34,0,1,0,5,116.02480580057228
7,35,0,1,0,0,117.17837115669774
7,36,0,1,0,7,117.32555185831077
7,37,1,0,0,6,118.81601529699113
7,38,1,1,0,4,132.80579918145713
7,39,0,1,0,0,115.52672646228189
7,40,0,1,0,5,115.40322899276336
7,41,1,1,0,2,128.97591532484
7,42,1,0,0,5,115.467244365197
7,43,0,0,0,6,104.080262486599
7,44,1,1,0,5,134.73199695191565
7,45,0,1,1,2,136.56131452570702
7,46,0,0,1,5,116.31859483154979
7,47,1,0,0,0,116.32835499376924
7,48,1,0,0,2,119.25472335022225
7,49,1,0,0,4,118.526017287318
7,50,0,0,0,1,102.96816950502524
7,51,0,0,0,7,104.11056907745551
7,53,0,1,0,4,115.42917155553114
7,54,0,1,0,0,119.26732759899618
7,55,0,1,0,6,118.6470151971828
7,58,0,0,0,0,103.6525733139546
7,59,0,0,0,5,100.82493861888042
7,0,0,0,0,3,102.18397491868143
7,1,0,0,0,4,101.92692600285466
7,2,0,0,0,6,102.63836775041305
7,3,0,1,0,6,121.4712362143169
7,6,0,0,0,0,100.04976663248684
7,7,0,0,0,6,99.17215610920198
7,8,0,1,0,1,116.82837655161674
7,10,0,0,0,1,103.66578077643663
7,11,0,0,0,1,103.36813833104405
7,13,1,0,0,6,118.33955863469316
7,14,0,0,0,2,104.02265767219886
7,15,0,1,0,7,122.73628354993431
7,16,1,0,0,4,118.15367247470445
7,18,0,0,0,4,104.28639619494118
7,20,0,0,0,3,107.87930120483942
7,21,0,1,0,0,118.79560396986581
7,22,0,1,0,4,115.59577495731507
7,24,0,1,0,3,118.85076518504289
7,25,0,0,1,2,121.58779472304032
7,26,0,1,1,3,134.54340488025724
7,27,0,1,0,4,114.14239521979215
7,28,1,1,0,2,132.75979335600448
7,29,1,0,0,2,116.96660762474741
7,30,1,0,0,0,113.9986452463098
7,31,1,0,0,2,116.5539018404942
7,32,1,1,0,2,135.91009022701297
7,33,1,1,0,4,133.82327754675705
7,34,1,1,0,6,132.24613952128624
7,35,0,0,0,3,106.57587554426773
7,36,0,1,0,2,117.21594222194513
7,37,0,0,0,0,102.22415424296304
7,38,0,0,0,5,101.30329160602894
7,39,0,0,0,0,102.63981673655414
7,41,0,0,1,3,117.39183024033176
7,42,0,0,1,2,116.54571483986696
7,43,0,0,1,7,122.156270547814
7,44,0,1,0,4,116.34614080775458
7,45,0,1,0,7,119.66811405648285
7,47,0,0,0,2,103.24003383340687
7,48,0,1,0,0,117.1724694306039
7,49,0,1,0,3,118.44463691690957
7,51,1,0,0,6,119.7584854583803
7,52,0,1,0,0,120.33307771162397
7,53,0,1,0,0,118.04187081736455
7,54,0,1,0,6,118.50464412039773
7,55,1,0,0,6,121.28431257907268
7,56,0,0,0,6,101.80673390569989
7,57,1,0,0,7,121.9745972221413
7,59,0,1,0,2,123.83312941509733
7,0,0,1,0,2,118.9178096720924
7,1,0,1,0,2,119.2843430947323
7,4,0,1,0,5,118.008586211665
7,5,0,1,1,1,136.4158189802274
7,6,0,1,1,6,135.94878866443958
7,7,1,0,1,5,127.69573116603519
7,8,1,0,0,6,116.91552833234638
7,10,0,1,0,5,118.2694264102744
7,11,1,1,0,4,131.5274807315442
7,12,0,1,0,0,118.6379968630207
7,13,0,1,0,6,119.61272415867964
7,14,0,0,0,7,103.45994343237703
7,15,0,1,1,5,135.58654841467376
7,16,0,1,0,5,121.75775089366233
7,17,1,1,0,5,135.4703889948477
7,18,0,1,0,5,121.37665306213077
7,19,1,1,0,3,147.6348990948239
7,20,1,1,0,5,136.87823560729527
7,21,1,1,0,0,133.34184729210955
7,22,1,1,0,2,138.71424414109083
7,23,1,1,0,7,133.7726500895791
7,24,0,0,0,4,104.14725001946651
7,25,0,0,0,6,105.19175327132216
7,26,0,1,0,2,121.63061012293643
7,28,0,0,0,7,116.56945850155037
7,31,0,0,1,3,127.8328970150557
7,33,0,0,0,0,101.0248928436315
7,34,0,0,0,4,102.11799331034196
7,35,1,0,0,7,121.44294102505022
7,36,0,1,0,3,121.92053993464359
7,37,0,0,0,7,106.14270545473845
7,38,0,1,0,2,121.53993068871738
7,39,0,0,0,6,103.28210740476098
7,40,0,0,0,4,103.35027593555184
7,41,0,0,0,7,103.06480248811954
7,43,0,1,0,4,116.57858097350368
7,44,0,1,0,5,118.72184041391118
7,45,0,1,1,1,136.43509209562976
7,46,0,1,0,1,116.9652691963191
7,47,0,1,0,1,117.38267814499267
7,49,0,1,0,2,118.277377339082
7,50,0,0,0,7,102.12469349876868
7,51,1,0,0,3,119.48894825978293
7,52,1,1,0,6,135.98538185791742
7,53,0,1,0,6,120.70908298659492
7,54,1,1,0,5,133.7447795190026
7,55,0,1,0,7,126.29397506560406
7,56,0,1,0,6,117.96518155090637
7,57,0,0,0,1,103.12605630921573
7,0,1,0,0,0,116.44557827387305
7,1,1,0,0,0,117.47355017194447
7,2,1,0,0,4,118.66487512471684
7,4,1,0,0,5,117.81090535762166
7,5,0,0,1,3,118.37412667576874
7,8,0,1,0,2,116.90976732911133
7,9,0,1,0,5,118.61613227090464
7,10,0,1,0,2,120.11080694462683
7,11,0,0,0,0,102.94297469876636
7,12,0,0,0,7,102.26927665528785
7,13,0,1,1,1,135.79286340167812
7,15,0,1,0,0,121.54156415197774
7,16,0,1,0,3,123.32085704741827
7,17,0,0,1,7,122.61721419448283
7,18,0,1,1,6,138.08252429526226
7,19,0,0,1,3,118.45600208312975
7,20,0,0,1,4,120.08386778046676
7,21,0,0,1,3,124.33134920933118
7,22,0,0,1,0,117.35152736833838
7,23,0,0,1,2,118.28667879092241
7,24,0,1,1,0,133.58616599446768
7,25,0,1,1,6,135.99842947430983
7,26,1,1,1,6,131.74530202658968
7,27,0,0,1,4,117.25717621108066
7,28,0,0,1,1,120.01278287589484
7,29,0,0,0,5,103.74226949186479
7,31,0,1,0,5,115.383714414054
7,32,0,1,1,2,133.8984929413491
7,33,0,1,1,6,137.05743127948108
7,34,0,1,1,2,132.19176221482513
7,35,0,0,1,7,120.60959155739029
7,37,0,0,0,6,105.1793600216184
7,39,0,1,0,2,119.45943724050032
7,42,0,0,0,7,101.02110015281569
7,43,0,0,0,1,103.33756173583444
7,44,0,0,0,5,103.28326410793018
7,45,0,0,1,0,119.22276770238437
7,47,0,0,0,3,106.04150050178491
7,48,0,1,0,7,116.21403200769137
7,49,0,0,0,6,102.40688631994225
7,50,0,1,0,5,120.0496369238715
7,51,0,1,0,2,119.6987021980871
7,52,0,1,0,2,119.62344313695075
7,53,0,1,0,5,122.53736108489471
7,54,1,1,1,7,155.08647241969504
7,55,0,0,1,6,118.77889767146874
7,56,0,0,1,5,121.2536356582219
7,57,0,0,0,6,103.13598881018387
7,58,1,1,0,2,138.53056171362616
7,59,1,0,0,0,120.24676914200491
7,1,1,0,0,4,118.0266425009809
7,4,0,0,0,6,102.6209813759045
7,5,0,0,0,1,101.95009911688433
7,6,0,0,1,0,116.88201930277724
7,7,0,0,1,6,117.58072186100374
7,8,0,0,1,7,120.09089449817559
7,9,0,1,0,1,118.68876698117604
7,10,0,1,0,0,118.13674287610964
7,11,0,1,0,7,115.25574285453533
7,12,1,1,0,5,130.9410780891163
7,13,0,1,0,3,119.53175358241074
7,14,0,1,0,2,121.20560251059086
7,15,0,1,0,1,121.9234745402607
7,17,0,0,0,2,106.45857218077744
7,19,0,1,0,4,119.45725585980375
7,20,0,1,0,1,120.51504860162477
7,22,0,1,0,5,118.61328365375222
7,23,1,1,0,0,129.8726872536705
7,24,1,1,0,3,132.81874501771853
7,25,1,1,0,2,137.25963541619106
7,26,1,0,0,2,123.23200464512396
7,28,1,1,0,7,132.72813674914246
7,29,1,1,0,7,142.5160822217726
7,30,0,1,0,2,119.33033643055654
7,31,0,0,0,7,102.83140080781291
7,32,0,0,1,4,116.50448702801316
7,33,0,0,1,4,116.28134897608061
7,34,1,0,1,7,130.77000268819145
7,35,0,1,1,1,135.6632048946778
7,39,1,0,0,7,119.07223495876484
7,40,0,1,0,1,117.16976133484589
7,41,0,1,1,1,135.86156707670574
7,42,0,1,1,7,134.43681702960018
7,43,0,0,0,7,101.01847902300403
7,44,1,1,0,4,135.433216185044
7,45,0,1,0,6,120.4912535404433
7,46,0,0,0,4,98.9143116320688
7,47,0,0,0,5,101.10936578586892
7,50,0,1,0,2,120.49212284220044
7,51,0,1,0,3,122.91087094615376
7,52,0,1,0,5,120.19906490998436
7,54,0,1,0,7,121.992488271805
7,55,0,0,0,6,104.34304094628298
7,56,1,1,0,0,132.54352017993148
7,57,1,1,0,3,135.98537299689986
7,58,1,0,0,3,121.44346937014546
7,59,1,1,0,5,134.15489226475708
7,0,0,1,0,3,126.29304006686573
7,1,0,0,0,3,114.38040591949262
7,2,0,0,0,2,102.9227872269511
7,3,0,1,0,2,127.02112461181994
7,4,0,1,0,7,116.99480797792178
7,5,1,0,0,5,117.62506917073252
7,6,1,0,0,6,117.2740240833492
7,7,1,0,0,1,116.70958829996559
7,8,1,0,0,3,117.69113629705876
7,9,1,1,0,4,128.37881442941793
7,10,1,1,0,2,130.80121887984313
7,11,1,0,0,5,115.96314252579094
7,17,0,1,0,6,122.43990637211779
7,18,1,0,0,1,122.43461528830703
7,19,1,0,0,0,120.56521298386352
7,20,1,0,0,3,124.37388884555213
7,21,1,0,0,0,120.5056954806413
7,23,1,0,1,2,102.6862111647456
7,24,1,0,1,3,112.98978923388512
7,25,1,0,0,2,125.40385289912606
7,26,1,0,0,3,123.03007783585187
7,27,1,1,0,1,136.3584261994085
7,28,1,1,0,0,133.13750594923303
7,29,1,1,0,4,133.44229498568743
7,30,0,1,0,3,125.30675786434584
7,32,1,1,0,7,133.50479952728756
7,33,1,1,0,7,141.57278035632604
7,35,1,0,0,0,118.16925471596987
7,36,1,0,0,5,118.62217965954267
7,37,1,0,1,5,129.1606807220048
7,38,1,0,1,3,131.58803675941815
7,39,1,0,0,3,117.24608262981947
7,40,1,1,1,3,88.30562422972244
7,41,1,0,0,5,117.44167527798241
7,42,1,0,0,3,115.0885990388026
7,43,1,0,0,6,120.21707366623595
7,45,0,1,0,4,116.81039259086036
7,47,1,1,1,5,126.45108881398309
7,48,0,1,1,7,132.61017857289883
7,49,0,0,1,1,118.47325172498458
7,51,1,1,0,1,131.49050370713059
7,52,1,1,0,5,135.4864432551917
7,53,0,1,0,1,121.17948131277637
7,55,0,1,0,5,119.33725657155715
7,56,0,1,1,6,132.90870449814258
7,57,0,1,1,3,138.47283329465822
7,58,0,0,1,4,119.5765305868423
7,59,0,0,1,1,123.53099875181123
7,0,0,0,0,1,103.00020148358395
7,1,0,0,0,5,103.03714867658324
7,3,1,0,0,0,119.7324692873377
7,4,1,0,0,7,117.85534591226286
7,5,1,1,0,2,132.12038951301537
7,6,1,1,0,2,136.39435826961522
7,7,1,0,0,7,116.67858449577253
7,8,0,1,0,6,116.87710104221539
7,9,0,0,0,3,102.6713867104607
7,10,0,0,1,0,119.52796174076691
7,11,0,0,1,1,120.11661117684781
7,12,0,0,1,5,122.67830493307369
7,13,1,0,0,3,123.06348785241165
7,14,1,0,1,5,137.3469258199621
7,15,0,0,0,3,105.455116518615
7,17,0,0,0,3,106.55748418141008
7,18,0,1,0,6,121.61545581640877
7,20,1,0,0,2,121.83302468741176
7,21,1,0,0,6,122.03429848972732
7,22,0,0,0,1,104.1747982689752
7,23,0,0,1,6,118.70513913105697
7,24,0,1,1,3,133.52034322043687
7,25,0,0,0,0,105.98834904960802
7,27,0,0,0,2,104.70711158500256
7,29,1,0,0,5,117.14856493440854
7,30,0,0,0,7,104.16304432864094
7,31,0,1,0,3,117.47212459250645
7,32,0,0,0,3,103.1520290738251
7,33,0,0,0,2,104.54669563896056
7,34,0,1,0,7,120.59289715807762
7,35,1,1,0,1,128.14628989753692
7,36,1,1,1,5,126.55070405196936
7,38,0,0,0,3,104.48357397153836
7,39,0,0,1,5,118.07005890803744
7,41,0,1,0,3,130.3911374022996
7,44,1,0,0,6,118.37838409022785
7,46,0,0,0,5,105.134664254387
7,47,0,0,1,2,120.26477106373176
7,48,0,1,1,2,132.06759463587065
7,49,0,0,1,2,118.5345090239021
7,50,0,0,1,2,120.11691733521181
7,51,0,0,1,1,121.30234590659842
7,52,0,0,0,6,106.61541750009374
7,54,0,0,0,4,104.71663736865348
7,55,1,0,0,7,119.44217939180476
7,57,0,1,0,1,121.06328957856448
7,59,0,1,1,5,135.2917509498648
7,0,1,1,0,5,135.06165890914974
7,1,1,1,1,7,124.12888257545953
7,2,1,0,0,0,118.7733548427862
7,3,1,0,0,3,136.06830059710373
7,4,1,0,0,3,117.87215508485967
7,5,1,0,0,0,117.47321224910795
7,6,1,0,0,7,116.17047607817695
7,8,1,1,0,0,133.42624242390934
7,9,1,1,0,1,130.3248744734609
7,10,1,1,0,5,130.05663509606356
7,11,1,1,1,3,156.2669210217451
7,12,1,0,0,6,117.73685575878288
7,13,0,0,0,7,102.44161969133818
7,14,0,1,1,6,137.88907788620025
7,15,0,1,1,2,137.8952360841064
7,16,0,0,1,3,125.7838751799168
7,17,0,1,0,2,122.42591210693563
7,18,0,0,0,5,107.48517100085705
7,19,1,0,0,3,121.24176951718763
7,20,1,0,1,5,133.79030020892966
7,21,0,0,0,5,103.24460794676924
7,22,1,0,0,7,121.49929781859565
7,23,0,0,1,5,125.38858785039919
7,24,0,0,0,2,104.26182022163144
7,25,0,1,0,4,117.88927786843648
7,26,0,1,0,6,121.29990396919703
7,28,0,0,0,2,105.49982600692239
7,29,0,0,0,6,103.84795297739376
7,30,1,1,0,3,130.58071785705297
7,31,1,1,0,7,132.7915583995725
7,32,0,0,0,0,103.16784737824489
7,33,0,0,0,3,110.57915770205119
7,34,0,0,0,2,107.34225886017481
7,35,0,1,0,3,128.0165876839485
7,37,1,1,0,5,131.9664561881894
7,38,1,1,0,5,132.9961224150368
7,40,0,1,0,7,116.96383336315886
7,41,0,0,0,0,102.1458165021081
7,42,0,0,0,0,101.47007517378805
7,45,1,0,0,1,118.51769464727833
7,46,1,0,0,7,118.28979156894502
7,47,0,0,0,6,100.89234498520288
7,49,0,0,0,2,103.65861699933942
7,50,0,1,0,7,119.24306386775567
7,51,0,1,0,5,119.51514422253582
7,52,1,1,0,4,130.32717923859823
7,53,0,1,0,3,129.06874741521383
7,55,0,0,0,1,104.67469541993682
7,56,0,0,0,7,102.34685326678954
7,57,0,0,0,0,103.6100576816078
7,58,0,0,0,5,104.09791906110408
7,0,1,0,0,2,120.85672926902134
7,1,1,0,0,3,119.26482320045427
7,2,1,0,1,6,98.30036566401094
7,3,0,0,1,1,118.51413791738634
7,4,0,0,1,3,121.21975585682367
7,6,0,0,1,7,116.49811190399174
7,8,0,0,1,5,117.95906614493279
7,11,0,1,0,6,115.75666837766109
7,12,0,0,0,5,103.39763453855299
7,14,0,1,0,0,120.47193684670506
7,16,0,1,0,6,122.50289936251342
7,18,0,0,0,7,106.9163102091898
7,19,1,0,0,1,120.99218077462845
7,20,1,0,0,6,119.94678895632933
7,21,0,0,0,6,105.23646361417215
7,22,0,0,0,3,107.1673059636503
7,23,0,0,0,5,103.1964944383898
7,24,1,0,0,7,120.45989848325775
7,25,1,0,0,0,120.84042148421784
7,26,1,0,0,6,122.15454587581387
7,27,0,1,0,3,127.47939396422771
7,28,0,0,1,5,120.24515958139008
7,29,0,0,1,2,121.09025208750062
7,30,0,0,1,5,119.76759197659861
7,31,1,0,1,6,116.65361264345006
7,32,0,0,1,7,117.10738893261527
7,33,1,0,0,4,117.74525648029173
7,34,0,0,0,6,101.94909683355084
7,35,1,1,0,7,138.55905022453234
7,36,0,1,1,5,135.80989352262796
7,37,1,1,0,2,131.38787888913436
7,38,1,0,0,1,116.39861258086415
7,40,1,0,0,4,116.08110393447255
7,44,0,0,0,4,101.51788300253874
7,46,0,0,0,0,103.6260759404682
7,49,0,1,0,1,122.35729545342642
7,51,0,1,1,4,132.34042467251342
7,52,0,1,1,1,137.00471510894096
7,53,0,1,0,7,123.7107944805954
7,54,0,0,0,0,105.23696015381044
7,55,0,0,0,7,103.73130764849154
7,56,0,1,0,4,118.09972542475273
7,57,0,1,0,7,121.0748491028244
7,58,1,0,0,6,120.94635065242136
7,1,0,1,0,5,116.54869295525299
7,2,0,1,1,6,134.1705653679808
7,3,0,1,1,3,136.3427440758022
7,4,0,0,0,0,101.1196367402633
7,5,0,0,0,4,100.63943497663837
7,6,0,0,0,1,100.92084380592678
7,7,0,0,0,3,102.16067561073098
7,8,0,0,0,5,98.9437937346467
7,9,1,0,0,5,117.02296811244304
7,10,1,0,0,2,118.66228139770521
7,11,1,0,0,6,115.93739655604926
7,12,0,0,0,4,101.55706438683512
7,13,1,0,0,5,119.0815122865009
7,14,1,0,0,7,120.1163615552484
7,15,0,1,0,2,121.5595904832314
7,16,0,1,0,4,122.15836096369941
7,17,0,1,0,7,124.32431825074931
7,18,0,1,0,3,121.14767493258971
7,20,0,1,0,0,117.56405214357804
7,23,0,1,0,4,115.18916317877311
7,24,0,1,0,4,118.16323830545286
7,26,0,0,1,1,120.85091506217448
7,28,0,0,0,1,104.91717178501766
7,29,0,0,0,2,103.991878530867
7,31,1,0,0,5,116.5562557318458
7,32,1,0,0,4,118.02906440823523
7,35,0,1,1,7,135.51332759660716
7,37,0,0,0,1,102.5142193691517
7,38,0,0,0,2,103.76027825025375
7,40,0,0,0,1,104.30689364565916
7,41,0,0,1,0,114.75952226651825
7,42,0,0,1,5,115.93744109360003
7,43,1,0,0,7,118.40254089505805
7,44,1,1,0,7,135.00048060279317
7,45,0,1,1,3,137.41362675621127
7,46,0,0,0,6,103.56643437821566
7,47,1,1,0,0,130.15680406822608
7,48,1,1,0,1,132.15652429231946
7,49,1,1,0,5,133.78025645167207
7,54,0,1,0,1,119.26811046239251
7,55,0,1,1,5,133.94244156523186
7,56,1,1,1,7,125.82697223164915
7,57,1,1,0,6,136.80979399710847
7,58,0,1,0,4,118.06340405572988
7,59,0,1,0,0,118.07919322658292
7,2,0,1,0,4,119.38123947475927
7,3,1,1,0,4,130.82285884749575
7,4,1,1,0,5,134.41583483958112
7,5,1,1,0,5,138.26559888557824
7,7,0,1,1,5,132.92226336494383
7,8,0,1,0,5,116.76191194363459
7,9,0,1,0,0,117.29805916844718
7,10,0,1,0,7,120.84961418594752
7,11,0,1,0,4,115.41455698232227
7,12,0,1,0,1,118.83241182927519
7,13,0,1,0,4,119.55958930494455
7,14,0,1,0,1,120.74866304043564
7,15,0,1,1,6,135.42117596397728
7,16,1,0,1,6,120.45428944555319
7,17,0,0,1,5,122.67891030294427
7,18,1,0,1,1,131.40404979461414
7,20,1,0,0,1,121.48462330913054
7,21,1,0,0,2,121.01869000240109
7,22,1,1,0,0,133.00684440217125
7,23,1,1,0,2,134.15400811302774
7,25,0,1,0,2,118.96887430255327
7,26,0,1,0,1,120.8048216250225
7,27,0,1,0,7,120.81029984094256
7,28,0,1,1,7,136.41702645037185
7,32,0,1,0,0,117.76996422983781
7,33,0,1,0,2,116.7974605781151
7,34,0,1,0,2,125.20201651082797
7,36,0,0,0,7,109.55180497772724
7,37,1,1,0,7,131.8109219940324
7,38,1,1,0,7,146.86313812778423
7,39,0,1,0,5,116.1088844507849
7,41,0,1,0,6,115.9295959155267
7,42,1,1,0,7,131.0686795856193
7,43,1,0,0,5,118.32422038670013
7,45,0,0,0,6,104.26064696874649
7,46,0,1,0,3,117.37917114947045
7,47,0,1,1,7,142.34977904542527
7,48,1,1,1,0,111.12375128115282
7,49,1,1,1,6,122.67960882610801
7,50,0,0,1,0,120.09386708285714
7,51,0,0,1,2,123.93107693584368
7,52,0,0,1,2,123.27468882625065
7,53,0,1,1,3,141.82060156067112
7,55,1,0,0,0,117.48805185474693
7,56,1,0,0,2,120.50501951181798
7,57,1,1,0,2,135.81866716896593
7,58,1,0,0,7,121.29393563480812
7,3,1,1,0,0,128.15343940603984
7,4,1,1,0,3,133.75887142721382
7,5,1,1,0,4,132.1674209367218
7,6,0,1,0,1,119.39442527946177
7,7,0,1,0,4,114.78324144103382
7,12,0,1,0,3,118.84529700563255
7,14,1,1,0,1,139.3986303859613
7,15,1,1,0,5,137.7821108037007
7,16,1,1,1,4,105.80182500569818
7,17,0,1,1,7,134.50596018969148
7,19,0,0,0,6,106.65292122391753
7,20,0,1,0,2,121.87961232443492
7,21,0,0,0,1,105.33564299037016
7,22,0,0,0,6,104.74058159482509
7,24,1,0,0,1,120.66777735109355
7,25,1,0,0,4,120.09945706983814
7,26,0,0,0,1,105.31824393704206
7,27,0,0,1,3,120.05983693581084
7,29,0,0,0,1,103.72816033338397
7,30,0,0,0,5,102.44665683170562
7,31,0,0,1,1,120.235687518627
7,32,0,0,0,6,103.19226527605186
7,33,0,1,0,7,116.47868454396806
7,34,0,0,0,0,103.9541943643224
7,35,0,0,0,4,104.80217359315932
7,37,1,0,0,0,117.0693160349585
7,38,1,0,0,2,116.74925193568762
7,39,1,0,0,0,115.4855786348792
7,40,1,0,0,1,116.13799371627019
7,41,1,0,0,0,116.11122086100977
7,42,1,0,0,0,115.3995945860351
7,44,1,1,0,0,132.52823119861887
7,45,1,1,0,4,131.93512357297453
7,46,0,1,0,6,115.92139704628178
7,47,0,0,0,4,102.86166780494315
7,48,1,0,0,6,118.74397728416041
7,51,1,1,0,0,132.4025534678353
7,53,1,0,0,5,122.45997082360296
7,54,0,0,0,1,106.55584960274429
7,55,0,0,1,5,119.23081666625026
7,57,1,0,0,4,118.87937560482408
7,58,0,0,0,4,103.74661826684334
7,59,0,0,0,7,100.81882869962675
7,2,0,1,1,7,140.78696718901443
7,3,0,1,1,4,134.12585038150914
7,4,1,1,1,7,109.23732788458511
7,5,0,1,0,1,119.68184089055916
7,7,0,1,0,7,116.85677778741938
7,9,1,0,0,6,116.04717328246429
7,10,1,0,0,6,117.87078980684075
7,11,0,1,0,0,115.88393521745944
7,14,0,0,0,3,104.03269095366377
7,15,0,1,0,3,122.98338704937474
7,16,0,0,0,5,104.94838608857603
7,18,0,0,1,2,120.1106309547652
7,19,0,0,1,1,123.7293363088747
7,20,0,0,0,7,104.70673265540937
7,22,1,0,0,0,119.27506575199841
7,23,1,0,0,5,121.5857546969887
7,24,0,0,1,7,120.00094334862894
7,25,0,0,1,7,120.81905098827981
7,26,0,0,0,7,110.1833826496403
7,27,1,0,0,7,121.59247093669923
7,28,0,1,0,1,116.81671189530522
7,29,0,1,0,0,118.29469076310342
7,31,0,1,0,4,114.56030862605596
7,33,0,1,0,0,117.43632070805675
7,34,0,1,0,3,118.76101186133695
7,37,0,1,0,1,123.93850884378782
7,38,0,1,1,1,135.88347879747045
7,39,0,1,0,7,118.85761438503651
7,41,0,1,0,0,118.17794570414148
7,42,0,1,0,5,118.67014407580093
7,43,1,1,1,7,109.02512542008704
7,45,0,0,0,3,110.61874623759256
7,46,0,1,1,1,135.11376960019857
7,48,0,1,0,3,120.30236556231384
7,49,0,0,0,3,113.05093560956738
7,50,0,0,0,5,103.11022566816804
7,51,1,0,0,5,117.4892293394505
7,57,1,1,0,5,135.98532945252455
7,0,0,1,0,6,119.7673448693204
7,1,0,1,0,6,132.3569465479286
7,3,0,0,0,5,103.16218492382617
7,5,0,1,0,4,118.42627467748638
7,6,0,1,0,3,124.63800110032425
7,7,0,1,1,6,133.4017654168132
7,8,1,1,1,2,55.01631214295894
7,9,1,0,1,3,109.36613185138707
7,12,1,1,0,7,135.70723715044093
7,13,0,1,0,2,119.46283627261951
7,14,0,0,0,6,104.0142321845319
7,16,1,1,0,7,140.5254995408704
7,17,0,0,1,0,121.3194685122159
7,18,0,0,1,1,123.11509616639785
7,19,0,0,0,4,104.857148169814
7,20,0,0,0,5,103.9806886679648
7,21,0,0,1,4,116.76268701177992
7,22,1,0,1,4,125.20331948682109
7,23,1,0,1,6,115.92527940584962
7,24,0,0,1,6,122.12419035945598
7,25,0,0,1,4,116.0852872864383
7,26,1,0,1,2,104.48220990875424
7,27,1,0,1,1,124.86694422118396
7,28,1,0,0,5,121.43742010121576
7,29,0,0,0,0,103.51425614402406
7,30,0,0,0,6,104.45503639987588
7,32,0,0,0,5,102.57031188173967
7,37,0,1,1,2,142.17135135602388
7,38,0,1,1,0,132.00096847064566
7,39,0,1,1,4,126.05841698343943
7,40,0,1,1,5,131.72277541965246
7,41,0,1,0,1,118.83907795598282
7,43,1,1,0,7,133.61797634711684
7,44,1,1,0,6,135.6661002476432
7,46,0,1,0,7,117.42546750150845
7,47,0,1,1,2,133.58260458384407
7,48,0,1,1,5,132.45431590240185
7,49,1,1,0,3,134.1845830764773
7,50,1,0,0,0,116.75689757448374
7,53,0,0,1,2,119.41698839629422
7,54,0,1,1,2,139.44413617945773
7,55,0,0,1,1,122.23452497445635
7,56,0,0,0,2,102.09096917865779
7,57,0,1,0,0,120.9300074856019
7,58,0,1,0,2,123.58772113703839
7,59,0,0,0,6,102.57217101713367
7,0,0,1,0,5,117.63271703603607
7,1,0,1,0,0,117.94959755575942
7,2,0,1,0,5,119.48945209911145
7,4,1,1,0,6,134.60175149554385
7,5,0,1,0,0,118.14397221360036
7,8,1,1,0,5,134.1354055797066
7,9,1,1,0,7,136.2776531774259
7,10,0,1,1,2,135.2689886910321
7,11,0,1,1,7,143.85697531455898
7,12,1,1,1,4,103.12325076938387
7,13,1,1,1,5,154.4320089643714
7,16,0,0,1,0,120.51675808060234
7,17,0,0,1,3,122.96811896191956
7,23,0,0,0,6,103.70078778984691
7,26,0,0,0,4,104.99268834074248
7,27,1,0,0,6,121.83392884501762
7,29,0,1,0,7,117.0320992124381
7,33,0,1,0,5,116.92071920188474
7,35,0,1,0,1,118.48186274465887
7,36,0,1,0,4,114.38795589936329
7,39,1,0,0,6,116.78839044928877
7,41,0,1,0,4,117.14645406773604
7,43,0,1,0,2,117.68937706322542
7,45,1,0,0,4,118.73395474431376
7,47,1,0,0,1,116.27846935789827
7,48,1,0,0,5,117.71762528419374
7,53,1,1,0,2,133.28514924279688
7,54,1,0,0,6,125.14069657786675
7,56,0,1,0,2,118.51403115149749
7,57,0,0,0,3,103.39013745832318
7,0,0,0,0,0,103.00968792756856
7,2,0,1,0,7,118.93464778284627
7,3,0,0,1,5,118.14953526458841
7,5,1,0,1,2,115.5558029693405
7,6,1,1,1,5,88.68469540129159
7,8,0,1,0,0,116.98643302262175
7,9,0,1,0,2,118.31617604027473
7,10,0,0,0,5,103.9581265275591
7,13,1,0,0,1,119.62534230808825
7,14,1,0,0,0,119.31436954987954
7,15,1,0,0,7,119.14170525286617
7,18,0,0,0,6,105.09267627583478
7,19,0,1,0,3,126.11921762927908
7,21,1,1,0,1,135.22297238587277
7,22,1,1,1,3,132.3777003502009
7,23,1,0,0,7,126.32345864483274
7,24,0,0,1,1,120.0963999978382
7,26,0,0,0,3,105.21664671975175
7,27,0,0,0,4,102.90032055766426
7,28,0,0,0,0,105.10054320934366
7,29,0,0,0,7,103.48997229059214
7,32,0,1,0,1,117.60727495574584
7,35,1,1,0,2,134.40493296451638
7,36,1,1,0,6,129.85535554979472
7,38,1,0,0,7,116.7516168705972
7,41,0,1,0,2,117.87062719889798
7,45,0,1,0,5,118.97983001324388
7,46,0,1,1,0,130.49725541518973
7,47,0,1,1,4,132.02481928134898
7,49,1,1,1,2,95.86793922435035
7,50,1,1,1,4,99.31781449135966
7,51,0,1,1,3,137.99309445781833
7,0,1,0,0,5,118.0869683380637
7,1,0,0,1,1,118.51711149877778
7,2,0,0,0,7,103.2872366926768
7,3,0,0,1,7,118.28662643534278
7,4,0,0,1,0,119.60216172588683
7,6,0,0,0,3,111.00645114275191
7,7,0,1,0,1,117.4614531827194
7,8,0,1,1,3,133.87146981214582
7,9,0,0,1,1,118.78873869755715
7,11,0,0,0,2,102.87385992791948
7,12,0,0,0,0,102.46700513789251
7,13,0,0,0,4,102.39254704217002
7,14,1,0,0,4,120.75855742116478
7,15,0,0,0,1,105.85151578627665
7,16,0,0,0,2,105.08821246629154
7,18,0,1,1,7,136.34646512319128
7,19,0,0,0,7,107.03376257252137
7,21,1,1,0,6,135.5930136620973
7,22,1,0,0,3,126.40901292759222
7,23,1,1,0,4,131.2589322259056
7,24,0,1,0,1,118.48813817803045
7,31,0,0,0,0,102.78562716612063
7,32,0,0,0,4,98.69928472188674
7,33,1,0,0,3,117.25663264768258
7,34,1,0,0,1,117.31344085360027
7,35,1,0,0,6,117.30743977979627
7,36,1,1,0,4,129.79646711433256
7,38,0,1,0,0,117.54812658528652
7,39,0,1,0,3,126.5912722117563
7,40,0,1,0,6,116.85892376064439
7,44,0,1,0,6,120.21131857395852
7,45,1,1,0,1,132.96156645631234
7,46,1,1,0,7,132.74901938985664
7,47,0,1,0,7,119.67831271517313
7,48,0,0,1,0,119.64622296072345
7,50,0,0,1,5,117.87369952187782
7,51,0,0,0,2,103.98054660525482
7,54,0,1,0,3,118.97466868245547
7,56,0,1,0,1,119.66611372369671
7,57,0,1,1,0,133.302982706684
7,1,0,1,1,5,138.59505264142453
7,2,1,1,0,0,134.9483943495599
7,3,1,1,0,6,136.35371854378315
7,4,0,1,0,0,118.52947783428853
7,7,0,1,0,6,116.69787589307961
7,13,0,1,0,7,120.78213176928716
7,15,0,0,0,4,105.10937695448341
7,16,1,0,0,1,121.72428964352088
7,17,1,0,0,7,121.29893915899434
7,18,1,0,0,4,121.24377810882761
7,22,0,1,0,7,120.69799234680055
7,23,1,0,1,1,103.03669891732368
7,24,1,0,1,1,108.51653289672426
7,25,1,0,0,3,120.02732597611507
7,26,1,0,1,6,115.44450416135788
7,27,0,1,1,7,136.42276669911234
7,30,0,1,0,5,119.0608524729765
7,31,0,1,1,2,132.3566982136267
7,32,0,1,1,6,133.48075714661675
7,33,0,1,1,3,144.96504426886793
7,36,0,0,0,2,103.77514760665612
7,37,0,0,0,3,105.86094912584429
7,38,0,0,0,6,105.17000493963485
7,42,0,1,0,7,121.77240613227406
7,44,1,0,0,2,118.9030244387713
7,45,1,1,0,7,132.42860915667376
7,46,1,0,0,4,115.78160001611207
7,49,1,0,0,1,119.30359640317022
7,50,1,0,0,7,118.45468044179057
7,51,0,0,0,4,104.03474161895305
7,52,1,0,0,4,117.77271432979143
7,53,0,0,0,0,105.80047621738608
7,54,0,0,0,6,105.2144523806504
7,55,0,0,0,3,107.14367077625467
7,56,0,0,1,3,121.6069872171935
7,57,0,0,0,5,103.48448641409618
7,58,0,0,0,1,103.72820384477998
7,59,0,0,1,0,117.70608885692809
7,0,0,0,1,3,118.62038164879229
7,3,0,1,0,1,119.86042166763104
7,4,0,1,1,2,133.11759343750924
7,6,0,1,1,7,136.42889725652105
7,7,1,1,0,6,133.84252463407248
7,11,1,1,0,1,135.59405588203475
7,13,1,0,0,0,119.81588931859176
7,14,1,0,0,3,120.54330231085916
7,15,1,0,0,3,119.53149683764796
7,17,1,1,0,3,136.47294413435978
7,18,1,1,0,5,136.62451687559675
7,20,0,1,0,6,119.68365293256947
7,22,0,0,0,7,104.54004080292553
7,24,1,0,0,2,120.56726183433254
7,25,1,1,0,3,136.92428032262828
7,26,1,0,0,4,119.59370907772731
7,27,1,0,0,5,121.74311541023083
7,31,0,0,1,7,117.86902099421161
7,32,0,0,0,2,103.02889040566082
7,35,0,1,0,5,114.45445066688815
7,37,0,1,1,6,135.52373092431898
7,38,0,1,1,2,137.20504022129785
7,39,0,0,1,3,119.29064806242611
7,40,0,0,0,0,103.986877113834
7,46,1,0,0,6,117.8489832638629
7,47,0,1,0,3,130.71932511679717
7,50,0,1,0,0,119.33818092003222
7,51,0,1,0,7,119.17295817871099
7,52,0,0,0,2,105.68865765079836
7,54,0,1,0,5,119.35365756765323
7,55,0,1,0,1,120.31632118485373
7,59,0,0,0,1,102.69001325639361
7,1,0,0,0,0,102.39670048479199
7,2,0,0,0,3,119.74016454322857
7,3,0,1,1,6,135.68016639614228
7,4,1,1,1,5,110.76424868205541
7,5,0,1,1,7,134.04904707465076
7,6,0,1,0,2,117.59821283676125
7,9,0,0,0,0,102.7760814226283
7,10,0,0,0,2,103.44307272002983
7,11,0,0,0,7,102.57062660805143
7,12,0,1,0,7,119.09659556630949
7,13,0,0,0,3,103.88826925667517
7,14,0,1,0,3,123.02806750614388
7,15,0,0,0,6,105.21557805921461
7,17,0,0,0,0,106.45090063830438
7,20,1,1,0,1,136.46428081829671
7,22,1,1,0,6,135.67126456082957
7,25,1,1,0,1,134.83806124412845
7,26,1,1,0,1,136.51155456100292
7,27,1,1,0,4,131.58628640857722
7,29,0,1,1,5,133.23409801263017
7,30,1,1,0,2,129.99031931649358
7,31,1,0,0,4,116.53018590313239
7,33,1,0,0,7,133.43492835204574
7,35,0,0,1,5,119.78945435547958
7,36,0,0,1,6,119.41825357922096
7,37,0,1,1,4,132.1311098757584
7,42,0,0,0,6,99.08634509148162
7,43,0,1,0,0,118.30054300133952
7,46,1,0,0,1,117.70057854249671
7,51,0,0,0,0,103.81974899660707
7,53,0,0,0,6,107.20875225757902
7,55,0,1,1,3,138.25518232736258
7,56,0,1,0,7,117.88797144175633
7,58,0,0,0,2,103.4298023501024
7,59,0,1,0,3,121.24865668381774
10,0,0,1,0,7,124.61424008401286
9,7,0,0,1,3,108.63160890869331
9,13,0,1,1,1,125.66075569772543
9,19,1,0,1,2,126.94871461559516
9,20,1,0,1,0,125.07955226155184
9,21,1,0,1,7,140.14742049879362
9,22,0,1,1,1,130.69062789455086
9,25,0,0,1,1,112.9373027681577
9,31,0,0,0,0,99.0094777366266
9,56,0,0,0,7,96.91793191044792
9,0,1,0,0,5,106.3566393412097
9,13,0,0,1,5,109.2118579291077
9,17,0,0,1,3,111.81074939661816
9,21,0,1,0,0,112.49302193408138
9,23,0,1,0,6,112.20681835264385
9,35,1,1,1,0,148.1954464983954
9,36,1,1,1,1,142.61482154622254
9,42,1,1,1,2,139.5732508357175
9,43,1,0,1,5,123.37722025756993
9,46,1,1,0,6,122.7510745230051
9,53,1,0,1,0,120.49724643328489
9,54,1,0,1,5,121.58708925539362
9,56,0,1,0,4,108.56463991580544
9,57,1,1,0,6,123.85251555411213
9,13,1,1,1,4,140.4401905135987
9,15,0,1,1,0,125.71675255208285
9,16,0,1,1,0,126.9562270902181
9,20,1,0,1,7,125.4785824070067
9,39,1,0,1,2,125.69174968087998
9,40,1,0,1,4,123.18282379721221
9,44,0,0,1,3,118.84791687520044
9,54,0,0,1,7,107.79212230162712
9,58,0,1,1,4,123.55049965752482
9,59,1,1,1,4,136.84320145097803
9,0,1,1,1,1,136.30738042558767
9,7,0,0,0,6,98.25522958958857
9,9,0,0,0,0,97.19483852117388
9,16,1,0,1,2,122.60590584363307
9,17,1,0,1,2,121.89037681722834
9,18,1,0,1,5,122.97925184717012
9,24,1,1,1,4,137.83695878734662
9,27,0,1,1,7,135.61446309902425
9,28,1,0,0,4,111.59696103991935
9,31,0,0,1,4,111.78830353155843
9,36,0,1,1,0,125.2685764140484
9,37,0,1,1,5,123.54370591127837
9,40,1,1,1,3,140.381407352351
9,41,1,1,0,0,125.10342428390314
9,42,1,1,0,0,124.98932347029383
9,45,1,1,0,1,120.50861954476264
9,51,1,1,1,3,135.8035120665037
9,53,1,1,0,2,121.89400514432735
9,54,1,1,0,5,122.46279343394247
9,58,0,1,0,6,110.47970434084955
9,3,0,1,1,6,124.34394091603254
9,4,1,0,1,1,124.01017934335928
9,6,1,1,0,5,122.75275011428114
9,19,1,0,1,0,124.56230578136092
9,24,1,0,1,2,126.28420911291803
9,30,1,1,1,4,139.22630793737852
9,31,0,1,1,0,126.77191161723398
9,33,0,0,1,6,113.28872424578643
9,34,0,0,1,0,110.43626081251398
9,35,0,0,1,3,124.47008818173737
9,36,0,0,0,1,98.1610758271337
9,37,0,0,1,1,112.0224821847163
9,40,0,0,0,1,99.73286778688869
9,43,1,1,0,6,125.4396007009935
9,58,0,1,1,6,129.33034080492047
9,59,1,0,1,0,123.71721496633018
9,0,1,0,1,4,121.56185766113575
9,1,1,0,1,4,122.61061492986923
9,2,1,0,1,7,122.44928507950019
9,11,1,1,1,0,139.23631525216877
9,12,1,1,1,1,143.46637809719445
9,14,1,1,1,3,138.861324218959
9,23,0,1,1,4,126.19814326220424
9,18,1,1,0,4,122.27475442508432
9,32,1,1,1,3,140.44455748452432
9,34,1,0,1,0,123.31451734264381
9,38,1,1,0,6,125.54889891130296
9,39,1,1,0,4,122.38007174832806
9,42,0,1,0,7,112.9289428157987
9,53,0,1,1,0,122.07601877637975
9,54,0,1,1,3,134.01637740658956
9,0,0,1,0,0,110.97280995654607
9,1,0,1,0,6,111.12867850626901
9,7,1,1,0,3,123.14253729934988
9,8,1,0,0,5,111.43446628502943
9,14,1,1,1,6,138.78563332405787
9,19,0,1,0,7,114.81114212944581
9,20,0,0,0,2,100.866156989916
9,26,0,1,1,6,127.75167373904503
9,27,1,0,1,4,124.0035786427574
9,39,0,0,1,4,108.34869220216306
9,51,1,1,0,2,121.8959910069247
9,52,1,0,0,4,106.55463876682049
9,10,0,1,0,0,110.4182725626919
9,15,1,1,0,2,126.61479112724876
9,16,1,1,0,1,126.11822504120084
9,17,1,1,1,1,141.34868734186782
9,18,1,1,1,0,141.13040516620242
9,19,1,1,1,5,141.2437661176772
9,20,0,1,0,1,115.67706594194647
9,28,0,0,1,7,114.81341860260942
9,48,1,1,0,1,120.09168329596521
9,10,1,0,0,7,108.80634733813758
9,11,1,0,1,7,123.60030074432973
9,29,0,1,1,1,125.77168879451946
9,30,0,1,0,2,115.7621132823585
9,39,1,1,1,2,138.67738761491788
9,58,1,1,0,6,123.51711082956264
9,0,1,0,1,3,121.24542258971594
9,2,0,1,1,6,123.18648131645502
9,4,0,0,1,7,121.78774176591062
9,5,0,0,1,5,108.90320272349501
9,6,1,0,1,4,124.63032108887836
9,7,0,0,1,7,107.12236970717846
9,12,1,1,0,1,125.34830115681318
9,15,0,1,0,0,110.39173774099493
9,20,1,1,0,0,125.00620265883087
9,29,1,1,0,2,125.61087160861348
9,30,1,0,0,0,107.50783564261025
9,33,0,0,1,7,110.13074944659064
9,35,1,1,0,3,127.1192080924401
9,38,1,1,0,5,123.28738525688254
9,44,0,1,1,4,124.4008045387677
9,45,0,1,1,0,126.22693493886082
9,47,0,0,1,2,109.01058850653264
9,49,0,0,1,2,108.16829319439452
9,9,0,0,1,2,109.60965747396475
9,10,0,0,1,4,111.56520019001283
9,16,0,0,1,3,121.1283278925317
9,18,1,1,0,5,125.87482838646635
9,29,1,1,0,1,126.96319007342927
9,41,0,1,1,2,124.55832218861354
9,57,0,0,1,2,106.41646884108073
9,12,1,1,1,5,138.4624335502322
9,13,1,1,1,6,139.80480215489268
9,14,0,0,1,4,108.69794384099141
9,15,1,0,1,4,124.38578989251046
9,18,0,1,1,6,128.09885036922475
9,20,0,0,1,3,126.02777308411565
9,28,0,1,1,0,126.50108774864759
9,29,0,1,1,6,127.56737583930237
9,30,1,0,1,1,123.43745298970512
9,31,1,0,1,1,124.19195290609547
9,2,1,1,0,2,122.83728167837839
9,14,0,0,1,6,108.97124639679737
9,15,1,0,1,0,124.20059645281466
9,16,1,0,1,0,122.83101697068793
9,17,1,0,1,6,123.60694279009891
9,19,0,1,1,3,138.94886670896375
9,24,1,1,0,2,125.09356992269669
9,25,1,1,0,1,123.67284821773836
9,26,1,1,1,1,152.60847283423138
9,35,0,1,1,4,124.3593382961887
9,45,0,0,1,3,111.31337829377502
9,56,0,1,0,2,111.45046116423963
9,0,0,1,0,4,109.07530124982632
9,2,1,1,1,1,137.61398838116696
9,6,0,1,1,1,126.64540513936193
9,16,1,0,1,4,122.75773495736176
9,20,1,1,0,1,123.37244786889453
9,21,1,1,0,1,124.65267127441238
9,23,1,1,1,7,159.51785658371693
9,28,1,0,0,5,112.27639043316839
9,42,1,0,1,1,131.85309949833277
9,43,1,0,1,2,123.21092122398588
9,44,1,1,1,3,143.05200181645142
9,45,1,1,1,7,138.41827991426374
9,52,1,0,0,3,106.20110602143052
9,53,1,1,0,4,120.96757352796399
9,57,0,1,0,7,111.12940060955555
9,58,0,1,1,1,127.15696103041739
9,11,1,0,1,1,124.19173414203175
9,31,1,0,0,6,112.31288309221121
9,49,0,1,1,3,125.03298453343598
9,53,1,0,0,3,108.46207407994228
9,2,0,0,1,5,109.56935280334653
9,20,0,0,1,0,114.42664224558106
9,22,1,0,1,2,124.5432601945117
9,30,0,1,1,4,126.34251512926335
9,31,0,1,1,3,130.66435872445606
9,32,0,0,1,2,113.34497015622652
9,34,0,1,1,0,127.23445551565175
9,36,0,1,1,2,124.5480411702981
9,37,0,1,1,6,124.27555259638855
9,39,0,0,1,7,109.76360511738174
9,44,0,1,1,0,124.57637718200544
9,45,0,1,1,5,124.67671436025452
9,50,0,1,1,3,129.52186943904925
9,59,1,1,0,0,122.98363501848686
9,0,1,1,0,4,122.0120479988558
9,2,0,1,1,3,134.91241192598716
9,4,0,1,1,7,121.71211929321609
9,9,0,0,1,5,108.86287062489971
9,21,0,1,1,7,140.4235370731945
9,33,0,0,0,3,110.9411243947086
9,38,0,1,1,5,123.87730650248729
9,42,1,0,0,6,112.22516482322885
9,7,1,1,1,2,138.10088383385715
9,8,1,0,1,2,121.43409742188948
9,15,0,1,1,7,125.21418540251297
9,19,1,0,1,4,123.43979138644377
9,26,1,0,1,7,124.95698021010536
9,31,1,1,1,7,142.08348697078085
9,33,0,1,1,4,127.79063745351205
9,34,0,1,1,7,131.40104609460005
9,51,1,1,1,4,135.33370327306676
9,0,0,1,0,2,109.47855700300693
9,4,1,1,0,0,127.24503983314172
9,7,1,0,0,6,107.29067974996416
9,23,1,1,1,5,142.6525034782487
9,24,0,1,0,1,113.33786050179506
9,45,1,0,1,2,135.2720421051172
9,46,1,0,1,6,123.82341655279161
9,48,0,1,1,3,133.346315813546
9,52,1,0,1,0,121.4777954727295
9,53,1,0,1,1,122.53442455465941
9,55,1,1,0,6,122.4156425343184
9,7,0,0,1,1,107.92284171723249
9,24,0,1,0,2,113.79600229877536
9,26,0,0,1,1,112.02421010809195
9,28,0,1,1,6,127.18476643194174
9,29,1,1,1,3,138.4396353262095
9,51,0,0,0,3,100.56000346611252
9,55,0,1,0,6,112.0924481085523
9,59,0,1,0,6,114.13510508068268
9,12,0,0,1,2,110.21546452104458
9,13,0,1,1,2,126.82130637328441
9,37,0,1,1,7,127.42140128774798
9,45,1,0,1,4,123.38885833956556
9,46,0,0,1,2,110.60412658147166
9,54,0,1,0,7,109.85457903013963
9,58,1,0,1,5,122.02390939637225
9,1,1,0,0,2,108.03509824109105
9,18,0,1,1,1,125.58280537104838
9,37,1,1,1,2,138.0028267783835
9,38,1,0,1,6,126.32884304678215
9,44,1,0,1,3,125.92544482394644
9,45,1,1,1,3,138.66333176567852
9,53,0,0,1,7,110.49852262537547
9,57,0,0,1,4,108.11806770711635
9,19,0,0,1,7,115.95287572208836
9,23,1,0,1,3,123.55003281196588
9,24,1,1,0,1,125.07115589846187
9,28,0,1,1,4,125.72030836732944
9,29,0,1,1,0,125.78400503290302
9,30,0,1,1,5,127.77405664400246
9,41,1,0,1,2,124.15873816823829
9,51,0,1,1,2,133.50696939931663
9,6,0,0,1,6,107.23884637837843
9,7,1,0,1,0,123.5594117095389
9,8,1,0,1,3,135.83040690444457
9,25,1,0,1,5,125.17702714183282
9,34,0,0,0,3,109.80105144098644
9,44,0,0,1,0,109.25573591045992
9,45,0,0,1,5,107.57079158858356
9,47,1,1,1,4,135.83358699051615
9,48,0,1,1,1,124.24064831277484
9,56,1,0,0,7,115.86552144672885
9,7,0,1,1,4,125.61600501315918
9,10,0,1,1,1,126.1060572556364
9,13,0,1,1,0,124.90776126729948
9,38,0,0,1,7,112.8181656998254
9,56,1,0,1,0,121.26027218678101
9,57,1,0,1,6,121.09528026950511
9,58,0,0,1,7,112.42038038517072
9,17,0,1,1,2,127.33595731829921
9,24,1,1,0,7,126.86735289979657
9,38,1,1,0,1,122.72211393764671
9,39,1,1,0,2,123.15348886063002
9,44,0,1,0,2,110.45829550817203
9,48,1,1,0,4,120.88933782816713
9,52,1,1,0,0,121.68011468785143
9,58,1,1,1,5,138.84764412184526
9,3,1,1,0,4,122.57575089720338
9,15,0,0,1,1,112.29025096759108
9,54,1,1,1,7,140.17502948272502
9,55,1,0,0,2,105.42735634829572
9,8,0,0,1,3,119.99204747625507
9,14,0,1,1,6,125.3659977571456
9,16,0,1,1,6,125.53387485599414
9,17,0,0,1,0,112.29233786692009
9,22,1,1,1,4,138.77307343070981
9,24,1,1,1,1,137.7355462785726
9,31,1,0,1,3,124.01720229053059
9,34,0,1,0,3,113.6961383462113
9,40,0,0,1,4,110.61387541474036
9,45,1,0,1,5,123.47679399358772
9,9,1,1,0,3,134.87760359856046
9,15,0,0,1,5,111.52071841934833
9,32,0,0,1,0,112.32643147939783
9,33,0,0,1,5,113.1472902122829
9,40,1,1,0,3,132.70960834641537
9,49,0,0,1,6,107.39898134126743
9,58,0,0,1,0,108.73944370267674
9,19,0,0,1,1,114.13730900588737
9,31,0,1,0,4,112.44214982024783
9,33,1,1,0,1,124.96276119541206
9,34,1,1,0,6,124.66382616127599
9,35,0,1,0,5,113.5256732213485
9,38,0,1,0,3,122.73916393194325
9,56,0,1,1,2,122.6975981295961
9,57,0,1,1,6,122.00229290540291
9,58,1,0,1,3,123.25159607986126
9,59,1,0,1,1,122.90367778146249
9,3,1,0,0,2,107.65751965176966
9,4,1,0,0,6,107.0414382282564
9,16,0,0,0,2,99.16326658161205
9,29,0,0,1,2,117.11479197484307
9,30,0,1,1,0,125.84235048927349
9,31,0,1,1,4,125.68109382228833
9,33,0,1,1,0,125.65786927259407
9,34,0,1,1,2,126.23725171654968
9,35,0,0,1,6,114.58629441779229
9,51,0,1,1,3,125.90246352327173
9,57,0,1,1,1,129.16367648702862
9,13,0,0,1,0,109.26341533944908
9,16,1,0,0,3,110.57066127507665
9,22,1,1,0,3,127.11608385901808
9,29,1,1,1,2,138.49944393120686
9,31,1,1,1,2,141.62185899381225
9,32,1,0,1,7,133.85145306016284
9,35,0,1,1,0,124.69883582453092
9,39,1,1,0,6,122.88618080426754
9,43,0,0,1,3,109.52185546047237
9,49,0,1,1,5,121.53217864087068
9,55,0,1,1,4,123.30325386466055
9,56,0,1,1,4,122.8436865074864
9,10,1,1,0,0,123.74635942862047
9,11,1,1,0,3,123.74639256462447
9,24,1,0,1,7,132.70576278680048
9,25,0,0,1,2,113.58661903436115
9,26,0,0,1,3,127.79944589702092
9,37,1,1,1,6,137.92983258730965
9,40,1,1,1,1,140.91475243081499
9,0,0,0,1,1,108.80925189851017
9,8,0,1,0,1,111.75878665470184
9,19,1,1,0,4,124.01153664051002
9,27,1,0,1,2,125.95175916752743
9,28,1,0,1,7,123.50144773188197
9,40,1,0,1,6,124.71098088697245
9,42,0,0,1,1,110.19405549755069
9,12,1,0,1,2,125.63640166938107
9,13,1,1,1,7,140.150134252044
9,21,1,1,0,3,137.14259345125527
9,27,1,0,0,5,114.04922127075383
9,30,1,1,0,3,135.41648936483105
9,41,1,1,1,7,137.91423106076527
9,57,1,0,1,0,121.8747096201526
9,58,1,0,1,2,123.36469433814423
9,59,1,1,1,3,136.60029520977372
9,11,0,1,1,5,124.48399781934587
9,30,1,1,1,3,140.55675628055792
9,32,1,0,1,3,126.00868426532003
9,45,1,0,0,5,105.9496397010315
9,51,1,0,0,4,105.19620534644673
9,18,1,0,0,7,111.84214707144376
9,21,1,0,1,5,124.23928986691166
9,22,1,0,1,4,123.80586508531287
9,23,1,0,1,2,123.71560234828881
9,49,1,1,0,5,120.84876986863762
9,1,0,0,1,5,112.86130312218687
9,2,0,0,1,0,107.31707848611559
9,21,0,0,1,4,111.28945718641445
9,30,1,0,0,4,107.77716125133661
9,46,0,1,0,2,110.46716702896285
9,9,1,0,0,7,120.76555436979473
9,11,0,1,1,6,126.162552854995
9,12,0,1,1,3,136.42160179339288
9,37,0,0,1,0,110.4481565826974
9,38,0,0,1,5,110.19963829297146
9,40,1,0,0,3,109.17815184697349
9,41,1,0,0,6,116.54489841382967
9,7,0,1,1,3,135.28254073262943
9,14,0,0,1,7,111.96799510230497
9,16,0,1,1,7,132.46302084123724
9,19,1,1,1,7,144.18034146475702
9,34,1,0,1,5,123.30739868645658
9,35,1,0,1,4,123.83867052598713
9,36,0,0,1,3,125.78369714440979
9,47,1,1,0,3,124.41682582693717
9,8,0,1,1,4,121.32077965512678
9,24,0,0,1,7,112.78857950418698
9,30,1,1,0,4,124.17000929251451
9,32,1,0,0,2,108.75479909631423
9,34,0,1,1,6,123.73302210908872
9,37,0,1,0,5,109.52192642530831
9,38,1,1,1,2,146.04258940342507
9,2,1,0,0,1,107.93326278162034
9,3,1,0,0,7,108.45988664403585
9,34,1,0,0,0,108.75126887232186
9,54,0,1,0,0,113.23274272673827
9,56,1,1,0,5,121.7290783450439
9,57,0,1,0,4,107.21248972578944
9,7,0,1,1,7,127.05139875029688
9,9,0,1,0,6,108.87201838518472
9,31,0,1,1,1,126.60842731235016
9,43,1,1,1,2,140.17187517011774
9,45,1,0,0,2,108.90837127139254
9,50,0,0,1,6,111.39312477452684
9,51,1,1,1,2,145.06368533050016
9,52,1,0,1,1,121.40492842455019
9,56,1,0,0,0,106.64164319443287
9,9,1,0,1,4,123.5718656515371
9,10,0,0,1,2,113.05204242347382
9,23,1,1,1,4,139.41492892971806
9,24,0,1,1,3,127.96625418337506
9,30,0,1,0,7,115.74441082478037
9,36,0,1,1,6,126.57904825663428
9,37,0,0,1,6,109.7420128396714
9,38,1,0,1,5,125.6852467206283
9,44,1,1,1,4,138.38820204651452
9,51,1,1,1,1,137.0538299364948
9,52,1,1,0,4,120.88824383295939
9,2,1,1,0,0,122.77174706634509
9,3,1,1,0,1,120.94724728582591
9,6,0,1,0,3,121.66796139236493
9,19,0,1,0,4,110.31185077591806
9,23,0,1,1,3,139.43766207409655
9,34,1,1,0,1,125.7072539551172
9,42,0,0,1,7,110.14967992793206
9,44,1,1,1,1,139.90563551195612
9,50,1,1,0,2,122.17504718727673
9,5,1,1,0,4,123.45943832693469
9,8,1,1,1,4,138.89442411856928
9,10,1,1,1,2,139.44323038028352
9,11,1,1,1,4,139.13638567165418
9,15,1,0,0,0,110.41766220718232
9,20,1,1,0,2,125.45555515796035
9,36,0,1,1,4,123.77624969957014
9,44,1,0,1,7,135.67568032860777
9,54,1,0,0,0,106.48453167394047
9,56,1,0,0,2,105.72791483505422
9,12,0,1,0,6,112.3074163300042
9,15,0,0,1,0,109.9374231322077
9,22,0,0,1,0,112.20936801917377
9,24,0,1,1,7,138.64155742924402
9,25,0,1,1,6,129.44754508168052
9,38,0,1,1,6,124.73338971441693
9,49,1,0,0,5,108.00845264468362
9,56,0,1,1,1,123.99195045736687
9,8,0,1,0,5,107.67404819349566
9,15,0,1,1,1,128.84243334892324
9,42,1,0,1,4,122.68738670178062
9,56,0,0,1,2,107.63203851245628
9,57,0,0,1,1,106.78358801726507
9,14,0,1,1,1,127.96935589772374
9,42,1,1,1,7,139.3460018253921
9,45,1,1,0,3,129.27387300624378
9,46,1,0,1,0,122.05337234161556
9,1,0,1,1,6,123.93782056060395
9,4,0,1,1,3,130.92961115182177
9,13,1,1,0,6,124.2813671264925
9,41,1,1,0,6,124.49772616615665
9,46,0,1,1,5,125.89633509626181
9,26,0,0,1,2,116.92309281472173
9,27,0,1,1,4,125.8012691824884
9,28,1,1,1,0,141.35591186658985
9,29,1,1,1,0,139.45043363287436
9,15,0,0,1,3,119.6200012199225
9,29,0,0,1,4,113.04122877675837
9,43,0,1,1,7,124.44561837713394
9,45,0,1,1,7,125.60596682537249
9,55,1,0,0,3,112.58287665944549
9,57,1,1,0,1,123.12085920100576
9,24,1,1,0,6,127.51885438149097
9,32,0,1,1,4,124.20506463403876
9,52,1,0,0,5,105.49661719310097
9,11,0,1,1,2,124.87466561962256
9,12,0,0,1,1,110.67208742920376
9,14,0,1,0,7,116.44243282386343
9,16,1,0,1,1,125.14839566277003
9,38,1,0,0,2,115.83774441683059
9,48,0,1,1,0,123.22537034948962
9,49,0,1,1,4,120.67987750120575
9,50,0,1,1,5,122.25499296124775
9,57,0,1,1,7,122.45419658738686
9,10,1,1,0,5,122.85617242401942
9,34,0,1,0,4,109.67447241598443
9,39,0,1,0,7,113.48582376171603
9,43,1,0,1,6,130.77641556975473
9,44,0,1,1,1,125.87517225429349
9,55,0,0,1,3,121.5260660645969
9,59,1,1,0,5,122.8150170954215
9,5,1,1,1,3,153.55082234825645
9,7,1,0,1,6,123.02818397675715
9,10,1,1,0,1,123.87965493639332
9,25,1,0,0,0,110.99774114261601
9,36,0,0,1,1,111.53277420802779
9,57,1,0,0,6,105.32993900813128
9,0,0,0,1,4,108.41610695004225
9,4,1,0,0,3,107.3922797004455
9,13,0,0,1,1,109.50447856755109
9,36,0,0,1,4,110.6502071728488
9,37,0,0,1,3,122.92711743042365
9,2,0,0,1,1,108.38032546924343
9,5,1,0,0,5,106.1717831347611
9,22,0,0,1,7,115.76959105166699
9,25,0,0,1,3,122.59547245238011
9,27,0,1,1,6,127.20977927255888
9,28,0,1,1,7,128.19925290395167
9,29,1,1,0,4,124.88441407592539
9,31,1,0,1,2,124.45490867498488
9,32,1,1,1,2,139.53791629066865
9,33,1,1,1,6,138.978371339196
9,35,1,1,1,5,139.38385081177162
9,37,1,1,0,0,122.1311603902991
9,44,1,1,0,6,125.33714299905334
9,4,0,0,1,6,106.70463139155531
9,5,1,0,1,6,122.68415241940714
9,33,0,1,1,7,127.87929210460878
9,39,1,0,1,4,122.99337121774863
9,40,0,0,1,5,109.63381150861652
9,49,1,1,1,3,138.70766794278083
9,18,0,1,0,6,110.83156209454398
9,20,0,1,1,2,128.92458571325173
9,21,0,0,1,1,122.57941673261116
9,57,0,1,1,4,122.25508781271297
9,58,1,1,1,2,138.8343209627021
9,0,1,0,1,2,121.64161015319428
9,1,1,0,1,7,130.49843085891752
9,21,0,0,1,6,113.1232481829896
9,46,1,0,0,0,106.75675355032587
9,52,0,0,1,5,107.00565117962552
9,14,1,0,0,5,111.40341216842069
9,22,1,1,0,4,123.81929733379424
9,44,1,1,0,4,122.4431991032833
9,51,1,1,1,0,135.98784435182407
9,52,1,1,1,7,137.29609444787602
9,8,0,0,1,5,110.13856595938151
9,14,0,1,1,2,125.2159803458128
9,36,0,1,1,5,123.67234197154946
9,40,1,1,0,5,122.36770373527068
9,54,1,0,1,2,121.3513293995469
9,55,1,0,1,4,120.74400334612665
9,57,0,0,1,0,110.84723495674851
9,58,0,0,1,2,110.83468759304515
9,5,1,1,1,5,138.85270028328566
9,36,0,1,1,3,137.40280060179984
9,51,0,1,1,7,121.44295557523509
9,7,1,1,1,1,138.36191946890892
9,23,1,1,0,2,126.4590270748045
9,26,1,1,0,7,140.06411153023225
9,53,0,0,1,2,107.49791200299663
9,54,0,0,1,1,114.6736919453219
9,2,1,1,1,0,138.06791551890993
9,3,1,1,1,0,139.85864509643727
9,4,1,1,1,5,138.5786349459069
9,7,1,0,0,2,109.17961008787282
9,21,0,1,1,6,132.9962683583182
9,35,0,0,1,0,110.16813671680308
9,38,1,1,1,5,138.30636674591656
9,39,1,1,0,5,131.12263940671068
9,41,0,1,0,0,108.37020336339947
9,48,1,1,0,2,122.95862486293638
9,53,1,1,1,2,135.89920391324182
9,54,1,1,1,6,136.9848672714291
9,55,1,0,1,3,122.02685450325369
9,56,1,1,0,2,121.48555370573443
9,2,1,0,1,3,122.65342619353478
9,13,1,1,1,3,145.95538564152292
9,45,0,0,1,0,111.11703530745208
9,46,0,0,1,5,109.60108075115801
9,47,0,0,1,6,111.753543794942
9,3,1,1,1,3,147.2015913292106
9,5,1,1,0,2,125.06291628324351
9,40,0,1,1,4,124.26007125893496
9,41,0,1,1,4,125.55995900326192
9,42,0,1,1,3,141.24641757605468
9,43,0,1,1,0,124.66712486534396
9,45,0,1,1,6,124.34840066787109
9,46,1,1,1,0,137.117026346621
9,48,1,0,1,6,123.55579743823868
9,49,1,1,1,6,138.38263404235562
9,24,1,1,0,0,125.57390100038512
9,43,0,1,0,1,112.02360553373903
9,3,0,1,1,4,123.8220865339192
9,17,1,1,1,0,139.72781916503948
9,18,1,1,1,7,142.53122879053777
9,25,1,1,0,6,126.21703809688734
9,27,1,1,1,7,152.01396363178674
9,28,1,0,0,2,112.94423246077532
9,55,1,0,1,2,123.36897417740362
9,0,1,0,0,6,106.77472951138324
9,43,1,0,1,3,123.21716281844435
9,6,1,1,0,6,124.58562389447341
9,36,1,0,1,1,131.78666101413276
9,41,0,0,1,4,109.83574022913658
9,27,1,0,1,6,134.7968191024341
9,30,1,1,1,2,140.24619720650426
9,33,0,0,1,4,111.53727414150177
9,56,0,0,1,0,106.21779377073753
9,57,0,0,1,5,106.67094977915593
9,1,0,1,1,7,125.710281101516
9,13,1,0,1,7,125.67644775553588
9,14,1,0,1,4,125.4164740020166
9,22,0,1,1,7,128.94462675097395
9,31,1,1,1,6,146.38947023004863
9,33,1,0,1,1,123.11021711844657
9,45,0,0,1,1,108.84355309589473
9,56,1,0,1,2,121.27101845544344
9,57,1,0,1,7,121.03523954046919
9,20,1,1,1,3,140.035086378728
9,30,0,1,1,3,142.2580043862028
9,49,0,0,1,4,107.02261419197063
9,8,1,0,1,7,122.38458593386326
9,10,0,1,1,3,139.47768947213484
9,19,0,1,1,4,127.87789009595251
9,32,0,0,1,6,112.26647965891009
9,33,1,0,1,7,122.94506671057297
9,43,1,0,1,7,122.00864120827134
9,47,0,1,1,5,123.63596597711636
9,49,1,1,0,6,120.87818539611733
9,17,0,1,1,5,128.5104929841023
9,22,1,0,1,5,124.18866825212096
9,27,1,1,0,3,126.30908793605563
9,29,1,1,0,3,124.60293410532964
9,12,0,0,1,3,127.22715117952808
9,15,1,0,0,1,110.78587874396221
9,17,0,0,0,0,98.20258107475493
9,27,1,0,0,0,110.83520915499811
9,30,1,0,1,6,123.25257727985148
9,35,1,0,0,1,108.84794405876016
9,36,1,0,0,2,111.09930020679923
9,47,0,0,1,5,108.58186641271334
9,19,0,1,1,7,130.7430851542361
9,29,1,0,0,2,110.50902491888134
9,32,1,0,1,0,124.57563569476638
9,33,1,0,1,6,124.5191425750321
9,35,0,1,1,6,124.20350439205261
9,49,1,0,1,6,122.2089848150519
9,52,0,1,1,2,123.56438406999906
9,56,0,0,1,4,107.87465777678094
9,24,0,0,1,0,112.26032424015166
9,42,1,1,0,7,140.53552818468168
9,55,0,1,1,3,135.8190362901315
9,58,0,0,1,1,119.22892608183788
9,14,1,0,1,7,125.77830414463592
9,36,1,1,1,2,140.92477221568228
9,37,1,1,1,3,149.12337733544587
9,51,1,0,1,2,122.6706502623433
9,59,1,1,0,7,135.03064294293972
9,6,0,1,1,6,126.42914882272466
9,19,1,0,0,0,109.53321102439601
9,5,1,0,1,2,122.97050765972119
9,7,0,1,1,6,125.74362444188976
9,22,1,0,1,3,136.98238510155508
9,40,1,1,1,7,153.07927809891365
9,54,1,0,1,1,121.8376352524773
9,59,0,0,1,1,109.83329061609489
9,6,1,0,1,7,137.5368040250304
9,31,0,1,1,2,140.12710905959446
9,47,1,0,0,7,117.28102083243385
9,58,1,0,1,6,121.8226708039312
9,0,1,0,1,7,121.52239008849267
9,12,1,0,1,5,123.71167117419566
9,15,1,1,1,6,139.124579329951
9,28,1,0,1,6,136.3976059343138
9,5,0,0,1,2,110.05451326814949
9,31,1,0,0,3,108.22296603776708
9,55,1,1,0,4,123.31614087488002
9,5,1,1,0,0,122.35186784284903
9,18,1,1,1,1,141.11223594907867
9,29,1,0,1,3,137.1157175978817
9,46,1,0,1,2,125.03403400843166
9,47,1,1,1,3,136.75891780660388
9,14,1,0,0,4,109.32297729125449
9,48,0,1,1,2,126.65494778482552
9,54,1,1,0,7,127.86927495945389
9,26,1,1,1,6,138.8976258361789
9,28,1,0,1,3,123.28453686960923
9,34,0,1,1,4,123.91087261377838
8,49,1,1,0,1,124.68146968969835
8,57,1,1,0,2,124.43157230928523
8,4,1,0,0,5,106.44354433611888
8,6,0,1,0,1,113.23908774596177
8,12,1,1,0,0,122.82948077334753
8,14,1,0,0,1,107.08396523795729
8,36,0,0,0,1,94.4868111337052
8,41,1,1,0,4,121.15437633572333
8,44,0,1,0,7,111.41777717441613
8,45,0,1,0,2,113.615660764387
8,53,1,0,1,4,121.04160470960178
8,4,1,1,0,2,124.01256822073725
8,10,1,1,1,4,139.00766555488383
8,11,0,1,1,2,134.9966369828903
8,24,0,1,0,1,117.51811372095027
8,36,0,0,0,7,92.20117565759655
8,57,0,1,0,5,109.80548784445666
8,1,1,1,0,3,121.48822767500532
8,3,0,1,1,5,128.11928321599842
8,4,1,1,1,7,148.45512560643368
8,5,1,1,1,1,137.5000697627254
8,7,1,1,0,6,122.35425480662902
8,16,0,0,0,2,100.68750727171212
8,25,0,1,1,1,126.47948479476844
8,39,1,1,1,2,137.86883866146007
8,40,1,0,1,1,122.90238416471435
8,41,1,0,0,2,112.34543473264439
8,48,1,1,0,3,123.70667466592168
8,51,1,0,0,1,108.85962032304977
8,52,1,0,0,6,107.85785250602703
8,55,0,1,1,2,125.03534606371491
8,2,0,0,0,3,111.07288422975822
8,14,0,1,0,2,117.54322157452857
8,21,1,0,0,0,108.83598508337468
8,23,1,0,0,1,109.95348474619522
8,27,1,0,1,7,135.71239295684956
8,29,1,1,0,6,123.67880361003535
8,35,0,1,1,2,123.02828181906128
8,37,0,1,1,7,125.8860398739109
8,38,0,1,1,7,123.59727411825426
8,39,1,1,0,2,122.29428964810367
8,43,1,1,1,5,138.39471900822528
8,7,1,1,0,0,122.2997414725736
8,14,0,0,0,5,97.47678263916382
8,30,0,1,1,1,128.3201679476632
8,43,1,1,0,1,121.94733358732822
8,2,0,0,1,2,107.31844799397969
8,3,0,1,1,0,123.80984135173055
8,6,1,1,1,1,138.2556800902512
8,14,1,0,1,7,124.1426341908622
8,24,0,0,0,2,99.62689375254182
8,53,0,1,1,6,126.14201846710627
8,54,0,0,1,4,109.27013707472366
8,57,0,0,1,5,107.60478878619182
8,5,1,1,0,2,122.00784492815895
8,10,1,0,1,2,121.98231284256633
8,12,1,0,1,5,126.02130259192585
8,18,0,0,1,7,109.52614685342192
8,38,0,0,1,3,123.7992833406206
8,46,1,1,0,5,124.10208129390331
8,47,1,1,0,3,124.00417094664914
8,48,1,1,0,5,122.81084856821633
8,59,1,1,0,4,120.97345937755998
8,3,1,0,1,5,122.3443349057755
8,10,0,1,1,7,138.79918902665815
8,16,1,1,0,3,123.68372437090906
8,19,1,0,0,2,109.29120177538195
8,22,1,1,0,5,121.12410073468376
8,27,1,1,0,7,124.20302071903608
8,35,1,0,1,1,121.35921543654418
8,36,1,0,1,5,135.2062137259295
8,59,0,0,1,3,122.172353234342
8,3,1,1,1,3,146.83873402356897
8,4,1,1,0,7,122.34695741787851
8,11,1,0,0,5,109.46897250261442
8,12,1,0,1,6,126.75170938040607
8,13,0,1,1,2,123.31151284550072
8,14,0,0,1,6,109.99895608801046
8,15,0,0,1,5,107.56859239939799
8,18,1,0,1,3,124.49748638065165
8,33,0,1,1,2,126.48634393872294
8,39,0,1,1,1,121.48581898785069
8,49,0,0,0,5,96.85196058725236
8,55,1,1,0,6,123.83953625013685
8,7,0,0,1,5,107.26408654131797
8,8,0,0,1,4,110.11212927000898
8,11,0,0,0,1,96.62739588374146
8,12,0,0,1,4,109.42879038256102
8,17,1,1,0,2,125.43304278001885
8,40,0,0,1,4,106.29237601031528
8,41,1,0,1,1,122.18146185446619
8,50,1,0,0,4,108.24069127196867
8,57,0,0,0,7,98.8210844313934
8,58,0,0,1,2,110.05506235255844
8,1,0,0,1,2,112.80601746686852
8,13,0,0,0,3,108.44323635213249
8,14,0,1,1,0,125.94336507717271
8,15,0,1,1,5,124.72171480237533
8,17,0,0,0,1,99.9882127174435
8,24,0,0,0,5,95.11398619926712
8,28,1,1,0,2,123.58257828091081
8,29,1,0,0,4,108.61947078435671
8,32,0,0,1,2,111.6170746455
8,49,0,1,1,0,125.24188256807052
8,50,0,1,1,7,129.266087015272
8,51,0,1,1,3,124.90291533212195
8,58,0,0,1,5,108.7945682548479
8,11,1,1,0,5,123.61298415617799
8,29,0,0,1,1,112.23937162220598
8,32,1,0,1,0,125.15084663438608
8,33,1,0,1,7,123.91441649505619
8,38,1,1,0,0,123.04058917587685
8,41,1,1,1,5,139.22089029367825
8,42,0,1,1,0,123.37395455878422
8,44,1,1,1,4,138.48871976532374
8,49,0,1,1,1,126.67671664127485
8,9,0,1,0,0,110.16959000956557
8,24,0,1,1,5,124.24425298466542
8,28,0,0,1,4,109.09809271303807
8,29,1,0,1,0,125.95912579632606
8,34,1,0,0,0,106.90586491299109
8,35,1,0,0,1,107.8316287392174
8,36,1,0,1,6,122.17887460250329
8,38,0,0,1,4,107.5542382190269
8,39,0,0,1,2,108.58709230586352
8,41,0,0,1,6,109.26361025804684
8,42,0,0,1,2,122.95583929099044
8,7,0,0,1,2,119.55696934511447
8,9,0,1,1,4,122.06738422241725
8,10,0,1,1,3,124.5808253691847
8,16,1,0,0,2,109.51827403381178
8,18,1,1,0,1,129.25723262514424
8,19,1,1,0,4,123.40088810765539
8,22,0,1,1,3,136.08043877018292
8,24,0,1,0,6,108.62126909804459
8,33,1,0,1,3,127.32414029967548
8,50,0,1,1,2,128.9581706054836
8,51,0,1,1,4,122.87197723159908
8,52,0,1,1,1,136.4091199860945
8,53,0,1,1,4,123.79818276260247
8,59,1,0,0,5,107.64799275617395
8,5,1,0,0,0,107.99171115299376
8,11,1,1,0,0,122.94319546637179
8,21,0,0,1,7,112.96656549987496
8,28,0,1,0,4,113.43291100656816
8,37,1,0,1,5,122.52258037003095
8,39,0,1,1,7,121.43618246605146
8,42,1,0,0,6,105.35106089585196
8,47,1,0,1,1,124.54206064094394
8,51,1,0,0,0,108.733129600832
8,2,0,1,1,3,140.94996564941363
8,6,1,0,1,3,129.42867168246372
8,7,1,1,1,3,137.1092009792449
8,15,1,1,0,7,140.0533830187407
8,48,1,1,0,2,131.44243081894604
8,50,1,0,1,6,124.17370558367404
8,54,1,0,0,5,106.78328910861791
8,55,0,0,1,1,110.43419880612956
8,57,0,1,0,1,113.09848589130607
8,4,1,1,1,3,139.9087993624996
8,13,1,1,0,7,121.59244343923532
8,36,1,1,0,2,121.6461254517915
8,42,0,1,1,4,122.61099668108953
8,43,0,1,1,5,124.14469872595801
8,58,1,0,1,4,123.3531510847161
8,59,1,0,1,4,123.14610708165945
8,1,0,0,1,5,105.82860787974685
8,8,1,0,0,1,105.64697383238621
8,10,1,1,1,0,138.7650654109315
8,11,1,1,1,4,139.29827564369137
8,12,0,1,1,7,123.84953219649958
8,21,1,0,0,7,113.51008468414575
8,32,0,0,1,4,109.22866704774117
8,33,0,0,1,5,111.2117930293099
8,36,0,1,1,4,123.22569596242994
8,46,0,0,1,4,107.90042143962962
8,49,0,0,1,4,110.08600249055334
8,50,1,0,1,3,133.4701349956536
8,51,1,1,1,5,139.1603399980974
8,52,0,1,1,3,126.0840653428214
8,5,1,0,1,6,137.6662699807349
8,6,0,1,1,6,123.73429475176074
8,9,1,0,1,3,122.42381002297881
8,21,0,1,1,1,125.55748678172584
8,24,0,1,1,0,125.12521645283262
8,25,0,1,1,5,125.07173350208588
8,33,0,1,1,7,140.4072116528063
8,36,1,1,0,5,121.33159581769722
8,37,0,1,1,5,124.8245337614608
8,38,1,1,1,2,138.72990520351297
8,39,1,1,1,4,138.22968076201374
8,46,1,0,1,5,132.42540296678354
8,47,1,0,1,0,123.73657471302661
8,48,1,0,1,5,122.69282786676665
8,54,0,0,1,3,124.8391962799693
8,18,1,1,0,0,124.90962022320704
8,33,1,1,0,1,123.6702457681604
8,34,1,1,1,3,140.12809840726948
8,35,1,1,1,1,140.14708462158032
8,44,0,1,0,2,112.69052397672809
8,50,0,0,1,5,111.70883934340141
8,21,1,1,1,5,139.10477747531735
8,49,1,1,0,4,121.91983298279358
8,51,0,1,1,2,135.24858303277844
8,17,0,0,1,7,109.94796469309733
8,22,0,0,1,7,108.08715698294598
8,24,1,0,1,3,138.94886055816056
8,25,1,0,1,2,125.612494047417
8,26,1,0,1,0,125.06428806791067
8,27,1,0,1,3,125.00674994023741
8,28,1,0,1,0,124.8715779069103
8,29,1,0,1,2,126.02907153210003
8,35,1,1,1,4,139.54446771355708
8,41,1,1,0,2,121.23708649989007
8,44,0,1,1,3,140.42742501011003
8,58,0,1,0,4,108.33965324701084
8,8,1,1,0,5,121.46365108685507
8,33,1,0,0,3,119.89225015992966
8,41,0,0,1,2,108.47357406262438
8,47,0,1,1,3,124.24580171267934
8,0,1,0,1,7,137.8277636503051
8,7,1,1,1,4,136.64030450302886
8,9,1,1,1,2,138.53100407092006
8,12,0,1,1,0,125.16041854129708
8,13,0,1,1,4,124.77928194936193
8,14,0,1,1,5,127.57406424972125
8,16,0,1,1,2,126.02717411005928
8,20,0,0,1,1,110.76662806726438
8,26,1,1,1,7,140.51493328030725
8,33,1,0,1,2,124.56205179626028
8,6,1,0,0,1,107.2140533516465
8,7,1,0,0,4,106.3085624268219
8,12,0,1,0,6,109.49726782053568
8,15,0,0,0,1,102.59963901308247
8,33,1,1,0,0,122.54963658994748
8,34,1,1,0,7,124.75434273474396
8,37,0,1,0,3,110.29392272573902
8,39,0,0,1,4,107.90075302312555
8,41,1,0,1,7,122.10095912834716
8,45,0,0,1,1,111.06903812651326
8,47,1,0,0,1,109.86889089750187
8,49,1,0,1,4,124.19506064405195
8,53,0,0,1,1,107.93248278048854
8,59,0,0,1,0,108.4722743352555
8,3,0,0,1,5,112.01111058279889
8,21,0,1,0,7,109.695677194832
8,29,1,1,0,3,123.54612746497381
8,31,1,0,0,0,109.3826824400058
8,37,1,0,0,5,108.24811090109613
8,38,1,0,0,6,106.69819699669554
8,48,1,0,0,6,112.68521567836301
8,2,1,1,1,1,137.96729287069385
8,3,1,1,0,6,122.76901602312594
8,6,0,1,0,3,127.55675310937292
8,11,0,1,1,0,125.07633500959322
8,19,1,0,1,4,122.75486507433465
8,23,1,1,0,5,123.6316999778217
8,24,1,1,0,0,124.07865501474575
8,28,1,1,0,1,124.81055033681812
8,47,0,1,1,5,125.42859824486759
8,41,0,1,1,5,121.21584817281651
8,2,1,0,0,7,105.90064325936054
8,8,0,1,0,3,121.20753869568657
8,14,1,1,0,4,123.85682892019364
8,28,0,0,1,0,108.94591846105706
8,29,0,0,1,4,110.3329089631492
8,32,0,1,1,7,122.16418246504875
8,36,0,0,1,1,110.28108171129298
8,41,1,0,1,5,122.36470235090925
8,44,0,0,1,1,108.45661804189753
8,45,0,0,1,0,110.47831421521191
8,47,0,0,1,2,109.96570791979715
8,48,0,1,1,0,123.91188103023228
8,56,0,1,0,1,110.2365145399026
8,4,1,0,1,2,122.82812489379575
8,5,1,0,1,4,121.62354581109395
8,6,1,0,1,0,121.90551591954018
8,7,1,0,1,7,122.21930164156232
8,38,1,0,0,5,106.74369552343136
8,53,1,1,1,1,139.08404717926038
8,57,1,1,0,5,124.56869179097447
8,58,1,1,1,2,140.98827046842524
8,59,1,0,1,6,124.14010737020337
8,0,1,0,1,4,122.55728760382189
8,2,1,0,1,3,131.0050741956334
8,7,1,0,0,2,106.26367420144602
8,10,1,1,0,7,123.7398443410605
8,20,1,0,0,1,110.1418442166184
8,21,1,0,1,2,125.2283479445184
8,22,1,1,1,3,138.97522041830317
8,24,1,0,0,4,108.88074506679693
8,44,0,1,1,5,126.03577832376587
8,45,1,1,0,6,135.660617693176
8,52,1,0,0,4,107.90023982429113
8,57,1,1,1,5,139.9139800233544
8,4,1,0,1,5,123.16865591186158
8,20,1,0,0,2,108.17568384219703
8,26,1,1,0,6,123.08271171486362
8,48,0,0,1,2,118.55990832580567
8,49,0,0,1,0,109.89673671426978
8,12,1,1,0,5,123.8527193365636
8,13,1,1,0,0,122.46235386947959
8,41,1,0,0,4,104.4293143022951
8,49,0,1,0,6,112.48672190938059
8,56,0,1,0,3,126.57928121923436
8,57,0,0,1,1,106.77751973789461
8,1,1,0,1,4,121.63604582403565
8,3,0,0,1,2,107.8418272982204
8,4,0,1,1,4,121.90540749590008
8,5,0,1,1,6,123.066808809193
8,9,1,1,1,5,139.36145920275166
8,19,1,1,0,3,139.8618351436733
8,37,0,0,1,4,107.17432058803388
8,38,0,0,1,5,108.92868930277272
8,50,1,1,0,4,123.84778236931419
8,52,1,1,0,1,125.08606474160793
8,0,1,1,1,5,138.88006348267604
8,6,1,0,0,4,107.08787633600164
8,16,0,1,1,6,129.0005305643097
8,25,1,1,1,5,140.43880499852435
8,30,1,0,1,1,125.15078657502454
8,35,1,0,0,4,108.33766277765514
8,38,1,0,0,2,108.83149631160512
8,45,0,1,1,1,135.25340239798777
8,49,1,1,0,6,122.74678415261505
8,3,1,0,0,0,107.13782745412615
8,20,0,0,0,4,96.73525158721226
8,38,1,0,1,6,124.78257874393218
8,39,0,1,1,0,122.62490999382402
8,59,1,1,0,6,120.8127750683289
8,3,1,1,0,0,123.1092287310923
8,5,1,1,0,1,121.85996119957464
8,11,1,0,0,3,109.73460876934156
8,13,1,0,0,6,106.85081244381
8,39,1,1,0,5,121.64186266107906
8,43,0,1,1,7,141.29917861668594
8,4,1,1,1,2,139.25623126076982
8,5,1,0,1,2,122.83500721807437
8,6,1,0,1,2,121.77324358459478
8,23,0,0,1,1,110.45550603262869
8,32,0,1,1,1,122.48016729134865
8,34,0,1,0,4,108.9089261552822
8,35,1,1,0,1,128.92970350224962
8,36,1,1,1,1,137.37518462558285
8,0,0,1,1,3,136.63445018416581
8,20,1,0,1,4,124.69907682657981
8,21,0,0,1,2,108.87430968678936
8,22,0,1,1,6,124.61507555868008
8,23,1,1,1,2,139.3344296965471
8,24,1,0,1,6,124.06815636372089
8,25,0,0,1,2,113.12881987131416
8,27,0,1,1,1,125.38620443199063
8,50,0,1,1,6,128.06043780321508
8,52,1,0,0,2,107.3150098038883
8,0,1,1,0,5,121.63299969050483
8,16,1,0,1,4,125.08773343199746
8,33,1,0,0,6,109.53610854979614
8,49,1,1,1,0,139.5140624097603
8,50,1,1,1,1,141.4222939927419
8,59,1,0,0,2,106.70753255975266
8,9,0,0,1,6,108.90822320843776
8,16,1,1,0,4,122.92761463776995
8,29,1,1,1,3,143.23396469438416
8,30,1,0,1,7,124.81760355697003
8,43,1,0,0,4,105.84716508167645
8,48,0,0,1,6,108.4740390837918
8,49,0,1,1,6,124.7735061550581
8,1,1,0,0,5,107.74064086700834
8,4,1,0,1,0,123.26046272884096
8,5,1,0,1,0,121.37962907473968
8,6,1,0,1,1,122.42142841840068
8,7,1,0,0,1,106.16109385968741
8,23,0,1,1,1,123.41670920952146
8,26,1,1,1,0,139.62195550807516
8,27,1,1,1,3,141.88119705565984
8,36,0,0,1,6,110.75989857606996
8,38,0,0,1,2,107.51240513007347
8,40,0,0,1,7,106.95015857516202
8,48,1,0,0,4,107.2967832801237
8,55,0,1,1,4,122.98947574370901
8,57,0,1,1,7,127.70520936172262
8,0,1,0,1,1,123.18706721683984
8,20,0,1,1,6,124.9263436491509
8,49,0,0,1,1,109.39541285016617
8,53,1,0,1,2,121.10922592048951
8,54,1,0,1,7,122.30552348920166
8,0,0,0,1,0,110.34739640132102
8,6,0,0,1,0,107.92969287100058
8,8,0,0,1,6,110.44429395232616
8,10,0,1,1,6,124.72697225893698
8,11,0,1,1,5,126.54287958152314
8,16,1,0,1,1,126.98782604550779
8,18,1,0,0,3,126.57924985154028
8,24,1,0,1,1,124.13333585730663
8,35,0,0,1,7,111.54167736461822
8,37,0,0,1,2,107.93638239789783
8,44,1,0,0,6,106.95183808383878
8,0,1,0,1,5,123.17740563798627
8,16,0,0,1,4,110.64605699531847
8,18,0,0,1,3,121.7070134403972
8,29,1,1,0,1,123.42724547373504
8,30,1,1,1,1,140.8318965851647
8,37,0,1,1,3,122.46235402906967
8,13,1,0,0,4,114.70192796919682
8,17,1,1,0,3,125.54720005969683
8,38,0,1,1,0,123.327659082579
8,39,0,1,1,6,123.01601263900768
8,40,1,0,1,4,123.49766551079414
8,50,0,0,1,6,111.14256693346991
8,51,1,1,1,1,140.6447014394448
8,4,0,0,1,5,109.15849450002487
8,8,0,0,1,3,127.06333795389456
8,29,0,1,1,7,130.02823495055299
8,33,0,0,1,0,109.12763590619953
8,35,1,0,1,2,120.99212897591687
8,38,1,1,0,4,121.86476912423633
8,12,0,0,1,5,110.15339935175054
8,15,0,0,1,2,109.75032775404118
8,17,1,1,1,7,139.99767007230616
8,22,1,1,1,1,147.20255081930407
8,23,1,1,1,3,148.44595940550386
8,28,1,1,0,6,123.82481424070355
8,36,1,1,0,3,121.16867400589938
8,37,1,1,1,1,140.15245326394407
8,51,1,0,1,6,124.2671319493148
8,55,0,0,1,7,109.22796898197544
8,5,0,0,1,4,108.39103238797786
8,7,0,0,1,7,112.01560686722149
8,29,0,1,1,2,136.8751380264526
8,31,1,1,1,1,140.69709441709804
8,35,0,1,0,6,108.3969514629005
8,38,1,1,1,7,138.57471365631304
8,5,1,1,0,0,122.16923194283221
8,11,1,1,1,6,139.15168325661446
8,12,1,1,1,0,139.31076871342816
8,13,1,1,1,4,141.88822262442503
8,14,1,1,1,5,145.1270864094901
8,17,0,0,1,3,127.30718636564909
8,20,1,0,0,0,107.97306828751877
8,39,1,1,0,0,122.56203541368973
8,40,1,1,0,7,121.59555486502677
8,47,1,1,0,0,123.68320070941861
8,48,1,1,0,4,123.13093229779858
8,54,0,0,1,2,108.13102741453878
8,55,0,1,1,7,124.75608803390381
8,56,0,1,1,2,126.43488746102261
8,17,0,0,1,6,109.8943659398125
8,18,0,1,1,6,123.28314824090067
8,20,1,0,1,3,135.75443021639632
8,34,1,1,0,6,123.76504778665264
8,44,1,0,0,4,106.3276183812126
8,7,0,1,1,1,124.10991657992003
8,14,1,0,0,7,107.5912899601217
8,29,0,1,1,3,127.80656077624059
8,45,1,1,1,0,140.25683024210474
8,46,1,1,1,5,140.36064659667304
8,51,0,0,1,2,108.1909003188649
8,52,0,0,1,4,109.5167733526971
8,54,1,0,1,4,122.47739755839572
8,56,0,0,1,1,108.07949633602139
8,58,0,0,1,4,110.90580538256845
8,24,0,1,1,6,123.63380641296499
8,25,1,0,1,0,125.71944180952718
8,26,1,0,1,4,125.28771963148557
8,27,0,0,1,1,112.59861517351295
8,41,0,1,1,2,124.99665496794424
8,43,1,1,1,1,138.5385287170456
8,49,0,0,1,6,108.9732110154257
8,50,0,0,1,2,109.10067207819512
8,53,0,0,1,4,106.29926073309451
8,54,1,0,1,1,134.78388143057015
8,9,1,0,1,5,122.69387184078593
8,15,1,1,0,1,124.04770126592572
8,17,1,1,0,5,125.82539565210223
8,26,1,0,1,2,124.9209028470594
8,27,1,0,1,2,125.20697289417657
8,43,1,0,1,3,131.76255318860424
8,44,1,0,0,5,106.17913822126908
8,3,1,1,0,5,122.95045430976612
8,15,1,0,1,3,133.38097306849932
8,23,1,0,1,7,122.86622191849465
8,25,1,0,1,7,125.0473621645733
8,28,1,1,0,4,123.20649935808362
8,3,0,1,0,2,116.27623344458594
8,20,0,1,1,2,123.61231926134089
8,26,0,0,1,1,110.82862824252072
8,30,0,1,1,0,125.73509123551653
8,31,0,1,1,6,127.1795080591047
8,32,0,1,1,0,123.41203985986627
8,33,0,1,1,4,124.9425429278731
8,34,0,1,1,6,121.33134714961932
8,35,1,1,1,3,160.51647884826957
8,36,1,0,1,4,121.99675303172174
8,47,0,0,1,3,127.25395252927785
8,9,0,1,1,0,124.81067411967719
8,10,0,1,1,2,122.11219273376027
8,20,1,1,0,7,124.49331513996849
8,27,1,1,1,7,141.26956184834842
8,39,1,1,0,7,135.1367472305746
8,2,0,0,1,1,107.96643669426952
8,8,0,1,1,5,122.03170943238075
8,27,1,0,0,3,109.51548539402178
8,30,1,1,0,5,123.60643198868738
8,34,1,1,0,2,123.42122823724827
8,37,1,1,1,4,138.54095550708536
8,44,0,1,1,4,122.8054849369299
8,28,0,0,1,6,110.36723754520817
8,30,0,0,1,7,110.7439359626027
8,11,0,0,1,2,110.7583564438964
8,12,0,0,1,7,112.42112223018478
8,24,1,0,0,7,113.33860037529338
8,30,0,1,1,5,126.7164116003411
8,0,1,0,0,3,107.95315153198675
8,1,1,1,0,4,121.38969269442515
8,16,1,1,0,0,123.86657373358261
8,29,1,0,1,6,125.70809406787541
8,30,0,1,1,7,129.81135699870555
8,57,1,0,0,7,106.88432807760984
8,58,1,0,1,2,130.26028033769998
8,59,1,0,1,2,132.32254361878717
8,1,1,1,1,3,138.56277415388948
8,7,0,0,1,3,110.10209097547497
8,50,1,1,1,3,154.4005775564537
8,4,1,1,0,5,122.29870403667435
8,26,1,1,0,0,123.26313039242748
8,44,0,0,1,4,107.26041077932095
8,52,1,1,1,6,153.75711557049436
8,11,1,0,1,7,122.74101323257938
8,27,0,0,1,2,109.59866293475021
8,33,0,1,1,6,125.51346095365675
8,34,1,1,1,1,139.26956932812627
8,35,1,1,1,2,139.52967731498904
8,36,1,1,1,3,147.14102367818268
8,58,1,1,1,4,140.9696347219853
8,59,1,1,1,4,137.4216976642116
8,7,1,0,1,5,121.97274947505606
8,8,1,0,0,6,105.48906741290499
8,15,1,0,1,5,124.69654978308843
8,42,1,0,0,5,105.56864697410998
8,28,1,0,0,5,109.42260493765602
8,6,1,0,0,3,108.94895704145699
8,7,1,0,1,2,122.43400936335527
8,27,1,0,1,5,125.69123283607081
8,43,1,1,0,6,121.60726135073739
8,12,1,1,1,3,138.45313480797807
8,22,0,1,1,0,123.52667530087403
8,23,0,1,1,5,126.55951394797044
8,42,0,1,1,5,122.81435424726018
8,43,0,1,1,2,124.27494485931713
8,15,0,0,1,3,108.68073366439955
8,33,1,0,1,5,123.74555602236504
8,46,1,0,0,7,108.29480641361421
8,48,1,0,1,7,123.06690240761607
8,21,1,0,1,1,125.68716011235331
8,22,1,0,1,5,124.38750657299387
8,29,1,0,0,3,122.03985764518667
8,31,1,1,0,5,122.88683246344847
8,53,0,0,1,6,110.45720730252992
8,14,0,1,0,6,113.10209392433626
8,39,1,0,0,1,105.85666523554255
8,40,1,0,0,4,105.60280271467019
8,53,1,0,0,4,108.44271205123763
8,57,1,1,0,3,123.66449641856958
8,8,1,1,0,7,121.83685196222126
8,15,0,0,1,6,107.76615967016427
8,22,0,0,1,2,120.76365805089144
8,24,1,0,1,2,124.10851799953429
8,26,1,1,1,5,139.7818731854672
8,46,1,1,1,7,140.01421865763967
8,31,1,1,0,0,124.58027171285757
8,34,1,1,0,5,123.00006358329792
8,38,0,1,1,1,125.37807176988684
8,54,1,0,1,5,122.5499441956013
8,31,1,1,1,3,141.0015506372662
8,45,0,0,1,6,108.79766957209952
8,50,0,1,1,0,126.23436945310326
8,52,0,0,1,2,110.95355297506715
8,12,1,0,1,2,125.87976787463083
8,13,1,1,1,5,138.05150980205752
8,36,0,1,1,3,137.5847732833791
8,41,1,1,1,6,137.85691182432276
8,9,1,1,1,7,151.6156160295602
8,15,1,1,0,0,124.4042015589891
8,22,1,1,1,7,139.42339249938541
8,40,1,0,0,7,105.65968843258814
8,42,0,0,1,6,106.48382708557995
8,0,1,0,0,6,115.91328655289662
8,8,0,0,1,0,109.91366641662016
8,25,1,1,1,4,140.89796304008115
8,27,1,1,1,2,140.94055985057588
8,28,1,0,1,7,124.64950774279575
8,31,0,1,1,2,124.9253224930797
8,38,1,1,1,4,138.54212877492776
8,39,1,1,1,7,147.28724089483046
8,40,0,0,1,0,107.56581191937583
8,42,0,0,1,7,107.05081233178211
8,48,1,1,1,2,138.8608739020408
8,22,0,0,1,5,108.88160674113236
8,29,0,1,1,0,126.55606398901675
8,35,1,0,1,3,122.49485759324469
8,36,1,1,0,6,135.1565573919229
8,41,1,1,1,2,137.77170435550175
8,42,1,1,1,3,139.60287323306662
8,43,1,1,0,4,121.36063564438902
8,48,0,0,1,4,109.8565472206131
8,49,1,0,1,6,124.70649740797259
8,1,1,0,0,1,106.10372871826438
8,3,1,0,1,3,123.19079003653482
8,14,0,1,1,6,123.73553234579289
8,29,1,0,0,7,111.46831796014183
8,42,1,0,0,7,104.83189049668434
8,43,0,0,1,5,110.18856748319504
8,56,1,1,1,4,149.53710964481732
8,11,1,0,1,5,125.12746685365975
8,31,0,0,1,7,110.16141284536965
8,37,1,0,0,7,105.95003429626652
8,8,1,1,1,2,136.6316144177939
8,18,1,1,0,4,126.32255869383899
8,2,0,1,0,4,109.22667917996745
8,21,1,0,0,6,109.43975567985785
8,53,0,1,1,2,127.27737823249072
8,55,1,0,1,2,124.45399099961251
8,10,0,1,1,4,125.58762483889869
8,31,1,1,1,0,140.63134706934605
8,32,1,1,1,3,144.51113129125358
8,41,0,0,1,4,107.48170553073133
8,0,1,0,1,6,123.01784627218359
8,14,1,0,1,6,124.67746852840213
8,23,1,0,0,7,109.45233221694632
8,28,1,0,1,5,124.49061963890452
8,36,1,0,1,0,121.29437019271884
8,37,1,0,1,0,122.68342957725562
8,38,1,0,1,4,125.79833603729577
8,39,1,0,1,5,124.28004068575828
8,1,0,1,1,5,124.56546896686008
8,16,1,0,0,6,110.37253198269951
8,28,0,1,1,7,126.82031467833869
8,33,1,0,0,1,109.4763912798431
8,34,1,0,0,6,108.3551193192465
8,2,0,1,1,7,123.50690394026573
8,24,0,0,1,1,113.83607424798063
8,29,0,0,1,0,112.90821587310695
8,36,1,0,1,3,122.07039716485893
8,40,1,1,0,6,127.94693232208617
8,48,1,1,1,7,140.7756228984111
8,7,0,1,1,2,121.97115031956942
8,8,0,0,1,1,111.67270646429189
8,24,1,1,0,3,136.8764504682017
8,38,1,0,1,5,124.40353686120525
8,51,1,0,1,1,122.06936574419014
8,53,1,0,0,5,111.86239644315194
8,55,1,1,1,0,139.29347174212756
8,5,0,0,1,6,109.8033429095364
8,13,0,1,1,5,122.2996458278623
8,17,1,0,1,1,123.64256527015287
8,18,1,0,1,2,124.2657283948908
8,29,1,1,0,5,121.74824890489465
8,15,0,1,1,4,127.88665814267657
8,17,0,1,1,2,125.38950845273227
8,19,0,1,1,1,123.23387045929026
8,44,1,0,1,5,122.32152767192831
8,46,0,1,0,0,112.11631984289758
8,5,1,1,0,5,121.80949284265759
7,50,0,0,1,6,119.92923876650543
7,52,1,0,0,6,118.29862576507608
7,53,0,0,0,2,107.39918479475251
7,56,0,0,0,5,102.5335692385621
7,57,0,0,1,4,120.03747333781106
7,58,0,0,1,6,123.08380245089236
7,59,0,0,1,5,120.12965324675173
7,0,1,0,1,3,121.06625042162136
7,2,1,1,0,7,135.61046654171457
7,5,0,0,0,6,99.0916021278666
7,6,1,0,0,3,116.22706684922014
7,7,1,0,1,0,113.29912487534712
7,8,1,0,1,3,123.13924848411821
7,9,1,0,0,7,122.15385464754601
7,10,0,0,0,3,103.81441312615928
7,11,0,1,1,6,137.39442271417363
7,12,0,1,1,5,135.6059545387869
7,13,0,1,1,3,136.16181625902954
7,15,1,1,0,4,137.50716582427657
7,16,1,1,0,4,137.5613192197093
7,19,1,0,1,0,120.27439006555535
7,20,1,0,1,4,136.02085557354027
7,21,0,0,1,5,120.91494632136703
7,22,1,0,0,4,115.45777847309964
7,23,0,0,0,3,104.94888951894072
7,24,0,0,0,7,110.75521127377289
7,25,0,0,0,1,105.60701772944911
7,26,0,0,1,3,128.57847554700788
7,29,0,0,1,6,119.54548708693822
7,30,0,1,1,5,128.2943699844603
7,31,0,1,1,3,136.70879291579894
7,34,0,1,0,4,116.18593988345958
7,36,1,1,0,7,129.84531596326894
7,37,1,1,1,7,150.6873999141527
7,38,0,1,0,4,116.18992045512685
7,39,0,1,0,6,118.50999640379625
7,44,1,0,0,1,118.22641370698878
7,46,0,0,0,3,112.51964203726513
7,47,0,1,0,5,113.24299519407414
7,48,1,1,0,0,131.62918566335983
7,49,1,1,0,2,134.06317118876055
7,50,1,1,0,3,136.028309872358
7,51,1,1,1,1,121.66602953144323
7,54,1,0,0,4,117.99950874759014
7,55,0,0,0,4,101.71330019150606
7,59,1,1,0,6,132.14992800099674
7,6,0,1,0,7,118.55463626527956
7,7,0,0,0,1,111.88267590629056
7,8,0,0,0,3,106.12976841769711
7,9,0,0,0,1,102.66260535434915
7,11,0,0,1,0,120.45149792968668
7,13,1,0,0,4,118.87021944172037
7,14,0,0,0,5,103.91758045269279
7,15,0,0,0,0,105.60352750914868
7,17,0,0,0,7,105.73039812416197
7,18,1,0,1,5,133.99228679149317
7,19,0,0,1,0,118.7005746795315
7,20,0,0,1,5,121.16630052512217
7,21,0,0,0,3,105.08506270369752
7,23,0,1,0,2,119.45645464559384
7,27,0,1,1,3,143.98794767804887
7,28,0,0,0,5,104.71905267441122
7,30,0,0,0,1,103.16522274678509
7,31,0,0,0,3,107.50503626923899
7,33,1,0,0,6,117.59356631081997
7,37,0,0,1,7,119.01485953235078
7,39,0,0,0,3,108.31336261756178
7,42,0,0,0,5,101.18108427866585
7,43,0,0,0,4,102.52839361720768
7,44,0,0,0,7,105.16005627091421
7,49,1,0,0,7,118.84337977490559
7,54,0,0,0,7,104.65396107144106
7,58,1,0,0,5,121.1591383862839
7,1,1,1,0,2,136.50320737263183
7,4,0,1,1,1,133.48617892376276
7,7,0,0,0,0,100.92834963122739
7,9,0,1,1,7,142.7098208283536
7,10,0,0,1,7,117.67415348764494
7,13,0,1,0,1,119.62100671599623
7,14,0,1,0,6,120.92789514722463
7,19,0,0,1,6,118.84344142798633
7,20,1,1,1,4,125.40672653173456
7,21,0,1,1,7,135.02259189159943
7,23,1,0,0,1,121.33073184122321
7,24,1,0,0,0,118.51137971549136
7,25,1,0,0,7,120.2897173402289
7,26,0,1,0,4,121.28255089094961
7,28,0,1,0,6,119.3762965946651
7,30,0,1,0,6,118.86227890884525
7,33,0,1,1,2,137.2150769490255
7,34,0,0,1,2,118.22646110118279
7,36,1,0,1,7,119.35628790209338
7,37,1,0,0,5,117.83299159273037
7,40,0,0,1,2,118.57712431205584
7,41,0,1,1,6,131.9971957888565
7,42,0,0,1,3,115.9701350380588
7,43,0,1,0,7,119.254446590233
7,46,1,1,0,3,132.71977216073623
7,47,1,0,0,4,114.24777010186182
7,49,1,0,0,3,122.35818191331796
7,50,1,1,1,7,156.487531370115
7,51,0,1,0,4,116.7905538495145
7,53,1,1,0,0,130.68090750824004
7,54,1,1,0,1,134.38792680932872
7,55,1,1,0,3,133.50364576178995
7,56,1,0,1,6,111.94249970013779
7,57,1,1,1,0,84.64873287332283
7,58,1,1,1,2,102.104689189573
7,59,1,1,1,5,111.31450971787946
7,0,0,1,0,4,117.60503420779861
7,2,1,1,0,2,136.3699108184885
7,5,0,0,1,1,118.82862896691353
7,6,0,0,0,2,103.00714035822475
7,7,0,0,0,2,100.40924245458812
7,11,0,1,0,5,115.98672111774292
7,14,0,1,1,3,147.95806386055702
7,18,0,0,1,6,122.08282488102735
7,19,1,0,1,5,133.6176896016735
7,20,0,0,0,0,105.6641606214258
7,22,0,1,1,5,132.71611747597044
7,24,0,0,0,5,104.8177647097169
7,27,0,1,0,2,121.88139902663565
7,29,0,1,0,6,117.44554811329462
7,34,0,0,1,5,118.40323848935834
7,38,0,1,0,5,115.63703660480529
7,40,0,0,0,7,104.12029073857325
7,41,0,0,0,3,111.79641196445883
7,42,0,1,0,0,116.8791005699324
7,43,0,1,0,1,118.0533772972281
7,44,0,1,0,7,118.64422094688058
7,45,0,1,1,5,140.9795479844324
7,48,1,1,0,2,133.76823587983162
7,51,1,0,0,0,119.68571134354734
7,52,1,0,0,3,123.06548437212349
7,54,1,1,0,0,131.46627205843535
7,55,1,1,0,4,133.8549850748754
7,58,1,1,0,0,131.73185903680803
7,2,0,1,0,6,118.98408725418058
7,4,1,0,0,4,117.80182251225169
7,5,1,0,0,4,117.69407329022273
7,8,1,0,1,6,117.33693868775917
7,9,0,0,1,0,116.8622414300269
7,11,0,0,1,6,120.47606571674892
7,12,0,0,1,0,123.42030275980451
7,13,0,0,1,3,128.7371734382603
7,16,0,1,0,2,122.92286254660648
7,20,0,1,0,7,120.42435576693828
7,21,0,1,0,1,120.1734450808157
7,22,0,1,0,6,120.78502158338195
7,31,0,1,0,2,115.86672286609777
7,36,1,0,0,0,116.4254690764557
7,38,1,0,0,4,116.46276535908345
7,40,1,0,0,3,115.64739715101588
7,41,1,1,0,6,129.5780871654984
7,42,0,1,0,1,119.46199150988964
7,45,0,0,0,0,103.82924178762917
7,49,1,0,0,6,119.34574283583753
7,56,0,0,0,1,102.12941999243147
7,59,0,1,1,6,134.25054231544482
7,0,1,0,1,2,116.9076848479057
7,1,1,0,1,0,76.36861106119251
7,2,1,0,1,0,86.1385971322126
7,3,1,0,1,3,119.7872440223428
7,5,0,1,1,5,136.062315135136
7,8,1,1,0,4,132.61552110280465
7,9,1,1,0,2,133.78024344617916
7,10,1,1,0,1,130.74304852766136
7,11,1,1,0,6,134.92694548933804
7,13,1,0,0,7,119.08598482916662
7,14,0,0,1,4,119.98022905927566
7,15,1,0,1,7,98.79186005751191
7,16,1,0,0,5,120.74120516801297
7,18,0,1,0,1,121.70129728814658
7,19,0,1,0,2,122.47461446901367
7,22,0,0,0,5,105.24329939875882
7,24,0,0,0,0,103.8703596603528
7,30,1,0,0,1,114.1908850815176
7,31,1,0,0,6,116.5662808199416
7,32,1,0,0,5,118.06790543091671
7,33,0,0,1,0,117.46634322424167
7,34,0,0,1,7,117.92887587657842
7,40,0,1,1,0,131.3685260578572
7,41,0,1,1,2,132.63843443476736
7,42,0,1,1,4,131.4668504169741
7,43,0,1,1,6,133.97843748700512
7,44,0,0,1,3,118.21909581675419
7,45,0,0,1,4,118.689335156157
7,46,1,0,1,2,117.69203270542889
7,47,1,0,1,1,121.17925522951289
7,48,1,0,0,7,125.81222673783921
7,53,0,0,0,3,115.05639920990345
7,56,0,1,1,3,133.1434999277345
7,59,0,0,1,4,116.70410602977796
7,0,0,0,1,6,121.62149039362001
7,1,1,1,1,2,128.11801975060087
7,9,1,0,0,2,117.44225370069718
7,10,1,1,0,6,130.24411903321533
7,11,1,0,0,4,116.77723925268013
7,12,1,0,0,1,118.69920479209836
7,13,1,0,0,2,119.46248270767663
7,14,1,0,0,5,120.63869995093258
7,15,1,0,0,2,120.73837968096328
7,17,1,0,0,4,121.6342502182743
7,18,1,0,0,5,121.96974937100629
7,22,0,1,0,1,120.68063604571296
7,23,0,1,0,5,116.24847071365677
7,24,1,1,0,5,132.08760103458914
7,26,1,1,0,4,133.92877575808936
7,33,1,0,1,4,114.32456692474771
7,34,1,0,1,0,101.28343696468269
7,35,1,0,1,0,97.7677340522295
7,36,1,0,1,2,108.58051095997635
7,38,1,0,0,6,116.76543221346981
7,41,0,0,1,4,117.11768993855364
7,42,1,0,1,6,118.48292471452069
7,43,0,0,1,2,119.22669850168833
7,49,0,0,1,6,118.33316743891496
7,50,0,1,1,3,135.4434774446999
7,53,1,0,0,1,119.5098121301874
7,54,1,0,0,1,120.25910746624601
7,55,1,0,0,5,120.5835537277464
7,59,1,1,0,2,133.220143223603
7,0,1,0,0,7,122.2760272156888
7,3,0,0,0,6,101.91508422675513
7,6,1,0,0,4,115.7713299877878
7,10,0,0,0,7,103.44949064611275
7,11,0,0,0,3,103.3921082571056
7,14,0,0,0,0,104.37202058631551
7,16,1,0,1,5,116.75882757622485
7,17,0,0,0,1,106.40455854560733
7,18,0,0,0,3,111.24283191931902
7,20,0,0,0,6,105.35216773395483
7,21,0,1,0,7,122.93612513680327
7,24,0,1,0,2,118.75075696554833
7,25,0,1,0,1,119.14712875069769
7,27,1,1,0,2,137.96760345782562
7,31,0,0,0,5,102.59308201836936
7,32,1,0,0,3,118.38594245901284
7,34,0,0,1,4,118.80460405844444
7,35,1,0,1,4,105.43302473210295
7,36,1,0,1,0,111.90623907724546
7,37,1,0,1,1,119.86744358281081
7,39,1,1,0,0,130.05315041842917
7,40,1,1,0,6,132.05066948147694
7,41,0,0,0,1,100.31225065436925
7,45,1,1,0,5,133.00083399517996
7,46,0,1,0,5,115.50261138378244
7,47,1,1,1,1,146.5917295122268
7,48,1,1,0,4,130.08619418264286
7,50,0,0,1,7,124.00388843225623
7,54,0,1,1,7,138.5380327714917
7,55,0,1,1,7,135.62535971639903
7,56,1,0,0,4,118.90660619650787
7,59,0,1,0,4,118.66312860910055
7,2,0,1,1,1,138.4215893373907
7,3,0,1,0,3,120.83021357515729
7,4,0,1,0,2,121.3707641731519
7,13,0,0,0,2,102.78635397222433
7,17,1,0,0,2,121.49211347935632
7,18,1,1,0,1,138.0749806233691
7,24,0,0,0,1,104.72721668361791
7,25,0,0,0,4,104.29203337775441
7,30,0,0,1,3,120.17342833384797
7,33,0,0,1,2,117.24330894136347
7,34,0,0,1,3,118.51325954479246
7,35,0,1,1,0,134.33743675376013
7,37,0,1,0,0,119.72069457227622
7,38,0,1,0,3,127.48134043632066
7,40,0,1,1,1,131.25047923978119
7,42,0,1,0,3,127.8389975491081
7,45,1,0,0,6,118.94872852727879
7,48,0,0,0,6,102.45795836394814
7,49,1,1,0,6,133.72588355181364
7,55,0,0,1,4,118.53496626105843
7,56,0,0,1,6,122.31934287250536
7,57,0,0,1,0,121.47004828028632
7,59,1,0,1,1,125.37303069169454
7,0,1,0,0,3,122.54015696403027
7,1,1,1,0,0,133.87042691644825
7,3,0,1,1,1,136.0051961682298
7,4,0,1,0,1,118.86014770473783
7,7,0,1,1,4,132.66940770857966
7,8,1,1,1,3,151.59400016560267
7,12,0,1,0,5,118.29848105293
7,18,0,0,0,0,106.57239307170207
7,26,0,0,0,5,104.84538209923876
7,28,1,0,0,2,118.49105240094605
7,30,1,0,0,2,113.88717399920769
7,32,0,0,1,3,117.43727438372443
7,34,1,0,0,3,117.1622823967169
7,37,1,1,0,0,131.5574374905636
7,39,0,1,0,4,115.48619767692445
7,42,0,0,0,2,100.45319988128772
7,44,0,0,0,0,104.05210519093097
7,48,0,1,1,1,132.48123693334267
7,49,0,1,0,0,118.86211450940394
7,52,0,1,0,7,120.05451206894895
7,57,0,1,0,6,116.31987212839256
7,59,0,0,0,4,99.52244322112567
7,1,1,1,1,0,107.18558536946114
7,2,1,1,1,2,113.61189553308849
7,3,1,0,1,4,99.54489175056116
7,4,0,0,1,2,120.23467018030281
7,7,0,1,0,2,120.28507337039042
7,9,1,0,0,4,117.14623324201031
7,10,1,0,0,1,117.67057865412518
7,11,1,0,0,1,116.6620342640631
7,15,1,1,0,7,140.2568844480959
7,19,0,0,0,1,107.37039625022221
7,28,0,0,0,6,104.81519076664398
7,35,1,0,0,5,119.4627091174501
7,37,1,0,0,4,117.86097342537627
7,39,1,1,0,2,130.82542430770857
7,40,1,0,0,5,116.3166745024078
7,41,1,0,0,1,116.12732955811275
7,42,1,0,0,6,115.38139979199184
7,44,0,0,0,1,103.94067121941764
7,45,0,0,0,2,105.74594181552105
7,52,0,1,0,3,124.3503970782997
7,55,0,0,1,7,118.93193436049933
7,56,1,1,0,3,135.79679678951345
7,57,1,0,0,0,119.35438478170623
7,58,1,0,0,1,119.68269180245123
7,1,0,0,1,2,119.78692731320596
7,2,0,0,1,6,117.84441132886532
7,3,0,0,1,0,118.54744696648181
7,4,0,0,1,7,118.80271386537177
7,8,0,0,0,1,102.29898895555313
7,9,0,0,1,4,117.17330833024086
7,10,0,0,1,6,116.91441314549878
7,15,1,0,0,4,119.0952229310085
7,17,1,1,0,0,137.59240368119353
7,19,1,1,0,2,137.02366827309388
7,21,1,1,0,7,135.4169811098103
7,23,0,0,0,4,102.17250969803248
7,28,0,1,0,4,115.43710690924857
7,29,0,1,0,1,118.14522394118387
7,30,0,1,0,4,115.00210100430243
7,33,0,0,1,5,117.5176291782239
7,35,0,1,1,6,136.00483925902086
7,36,0,0,1,0,116.84830814245805
7,38,0,1,1,6,135.74520792677308
7,39,0,1,1,0,129.12187195181716
7,41,0,1,0,5,119.59097585582523
7,42,0,1,0,2,119.83036352883427
7,46,0,0,0,7,103.91014236864278
7,47,0,1,0,4,118.82660351336375
7,49,0,1,0,6,117.1182851094606
7,51,1,0,0,1,119.68934376195173
7,52,1,0,0,2,123.29637958431888
7,53,1,1,0,5,134.1038035789122
7,55,1,1,0,0,133.98176981262964
7,56,1,1,0,6,134.5044424836574
7,57,0,0,0,2,103.87889214012947
7,59,0,0,0,3,103.34179772012558
7,0,0,1,1,5,135.60694595953453
7,1,0,1,0,1,119.43842134489745
7,3,1,0,0,6,120.92487858577613
7,7,0,1,0,3,119.29205272001983
7,16,0,0,0,1,105.57045944984752
7,17,0,0,1,6,122.78703071880531
7,18,1,0,1,6,123.75849171368945
7,19,0,1,1,0,133.19084717545746
7,20,0,1,1,2,137.25688316034703
7,21,0,1,1,2,134.09577105961708
7,23,0,0,1,0,118.80428474313513
7,24,0,0,1,3,124.52265028670641
7,25,0,0,1,6,121.23851008580466
7,26,1,0,1,7,140.8740256660831
7,28,0,0,0,3,106.41932996947034
7,30,0,1,0,1,118.6144044109976
7,34,0,0,0,1,102.3191237350516
7,36,0,0,0,5,101.93551007769206
7,40,1,1,0,5,131.943980764891
7,43,0,0,0,2,104.0565362627827
7,47,0,0,0,0,103.07146208438631
7,49,0,0,0,0,103.81039152248118
7,52,1,1,0,2,134.07646681406547
7,53,1,1,0,1,131.51944424688566
7,54,1,1,0,3,134.31234566720116
7,55,1,0,0,1,121.40409757482166
7,56,1,0,0,3,125.15413067029142
7,57,1,0,0,5,119.06048391413125
7,59,0,0,0,0,103.44265785904713
7,0,0,0,0,6,110.10520032887075
7,3,1,0,0,5,120.08111897612484
7,4,0,0,0,4,99.91666459542033
7,6,0,0,0,4,100.00429535856509
7,7,1,0,0,5,116.746974207608
7,8,0,0,0,0,101.20813108600609
7,12,1,1,1,6,122.53700494320064
7,14,0,1,1,5,135.55923923101903
7,16,0,0,1,2,122.85266789637247
7,17,0,0,1,4,119.41198070435654
7,18,0,0,1,4,122.35016799600436
7,19,0,0,1,7,117.98239820618691
7,22,0,0,0,2,104.73160014537385
7,23,0,1,0,3,119.40555545852405
7,26,0,1,0,3,121.90502585910015
7,32,0,1,0,4,114.68013819771818
7,34,1,0,0,2,117.65163417096697
7,36,0,0,0,0,103.46309635091198
7,38,0,0,0,7,103.69427912657203
7,40,1,1,0,2,131.41287246901203
7,42,1,0,0,1,115.50076666337205
7,43,1,0,1,7,133.22979284884656
7,46,0,1,0,4,117.14973178264559
7,47,0,1,0,2,118.8469031568166
7,50,0,0,0,0,103.46914774441844
7,52,0,1,0,4,118.94096340120743
7,54,0,1,0,2,119.40819869405317
7,55,0,1,0,4,117.44717505781541
7,3,0,1,0,4,115.62844687075537
7,4,1,1,0,0,130.86509422201337
7,5,1,1,0,1,132.7368766746724
7,6,1,1,0,6,136.01625702157386
7,9,0,1,1,6,135.0335744520916
7,10,0,1,1,3,135.50565523786588
7,11,0,0,1,4,119.03067519514718
7,12,0,0,1,3,122.76864857659052
7,15,1,1,0,6,135.62232130599045
7,16,0,0,0,3,105.2150555865557
7,23,0,0,0,2,104.44562330038943
7,25,1,0,0,6,119.73482373081337
7,28,0,1,0,2,117.88795160269933
7,33,0,0,0,5,100.43403175494694
7,37,0,1,0,7,119.09129309549186
7,38,0,0,0,1,102.63089623155147
7,40,1,0,0,7,116.05895433997999
7,46,0,1,0,0,117.39506896467799
7,53,1,0,0,6,122.96062201418465
7,58,1,1,0,4,134.28052069887642
7,59,0,1,0,1,119.28702601995262
7,1,0,0,0,2,104.74022143636748
7,2,0,1,0,3,119.44567088014772
7,4,0,0,0,2,100.68471713050377
7,5,0,0,0,7,102.06448099941731
7,7,1,0,0,3,116.54861167547244
7,9,1,0,0,0,116.03393835843774
7,16,0,1,0,7,121.8459561992793
7,21,0,1,0,5,118.00511856866342
7,22,1,1,0,3,136.3458234339534
7,25,1,0,0,5,120.8422754765587
7,28,0,0,1,4,116.0195018782402
7,30,0,0,1,4,115.90955099788944
7,31,1,0,1,3,122.51330477724113
7,32,1,1,0,4,132.68678249489884
7,35,0,0,0,2,104.65920381610475
7,37,0,0,1,1,119.84872808822084
7,43,1,0,0,1,118.3857800195023
7,44,1,0,0,7,119.14235373390981
7,48,1,0,0,1,118.46818443004625
7,50,0,0,0,2,103.63384349163088
7,51,0,1,0,6,119.35427206964661
7,56,0,0,1,1,121.74774875493306
7,2,0,0,0,5,101.71838761240905
7,4,1,1,0,2,134.8946827698077
7,6,0,0,1,2,117.63495249725953
7,7,0,0,1,4,116.95191986538165
7,8,0,0,1,4,118.68355853892012
7,9,0,0,1,7,118.36758145719695
7,10,0,0,0,6,102.18541334969203
7,15,1,0,0,0,119.32565130915647
7,16,1,0,0,3,121.78823126232831
7,17,1,1,1,7,158.15461932604936
7,18,1,0,0,0,119.74025440736284
7,20,1,0,1,3,134.36996858857543
7,21,1,1,0,4,133.65323998548334
7,22,1,1,0,7,134.951352445066
7,23,1,1,1,4,116.06501025902324
7,24,0,1,1,2,133.5802266056343
7,25,0,1,1,2,137.7510083680464
7,26,0,1,1,4,134.07788536156886
7,27,1,1,1,7,162.99433179022157
7,33,0,1,0,3,119.11492554169493
7,34,0,1,0,6,119.9855584397831
7,37,0,0,0,4,99.63632621135157
7,40,0,1,0,2,117.28328428455052
7,43,0,1,0,3,127.40042177197657
7,44,0,1,0,2,124.26899520946984
7,45,0,1,0,1,119.87279971683833
7,48,0,1,0,2,117.17974227622477
7,59,0,1,1,3,135.3933106383579
7,5,1,0,1,6,119.67046336380349
7,6,0,0,1,6,113.89858206455712
7,8,0,0,1,2,119.06949669033166
7,9,0,1,1,2,137.60548718334263
7,11,0,1,1,4,134.68464290917566
7,15,0,0,1,1,120.76288063782532
7,17,1,0,0,0,121.27198293881307
7,18,1,0,0,6,121.3087686637739
7,19,0,1,0,5,120.57176709613276
7,21,0,1,0,2,119.3347230961004
7,24,1,0,0,4,118.13747307000929
7,25,0,0,0,3,109.64803987811604
7,26,0,0,1,4,116.74108160969114
7,27,0,0,1,7,120.54109700417284
7,28,1,0,1,0,116.06163857488905
7,29,1,0,1,0,119.97422486975583
7,30,1,0,1,6,123.34329040411271
7,31,0,0,1,6,118.28386222465934
7,32,0,1,1,0,134.220285841692
7,33,0,1,1,7,137.2807528075645
7,35,0,1,0,4,112.56603757481922
7,37,1,0,0,2,118.20072585101167
7,38,1,1,0,3,133.44795888255254
7,39,1,1,0,7,135.6816779583595
7,40,0,0,0,2,104.00149631219557
7,44,1,1,1,1,127.68748441871205
7,46,1,1,0,4,133.20788895263757
7,49,0,1,0,5,117.1765591441123
7,50,1,1,0,0,131.5793982417514
7,54,1,1,0,6,133.99889434610748
7,0,1,0,0,1,118.21760886472275
7,1,1,0,0,5,118.69487450577479
7,3,0,0,0,2,103.41528624933024
7,4,0,1,0,3,118.3806923390912
7,5,0,0,0,3,108.12533587055836
7,11,0,1,0,3,115.83544892902347
7,13,0,0,0,1,102.91187024409963
7,21,1,0,1,1,127.93939717497784
7,30,0,0,0,0,103.10242830151671
7,31,0,0,0,4,100.58542947768166
7,33,1,1,1,4,112.94880217363021
7,34,1,1,1,2,135.09089949253436
7,35,1,1,1,3,154.3596994034878
7,38,0,0,1,6,119.2777584623407
7,41,1,0,0,6,117.97751552269541
7,50,1,1,0,2,136.38806416645076
7,52,0,0,0,5,105.28805355339928
7,54,0,0,0,3,105.14290108031219
7,56,0,0,1,4,117.42945830004201
7,57,1,0,1,1,111.806862421444
10,0,0,0,1,6,87.92642170251138
9,12,0,1,1,4,123.13367688977614
9,13,0,1,1,3,138.82219489626905
9,21,0,0,1,2,112.4623244076792
9,22,0,0,1,6,111.71517588006795
9,34,0,0,1,2,111.7713021559812
9,14,1,1,1,4,139.83223652798517
9,42,0,1,1,6,129.06981753782844
9,48,0,0,1,4,109.50052522635478
9,49,1,0,1,2,122.76938766249941
9,48,0,0,1,0,111.22661790237345
9,1,0,0,1,6,109.72982608414803
9,3,1,0,1,7,123.71536761400675
9,12,0,1,1,0,127.08962195520242
9,22,1,0,1,1,124.75835544876021
9,25,1,1,1,7,138.42660150979427
9,14,1,1,1,0,139.14651066644672
9,40,1,1,0,6,124.65804749408937
9,52,1,1,0,5,118.33083860542231
9,54,0,1,1,6,126.5361352625759
9,55,0,1,1,7,125.35577521130142
9,6,1,0,1,5,125.61880664970472
9,39,1,1,0,1,123.33392609533936
9,1,1,1,0,5,122.47265721712054
9,37,1,1,0,7,139.31468491547508
9,38,0,1,1,1,136.70256809645963
9,13,0,1,1,5,124.40226474576565
9,44,1,0,1,4,123.45833281903103
9,9,1,1,1,3,143.96424204337896
9,21,1,0,1,2,124.69520140489428
9,22,1,0,1,6,124.30446511530745
9,40,1,1,1,4,139.01972471211974
9,41,0,1,1,7,138.62621287119367
9,54,1,1,0,4,124.8089685425258
9,23,1,0,1,5,124.02707464858155
9,38,1,1,0,3,135.5715974958763
9,56,1,0,1,1,121.28292194862217
9,4,0,1,1,1,124.07057361760943
9,18,0,1,1,3,129.8801825079232
9,23,0,0,1,1,116.36435869584162
9,51,1,0,0,1,105.72214850810357
9,52,1,0,1,3,131.81561511406036
9,55,1,0,1,5,121.81543738586055
9,6,1,1,1,3,147.8697455679504
9,14,1,0,1,1,125.67256552001535
9,44,0,1,1,3,132.13466765508807
9,1,1,1,1,7,137.49251203395144
9,12,0,0,1,6,114.49021706035252
9,46,0,0,1,0,110.21211782005027
9,48,1,1,1,3,136.72866619747887
9,4,0,1,1,6,126.59709834092843
9,5,0,0,1,7,108.40012819385501
9,6,1,0,1,1,125.19761524309658
9,7,1,0,1,7,123.50181835629455
9,32,1,1,1,6,139.30112188319018
9,33,0,1,1,6,125.63893269569368
9,58,1,0,1,1,123.37049716090898
9,2,1,0,1,4,122.39429548122025
9,13,0,0,1,6,110.74944805999877
9,0,1,1,0,6,123.63807312433663
9,16,1,1,1,1,140.7957889222223
9,56,1,1,1,5,138.9008041359951
9,59,0,1,1,5,123.3367304742184
9,8,1,1,0,1,124.18148990140548
9,9,1,1,1,5,139.3756378783044
9,30,0,0,1,3,123.93997940853465
9,38,0,0,1,4,111.14954785841756
9,45,1,0,1,7,124.32543159318561
9,2,0,1,1,4,122.66481116285985
9,4,1,0,1,0,124.10411959236278
9,1,0,1,1,5,124.18873716981803
9,4,1,1,1,7,138.30470262289475
9,5,0,1,1,5,122.53334877368049
9,19,0,1,1,1,127.52127864076489
9,28,1,1,1,2,140.91960953325653
9,35,1,0,1,0,123.59281196971845
9,36,1,0,1,7,125.21771750786439
9,46,0,0,1,4,109.96908005117982
9,53,1,1,0,5,120.48960879848775
9,7,1,1,0,4,123.34114606690923
9,11,1,1,0,1,123.95302349052355
9,14,1,0,1,3,134.65667158535143
9,25,0,1,1,0,127.04362218885467
9,28,0,0,1,3,115.08852610490612
9,29,0,1,1,2,129.40907592942028
9,46,0,1,1,4,123.34080937360265
9,47,0,1,1,6,122.05700695097292
9,56,0,1,1,3,134.92759858322222
9,24,1,1,1,5,137.8241587040839
9,26,1,1,0,3,125.64930273484902
9,29,0,0,1,7,112.52692474419086
9,30,1,1,1,6,139.58906728737293
9,42,1,0,1,6,122.74025464684581
9,45,1,0,0,0,108.50391739520191
9,49,1,0,1,3,122.65541910454303
9,56,1,0,1,5,121.19057714163709
9,2,1,0,1,2,122.63584164454082
9,16,1,0,0,7,111.9784287497864
9,46,0,1,1,2,124.19291113838257
9,49,1,1,1,4,137.64205537558558
9,50,1,1,1,7,137.86219670086697
9,34,0,1,1,5,128.04105753631063
9,53,1,0,1,2,122.83844326761017
9,14,1,0,1,0,125.37719712175262
9,16,1,1,1,0,139.40246175478998
9,18,1,1,1,5,141.12488753589105
9,25,1,1,0,5,122.44779334186876
9,48,0,0,1,7,110.1617739471954
9,59,1,0,1,3,122.46821287024402
9,4,1,1,0,6,120.68182241643656
9,22,1,1,0,2,122.93679088320351
9,52,0,0,1,4,107.21745602969854
9,10,1,1,1,4,139.4033270178421
9,38,1,1,1,7,138.82434626500552
9,17,1,1,1,4,139.04914033260007
9,21,1,0,1,3,124.19122724629932
9,27,1,1,0,0,126.54019651231988
9,24,1,0,1,5,127.74060515748754
9,3,0,0,1,7,107.74097268837022
9,4,1,1,1,1,139.14442920676683
9,5,1,1,1,1,138.85681539521877
9,22,0,0,1,2,113.7740394058927
9,53,0,0,1,6,110.54416289380409
9,8,1,1,1,0,138.42893019796645
9,9,1,1,1,0,138.81922680882067
9,11,1,1,1,2,141.0945727464287
9,28,1,0,1,4,125.62462986414836
9,29,1,0,1,5,125.97109453185035
9,30,1,0,1,7,123.12503760542401
9,35,0,1,1,2,132.20152259938425
9,2,1,1,0,6,123.04196413908736
9,17,1,0,1,1,124.71951331012126
9,53,0,1,1,2,122.90807012036524
9,43,1,0,0,0,109.23286446190863
9,52,1,1,1,0,136.16863620909768
9,57,1,1,0,4,124.02810656575775
9,7,1,0,1,5,123.29193278288773
9,13,0,0,1,3,110.15609723018915
9,30,0,0,1,1,114.89573680375689
9,45,0,0,1,4,109.28657253940509
9,3,0,0,1,0,108.99658341827406
9,10,1,1,0,3,132.28822231360095
9,14,0,1,1,7,137.47043014676893
9,30,1,1,0,2,124.16153228322312
9,55,0,0,1,4,104.7110306062793
9,9,1,0,0,6,110.57061344553529
9,29,0,0,1,5,115.25897018140002
9,37,1,1,0,1,122.6277888603498
9,32,1,0,0,5,112.22657616424371
9,52,1,1,0,2,122.39908044330343
9,53,1,0,0,4,108.34176601967239
9,19,1,0,1,1,124.00028446187399
9,50,1,1,1,1,137.84370379106477
9,53,0,0,1,0,108.03062184277572
9,0,1,1,0,2,122.88186314587529
9,6,1,1,1,7,137.50867274138503
9,32,1,1,1,1,139.37414646605995
9,33,1,1,1,1,139.1907583425659
9,24,1,1,1,2,137.5205114417592
9,35,0,1,1,3,140.63088419655892
9,46,1,0,1,3,135.7925748891728
9,2,1,1,0,3,126.11789245049107
9,5,1,1,1,7,139.20299928073882
9,18,0,1,1,7,128.57853234785196
9,38,0,1,1,3,129.24820941555217
9,8,1,1,0,5,122.66796583119404
9,40,0,0,1,3,123.58752779514714
9,9,1,1,1,4,139.11616163599896
9,59,1,1,1,7,137.18659751372795
9,7,1,1,1,5,138.16009981965692
9,8,1,1,1,1,138.39518212107458
9,12,0,0,1,0,112.14769270847148
9,20,1,1,0,6,123.29084339865456
9,34,1,0,1,3,139.5166525669287
9,51,1,1,0,7,137.66606787306847
9,9,1,0,1,5,123.57758674957188
9,28,1,0,1,5,123.61410515328069
9,41,1,1,1,6,138.5831995648351
9,42,0,1,1,1,124.88895479654566
9,16,0,0,1,5,109.8074761891099
9,20,1,0,1,1,125.53349577516576
9,37,0,1,1,2,125.19860180608309
9,53,0,1,1,7,122.4258822361596
9,6,0,0,1,4,108.10220293228325
9,12,1,1,1,3,139.5224029594242
9,20,1,1,1,2,139.96889437177708
9,27,1,0,1,1,124.27794142058194
9,40,1,1,1,5,140.6613043029489
9,41,0,1,1,5,123.95868791533094
9,53,1,1,1,1,136.6006040927157
9,56,1,1,1,7,138.73891949627264
9,36,0,1,1,7,125.95888233330929
9,50,1,0,1,1,122.0631923009032
9,2,0,1,1,1,124.0125752295006
9,51,0,1,1,6,122.4639654369538
9,52,0,1,1,5,122.03836148998263
9,23,1,0,1,6,125.1827323015369
9,25,1,1,1,3,147.2510050042103
9,5,0,0,1,4,107.91892661290487
9,6,1,0,1,2,124.97235254538981
9,10,1,1,1,5,149.613746600068
9,1,1,1,1,1,138.22393657078146
9,2,1,1,1,7,152.48435311588827
9,27,0,1,1,5,129.4505978900775
9,10,0,0,1,0,110.44515314980806
9,11,0,0,1,1,111.50082796064412
9,16,0,1,1,4,125.80314111031716
9,17,1,1,1,2,140.6680590453879
9,1,1,1,1,3,151.35322912050563
9,24,0,0,1,4,110.2168176107934
9,32,0,1,1,3,131.1221136537029
9,39,1,0,1,7,136.54351546716856
9,52,1,0,1,6,121.35751601152131
9,52,0,1,1,1,125.63466332633767
9,4,0,1,1,2,124.4311581544009
9,5,0,1,1,3,133.7620146228799
9,9,0,0,1,3,108.83567980272538
9,17,1,1,1,6,138.52737737216026
9,35,1,1,0,5,126.7353603946347
9,50,0,1,1,7,123.1110344560613
9,53,1,0,1,6,119.82157921224969
9,55,1,1,1,7,146.26200394943524
9,47,1,0,1,4,121.76006683245751
9,59,1,1,1,5,144.48053403408784
9,12,1,0,1,6,124.88909998142508
9,17,0,1,1,7,126.91826438722619
9,59,1,0,1,5,123.22059220942704
9,23,0,0,1,5,114.27196096397896
9,39,1,1,0,0,123.19816274511705
9,40,1,1,0,7,124.94157150178157
9,52,1,1,1,1,135.5804640515363
9,3,0,1,1,0,123.746138055182
9,23,0,0,1,4,110.56996408749227
9,44,0,1,1,6,125.09365627498167
9,48,1,0,1,1,121.99188941377966
9,52,1,1,0,6,121.20548541344999
9,57,1,1,1,5,139.60326808840932
9,55,0,1,1,2,128.1300382388779
9,56,0,1,1,6,124.0813828039593
9,31,1,0,1,5,132.5470327722409
9,43,0,1,1,5,123.17367748219712
9,0,1,1,1,2,137.18529642047963
9,3,1,0,1,1,123.68860883927476
9,48,0,1,1,4,122.31446668650743
9,52,1,1,1,6,135.97361200524477
9,14,1,1,1,2,145.79186716809843
9,36,1,0,1,2,124.34021652978795
9,41,1,1,0,4,124.02127522450164
9,47,1,0,1,2,121.85380811003338
9,23,0,1,1,1,128.11843144993276
9,37,1,0,0,3,109.71535475241551
9,6,1,0,0,6,109.81526357982466
9,26,0,1,1,7,125.78914464474647
9,28,0,1,1,2,130.30418144358202
9,29,0,1,1,4,125.76866811913445
9,5,0,1,1,2,123.14031395208599
9,37,1,0,1,6,123.4100136092356
9,45,0,1,0,1,111.8409487894291
9,0,1,1,1,6,137.2324644112028
9,18,1,0,1,7,124.17771063218412
8,40,1,1,1,5,135.7349982393676
8,44,0,0,1,6,108.53222418832055
8,46,1,1,1,1,140.44319049817133
8,31,1,0,1,0,125.17195038758888
8,32,1,0,1,4,125.97892404727973
8,52,1,0,1,0,122.88115213239941
8,53,1,0,1,6,121.33854236214268
8,59,1,1,0,7,121.494092494393
8,25,0,0,1,4,110.42445106398023
8,29,1,1,1,1,139.25849720383036
8,39,1,0,1,6,124.81135823017557
8,40,1,1,1,1,136.2473937889236
8,46,0,0,1,5,110.26448905350485
8,14,0,1,1,1,127.73254869691381
8,45,1,1,1,1,144.8307639037529
8,54,1,0,0,6,105.55174987716667
8,14,0,0,1,4,108.1836790574087
8,33,1,1,1,1,140.03466399150525
8,37,1,0,1,4,122.04846785987937
8,40,1,0,1,6,122.98529599550302
8,59,1,0,1,5,124.38078340920673
8,13,0,0,1,5,109.89536731054937
8,24,1,0,1,5,127.05609558854918
8,44,0,1,1,2,124.99432457604055
8,45,0,1,1,0,123.15877513344905
8,46,0,1,1,2,126.20768771784533
8,9,0,0,1,5,108.99513770263866
8,26,1,0,1,6,124.28934998516743
8,27,0,1,1,2,128.66212913407992
8,28,0,1,1,6,128.25230897512907
8,32,1,0,1,3,127.68467645083034
8,55,0,1,1,5,123.93849320082148
8,48,1,0,1,4,122.95780386319285
8,49,0,0,1,3,123.92598273204202
8,27,0,0,1,4,109.81494351929149
8,30,1,1,0,4,123.50639630567652
8,47,1,1,0,1,125.00021947640852
8,34,1,1,1,2,139.2927551058455
8,41,0,1,1,3,125.53551737000966
8,58,0,1,1,0,123.27722406648225
8,12,1,1,1,2,140.0853003743637
8,31,1,1,1,2,141.0320795367514
8,40,0,0,1,3,109.74422892864084
8,2,1,0,1,1,123.23117493548797
8,21,0,1,1,0,123.26291806600868
8,54,0,1,1,2,129.48086054795058
8,56,0,0,1,2,110.59798223214983
8,57,0,1,1,2,127.0258374421564
8,9,1,0,0,4,106.75307559387807
8,17,0,1,1,7,135.47737733393805
8,33,1,1,0,3,133.92447898660018
8,36,1,1,1,2,136.96879282638048
8,46,0,0,1,7,114.70073934748144
8,47,1,1,0,6,122.60077482256631
8,59,0,1,0,2,108.35395281914194
8,5,1,0,1,3,121.744363256772
8,11,1,0,1,1,123.30316305491496
8,20,1,1,0,6,122.94732856184022
8,30,1,1,0,6,122.23775727390033
8,45,1,0,1,4,123.92637060998722
8,51,0,1,1,1,125.59087882226495
8,5,1,1,1,3,137.7533154224909
8,14,1,0,1,1,124.54043141943657
8,29,1,1,1,7,140.31572593807726
8,42,0,1,1,3,122.8790719529787
8,9,1,0,1,1,127.34828829278804
8,33,1,1,0,5,122.24706232431984
8,41,0,1,1,4,120.5228819958744
8,42,1,1,1,0,138.91771831234664
8,44,1,0,1,3,122.0921983138447
8,12,0,0,1,2,114.0684694728654
8,17,1,0,1,4,123.45304629341845
8,18,0,0,1,1,108.51149734940475
8,31,1,1,0,4,124.21668000977546
8,40,0,1,1,4,120.86292995430831
8,41,0,1,1,0,121.35507442195717
8,42,0,1,1,7,137.41328418154262
8,44,0,0,1,2,108.59998337513157
8,16,1,0,1,5,123.92549331963345
8,22,0,1,1,7,125.40897245299159
8,54,1,1,1,7,140.1653461630451
8,5,1,0,1,5,121.21854732416843
8,24,1,1,1,2,138.84332163997604
8,26,1,0,1,7,138.6178299969786
8,9,1,1,0,4,122.83936524507273
8,17,0,1,0,0,111.44281572092503
8,26,1,1,1,6,139.3792730457341
8,28,0,0,1,5,109.45159170909703
8,39,1,1,1,5,137.6554291780336
8,0,0,0,1,5,106.51297641919798
8,48,1,0,0,2,109.2054271482367
8,51,1,1,1,2,139.30830428377598
8,0,0,1,1,6,124.07753212692202
8,1,0,1,1,0,126.14498903158864
8,15,0,0,1,7,109.31067395689462
8,49,0,0,1,5,110.14711275090018
8,55,1,1,1,4,139.8747499040819
8,57,0,1,1,3,141.84332255518714
8,37,1,1,0,2,121.36012143784227
8,40,1,0,1,7,122.97148620745523
8,47,0,0,1,7,111.43684766294174
8,50,1,0,1,2,124.53495457070551
8,54,0,0,1,0,110.8050591943505
8,55,0,0,1,2,108.25207112618779
8,18,1,1,1,1,140.10770485484753
8,35,1,1,1,0,139.71119892955898
8,36,1,1,1,0,136.957995308709
8,41,1,1,1,4,135.40111530933416
8,45,1,1,0,4,124.27955916893926
8,18,1,1,0,3,140.1159263940685
8,32,1,0,1,5,124.35078877185121
8,7,1,0,1,6,122.16455494296815
8,13,1,1,1,6,137.75782612650198
8,23,1,0,1,4,123.80666419429413
8,30,1,0,1,5,124.13831870914748
8,35,1,1,0,2,121.5151116656267
8,41,1,0,0,0,105.96679146816237
8,50,1,1,0,1,123.02765185122354
8,59,0,0,1,1,110.11060098458363
8,55,0,0,1,3,129.25071200578202
8,9,1,1,1,6,138.007922078299
8,23,0,0,1,7,111.07644823266979
8,29,0,1,0,0,111.40312178101998
8,33,0,0,1,4,109.19686283627098
8,44,1,1,0,7,123.25948351700869
8,54,0,1,1,5,127.02021044396774
8,9,0,1,1,7,122.15619951015616
8,19,1,1,0,2,125.81217318151903
8,42,1,1,0,6,120.23846757883973
8,50,1,1,1,6,141.66445306179065
8,6,1,1,0,0,121.46351370538125
8,15,1,0,1,0,124.35887697192207
8,16,1,0,1,6,136.03794278778318
8,18,1,0,1,5,124.60384384554564
8,25,1,1,1,1,140.8328476838704
8,35,0,1,1,4,123.14772960965978
8,58,1,0,0,3,106.81944664442798
8,35,0,0,1,2,121.68489212466679
8,37,0,1,1,4,122.13170001071586
8,52,0,1,1,4,123.39161189058201
8,31,1,1,1,5,140.1436606876682
8,33,1,1,1,2,140.3227190756875
8,34,1,0,1,7,140.5103894006045
8,9,1,1,1,1,137.4533994316855
8,11,1,1,0,7,127.43839907985331
8,18,1,1,1,3,150.03192479833854
8,20,1,0,1,2,124.6826478754501
8,21,1,1,1,0,138.99582236762484
8,54,1,1,0,5,124.67204990999187
8,32,1,1,1,0,138.75518407905193
8,24,0,1,0,7,110.82782829587796
8,34,0,1,1,0,122.99947185030231
8,39,0,0,1,7,108.73810509765518
8,43,1,1,0,3,122.36320781501631
8,49,1,1,1,4,139.33506567092573
8,8,1,0,0,3,119.69163421429184
8,22,1,0,0,4,107.01623692273792
8,24,0,1,1,7,124.8526837868658
8,32,1,0,1,2,125.83984484405745
8,34,1,1,1,6,139.19852365962996
8,35,0,0,1,1,108.77686592808732
8,40,0,1,1,3,136.35260649540345
8,52,1,0,1,7,124.51020102110398
8,22,0,0,1,3,109.49094322645627
8,30,1,1,0,2,124.97567609763578
8,35,1,1,1,5,139.28355911229343
8,45,1,1,1,6,139.90062087265133
8,59,1,1,0,2,122.42020115427918
8,15,0,1,1,6,125.23210918760162
8,16,1,1,1,2,140.01301014407704
8,17,1,1,1,3,140.0298681681194
8,21,1,0,0,1,110.68383942100627
8,27,1,1,0,3,124.16734910949286
8,36,1,0,0,7,106.66118655609874
8,14,1,1,0,6,130.2543004979974
8,31,0,1,1,0,124.58193589002194
8,32,0,1,1,6,122.82780064166408
8,34,0,1,1,1,123.73128963045725
8,7,1,1,1,7,137.6955456224174
8,10,1,0,1,1,126.84384986583292
8,37,0,0,1,6,109.69473796986554
8,40,0,0,1,2,106.1223219148282
8,8,0,0,1,5,109.16636697782741
8,57,1,0,1,5,122.96102130116378
8,53,0,0,1,2,110.72086103945009
8,55,0,0,1,5,108.19466904524569
8,4,1,1,1,5,139.70771241133926
8,29,0,0,1,2,109.9161304622971
8,31,1,0,0,4,108.61280971901175
8,42,0,0,1,1,107.46417388588992
8,12,0,1,1,3,141.71484798915893
8,21,0,0,1,5,109.31728305733554
8,27,1,1,1,4,139.02745240301368
8,40,1,1,1,7,136.10093407419885
8,44,1,1,1,1,138.77262341410986
8,55,0,0,1,4,109.1273853350649
8,34,1,1,1,7,152.61217074226
8,50,0,1,1,5,125.96668104656428
8,14,1,0,0,2,107.51038989092851
8,39,1,0,1,1,124.36722342668389
8,55,1,0,0,0,107.32793315321175
8,7,0,1,1,7,121.27638517052458
8,12,1,1,0,7,137.8097828080691
8,38,1,1,1,6,138.5907866223902
8,39,1,0,1,0,124.98060956414906
8,47,1,0,1,6,124.38036990924466
8,51,0,1,1,5,124.79009024991647
8,53,0,1,1,7,138.45233171887793
8,57,0,1,1,4,125.06759409165153
8,58,1,1,1,0,140.56741771648316
8,59,1,1,1,2,144.16314083246655
8,15,0,0,1,1,121.26374296974771
8,25,1,1,1,6,140.71143447966028
8,26,0,1,1,5,127.66414842574834
8,47,1,1,1,3,159.97750501845042
8,2,1,1,1,6,139.3638359099295
8,4,1,1,0,4,122.73323478469894
8,26,0,1,1,0,125.86002260863617
8,19,1,0,1,5,124.36679079289732
8,32,0,1,1,3,135.33037925596474
8,37,1,1,1,0,138.35114106484883
8,18,1,1,1,2,139.87088147770788
8,0,1,0,0,5,106.88796808120973
8,44,1,0,0,3,106.78441520492596
8,7,1,1,1,6,146.11661642656665
8,20,1,1,1,2,138.6151472967272
8,41,1,0,1,6,121.52698552709461
8,42,1,0,1,3,122.01126220862456
8,5,1,1,1,5,137.83094486726947
8,13,1,1,0,4,121.96086873306078
8,45,1,1,0,1,124.12356593900483
8,46,1,1,1,2,140.42298110992593
8,47,1,1,1,6,141.06575565003786
8,48,0,1,1,5,124.56182740771108
8,13,1,0,1,7,122.99186021574235
8,36,0,1,1,1,123.4924220168349
8,10,1,0,1,7,122.26910499101396
8,22,0,1,1,4,122.49195681762778
8,10,1,1,1,7,148.1570507910156
8,18,0,0,1,5,111.23749321315553
8,26,0,1,1,4,125.80023194095902
8,10,1,1,0,3,121.07683153654719
8,22,1,0,1,6,122.94211597136979
8,27,1,1,1,0,140.29965757164283
8,28,1,1,1,7,155.36914974604662
8,40,1,0,1,0,123.10299115425605
8,43,1,0,0,0,106.72567275825904
8,49,0,1,1,2,124.24648627313516
8,27,1,0,1,6,125.67525965339505
8,32,1,1,0,6,133.9426123129156
8,51,1,0,1,7,123.18518023620612
8,56,0,1,1,1,125.4517983462176
8,14,0,1,1,4,123.62350420280805
8,18,1,0,1,7,136.47444271362195
8,26,1,0,1,5,125.64939576907697
8,4,1,0,1,1,123.2509970163338
8,10,1,0,1,0,122.22378606909739
8,17,0,1,1,6,126.15574210630565
8,18,0,0,1,2,110.3873107546572
8,22,1,0,1,2,125.63221969115287
8,23,1,0,1,5,124.17693637682908
8,47,1,0,0,2,108.75266728692415
8,50,1,0,1,7,124.43787290166678
8,6,0,0,1,5,107.35645358810895
8,35,1,0,1,6,125.62435175598763
8,26,0,0,1,3,126.25321019086084
8,19,0,0,1,6,108.49710038325742
8,31,1,0,1,1,126.98375672770091
8,32,1,0,1,7,136.3406477666136
8,39,0,0,1,0,108.0875401632628
8,54,1,0,1,2,122.94504430941694
8,56,1,0,0,7,122.2016076549579
8,16,1,1,1,5,139.49033556382116
8,8,0,1,1,1,125.15957068561659
8,16,0,1,1,1,125.61008258398387
8,32,0,1,1,4,123.1956055472243
8,37,1,1,1,3,138.8324386089841
8,45,1,1,0,5,123.87978242229877
8,35,1,0,1,4,121.38371225639575
8,40,1,1,0,0,121.62935022740648
8,43,1,0,1,4,123.59913683718311
8,0,1,0,1,0,123.20105884959248
8,2,1,0,1,5,123.28350660096095
8,3,0,0,1,3,112.04499207391625
8,18,0,1,1,0,123.59499737480776
8,48,0,1,1,2,125.0814297734387
8,31,1,1,1,6,140.79368679070237
8,25,0,1,1,3,126.33831808657642
8,29,1,1,0,0,123.24992085204795
7,15,0,0,0,2,105.31281601071628
7,16,0,0,0,6,104.95564166202874
7,18,1,1,0,2,136.82394240991317
7,19,1,1,0,0,134.35296031982224
7,20,1,1,0,6,137.43598305597988
7,21,1,1,0,2,135.62270876771728
7,22,1,0,0,5,122.77188529942981
7,23,1,0,1,3,111.22316787416774
7,24,1,0,0,3,124.48818069939114
7,25,1,1,0,7,140.88705243453367
7,26,0,1,0,7,120.53769332197658
7,27,0,0,0,3,108.34616079971354
7,29,0,0,0,3,115.58198755195684
7,33,0,1,0,6,116.8933456507264
7,35,1,0,1,2,108.10181641176592
7,36,1,0,1,3,117.78525253130027
7,37,1,1,0,3,131.49659625564223
7,40,1,0,0,0,114.24965735276062
7,47,0,1,0,6,121.35570860159181
7,50,0,0,1,3,120.07280667335186
7,51,0,0,1,6,121.37975444751248
7,52,0,1,1,6,135.99269363422073
7,53,1,0,1,3,125.3742824209835
7,56,0,0,0,3,101.9736363971564
7,57,0,1,0,4,120.64324669736084
7,59,0,1,0,5,118.29393418406757
7,0,1,1,0,0,132.6829336326665
7,1,1,1,0,3,146.12221558340488
7,3,0,0,0,1,109.28002567269579
7,7,0,0,0,7,101.92807439915804
7,8,0,0,0,2,102.05304389608511
7,17,0,0,0,4,105.6478868860856
7,28,0,0,1,0,119.92716271262545
7,31,1,1,0,0,132.66323526083667
7,35,1,0,0,4,117.67641898471115
7,40,0,1,1,3,133.44720790215214
7,44,1,0,0,5,118.83066055506193
7,45,0,0,1,5,119.34959183823274
7,46,0,0,1,7,120.55523308591698
7,47,1,0,0,2,119.72571867773304
7,48,1,1,0,5,134.41117546959742
7,51,1,0,1,3,118.57696678456894
7,52,1,1,1,0,78.58444374994961
7,53,1,1,1,2,49.04016325319832
7,54,1,0,1,7,133.45054720528037
7,55,0,1,0,0,119.92962535867095
7,1,1,1,0,7,132.79947571665227
7,8,0,0,1,1,119.44888777173333
7,9,0,0,0,7,103.8381234567191
7,11,0,1,0,1,115.96867396908199
7,13,0,1,1,4,134.77092012778837
7,14,0,1,1,7,140.3510279542553
7,19,1,0,0,7,120.7231229904332
7,20,1,0,1,2,133.47571960447513
7,26,0,1,0,0,119.98435572558108
7,27,0,1,0,5,121.26427647603226
7,29,1,1,0,1,135.78081599074167
7,30,1,1,0,4,130.48061589450302
7,34,0,1,0,0,118.4157050908182
7,35,0,1,0,6,118.4429739932387
7,38,1,0,0,3,116.57137306852984
7,41,0,0,0,5,101.17042390352015
7,45,0,0,0,7,105.63413923411154
7,46,0,0,0,1,103.1401724073049
7,51,1,0,1,4,103.00507817727409
7,52,0,0,1,4,114.9971747941493
7,53,1,0,1,1,116.47815184699947
7,55,1,0,1,3,110.22904789027062
7,56,1,1,1,3,102.84555210260353
7,58,0,0,0,3,103.54635508890308
7,1,0,1,0,7,118.25686574309225
7,3,0,1,0,0,119.34035301850005
7,5,0,1,1,2,134.07579941577353
7,17,1,0,1,4,130.13453484116917
7,19,0,0,0,0,104.87877041760854
7,26,1,1,1,2,124.77444301746544
7,27,1,0,1,4,106.06165699940735
7,28,1,0,1,2,114.28090705420189
7,29,1,0,1,2,105.2585917644839
7,30,1,0,1,0,112.29882995311495
7,31,1,0,1,0,97.96170657600346
7,32,1,0,1,0,86.77749347004227
7,33,1,0,1,7,127.55871978888418
7,34,1,1,0,4,131.44054635387698
7,36,0,1,0,0,117.47781404433628
7,45,0,1,0,2,120.44758320348609
7,48,0,0,1,5,120.61791170049486
7,55,0,1,1,4,128.86922518142921
7,56,0,1,1,0,133.67357589967017
7,57,0,1,1,1,141.43781219847222
7,58,0,1,0,0,119.64876735230473
7,0,0,1,1,1,136.22006223188612
7,7,0,0,1,3,126.11208001216657
7,10,1,0,0,5,117.94338006053145
7,11,0,0,0,5,103.11745486481009
7,12,1,0,1,6,119.30692109396716
7,13,1,0,1,4,109.92564748504695
7,14,0,0,1,5,120.01940994398562
7,21,0,0,0,0,105.14043993981083
7,23,0,0,0,1,104.19695472852588
7,24,0,0,1,4,119.42532876453929
7,25,0,0,1,5,120.67153796370988
7,27,1,0,0,4,119.59697799453896
7,28,1,0,0,0,118.99410401208834
7,30,1,1,0,1,130.61731234839553
7,31,1,1,0,1,132.48844330762182
7,32,1,1,0,6,134.25193984176892
7,35,1,0,1,1,110.00009311951698
7,41,0,1,1,3,134.12231765591633
7,45,0,1,1,6,135.26578497819654
7,48,0,0,1,7,120.85717866966752
7,49,0,0,0,5,101.20830352536883
7,51,0,0,1,5,121.01845801546376
7,53,1,0,0,4,118.81984516797539
7,54,1,0,0,7,116.95220340524014
7,58,1,0,0,2,124.81056713686775
7,0,0,1,0,0,116.562739868987
7,5,0,1,0,2,118.34873623861839
7,17,0,1,1,5,133.95585507955542
7,20,0,0,0,1,105.57912155809352
7,23,0,1,0,6,118.96770881045953
7,27,1,0,0,2,119.65860356424483
7,28,1,1,0,6,132.39639143973477
7,34,1,0,1,6,120.59066782693246
7,37,0,1,1,7,137.533269216713
7,48,0,0,0,2,103.39214973636098
7,51,0,1,1,1,138.05775446972615
7,6,1,0,0,5,115.68316951873688
7,9,0,0,1,6,118.33494206088076
7,10,0,1,1,4,135.50659990001142
7,11,0,1,1,2,137.3753706121599
7,12,0,1,1,7,135.37882326164885
7,16,0,1,0,1,122.78295985782775
7,18,0,1,1,3,136.54119967162
7,20,0,0,0,2,104.55103073937455
7,25,0,1,0,5,119.17971480742061
7,26,1,1,1,7,134.37295490005758
7,32,0,0,1,2,117.51236961485851
7,33,0,1,1,1,136.66134371227338
7,40,0,1,0,4,114.07405444151294
7,49,1,1,0,1,135.3470477114083
7,50,1,1,0,4,133.0432741991598
7,54,1,1,0,2,134.32608147665238
7,55,1,0,0,4,120.93498577162302
7,56,1,0,0,1,119.52812519181256
7,57,1,0,0,6,118.8980720552561
7,58,0,1,0,7,123.37767656670377
7,59,1,1,1,0,102.85261604576502
7,0,1,1,1,4,73.163916590464
7,1,1,1,1,1,92.00135232392478
7,2,1,1,0,1,136.46680753246807
7,7,0,0,1,7,117.75224926657884
7,9,0,0,0,6,102.41413435814246
7,12,0,1,0,2,118.61371438161827
7,13,0,0,0,0,103.22977193898323
7,17,0,0,1,1,123.04744708123394
7,21,0,0,1,1,123.20611224423854
7,24,0,0,1,5,119.28835551554164
7,27,0,1,0,0,116.99544131172105
7,28,0,1,0,3,123.23304035739021
7,30,0,1,0,7,119.24778633052503
7,31,1,1,0,3,132.86733918018425
7,32,1,0,0,7,118.26431560933977
7,33,1,1,0,1,132.82094110477792
7,36,1,0,0,3,118.84198136332182
7,40,1,1,0,1,128.4866397862798
7,41,1,1,0,4,129.79134853307593
7,45,1,0,0,0,118.08365232236615
7,48,1,0,1,6,111.44031781842273
7,49,0,1,1,3,132.13472378591365
7,52,0,0,0,1,108.82417516954588
7,55,0,0,0,0,104.46398025830402
7,59,0,1,0,7,121.31571394078551
7,0,0,0,1,1,120.61725717086847
7,15,0,1,0,6,120.06019245629358
7,22,0,0,1,7,117.45319443995723
7,24,0,1,0,5,118.27610632079396
7,25,1,1,1,7,156.28757323432177
7,27,1,1,1,2,114.45389944418903
7,28,1,0,1,4,99.02977585073951
7,29,0,0,1,4,118.05525711906068
7,31,0,1,1,6,132.95219278670763
7,32,0,0,1,0,117.60847303356577
7,33,0,0,1,7,116.62113778601648
7,36,1,0,0,7,118.52498906453444
7,58,0,0,0,7,102.91180347535229
7,0,0,1,0,7,117.90284474035155
7,4,1,0,1,5,90.32244656501553
7,5,0,0,1,7,118.0397559533973
7,10,1,0,1,5,121.54050625882928
7,14,1,1,0,4,136.15825777958275
7,16,1,1,0,1,138.17985607983437
7,17,1,1,0,7,149.20828175020355
7,23,0,1,1,3,138.09509132518485
7,30,1,1,1,1,105.90850125173793
7,34,1,1,0,3,131.92214541544115
7,35,1,0,1,5,111.01256398607335
7,38,0,0,1,1,118.5226945449518
7,41,1,0,1,5,131.69154344517688
7,48,1,1,0,7,136.45297957127065
7,3,0,1,1,2,134.6031214804394
7,5,0,0,1,2,118.27520583778781
7,6,0,1,1,3,147.85959312527524
7,9,0,0,0,4,101.34587752543462
7,12,1,0,0,2,118.34052062670453
7,13,1,1,0,6,132.82800175045455
7,14,1,0,0,6,120.24951748496328
7,15,0,1,0,5,119.92413166493985
7,18,1,0,0,3,127.48745051106849
7,20,1,0,0,7,123.31785150013931
7,21,1,0,1,7,130.90929761721787
7,22,0,1,0,2,120.71423688526014
7,26,0,0,1,2,120.80788109283014
7,29,0,1,0,5,117.17216024383248
7,36,0,0,1,3,129.1320449069958
7,37,0,1,0,3,117.57518679996925
7,38,0,0,1,5,118.69983612417232
7,39,0,0,1,6,117.08756757186057
7,40,1,0,1,3,118.18617172317322
7,47,1,1,0,6,135.1993681645958
7,50,1,1,1,5,99.44056922187184
7,51,0,1,0,0,119.27900906027523
7,53,0,1,1,5,133.03285945274135
7,56,0,1,1,7,133.59032816990847
7,58,0,0,1,2,122.0953113538014
7,59,0,1,1,1,135.74705393434738
7,4,1,0,0,1,117.75511346628913
7,6,0,0,0,6,99.9295540390903
7,7,1,1,0,1,133.77279401100213
7,8,1,1,1,0,101.46681490753033
7,9,1,1,1,7,78.6295751026299
7,10,0,1,1,0,134.7148074892323
7,13,1,1,0,4,133.0442593318406
7,15,1,1,0,2,136.8081628856845
7,16,1,0,0,2,120.92799403244776
7,17,1,0,0,1,121.4140243444397
7,18,1,0,0,7,122.37029187002122
7,21,0,0,0,2,105.23446532025855
7,25,0,1,0,0,119.1752854564647
7,27,0,1,0,6,120.71554829309409
7,29,1,0,0,0,115.53708072770148
7,34,1,1,0,2,133.9539365635076
7,35,1,1,0,6,134.61187578111705
7,41,1,1,0,7,129.92709365648673
7,58,0,1,1,6,135.69433905651232
7,59,1,0,1,2,121.53900918964887
7,1,1,0,1,1,115.41079143951647
7,5,1,1,0,0,132.52774897789925
7,6,1,1,0,1,131.60805913669716
7,7,1,1,0,5,132.6936487482218
7,11,1,0,1,0,117.96739998598491
7,12,1,0,1,5,120.55285329006541
7,14,1,1,0,5,134.8194015874191
7,15,0,1,1,3,135.14757550795784
7,17,0,1,0,4,117.36845983958406
7,19,1,1,1,5,152.73698799234072
7,26,0,1,0,5,118.17122122570527
7,27,0,1,1,0,135.32913870841355
7,28,0,1,1,3,135.32731752070634
7,37,0,1,0,4,118.17643236606969
7,40,0,0,0,3,116.44125428729721
7,46,0,0,1,0,119.39467717310498
7,47,0,0,1,3,120.02790210699331
7,48,0,1,0,6,117.24912489352049
7,52,0,1,1,7,137.2609062408778
7,57,1,1,0,0,132.08307128091604
7,58,1,1,0,5,139.07814211144455
7,0,0,0,0,5,102.92703727683693
7,2,1,0,0,5,119.35575129839529
7,5,0,0,1,4,117.45490781698335
7,6,0,0,1,1,117.42017789285119
7,13,0,0,1,5,118.57028723731274
7,16,1,0,0,0,120.12784581323632
7,21,1,1,0,5,134.39253025567106
7,29,1,0,0,1,117.5048346446867
7,31,0,1,1,4,129.93842991775082
7,32,0,1,1,1,141.4038441038543
7,34,1,1,0,0,132.01487435432756
7,35,1,1,0,0,128.15545481437897
7,36,1,1,0,2,130.02763893677331
7,41,1,0,0,4,115.39422635675452
7,42,0,0,0,3,101.38023927705147
7,44,0,0,0,3,108.55894752979097
7,46,0,1,0,2,123.4799988968252
7,48,0,1,0,4,115.9771158516846
7,51,0,0,0,1,103.90044497604099
7,54,1,0,0,5,118.63308244371676
7,56,1,1,0,5,134.4567608211328
7,0,0,0,0,2,102.5859247781532
7,6,0,1,0,6,119.98943005797113
7,7,1,1,0,7,149.73703324678263
7,10,0,1,1,5,134.8200760545807
7,13,0,1,0,5,119.05118773900976
7,16,0,1,1,2,136.2442808372496
7,22,1,1,0,1,133.35585859273954
7,23,1,1,0,6,134.11476070986106
7,24,1,0,0,5,120.05251067873243
7,26,0,0,0,6,104.74822353932092
7,28,0,1,0,7,116.6159446392468
7,29,0,1,0,3,127.02310054336434
7,33,1,0,1,1,106.81251023384259
7,34,1,0,0,7,116.77359347348296
7,39,1,1,1,3,121.81559305648395
7,40,1,0,1,5,131.15000310859463
7,57,1,0,0,2,117.58204945180876
7,5,1,0,0,6,118.92397503418889
7,6,1,1,0,4,135.0754742425193
7,8,1,1,1,4,93.87808123711079
7,9,0,1,1,0,134.22085887985875
7,10,0,1,1,1,140.2427039579084
7,14,0,1,0,5,121.08414925209013
7,20,1,0,1,0,125.68878168512488
7,29,1,0,0,7,122.86667719161898
7,31,1,0,0,3,116.4837994822943
7,32,1,0,0,6,117.74828879079031
7,34,0,0,0,3,102.30290986858803
7,36,0,1,0,5,113.78721993298045
7,38,1,1,1,1,131.51065828484042
7,40,1,1,0,0,127.8181557951603
7,44,1,1,1,4,107.02009561165985
7,45,0,1,1,7,150.63614175799236
7,55,1,1,0,2,136.87192268213622
7,4,0,0,0,1,101.0397657572924
7,7,1,0,0,2,116.29186214652769
7,8,1,0,0,2,117.33173463951638
7,12,1,1,0,2,133.62564678835588
7,21,0,0,0,4,103.84137525249022
7,27,0,0,0,5,104.33310054859837
7,28,1,0,0,6,119.12817706588523
7,29,1,1,0,6,136.1105843042344
7,30,1,0,0,4,114.23586491918763
7,35,1,0,0,1,117.10337342163686
7,36,1,0,0,1,118.18926802855873
7,37,1,0,0,3,129.17290171510837
7,38,1,0,1,4,127.18371239299732
7,39,1,0,1,3,120.32596125307032
7,41,1,1,0,1,129.72258685554695
7,42,1,1,0,1,133.7294152318936
7,43,1,1,0,3,133.5870233340008
7,45,1,0,0,3,122.23682282688846
7,48,1,1,0,3,133.18727260756737
7,50,1,0,0,6,117.70547887345278
7,53,0,0,1,3,119.33263642067037
7,57,0,1,1,7,138.47246431083875
7,2,0,1,0,0,119.57147039900784
7,5,0,1,0,6,118.37922371823245
7,8,0,1,0,7,116.91097795221157
7,11,1,0,1,7,137.24577662856464
7,12,1,1,0,4,131.83644136835017
7,16,1,1,0,0,135.79730736485413
7,17,1,1,0,4,137.27226096166504
7,18,0,1,0,2,121.04230279574512
7,23,1,0,0,2,120.31389944997338
7,28,1,0,0,1,118.55955449204144
7,29,1,0,1,7,140.67064173954998
7,31,1,1,0,4,131.65396858568374
7,32,1,1,0,0,132.57258283809892
7,33,1,1,0,2,133.7974375052755
7,35,1,0,0,3,117.73920692597139
7,39,0,0,0,4,102.23265938130706
7,41,1,0,0,2,115.27450925904958
7,42,1,0,0,2,115.16482473384868
7,43,1,1,0,1,134.2168422141808
7,44,1,1,1,3,126.42749558422827
7,45,1,1,0,0,132.8895126012759
7,47,1,1,0,5,135.7893020513931
7,50,0,1,1,6,135.35973493314293
7,52,1,0,1,1,140.366419759985
7,53,1,0,0,7,123.12175665579151
7,54,0,0,1,6,122.03808179233141
7,56,0,1,1,2,133.03587983971588
7,57,0,1,1,4,132.76835623863545
7,58,0,1,1,1,135.21627910168522
7,4,1,0,0,2,127.33970622636335
7,6,1,0,0,0,116.0182151807644
7,8,1,0,0,5,116.47347274019657
7,9,1,0,1,0,107.23753764417009
7,10,1,0,1,3,126.98979236172566
7,11,1,0,0,3,116.80252781214014
7,14,1,0,0,2,121.835124960189
7,16,1,0,0,7,121.53173010831196
7,21,0,0,1,2,122.96072850979616
7,22,0,0,1,2,117.48089728728384
7,23,0,0,1,7,119.48068115508607
7,25,0,1,0,7,124.81557244174266
7,28,0,1,1,2,134.70747966198195
7,32,1,0,1,1,96.36610854829966
7,42,0,0,1,1,116.46334744157235
7,43,0,0,0,5,100.79014961480243
7,46,1,0,0,3,122.86272026265644
7,50,1,0,0,2,118.3755062214937
7,51,1,1,0,6,134.73557777163862
7,53,1,0,1,2,125.98240993137594
7,54,1,0,1,6,129.6724967667418
7,56,1,1,1,0,94.85226340968424
7,57,1,1,1,5,122.72639572818844
7,59,1,0,0,6,121.89903981376963
7,6,1,1,1,7,151.0947114397259
7,7,0,0,0,5,101.8911158807448
7,20,0,0,1,1,120.60721544873171
7,22,0,0,1,3,117.39998279317133
7,26,0,0,1,6,120.40849160862183
7,27,1,0,1,6,132.05066357398567
7,30,0,0,1,0,118.16780391991807
7,35,1,1,0,5,132.16102684146847
7,42,1,1,0,6,143.58728627377096
7,49,1,1,0,7,138.7326954821764
7,51,1,0,0,2,119.56508022093315
7,52,1,0,0,7,122.66157540703844
7,53,0,0,1,1,119.57203189205795
7,1,0,0,1,5,119.06686846380524
7,3,1,1,1,1,68.8732774549231
7,5,1,1,1,7,161.92430686396443
7,9,0,1,0,7,118.90211021716523
7,12,0,0,1,2,123.75795222674999
7,13,0,0,1,7,125.29024716318173
7,17,1,0,0,3,121.27225163271169
7,19,1,1,1,2,119.68265586341096
7,20,1,0,1,6,136.55791305672977
7,21,1,0,1,5,134.25462858117902
7,28,1,0,0,4,119.02325420100364
7,34,1,0,0,0,116.13687953044034
7,36,0,0,0,1,104.3620686632548
7,39,1,1,0,4,131.16106633402197
7,40,1,1,0,3,131.44392474610916
7,41,1,1,0,5,133.59332645458758
7,45,1,0,1,1,98.34208669952253
7,46,1,0,1,0,120.86357607503683
7,47,1,0,1,3,119.66053626363166
7,50,0,0,0,3,105.87415390770883
7,53,0,0,1,4,119.85372162594741
7,57,0,0,1,3,121.81981651758184
7,1,0,1,0,4,119.08319516041148
7,3,0,1,1,7,154.01450796006782
7,4,1,0,0,0,118.2948004798136
7,5,1,0,0,3,117.7164870933939
7,9,1,0,0,1,117.32066531009535
7,15,1,0,0,5,119.368192632748
7,24,1,0,1,2,88.98188308354278
7,36,0,1,0,1,117.57183693496212
7,46,0,0,1,1,120.469793246924
7,55,0,1,1,6,135.11819126539845
7,1,1,1,0,1,135.69843441666166
7,7,1,1,0,4,130.2751385854101
7,14,0,0,0,1,104.37734663988678
7,19,0,1,0,6,122.69566319248504
7,20,1,0,0,5,122.70179493646862
7,23,0,1,0,0,119.04411509185631
7,28,0,1,0,5,115.91298034132302
7,29,1,1,0,5,135.17018629127867
7,30,1,1,0,5,129.9237645966417
7,32,0,1,0,2,121.17692624294321
7,34,0,1,1,6,132.966536334091
7,40,1,0,0,6,116.28971261827515
7,45,1,0,0,2,117.87430263704663
7,48,0,0,0,4,100.41982559242757
7,49,1,0,0,5,119.24853595770385
7,52,1,0,0,0,120.5779759923426
7,1,0,1,1,7,139.96845955435384
7,2,1,1,1,7,157.60988746897178
7,3,1,1,0,3,136.01733312722757
7,5,1,1,0,6,130.94043982944842
7,8,0,0,0,6,99.84781156042372
7,13,0,0,1,2,125.22325391397922
7,15,0,0,1,5,120.76439489076093
7,19,1,1,1,7,145.9249908433722
7,24,0,1,0,7,118.65371796987844
7,26,0,0,1,5,120.19390827093552
7,27,0,0,1,1,123.2688937977728
7,30,1,0,0,3,114.1371897161008
7,32,1,0,0,2,119.6095789483783
7,33,1,0,0,2,117.90779562548504
7,35,1,1,0,4,132.24047268538664
7,39,0,0,1,0,117.92929300946491
7,40,0,0,1,4,115.64419789889308
7,41,1,0,1,7,111.89914829090709
7,42,1,0,0,4,114.94469482551622
7,44,0,1,0,0,118.75993323335958
7,53,0,0,0,1,106.37538370153494
7,54,0,0,1,7,122.12984160081126
10,0,0,0,1,2,103.11937466527421
9,28,0,1,1,1,128.3657564210393
9,21,1,1,1,7,141.7174352213927
9,30,0,1,1,1,129.48276287837146
9,36,1,1,1,6,142.37266819558624
9,38,1,0,1,0,124.05147445544746
9,51,1,0,1,5,121.5028523984185
9,3,1,1,1,4,142.1727359813505
9,20,0,1,1,6,128.68602948093232
9,33,0,0,1,0,113.50058742129534
9,39,0,1,1,5,126.36270026522527
9,37,1,0,1,4,123.14940790655754
9,4,0,1,1,4,122.85214267323322
9,13,1,1,0,3,125.70629653019996
9,33,0,0,1,2,111.21193669933078
9,16,1,0,1,5,124.89200658855323
9,18,0,0,1,0,113.1578757041342
9,45,1,0,0,7,107.80911991991823
9,21,1,1,1,4,140.6454785490617
9,9,1,0,1,3,121.31890064473393
9,34,1,1,1,5,138.21080578426728
9,53,0,1,1,1,123.13685552526945
9,21,0,1,1,3,131.89314589469888
9,27,1,1,1,1,142.22602187477514
9,37,1,1,1,1,137.9859820598223
9,27,0,0,1,7,126.20981279732024
9,36,1,1,1,5,141.42249549148022
9,1,1,1,1,5,139.45578499058973
9,29,1,1,1,1,138.57816547814892
9,51,1,0,1,1,120.93244650072342
9,58,0,1,1,3,140.25081251046336
9,35,0,1,1,7,127.23177746401772
9,51,1,1,0,0,121.12567930208307
9,14,0,1,1,5,125.19683270805876
9,18,0,1,1,5,128.66651764766624
9,25,0,1,1,4,127.20554792425247
9,26,1,1,1,5,140.17999768719727
9,16,1,1,1,3,139.21711723277326
9,19,1,1,1,1,141.13952133566806
9,21,1,1,1,2,141.42284582683948
9,22,1,0,1,7,124.19973980038716
9,52,1,1,1,3,145.198826034703
9,31,1,1,1,1,141.63216353958683
9,47,1,1,0,5,122.07136512743458
9,36,0,1,1,1,125.97061739279398
9,33,1,0,1,5,134.39771211824154
9,43,0,0,1,0,109.97203030076162
9,50,1,0,1,2,121.5924799411793
9,58,1,1,1,1,140.2779331319231
9,30,0,1,1,2,127.45366509416934
9,58,1,1,0,5,122.40464164466604
9,26,1,1,1,0,140.24491292569738
9,12,0,0,1,7,112.60149269493881
9,34,0,1,1,1,124.41991627827502
9,56,1,0,1,4,121.02170961855931
9,29,0,1,1,5,125.59126473219212
9,46,0,0,1,3,113.36376463480678
9,13,0,1,1,4,124.70511521133918
9,23,1,1,0,6,123.93649706117775
9,26,1,0,1,4,123.90929630213816
9,5,1,0,1,0,122.99017950965828
9,34,0,0,1,5,115.45131281501395
9,46,0,0,1,6,111.4497510270124
9,58,1,1,0,0,122.50896025173388
9,56,1,1,1,6,138.6789075775789
9,43,1,1,1,1,139.36580684393854
9,32,1,0,1,5,125.06300916099833
9,25,1,1,1,0,138.1691644652345
9,26,1,1,1,4,138.62453725425746
9,27,1,1,1,2,141.36492598171685
9,28,1,1,1,1,141.8324587137271
9,40,1,1,0,4,124.40208132017612
9,25,1,0,1,2,126.06678594393074
9,42,0,1,1,5,126.08289228413531
9,7,1,0,1,3,123.4114226022754
9,14,1,1,0,3,126.52510042821882
9,18,1,1,1,3,152.57135897271337
9,6,0,1,1,3,122.75199530927287
9,17,1,1,1,5,139.07014415041598
9,8,1,0,1,1,122.30546262564519
9,33,1,1,1,2,138.95622517761856
9,34,1,1,1,0,137.9303229746842
9,35,1,1,1,6,140.2438502611459
9,11,0,1,1,0,126.05795787887325
9,52,1,0,1,5,121.06955854909921
9,4,1,0,1,4,123.35206495400357
9,10,1,1,1,3,139.2702715868284
9,17,1,1,0,5,125.0449631522223
9,26,0,0,1,7,112.0102802771295
9,28,1,1,1,3,141.31570605548453
9,55,1,0,1,1,127.6731687778189
9,32,1,0,1,2,124.91694118443601
9,33,1,0,1,4,122.54123005807196
9,57,1,0,1,4,121.26999824407872
9,58,0,0,1,3,111.50950640371558
9,3,1,1,1,1,139.54909488454612
9,24,0,1,1,5,124.52763565043402
9,20,1,1,1,1,139.772815882891
9,21,1,1,1,5,142.07865401199808
9,21,0,1,1,5,126.3008562104762
9,13,1,0,1,3,124.56954464688584
9,30,0,1,1,6,127.91528900243497
9,32,0,1,1,6,127.19685087192805
9,15,0,0,1,4,110.03146947633692
9,34,1,0,1,1,123.32933616500179
9,46,1,0,1,7,124.72226676002632
9,18,0,0,1,3,114.86516381103952
9,10,1,0,1,7,122.44529457682073
9,23,0,0,1,0,112.09256850228228
9,52,1,0,1,4,121.47231183955971
9,0,1,1,1,4,144.48578562851247
9,23,1,0,1,4,123.19361783904134
9,25,1,1,1,1,140.11267376429566
9,20,1,1,1,6,140.12737088769683
9,39,0,1,1,6,123.25444878253347
9,15,1,1,1,7,141.73629906371886
9,53,1,0,1,5,120.59926535289517
9,33,1,1,1,5,139.592284956278
9,19,0,0,1,2,113.58832064605016
9,16,1,1,1,2,140.92557644600757
9,19,1,1,1,0,141.6902476406617
9,20,1,1,1,0,140.1494441721696
9,25,1,0,1,1,124.75339260223554
9,2,1,0,1,5,122.70851464434233
9,19,1,0,1,3,123.65402620841127
9,9,0,1,1,7,123.84888286097338
9,15,0,1,1,4,125.70481803131554
9,8,0,1,1,5,123.99252889672252
9,22,0,1,1,6,126.2134594516874
9,24,1,1,1,3,152.65803972868594
9,22,1,1,1,6,139.7347624090643
9,32,1,1,1,7,139.22643192331117
9,20,0,0,1,7,117.70406097844328
9,26,1,0,1,2,125.08405655160148
9,3,1,0,1,3,123.52773546028939
9,45,1,1,1,5,138.96418102984643
9,46,0,1,1,0,126.37250623636493
9,47,0,1,1,2,123.05115185886265
9,49,1,1,1,7,146.7008881703944
9,5,1,1,1,2,138.92144222281541
9,6,1,1,1,5,138.15931912045286
9,40,1,0,1,2,126.4432274733632
9,17,1,1,1,3,139.403815869405
9,36,1,1,1,4,140.8592562837161
9,37,0,1,1,3,136.70003638915063
9,42,1,0,1,5,122.93197539772032
9,35,0,0,1,1,111.18560211071403
9,34,1,0,1,2,123.71081482132934
9,37,1,1,1,5,138.09374875666103
9,44,1,0,1,1,123.9781902029608
8,7,0,1,1,4,120.88404378490918
8,21,1,1,0,6,122.77163000822192
8,58,1,0,1,0,123.50153634235511
8,52,1,0,1,2,124.4314675938922
8,1,1,0,1,7,122.23891008802444
8,5,0,1,1,2,136.64469605070224
8,9,1,0,0,6,109.94603064648676
8,56,1,1,1,7,139.53094795916778
8,57,0,1,1,6,124.33634411990812
8,18,1,1,0,7,125.59069947691933
8,44,1,1,0,0,123.1755435867769
8,5,0,1,1,3,126.8960398193639
8,38,1,0,1,2,125.41540973900221
8,39,1,1,1,0,137.88908615120138
8,54,1,0,1,0,122.84336319983947
8,12,1,1,1,1,139.0256003330396
8,47,1,1,0,4,123.02818033553294
8,53,1,1,0,6,123.51527671401385
8,56,0,0,1,4,107.31488158463156
8,8,0,1,1,3,135.14151554408454
8,47,1,1,1,2,141.78906814781104
8,48,1,0,1,0,123.43634798025273
8,51,0,0,1,5,110.31179657682584
8,19,1,0,1,3,122.81539726447397
8,22,1,1,1,0,138.50880319879764
8,23,1,1,1,0,137.86992475266405
8,24,1,1,1,4,137.49440554480094
8,47,1,1,1,1,141.8964968978035
8,58,1,0,1,5,123.36461325070485
8,44,1,1,1,7,142.55468324672478
8,8,0,0,1,2,111.50994182034536
8,27,1,0,1,1,125.256364709281
8,28,1,0,1,6,124.57087766583356
8,29,0,0,1,7,109.2462947536881
8,54,0,1,1,4,122.71799985150146
8,1,1,0,1,3,132.03187260579435
8,4,0,1,1,5,123.85009891437284
8,53,1,0,1,1,121.53818215734674
8,16,1,1,1,4,139.40955118932487
8,18,0,1,1,7,122.39216814385196
8,46,1,1,0,3,125.031000495425
8,49,0,1,1,5,123.68828001331595
8,37,1,1,1,5,138.5168625524091
8,46,0,1,1,4,125.92698189510946
8,47,1,1,1,4,141.1913106303725
8,48,0,1,1,1,126.7228345721627
8,52,1,1,0,0,123.00903234837986
8,36,1,0,1,1,122.48733469906645
8,22,0,1,1,5,124.66451555219017
8,51,1,1,1,3,139.55485976891433
8,45,0,0,1,4,108.21175468303416
8,52,1,0,1,6,121.84711817985408
8,0,1,1,1,3,139.1022096117095
8,12,0,1,1,4,123.81386512388846
8,14,1,1,1,2,141.63210910720866
8,15,1,1,1,3,149.13204278532464
8,40,1,1,1,0,136.34054139760028
8,26,1,1,0,1,123.48177589096433
8,57,1,0,1,2,122.91883820049867
8,30,1,1,1,3,141.82292783447335
8,17,1,1,0,4,124.96066288794741
8,26,1,1,1,1,141.3133227141556
8,46,0,1,0,2,121.7431577586591
8,26,1,1,1,2,140.6791665723346
8,45,0,1,1,2,124.59572902471541
8,13,1,0,1,6,122.8119173718022
8,19,0,1,1,7,126.13096141420118
8,45,1,0,1,2,123.58272639968891
8,46,1,1,1,3,143.76284187839784
8,19,1,0,1,2,123.06064515461921
8,20,1,0,1,7,123.17108435144678
8,1,0,1,1,2,129.01015473555023
8,40,1,1,0,2,121.71968913389314
8,42,1,0,1,5,121.45838698254839
8,1,1,0,1,1,122.22506220481803
8,37,0,1,1,6,123.50541264780801
8,26,0,1,1,2,126.12409200447608
8,53,1,1,1,7,151.27957897786297
8,3,1,0,1,1,122.3493778358891
8,42,1,1,1,5,138.2487794238573
8,26,1,0,1,3,124.54749390070504
8,55,1,1,1,3,140.13121493027862
8,20,0,0,1,0,110.35483567838016
8,27,0,1,1,4,125.11759936366947
8,58,0,1,1,5,125.3681059173209
8,5,0,1,1,0,123.75704531172985
8,6,0,1,1,4,120.89051427107162
8,8,0,1,1,2,122.47191847843713
8,21,1,0,1,5,125.08192368637566
8,22,1,0,1,1,126.36895051805634
8,30,0,0,1,6,109.62321810486259
8,8,1,1,1,5,137.02055000670424
8,2,0,1,1,2,124.77845632430267
8,35,1,0,1,7,121.37556561433182
8,34,0,0,1,0,109.34750965945626
8,42,0,0,1,5,107.23698425011142
8,2,1,1,1,2,136.80014160553395
8,7,0,1,1,5,123.70163772012577
8,15,1,1,1,5,140.06374249435862
8,52,1,1,1,1,139.5187603675332
8,5,1,1,0,3,124.89090486183733
8,47,1,1,1,5,141.17357326384942
8,19,0,1,1,5,125.50568683478525
8,37,1,1,0,3,121.30603473168233
8,38,1,0,0,7,122.3374664363336
8,44,1,1,0,6,123.52665105127507
8,56,1,0,1,4,123.02366569143962
8,11,0,1,1,1,126.22497514238589
8,13,0,1,1,0,124.60450524164388
8,18,1,1,1,6,139.62087987914506
8,19,1,0,1,1,123.73970360624853
8,25,1,0,1,1,125.02482970037907
8,47,0,0,1,6,108.61201930588444
8,26,0,1,1,1,137.71677983478725
8,3,1,0,1,2,122.26738193528999
8,29,1,1,1,2,139.74329423666492
8,28,0,1,1,1,125.1136023766629
8,45,1,0,1,1,123.71922312694753
8,58,1,0,1,7,122.86262750822016
8,11,1,1,1,1,139.46635739215117
8,20,1,1,1,6,140.27302540210601
8,58,0,0,1,7,109.9161811032047
8,45,0,1,1,3,123.82731357774547
8,54,1,1,0,4,122.13682153254518
8,38,1,1,1,5,147.87755413413007
8,49,1,1,1,6,139.02347197454887
8,30,0,0,1,4,111.9274676194047
8,0,1,1,1,2,138.31277560809102
8,0,1,1,1,7,154.44188618972268
8,7,1,1,1,5,137.7312928876931
8,46,1,1,1,4,140.24874580135835
8,13,0,0,1,1,111.53474444676328
8,17,0,0,1,4,109.51921454030969
8,18,1,0,1,0,124.29736034717502
8,23,0,1,1,0,124.56822346976637
8,12,0,1,1,2,128.38151227265843
8,3,0,1,1,1,123.91614314520034
8,29,1,0,1,4,125.85940707335446
8,30,1,0,1,0,124.69117620945514
8,31,1,0,1,2,124.23661134525011
8,7,1,1,1,2,137.77140049210692
8,32,1,1,0,2,124.58196037321375
8,41,1,0,1,0,122.49086844284832
8,42,1,0,1,4,122.36718206460951
8,19,0,1,1,6,123.68496397529324
8,35,0,0,1,5,107.42107912207136
8,7,1,1,0,7,123.5231392326634
8,48,0,1,1,4,121.0347190979021
8,57,1,0,1,3,122.59419974459074
8,31,1,0,1,5,124.65442675749853
8,38,0,1,1,3,139.68551510803172
8,50,0,1,1,1,129.63915835628092
8,6,1,1,1,6,136.08717258581657
8,12,1,0,1,7,138.42698242190355
8,31,1,0,1,6,123.74718829535858
8,49,1,1,1,1,139.6057120401603
8,13,1,0,1,4,122.83355661354352
8,6,1,0,1,5,122.43826272858938
8,10,1,0,1,4,122.26277112282413
8,40,1,1,1,2,136.3402790800787
8,41,1,1,1,0,137.7835588076868
8,42,1,1,1,1,139.07802226491137
8,43,1,1,1,3,138.62743136065967
8,54,1,1,1,5,139.3174636891576
8,3,1,1,1,1,138.99931722190456
8,23,1,0,1,6,123.5188551688967
7,26,0,0,1,7,120.03150552125514
7,29,0,1,0,4,117.12299679451205
7,31,1,0,0,1,116.92623909245673
7,33,1,0,0,5,117.32700909499161
7,45,0,0,1,6,117.71651470927996
7,46,1,1,1,5,135.64961747210288
7,50,0,1,1,7,137.9483545125564
7,54,0,1,0,4,119.35208602499137
7,57,1,0,0,3,123.32215462739866
7,0,0,1,1,7,137.721297462015
7,4,1,0,0,6,117.88645617400334
7,10,1,1,0,7,130.1317862378461
7,21,1,0,1,3,136.33772770564826
7,23,1,1,1,5,129.47425717479118
7,27,0,0,0,6,104.73555838905806
7,28,0,1,0,0,117.65392899231875
7,34,0,0,1,0,118.59174828581686
7,35,0,0,1,3,128.32409757557576
7,36,0,1,1,4,128.94493330568253
7,37,0,1,1,5,134.10250074633456
7,41,0,0,1,7,134.67704475347526
7,44,1,1,0,1,133.9829362635286
7,46,0,1,1,2,131.63168514407613
7,49,0,0,1,7,118.01526907422257
7,51,1,0,0,4,117.87321195921126
7,55,1,1,0,5,131.73056023087298
7,8,1,0,1,2,123.00721548831521
7,9,1,0,1,4,115.13545289410072
7,10,1,0,1,7,136.80001030980736
7,11,1,0,1,4,114.9320584434756
7,15,1,0,1,3,116.56073756389128
7,21,1,1,0,3,135.59262352712696
7,23,1,1,0,3,135.0473486730977
7,29,0,1,1,3,136.53843541925158
7,34,0,0,1,1,120.70535508808226
7,40,1,1,0,7,131.7516400931163
7,41,0,1,1,0,130.91975136932797
7,42,0,1,1,0,133.4853066917437
7,43,0,1,1,5,137.17460140820052
7,52,1,1,0,7,136.66884377942728
7,54,0,1,1,3,143.72304104740815
7,55,0,0,1,2,119.04684756941757
7,56,0,0,1,0,119.22927425758847
7,57,0,0,1,7,122.25133626558441
7,58,0,1,1,3,143.6154550329607
7,59,0,0,1,6,121.09104809789119
7,0,1,0,1,5,133.97483406750126
7,1,1,0,0,6,135.98829868387176
7,5,1,0,0,7,137.08865826460521
7,7,1,0,0,0,115.7100192634649
7,10,0,0,1,5,117.48138068836386
7,35,0,1,0,7,119.60301493740285
7,40,1,0,1,0,85.6422204960442
7,42,1,1,0,5,132.40867049479556
7,47,1,1,1,3,116.98182082747454
7,51,0,1,1,0,134.9386845075701
7,52,0,1,1,4,129.52651014075343
7,53,1,1,1,1,89.72655793481594
7,56,1,0,0,0,119.21064822754765
7,3,0,0,0,7,102.66638035018386
7,9,0,1,1,4,132.13774289250813
7,10,1,1,1,1,95.75601781967801
7,13,1,1,1,4,125.80620592420796
7,14,0,1,1,1,138.34413168777024
7,19,1,0,0,6,121.16654845089833
7,21,1,0,0,3,121.02454705188178
7,22,1,1,1,4,125.19180985302934
7,23,0,1,1,5,134.52090053315703
7,25,0,1,1,5,138.20760880442307
7,31,1,1,1,6,144.439564463701
7,33,0,0,1,3,120.59456218102497
7,35,0,0,0,7,104.5074096176968
7,39,0,0,1,7,120.6312904928507
7,41,1,1,0,3,129.8054337839681
7,43,1,1,0,5,134.22043661190662
7,44,0,1,1,4,130.48726375680116
7,45,0,1,1,0,129.02428965370513
7,48,0,0,0,5,102.72121065989266
7,49,1,0,1,5,134.59402736076365
7,57,0,0,1,2,122.23696539532327
7,2,1,1,0,4,135.10281965719903
7,16,0,0,1,1,123.05664278669688
7,18,0,0,1,5,122.66704730006556
7,19,0,0,1,5,117.07321567316937
7,27,1,0,0,0,119.0136137397576
7,28,1,0,0,3,123.40575462119324
7,29,1,1,0,0,132.7060673681238
7,31,1,0,1,1,116.37587810264057
7,32,1,0,0,1,123.61118636937147
7,36,0,0,0,4,101.88691608526334
7,38,0,0,0,0,102.58002422967076
7,53,0,0,1,7,119.70914519827707
7,54,0,0,0,5,104.86572776047771
7,15,1,0,0,1,119.46887516461031
7,16,1,0,0,6,125.44365441817878
7,18,1,0,0,2,121.84592114135965
7,19,1,1,0,7,139.2683459010753
7,25,0,0,1,1,121.2040277821602
7,37,0,0,0,5,100.71028327949745
7,38,0,0,1,2,119.72991859918463
7,39,0,1,1,7,134.76216476967875
7,44,0,1,1,0,134.99840252414725
7,50,0,1,0,4,118.56611881324922
7,52,1,1,0,0,130.07841157076973
7,53,1,1,0,4,129.71449421649615
7,0,0,1,1,4,133.163553404479
7,1,0,1,1,6,138.4079829416762
7,2,0,0,1,3,118.96842841281374
7,8,1,1,0,3,134.4044838144575
7,10,1,1,0,3,130.18020789369385
7,18,0,1,1,5,134.94637946708775
7,21,0,1,1,6,135.53159163885078
7,22,0,0,1,5,117.54043579183372
7,28,0,1,1,0,131.0351964072243
7,31,0,0,1,2,120.1003871946964
7,32,0,0,1,1,120.5526964485236
7,34,1,0,0,6,117.26007048149242
7,37,1,0,0,7,117.73200199510518
7,46,0,0,1,6,117.44502328620106
7,58,1,1,0,3,138.83693755523146
7,59,1,1,0,4,130.60583695283538
7,4,0,1,1,4,132.65014258711838
7,5,0,1,1,3,134.44269089392233
7,12,0,0,0,1,102.45487198244959
7,19,1,1,0,6,138.5338580807457
7,34,1,1,1,4,126.64961079443191
7,35,1,1,1,5,124.2604466915167
7,43,1,1,0,6,133.93759604473436
7,6,0,1,0,4,116.45980380623028
7,10,0,1,0,3,123.25342344682595
7,11,0,0,1,2,128.1997024577293
7,12,0,0,1,6,124.7310660662479
7,13,1,0,1,0,120.7049541946404
7,14,1,0,1,2,106.55025442966395
7,15,1,0,1,2,103.05219710321401
7,16,1,0,1,4,116.2667238268367
7,17,0,0,1,2,121.84103198064965
7,19,1,0,1,3,138.26720515747854
7,22,1,0,0,6,121.75925745322894
7,24,1,1,0,1,127.98154185440718
7,25,1,1,1,1,87.51902983602861
7,26,1,1,0,6,136.23903835954118
7,28,0,1,1,1,133.6394995086425
7,32,0,1,0,5,117.57776160990511
7,35,0,0,1,4,116.75519659792573
7,36,0,0,1,7,119.48143816888802
7,37,0,1,0,6,119.978090730626
7,39,1,1,0,1,131.49815628023498
7,40,1,1,1,2,106.40600989115266
7,41,1,0,1,6,98.00813032939682
7,42,0,0,1,6,116.46296616324666
7,44,0,0,1,2,117.01425966117414
7,45,0,0,1,3,127.41320936095434
7,0,1,0,0,6,125.48193077929518
7,29,1,1,0,3,136.3273026992252
7,30,1,1,1,7,146.9707823607202
7,43,0,0,0,3,110.21912070496134
7,50,0,1,1,4,133.86105460943335
7,58,1,0,0,4,118.67207889093399
7,9,1,1,0,0,129.49992361502143
7,11,1,1,0,7,133.58053943080716
7,12,0,1,0,4,116.75455081465213
7,14,1,0,0,1,120.55840736039494
7,18,1,1,0,7,151.59528513914518
7,19,1,0,0,2,120.9423191247321
7,20,1,0,0,0,121.32817599926882
7,21,1,0,0,1,121.13497071636607
7,38,0,1,0,1,119.51273817532098
7,39,0,1,1,2,133.95285726416375
7,43,0,0,1,3,119.67446499197382
7,47,1,0,0,7,115.62574948388708
7,48,0,1,0,5,116.9315680313772
7,50,0,1,0,3,128.77630934507832
7,3,1,0,0,1,120.64634094011734
7,11,1,0,1,1,120.03070550125085
7,17,1,1,0,1,139.26963463213556
7,21,0,0,1,0,119.18628667313385
7,22,0,0,1,1,117.72018548457052
7,25,1,1,0,5,136.55164741128425
7,26,0,1,1,5,134.2701612924654
7,35,0,1,0,2,121.66536174186243
7,47,0,1,0,0,115.69916416602081
7,51,0,0,1,3,121.82008613399839
7,56,1,0,0,6,119.58633464336647
7,1,1,0,0,1,116.71517255370277
7,2,1,0,0,1,119.31787610522436
7,14,1,1,0,0,135.95973861015972
7,15,1,1,0,3,137.10473003543348
7,18,1,1,0,6,135.1488453194416
7,19,1,1,0,5,136.06728844312607
7,20,0,1,0,3,120.39096306820126
7,26,1,1,0,7,136.4276543196923
7,31,1,0,0,0,116.64546439417396
7,33,0,0,0,6,102.40321054158372
7,36,0,0,1,1,120.17343389185308
7,45,1,1,0,2,132.7227832073682
7,49,1,1,1,4,119.17718081570658
7,50,1,1,1,1,75.14024430067224
7,51,1,1,1,7,107.49263043663245
7,5,0,0,0,0,101.13696314233081
7,7,0,1,1,1,132.7149817158678
7,10,0,0,1,3,117.63044353683398
7,17,0,1,1,0,133.40847133613426
7,18,0,1,1,2,135.75813044816277
7,19,0,1,1,2,135.13982935663253
7,20,0,1,1,1,133.97684358873315
7,22,1,0,1,6,126.27866468877384
7,36,0,0,1,4,115.3243816138819
7,37,0,0,1,2,119.37424812623267
7,38,0,1,1,4,130.32378837560913
7,40,0,1,1,4,130.9367396489444
7,41,1,1,1,6,88.99581661056722
7,42,1,0,1,0,88.53729942076743
7,43,1,0,1,0,114.71139569966921
7,44,1,0,1,6,113.62441960095506
7,45,0,0,1,2,119.3029657978573
7,46,0,0,1,4,118.73049188268182
7,56,0,1,1,4,133.18180152585316
7,59,1,1,1,1,118.31754462976772
7,2,0,0,0,0,103.17263010420301
7,33,0,1,0,1,121.36025280676571
7,35,0,1,1,5,135.53987247223395
7,40,0,1,1,2,131.5563098004512
7,42,1,0,1,5,114.97377208286093
7,49,1,0,0,0,117.6185634487785
7,50,1,0,0,3,118.5871519460289
7,6,1,1,0,5,134.21806368508072
7,10,1,1,0,0,130.86317262468452
7,13,1,1,1,7,128.31010254067735
7,16,0,0,1,6,121.92422716698015
7,17,1,0,1,7,132.59746490215485
7,18,1,1,0,3,136.8031476697331
7,22,0,0,1,6,116.93746791477187
7,23,1,0,1,5,106.87882721757693
7,26,1,0,0,1,121.49998709986406
7,43,1,0,0,0,117.88163116235191
7,46,1,1,0,6,133.62677269717094
7,47,1,1,0,3,138.0455798086247
7,48,1,0,1,5,137.60831868104867
7,49,0,0,1,5,118.30115454989819
7,59,1,1,0,3,145.730818530066
7,6,1,0,0,1,116.43866506650521
7,11,0,0,1,7,122.82137341599204
7,16,0,1,1,6,136.62983974387257
7,17,1,0,1,5,138.61006049820114
7,20,1,1,0,2,137.53831410981905
7,22,1,1,0,5,136.517357833748
7,31,0,1,0,1,115.90960556213223
7,37,0,0,0,2,107.45450876387017
7,39,1,1,0,3,130.55557535357156
7,51,1,1,0,3,134.81261306188975
7,54,1,0,0,0,119.27466983202432
7,3,1,1,0,7,150.8260296958408
7,6,0,0,1,4,113.27183930043161
7,7,0,0,1,2,119.20010191868667
7,9,0,0,0,2,102.85213121778234
7,18,1,1,1,0,126.5652261223933
7,19,1,1,1,6,134.345259572767
7,20,0,1,1,3,141.65504459289792
7,23,0,0,1,4,116.0729806159164
7,27,1,1,0,3,150.03399311305958
7,32,0,0,0,1,103.1710950199221
7,36,0,0,1,5,119.09182008168341
7,39,1,0,0,4,117.17791159193179
7,48,1,0,0,4,117.84422606679044
7,56,1,1,0,7,135.33228438034428
7,4,0,1,1,3,138.22527892017476
7,10,1,0,0,7,121.24896224657704
7,21,0,1,1,0,132.95616906106503
7,22,0,1,1,6,134.37517698088007
7,24,0,0,1,0,120.17672146841198
7,31,1,0,0,7,116.61674413184426
7,33,1,0,1,3,118.0687580839202
7,34,1,1,1,3,134.36788757949975
7,35,1,0,0,2,118.06555636596832
7,51,1,1,1,5,128.9039669052068
7,58,0,1,1,7,135.4766651059293
7,59,1,0,1,0,119.20689875849408
7,1,1,0,0,2,119.12091395398346
7,2,1,1,0,5,136.60173561060498
7,7,1,1,0,2,133.32575850400795
7,11,0,0,1,5,119.55255106858296
7,17,0,1,1,4,130.24232905625473
7,23,0,1,1,1,136.17407562561954
7,24,0,1,0,6,123.13967554284862
7,41,1,1,1,4,121.33848237221243
7,42,1,1,1,5,121.67917909748878
7,49,0,1,0,7,117.65726262461786
7,55,1,0,0,2,120.92641010118855
7,58,1,1,0,7,138.9676633037794
7,0,1,1,1,0,62.409989787394274
7,1,1,1,1,5,143.99070900207505
7,24,1,1,0,4,132.79495159980766
7,28,0,0,1,2,119.6426471154182
7,39,1,1,0,6,131.52590164984025
7,42,1,1,0,3,132.18439039592948
7,43,1,0,0,4,118.35043164367532
7,47,0,0,1,6,119.45907150241308
7,48,0,1,1,0,131.35414604285035
7,49,0,1,1,4,126.90695293972547
7,50,0,1,1,1,135.61943794548984
7,51,0,1,1,5,136.2173022144711
7,52,1,1,0,1,131.33097292414897
7,57,0,0,1,6,124.48993019648265
7,59,0,1,1,4,131.57737383280687
7,0,1,1,1,5,148.51834078966584
7,1,0,1,1,2,136.87351838151855
7,8,1,1,0,2,134.5491649405723
7,9,1,1,0,3,134.24092703292723
7,18,1,0,1,3,103.22413657972382
7,23,0,0,0,0,103.89929720546294
7,30,0,0,0,4,103.49576472358713
7,36,1,0,0,2,120.29259013731014
7,37,1,1,0,4,132.1270903651709
7,40,0,0,1,1,118.83161963251804
7,46,1,1,0,2,133.43682643381334
7,48,1,0,1,0,89.64578460570235
7,49,1,0,1,6,118.0390866735596
7,51,0,1,1,2,138.71802360362676
10,0,1,0,1,1,61.95477710013276
9,2,1,0,1,1,122.2339215962565
9,31,1,1,1,5,142.58763296449706
9,5,0,1,1,0,123.55730166215707
9,9,1,1,1,6,138.86987514460668
9,6,1,0,1,6,125.22585528056268
9,53,1,0,1,7,120.21799790124811
9,42,0,0,1,3,119.4207857847295
9,43,0,1,1,4,126.65284384632538
9,18,1,0,1,1,124.13329482695278
9,32,1,0,1,1,125.98471745414822
9,58,0,1,1,7,123.97767942719764
9,5,1,0,1,3,133.9206587495338
9,32,1,1,0,5,126.9828911158477
9,38,1,1,1,1,137.52001560106123
9,4,1,1,1,2,138.35802943484393
9,55,1,1,1,3,138.73343791770338
9,58,1,0,1,7,135.30519211719565
9,41,1,0,1,7,126.01427631757066
9,53,0,1,1,3,132.2728824024854
9,2,0,1,1,5,127.14053996359289
9,3,0,1,1,7,136.30384809600048
9,24,0,0,1,6,112.96670094211919
9,11,1,0,1,3,131.00001936093602
9,57,0,0,1,6,111.77779315461396
9,3,1,0,1,2,123.73692435794614
9,21,1,1,1,1,150.1860427262355
9,10,1,1,0,4,120.84137495931343
9,24,1,1,1,7,137.6688230222254
9,17,1,0,1,7,123.12446493086114
9,12,0,1,1,1,128.71768070560196
9,24,1,1,1,0,137.7761897190997
9,26,1,1,1,7,142.24179429226754
9,27,1,1,1,4,140.86100050452163
9,44,0,0,1,2,110.16246165185582
9,10,1,0,1,2,122.96722852835187
9,16,0,1,1,5,128.0715872129054
9,51,0,1,1,4,123.7820088129013
9,22,0,1,1,5,130.18118033615394
9,48,1,0,1,4,121.43197362958789
9,46,1,1,1,7,138.93660199602903
9,11,0,0,1,0,110.2188507138825
9,30,1,1,1,5,141.60700707585136
9,50,1,0,1,4,121.03313091425326
9,42,1,0,1,7,121.49281003177217
9,36,1,1,1,7,153.41367911304107
9,27,1,0,1,7,124.5189643976449
9,44,1,1,1,7,153.6009024986381
9,54,1,1,1,1,137.76797675005236
9,15,1,0,1,3,137.7601775436423
9,26,0,1,1,0,127.64712198162248
9,59,1,1,1,2,137.68847229728135
9,23,1,0,1,0,127.3199653625661
9,47,1,0,1,0,120.9453480185457
9,3,1,1,1,2,140.16463492412163
9,27,0,1,1,1,127.29563706345613
9,0,1,1,1,5,137.27189494201707
9,16,1,1,1,5,141.01410685848194
9,25,0,1,1,7,128.4730461200416
9,11,0,0,1,5,110.3637064743723
9,6,1,0,1,3,125.77563914400861
9,13,1,0,1,0,124.3148523824975
9,29,1,0,1,4,125.84447472735262
9,30,1,0,1,0,123.53780737548671
9,49,0,1,1,0,122.63838178062758
9,50,0,1,1,1,123.75056516937099
9,44,0,1,1,7,128.00425872264307
9,20,1,1,0,7,138.2937284715175
9,54,1,0,1,4,125.3762262735935
9,7,1,0,1,4,123.50622892388627
9,40,0,1,1,3,137.457709910865
9,5,0,1,1,7,124.7604042326727
9,55,1,0,1,0,121.69578110904908
9,57,1,1,1,0,138.72758807821018
9,28,1,1,1,6,141.05710055093664
9,45,1,1,1,0,138.7037455648197
9,46,1,1,1,2,138.34309637406673
9,17,1,0,1,3,131.89366510923875
9,33,1,0,1,0,122.80569677441724
9,41,1,1,1,4,137.9466512614677
9,55,1,1,1,6,138.01267971144026
9,5,1,1,1,4,138.40678553300583
9,27,0,0,1,1,116.10748267056263
9,42,1,1,1,3,150.89522963955298
9,15,1,1,1,1,138.79719698760314
9,46,1,0,1,1,123.02992704106589
9,36,1,0,1,4,123.70900546489722
9,3,1,1,1,6,140.13766204190645
9,41,1,0,1,3,131.08999401394175
9,28,1,1,1,7,160.15341137183972
9,24,0,1,1,0,127.65671911946608
9,11,1,1,1,5,139.69910510574928
8,51,0,1,1,6,124.14790241273887
8,58,0,1,1,2,124.97569461528386
8,27,1,1,1,5,141.20310099785158
8,6,0,1,1,7,125.68583174981819
8,1,1,0,1,5,122.04994424474177
8,20,0,0,1,3,125.58707532023982
8,43,0,0,1,3,125.23029201956653
8,48,1,1,1,1,138.13541547741997
8,1,1,1,1,5,138.36198932926987
8,3,1,1,1,6,138.90747206938357
8,48,1,0,1,1,122.63912887560221
8,16,0,1,1,5,124.4712616877248
8,4,1,0,1,7,122.43819482777656
8,18,1,1,1,0,139.7243893865232
8,19,1,1,1,4,139.18956282327042
8,20,1,1,1,7,138.52179809701573
8,6,0,1,1,5,122.90077961003149
8,21,1,0,1,0,125.55256550200806
8,40,0,1,1,7,121.26585929859736
8,10,0,1,1,0,123.31432874551797
8,13,0,0,1,7,111.06320228606802
8,46,1,0,1,6,123.83758973468807
8,39,1,0,1,3,124.88954317525332
8,42,1,0,1,7,132.37698389713103
8,43,1,1,1,2,138.43619214378134
8,8,1,1,1,3,136.4059992780235
8,33,0,1,1,0,126.20529428572442
8,40,1,1,1,4,136.46514823032626
8,50,0,1,1,3,138.12633638411677
8,25,1,1,1,3,149.45092972309305
8,10,1,1,1,5,138.88489119011317
8,19,0,1,1,2,124.99227101652369
8,58,0,1,1,3,138.48744995207818
8,54,1,1,1,6,142.425862854742
8,51,0,0,1,7,109.62109988157385
8,25,0,1,1,2,137.73033364470396
8,52,0,1,1,6,123.60681453452236
8,38,1,1,1,1,138.69876435905704
8,11,0,1,1,4,124.11478848288307
8,17,1,1,1,1,146.69054809731108
8,56,1,1,1,6,141.52650294978784
8,43,1,0,1,2,124.52371183033998
8,44,1,1,1,2,138.6367866407317
8,45,1,1,1,3,140.2199636319514
8,49,1,1,1,5,139.1467301742852
8,51,0,1,1,0,123.93862951430846
8,24,1,1,1,0,138.8477061540408
8,54,1,0,1,6,122.22768194119136
8,55,1,0,1,0,123.70139834632378
8,59,1,0,1,1,124.88407294898181
8,19,1,0,0,0,109.14313707901418
8,11,1,1,1,2,150.24800880315613
8,2,0,1,1,5,126.20345227373738
8,49,1,0,1,3,134.4263046833497
8,15,1,0,1,2,123.79968664875467
8,27,1,1,1,1,153.20256474159936
8,15,1,1,1,7,139.37194212197107
8,2,1,1,1,3,137.35334575005646
8,28,1,1,1,6,139.89843365319246
8,30,1,0,1,6,125.27795605259301
8,34,0,0,1,5,107.74852538065349
8,52,1,1,1,2,140.93840778954342
8,53,1,0,1,5,121.38515032991637
8,1,1,0,1,2,121.80675902438372
8,53,1,1,1,4,139.91113436553115
8,54,1,1,1,4,140.58923966055005
8,55,0,1,1,1,125.2508578119943
8,28,1,1,0,7,123.8226036510359
8,19,1,1,1,5,140.03248880799646
8,57,0,1,1,5,125.3866276996113
8,59,0,1,1,6,124.83280679903932
8,46,1,0,1,3,123.67238307302652
8,48,1,0,1,2,122.79471981987895
8,6,1,0,1,4,122.50614656453875
8,28,1,1,1,2,141.09147775639929
8,36,0,1,1,5,122.40880129271788
8,41,1,1,1,7,137.7070953973011
8,13,1,0,1,5,122.7055088412011
8,24,0,0,1,4,111.37502736832312
8,24,1,1,1,1,138.85917828621373
8,45,0,0,1,7,109.09345308041365
8,47,1,0,1,7,124.37571322074854
8,26,1,1,1,4,139.54113332702707
8,45,0,1,1,5,123.20203884374793
8,34,0,1,1,7,125.18496677421318
8,53,1,0,1,7,131.98020113613217
8,14,0,0,1,0,109.9663797860752
8,38,0,1,1,6,122.94122611453186
8,7,1,0,1,1,122.31270134618492
8,25,1,0,1,3,125.31690153334327
8,47,0,1,1,4,123.54962131001537
8,10,1,0,1,3,122.20756870415934
8,14,1,0,1,4,124.17505946510762
8,45,0,1,1,6,123.25602687091258
8,32,1,1,1,6,138.48658529112782
8,33,1,0,1,4,123.72555629604389
8,49,1,0,1,5,123.25942878204839
8,59,0,0,1,5,110.32883554918811
8,21,1,0,1,3,140.55945237474626
8,52,0,1,1,5,126.4847359497219
8,17,1,0,1,2,123.47356207769752
7,39,0,1,0,1,118.12135277006222
7,51,1,1,1,4,99.81312819037215
7,52,0,1,1,5,134.2195649340096
7,13,1,1,0,2,132.98448984561966
7,19,1,0,0,5,120.67920334058758
7,22,1,0,0,2,123.04142577858296
7,32,1,1,0,3,134.1131697875062
7,33,1,1,0,3,133.00476281091235
7,34,1,1,0,5,132.34693087259927
7,44,0,0,1,7,117.7026539111804
7,48,1,0,0,3,118.26926474312462
7,2,0,1,1,4,132.69804077772997
7,3,1,1,1,5,75.17974201735215
7,13,1,1,1,0,66.77143186420571
7,14,1,1,1,3,116.85083993542051
7,17,1,0,1,6,127.21283776272105
7,18,1,0,1,4,127.20555663523001
7,2,0,1,0,2,119.3354742533603
7,11,0,1,1,3,137.59526147885774
7,17,0,1,0,3,122.23869598948804
7,19,0,0,1,4,118.61361692933578
7,25,0,1,0,6,118.7068788461879
7,27,1,0,0,1,118.79740956288404
7,29,1,0,0,6,117.25060564336528
7,36,1,0,1,1,132.3127521090541
7,37,1,0,0,1,116.59207490922498
7,38,1,0,0,0,115.92785262186307
7,58,0,0,1,0,119.73066399503237
7,59,0,0,1,2,118.10630552990327
7,0,0,0,1,0,118.67660007013899
7,5,0,1,1,6,134.67177220423233
7,6,0,1,1,4,127.79026771665683
7,7,1,1,1,4,122.34009310394677
7,8,0,1,1,5,135.26045572109183
7,41,0,1,1,7,132.0037239191383
7,54,0,1,1,6,137.8941227911071
7,55,1,0,1,1,124.53482237997045
7,56,1,0,0,7,119.11181442921576
7,11,1,0,0,2,116.71924119935571
7,23,0,0,1,1,118.93734289930983
7,36,1,0,0,6,117.88582019360648
7,53,0,1,0,2,123.440427516384
7,59,1,0,0,2,120.8212125703836
7,1,1,0,1,3,110.24888296192319
7,4,0,0,1,1,120.04142945410953
7,10,0,0,1,2,117.66661492967987
7,17,1,1,0,2,139.9971717178383
7,19,1,1,0,4,133.86772758279614
7,30,1,0,0,7,114.0467737271135
7,40,1,0,1,7,112.95106204928666
7,42,0,1,1,3,146.1551248054269
7,47,0,0,0,1,103.00905424534957
7,48,0,0,1,6,120.33696925131163
7,49,1,0,1,3,92.3457813190317
7,50,1,0,0,1,116.91868142021615
7,51,1,0,0,7,119.56271233968242
7,10,0,0,0,4,100.19859978045501
7,19,0,1,1,6,135.49993298180897
7,27,0,0,1,2,119.99402631115335
7,34,1,0,0,5,117.3286854342449
7,42,1,1,0,2,132.9831809556334
7,45,0,0,0,5,103.40550539632694
7,49,1,0,0,2,118.71968484755908
7,52,0,0,1,6,119.84368543665857
7,54,1,1,1,3,116.4122886420606
7,59,1,0,0,3,122.43512229595011
7,5,0,0,1,5,118.29026404824575
7,7,1,0,0,4,116.21452041861683
7,10,1,0,0,0,116.91653326162078
7,17,1,1,1,4,139.26980982854212
7,27,0,0,1,5,120.28117901419387
7,30,0,0,1,1,127.05198042351279
7,7,1,0,0,6,116.72159846507546
7,9,0,0,1,5,117.45434089249028
7,12,1,1,0,0,131.55634200994913
7,31,0,0,0,2,102.46072324492212
7,39,0,0,0,7,102.84434483150034
7,43,0,1,1,2,132.836168312436
7,45,1,0,0,7,118.37447267754193
7,47,0,0,1,5,119.68752465697155
7,48,0,0,0,1,103.3299969488217
7,53,1,1,0,6,135.56813247664238
7,57,0,1,0,5,120.7082704580124
7,2,0,0,1,0,117.97119400300122
7,3,0,0,1,2,118.23856398940218
7,4,0,1,1,7,132.75940160871548
7,12,0,1,0,6,118.81972313231527
7,14,0,0,1,6,119.92356103822426
7,15,0,0,1,3,120.26391223164164
7,22,1,1,0,4,132.10498135686925
7,36,1,1,0,3,133.1609082690324
7,38,1,0,1,1,120.98606868988985
7,42,1,1,0,0,129.83244177543017
7,47,1,1,0,4,129.96719711882537
7,56,0,0,0,0,102.42662435055554
7,10,1,0,1,6,119.55761322763742
7,11,1,0,1,2,118.47387247994388
7,12,1,0,1,3,114.32171846835632
7,15,1,1,1,0,95.81031315189742
7,18,0,0,1,3,122.39802852707139
7,25,1,1,0,0,133.4654788769353
7,26,1,1,0,0,134.93131719483273
7,30,1,1,0,0,130.3808218330271
7,34,1,1,1,5,125.90655578165111
7,36,1,1,0,5,129.67840239836738
7,37,1,1,0,6,131.75313542873465
7,55,1,1,0,1,135.375362755937
7,23,0,1,0,1,118.9558413127348
7,30,1,0,1,4,108.8517222567036
7,31,0,0,1,0,116.73768017761977
7,34,1,1,1,6,163.4240506114875
7,35,0,0,1,1,120.39319253203466
7,38,1,1,0,0,131.28760771962624
7,39,1,1,0,5,130.90107844487144
7,55,1,0,0,3,122.39557446318793
7,58,1,1,1,0,108.83120924010416
7,0,1,1,0,6,134.2768313277923
7,10,0,1,0,4,115.7442400915422
7,11,1,1,0,5,134.9345341825587
7,12,1,1,0,3,133.18514992078758
7,13,1,1,1,2,107.79286173043704
7,14,1,1,1,7,130.3148339698423
7,21,0,1,1,3,138.3329954581718
7,27,1,1,1,0,110.16302385135009
7,28,1,1,1,3,157.62702003288325
7,30,1,0,1,7,132.64774961716128
7,51,1,0,1,5,133.0085871966459
7,52,1,0,1,6,108.00036444183995
7,53,1,0,1,6,123.04764710845306
7,59,1,0,0,5,122.5535226441391
7,8,0,0,1,0,119.3784322506527
7,9,0,0,1,2,119.23319527868733
7,28,0,0,1,3,125.41344540881445
7,30,0,0,1,7,120.20585527093775
7,49,0,0,0,4,103.0609979909649
7,52,1,0,0,1,122.62846256949155
7,53,1,0,0,0,117.0831099714867
7,4,0,1,0,4,117.56300036954434
7,11,1,0,0,0,116.96069365012188
7,12,1,0,0,4,116.21515075359831
7,21,0,1,1,4,131.44429620028177
7,22,0,1,1,7,134.3595078068953
7,25,0,1,1,7,138.6628593608464
7,29,1,0,0,4,117.15314679578776
7,35,0,1,1,4,130.88738641373482
7,36,0,1,1,0,131.8535422247093
7,37,0,1,1,0,134.7382452143345
7,40,0,0,1,3,119.31614129875659
7,47,1,0,0,3,116.4765269400744
7,52,0,1,0,6,121.22992724810479
7,1,1,0,0,7,118.23815867943887
7,10,1,1,1,0,103.42560084095321
7,11,1,1,1,0,64.96364115549005
7,12,1,1,1,7,155.5188087357616
7,13,0,0,1,0,119.29261629424761
7,24,1,1,0,0,130.94399845438184
7,27,1,1,0,6,137.24225024765747
7,30,0,1,1,4,130.13355400692583
7,31,1,1,1,2,108.28473423292809
7,32,1,0,1,7,138.0450280089412
7,33,1,0,0,0,116.71702742581266
7,40,1,1,0,4,131.19423663810414
7,1,1,0,1,2,124.94372289614886
7,2,1,1,1,5,106.18072535746138
7,30,1,0,1,3,99.87495973350676
7,34,1,0,1,2,102.07852693600637
7,35,1,1,1,4,116.97261969963385
7,42,1,0,1,4,117.88183272476823
7,43,0,0,1,0,117.94202659958611
7,49,1,1,0,0,134.82527875625374
7,50,1,1,0,7,136.50937513744176
7,59,0,0,1,7,120.52694941242922
7,3,0,1,1,5,135.65472048447242
7,6,1,1,0,7,143.14386638349808
7,7,0,0,1,5,118.90712022128277
7,10,0,0,0,0,103.46803592992053
7,16,0,1,1,7,135.41563853942228
7,20,0,1,1,5,133.73465823220403
7,22,0,1,1,4,133.0982046810892
7,23,0,1,1,6,134.37148433341798
7,24,0,0,1,2,120.25326148482092
7,25,0,0,1,0,119.2567562435067
7,33,0,0,1,6,116.95516046311741
7,35,0,0,0,6,103.78300114934879
7,45,1,0,1,4,110.18115001580459
7,2,0,1,0,1,128.46459677256095
7,15,1,0,0,6,119.36417462512607
7,24,1,0,0,6,120.24680162351235
7,36,1,1,0,0,130.17523295106906
7,42,0,0,1,4,115.44838695201281
7,43,0,0,1,4,114.45782642703759
7,44,1,0,1,5,130.94352175803598
7,51,0,1,1,7,137.5053206705689
7,52,1,1,1,1,105.70235008232451
7,0,0,0,1,5,125.50082379228604
7,2,0,0,1,1,119.0224560525354
7,9,1,0,1,5,132.56888139639148
7,14,1,1,0,7,135.97970119328215
7,21,0,0,1,6,124.58428602271668
7,22,0,0,1,4,114.9689718864477
7,23,0,0,1,3,118.73194263363817
7,53,1,1,0,3,135.8986506663692
7,0,0,0,1,2,120.87491504227117
7,2,1,0,0,3,129.23252689237938
7,3,1,1,0,1,131.35095746858337
7,26,1,1,0,5,136.75099273835306
7,27,1,1,0,0,131.06804553957028
7,28,1,1,0,1,136.83718008943535
7,34,0,0,1,6,119.12379944082954
10,0,1,1,0,1,59.65574174143709
9,11,1,0,1,4,123.82616198247604
9,27,1,0,0,1,112.70708180720409
9,39,0,1,1,0,125.86256537074553
9,41,0,1,1,6,124.93220695005164
9,8,1,1,1,5,138.34135516428043
9,15,1,1,1,3,148.36846970821023
9,36,1,0,1,6,125.02486967486553
9,50,1,0,1,7,120.93015159444003
9,10,1,0,1,6,123.3689043643113
9,43,0,1,1,2,125.99138369958987
9,28,1,1,1,4,141.41322846822197
9,26,1,0,1,0,124.32922302949986
9,47,1,1,1,7,148.55367062143483
9,50,0,1,1,4,122.85203534618532
9,1,1,1,1,6,138.22247563412236
9,54,1,0,1,0,120.99959800290331
9,55,1,0,1,7,124.1834460217478
9,57,0,1,1,5,122.46064516552259
9,6,1,1,1,2,138.1447543787113
9,28,0,1,1,5,124.8859659571977
9,10,1,1,1,7,139.49434094063676
9,37,1,0,1,2,125.63390210418108
9,23,0,1,1,0,126.1910428444093
9,11,1,1,1,6,140.97386167857786
9,7,1,1,1,6,138.0760582236371
9,12,1,0,1,3,125.68414777441922
9,14,1,1,1,1,139.85054944820592
9,37,1,0,1,3,125.81102632293744
9,48,1,1,1,6,136.53035846619275
9,50,1,1,1,4,138.04403230193265
9,41,1,1,1,0,139.54469695457254
9,42,1,1,1,4,139.65536592361423
9,23,0,0,1,7,113.1302469489368
9,52,1,1,1,2,137.18379353001853
9,29,1,0,1,0,126.13137176219459
9,30,1,0,1,4,123.35395366806851
9,54,1,0,1,7,121.85029764098644
9,41,1,0,1,4,124.15356631758414
9,51,1,1,1,5,135.43002004086293
9,40,0,1,1,1,129.482294051439
9,34,1,0,1,4,125.34466092328472
9,56,0,1,1,7,125.6433510416216
9,39,1,1,1,5,138.3678358946457
9,44,0,0,1,7,116.49325867102881
9,20,0,1,1,7,129.84849653220274
9,30,1,0,1,3,129.59525863607217
9,3,1,0,1,6,126.20154500465702
9,17,0,1,1,4,125.79355029410588
9,45,1,1,1,6,154.09802990734755
9,26,1,1,1,2,138.54487807328724
9,52,0,1,1,0,123.75410072278216
9,56,1,1,1,3,148.66344665879797
9,28,1,0,1,0,124.00624807420955
9,39,1,1,1,1,138.40373294261033
9,18,1,0,1,4,123.13432584756178
9,8,1,1,1,3,150.31029767189534
9,50,1,0,1,6,120.93932139767492
9,18,1,1,1,6,140.98562930379694
9,17,1,1,1,7,149.8150957989738
9,20,1,1,1,5,139.9636518540677
9,38,1,1,1,4,137.97035287299968
9,23,1,1,1,2,141.75621854135224
9,35,1,0,1,2,123.67884418497701
9,37,0,1,1,0,124.5777400268562
9,4,1,1,1,3,138.4417944013576
9,39,1,0,1,0,125.3353767902795
9,15,1,1,1,5,140.3119116341945
9,13,1,0,1,5,125.23335735739671
9,3,1,1,1,7,139.93556621862456
9,9,0,1,1,5,123.70179834309369
9,24,1,0,1,1,125.21169849487559
9,41,0,1,1,0,124.02082886558519
9,55,1,1,1,2,137.3781504582916
9,4,1,1,1,6,148.91080067131765
9,30,1,1,1,7,152.48788974859943
9,38,1,0,1,3,127.9402334183965
9,52,0,1,1,4,121.21964819192401
9,53,1,1,1,7,136.34505010865652
8,45,1,1,1,4,140.35290206780775
8,37,1,0,1,6,122.51394799094129
8,6,1,0,1,7,122.47252906488167
8,9,0,1,1,5,123.78142355193373
8,48,1,1,1,6,138.39935465179323
8,49,1,0,1,0,124.4849231885733
8,50,1,0,1,5,124.3415643764202
8,58,1,0,1,1,123.24615314727453
8,57,1,1,1,3,140.94300213965644
8,4,0,1,1,2,123.86661935199764
8,22,1,0,1,0,124.44346837159
8,23,1,0,1,2,124.04668613756456
8,16,1,0,1,0,125.33262074622976
8,17,1,0,1,6,122.80656925213518
8,36,1,1,1,7,137.48341763499837
8,43,0,1,1,4,124.3600460685594
8,29,1,0,1,1,125.66020607764469
8,50,1,1,1,7,143.7402178027546
8,11,1,1,1,5,139.94072447286146
8,12,0,1,1,6,125.74411552601877
8,36,0,1,1,6,121.95241744118786
8,9,1,0,1,7,122.55151099595462
8,42,1,1,0,1,120.7882421654971
8,57,1,0,1,4,129.18167294280158
8,51,1,0,1,0,123.21215978263365
8,52,1,0,1,1,133.23777974877598
8,28,1,1,1,3,140.27500056500796
8,52,1,1,1,5,139.47061561652777
8,18,1,1,1,5,139.89736741890061
8,30,1,0,1,2,129.91624377660304
8,13,1,0,1,1,123.25498291065894
8,39,0,1,1,3,141.00689854573722
8,19,1,1,1,3,152.7472540716069
8,5,1,1,1,7,136.00469128847544
8,14,1,1,1,4,140.6720334817275
8,46,1,0,1,0,122.75470696563072
8,47,1,0,1,5,124.43654405789012
8,17,0,1,1,4,123.05575576737455
8,35,1,1,1,6,139.79301254985958
8,9,0,1,1,1,125.82907166730286
8,37,1,1,0,5,121.45423113501523
8,42,1,1,1,2,138.9531276268326
8,55,1,0,1,7,142.48741985681818
8,5,1,0,1,1,121.7545379214498
8,35,1,1,0,0,122.19415853650305
8,58,0,1,1,4,122.67582202336217
8,11,1,1,1,0,139.9696100678605
8,12,1,1,1,7,149.9319435946538
8,47,1,1,1,0,140.89983694204844
8,32,1,1,1,7,138.26649414080939
8,9,1,0,1,0,122.33554496492053
8,59,1,1,1,0,137.6913037127273
8,9,1,1,1,0,138.5187445329375
8,11,1,0,1,2,126.47043349423353
8,56,1,0,1,3,122.96520157660022
8,17,1,1,1,2,139.7390427380186
8,23,1,1,1,1,139.56263228981072
8,53,1,1,1,3,140.5710023266868
8,40,1,0,1,3,123.11698439008079
8,23,1,0,1,0,124.14708954890601
8,6,1,1,1,0,138.24396843063647
8,14,1,0,1,0,124.80607993847667
8,16,1,0,1,2,124.47194181656535
8,17,1,1,1,0,139.87538769159033
8,22,1,0,1,3,140.1472136024613
8,28,0,1,1,2,126.53190862792388
8,31,1,0,1,7,133.0411319328978
8,0,1,1,1,0,139.64908303703518
8,1,1,1,1,6,138.9972033436269
7,58,1,0,1,2,122.91164498220786
7,59,1,0,1,6,120.5255736929403
7,0,0,1,1,6,136.56687060523728
7,1,1,1,1,4,88.29128665772718
7,2,0,1,1,0,134.90910244945002
7,13,0,1,1,7,135.54518864616455
7,18,1,1,0,0,135.56161937464293
7,20,1,1,0,0,135.95336670404
7,34,0,1,1,3,135.20233709436417
7,38,1,0,0,5,118.46231199996976
7,48,1,0,0,0,118.47054438434779
7,52,0,0,1,3,129.13937057442917
7,8,0,0,0,7,100.11522364845648
7,19,0,0,1,2,118.63987586213963
7,20,0,0,1,6,122.31105780480955
7,25,0,0,0,2,105.62930393803065
7,33,0,1,0,4,117.44187012079257
7,42,0,0,0,1,108.70248258096527
7,50,1,0,0,5,118.8352981995253
7,2,0,0,1,2,118.34265749672439
7,8,1,0,0,4,116.9107130589223
7,31,1,1,0,2,133.04290086864017
7,6,0,1,1,2,136.19149857008114
7,7,0,0,1,1,117.8418078334339
7,43,0,0,1,6,118.83516787627221
7,44,0,0,1,4,115.25742881511182
7,45,1,0,1,7,113.3396863927548
7,53,0,1,1,1,135.61045961584233
7,56,1,1,0,2,134.84405550452382
7,19,1,0,1,7,135.7094260279477
7,37,1,0,1,3,126.33240789954291
7,41,1,1,1,2,93.67940265896141
7,54,1,1,0,7,134.2021126532147
7,59,1,1,0,1,132.75182286821826
7,0,1,1,0,2,134.34310659181384
7,2,1,1,0,6,134.83100400982548
7,48,0,0,1,3,124.34682096372006
7,0,0,0,1,7,121.21346946518113
7,8,1,1,0,7,134.18038933304416
7,19,1,1,1,3,129.17018803239628
7,23,0,0,0,7,106.66761517251463
7,31,1,1,0,6,132.58096165670617
7,40,0,0,1,7,118.91944342741729
7,10,0,0,1,1,117.47063719686523
7,17,0,1,0,0,120.89430049318001
7,18,0,1,0,4,120.48534930970057
7,26,1,1,0,3,139.85835346599603
7,44,0,0,0,2,103.80563123403634
7,20,1,1,0,7,145.029821078256
7,30,1,1,1,6,120.7721674954834
7,37,1,0,1,7,132.10355944707337
7,38,1,1,0,1,131.91312507953322
7,39,1,1,1,4,110.53550883454146
7,40,0,1,1,7,130.9433053979184
7,50,1,0,1,1,96.77140292479693
7,47,1,1,0,1,132.2914477992999
7,52,1,1,1,5,151.24695909833602
7,3,0,0,1,4,118.39853136166256
7,4,1,0,1,2,114.09715471364352
7,5,1,0,1,5,132.03690238665303
7,17,1,1,1,1,140.41053548319027
7,18,1,1,1,3,138.2740330838124
7,27,0,1,1,5,135.41800302147217
7,29,1,1,1,2,125.35976062368742
7,30,1,1,1,0,84.13385288717043
7,31,1,1,1,7,109.25813152910854
7,44,0,0,1,6,117.21374442260317
7,51,0,0,0,5,104.0802319260264
7,52,0,0,1,0,118.28387655365417
7,9,1,1,1,2,109.98157114527218
7,10,1,0,1,2,116.295157178428
7,19,0,1,1,3,135.2085299385316
7,21,1,0,1,4,127.47350619252244
7,31,1,1,1,3,110.2599084963394
7,33,1,1,0,5,133.29918677865152
7,53,0,0,1,5,118.09741521353365
7,1,0,0,1,4,116.89843370192145
7,2,1,0,1,3,105.45818243930458
7,4,1,0,1,1,96.0369179356546
7,12,0,0,1,4,122.76891645891918
7,16,1,1,1,5,153.76431772755893
7,23,1,0,1,4,120.15714598926725
7,35,1,1,0,3,134.68492278746328
7,2,1,0,0,6,117.70609019594654
7,18,0,1,1,1,136.5801877397237
7,19,0,1,1,5,134.81206536652124
7,26,1,0,0,5,123.04665848731513
7,30,0,0,1,2,120.00499297169353
7,32,0,0,1,5,117.42880550681383
7,42,0,1,1,6,132.4399902796733
7,43,0,1,1,7,138.8979832741657
7,50,1,0,1,7,141.62309617988515
7,51,0,0,1,0,122.19881838706206
7,13,0,0,1,4,114.92095682593568
7,15,0,0,1,7,119.75688633167532
7,31,1,1,0,5,132.75566468136697
7,32,0,1,1,5,133.18722257500454
7,34,0,1,0,1,118.1805682287296
7,40,0,1,1,6,130.84861736820224
7,52,0,0,1,1,122.46957638830067
7,54,0,0,1,4,116.33446136204627
7,55,0,0,1,3,124.71032072061698
7,1,0,0,1,0,118.8459446782395
7,2,0,0,1,7,117.85105251398521
7,6,1,0,0,2,124.91643194486915
7,8,1,0,0,0,117.52026455637892
7,10,0,1,0,6,117.28308115069618
7,29,1,0,1,6,126.06467678546244
7,31,0,1,1,5,132.68865665820854
7,43,1,0,0,2,118.45727771878481
7,44,1,0,0,4,117.547650547095
7,0,1,1,0,3,135.35821115378258
7,9,1,0,1,7,104.06438301822769
7,16,0,0,0,4,104.8420496429676
7,37,0,0,1,4,116.79941235253668
7,58,1,1,1,7,158.6340336547687
7,14,0,0,1,3,120.3662883384965
7,20,0,0,1,3,121.75639053077911
7,22,0,0,0,0,103.8547297048734
7,27,1,1,1,4,113.61902285138564
7,39,0,1,1,5,133.04577036486512
7,43,1,1,0,4,134.0689044893288
7,54,1,0,1,0,120.10802591655136
7,59,1,1,0,7,134.60933350588138
7,13,1,1,0,1,133.04164029932124
7,14,1,1,0,3,136.04307792531006
7,30,0,1,1,7,131.06885702913252
7,40,0,0,1,0,117.04054104598899
7,5,0,0,1,0,117.94368612989152
7,6,0,0,1,5,122.47075878121959
7,35,1,0,1,6,111.16046515505847
7,41,0,1,1,4,129.75452239775467
7,43,1,0,1,1,126.54874220410015
7,46,1,0,0,5,116.91905630326836
7,59,1,0,0,7,123.85598111526333
7,0,1,0,1,4,115.88777085533064
7,2,0,0,1,4,114.83649866185235
7,3,0,0,1,6,118.5208953032569
7,19,1,1,1,1,138.73314174165094
7,26,1,0,1,1,135.00800910030893
7,31,0,0,0,6,102.03617036721246
7,57,0,0,1,1,121.10259206163371
7,3,0,0,1,3,123.0161071038433
7,4,0,1,1,6,133.01279930563513
7,24,1,0,1,4,89.12521780965655
7,25,1,0,1,4,116.33428414023746
7,47,1,0,1,5,136.89246331484412
7,14,0,1,1,2,137.5277398538954
7,22,1,0,1,0,119.09822590606946
7,23,1,0,1,7,139.32819504698762
7,27,0,1,1,1,136.54058136080562
9,54,0,0,1,4,108.64721445625445
9,1,0,1,1,1,128.8791989917811
9,31,1,0,1,7,123.67399719978738
9,1,1,0,1,1,122.60047244110511
9,43,0,1,1,1,124.02349713545956
9,35,1,1,1,7,140.05957259189674
9,47,1,1,1,5,135.5122834167263
9,18,1,1,1,2,142.1895984372557
9,13,1,0,1,6,126.79116157981541
9,50,1,1,1,3,149.1616611561052
9,40,1,1,1,6,141.31256622408745
9,42,0,1,1,2,126.2598685787944
9,8,1,1,1,7,137.90782726787722
9,9,1,1,1,2,139.76744721913832
9,4,1,1,1,0,139.18525098663682
9,44,1,1,1,5,139.58215590448364
9,12,1,1,1,2,138.56336185174465
9,55,0,1,1,0,124.7980473681017
9,49,1,1,1,0,137.3769767079235
9,27,1,0,1,0,123.88655388156576
9,34,1,1,1,3,148.76641315599127
9,10,0,1,1,4,121.9817484092386
9,9,1,1,1,7,139.07998752293662
9,9,0,0,1,7,108.9838178199705
9,15,0,1,1,6,125.0169968055035
9,51,1,1,1,7,136.15248068953133
9,1,1,1,1,4,138.13434860427975
9,18,1,0,1,3,123.87294714793853
9,34,1,1,1,6,138.49569663166264
9,9,0,1,1,1,130.37419275695808
9,11,1,0,1,0,123.85647008353558
9,42,1,1,1,0,139.8722309442265
9,43,1,1,1,0,138.4173712784626
9,53,1,1,1,5,136.2642237217114
9,54,1,1,1,2,137.05263341923623
9,55,1,1,1,4,137.81778397361526
9,24,1,0,1,3,125.71453680103195
9,57,1,1,1,4,138.96893712378724
9,20,1,0,1,3,138.01640849110953
9,33,0,0,1,1,111.05761196805341
9,37,1,0,1,5,123.34360180969242
8,1,0,1,1,1,124.43724491655692
8,39,1,1,1,3,138.09642800320262
8,53,0,1,1,3,125.29311049093104
8,13,1,1,1,3,137.47173345224314
8,27,0,1,1,0,125.02368282478052
8,34,1,1,1,0,139.73587634099877
8,12,1,0,1,0,125.03208829502704
8,2,0,0,1,3,124.0669856379137
8,21,1,0,1,4,125.75421436299044
8,54,0,1,1,3,140.95251690010411
8,50,1,1,1,4,141.327320370696
8,30,1,1,1,7,141.6224177941097
8,47,0,1,1,2,124.34251783191002
8,24,1,1,1,5,138.51451899455319
8,34,1,1,1,5,139.2667105763337
8,50,1,0,1,4,124.38372464621341
8,51,1,0,1,2,122.00458902923789
8,52,1,1,1,7,139.43227726237953
8,51,1,1,1,6,140.47267682493114
8,2,1,1,1,4,137.98052478214484
8,58,1,1,1,7,148.5923722116422
8,37,1,1,1,2,138.82083693272403
8,3,1,1,1,5,139.03228646135832
8,32,1,1,1,5,137.2537415585593
8,8,1,0,1,3,122.40533063689679
8,2,1,0,1,0,123.03532115801133
8,25,1,1,1,7,141.30119045441546
8,4,0,1,1,1,123.82665879441635
8,55,1,0,1,6,123.10862046997076
8,17,0,1,1,1,126.11108969845063
8,15,1,1,1,1,139.59325206327563
8,29,1,0,1,3,126.12685819561442
8,43,1,1,1,6,138.55054779350138
8,18,0,1,1,1,123.80822893447628
8,56,1,0,1,7,133.46007089649368
8,32,1,0,1,1,125.66414296223888
8,36,1,1,1,5,137.51554036666204
8,23,0,1,1,3,138.25387854355117
8,21,1,1,1,6,138.95968497127473
8,22,1,1,1,6,138.47642357144667
8,9,0,0,1,3,118.05497942335928
8,44,1,0,1,7,121.56359109578271
8,14,1,1,1,1,142.3189162247822
8,43,1,0,1,6,124.5428308054347
7,41,1,1,0,0,129.69460231401496
7,44,1,1,1,0,117.28911496217509
7,45,1,1,1,7,87.33734037261765
7,49,1,0,1,1,108.67805873391552
7,57,1,1,1,6,162.48312179589493
7,58,1,0,1,7,141.15699704823723
7,2,1,1,1,3,80.63628990846293
7,4,1,1,1,1,101.74926148314495
7,8,1,0,1,5,115.47155819998213
7,19,0,1,0,7,121.46925922263402
7,21,1,0,0,5,121.89140268084682
7,32,1,0,1,4,115.339137798177
7,58,0,1,1,5,135.38330201301005
7,12,1,1,1,0,111.07860941368837
7,13,1,1,1,6,114.68569580263492
7,18,0,0,1,7,128.13804037817036
7,24,0,1,0,0,118.49840250585953
7,26,1,1,0,2,136.60051568517233
7,29,1,1,0,2,135.35317733020023
7,57,1,0,1,4,119.0590993133346
7,5,0,1,0,3,122.02815912985767
7,10,1,1,1,3,145.01361942075982
7,12,1,0,0,0,118.49192546382626
7,20,1,1,0,3,136.88300528348907
7,38,0,1,0,7,118.9867176802005
7,52,1,0,0,5,122.95012825849382
7,8,0,1,1,2,140.1296605757749
7,32,1,0,0,0,118.5986711829301
7,38,0,1,1,5,134.32306028079648
7,6,0,0,1,3,117.58213436152352
7,43,1,0,1,6,120.1144174695815
7,7,0,1,1,7,133.55677937234947
7,12,1,1,0,6,133.31406528684238
7,17,0,0,0,6,104.63115310197328
7,40,0,1,0,0,116.8200305327394
7,44,1,1,1,7,103.18940139512948
7,46,1,0,0,2,118.07147498779645
7,56,0,1,1,5,132.91868159372166
7,58,0,1,0,3,127.35914902914875
7,11,0,0,0,6,102.64042655574613
7,36,1,0,0,4,118.33879623871012
7,46,1,1,0,0,133.1010688804076
7,59,1,1,0,0,133.0521348678522
7,36,0,1,1,3,138.55048475849202
7,44,0,1,1,6,136.70636994813523
7,45,1,0,1,5,107.37518629441166
7,46,1,0,1,4,127.05434023982164
7,48,1,0,1,2,105.51126304094619
7,52,0,0,1,5,122.92263193822654
7,23,0,1,1,0,130.69791329133201
7,24,0,1,1,1,133.32992991300114
7,26,0,1,1,2,134.56429521182665
7,27,0,1,1,4,134.32769946281422
7,28,0,1,1,6,133.81594724823353
7,39,1,0,1,5,132.80257935827484
7,47,1,1,0,2,136.31205127786458
7,55,1,0,1,0,111.4090711843443
7,58,1,0,1,1,122.10253947160587
7,7,0,1,1,0,132.8434310095436
7,8,0,1,1,0,135.24442367014942
7,11,0,1,1,5,136.64609677478379
7,13,1,1,0,7,132.91830142900147
7,15,0,0,1,0,121.0386050665937
7,16,0,0,1,5,121.6104865403209
7,34,1,0,0,4,116.23564485976365
7,47,1,0,1,4,100.2705681080766
7,12,1,0,0,7,121.04865155517271
7,16,0,1,1,4,128.53860737267738
7,54,1,0,1,4,111.36880441432236
7,11,0,1,0,2,116.05639868607099
7,41,1,0,0,7,117.55509755786706
7,9,0,0,1,3,123.63905395308922
7,12,0,0,1,1,121.30138877259132
7,18,0,0,1,0,117.11090035102423
7,29,1,0,1,3,126.9397920665049
7,59,1,0,1,4,115.21910185627047
7,0,1,0,1,7,117.68591563971665
7,1,1,1,1,6,102.22159223201137
7,7,0,0,1,0,117.79745753243289
7,12,0,1,1,3,137.02237804082037
7,24,1,1,0,2,132.7792987449099
7,34,1,1,0,7,132.33260652704118
7,50,1,0,0,4,117.82575161123947
7,20,0,0,1,7,121.17164179846466
7,37,1,1,1,0,118.77906497263456
7,38,1,1,1,5,147.04723701442995
7,20,1,0,0,4,121.43993537550952
7,22,1,0,1,3,130.58504457945713
7,28,1,1,0,3,132.9040951292108
7,29,1,1,1,1,116.2827433235894
7,38,1,1,0,6,132.80652421956904
7,58,0,0,1,5,119.58161798087136
7,18,1,1,0,4,137.5973658734126
7,20,1,1,0,4,131.4028445800182
7,25,0,0,1,3,120.98063707617739
7,27,0,1,0,1,120.5146119323883
7,56,0,1,0,5,118.6634015289413
7,6,1,0,1,4,116.29358566507106
7,11,1,1,0,0,131.02782577919598
7,12,1,1,0,1,132.3493181775433
7,13,1,1,1,3,82.91471623296373
7,14,1,1,1,0,77.44460655481151
7,15,1,1,1,4,95.61521483425051
7,16,0,1,1,3,136.54084649394264
7,21,0,1,1,1,136.06871020331477
7,22,0,1,1,1,134.82762373497138
7,38,1,1,1,6,125.4430994008169
7,58,0,1,0,5,120.11323872488337
7,8,0,0,1,6,118.79552942426238
7,9,1,0,1,2,86.74113287934858
7,30,1,0,1,2,97.56932055845135
7,48,0,1,1,3,135.41928908241016
7,53,1,0,0,2,121.67564395936911
10,0,0,1,0,4,102.61562158344339
9,38,1,1,1,0,136.64830003968711
9,39,1,1,1,4,138.24034925810358
9,15,1,0,1,1,125.36787212056043
9,5,0,1,1,1,124.91586642631279
9,33,1,1,1,4,139.265754735342
9,51,0,1,1,0,124.78961125546239
9,53,1,1,1,0,142.14545156980597
9,23,1,1,0,1,125.33405784875234
9,27,1,1,1,6,141.81617214895044
9,2,1,1,1,4,137.92275046699922
9,41,1,0,1,5,125.83204962896157
9,19,1,1,1,3,155.84565704664587
9,57,1,1,1,3,146.1101605337923
9,17,1,0,1,0,123.5091659319998
9,25,1,0,1,0,124.73096712533355
9,26,1,0,1,3,138.9258970266344
9,6,0,1,1,7,122.12380551895515
9,43,1,1,1,7,145.71026071199117
9,7,1,1,1,0,139.03742813618936
9,56,1,1,1,4,138.29468373805256
9,57,1,1,1,7,139.35562118757568
9,32,1,0,1,6,126.6595023244767
9,52,0,0,1,7,106.6826515841255
9,3,1,0,1,0,127.51508742094059
9,16,1,1,1,7,157.6294763026398
9,29,1,1,1,7,138.3931109844778
9,51,1,1,1,6,134.7547866383994
9,29,1,1,1,5,138.3706176035841
9,48,1,0,1,2,121.61972624203945
9,50,1,1,1,2,137.21607133466574
9,4,1,0,1,2,123.98372943602847
9,34,1,1,1,1,138.2035716620748
9,56,1,1,1,0,138.8303553889024
9,9,0,1,1,3,127.12314112025891
8,21,1,1,1,3,150.71294777861087
8,33,1,1,1,7,139.53525435720954
8,53,1,1,1,6,138.74324315033178
8,24,1,1,1,3,151.60744618038612
8,8,1,0,1,6,124.94822363151926
8,51,1,1,1,7,157.63714891954294
8,46,1,0,1,4,123.46192375125386
8,28,0,1,1,0,125.96477871498114
8,29,1,0,1,5,131.77625088125689
8,50,1,0,1,0,124.26937511208824
8,15,1,0,1,6,124.77453168792924
8,6,1,1,1,4,136.3414337616185
8,13,1,1,1,2,137.9298553582646
8,28,0,1,1,3,137.52854120761407
8,4,1,1,1,0,139.78142651204564
8,22,1,1,1,4,138.31455266426232
8,55,1,1,1,7,139.96613410009675
8,34,1,1,1,4,139.6900436199647
8,24,1,1,1,7,138.69784860189532
8,31,1,1,1,7,151.18490360139424
8,57,1,1,1,2,140.49577799134067
8,44,1,0,1,6,122.06585522402942
8,41,1,1,1,1,137.7070411950309
8,19,1,1,1,1,139.89601096739105
8,48,1,1,1,3,157.32016979581488
8,11,1,1,1,3,140.89917664142803
8,29,0,1,1,4,126.5451473190067
8,56,1,1,1,0,140.20517647895628
8,31,0,1,1,7,125.29785269039613
8,22,1,1,1,2,138.6844640863747
8,23,1,1,1,5,138.30776679760217
8,9,1,0,1,6,122.44979278823465
8,15,1,1,1,6,139.5509611041931
8,34,1,0,1,2,126.1459544999926
8,42,1,0,1,1,122.40342001385491
8,46,1,0,1,2,123.72597933464723
8,47,1,0,1,3,132.1831963598521
8,58,0,1,1,7,123.71428998543094
8,46,1,1,1,0,140.57488296206276
7,46,1,1,1,4,112.18974133488415
7,48,1,1,1,6,129.21434653114937
7,50,1,0,1,6,106.50117482069842
7,3,1,1,0,2,136.63934628266063
7,27,0,0,1,0,120.09727645822358
7,39,1,0,1,2,116.95519708631483
7,40,1,0,1,2,94.43012828810586
7,42,1,0,1,7,109.71902875851589
7,53,1,0,1,7,141.2208525339943
7,41,1,1,1,5,105.72907995983007
7,45,0,1,0,0,116.41515914103758
7,6,1,1,1,2,108.30484318093211
7,8,1,0,1,7,136.01335713306563
7,9,1,1,1,0,99.39450037391225
7,12,1,1,1,5,114.80094292336348
7,16,1,1,0,2,139.04665143760647
7,39,0,1,1,3,137.39694490321213
7,21,1,0,0,7,125.27406798545087
7,25,0,1,1,1,135.3720907992485
7,40,0,0,1,6,116.61801989497178
7,43,1,0,1,3,132.30218392842448
7,46,0,1,1,4,128.67834992316958
7,48,1,1,1,1,125.74029470512757
7,50,1,1,0,6,137.56213776475502
7,4,0,0,1,4,118.2147251884319
7,26,0,0,1,0,120.37121076519087
7,29,0,0,1,0,118.86529417727027
7,43,1,0,1,4,120.37509174206068
7,47,1,0,1,0,102.34813829680411
7,52,1,1,0,3,143.99432349196368
7,3,1,0,0,7,120.1383019390636
7,4,0,0,1,6,121.19829575857551
7,28,1,1,0,4,133.18418729951674
7,39,1,0,0,5,117.15148631997972
7,55,1,1,0,6,133.26069481693472
7,35,0,0,1,6,120.18356391163935
7,56,1,1,0,1,133.2480834853727
7,57,1,1,0,7,137.97040357078976
7,13,0,1,1,5,139.705146927154
7,22,0,1,1,3,134.46934433641857
7,25,0,1,1,3,141.32633126205124
7,44,1,0,0,0,117.3754685966008
7,1,1,1,0,5,135.8336086585286
7,20,0,1,1,6,137.52548414013208
7,53,1,1,0,7,139.721300131897
7,26,1,0,0,0,120.90614095658219
7,36,0,1,0,6,118.63181940109617
7,42,0,0,1,0,117.99557275035798
7,51,1,0,1,2,95.09677325591076
7,1,1,0,1,7,126.85846198341208
7,15,1,1,0,1,137.82830330388882
7,36,1,1,0,1,130.09161198999752
7,37,1,1,1,4,120.2648523012143
7,53,1,0,1,0,112.39378648180974
7,56,1,0,1,2,120.48765737585218
7,57,1,1,1,3,115.10474315316502
7,16,1,0,1,1,129.58661362535554
7,52,0,0,1,7,125.40056419136253
7,53,0,1,1,7,135.5501294453526
7,3,1,0,1,7,116.97179374242016
7,16,1,1,1,7,118.71515484859567
7,29,1,0,0,3,116.7000106406426
7,33,1,1,0,0,133.578054373099
7,58,1,0,1,4,126.62865687108385
7,2,1,1,1,0,95.62344659547092
7,3,1,1,1,2,86.70422929281285
7,4,1,0,1,3,151.45495194791343
7,25,1,0,1,1,102.41699463683705
7,26,1,0,1,0,117.00099724074644
7,27,1,0,1,3,132.40351212763684
7,44,1,1,1,2,122.44214367340962
7,45,1,1,1,5,150.50469303277976
7,49,0,0,1,0,118.46618862939881
7,8,1,1,0,1,133.95953339439086
7,24,1,1,1,2,111.3580799147652
7,25,1,0,1,3,140.95221550837005
7,27,1,1,0,7,136.6456429200844
7,36,1,0,1,4,116.14071717026621
7,46,1,1,1,2,114.30740382962603
7,54,1,0,1,5,132.11098254743092
7,0,1,1,0,7,149.88945537213658
7,2,1,1,1,4,77.01313896749701
7,4,1,0,1,7,121.99429233497972
7,9,1,1,0,6,134.2463602871734
7,18,1,1,1,6,130.34972470523775
7,3,0,1,0,5,118.99291828857726
7,12,1,0,1,4,125.09147982747831
7,15,1,1,1,2,93.03008562530582
7,16,1,0,1,2,120.63116293561733
7,23,0,1,1,7,135.4452814931789
7,25,1,0,0,1,120.88931115511717
7,26,1,0,1,4,109.79751767619996
7,53,0,0,1,6,119.42945249688917
7,55,1,1,1,6,145.85246095237065
7,7,1,1,1,2,119.33731441601503
7,9,1,1,1,6,118.93414003992653
7,10,1,1,1,5,123.99908783614507
7,13,1,1,0,3,133.01179602699267
7,14,1,1,0,2,133.61998429993074
7,43,0,1,1,3,142.05446978374408
7,54,1,0,1,3,134.95233709133973
7,55,1,1,1,1,119.65291184570474
9,12,1,1,1,4,138.44616403105135
9,14,0,1,1,0,125.98437951825132
9,25,0,1,1,3,142.42273755672505
9,51,1,0,1,7,122.32409131996133
9,8,0,1,1,7,125.32981307428447
9,35,1,0,1,3,123.00457541773963
9,54,0,1,1,7,123.48124258515512
9,4,1,1,1,4,137.9482792584697
9,26,0,1,1,3,139.42452878480907
9,11,1,0,1,6,122.86007505738499
9,10,1,0,1,1,124.83264130446386
9,31,1,0,1,0,124.07944076221955
9,0,1,0,1,5,132.8949221518716
9,40,1,1,1,0,140.6301995910584
9,41,1,1,1,5,138.14880721139002
9,10,1,0,1,0,122.89037562836916
9,22,1,1,1,3,141.34856088575148
9,45,0,1,1,1,126.7080964797905
9,7,1,1,1,3,149.75580245126022
9,51,1,0,1,3,132.85098512458532
9,16,1,1,1,4,141.61424729356116
9,5,1,1,1,6,138.5268277530156
8,0,1,1,1,6,138.97667592411597
8,19,1,1,1,2,140.40232394048977
8,27,0,1,1,6,124.68426937065178
8,5,1,1,1,2,137.18366168854755
8,30,1,0,1,4,124.89547248973041
8,45,1,0,1,6,131.73717257875919
8,38,1,1,1,3,138.12767424999927
8,37,1,1,1,6,138.5964473109872
8,25,1,1,1,2,141.2246836298343
8,12,1,1,1,4,139.63562659615636
8,32,1,1,1,2,137.95732866408594
8,39,1,0,1,4,123.97135734719205
8,16,1,1,1,0,139.98998653542094
8,28,1,1,1,5,139.6744499235341
8,16,1,1,1,6,139.978774592482
8,20,1,0,1,5,123.68033316934266
8,28,0,0,1,2,109.02391816514749
8,31,1,1,1,4,140.32776334057058
8,18,1,1,1,4,139.8120005714321
8,19,1,1,1,0,139.9469808661364
8,4,1,0,1,4,122.9026911280458
8,51,1,0,1,4,123.97677468267985
8,55,1,1,1,6,140.30249320300368
8,28,1,1,1,1,140.5950746138662
8,10,0,1,1,1,123.63868720095171
8,18,1,0,1,4,124.93464002162219
7,59,1,1,1,6,121.20512717900937
7,0,0,1,1,2,138.128296678318
7,18,1,0,1,7,133.45459977369745
7,25,1,1,0,6,136.73303795341266
7,34,0,1,1,7,132.05354504484478
7,39,0,0,1,2,118.20075790414454
7,14,0,0,1,2,120.03346799703782
7,15,0,0,1,4,121.10039262679268
7,16,0,0,1,4,118.41450082432776
7,18,1,1,1,1,138.4664016373211
7,23,1,0,0,4,118.96006688005183
7,32,1,1,1,4,128.6678895121914
7,39,1,0,0,1,116.70587116594048
7,51,1,1,0,4,132.89955811471066
7,16,1,1,0,6,137.1610609599325
7,25,1,1,0,4,135.11164969079596
7,30,1,1,0,6,130.13854970398333
7,43,1,1,0,0,134.75530676753635
7,47,1,1,1,0,87.02840017608597
7,48,1,1,1,4,114.30929910248774
7,0,1,0,1,0,113.26407088738655
7,2,1,0,1,1,138.01702993282984
7,3,1,0,0,2,120.09635186518663
7,56,0,0,1,2,121.79794456599153
7,29,0,0,1,3,123.31503591741091
7,31,0,0,1,4,114.7698380664363
7,44,1,0,1,3,139.8395668980831
7,45,1,1,0,6,133.1117613638044
7,15,1,1,0,0,137.81801584612754
7,46,1,0,1,3,132.9776149907122
7,13,1,0,1,2,107.28720569334976
7,19,1,0,0,4,119.01274419532398
7,3,1,0,0,4,119.80317898641337
7,22,1,1,1,6,137.4619203858586
7,26,0,1,1,1,134.92248357893456
7,55,1,1,1,0,102.32777297323089
7,56,1,1,1,1,102.465188307369
7,6,0,1,1,1,136.26708683727125
7,30,0,1,1,1,130.53390863129633
7,38,1,1,0,2,133.34253806848815
7,52,1,1,1,7,95.28221372847277
7,17,0,1,1,2,134.49844944903134
7,29,0,0,1,7,120.82643871950982
7,46,0,1,1,5,131.2069204004205
7,47,1,1,0,7,134.88636438848957
7,57,0,1,1,5,138.17434295981028
7,1,1,1,0,4,131.2670950896509
7,7,1,1,0,0,131.23852074481638
7,30,1,0,0,5,114.21771489889645
7,4,1,1,1,0,91.38184641977067
7,5,1,1,1,3,123.37520738486975
7,6,1,1,1,4,67.11124898558457
7,8,0,1,1,4,131.93068347509518
7,9,0,1,1,5,138.10032420483827
7,16,1,0,1,3,116.79139426172694
7,18,1,1,1,7,162.82783207044045
7,26,1,1,1,1,137.71210014872145
7,51,1,1,1,0,95.11427056908475
7,53,1,1,1,0,54.157925063948376
7,54,1,1,1,5,121.97177575688548
7,10,1,1,0,4,130.7418358032121
7,13,0,1,1,2,137.1952323885378
7,15,0,0,1,6,121.02644833574904
7,16,1,0,1,0,121.9883914078495
7,17,1,0,1,0,115.2768816428464
7,19,1,0,1,2,127.14728492927362
7,21,1,1,1,1,122.91366196206828
7,22,1,1,1,0,128.00968027211664
7,23,1,1,1,6,108.51768145345635
7,25,1,0,1,7,124.19054261400416
7,27,0,0,1,6,118.55925111544946
7,44,0,1,1,5,135.63906338276712
7,57,1,1,0,1,132.68977965695993
7,59,1,0,1,5,127.03502070765069
7,1,1,0,1,6,105.42189639628805
7,8,1,0,1,1,120.29680214442158
7,19,0,1,1,7,141.06511181590946
7,34,1,1,0,1,132.3302673071844
7,42,0,1,1,2,135.567493925123
7,46,0,0,1,2,121.4134435902699
7,47,0,0,1,7,119.74725179834529
7,34,1,0,1,5,115.7869004656329
7,39,0,0,1,4,116.11562086979794
7,41,0,0,1,1,117.76668251440033
7,13,1,1,0,5,132.62202147099848
7,18,0,1,1,0,131.88157759330025
7,21,1,1,1,2,130.2928437420203
7,22,1,0,1,7,137.67700103009605
7,28,1,0,1,7,133.97154461904967
7,30,1,1,1,2,111.9316117130658
7,44,0,0,1,5,118.0374859573966
7,1,1,1,0,6,135.64771831353332
7,33,1,0,1,5,112.86672274322697
7,51,1,0,1,0,103.37700024765041
7,52,1,0,1,0,114.37357391045222
7,54,1,1,1,6,92.47054921099468
7,57,0,0,1,5,121.53391817251202
7,31,0,1,1,7,133.329969474108
7,33,1,0,0,1,117.93617166115135
7,46,1,1,0,1,134.08624416598383
7,47,1,1,1,4,124.77160717326021
7,51,0,0,1,4,120.98948843381548
7,54,1,0,0,2,119.97535475651885
7,9,0,1,1,1,137.71116985020296
7,41,0,0,1,5,116.55850695684657
7,47,1,1,1,6,98.10840705130639
7,48,0,0,1,1,120.8613358813271
7,56,1,1,1,6,161.12555435333425
7,57,1,0,1,0,115.35335473067181
7,58,1,0,1,0,115.54820851806804
7,59,1,0,1,7,136.53417957859392
7,7,1,1,1,0,80.16541996352642
7,9,1,1,1,1,145.11379708623588
7,45,0,1,1,4,133.09723308031027
7,47,0,1,1,3,133.61719348767053
10,0,1,0,0,4,28.617295934810556
9,50,1,1,1,5,137.22372432375516
9,47,1,1,1,1,135.12808059313784
9,49,1,0,1,0,122.71234223487295
9,58,1,1,1,6,138.3516588083687
9,50,1,1,1,6,137.85826891347992
9,36,1,1,1,3,141.287609588268
9,50,1,0,1,5,121.99546221374851
9,30,1,0,1,2,123.25866352299546
8,28,1,1,1,0,140.04446117376386
8,34,1,0,1,0,122.93426977887442
8,15,1,0,1,4,125.34603743754394
8,14,1,0,1,2,124.74523665942287
8,33,1,1,1,0,140.17992666353823
8,11,1,0,1,3,138.219446888215
8,15,1,0,1,1,124.7413138626708
8,45,1,1,1,2,139.9067681587395
8,50,0,1,1,4,124.76307094665856
8,48,1,1,1,4,138.6139620237759
8,3,1,1,1,0,139.6880012455768
8,33,1,1,1,4,140.1045514816336
8,56,1,1,1,1,139.1852773459328
8,42,1,1,1,7,151.99493671037322
8,15,1,1,1,4,139.37041443977856
8,17,0,1,1,3,124.6692753402271
8,30,1,1,1,4,140.14883554262866
8,1,1,1,1,2,138.30086007007029
8,3,1,0,1,0,122.46494343512825
8,6,1,1,1,5,138.2825782770029
8,1,1,1,1,1,139.67507691688445
8,14,1,1,1,0,142.0557274560213
7,21,1,0,1,0,124.30608064016509
7,36,1,1,1,4,115.55820596427682
7,39,0,1,1,1,134.46334287332283
7,7,1,0,1,4,118.51707768461488
7,10,1,0,1,1,120.77396224597615
7,24,0,1,1,5,131.45614249169765
7,37,1,0,1,0,130.34270281682416
7,39,1,0,0,2,117.26664184465682
7,5,1,0,0,1,117.5908957029184
7,11,1,0,1,3,82.34653632291239
7,14,1,1,1,1,157.906385373332
7,15,1,1,1,6,94.56248315102604
7,20,1,1,1,3,113.75179988962945
7,37,1,1,0,1,131.62414061005344
7,56,1,1,0,4,135.1079948196818
7,57,1,1,0,4,135.26697404981653
7,0,1,1,1,6,97.58839731468001
7,5,1,0,0,2,120.95339684424206
7,12,0,0,1,7,129.31565570839672
7,35,0,0,1,2,120.28358905134485
7,39,1,0,1,4,125.05042642441279
7,40,0,0,1,5,118.254759455326
7,49,1,1,0,4,133.68490533328801
7,53,0,0,1,0,120.05470408887685
7,16,1,1,1,3,103.97039993054291
7,7,0,1,1,3,133.3090145168243
7,11,1,1,0,3,135.0987274900784
7,44,1,0,1,0,119.43603241532094
7,45,1,0,1,6,134.23523268204588
7,46,1,0,1,5,134.8314869684563
7,53,1,1,1,5,151.5470044649306
7,12,0,1,1,2,136.3719187393649
7,21,1,0,1,6,128.50543969736958
7,48,1,0,1,1,104.72972489879464
7,52,1,0,1,7,130.50540861713176
7,40,1,0,0,2,116.12846068207196
7,48,0,0,1,2,121.06021901614086
7,54,0,1,1,0,135.7786394473898
7,8,1,0,0,7,116.70594569435227
7,17,1,0,0,6,126.98625284423812
7,23,0,1,1,4,128.96843272619017
7,33,1,1,0,6,135.15144916335953
7,8,1,1,0,6,134.1957105588719
7,13,1,1,0,0,133.15020851302535
7,28,1,0,1,6,119.20185185141077
7,37,0,0,1,3,127.46947617755772
7,42,0,1,1,5,132.09256146183031
7,0,1,1,1,2,102.11943114261834
7,7,1,1,1,6,111.3078928366975
7,12,1,0,1,0,104.23110897403943
7,13,1,0,1,6,121.43330872920794
7,32,1,1,1,5,110.54115669131001
7,58,1,1,0,1,133.38982519937028
7,4,1,1,0,4,131.01639976789
7,12,1,0,0,3,117.33793087309782
7,42,0,0,1,7,116.41127912520761
7,58,1,1,1,6,132.601266783494
7,0,1,1,0,1,134.33118784005654
7,3,1,1,0,5,134.98058993160015
7,44,0,1,1,7,134.0356982979962
7,55,0,1,1,2,135.61638123629652
7,11,0,1,1,1,136.24815052607354
7,18,1,0,1,0,122.61181643911019
7,19,1,0,1,4,134.13547682862497
7,21,1,0,1,2,106.53996418138577
7,22,1,1,1,7,153.55044590755253
7,32,1,0,1,2,97.72169833392302
7,33,1,0,1,6,98.50829886665662
7,34,0,1,1,4,132.19206372114317
7,35,1,1,1,0,119.19888305858599
7,36,1,1,1,2,117.87448035842705
7,37,1,0,1,4,115.69403303096146
7,38,1,0,1,7,148.85443007713508
7,59,0,1,1,2,135.74988503999992
7,0,0,0,1,4,117.90053987881167
7,17,0,1,1,6,135.42761182729674
7,31,1,1,1,0,97.43138868771082
7,45,1,0,1,2,106.54683222664367
7,46,1,1,1,3,130.42535182977392
7,54,1,0,0,3,118.61515486476031
7,42,1,1,0,4,131.853004945848
7,43,1,1,0,2,133.92394829109807
7,44,1,1,0,3,144.4219006192642
7,45,1,1,1,2,107.9300359096799
7,46,1,0,1,7,133.3277752818521
7,3,1,0,1,5,147.32544129656526
7,54,1,0,1,1,129.83523531123677
10,0,0,0,0,2,89.15278018416603
9,32,1,1,1,5,144.15466920299855
9,40,1,0,1,7,123.32400343064259
9,48,1,0,1,5,121.08357383469973
9,5,1,0,1,1,123.09973574253866
9,12,1,0,1,4,124.57518498447637
9,40,1,0,1,0,123.92139591196718
9,33,1,1,1,0,139.29566040622973
9,20,1,1,1,7,155.5553086700695
9,17,1,0,1,4,124.14408994242363
9,47,0,1,1,3,132.71138083782546
9,39,1,1,1,3,138.34002415039987
9,59,1,0,1,6,124.66313202291389
9,55,1,1,1,5,138.76316347101766
9,21,1,0,1,4,123.30137375021303
8,57,1,1,1,0,140.33867572377022
8,59,1,0,1,0,125.25015560597913
8,58,1,1,1,3,143.5054054398475
8,20,1,1,1,0,138.70596660800126
7,37,0,1,1,3,136.24202986548755
7,47,1,0,1,6,94.68939434735077
7,48,0,0,1,4,118.02361249702345
7,1,0,0,1,7,127.34624024325569
7,31,0,0,1,5,118.3962419470716
7,54,0,0,1,2,125.52118040557694
7,55,0,1,1,1,135.7175157227785
7,12,0,1,1,4,132.38467856873643
7,49,1,0,1,2,114.62282787959302
7,50,1,1,1,2,58.96539039909515
7,51,1,0,1,1,122.19766376855196
7,10,0,1,1,6,132.4288035126318
7,14,1,0,1,4,65.12557299951114
7,15,0,0,1,2,120.68107191789979
7,33,0,1,1,5,139.08958770459944
7,38,1,0,1,0,118.4906736233598
7,48,1,0,1,7,90.34408648551849
7,53,1,0,1,4,129.59816632804123
7,54,0,0,1,3,122.03197146825383
7,38,1,1,1,2,73.9834903610121
7,47,0,0,1,0,119.74486456197614
7,29,1,1,1,7,151.44543806286205
7,38,0,0,1,3,119.6092877472682
7,41,0,0,1,6,118.83885920191256
7,42,1,0,1,3,106.31734518321338
7,51,1,1,0,7,133.7343254177608
7,32,1,1,1,6,113.59750738853775
7,35,1,0,1,7,137.50742812659362
7,18,0,1,1,4,131.64683740360573
7,19,0,1,1,1,135.1259188665924
7,20,0,1,1,7,136.83140306674272
7,54,0,0,1,0,117.57595169533008
7,56,0,0,1,7,122.29277928252975
7,15,1,1,1,5,91.38476027448442
7,47,1,1,1,2,103.60905826713224
7,6,1,1,0,0,131.04253826331498
7,39,1,0,1,7,127.48111232652059
7,49,1,0,1,7,125.78405643753234
7,51,1,1,0,5,132.36287601717362
7,27,1,1,1,6,135.91855024769438
7,30,1,0,1,1,132.10888160764742
7,1,1,0,1,4,122.97072480232475
7,2,1,0,1,4,106.51460203838066
7,14,0,0,1,0,120.01068580921027
7,26,1,0,1,5,123.81811462788828
7,37,0,0,1,0,119.00876772039564
7,39,1,0,1,1,122.17370316149338
7,40,1,0,1,1,103.49148324630391
7,41,1,0,1,0,89.25156227916162
7,56,1,0,1,0,109.98354539272749
7,5,1,1,0,7,133.87103064230104
7,13,0,0,1,1,123.98221916988513
7,35,0,0,1,0,118.75793987612622
7,48,1,1,1,3,125.53692724023615
7,55,1,1,1,5,139.03897017370917
7,4,1,1,1,4,98.29958928600729
7,24,1,0,1,6,99.59521275206947
7,47,0,0,1,4,117.92789563894279
7,48,1,1,1,5,146.01724012638212
7,14,1,0,1,1,108.694405532213
7,17,1,0,1,1,127.7896788579387
7,44,1,1,1,5,151.6036412657862
7,5,1,1,1,0,93.20314572546734
7,5,1,0,1,4,112.66270273776715
7,6,1,0,1,3,108.58922971690896
7,48,0,1,1,6,132.16130625574326
7,49,0,1,1,1,133.49122792024193
7,17,1,1,0,6,137.51858562438096
7,36,0,1,1,1,134.99103248107784
7,41,0,1,1,5,132.84788963782214
7,43,0,1,1,4,133.21052372533174
7,50,1,1,0,5,135.8137457483941
9,52,1,1,1,4,135.756456757192
9,48,1,1,1,4,136.65874744928269
9,27,1,1,1,3,141.95666191447987
9,13,1,1,1,0,139.0309626284331
9,46,1,1,1,5,147.67758498527982
9,29,1,1,1,6,151.11053869989388
9,38,1,0,1,7,143.69475726672744
9,28,1,1,1,5,140.8868462648834
9,58,1,1,1,3,147.229967310444
9,28,1,0,1,1,124.55761283435172
9,54,1,1,1,3,150.5627115268168
8,8,1,1,1,0,137.09553752665084
8,25,1,0,1,5,126.1860585258656
8,22,1,0,1,4,123.60708061235293
8,20,1,1,1,4,138.48167294179618
8,49,1,1,1,3,152.64876544513842
8,23,1,0,1,3,138.07565918780313
8,50,1,1,1,0,141.04733724845443
8,30,1,1,1,0,140.26231882018573
8,15,1,1,1,0,139.5278675885987
8,32,1,1,1,4,138.3766118117253
8,36,1,1,1,4,137.524519941653
7,27,1,1,0,5,132.5859118558777
7,57,1,0,1,5,88.44320001795765
7,2,1,0,1,5,94.62986245110535
7,15,0,1,1,1,135.67874769969964
7,21,0,0,1,7,124.71277774343335
7,12,0,1,1,6,136.13034658558888
7,29,0,0,1,5,118.94697689399342
7,56,1,0,1,5,106.37299766994468
7,48,1,1,1,2,127.68943376707783
7,30,0,1,1,2,134.29662533609462
7,34,1,0,1,4,114.95128921419854
7,36,1,0,1,6,125.16817494307595
7,59,1,1,1,7,163.04774099755286
7,48,1,0,1,3,121.53133545846238
7,37,0,0,1,5,115.41818438357404
7,8,0,0,1,3,129.24212759706054
7,43,0,0,1,1,119.3608573657512
7,50,0,1,1,0,135.8380186338751
7,36,0,0,1,2,119.98978940157717
7,50,0,0,1,1,120.11960383866689
7,56,1,0,1,7,141.34472976149567
7,4,1,1,0,1,133.66629303593623
7,5,1,1,0,3,133.54149772977973
7,33,0,0,1,1,117.32844830865977
7,20,0,0,1,2,122.21202997087006
7,21,0,1,1,5,134.4993221254217
7,28,0,1,1,5,134.58201884573506
7,0,0,1,1,3,140.95091253197089
7,18,1,1,1,2,110.6408526977421
7,17,0,1,1,3,137.86044895448904
7,21,1,1,1,3,122.83787228234051
7,43,0,1,1,0,133.39760747822953
7,44,0,1,1,3,143.58153236934078
7,55,1,0,1,7,135.33378736173574
7,2,1,1,1,6,118.522982964049
7,33,1,1,1,1,111.85287923236532
7,34,1,1,1,1,115.41679186188037
7,55,1,1,1,2,126.25422512761922
7,59,0,0,1,3,120.01839027773629
7,27,1,0,1,0,113.00553019021835
7,36,1,1,1,0,108.72049922707839
7,44,1,0,1,1,115.75844876194873
7,50,1,0,1,4,108.84358949097985
7,30,0,0,1,6,117.58902626607592
9,25,1,1,1,4,138.9742855774609
9,1,1,1,1,2,137.99018327601866
9,23,1,1,1,1,141.6191802822263
9,55,1,1,1,1,137.9054062983277
9,18,1,1,1,4,140.8273562805008
9,47,1,0,1,7,121.95535752682375
8,49,0,1,1,4,125.86602903410578
8,8,1,0,1,5,124.72231234569846
8,58,1,1,1,6,141.69965915263595
8,20,1,1,1,5,137.8311860004547
8,33,1,1,1,5,140.71883305569347
8,9,1,1,1,3,137.70430768819702
8,17,1,0,1,7,141.1748484017528
7,51,1,1,1,2,88.71266139745347
7,57,0,1,1,6,133.95334316876267
7,26,1,1,1,0,115.47887620268982
7,28,1,1,1,1,135.33048749304234
7,29,1,1,1,0,106.5655178965754
7,30,1,1,1,5,120.40616076502592
7,5,1,1,1,6,127.54712958743296
7,7,0,1,1,2,142.82234565416988
7,12,1,0,1,7,139.24921587940233
7,13,1,0,1,1,103.50145568504476
7,28,1,0,1,3,121.85228307445695
7,41,1,1,1,0,105.84635258273991
7,42,1,1,1,3,152.66802419577365
7,8,1,0,1,0,104.88371356395633
7,38,1,1,1,0,65.96089324138686
7,39,1,1,1,7,148.54952571867528
7,27,1,1,1,1,87.66704306672356
7,27,0,1,1,6,135.7897671904447
7,41,1,0,0,3,115.8855394418437
7,4,0,0,1,5,128.57244609032264
7,32,1,1,1,7,152.53393871545185
7,22,1,1,1,1,116.11059087702291
7,23,1,1,0,5,134.10395831423256
7,41,1,0,1,1,108.40669473134886
7,39,1,1,1,2,121.9549119837724
7,40,1,0,1,6,105.94188721501385
7,41,1,1,1,3,154.70732927643076
7,13,0,0,1,6,121.9149248410294
7,0,1,1,0,4,132.6397241863801
7,2,1,0,0,2,119.26721880346086
7,28,1,1,0,5,132.82576861924457
7,33,1,0,1,2,110.93324838409671
7,34,1,0,1,3,109.42724899017253
7,38,1,0,1,2,131.24736941125673
7,59,0,1,1,7,135.64792893653214
7,17,1,1,1,3,150.56635988273848
7,23,1,0,0,0,119.08874758575942
7,29,0,1,1,6,130.63499723811248
7,31,1,0,1,7,131.92665442066286
7,20,0,1,1,4,129.55175489087014
7,28,1,0,1,1,124.48107400213588
7,50,1,0,1,2,99.5988385477768
7,19,1,1,1,4,122.893329447757
7,45,1,1,1,1,99.1171732887175
7,49,1,1,1,5,111.87770875607879
7,5,0,0,1,6,119.19345305111754
7,15,1,0,1,0,86.2360708748304
7,19,1,1,0,1,137.7916161138035
7,1,0,0,1,3,120.00482934230324
7,8,1,0,1,4,120.9736495516129
7,11,1,1,1,6,119.87899066396473
7,22,1,1,1,2,134.8260112620194
7,23,1,1,1,2,107.52426064901236
10,0,0,0,1,4,78.04341802308048
9,54,1,1,1,5,138.55786216548486
9,22,1,1,1,7,154.8472428650797
9,49,1,1,1,1,137.93842217554982
9,2,1,1,1,3,139.79663255993853
9,8,1,1,1,2,138.16745693619174
9,25,1,1,1,2,138.38864041155085
9,59,1,0,1,7,137.31671782527945
9,29,1,1,1,4,138.32023904606191
8,34,1,0,1,6,124.16207516556827
8,49,1,0,1,2,123.64176921123428
8,39,1,1,1,6,138.07555180977914
8,36,1,1,1,6,137.59029344501198
8,44,1,0,1,1,129.13299837631146
7,32,1,1,1,1,97.23252754944635
7,39,1,0,1,6,127.29192938895753
7,11,1,0,1,6,102.51893373890452
7,41,1,0,1,4,103.58287439048743
7,32,1,1,0,1,134.5617261814917
7,24,0,1,1,6,132.4066709761589
7,47,1,0,1,2,93.16372361751115
7,49,1,0,1,4,119.52862693017198
7,11,1,1,0,2,133.63824143665974
7,32,1,1,1,3,102.83943036358554
7,5,1,0,1,7,112.0899383963345
7,11,1,1,1,2,103.68588061248347
7,30,1,0,1,5,119.71155409586933
7,39,1,1,1,5,136.01874293642885
7,16,0,0,1,7,123.36960569552605
7,57,1,0,0,1,118.30906168349767
7,35,1,1,1,6,122.01318385974345
7,58,0,0,1,7,122.93878549033377
7,14,1,0,1,3,98.85729569939515
7,32,1,0,1,5,121.6009933536708
7,38,1,1,1,4,122.55643390295972
7,39,0,1,1,6,133.57203898580698
7,51,1,0,1,6,117.75379067893495
7,44,0,0,1,1,118.54953455926388
7,57,1,0,1,7,134.41719517187758
7,46,0,1,1,3,131.505285026196
7,52,1,0,1,5,126.96440743527587
7,6,1,1,0,3,135.92776934297524
7,7,1,1,1,7,144.0742329347094
7,14,0,0,1,7,120.17929116866242
7,51,1,0,1,7,127.08342149162007
7,5,1,0,1,1,116.32419826749012
7,22,0,1,1,2,137.51205298698156
7,25,0,1,1,4,133.35526656080438
7,52,0,1,1,2,136.8935571679893
7,59,1,0,1,3,118.80051934242714
7,55,1,0,1,5,110.57384735187847
7,32,1,0,1,6,120.15093397167291
7,43,0,0,1,5,119.73206014013724
7,57,1,0,1,2,113.89423490216626
7,58,1,1,1,1,104.34908646736518
7,6,1,1,1,6,120.89557873970014
7,55,1,1,0,7,144.61950970196543
7,6,1,1,1,1,123.26336904137519
7,55,1,0,1,4,118.30920832423409
7,57,1,0,1,6,111.39844646173638
10,0,1,0,1,7,135.5478501388837
9,15,1,1,1,0,138.9124422299094
9,16,1,1,1,6,140.0281295161542
9,50,1,0,1,0,121.32323169289441
9,19,1,1,1,4,141.64374169856399
8,16,1,0,1,3,124.02023099495818
8,52,1,1,1,0,139.66823396909575
8,50,1,1,1,2,141.90284447105248
8,29,1,1,1,6,139.5547265495353
8,21,1,1,1,2,140.77457260496055
8,40,1,0,1,5,122.820074148327
8,48,1,0,1,6,122.73604260742232
8,51,1,1,1,4,138.80812391234926
7,25,1,1,1,6,111.19265754385478
7,5,1,1,1,5,133.79135610232814
7,23,1,1,1,1,119.68291442395346
7,20,0,0,1,0,121.06938761666274
7,0,1,0,1,1,117.50430373205131
7,6,0,1,1,0,131.82470582677317
7,19,1,1,1,0,118.04678871369103
7,20,1,1,1,0,114.81048038010232
7,58,1,0,1,3,135.37350829946715
7,6,1,0,1,0,87.49538398179789
7,43,1,0,1,2,121.07693873239937
7,28,0,1,1,4,129.40855147050962
7,29,0,1,1,4,125.3364943771055
7,15,0,1,1,4,133.1849843057097
7,16,1,1,1,1,128.4878597486274
7,47,1,0,1,7,119.93407519109357
7,24,1,1,1,3,98.69224355689175
7,52,1,0,1,3,122.5777901233816
7,54,1,1,1,4,126.76108516709847
7,9,1,1,1,4,119.5113445253819
7,29,0,1,1,7,133.35753078183137
7,52,1,0,1,4,96.1027240667049
7,4,1,1,0,7,156.84109292580462
7,9,1,1,0,5,133.22182866056062
7,48,1,1,0,6,133.41702751540927
7,10,1,1,1,6,96.90385165401236
7,23,1,1,0,1,131.06036056482935
7,29,0,1,1,0,127.05975471780002
7,30,0,1,1,0,131.01493080239223
7,2,1,1,0,3,150.63218381623736
7,34,1,1,1,0,112.46178787042784
7,36,0,1,1,7,135.08920507626047
7,45,0,0,1,1,119.27405881903002
7,16,0,1,1,1,133.67252375757406
7,45,1,1,1,0,91.12379384092995
7,46,1,1,1,0,104.74120712095642
7,8,0,1,1,1,134.75483248450564
7,44,1,0,1,2,120.83720397605111
7,46,1,0,1,6,130.34644023893165
7,2,1,0,1,7,102.49669382404147
7,34,1,1,1,7,135.59769311967264
10,0,1,1,0,0,7.288310259593057
10,1,1,1,0,0,0.4365850580534001
10,2,1,1,0,2,4.59563219003579
9,48,1,1,1,2,136.85551798218376
8,54,1,1,1,3,155.7504222225566
8,10,1,1,1,1,139.04367966451042
8,48,1,1,1,5,138.66684365159554
7,14,1,1,0,6,135.5795831296608
7,52,1,0,1,2,115.28588965357909
7,53,1,1,1,6,86.49689489091331
7,3,1,0,1,6,118.297525619403
7,9,1,0,1,6,118.01479077096032
7,16,1,1,0,5,137.15861724302525
7,20,1,0,1,7,140.43637122642576
7,24,1,1,0,7,132.1678586903002
7,42,1,1,1,6,101.97303354974245
7,27,1,0,1,5,134.98674939328623
7,36,1,1,1,7,145.82492663177737
7,17,1,1,1,2,133.1260840257358
7,50,1,1,1,0,28.9248049562344
7,8,0,1,1,6,131.48862455621315
7,16,1,0,1,7,142.84196926094378
7,31,1,0,1,5,128.67505937864047
7,53,0,1,1,6,138.20428998568713
7,27,1,0,1,7,139.32965277763475
7,10,1,0,1,4,119.63852654743125
7,22,0,1,1,0,133.65211465031086
7,38,0,0,1,4,114.37951045346287
7,24,0,1,1,4,133.30090997445308
7,50,1,1,0,1,135.57404102085584
7,41,0,0,1,2,118.69655833464222
7,54,1,1,1,1,101.21253537731702
7,43,1,1,1,6,115.99456944623738
7,44,0,1,1,1,135.7025125032834
7,31,1,1,1,4,125.93186856479126
7,58,0,1,1,2,134.16762341853467
7,2,0,0,1,5,118.89792994668476
7,42,0,1,1,1,132.23237255518453
7,1,1,0,1,5,135.78799901756747
7,24,1,0,1,0,107.9773113075891
7,25,1,0,1,0,108.89806527582536
7,4,1,1,1,6,99.5567896808117
7,5,1,0,1,0,111.03511066075934
7,6,1,0,1,7,153.19353257271922
7,39,1,1,1,0,123.067711862758
7,40,1,1,1,0,89.0472262283537
7,44,0,1,1,2,136.74499131991834
7,5,1,0,1,3,127.86502575509485
7,46,0,1,1,6,131.37197019978834
10,0,0,0,0,5,91.8672106590835
9,35,1,1,1,4,139.934496736111
9,42,1,1,1,5,139.4636879251186
9,59,1,1,1,0,137.58883700896905
9,50,1,1,1,0,137.22752355920642
8,16,1,1,1,1,139.8915107352203
8,52,1,1,1,4,139.60392903777512
8,59,1,1,1,3,137.27089179199442
7,17,1,1,1,5,145.5177265852066
7,44,0,0,1,0,117.49488347618929
7,28,1,1,1,0,112.59426561703934
7,34,1,0,1,1,119.16875420261367
7,38,0,0,1,7,129.16404833218184
7,35,0,1,1,3,135.58447360262744
7,37,1,0,1,2,115.0058906621385
7,47,0,1,1,0,131.7630575542084
7,58,0,0,1,3,127.72913383349584
7,49,0,1,1,6,129.905657103805
7,8,1,1,1,1,121.92274296835691
7,22,1,0,1,5,128.33567774265998
7,38,0,1,1,7,136.69684554109946
7,45,1,1,1,3,92.21966450285251
7,33,1,1,1,3,77.53597238480845
7,35,1,1,1,2,131.55805444928342
7,36,1,1,1,3,103.68237654978319
7,37,1,1,1,1,101.44817718312515
7,55,0,0,1,0,120.04418587559209
7,24,1,0,1,7,134.7129785398712
7,39,1,0,1,0,111.18591399239867
7,20,1,1,1,5,125.19434614607746
7,31,1,1,1,5,92.71529421781307
7,32,1,1,1,2,94.92073574009254
7,49,1,0,1,0,120.7518245646978
7,50,1,0,1,5,114.46977211229297
7,17,1,1,1,6,129.72723937874298
7,20,1,1,1,2,98.50163992962099
7,21,1,1,1,6,117.66141229044631
7,1,0,1,1,1,137.62963552388592
7,15,1,1,1,1,102.24304009802377
7,43,0,1,1,1,137.64783677266874
7,50,0,1,1,2,135.77637331520828
7,51,0,1,1,6,137.4790100649063
7,54,1,0,1,2,121.73781689969593
7,29,1,1,1,5,117.09581643433496
7,31,0,1,1,0,133.42323951282543
7,32,0,1,1,3,133.86246647003753
9,6,1,1,1,1,137.7914287433246
7,49,1,1,1,3,113.18530298035876
7,18,1,1,1,4,126.38607239616464
7,58,1,0,1,5,129.54206491066785
7,12,1,0,1,2,100.95558589037323
7,23,1,1,1,7,149.7488758399832
7,42,1,0,1,1,131.14447885690427
7,7,1,0,1,3,124.57638250890777
7,41,1,0,1,2,106.34787999140671
7,29,1,0,1,4,116.68667693630182
7,45,0,0,1,7,119.8122340095691
7,28,1,1,1,7,142.58832466216018
7,49,1,1,1,7,149.93513884184264
7,26,1,0,1,3,125.43087991539142
7,50,1,0,1,0,113.47664445369341
7,19,1,0,1,6,133.61973747937898
7,49,0,1,1,0,132.06524772619233
7,6,1,0,1,1,113.15400897140991
7,18,1,0,1,2,116.31309767020966
7,45,1,0,1,0,100.36456977168629
7,55,1,1,1,7,136.2015945449608
10,0,0,1,0,6,110.58174483710586
9,41,1,1,1,1,138.5474975451238
9,27,1,1,1,0,141.034466037701
8,32,1,1,1,1,138.24590574312307
8,4,1,1,1,1,139.96009569439957
7,57,0,1,1,2,138.40379248468398
7,7,1,0,1,7,111.5845316189808
7,48,0,1,1,4,129.66832582183088
7,5,0,1,1,0,133.81584170220967
7,1,0,0,1,6,119.87944415956721
7,2,0,1,1,5,140.09578139429294
7,3,0,1,1,0,132.35848275032004
7,32,0,0,1,6,117.42975517861474
7,16,0,1,1,5,136.16544573980642
7,52,1,1,1,4,82.18919642798495
7,14,0,0,1,1,120.17999025286667
7,3,1,0,1,1,102.48515231605585
7,11,1,1,1,4,102.9950478401635
7,52,0,1,1,3,141.05055511662056
7,0,1,1,1,3,77.84277076928407
7,7,1,0,1,1,112.50884111515776
7,10,1,1,1,2,113.04518589307371
7,42,1,1,1,2,89.44999219850177
7,43,1,1,1,0,112.00061384457948
7,52,1,1,1,6,76.11062048764488
7,58,1,1,0,6,142.753122965986
7,4,1,1,1,3,156.90780477776815
7,28,1,1,1,5,109.86664974898413
7,40,1,0,1,4,82.09192723379985
10,0,1,0,0,2,78.8911072899157
9,26,1,1,1,3,139.63162928776956
9,41,1,1,1,3,150.0961223266013
7,22,1,1,1,5,132.24815177563494
7,57,1,1,1,1,116.16225063913878
7,14,1,0,1,7,103.48982516633073
7,16,1,1,1,2,95.16488446170865
7,17,1,0,1,3,135.4198467883504
7,19,1,0,1,1,127.77273967437168
7,21,1,1,1,5,143.55498690837916
7,15,1,0,1,4,109.6690397284597
7,57,1,0,1,3,113.68039713456996
7,58,0,0,1,1,122.87273917756269
7,50,0,1,1,5,135.8804354406298
7,20,0,1,1,0,134.08093978862553
7,29,1,1,1,3,134.09654187391044
7,23,0,1,1,2,135.72350901035227
7,32,0,1,1,7,133.67408763962163
7,51,1,1,1,3,156.19570331951127
7,56,1,0,1,1,123.41100617407774
10,0,0,0,0,1,82.63269782073552
8,2,1,1,1,0,137.83031338482914
8,53,1,1,1,5,138.33549774217954
7,7,1,0,1,2,123.29549180318018
7,13,1,1,1,1,111.88619455293541
7,22,1,0,1,1,118.36797396569537
7,26,1,1,1,4,133.75783961693543
7,28,1,0,1,5,127.36222470724955
7,29,1,1,1,4,134.08802242675554
7,31,1,0,1,2,118.8465487980272
7,51,1,1,0,2,138.66964327801804
7,0,1,1,1,1,99.6455576300253
7,10,1,1,1,7,122.2103453630024
7,11,1,1,1,1,98.16776743092281
7,24,1,1,1,7,143.23835912384877
7,37,0,1,1,1,136.0697865942863
7,13,0,1,1,6,136.04510680444844
7,58,0,1,1,4,128.67581348738122
10,0,0,1,0,3,104.84253584399846
9,44,1,1,1,0,138.69418875042328
7,47,0,1,1,6,133.72056902956257
7,14,1,0,1,6,85.88951660054565
7,7,1,0,1,6,111.13168784365551
7,39,1,1,1,1,136.1373442055132
7,53,0,1,1,2,134.84504102250213
7,57,1,1,1,4,110.45235316897896
7,17,1,1,1,0,143.83499481674156
7,20,1,1,1,1,129.17937823558827
7,35,1,1,1,1,127.66828881915643
7,53,1,1,1,7,75.13791683186102
7,23,1,0,1,0,85.02991470022145
7,41,1,0,1,3,121.3527860119588
7,34,0,1,1,1,132.24967616542227
10,0,0,0,1,0,30.689471557788735
10,1,0,0,1,7,2.861701987541606
7,38,1,0,1,6,124.89697036694483
7,15,1,1,1,3,108.62639153951736
7,25,1,0,1,2,108.05847844138032
7,26,1,1,1,3,151.03246003302505
7,13,1,0,1,3,125.69726555565977
7,29,1,0,1,5,132.80378433024268
7,1,1,1,1,3,128.4126199578688
7,41,1,1,1,1,102.58487150640089
7,15,1,0,1,6,114.61981697308808
7,19,0,1,1,4,132.1569025998624
7,36,1,1,1,1,128.5211689023299
7,0,1,0,1,6,122.69042819016259
8,38,1,1,1,0,138.65812317818805
7,55,1,1,1,3,126.20840021062239
7,56,1,0,1,4,109.54558410341212
7,33,0,1,1,4,130.53752829398098
7,54,0,1,1,1,137.2619637262573
7,40,1,1,1,6,96.44852697628703
7,36,1,0,1,5,119.81756448882517
7,32,1,1,1,0,104.3504061313992
7,33,1,1,1,7,113.65307770259568
7,56,1,1,1,2,132.63310769354263
7,5,1,1,1,4,122.49137423956041
7,46,1,1,1,7,159.9800169402637
7,5,1,1,1,2,127.32519820639611
7,6,1,0,1,6,105.44236275496696
7,4,1,0,1,6,113.21799432119613
7,49,0,1,1,7,131.77769577944335
10,0,1,0,1,5,67.37152127240707
8,16,1,1,1,3,139.73323352760676
7,28,1,1,1,6,118.45550353513839
7,20,1,1,1,6,117.39244498093676
7,21,1,1,1,0,112.64289711808155
7,23,1,1,1,0,103.66554648119566
7,17,1,0,1,2,115.85721128446474
7,54,0,1,1,4,132.2361702955159
7,59,1,1,1,3,115.85572610201301
7,20,1,1,1,7,155.00394430906098
7,9,0,1,1,3,139.06707920223107
7,16,1,1,1,0,115.14293961245883
7,5,1,1,1,1,112.3523424269783
7,28,1,1,1,2,112.45216775697477
7,29,1,0,1,1,128.2374388967952
7,3,1,1,1,0,70.3884315486901
8,14,1,1,1,6,140.4321894549359
7,50,1,0,1,3,121.87075268943921
7,36,0,1,1,6,134.40692692352457
7,59,1,1,1,4,119.62260582907801
7,31,1,0,1,4,119.26152779641532
7,52,0,1,1,0,133.93774496054613
7,37,1,0,1,6,131.29233357107213
7,53,0,1,1,4,134.45484348162213
7,55,1,0,1,2,118.60926301127688
7,45,1,1,1,6,99.86225601995434
7,18,1,1,1,5,135.43859312371399
7,4,1,0,1,4,99.39574311253618
10,0,0,0,0,4,73.79232190895338
9,37,1,1,1,0,138.5894998128573
7,12,1,1,1,1,136.07076663392752
7,49,0,0,1,3,117.92218413533729
7,55,1,0,1,6,108.66555191764284
7,34,0,1,1,5,132.01674441680586
7,8,0,1,1,7,133.31415480882637
7,44,1,0,1,7,125.77835768386662
7,43,1,1,1,1,148.9490713448372
7,3,1,0,1,2,123.14744180598917
7,37,1,1,1,3,101.43687740251491
7,14,1,1,1,6,106.87147395396659
7,6,1,0,1,5,103.76821158897911
10,0,0,1,0,0,34.08940632608239
10,1,0,1,0,0,0.0
10,2,0,1,0,4,3.5226951442405845
7,38,1,1,1,3,122.32973979070563
7,44,1,1,1,6,125.20279223096837
7,32,1,0,1,3,114.74591966122689
7,51,1,1,1,6,98.63870681520606
7,55,1,1,1,4,115.60601181071372
7,49,0,1,1,2,132.02762083388032
10,1,0,1,0,5,16.59017899220203
9,38,1,1,1,6,139.79366851747236
7,3,1,1,1,3,151.59301757425135
7,52,1,1,1,3,93.63315532221631
7,33,1,1,1,0,65.65422210856438
7,46,1,1,1,6,112.55964167432106
7,25,1,1,1,3,101.15886069082838
7,10,1,1,1,4,66.21202144808095
7,56,1,1,1,5,102.47039098248099
7,56,1,1,1,4,109.99021227779697
10,0,1,0,0,6,81.24824238586312
7,45,1,1,1,4,81.19240434791382
7,12,1,1,1,3,137.58221235885918
7,24,1,1,1,5,113.04272428783685
7,57,1,1,1,2,111.07975252346952
7,15,1,0,1,5,136.0982317434708
7,33,1,0,1,0,113.81993988319934
7,29,1,1,1,6,118.8501688129806
7,43,1,1,1,5,99.00392577099151
7,38,0,1,1,3,143.2173195846532
10,0,0,0,0,0,8.411553866328878
10,1,0,0,0,0,0.0
10,2,0,0,0,0,0.0
10,3,0,0,0,7,3.416474169550485
7,46,1,0,1,1,125.11654749345566
7,47,0,1,1,1,133.1776121877521
7,27,1,0,1,2,117.99415210535793
7,58,1,1,1,3,132.21960943276838
7,30,0,1,1,3,131.1771983986705
7,14,1,0,1,0,102.24708106796457
7,1,0,1,1,3,143.01446778786902
7,24,1,1,1,0,114.11474496933849
10,0,0,1,0,5,115.45386511953166
7,15,1,1,1,7,155.8354970819924
7,43,1,1,1,2,108.64338155200637
7,37,1,1,1,5,131.86735627867685
7,58,1,0,1,6,104.95346719991748
7,35,1,0,1,3,113.63500401066712
7,14,1,1,1,4,114.43699336223911
7,7,1,1,1,3,109.51349650875184
7,26,0,1,1,6,131.77396566040701
7,33,1,1,1,5,84.65900147365201
7,43,1,0,1,5,129.2993455674992
7,33,1,1,1,2,102.44766350323111
7,53,1,0,1,5,99.15719392239217
7,42,1,0,1,2,110.47449411291338
7,6,1,1,1,3,79.05432800731441
7,7,1,1,1,1,107.96151806390927
7,11,1,1,1,7,123.1056372559627
10,0,0,0,1,7,68.63084120648075
7,40,1,1,1,5,144.7668201254025
7,12,0,1,1,1,136.08972450623247
7,11,1,1,1,5,111.66332948463833
7,3,1,1,1,6,76.3115938513503
7,6,1,1,1,0,74.80052751681757
7,32,0,1,1,4,133.96084564520538
10,0,1,1,0,3,123.82490370521633
7,37,1,1,1,2,81.28564548363875
7,21,1,1,1,7,138.61002064281192
7,2,1,0,1,2,93.97817872405685
7,39,1,1,1,6,137.64476490792174
7,58,1,1,1,5,135.77667955549947
7,40,1,1,1,7,120.48946067374702
9,32,1,1,1,4,139.0168468204435
7,49,1,1,1,0,89.43356372259605
7,30,1,1,0,7,130.4340118271212
7,8,1,1,1,6,108.41025982454174
7,0,1,1,1,7,105.9154164851496
7,2,1,1,1,1,110.51792864923083
7,2,0,1,1,2,138.35455262085904
7,4,0,1,1,5,133.02518374001886
8,51,1,1,1,0,139.5238651687279
7,42,1,1,1,1,105.6400573684102
7,25,1,0,1,5,132.7044990908816
7,35,1,1,1,7,97.49126240854288
7,25,1,1,1,2,70.04797512337825
7,54,1,1,1,2,111.80527144324236
7,36,1,1,1,6,122.55062062591216
7,27,1,1,1,3,125.17634758461661
7,50,1,1,1,3,106.80629575736286
7,26,1,1,1,5,121.74221784267618
7,44,1,0,1,4,116.52613316393648
7,15,1,0,1,1,82.20659309984401
7,33,1,1,1,6,154.2752871547281
7,4,1,1,1,2,88.92267754160113
7,42,1,1,1,7,117.65859667411404
7,16,1,1,1,6,137.10005075575793
7,50,1,1,1,6,101.55927941023796
7,25,1,1,1,4,88.14456276733362
10,1,0,0,0,2,15.580209245065106
7,1,0,1,1,4,133.56786671396148
7,48,1,1,1,7,130.11843494255368
7,12,1,1,1,2,118.2920868024091
7,24,1,1,1,1,89.75214238262782
7,3,1,1,1,7,67.61283183178358
7,49,0,1,1,5,131.03285827312527
7,4,1,0,1,0,104.62396477956297
8,8,1,1,1,4,136.53433194167397
7,45,1,0,1,3,119.67907898118688
7,40,1,1,1,4,97.64193273574791
10,0,0,0,0,6,67.08670608408772
7,47,1,1,1,7,109.25685115590156
7,9,1,0,1,1,125.02798153421496
10,0,1,0,0,7,55.903336217683055
7,53,1,1,1,3,72.76911105772206
7,43,1,1,1,4,115.44509761970181
7,56,1,0,1,3,114.70456957199298
7,57,1,1,1,7,138.40611718714933
7,41,1,1,1,7,126.6944198879594
7,11,1,0,1,5,116.11416049960556
7,46,1,1,1,1,103.594905973774
7,38,1,1,1,7,121.40984207637244
10,0,0,0,1,1,107.94558989477983
7,42,1,1,1,0,110.29759691014301
7,25,1,1,1,5,127.01511359451248
7,30,1,1,1,3,115.09412930875872
7,12,1,0,1,1,116.62237136615363
7,8,1,1,1,7,127.93265882541391
7,8,1,1,1,5,114.25726213935269
7,30,1,1,1,4,120.8343578388346
10,1,0,1,0,4,77.90183151324018
7,38,1,0,1,5,127.41561393443737
7,10,1,0,1,0,121.99262871863726
7,21,1,1,1,4,129.11034928009425
10,0,0,0,0,3,82.71284100846867
7,7,1,1,1,5,135.01281392223243
10,0,0,0,1,5,93.00175463515524
7,14,1,1,1,2,107.91228301042622
7,53,1,1,1,4,91.62237230246167
7,58,1,1,1,4,114.57217483103219
10,1,0,0,0,7,32.742512595804385
7,43,1,1,1,3,105.54511911019074
10,0,0,1,0,1,112.01113963482754
10,0,1,0,0,3,33.30482691123841
7,3,1,0,1,0,98.20543730064891
7,13,1,0,1,5,121.99830933889845
7,9,1,1,1,3,104.36621165766928
10,0,1,0,1,3,63.279928421169075
7,42,1,1,1,4,99.79400764317135
7,6,1,0,1,2,92.403002052096
10,0,1,0,0,5,133.97770191484616
7,27,1,1,1,5,111.9766507723806
7,24,1,1,1,4,95.9551646591757
7,3,1,1,1,4,72.7514613940703
7,24,1,0,1,5,110.55927677702608
10,1,1,1,0,4,41.974985864264085
7,37,1,1,1,6,95.87481027349764
7,59,1,1,1,2,112.75957347191236
7,49,1,1,1,1,120.04483331919678
7,25,1,1,1,0,103.00120534581639
7,31,1,1,1,1,137.85891027249332
10,2,0,0,0,2,8.799300790237332
7,40,1,1,1,1,94.11396184543297
10,0,0,0,1,3,116.95927292569846
10,0,1,0,1,4,68.33928757494701
7,14,1,1,1,5,95.4192548421581
10,0,0,1,0,2,97.51311075593382
10,0,1,1,0,2,89.61102531245864
10,0,1,0,0,1,53.80644281452065
7,9,1,1,1,5,126.45357914037916
7,52,1,1,1,2,76.37188640492502
10,0,1,0,1,2,47.16749800175538
7,54,1,1,1,0,108.6532780864898
10,2,1,1,0,3,14.122605414872218
10,0,1,0,0,0,10.018035774479854
10,1,1,0,0,4,13.251315370619608
10,0,1,1,0,5,36.43224139013204
10,0,1,0,1,6,85.9948721501194
10,1,1,0,0,7,48.56900035355024
10,0,1,1,0,4,75.40120608499026
10,0,1,0,1,0,17.152981294977348
10,1,1,0,1,0,0.0
10,2,1,0,1,0,0.0
10,3,1,0,1,1,15.947482373638392
10,1,0,1,0,6,24.726903524137583
10,0,1,1,0,6,80.3258082184146
10,1,1,0,1,5,71.77962609835018
10,1,0,0,1,1,77.37571826406167
10,1,0,0,0,4,10.65402357518154
10,1,0,0,0,6,10.235465979444264
10,1,1,0,0,5,13.262072502308502
10,0,1,1,0,7,12.532132754155839
