battery,t_bucket,arr,bp,fever,action,q
10,0,0,0,0,4,176.1430822162423
9,1,0,0,0,5,215.68209807192443
9,2,0,0,0,3,219.33582897035078
9,3,0,1,0,6,236.2342121498935
9,4,1,0,0,4,233.7460463250829
9,5,0,0,0,3,219.35473068051513
9,6,0,0,0,1,223.12767687435698
9,7,0,0,0,1,221.46021160868946
9,8,0,0,1,1,236.59077929290675
9,9,0,0,0,0,219.208447239122
9,10,0,0,0,1,223.56555330167663
9,11,0,0,0,1,218.1229480017844
9,12,0,0,1,4,234.79491261926339
9,13,0,0,1,0,228.05952291717483
9,14,0,0,1,4,230.07256260516272
9,15,1,0,1,7,268.12184131177764
9,16,0,1,0,1,234.45396483573205
9,17,0,1,0,1,234.10017050948466
9,18,0,1,0,1,231.99591683002336
9,19,0,1,0,6,235.50753774675738
9,20,0,0,0,6,221.94614122444958
9,21,0,0,0,2,218.71811696113775
9,22,0,1,0,7,248.31174713884946
9,23,0,1,1,5,247.7145511551989
9,24,0,1,0,6,234.36405029841237
9,25,0,1,0,5,233.05398336699557
9,26,1,1,0,7,250.54073384119351
9,27,0,0,0,6,218.47832100219128
9,28,0,1,0,2,234.41262985395653
9,29,0,0,0,4,215.55875212926023
9,30,1,0,0,3,235.04510719499163
9,31,1,1,1,4,265.0480561733469
9,32,0,1,1,6,245.65599011177886
9,33,1,0,1,3,243.85797305258185
9,34,1,1,0,0,241.73345594172025
9,35,1,1,0,1,246.56592648270274
9,36,1,1,0,0,242.5948634000458
9,37,1,1,0,7,266.5262397265979
9,38,1,0,1,1,243.23453871724269
9,39,1,0,0,4,228.2447742582483
9,40,0,0,0,4,218.5476411533141
9,41,0,0,0,2,222.2313573566929
9,42,0,0,0,1,218.54524696528645
9,43,0,0,0,2,217.77219995584218
9,44,0,0,0,5,219.07354287924062
9,45,0,0,0,7,229.36517336783672
9,46,1,0,0,1,230.9930827134162
9,47,1,0,0,6,231.44956896537627
9,48,0,1,0,0,227.77371819297514
9,49,0,1,0,6,235.60142696577626
9,50,0,0,0,7,232.1566770531964
9,51,0,0,0,3,214.16206344193907
9,52,0,0,1,2,232.20983049537935
9,53,0,0,1,7,244.5557910810582
9,54,0,1,0,5,229.30193693230797
9,55,0,1,1,3,246.47728324388248
9,56,0,0,0,3,217.3358878596855
9,57,0,0,0,3,217.85393739583367
9,58,0,1,0,0,232.4066178536915
9,59,0,1,0,5,234.30374935366225
9,0,1,1,0,5,247.94731585478817
9,1,0,1,0,5,236.28534368453015
9,2,0,1,0,4,233.8327898762766
9,3,0,1,0,2,237.13742771811667
9,4,0,0,0,4,221.02039670987045
9,5,0,0,0,7,222.52068718434202
9,6,1,0,0,2,232.93254816751718
9,7,1,1,0,7,248.5452474321006
9,8,0,1,1,2,248.97629949231597
9,9,0,0,1,1,234.11682270881687
9,10,0,0,0,2,222.7150961930625
9,11,0,0,0,2,219.94738774877766
9,12,0,0,0,2,217.961204474239
9,13,0,1,0,4,235.07532377801778
9,14,0,1,0,1,231.45094711927726
9,15,0,1,0,5,238.0700808775778
9,16,0,1,0,6,235.5871341832403
9,17,0,0,0,4,221.3732055290167
9,18,0,0,0,0,216.73547476317552
9,19,0,0,0,6,221.43827615253355
9,20,0,1,0,2,234.36449687238593
9,21,0,1,0,6,231.8047981209591
9,22,0,1,0,4,234.03087717965826
9,23,1,1,0,2,248.43085289189497
9,24,1,1,0,3,256.9386102364206
9,25,1,1,0,2,244.9357252768924
9,27,0,1,0,5,238.22594078245658
9,28,0,1,0,7,242.69680311480906
9,29,0,0,0,7,231.58334943026432
9,30,1,1,0,3,244.72742953066924
9,31,1,1,1,0,259.0258184101876
9,32,1,1,1,4,258.46613266940335
9,33,1,1,1,7,260.1651827571955
9,34,1,0,1,5,243.89517745936251
9,35,1,0,0,7,243.2115572330922
9,36,0,0,0,6,221.84253247904599
9,37,0,0,0,0,214.55673458672334
9,38,0,0,0,6,215.25372839970512
9,39,1,1,0,5,246.69066160273954
9,40,1,1,0,5,246.32458223225487
9,41,1,1,1,3,258.52391227988755
9,42,1,1,1,3,265.2638613474772
9,43,1,0,0,2,229.2762325896285
9,44,1,0,0,6,232.36651941572876
9,45,0,1,0,3,244.86427068077012
9,46,0,1,0,6,229.7819725655789
9,47,0,1,0,6,234.84792806912776
9,48,0,0,0,3,218.95964773916654
9,49,0,0,0,1,216.1499032268579
9,50,0,0,0,1,215.09250391756675
9,51,0,0,1,7,243.65866914591732
9,52,1,0,0,2,228.03992672149982
9,53,1,0,0,0,228.73419671885264
9,54,1,0,0,4,233.38848180607948
9,55,0,0,0,4,215.22822467884714
9,56,0,0,0,0,215.5313237963155
9,57,0,0,0,6,220.34185691458836
9,58,0,0,0,6,222.50404927786875
9,59,1,0,0,6,233.71620265497586
9,0,1,0,0,7,244.9481183258476
9,1,0,0,0,0,213.34609492640294
9,2,0,0,0,1,216.84523248349916
9,3,0,0,0,7,229.46484304304377
9,4,0,1,0,7,245.50358114194486
9,5,1,0,0,3,236.13453722113204
9,6,1,0,0,5,234.6658640223584
9,7,0,0,0,4,219.51326672978263
9,8,1,0,0,5,234.61782760241704
9,9,0,0,0,5,221.142282255815
9,10,1,0,0,4,232.2289279480755
9,11,1,0,0,6,236.2884041116485
9,12,1,0,0,2,233.04503854035244
9,13,1,0,0,0,231.3423678486931
9,14,1,0,0,1,233.07217879776294
9,15,1,0,1,1,248.9208099071906
9,16,1,0,1,6,248.7517267244081
9,17,1,1,1,2,263.6611528328412
9,18,1,1,1,0,255.71333993378775
9,19,1,1,1,6,263.92773650190736
9,20,0,0,1,7,248.3575414955867
9,22,0,1,0,3,234.67569260413168
9,23,0,0,0,6,218.07690145486492
9,24,0,0,0,0,216.17310741942993
9,25,0,0,0,3,217.75916306453828
9,26,0,1,0,5,233.3302517624224
9,27,0,1,0,0,230.2726803809515
9,28,0,1,0,4,231.35033841300674
9,29,0,1,0,4,230.16410185489448
9,30,1,1,0,7,257.7787732009814
9,31,0,0,0,4,214.9442936790831
9,32,1,0,0,3,233.74323775282272
9,33,1,1,0,0,242.56840542754634
9,34,1,1,0,6,244.44251167296764
9,35,0,0,0,7,217.80770094274973
9,36,0,1,0,4,228.85022693526713
9,37,0,1,0,2,230.26964343321805
9,38,0,1,0,1,227.33947667850146
9,39,0,1,0,2,232.91609374059246
9,40,0,0,0,3,221.64754982342612
9,41,0,1,0,2,235.65333702868114
9,42,0,0,0,3,223.46677506367848
9,43,0,0,0,1,216.3224599017643
9,44,0,0,0,4,217.3392948031433
9,45,0,0,0,3,220.75033321345086
9,46,0,1,0,0,229.1910350682457
9,47,0,1,0,1,231.76272544754647
9,48,0,1,0,2,233.97082271787949
9,50,0,0,0,4,219.94659382923587
9,51,0,0,0,6,221.23973754105884
9,52,0,1,0,5,230.87357499364475
9,53,0,1,0,1,231.24880517412902
9,54,0,1,0,6,235.5632408674443
9,55,1,1,0,1,248.0299183512597
9,56,1,1,1,5,259.1868508459127
9,57,1,1,0,1,245.13318867945353
9,58,1,1,0,7,256.8388424004346
9,59,0,0,0,4,216.98015006231802
9,0,1,0,0,1,231.05893735927665
9,1,1,0,0,5,237.2888825987797
9,2,0,0,0,5,223.04977407214426
9,3,1,0,0,1,233.04352301945104
9,4,1,0,0,2,231.82932773754555
9,5,1,1,0,3,246.7884674157188
9,6,1,0,0,6,233.5684605853766
9,7,1,0,0,7,244.8604305463062
9,8,0,0,0,4,219.81587049611537
9,10,0,0,0,0,217.03941755235684
9,11,0,0,0,3,224.61137429129076
9,12,0,0,0,6,227.21391212103865
9,13,0,1,0,2,237.9192653755823
9,14,0,0,0,7,233.24473291192197
9,15,1,0,0,7,248.70216237512645
9,16,0,0,1,5,233.40506487732597
9,17,0,0,0,5,217.74315253210904
9,18,1,0,0,1,230.80968578230596
9,19,1,0,0,1,232.43179900782485
9,20,1,0,0,2,233.7593259104836
9,21,1,1,0,2,245.12418369810314
9,22,1,1,0,2,247.42896422152467
9,23,1,0,0,3,228.4900407634866
9,24,1,0,0,6,234.15410184738653
9,25,0,1,0,7,247.8821771658588
9,26,0,1,0,0,230.574007129955
9,27,0,1,0,4,232.75531052571608
9,28,1,1,0,0,240.59999962080985
9,29,1,1,0,5,243.47187057793099
9,30,0,1,0,7,233.62302179160213
9,31,0,0,0,7,231.38649862682905
9,32,0,0,0,6,220.85364104021144
9,33,1,0,0,3,233.45091533065633
9,34,1,0,1,0,242.63268268062387
9,35,1,0,1,3,247.9022746374974
9,36,1,0,0,1,227.56455199461965
9,37,1,0,0,0,228.38674687442654
9,38,1,0,0,2,232.98255280858294
9,39,1,0,0,1,229.47541252585265
9,40,1,0,0,6,234.0947619166123
9,41,0,0,0,5,217.25346217481342
9,42,0,0,0,4,217.97728429462867
9,43,0,0,0,6,221.74973949656757
9,44,1,0,0,2,233.21723079427073
9,45,1,1,0,0,242.4649065400499
9,46,1,1,0,7,264.68385405893633
9,47,0,1,0,3,230.85060793549562
9,48,0,0,0,2,220.90560788242567
9,49,0,1,0,5,233.49819188938415
9,50,0,1,0,7,240.6647896465742
9,51,1,1,0,3,246.24305465207144
9,52,1,0,1,2,242.52775909012234
9,53,1,1,1,3,260.6958605866978
9,54,1,0,0,5,231.2474713139848
9,56,0,0,0,1,216.63105892587788
9,57,0,0,0,7,229.96525526451398
9,58,1,1,1,5,260.5946219361363
9,59,1,1,0,7,249.76372982408986
9,0,0,1,0,3,235.55865897783033
9,3,0,0,0,0,218.4683834465132
9,4,0,0,0,5,223.24128509724352
9,6,0,1,0,6,239.86310498381
9,7,0,1,0,5,234.78049035228543
9,8,0,1,1,5,246.15518713190266
9,9,0,1,0,4,230.71861503705867
9,10,0,1,0,0,232.2806155014219
9,11,0,1,0,4,234.04587139742128
9,12,0,1,0,3,238.50630968620175
9,13,0,0,0,5,226.53481090221737
9,14,1,0,0,7,248.00175901143086
9,15,1,0,1,0,246.36507496884508
9,16,1,0,1,0,242.39263740064456
9,17,1,0,1,7,261.9599328254883
9,18,0,0,0,2,219.04565044817036
9,19,0,0,0,0,215.19230066366623
9,20,0,0,0,0,216.0685043110522
9,21,0,0,0,1,215.53756977880326
9,22,0,0,0,6,219.53401597855898
9,23,0,1,0,0,230.08417295698183
9,25,0,0,0,5,218.1743715716482
9,26,0,0,1,2,229.1711469268572
9,27,0,0,1,7,244.0820585249399
9,28,1,0,0,7,236.74480797818848
9,30,0,0,0,1,216.28882260497315
9,31,0,0,0,3,223.31485698149663
9,32,0,1,0,5,233.33859385277884
9,33,1,1,0,2,244.24684190166718
9,34,1,1,0,2,242.26140808164698
9,36,1,0,1,1,243.87989960594828
9,37,1,0,0,2,231.72168503484264
9,38,1,1,0,2,245.74889868216303
9,39,1,0,0,3,228.6096031031504
9,40,1,0,0,2,230.2753611259792
9,41,1,0,0,1,231.83623652435386
9,42,1,0,0,1,231.8605684178819
9,43,1,0,0,3,233.11806304546602
9,44,1,0,1,3,246.05818098260278
9,45,1,1,0,3,248.3368122698689
9,46,1,0,0,5,234.3176905428338
9,47,0,0,0,2,218.09693455552582
9,48,0,1,0,5,235.0202523013105
9,49,1,1,1,6,256.5339438364641
9,50,1,1,1,5,265.90142824978483
9,51,0,1,0,3,230.0281631280351
9,52,0,1,0,4,230.908060626812
9,53,0,1,0,5,233.98295286484762
9,54,0,1,0,0,229.22636210814835
9,55,0,1,0,6,242.83037929616137
9,56,0,1,0,2,234.34061659683124
9,58,0,1,0,1,231.14034198505993
9,0,1,1,1,1,259.0273085849511
9,1,1,1,0,3,246.78742032628213
9,2,1,0,0,5,233.8938607743745
9,3,0,0,0,2,223.21822181720006
9,4,0,0,0,1,220.38873765167054
9,5,0,0,0,5,222.00993392253216
9,7,0,0,0,5,223.39933412824303
9,8,0,0,1,7,247.33939972707853
9,9,1,0,1,3,247.39184189930404
9,10,1,1,0,7,250.74875844385178
9,11,0,1,0,6,233.14496564051805
9,12,0,0,0,1,220.7647033023082
9,13,0,0,0,1,219.8385319858374
9,14,0,0,1,1,232.56720820451477
9,15,0,0,0,6,225.65001493100053
9,16,0,0,0,2,219.26573828466604
9,17,0,1,0,0,232.22183057549398
9,18,0,1,0,0,231.6159337344215
9,19,0,1,0,5,233.21062783834574
9,20,1,1,1,2,264.88000378436675
9,21,1,0,1,2,247.11302290763086
9,22,1,1,1,7,280.18608070875274
9,23,1,1,0,3,248.19476645101935
9,24,1,1,0,1,245.2526765572109
9,25,1,1,1,0,253.59382281744206
9,26,1,1,1,7,268.37816856912724
9,27,1,1,0,5,249.42925079382755
9,28,0,1,0,5,230.90898796563962
9,29,0,1,0,6,238.35055156590863
9,30,0,0,0,3,219.6897985757613
9,31,0,0,1,5,232.53938334809425
9,32,0,0,0,5,220.19758159124564
9,33,0,0,1,5,231.6163714481015
9,34,0,0,0,7,223.22396499128703
9,35,1,0,0,0,227.07629599142007
9,36,1,0,0,0,228.89790936250014
9,37,1,0,0,3,233.4870512052465
9,38,1,1,0,7,266.13345726141836
9,39,0,1,0,7,245.75024864677994
9,40,1,0,0,3,234.01310906559698
9,41,1,0,0,0,230.79112714161258
9,42,1,0,0,5,236.36736791463184
9,44,1,0,0,0,230.0886181069123
9,45,1,0,0,3,233.2228598290125
9,46,1,0,0,4,229.95600184198665
9,47,0,0,0,3,222.79754923235538
9,48,0,0,0,6,221.95459906902875
9,49,0,0,0,2,217.41366328180018
9,51,1,0,1,4,243.2942946945194
9,52,0,0,1,3,229.55278798814524
9,53,0,0,0,6,220.41240812777852
9,55,1,0,0,1,231.85714071954675
9,56,1,0,0,2,232.7847180945212
9,57,1,1,0,2,249.42969826107125
9,58,1,0,0,3,231.4773609156989
9,59,1,0,1,0,243.96141447175435
9,0,1,0,1,1,247.19388972567947
9,1,1,0,0,1,232.33882581048783
9,2,1,0,0,6,231.55093012903356
9,3,1,0,0,2,234.01135458482233
9,4,1,1,0,6,258.6451709416968
9,5,0,0,0,2,220.87704484357909
9,6,0,0,0,2,220.80437052312732
9,8,1,0,0,4,232.48249866113207
9,10,1,0,1,5,246.6968535617737
9,11,1,0,0,7,248.2571849855676
9,12,0,0,0,0,218.77673994953363
9,14,0,0,0,2,224.3537586287586
9,15,0,1,0,2,230.9901628639051
9,16,0,1,0,4,233.4715808896426
9,17,0,1,0,5,232.36364432700583
9,18,1,1,0,6,247.46112064366497
9,22,0,0,0,7,234.5525865367296
9,23,1,0,0,6,248.04103623991764
9,24,0,0,0,4,218.079862242903
9,25,0,0,0,0,216.53063989425036
9,26,0,0,0,7,231.23384403036215
9,27,1,0,0,2,236.51300038211383
9,29,1,1,0,0,240.20337737010726
9,30,1,1,0,2,245.48102418976487
9,31,1,1,0,2,245.0401168712276
9,32,1,0,0,1,231.39544265300972
9,34,1,0,1,4,243.90663136592633
9,35,0,0,1,4,226.62491903546243
9,36,0,0,1,2,226.51897940256694
9,37,0,0,1,4,226.82388951781596
9,38,1,0,1,0,243.07000863509106
9,39,1,0,1,0,242.45545429215753
9,40,1,0,1,2,247.08266994178575
9,41,1,0,1,2,246.66586087585614
9,42,1,0,1,1,242.65569500162195
9,43,1,0,1,4,245.92967049800828
9,44,0,0,1,7,250.20866067792736
9,45,0,0,0,5,223.79879702311868
9,46,1,0,0,0,229.05659101614867
9,47,1,0,0,5,232.5378807684127
9,48,1,0,0,2,228.381322699975
9,49,1,0,0,1,228.50504199533034
9,50,1,0,0,1,228.40483950876074
9,51,1,0,0,2,228.87000304817883
9,52,1,0,0,4,227.17571007046917
9,54,0,0,0,2,218.7992778869377
9,55,0,0,0,6,221.1480795079927
9,56,0,0,0,5,219.05015894581092
9,58,0,0,1,5,237.12372525713877
9,59,0,0,1,5,233.09116440778655
9,0,1,0,0,4,232.92717684653448
9,1,1,0,0,4,231.78455744905744
9,2,0,0,0,4,220.59253195014173
9,4,0,0,0,2,221.76438354797153
9,6,0,0,0,4,222.26586969061307
9,7,1,0,0,1,231.55599092501274
9,9,1,0,0,7,247.52153599571594
9,10,0,0,0,6,226.677938129504
9,11,1,0,0,5,235.11517868481903
9,12,0,0,1,3,233.08313508229742
9,13,0,1,0,1,235.78165301896317
9,14,0,1,0,3,237.91170652711313
9,16,0,0,0,0,215.8471729394965
9,17,0,0,0,7,231.8246565470988
9,18,0,0,0,1,218.19200076940106
9,19,0,0,0,2,216.80328399379042
9,21,0,0,0,5,220.41991966263367
9,24,0,0,0,7,230.456997758874
9,25,1,1,0,1,244.9634640256126
9,27,0,0,0,3,218.0901624629769
9,28,0,0,1,0,228.55031576814002
9,29,0,0,1,6,229.3052299897748
9,30,0,0,1,2,230.16209671358348
9,31,0,0,1,1,232.24298198986037
9,32,0,0,0,0,215.22039954832115
9,33,0,0,0,6,219.59905076050177
9,34,0,0,0,2,215.9514759718619
9,35,0,1,0,2,234.7518297913726
9,36,0,1,0,3,234.31909848965068
9,37,0,0,1,2,228.44318531300638
9,38,0,1,1,5,248.35244545978435
9,39,0,1,0,4,230.74798749881015
9,40,0,1,0,4,230.1622653526471
9,41,1,1,0,2,246.91546513723605
9,43,1,0,0,6,245.45964440034197
9,44,1,0,0,1,230.1853739011846
9,45,1,0,0,4,234.13130988355198
9,46,1,0,0,7,246.96183843348484
9,47,0,0,0,0,213.8119095260493
9,48,0,0,0,7,229.84650123504161
9,49,1,0,1,1,242.26260788100427
9,50,1,0,1,3,243.75265078858632
9,51,1,0,1,7,243.26369707839572
9,52,1,1,0,1,242.28758672288097
9,53,1,1,0,3,246.17104398786628
9,54,1,1,0,5,244.3821509616725
9,55,1,1,0,5,250.47096395814012
9,56,1,1,0,2,246.1979459665935
9,59,0,1,0,4,231.7708958283722
9,0,1,1,0,0,243.80202078228274
9,2,1,0,0,4,232.1624507790237
9,4,0,0,0,7,236.5955402322753
9,5,0,1,0,5,235.39821471899313
9,7,0,1,0,6,239.73676407053532
9,8,0,1,0,6,232.80658061439092
9,11,0,1,0,5,235.5034653463444
9,12,1,1,1,0,258.2106119092544
9,13,1,1,1,1,261.20013551649055
9,14,1,1,0,7,260.0674418977725
9,15,1,0,0,4,233.00501116924767
9,16,0,0,0,7,237.85942065162098
9,17,0,0,1,2,233.8960329808454
9,18,0,1,1,5,246.72877444104523
9,19,1,1,0,3,247.8848586695836
9,20,1,1,0,4,243.7627474843872
9,21,0,1,0,1,231.92225133922562
9,22,0,1,0,6,233.58836201327338
9,23,0,1,0,7,241.457321744181
9,24,0,1,0,2,234.84501788616944
9,25,0,1,0,3,236.21880915152377
9,27,0,1,0,3,238.78579428205938
9,28,0,1,0,3,235.6215936993883
9,29,0,1,0,3,233.81006121252247
9,30,0,0,0,4,221.91087503568534
9,31,0,0,0,2,218.32283877111436
9,32,0,1,0,2,231.15774219346176
9,33,0,0,0,0,212.69972613739975
9,35,0,0,1,2,229.2513109930429
9,36,0,0,1,6,229.7200513705044
9,37,0,0,1,1,229.5158291675628
9,38,0,0,1,4,230.99075991717828
9,39,0,0,1,1,227.34590498673685
9,40,0,0,0,6,220.1690745778947
9,41,0,0,0,0,216.28905321928346
9,43,0,0,0,7,229.25849881325516
9,44,0,0,0,3,223.33132948147238
9,45,0,0,0,0,216.54023985042045
9,46,0,0,0,7,232.1935910742738
9,47,1,0,0,1,229.50844339681353
9,48,1,0,1,3,243.88017097635642
9,50,1,0,0,4,230.60858732481958
9,52,1,1,0,4,245.71603281305002
9,53,0,1,0,3,230.94755816503536
9,54,0,0,0,6,224.4953583015626
9,55,0,1,0,4,233.1381488923777
9,56,1,1,0,0,246.23530594792908
9,57,1,1,0,5,251.14323125010014
9,59,0,1,0,3,240.57629072893604
9,0,0,0,0,5,217.49404346278877
9,1,0,0,0,6,222.36549038561708
9,2,0,0,0,0,217.13571788548413
9,3,0,0,0,4,219.37443462664405
9,4,1,0,0,3,234.85843562290427
9,5,1,0,0,1,234.46579941483378
9,7,1,0,0,3,233.054803403013
9,8,1,0,1,0,244.55265375508185
9,9,1,0,1,1,243.37801945670634
9,10,1,0,0,0,232.81595999222353
9,11,1,0,0,4,234.90320118096403
9,13,1,1,0,0,246.52114523523215
9,16,0,1,0,3,233.39049075198318
9,18,1,0,0,3,237.77625953563512
9,20,1,0,0,6,235.4981696119429
9,21,0,1,0,0,230.7059505875954
9,23,0,1,0,6,230.39504623528623
9,25,0,1,0,2,234.17940745711982
9,26,0,0,0,0,214.9189929413412
9,27,0,0,0,5,217.40576477537073
9,28,0,0,0,1,215.57968283754224
9,29,0,0,1,0,229.95664252819563
9,30,0,0,1,4,228.8375391144009
9,31,0,0,1,7,243.5066360368161
9,34,1,1,0,3,252.4974639354146
9,35,1,0,1,5,248.40003055310012
9,36,0,0,1,3,227.49625893858504
9,37,0,0,0,4,215.3016977158604
9,38,0,0,0,2,212.81131815321226
9,39,0,0,0,2,216.09704746763228
9,40,0,1,0,2,231.81423234552977
9,41,0,1,0,4,234.86597496186226
9,42,0,1,0,7,239.1556512930044
9,43,1,0,1,0,243.5290861144688
9,44,1,0,1,0,244.968990198097
9,45,1,0,1,1,246.09751458518275
9,46,1,0,0,3,230.5744759118828
9,47,1,1,0,0,242.10202543507725
9,48,1,1,0,7,251.35354014478617
9,49,0,0,1,2,230.2300752314651
9,50,0,0,1,5,228.77115440578334
9,51,0,0,0,4,214.62276073789698
9,52,0,0,0,3,216.97079380443785
9,53,0,1,0,6,246.22193970359749
9,55,0,0,0,2,219.83077326475663
9,58,0,0,0,4,221.02183893936285
9,0,0,0,0,6,220.42188690426445
9,1,0,0,0,3,218.10129627546087
9,3,0,0,0,5,219.74400799806364
9,5,1,0,0,7,246.37972739662123
9,6,0,1,0,7,249.4172191665596
9,7,0,1,0,0,232.73957247865843
9,9,0,1,0,5,236.05984791504957
9,10,0,1,0,1,236.08787205874967
9,11,0,1,0,1,233.66803582824002
9,12,0,1,0,1,233.40448340529065
9,13,0,1,1,1,249.3414718539936
9,14,0,1,0,5,234.84083963258624
9,15,1,1,0,1,250.7118888102284
9,16,1,1,0,0,245.30316997596498
9,17,1,1,0,0,246.17815443163948
9,18,1,1,0,2,247.96014031802332
9,19,1,1,0,4,245.68349140795237
9,20,0,1,0,6,235.06069011393197
9,21,0,0,0,7,233.7627962694196
9,22,0,1,0,1,231.00752901110027
9,23,0,1,0,4,232.22396558161827
9,25,1,1,0,7,246.74465748694075
9,26,1,0,0,4,232.84998091258592
9,27,1,0,0,3,236.27673447819038
9,28,1,0,0,4,231.7985673940687
9,29,0,0,0,0,215.93654155395765
9,30,0,0,0,6,220.52862894634146
9,33,0,0,0,7,230.191688119971
9,34,0,0,1,6,234.51386875049923
9,35,0,1,1,3,243.75095773255012
9,36,0,1,0,0,229.59763419103507
9,37,0,1,0,0,225.98301009656288
9,38,0,1,0,6,241.88826199604534
9,40,1,0,0,4,229.80150710279415
9,41,0,0,0,4,216.7939605629707
9,44,1,1,0,5,246.4138880623506
9,45,0,1,1,7,252.01102058614
9,46,0,0,0,2,218.5608781563648
9,47,0,1,0,5,232.0816917386369
9,48,0,1,0,6,230.31376887594575
9,49,0,1,0,7,248.87128314342223
9,50,0,1,0,5,227.10278173163024
9,51,0,1,0,6,229.90512823120469
9,52,0,1,0,2,232.5979239329348
9,53,0,1,0,4,230.0513713018101
9,54,0,1,0,2,234.55734616188585
9,56,0,0,0,7,227.59222125059858
9,57,1,0,0,6,237.6053089094481
9,58,1,0,0,6,231.09046504767062
9,59,0,0,0,7,232.38034160456925
9,0,0,0,0,1,219.08379374688522
9,4,0,0,0,3,223.40208668538276
9,5,0,1,0,6,240.91168492112655
9,6,0,0,0,5,223.2702395574631
9,7,0,0,0,6,220.48940263604402
9,8,0,1,0,3,235.37593797895846
9,9,0,0,0,6,222.97600869106427
9,10,0,0,0,5,223.32807173150732
9,11,0,0,0,6,222.06461996921877
9,12,1,1,0,0,246.3683685822054
9,13,1,1,0,5,248.82725886397992
9,16,1,1,0,5,249.72096325054972
9,17,0,1,0,7,250.32951576105188
9,18,1,0,0,7,247.01673049025757
9,19,0,0,0,7,233.03080623778263
9,20,0,0,0,2,216.52224481500787
9,22,0,0,0,0,213.96477033790313
9,23,0,0,0,5,218.05466765796956
9,24,1,0,0,0,230.94946578959156
9,25,1,0,0,7,251.0556552877015
9,26,0,0,0,1,214.80631511812538
9,30,1,0,0,4,233.29957905347894
9,31,1,0,0,1,231.36724067885214
9,32,1,0,0,0,229.99248440661668
9,33,1,0,0,7,243.40288993754797
9,34,0,1,0,3,234.04993852206388
9,35,0,0,0,3,215.6978689972358
9,36,0,0,0,0,217.10096732687418
9,38,0,0,0,5,214.54273547069013
9,39,0,0,0,3,218.61192203792896
9,40,0,0,1,7,251.4356313998253
9,42,0,0,0,6,217.79502745799616
9,43,1,1,0,5,251.98078356345582
9,47,0,0,1,4,229.55657260847113
9,48,0,0,1,0,228.169672587769
9,49,0,0,1,3,233.897757936105
9,52,0,0,0,1,212.81989256191673
9,53,0,0,0,4,218.64522740438423
9,54,0,0,0,5,219.49925226627855
9,55,0,0,1,2,227.12549987214376
9,56,0,0,1,7,249.14417936190404
9,57,0,0,0,4,217.21679984494577
9,58,0,0,0,1,221.45655740885218
9,59,0,0,0,6,223.26098640483866
9,1,0,0,0,4,217.40891686392632
9,2,0,0,0,6,232.30590158176847
9,3,0,1,0,3,235.38272548403415
9,5,1,0,0,0,232.0262817776452
9,6,1,0,0,7,249.46695411017868
9,7,1,0,1,6,252.87031605680576
9,8,0,1,1,6,246.71286691754935
9,9,0,0,1,5,236.20194772007744
9,10,0,0,1,0,232.5135925659787
9,11,0,0,1,3,235.3593788661798
9,13,0,0,0,2,221.727287672748
9,14,0,0,0,6,220.3987867836706
9,15,0,1,0,3,238.07674828525526
9,17,0,0,0,2,220.5643820791466
9,18,0,1,0,4,235.40716656392036
9,20,0,1,0,1,232.33974411576264
9,21,0,1,0,7,244.96043046773732
9,25,0,0,0,2,220.4777209636878
9,27,0,0,0,2,217.72687309665815
9,31,0,0,0,5,218.01836216076583
9,33,0,1,0,0,227.60994914188083
9,34,0,1,0,7,243.4248886578934
9,35,0,0,0,5,217.77128447158432
9,37,1,0,1,3,250.5275524128731
9,38,1,0,1,7,265.12878626585194
9,41,0,0,0,7,235.36898660447665
9,42,0,1,0,5,231.89828617227775
9,43,0,1,0,5,230.24654486543594
9,44,0,1,1,2,244.99022943987939
9,45,0,0,1,0,229.14691886610896
9,46,0,0,1,3,233.80123420819575
9,47,0,0,0,5,217.30176648465806
9,50,0,1,0,6,230.46488262875954
9,51,0,0,0,5,217.3517452434339
9,52,0,0,0,2,219.29943340859282
9,53,0,0,0,5,219.14196922739032
9,54,0,0,0,1,214.95856727426712
9,55,0,0,1,5,229.1962605599861
9,57,1,0,0,7,248.82530512393396
9,58,0,1,0,2,232.2238611864072
9,59,0,0,0,0,216.2556559679331
9,2,1,1,0,0,245.64348519006478
9,3,1,1,0,1,249.20299890448393
9,4,1,1,0,1,243.6169196990751
9,5,1,1,0,4,246.6039174169472
9,6,0,1,0,5,235.01560751353685
9,7,1,1,0,1,246.47489049654297
9,8,1,1,1,5,259.92869088507007
9,9,0,1,1,3,252.40817448183716
9,10,0,1,0,3,235.08430588411775
9,11,0,0,1,2,233.9390058128235
9,12,0,1,1,1,250.01158808731424
9,13,0,1,1,7,270.35990393606323
9,14,1,0,1,1,246.97415653922914
9,15,1,0,0,6,236.21477243236902
9,16,0,0,0,1,218.83879158975785
9,17,0,0,1,0,232.28301047863903
9,18,0,0,1,0,232.40942653506687
9,19,0,0,1,7,244.95694407856874
9,21,1,0,0,7,247.33089313485985
9,23,0,1,0,1,231.26882011533112
9,24,0,1,0,4,229.7088667665317
9,26,1,1,0,4,248.09413802678392
9,27,1,1,0,7,257.8873104040037
9,28,0,1,0,1,229.91431294212225
9,29,0,1,0,2,231.47911553962254
9,30,0,1,0,5,234.2402653559741
9,31,1,1,0,7,260.26730657099097
9,33,0,1,0,5,233.57205652062163
9,35,1,0,0,2,229.55105294537913
9,36,1,1,0,4,247.21465539725403
9,37,1,1,0,6,245.9244197671582
9,39,0,1,1,0,243.3415116753333
9,40,0,1,1,4,242.5740654646388
9,41,0,1,1,3,241.78071834187713
9,43,0,1,0,3,237.59293263238985
9,44,0,0,1,6,236.50963862760116
9,45,0,1,1,4,244.57081900829678
9,46,0,1,1,0,241.87981976600997
9,47,0,1,1,1,245.46752920728943
9,48,0,1,1,1,246.27992144369173
9,49,0,1,1,7,258.1235999364789
9,51,1,0,1,5,243.28070482367085
9,55,0,1,1,0,242.4550644868308
9,56,0,1,1,3,249.76904011324018
9,57,0,1,0,5,231.76303606381032
9,58,1,1,0,5,247.8293515711175
9,59,0,1,0,1,231.8705767839115
9,0,0,1,1,1,244.45839039938977
9,1,0,1,0,7,249.45860600272474
9,4,0,1,0,2,234.95066178504544
9,5,0,1,0,3,235.8983946359588
9,8,0,0,0,3,221.74129023402566
9,10,0,1,0,4,233.3301296069022
9,11,1,1,0,0,246.00400764442077
9,12,1,1,0,1,247.07351427949493
9,14,1,1,0,2,247.99847706445757
9,16,1,1,0,7,260.57577495988346
9,19,0,0,0,5,219.87639489159025
9,20,1,0,0,5,233.69517089970364
9,21,1,0,0,2,230.38999164314077
9,22,1,0,0,7,243.17866909274483
9,23,0,0,0,0,215.09471668049034
9,24,0,0,0,3,215.68767490690996
9,25,0,0,0,6,223.86710701724385
9,26,1,1,0,0,243.94561036411883
9,27,1,1,0,1,247.6439328945241
9,28,1,1,0,6,251.68355581790894
9,30,0,1,0,1,232.18126909023962
9,31,0,1,0,1,232.62287154228318
9,32,0,1,0,0,229.5159779343508
9,33,0,1,0,3,230.94993919158978
9,34,0,1,1,5,241.3595145111893
9,35,0,1,0,0,227.03803616160025
9,37,0,0,1,7,248.71628804790598
9,38,0,1,1,2,243.81430708049464
9,39,0,1,1,1,244.4154282324637
9,41,0,1,0,6,230.79890481855352
9,42,0,1,0,4,232.92171911556414
9,43,0,1,0,0,228.9809967663156
9,44,0,1,0,5,232.690260288678
9,45,0,1,0,6,233.28305597432714
9,46,0,0,0,0,213.95574669715904
9,47,0,0,0,1,216.77618181845736
9,48,0,0,0,5,214.98095044395245
9,49,0,0,0,5,215.66700059422806
9,51,0,0,0,7,227.09025507422535
9,54,0,1,0,7,247.3604050668635
9,56,0,0,0,6,221.13675639422195
9,58,0,0,0,3,224.1090204303775
9,0,0,0,0,3,225.45439161847588
9,2,0,1,0,0,233.09529914505097
9,5,0,0,0,1,218.38149091835237
9,7,0,0,0,2,219.35101268885484
9,8,0,0,0,2,218.84453238044966
9,9,0,0,0,1,221.40612716322593
9,11,0,0,0,0,218.4842716901756
9,13,0,1,0,0,232.82953131596125
9,14,0,1,0,2,235.0622910974255
9,16,0,0,0,4,217.2802269828807
9,18,0,0,0,5,225.46325054126655
9,19,0,0,0,1,214.93983957771994
9,20,0,0,0,1,216.1841810800683
9,21,0,0,1,6,232.56037972033045
9,22,0,0,1,6,233.7887914270513
9,23,1,0,1,7,260.0824244684245
9,27,0,0,0,4,216.86606993904883
9,30,1,0,0,6,236.4612268652914
9,31,0,0,0,0,214.3556510129834
9,33,0,0,0,1,213.46271276263116
9,34,0,0,1,3,231.46962600244697
9,35,0,0,1,3,234.15813535159216
9,36,0,0,0,5,219.9522261268647
9,37,1,0,1,2,245.88251470453307
9,38,1,0,1,4,247.30838816187992
9,39,1,0,1,3,260.1586230933112
9,41,1,1,0,4,242.47487331844502
9,42,1,1,0,2,246.055316738279
9,45,0,1,1,0,241.34237227247345
9,47,0,1,1,4,244.17901367921027
9,48,1,1,1,5,261.4457491302419
9,49,1,1,0,0,242.54362788060857
9,50,1,1,0,6,248.6533004848255
9,51,0,1,0,7,243.6403112489021
9,52,1,1,1,1,257.2408052066336
9,53,1,1,1,2,260.6313721368929
9,54,1,1,1,2,260.0636564884216
9,55,1,0,1,7,262.0976140982083
9,57,0,1,0,7,246.0472280478737
9,58,0,0,0,2,222.45575793105223
9,59,0,1,0,6,239.69176059551336
9,0,0,0,0,0,217.52078981164254
9,2,0,0,0,2,216.02134042628154
9,3,0,0,0,1,219.7069045760439
9,6,0,1,0,0,231.99071497689937
9,7,0,1,0,7,245.13779292751119
9,8,0,1,1,3,254.93091951207313
9,9,0,1,1,5,253.1418257664877
9,10,0,1,1,5,247.5668887793275
9,11,1,1,0,1,245.56591588671438
9,12,1,1,0,5,248.79354201070663
9,13,1,1,0,6,254.22511659328683
9,15,0,1,0,0,231.0548197104524
9,18,0,0,0,4,219.65682620056737
9,19,1,0,0,7,246.5610651194801
9,20,0,1,0,4,232.79074300536757
9,21,1,1,0,7,259.43031947526276
9,23,0,0,0,7,233.66334297769293
9,24,0,0,0,5,215.91731122174468
9,25,1,0,1,4,246.55379987369804
9,26,0,0,1,3,243.91259224378499
9,29,1,0,0,7,244.72224433346025
9,30,0,0,1,3,233.96733761412727
9,31,0,1,0,4,231.09440295633507
9,32,1,1,0,4,246.70004342514255
9,35,0,0,0,4,217.79212790104847
9,36,1,0,0,2,227.86501294641292
9,37,1,1,0,1,246.39772180303544
9,38,1,1,0,4,245.11745349511338
9,39,0,1,0,6,239.21953468847207
9,40,0,1,0,6,250.15251231218866
9,43,0,0,0,3,225.4368112383264
9,46,0,1,0,3,234.22325303063812
9,47,0,0,0,4,217.50252566765084
9,49,0,0,0,4,214.8763181859846
9,50,0,0,0,0,212.84313365269836
9,54,0,0,0,0,216.75185338152835
9,56,0,1,0,1,230.77587907062167
9,57,0,1,0,2,232.54681711762987
9,58,0,1,0,6,235.58595154795006
9,59,0,1,0,2,232.21064123051357
9,1,0,0,0,2,216.10345439063707
9,2,0,1,0,2,234.95055819250362
9,3,0,1,0,1,233.74004723539574
9,4,0,1,0,0,230.6585114449308
9,7,0,0,0,0,217.12644955210115
9,8,0,0,0,1,218.96839225002088
9,11,0,0,0,5,221.49523371346962
9,13,0,0,0,3,224.84582682374023
9,15,1,1,0,2,248.96251115839257
9,16,1,1,0,3,248.4178114586482
9,17,1,0,0,0,230.35209448197702
9,19,0,1,0,4,232.1216374888829
9,20,0,1,0,7,247.85706436682906
9,21,1,1,0,0,244.75645155312415
9,22,1,1,0,1,244.55288345901238
9,23,1,1,0,5,246.91926387455055
9,24,1,1,1,3,262.2753887310655
9,25,1,0,0,1,233.23653676322837
9,26,1,0,0,5,232.0631091696415
9,28,1,0,0,5,235.4960392667347
9,29,0,0,0,5,218.4701352630073
9,31,0,0,0,1,217.40533054255653
9,32,0,0,0,1,217.5807083616175
9,33,0,0,0,2,216.60587392322412
9,35,1,1,0,3,251.3550686389139
9,37,1,0,0,6,237.72337316938166
9,39,0,0,0,1,213.52192113979376
9,42,0,1,0,3,236.87279741758263
9,44,0,0,0,1,218.44750580116158
9,46,1,0,0,2,232.7266194294948
9,48,0,0,0,4,215.83278752032754
9,49,1,0,0,5,231.56206010823323
9,52,0,1,0,6,236.03482609435895
9,54,0,0,0,4,219.65930396594646
9,56,0,1,0,6,234.2993672934015
9,57,1,1,0,0,244.92497729450508
9,58,1,1,0,1,243.8154656197916
9,59,1,1,0,6,258.1051285794746
9,0,1,1,0,7,264.83393660018595
9,1,0,1,0,1,230.27585145630036
9,2,0,1,0,5,233.5643123232307
9,5,0,0,0,4,218.23041664351905
9,8,1,0,0,2,232.53197315149586
9,9,1,0,0,6,234.84549728842404
9,11,1,1,0,3,249.6426005790887
9,12,1,0,0,1,234.68211494438006
9,13,1,0,0,1,233.57149964723698
9,14,1,0,0,3,234.09645140888136
9,15,1,1,0,6,249.6269852735877
9,16,1,0,0,5,233.3467657500014
9,17,0,0,0,0,219.29282132522317
9,19,0,0,1,5,235.1788488004338
9,22,0,0,0,5,215.3716125149509
9,23,0,0,1,5,231.57302717228973
9,26,0,0,0,4,213.64730671829315
9,28,0,0,0,0,216.91238156551316
9,29,0,0,0,1,215.38439353667158
9,32,0,1,1,3,248.01307200874382
9,33,0,0,1,0,228.93926320170922
9,34,0,0,1,2,230.60634768212861
9,35,0,0,1,7,241.30877024452292
9,37,0,0,0,2,214.62939752412646
9,40,0,0,0,2,221.66810950094538
9,43,0,1,1,7,245.67433344038727
9,44,0,0,1,3,234.54792731977778
9,46,0,0,0,4,216.95419091433047
9,49,1,0,0,6,231.564016498795
9,50,1,1,0,0,242.68313234411698
9,52,1,0,1,0,238.51444113468355
9,53,1,0,1,5,241.23670804323933
9,54,0,0,1,5,233.1678639476822
9,56,1,0,0,7,231.46812600291616
9,57,1,0,0,5,237.11582487063805
9,58,0,0,1,7,243.50354349957104
9,0,0,1,0,0,229.43412610779296
9,1,0,1,0,4,233.74474079770118
9,3,1,1,0,3,251.15978303008066
9,4,1,1,0,2,249.90771204333618
9,7,0,1,0,1,233.38108877157626
9,8,0,1,0,4,234.41174541107202
9,9,0,1,0,0,229.88409159186466
9,10,0,1,0,6,240.8306348947821
9,12,0,0,0,3,223.47963522680118
9,13,0,1,0,5,234.88889204931206
9,14,0,1,0,0,230.50548102664237
9,16,0,1,0,0,230.64889218494582
9,17,0,1,0,3,232.53141571988792
9,18,0,1,0,3,231.7650915908849
9,19,0,0,1,2,232.95111416797639
9,20,0,1,1,7,262.45964748084054
9,21,0,1,1,1,249.0580611183413
9,22,0,1,0,0,228.77496911409293
9,27,1,0,1,1,244.6402530459772
9,28,1,0,0,0,230.28280307429816
9,29,1,0,0,4,232.70340115679252
9,30,1,0,0,7,245.7386709414611
9,32,1,0,0,7,247.70151901751728
9,33,0,0,0,3,218.86760680649576
9,34,0,0,0,0,213.20394912306844
9,35,0,0,0,1,214.17305333601647
9,36,0,0,0,1,219.25505315197412
9,37,0,0,0,7,233.16324051774032
9,38,0,0,0,3,216.29255346385327
9,39,0,0,1,5,230.8181933991667
9,40,1,0,0,5,233.11778676705785
9,42,0,0,0,5,218.4768327173767
9,44,1,0,0,7,233.96034880192923
9,45,1,0,0,6,231.8720681446202
9,46,1,1,0,4,243.96825511109205
9,47,0,1,0,4,236.01605866818844
9,49,0,1,0,4,231.85830395501543
9,51,1,1,0,4,246.23542291504975
9,53,0,1,0,2,233.67896004236266
9,54,0,1,0,3,235.8611312269732
9,55,0,0,1,1,227.33152877448174
9,58,1,0,0,5,232.8013297507667
9,59,0,0,0,2,218.40854700586138
9,5,1,0,0,4,232.67415150458763
9,9,0,0,0,2,220.17816434897892
9,12,0,1,0,2,236.34568428513086
9,13,0,1,0,3,242.90472659839685
9,14,0,1,0,7,247.58756767483567
9,15,0,0,0,0,218.18293918426124
9,16,0,0,0,6,225.384799357235
9,19,1,1,0,7,265.1103075987771
9,20,0,1,0,3,234.2053223520435
9,21,0,0,0,4,215.2757777564978
9,26,0,0,0,6,221.66283191479147
9,31,0,0,0,6,223.27705103516433
9,33,0,0,0,5,214.48674680468002
9,34,1,0,0,0,228.95186931703492
9,35,1,0,0,3,229.67458914808046
9,36,1,0,0,4,228.7130279796946
9,37,0,0,0,5,219.41950423695567
9,39,0,0,0,4,214.41487688024975
9,42,1,0,0,7,247.4758114998516
9,44,0,1,0,2,234.40509545866382
9,45,0,1,0,5,232.53828904493034
9,49,0,0,0,7,226.72287030819098
9,50,0,1,1,0,243.4775046865845
9,51,0,1,1,6,246.4785257149031
9,52,1,0,1,7,245.7049128835503
9,56,0,1,0,7,250.002162701737
9,58,1,1,0,4,246.4816103794808
9,59,1,1,0,3,246.20806198269176
9,0,1,0,0,6,233.8495705590265
9,3,0,1,0,5,236.83506834329833
9,5,0,1,0,0,233.11551332338922
9,6,0,1,0,4,233.9138637729516
9,7,1,1,0,3,246.80793979875148
9,8,1,0,0,1,231.45517564932786
9,9,1,0,0,1,232.964176752442
9,10,1,0,0,7,244.95554690990994
9,11,1,0,0,3,237.2314502892157
9,12,1,1,0,2,248.61315888096442
9,13,1,0,0,5,240.76362683485416
9,14,0,0,0,3,222.88584444786355
9,15,0,1,0,4,230.5305154696509
9,17,0,1,0,2,233.42356906565033
9,20,0,0,0,3,221.44039193589853
9,23,0,0,0,2,219.42994417718654
9,25,0,0,0,1,217.9984352064976
9,28,0,0,0,6,219.32530373756418
9,29,0,0,0,3,219.71602981601114
9,32,0,1,0,7,235.02620431818295
9,33,1,1,0,7,255.94098301186705
9,34,0,0,0,1,212.65984266730388
9,38,0,0,0,1,215.4939439198202
9,39,0,0,0,6,229.08509553914394
9,41,1,1,0,3,247.63972778108115
9,42,1,1,0,4,242.7281533201259
9,44,0,1,0,7,246.11616918891346
9,45,0,1,0,4,233.82104224695135
9,46,1,1,0,5,243.7632385897727
9,48,0,1,0,7,242.88112335341242
9,49,1,1,0,2,242.39495498907544
9,50,1,0,0,3,233.939777394495
9,51,1,0,0,4,232.32059675135258
9,52,1,0,0,5,227.19156629342243
9,53,1,0,0,3,233.84410992619823
9,54,1,0,0,0,227.95951672708162
9,55,1,0,0,6,234.55198505589047
9,56,1,1,0,1,246.14876677112397
9,57,1,1,1,2,259.985282978955
9,58,1,0,1,5,246.56234737146295
9,59,1,0,0,5,234.03631067525447
9,1,0,0,0,7,234.598308825867
9,4,0,0,0,6,225.66544064118028
9,6,1,1,0,7,266.1700761519318
9,8,1,0,0,6,245.11476336839223
9,9,0,0,0,4,221.6003276378661
9,10,0,0,0,3,223.18870095657377
9,12,0,0,0,4,218.5011943385216
9,14,0,0,1,6,231.11772874844033
9,15,0,0,1,1,231.65243580850577
9,16,0,0,0,5,222.80783301801029
9,17,1,0,1,6,246.58329754718562
9,19,0,0,1,4,232.1214933170004
9,20,0,0,1,1,234.2842729876515
9,22,1,1,0,7,259.62466984897134
9,29,0,0,0,6,221.4158637685592
9,30,0,0,0,0,215.34184969018537
9,34,0,1,0,2,226.7201598047133
9,35,0,1,0,4,230.15513680623908
9,36,0,1,0,2,232.6013118379599
9,37,0,1,0,7,250.01895846966283
9,38,0,0,1,5,231.00030833333238
9,40,0,0,1,3,228.57747087660746
9,43,0,0,0,4,220.99328248366476
9,45,1,0,0,1,232.199365943839
9,48,1,0,0,4,229.47842373978068
9,49,0,0,0,0,213.42001547686766
9,52,0,0,0,0,212.83365893870936
9,56,0,0,0,2,218.23722739066642
9,58,0,1,0,7,247.21276269405573
9,0,0,0,0,7,233.3044037815419
9,1,1,1,0,5,247.77684457851927
9,4,1,1,0,0,245.07100636806476
9,5,1,1,0,1,247.62937501413086
9,6,1,1,0,2,249.21531117954723
9,7,1,1,0,5,248.75682920187398
9,9,0,0,1,4,229.71474823485084
9,10,0,0,1,6,237.1796605917819
9,13,0,1,0,6,241.66400518387385
9,19,1,1,1,7,274.49785001845856
9,20,0,0,0,5,219.0943245350549
9,21,0,0,0,0,214.54069653853034
9,22,0,0,0,3,214.347243955736
9,24,0,0,1,2,230.9943233521199
9,25,0,0,1,5,231.61521011695555
9,27,0,1,0,6,234.73646802649105
9,28,0,0,0,4,220.24091716721608
9,29,0,0,0,2,219.85050950882433
9,31,0,1,0,3,232.2668641154188
9,33,1,0,1,5,243.88496813938713
9,34,0,0,1,7,244.08963039247763
9,35,1,1,0,2,245.09919412079594
9,36,1,0,0,3,242.86291644563994
9,37,1,1,0,5,247.1435402068441
9,39,1,1,0,0,246.25762033761765
9,40,1,1,0,6,253.9575486528534
9,41,1,0,0,6,237.56395422167768
9,42,1,1,0,0,244.472589887141
9,43,1,1,0,7,263.9349905250864
9,44,0,0,0,2,219.1006807928864
9,45,0,1,0,1,228.32995401604674
9,46,0,1,1,2,244.90669773787792
9,47,0,1,1,6,258.93432828486084
9,48,0,0,1,1,231.47940796056758
9,51,1,0,0,7,245.7158428523791
9,52,1,0,0,7,245.9609293776555
9,54,1,1,0,7,258.19410972227774
9,56,0,1,0,4,235.88714814230357
9,0,0,0,0,2,219.77663386520825
9,3,0,1,0,0,232.36707953047303
9,4,0,1,0,3,237.06146753052346
9,8,0,0,0,7,233.24768971842713
9,10,0,0,0,4,217.59457245143327
9,12,1,0,0,7,237.26781585167387
9,14,0,1,0,6,240.19015431315944
9,15,1,0,0,0,231.63076886621874
9,17,1,0,0,4,233.9510566443055
9,19,1,0,0,2,232.75717412898595
9,20,1,0,0,3,230.22252178774696
9,21,1,1,0,6,247.07421796077048
9,22,1,1,0,4,245.76528257262447
9,24,0,1,0,3,236.07277488704864
9,26,0,0,1,4,231.65741888363834
9,27,0,0,1,1,229.55961689707058
9,29,0,0,1,1,233.40556656168076
9,32,0,0,1,7,244.5192594406182
9,33,0,0,0,4,214.58229727858702
9,34,0,0,0,4,214.14620892030692
9,35,0,0,0,0,213.4234734333519
9,38,1,0,0,5,232.29538283057408
9,39,0,0,0,0,213.1567236366351
9,42,0,0,0,7,229.8753065928318
9,45,0,0,0,2,219.44863758253643
9,48,1,1,0,3,245.5473683332073
9,49,1,0,0,7,242.99120982299598
9,50,1,1,1,4,262.74142162591454
9,51,0,1,1,2,245.18006979724206
9,52,0,1,1,0,241.49419267052133
9,53,0,1,1,7,246.91293166345824
9,54,0,0,0,3,217.33968057851118
9,55,0,0,0,5,215.63459549096152
9,58,0,1,0,3,236.50292692030357
9,0,0,1,1,6,249.85883539880592
9,1,1,1,1,4,261.60841069995536
9,2,1,1,1,3,274.44089515749766
9,3,1,0,0,6,238.5167957078653
9,6,0,0,0,0,220.61142615260144
9,13,1,1,0,7,265.0484405329754
9,15,0,0,0,7,232.02049499948933
9,17,0,0,1,4,232.61273704429712
9,19,0,0,1,3,233.79389137974738
9,20,0,0,1,0,232.33558831000423
9,21,0,0,1,1,230.99944062674712
9,24,0,0,0,6,220.33442017601692
9,25,0,1,0,4,233.95104635596198
9,28,1,1,1,5,258.9705104941076
9,29,1,1,0,2,246.72667660867867
9,31,1,1,0,6,247.1518025300139
9,33,0,1,0,1,232.3614014539369
9,35,0,1,0,7,234.0067206221453
9,36,0,0,1,4,227.89299805045454
9,37,1,0,1,5,245.2181759264368
9,38,0,0,0,7,233.68596957980026
9,42,1,0,0,6,239.30737988276806
9,45,0,1,1,3,247.55175552449754
9,46,0,0,0,1,219.14557623889365
9,50,0,0,0,2,219.52965749242946
9,51,0,0,0,0,213.3915101522942
9,52,0,0,0,6,219.71547390536807
9,53,0,0,0,7,231.78539485874117
9,57,0,0,0,5,221.49152346104404
9,58,1,0,0,1,233.33461146266828
9,59,1,0,0,4,236.29138272878458
9,0,1,0,0,0,229.4370308337866
9,1,1,0,0,2,233.17998518488787
9,3,1,1,0,4,249.97144806430737
9,4,1,1,0,4,246.79608744842628
9,5,0,1,0,4,236.54737086789402
9,7,0,0,0,3,221.689484040819
9,8,0,0,1,3,236.9080818593871
9,9,0,1,0,6,237.06407116427715
9,14,1,1,0,4,247.43337218691863
9,15,0,1,0,6,236.66174926951638
9,16,1,0,0,0,230.69784114134762
9,17,1,0,0,3,232.14351749452857
9,18,1,0,1,7,246.34165461890342
9,19,0,1,0,1,232.76907664470104
9,21,0,1,0,5,237.6642299591117
9,22,1,1,1,5,266.4115158451064
9,25,1,0,0,0,231.2242559676825
9,26,1,0,0,3,232.88732524408908
9,27,1,0,0,4,236.0679209929631
9,28,1,0,0,1,230.37394493940639
9,29,1,0,0,6,236.8666339211701
9,30,0,0,0,5,219.05387960360645
9,32,0,0,0,7,227.03429173564174
9,34,1,0,1,3,248.70731657767178
9,35,1,0,0,5,232.89818179211218
9,36,0,0,0,2,223.15649299262938
9,37,0,1,0,4,229.65759050198184
9,38,0,1,0,0,226.4023194190704
9,41,1,1,0,5,247.55593044559902
9,42,0,1,0,6,249.8225039602304
9,43,0,0,0,0,217.40449235214396
9,44,0,0,0,0,216.13884007264508
9,45,0,0,0,6,223.10821339666424
9,46,0,1,0,7,245.10432494756603
9,47,0,0,0,7,231.5783404554256
9,48,1,1,0,6,261.97775753674637
9,52,0,1,0,1,230.71220939961793
9,58,1,0,0,0,230.74667058652042
9,59,1,0,0,1,234.20020946773315
9,0,1,0,0,5,235.77717836156648
9,4,1,1,0,5,247.7377844692947
9,6,0,1,1,1,247.75578999886017
9,7,0,1,0,4,233.3166147165282
9,9,0,1,0,3,235.6311918419376
9,11,0,0,1,0,233.77023556326978
9,13,0,0,1,7,250.70924871695212
9,15,0,0,0,5,222.58623549794356
9,17,1,1,1,7,274.5577824069295
9,18,1,0,0,2,234.28270442544863
9,21,0,0,0,3,222.9710914994767
9,22,0,1,0,2,231.44573844950708
9,26,0,0,0,3,222.73766573657542
9,30,0,0,1,0,227.51060451723345
9,31,0,0,1,2,231.55795092904248
9,32,0,0,1,4,231.9633434905308
9,33,0,0,1,7,243.18157736789837
9,35,0,1,1,7,254.8672806411259
9,36,0,1,0,7,247.49707269120083
9,37,0,0,1,5,234.76383416681938
9,40,0,0,0,1,214.78934533744746
9,44,0,1,0,0,229.67335888364371
9,46,0,1,0,4,232.1098921553995
9,48,0,1,0,1,230.33756313860115
9,50,1,0,0,0,229.10058488018657
9,53,0,1,1,3,246.43284117957845
9,55,0,0,1,7,231.17385419890456
9,56,1,1,0,5,246.8509760532863
9,57,1,1,0,7,267.2578259991651
9,0,0,1,0,7,246.26246733376712
9,1,0,0,0,1,216.1306817855927
9,5,1,1,0,6,257.35657628933734
9,6,1,1,0,6,250.21637640528812
9,8,0,0,0,5,217.4974750139026
9,12,1,0,0,3,234.85820720780606
9,13,1,0,1,0,245.6813082627418
9,14,1,0,1,3,247.80463481902785
9,20,0,0,0,7,231.93519050062113
9,21,0,1,0,3,232.6736115210353
9,22,0,0,0,2,214.74344144032307
9,23,0,0,0,1,216.93457584769715
9,26,0,1,0,3,233.8477699093227
9,28,0,0,0,3,222.7082267261208
9,31,0,0,1,3,230.8798020369558
9,33,0,1,1,7,260.30617312074025
9,34,1,0,0,3,242.866493283334
9,36,1,0,0,6,231.52129754871225
9,38,1,0,0,4,230.4549397330763
9,44,0,0,0,7,234.82763669544747
9,45,0,0,0,1,217.00349500302843
9,49,0,1,0,1,230.554364004508
9,50,0,1,0,0,227.59371210092831
9,51,0,1,0,2,231.08759972866193
9,53,0,0,0,1,216.17950378682622
9,1,1,0,1,3,245.76827038960997
9,2,1,1,1,0,262.92886825336984
9,3,1,1,1,5,264.8196251471902
9,4,0,1,1,6,260.25298603881106
9,5,0,0,1,2,234.8851788482153
9,6,0,0,1,5,233.88912502934627
9,8,0,0,0,6,222.05325225565488
9,12,0,0,1,2,234.65880300239024
9,13,0,0,1,2,233.06948214833574
9,14,0,1,1,6,250.36639936595432
9,15,0,1,1,7,248.7822368932584
9,17,1,1,0,1,244.37802583156233
9,18,1,1,0,1,244.15719929178408
9,19,1,1,0,5,245.86673243451133
9,20,1,1,1,5,261.662067467335
9,21,0,1,1,3,251.3800441479087
9,23,0,0,1,6,230.83180850472715
9,24,1,0,1,4,241.32805905458298
9,26,1,0,0,7,246.48265770495732
9,31,1,0,0,4,229.71123749977932
9,32,0,0,0,2,222.49964778645358
9,34,0,0,0,3,219.86371654567844
9,37,0,0,0,3,215.2555503999285
9,39,0,1,0,1,230.59380433474905
9,41,0,1,0,3,237.2800169502413
9,42,0,0,1,2,229.89428035913554
9,43,0,1,1,2,245.9761841039816
9,44,0,1,1,7,262.0851734077383
9,46,1,1,0,6,250.61559343851036
9,48,0,0,0,0,213.90888225864506
9,50,0,1,0,1,227.46894177182176
9,53,1,0,0,1,230.236660736366
9,54,1,0,0,6,232.14438618408377
9,58,1,1,0,3,247.61675251309438
9,5,1,0,0,2,232.44314545857333
9,6,1,0,0,4,231.9419368737472
9,8,0,0,1,6,238.87719581743062
9,9,0,1,1,2,250.38556882314867
9,10,0,0,1,7,247.57569499516097
9,11,0,0,1,5,233.90099522563673
9,12,0,0,1,1,233.73184819355552
9,13,0,0,0,4,222.66608674209098
9,14,0,0,0,1,220.94127997994835
9,15,0,0,1,0,230.82814528880454
9,17,0,0,0,3,223.0579817189021
9,18,0,1,0,2,233.8334782139037
9,20,1,1,0,0,241.02221717510884
9,21,1,1,0,1,243.80924070772326
9,23,0,1,1,7,257.41233811731433
9,34,0,0,0,6,220.89385051488895
9,38,1,0,1,5,246.63088538606218
9,40,1,0,0,0,227.46092695476722
9,41,1,0,0,2,232.683340450748
9,44,1,1,1,7,262.9666254186036
9,47,0,1,0,2,235.6038493442503
9,48,0,1,0,3,227.57998759837872
9,50,0,0,0,6,218.4613184471892
9,52,0,0,0,7,227.1001720351738
9,53,0,0,0,3,218.4994153257689
9,55,1,0,0,3,230.7717003472467
9,56,1,1,0,4,247.58642636129133
9,57,0,1,0,1,234.2453755940389
9,58,0,1,0,4,232.88214593807066
9,1,0,1,0,2,233.0126463501894
9,6,1,0,0,1,235.5883333765916
9,8,1,0,1,1,247.88236119404752
9,9,1,0,1,0,244.60868685765513
9,10,1,0,1,3,252.43913059061683
9,11,1,1,0,6,249.5697757715831
9,12,0,1,0,6,244.42462771256183
9,13,1,0,0,4,233.83699889394427
9,20,1,0,1,6,254.2590018804731
9,21,0,0,1,5,230.57971442872756
9,23,0,0,1,7,244.41521329257142
9,24,1,0,0,1,233.0413961368666
9,25,1,0,0,4,234.56164901304214
9,33,0,1,0,2,231.89561412785585
9,34,0,0,0,5,215.70619453965162
9,37,0,0,0,1,215.70332382750695
9,38,0,0,1,6,227.20852408293513
9,39,1,0,1,4,241.79124936777538
9,40,0,0,1,1,229.01467186424213
9,43,1,0,1,7,262.99829803902526
9,47,1,0,0,3,233.28658310836755
9,48,1,0,0,6,233.08393468042598
9,49,1,0,0,4,230.50757405174994
9,54,0,0,1,7,243.5764926310913
9,55,1,1,0,0,245.22465122182234
9,58,1,0,0,7,243.49492607031888
9,59,0,1,1,6,248.0820671679626
9,0,0,0,1,0,233.84125633446723
9,1,0,0,1,3,239.11970368041636
9,4,0,0,1,6,236.6889081563705
9,5,0,1,1,5,248.91223888621462
9,9,0,1,0,1,231.5850117778336
9,11,0,1,0,0,232.53224765130244
9,21,1,0,0,1,228.5427712436501
9,22,1,0,0,6,234.6297500286919
9,23,0,0,0,4,216.361256989491
9,24,0,0,0,1,216.03374571666563
9,26,0,1,0,7,241.74616604413498
9,31,0,1,1,7,261.0116909524501
9,32,0,0,0,4,215.85492353701545
9,39,0,0,0,7,219.53200055161946
9,44,1,1,1,1,262.7270073170629
9,46,1,1,1,0,257.25173301204376
9,47,1,1,1,6,260.1416467229536
9,49,0,1,1,1,242.98790273838028
9,51,0,1,0,5,228.22277727184974
9,52,0,1,0,7,246.51504310859545
9,57,1,1,1,6,262.3221395945153
9,58,0,0,1,4,230.05026743657027
9,59,0,0,1,1,232.27884211789032
9,0,0,0,0,4,219.25956816147905
9,3,0,0,0,6,221.0978908228496
9,6,1,1,1,7,274.2568615477003
9,7,1,0,0,0,229.80001709425665
9,9,1,0,0,0,229.80336592578456
9,12,1,0,1,5,247.32790204756154
9,16,0,1,0,7,248.5754362123903
9,18,0,1,0,5,234.35071688238207
9,19,0,1,1,2,245.91044447709933
9,20,0,1,1,3,249.87650013496474
9,21,0,1,1,7,265.5926885573497
9,23,0,0,0,3,217.5257227902242
9,25,0,0,1,6,231.2108319740651
9,26,0,1,1,7,257.42379737015193
9,28,0,1,1,3,247.29705228512435
9,29,0,1,1,5,242.05437420597235
9,30,0,1,0,2,230.91729842330903
9,34,0,1,1,1,242.18663102036803
9,35,0,1,0,5,233.74878137499175
9,36,0,1,0,1,230.0376046333321
9,41,0,1,0,1,230.85059230557584
9,46,0,0,0,3,219.66855253674964
9,47,0,1,0,7,242.95966519589197
9,49,0,0,1,5,233.88990702277206
9,50,0,0,1,0,228.85677478184098
9,51,0,0,1,6,228.8599345053899
9,52,1,1,1,2,256.4499369437887
9,54,1,1,1,0,256.978199640135
9,55,1,1,1,7,264.0305914641578
9,56,1,1,0,3,249.9175634727952
9,59,0,0,0,3,222.49926847972293
9,6,1,0,0,0,231.46494742271398
9,8,1,1,0,7,268.58500374369487
9,11,0,1,0,2,233.6764871598308
9,12,0,0,0,7,234.2649337503703
9,14,0,1,0,4,232.1376043345047
9,17,1,1,0,5,248.796478352768
9,19,0,1,0,0,231.34792283497802
9,21,1,1,0,3,244.8196731966748
9,28,0,0,0,7,227.89849035501723
9,32,0,1,1,2,245.07546569508307
9,33,0,0,1,6,234.54773065431058
9,34,1,0,1,6,249.47396839267537
9,35,1,1,1,2,260.67311821066664
9,36,1,1,1,7,277.816398620149
9,37,1,1,0,4,242.2740269777464
9,38,0,1,0,2,226.44674596268334
9,40,1,0,0,1,231.48061730727136
9,41,1,0,0,7,245.85677030566575
9,42,0,0,0,2,221.0021799234983
9,43,0,1,0,2,232.00028808387563
9,46,1,1,0,2,247.39545171640893
9,49,1,1,0,3,247.46457311138178
9,52,0,0,0,4,211.62833437852774
9,58,0,1,0,5,232.08794975083129
9,59,0,1,1,1,246.72697502647998
9,0,0,1,0,2,235.1155173814781
9,1,0,1,0,3,231.17593599462
9,2,0,1,0,3,234.7238559832699
9,4,1,0,0,0,232.45580190389023
9,10,1,0,0,1,232.98564647958185
9,12,1,1,0,7,263.78380247898997
9,14,0,0,1,7,231.23491874914413
9,15,0,0,0,3,223.35191658154147
9,17,0,0,0,6,222.24045875569794
9,23,1,1,0,1,244.33924653237455
9,24,1,1,0,7,249.77911464299825
9,25,0,1,0,0,231.7071681615341
9,33,0,1,0,4,231.78762236332435
9,34,1,1,0,7,259.4261206799983
9,35,1,1,0,0,246.30850226321542
9,36,1,1,0,7,261.46956995252174
9,37,1,0,0,1,230.77838952037004
9,38,1,0,1,2,246.0413495529564
9,39,1,0,1,2,242.94747472833302
9,40,1,1,1,2,257.862004927902
9,41,1,0,1,3,247.13085759261787
9,42,1,0,0,4,231.42305453415645
9,43,0,0,0,5,219.65860129524884
9,45,1,0,1,6,248.1922282664255
9,46,0,0,1,0,229.06938173443245
9,47,0,0,1,3,234.9312194290457
9,48,0,0,1,2,229.4086903853296
9,51,0,0,0,1,215.22189965188565
9,53,0,1,0,0,230.00932899788128
9,55,0,1,0,0,230.89348476943633
9,57,1,0,1,2,247.76613432333608
9,3,0,0,0,3,222.0605365465201
9,6,1,1,0,5,249.34579838455227
9,9,0,0,0,3,224.374896142253
9,13,0,0,0,0,219.72743200400055
9,17,1,0,0,6,239.4400693769436
9,18,1,0,0,5,232.24966046935964
9,19,0,0,1,1,235.52413777555606
9,23,0,0,1,1,229.1742965788705
9,27,0,0,0,0,214.2594088786239
9,36,0,0,0,3,223.08038093932166
9,40,1,0,0,7,244.9005918493223
9,41,0,0,1,5,231.00828168408498
9,44,0,0,1,1,231.73298003557437
9,46,0,1,0,1,230.76207363478386
9,47,0,1,0,0,231.01468075365787
9,48,0,1,0,4,231.44862383709017
9,49,1,1,0,6,241.13016672126568
9,50,1,0,0,6,229.8969868058644
9,52,1,0,1,6,245.98401015317597
9,53,0,0,1,4,231.36798208556016
9,57,0,1,1,3,248.02809115102437
9,0,1,1,0,6,249.90141866015077
9,3,0,1,1,2,250.33878662769456
9,4,0,1,1,1,246.45367200209316
9,8,0,0,0,0,216.9077071969245
9,12,1,0,0,5,234.86122100990028
9,14,1,1,0,5,253.65592238407822
9,16,1,1,0,1,246.82486095260057
9,31,1,0,0,5,235.00903239371223
9,32,1,0,0,4,230.7957910209775
9,38,0,1,0,5,231.58178027831678
9,39,0,1,0,5,232.39565701379246
9,41,1,1,1,2,260.89860310771246
9,42,1,1,1,6,262.8007677947504
9,43,0,1,1,6,255.4803464302477
9,47,0,0,0,6,218.87862767650856
9,50,0,1,0,3,231.79939965611604
9,54,1,1,1,1,259.16481095121287
9,59,0,0,1,3,230.78803873567202
9,1,0,1,0,6,236.4066465872834
9,3,0,1,0,4,235.14756242922553
9,6,0,1,0,1,233.46932157990284
9,8,1,0,0,3,232.80101302278084
9,9,1,0,0,5,236.18836396583634
9,12,1,1,0,4,250.40208054916064
9,15,0,0,0,4,221.66248778208032
9,18,0,0,0,6,223.02346151445613
9,20,0,1,0,0,229.9334486068173
9,36,1,1,0,5,248.17422461609652
9,38,0,1,0,4,233.88132456561908
9,40,0,1,0,0,230.36241709283092
9,42,0,0,0,0,217.00499836997818
9,47,1,0,1,4,244.8341425131338
9,51,0,1,0,0,227.17809538833873
9,53,0,1,1,1,243.33675451430977
9,55,0,1,0,5,234.12097118655177
9,56,0,1,1,6,249.9192817452985
9,57,0,1,1,0,245.88704703755002
9,58,0,1,1,0,245.84181887355643
9,59,0,1,1,0,245.18795341503758
9,0,0,1,1,2,248.08654104291594
9,1,0,0,1,1,234.5062958783195
9,3,1,0,0,4,233.8486555917359
9,9,0,0,1,0,231.41550486177715
9,10,0,0,1,3,237.75055314161943
9,12,0,1,0,7,241.06768997253303
9,13,1,1,0,2,250.83145833023912
9,14,1,1,0,6,253.28546119839146
9,15,1,0,0,2,231.21907518172517
9,18,1,1,0,3,247.18626394361164
9,19,1,0,0,6,232.93865024462286
9,20,1,1,0,1,245.93230730960147
9,21,1,1,0,4,245.9620840042388
9,25,1,1,0,0,242.2636153735079
9,26,1,1,0,1,248.68181370088786
9,28,0,0,1,4,230.27866263223174
9,29,1,0,1,7,260.3886207886477
9,30,1,0,0,0,228.54264013380526
9,31,1,0,0,0,229.64606132442816
9,32,1,0,0,5,230.18534254009808
9,35,0,1,0,6,240.1827037464343
9,37,0,1,0,3,232.9780634107089
9,39,0,1,0,3,232.66154474104104
9,41,0,1,0,5,232.8171765677983
9,43,1,0,0,1,230.55026323194733
9,44,1,0,0,5,230.81680759520904
9,46,1,1,0,0,242.86089139022585
9,47,1,1,0,6,246.3930729073216
9,49,1,0,0,3,228.81540156986614
9,50,1,0,0,2,231.7129972687427
9,51,1,1,0,6,256.9333468041419
9,52,0,1,0,3,232.2188360393498
9,54,0,1,0,1,229.04758328251873
9,56,0,1,0,0,229.38669502316796
9,0,0,1,0,6,235.71617618901885
9,9,0,0,0,7,233.17209583902726
9,11,0,0,0,7,233.0307679725215
9,12,1,0,0,0,232.29882777917325
9,13,1,0,0,6,235.7837619932215
9,15,1,1,0,0,243.64321950392625
9,17,0,1,0,4,235.04873798210926
9,22,0,1,1,0,244.6358883690993
9,23,0,1,1,2,248.43503618935762
9,24,0,0,1,7,247.59302546192683
9,27,0,1,1,2,245.9890994532501
9,31,1,0,1,2,244.6887480749774
9,32,1,0,1,0,242.67696613688503
9,37,1,1,0,3,244.1826679122039
9,38,1,1,0,6,248.38827744941673
9,41,0,0,0,3,220.95389240361635
9,48,1,1,1,3,262.53483158586823
9,49,1,0,0,2,237.9313562811936
9,53,1,0,0,7,245.11121789784622
9,54,1,0,0,2,232.0259317867263
9,55,1,0,0,7,245.6322282927404
9,0,1,0,0,2,230.19501465938305
9,1,1,0,0,3,237.19235160525216
9,4,1,0,0,1,233.34283289544953
9,5,1,0,0,5,235.0878067899696
9,6,0,0,1,3,232.7863226065807
9,14,1,0,0,0,230.46290097378477
9,19,0,1,0,2,235.44294038004793
9,21,0,0,1,0,230.341669798775
9,22,0,0,1,4,232.02413802868227
9,23,0,0,1,4,231.07973663232275
9,24,1,0,1,6,242.37740262173756
9,25,0,0,1,0,228.68103131433745
9,28,0,0,0,2,217.9564775586546
9,29,0,1,0,7,241.00303935600144
9,30,0,1,0,0,229.11303835503426
9,32,0,1,0,3,239.29078583663804
9,39,1,0,0,5,229.63423577897169
9,40,0,0,0,0,216.13387068480534
9,44,0,0,1,4,234.79291019870877
9,45,0,0,1,1,230.60155329774992
9,48,1,0,0,1,229.10346457192824
9,49,1,0,0,0,227.71649030084248
9,50,1,0,0,7,245.67205631323995
9,51,0,1,0,4,230.2143690655565
9,54,0,0,0,7,228.35243758191857
9,55,1,1,1,1,259.4493040450708
9,56,1,1,0,7,260.97886617171923
9,1,0,0,1,2,237.3586191557288
9,2,0,0,1,3,231.6966744359633
9,4,1,0,0,5,236.59878242069968
9,6,1,0,1,4,250.75808656801345
9,7,0,0,1,6,234.8472461037462
9,8,0,1,1,7,262.52943000817857
9,9,1,0,0,4,234.64861779735853
9,12,0,0,0,5,218.25947050305754
9,13,1,0,1,3,246.21685544087157
9,14,1,1,1,7,264.9919968298923
9,22,0,1,0,5,236.11181824206773
9,27,1,0,1,6,253.4006548637132
9,28,0,0,1,6,234.2812149608067
9,29,0,0,1,7,246.7919015915231
9,30,0,1,1,4,249.0714015898809
9,31,0,1,1,5,244.87623339861784
9,33,0,1,0,7,248.56214091415342
9,37,0,0,0,6,222.41449772153413
9,39,0,0,1,6,230.8896529803835
9,40,0,1,1,6,248.92671956106437
9,41,0,0,1,3,235.8232029395811
9,43,0,1,0,6,248.71641616408596
9,45,0,0,1,4,231.01002567771627
9,47,0,0,1,2,235.01501880590564
9,48,0,0,1,6,230.60264552731815
9,49,0,0,1,1,232.47605576324568
9,50,0,0,0,5,215.37566628269497
9,54,1,1,0,1,247.13909505133128
9,57,1,0,0,4,235.03518035191166
9,58,0,0,0,7,231.42007974817636
9,59,0,0,1,0,230.29226279413874
9,0,0,0,1,6,246.20416805486843
9,1,0,0,1,0,229.853808856935
9,2,0,0,1,5,229.8812709396541
9,5,0,0,0,6,231.0910309620763
9,6,0,0,0,3,222.41596172874628
9,7,0,1,0,3,235.00390416636708
9,8,0,1,0,5,233.85021921125028
9,10,0,1,0,7,248.9452738939915
9,13,0,1,1,4,247.26620674017684
9,14,0,1,1,5,255.87612293007555
9,15,0,1,1,2,247.91416137282692
9,16,0,0,1,6,235.5018193564204
9,17,0,1,1,1,248.33861771668833
9,22,1,0,1,1,244.51591977417354
9,23,1,0,0,0,228.94851323813864
9,24,1,0,0,4,231.5988028591442
9,25,0,0,0,4,216.83204446151007
9,26,0,0,0,2,215.07363200586656
9,29,0,1,0,1,231.19719907732667
9,30,0,1,1,1,246.04480159853532
9,31,0,1,0,2,231.11553255241506
9,39,0,0,1,2,231.21117924492142
9,40,0,0,1,2,229.92764289778322
9,41,0,0,1,1,229.22725748594627
9,43,0,1,0,4,231.4774084525906
9,44,1,1,0,4,247.2969228209079
9,45,1,1,0,6,249.792456489237
9,51,0,0,0,2,216.33761242966654
9,55,0,1,0,3,237.73637601425062
9,2,1,0,0,7,250.88059167792483
9,3,1,0,0,3,233.89776256388194
9,12,1,0,0,6,239.88954947359608
9,14,1,0,1,7,264.19082733714936
9,19,1,1,0,0,243.68344008718188
9,22,0,0,0,4,217.4765725658539
9,24,0,0,1,3,234.27028812226644
9,26,0,1,0,6,232.05365594587985
9,27,1,1,0,4,246.97181005881205
9,28,1,1,0,7,263.4562752159807
9,30,0,1,0,6,234.6039604826224
9,31,1,0,0,7,232.2067092329612
9,32,0,0,1,2,230.1023768536562
9,34,1,0,0,6,234.08772652106978
9,38,1,0,0,6,244.3876423890175
9,39,1,0,0,0,227.40777589211885
9,41,0,1,0,7,247.6035404648478
9,47,0,1,1,5,246.57461747865864
9,56,0,1,0,5,238.25477989252397
9,2,1,0,0,1,233.3687370646279
9,5,0,0,1,5,237.03632447300868
9,14,0,0,0,5,219.87685367831597
9,16,1,0,0,7,237.59292158117188
9,18,1,1,0,0,242.0744728905416
9,20,1,0,0,7,246.23303365932605
9,21,0,0,1,7,248.03119772339736
9,22,1,0,0,0,229.06583039336266
9,23,1,0,0,5,228.79774416524972
9,25,1,0,0,2,233.52781177130356
9,26,1,0,0,1,233.02879601738948
9,27,1,0,0,7,250.50472679048568
9,38,0,1,1,1,244.39041961366053
9,42,0,1,0,1,233.05348718650777
9,46,0,1,0,2,230.35709475584707
9,53,1,1,0,2,243.82121384044652
9,54,1,0,0,7,251.36320207772425
9,55,0,0,0,3,223.15456425941582
9,3,1,0,0,0,229.2739841324871
9,4,1,0,0,7,235.17690901466642
9,6,0,0,0,6,221.39455175206714
9,9,1,1,0,7,262.1178910180831
9,10,0,1,0,2,235.2964585583737
9,15,1,0,0,5,236.933295797026
9,16,1,0,1,3,250.7302863258547
9,22,0,0,0,1,213.5266768229981
9,23,0,0,1,3,229.80541679236606
9,25,0,0,0,7,233.5471311964162
9,27,1,0,0,5,233.0374558930839
9,31,1,0,0,3,243.3027736049787
9,35,1,0,0,1,228.79086867831512
9,39,0,0,0,5,218.24481425553026
9,40,0,0,1,4,229.99475888564052
9,41,0,0,1,0,226.03631271024426
9,42,0,0,1,0,225.4664274131242
9,43,0,0,1,6,232.55284120709302
9,45,0,0,1,3,230.8848077424775
9,47,0,1,1,0,243.49016901295687
9,48,0,1,1,4,244.17575369127715
9,53,0,1,0,7,238.1914720505218
9,54,0,0,1,4,230.84349530148938
9,55,0,0,1,4,229.05964576479576
9,56,0,0,1,4,228.13851942531616
9,57,0,0,1,0,229.31468567806402
9,58,0,0,1,0,228.33817592152434
9,59,0,0,1,4,231.08258386477866
9,0,0,0,1,7,237.3643089962531
9,2,1,1,0,3,249.72280127286172
9,3,1,0,0,7,248.85344810329096
9,5,1,1,0,0,246.7062000690616
9,7,0,1,0,2,234.0005902607235
9,8,0,1,0,2,235.07231743336467
9,12,0,1,0,0,232.4703743610683
9,13,0,1,0,7,238.88026213393164
9,16,0,1,0,5,236.31647444291332
9,18,0,1,1,4,245.00467900681784
9,20,1,1,0,7,263.5866893966357
9,23,0,1,0,5,229.37087807494441
9,33,1,0,1,0,241.0957193499037
9,38,0,1,0,7,230.4156570473564
9,48,1,1,0,4,243.4650421428693
9,49,1,1,0,7,257.5095742867201
9,52,1,1,0,7,256.85722021533604
9,53,1,1,0,1,244.40687333218955
9,54,1,1,0,6,249.91471553494307
9,56,1,1,1,4,257.9256853298214
9,57,0,1,1,2,245.52754337555973
9,58,0,1,1,6,246.7699947640718
9,59,1,1,1,5,258.52251581492004
9,0,1,1,1,4,259.89044862703497
9,2,0,1,1,0,248.6564019027902
9,3,0,1,1,6,252.60903052941984
9,4,1,0,1,7,270.7630934996725
9,8,0,1,0,0,232.18754308996802
9,11,1,0,0,1,234.78930271619626
9,14,1,0,1,5,250.05706084748215
9,15,1,0,1,2,250.45533014831489
9,17,0,0,1,6,232.0338549317995
9,18,0,0,1,5,237.1763904494809
9,20,0,0,0,4,218.4922751586361
9,21,0,0,0,6,224.08148936382503
9,23,1,1,1,5,259.2416670610622
9,27,0,0,0,7,221.82482679161689
9,35,0,1,0,1,231.89720365192315
9,36,0,1,1,1,243.4918744177886
9,37,0,1,0,1,228.71508760433449
9,38,0,1,0,3,228.4913857194757
9,44,0,0,0,6,223.21082499699685
9,55,0,0,0,7,231.06843525677195
9,59,1,0,0,7,250.8420819775735
9,2,0,1,0,1,236.34238151383505
9,8,0,1,0,1,235.03678225263408
9,10,0,1,1,6,251.20000604529025
9,11,1,0,1,6,251.96697746211612
9,12,0,1,1,4,249.58900639113835
9,13,0,1,1,0,246.78482860205085
9,15,0,0,1,3,233.92793402987522
9,17,0,1,1,0,241.64915566158072
9,18,0,1,1,7,247.27049485135797
9,20,0,1,1,5,250.2223777759511
9,22,1,1,0,0,242.39146790359294
9,24,1,0,0,7,241.4750743310136
9,33,1,1,0,3,244.40971466017803
9,34,1,0,0,5,233.55420868309008
9,45,0,1,0,0,227.3269284728599
9,47,1,1,0,7,261.3852401262217
9,52,1,1,0,5,243.3314933024437
9,55,0,1,0,7,228.822200778715
9,8,1,0,0,0,231.49564338323222
9,17,0,0,0,1,218.25160889791243
9,22,0,0,1,3,235.56068334447772
9,26,1,0,0,2,231.8083226422425
9,27,1,1,0,2,243.33648773283377
9,29,1,1,0,6,254.2248856029854
9,31,0,1,1,0,241.93070180268109
9,33,0,1,1,6,247.56407364426966
9,36,0,0,0,7,234.4017435407533
9,38,1,0,0,0,227.73202839388622
9,42,1,0,0,0,228.6020704139285
9,44,0,1,0,4,231.08608257710065
9,47,0,1,1,7,248.7736428286916
9,48,0,1,1,5,245.97000475221782
9,49,1,1,0,4,244.7656897277993
9,56,1,0,0,5,232.93353241877816
9,59,0,0,1,7,244.29110610060667
9,0,1,0,1,2,245.32835690059744
9,1,1,1,1,6,263.50326208212107
9,3,1,0,0,5,237.8331693472749
9,7,0,0,0,7,238.18354377144112
9,17,0,0,1,1,234.05626799491654
9,26,0,0,0,5,220.72773979317398
9,28,1,0,0,2,231.75226624500618
9,29,1,1,0,1,242.4588853892842
9,32,0,0,0,3,220.6387584576873
9,34,0,1,1,4,240.2646933778632
9,35,0,1,1,5,244.27726614753954
9,36,1,1,0,2,248.39975174540837
9,37,1,0,0,4,232.3449449684597
9,39,1,1,0,3,247.55177073562123
9,42,0,1,0,2,235.74522116094667
9,44,0,1,0,6,230.0245362549955
9,53,0,0,1,5,230.91702081911504
9,54,1,0,1,6,249.25984526812678
9,57,0,0,1,2,228.94952554464115
9,59,0,0,0,5,217.95807688203067
9,4,0,1,0,4,232.8398500956842
9,5,0,1,0,7,246.87369609028514
9,10,1,0,0,6,231.89467130598933
9,15,0,1,1,6,250.39866033298432
9,16,0,1,1,1,246.8920466013217
9,19,0,1,0,3,237.1829564031495
9,22,1,1,0,6,249.79597529171645
9,23,1,0,0,7,234.89473364458786
9,26,1,0,1,4,242.3175205180213
9,27,0,0,1,5,233.49619856041872
9,29,0,1,0,5,230.93558355553216
9,33,1,0,0,1,231.07700859452757
9,34,1,0,0,7,232.81110491906514
9,37,1,1,1,5,260.2368003991604
9,45,0,1,0,7,228.56040956816196
9,49,0,0,0,3,218.45717163937064
9,51,1,0,0,0,226.96882834935224
9,57,0,0,0,2,220.26923997598934
9,59,0,1,1,2,247.72267329425264
9,0,0,0,1,2,236.90799659580486
9,1,0,1,1,4,246.67403497149536
9,2,0,1,1,5,250.2276352700858
9,6,0,0,1,7,246.5205114577422
9,14,0,1,1,1,245.6396519585433
9,19,0,1,0,7,248.673677192854
9,21,1,0,0,5,230.00556757299697
9,32,1,1,0,2,247.4634846434854
9,33,1,1,0,1,242.3201697868945
9,36,1,0,1,5,244.82700256350822
9,54,1,0,0,3,232.9261838472517
9,55,1,1,0,3,249.73985235519422
9,57,1,0,0,1,230.17162513028913
9,3,0,0,1,6,235.08102290611765
9,4,0,0,1,0,233.07264815479348
9,10,1,0,0,5,234.9721773208287
9,12,1,0,1,3,249.71871380497012
9,13,1,1,1,5,270.57970308717375
9,21,0,1,1,2,248.81702849447652
9,22,0,0,1,7,247.8912988707191
9,23,1,0,0,1,229.04369219121654
9,28,0,0,0,5,218.36800884068396
9,29,0,0,1,5,236.49020105352108
9,38,1,0,0,1,228.10975410424948
9,39,1,0,1,6,240.64514568277292
9,40,0,1,1,3,244.95282386474852
9,41,0,0,0,1,217.1508545131043
9,44,1,0,0,4,231.71547294531427
9,55,0,0,0,1,217.12383785787065
9,56,0,0,1,5,234.3253382456606
9,7,1,0,1,0,244.71429937602826
9,8,1,0,1,7,264.54300511897543
9,9,1,1,1,0,259.2453522842938
9,10,1,1,1,6,260.80430429775305
9,11,0,1,1,1,249.36417317103084
9,12,0,1,1,3,250.12068281829085
9,13,0,0,0,7,234.63776921292302
9,16,0,1,1,0,245.80046624406305
9,19,0,1,1,7,258.8793202447934
9,21,0,1,1,0,246.72779852153764
9,22,0,1,1,6,249.51573007421803
9,25,1,0,0,5,232.8248103772391
9,26,0,0,1,0,227.6551648593436
9,30,1,0,0,1,229.77769822943512
9,38,1,0,1,3,245.9159382206803
9,39,1,0,0,7,232.73619315897832
9,56,0,1,1,4,247.05938784923222
9,59,0,1,0,0,229.9120890703351
9,0,0,1,0,5,233.65412645797002
9,5,1,1,0,7,248.4610436902145
9,14,0,0,1,2,229.1256550510738
9,15,0,1,1,0,243.87630296480575
9,16,0,1,1,7,262.9101790329341
9,17,0,1,1,4,247.74939222731518
9,19,1,1,1,4,260.1244882683595
9,22,1,1,0,5,247.38940086398188
9,23,0,1,0,2,232.53004860319803
9,34,0,1,0,4,233.82814178656167
9,36,0,1,0,5,231.43093601456815
9,38,1,1,0,1,246.49043907749925
9,39,1,1,0,7,259.86589965668816
9,40,1,1,0,0,242.24550159946537
9,45,0,0,0,4,216.65995081843383
9,47,0,0,1,0,227.86097396247285
9,58,0,0,0,5,222.04667382010396
9,0,0,0,1,5,233.40858203468247
9,4,0,1,0,1,234.9451304059567
9,9,1,0,0,2,233.196709958048
9,10,1,0,0,2,232.860102728386
9,11,1,1,0,5,255.2572391040028
9,12,1,1,0,3,252.63908747075314
9,17,0,1,0,6,235.32541721268277
9,18,0,0,0,3,224.57408038004445
9,22,1,0,0,2,232.3959346189642
9,24,1,0,1,2,242.5869212981273
9,25,1,1,1,3,257.9176095806013
9,26,1,0,1,0,242.90304054091754
9,27,1,0,1,2,244.22795167797838
9,28,1,0,1,3,244.51705407895656
9,32,1,0,0,2,232.2785992724893
9,34,1,1,0,1,244.5618479777003
9,37,0,1,0,6,235.02576758970991
9,38,0,0,0,0,214.02424029416238
9,41,0,0,1,6,230.2997242513695
9,42,0,1,1,7,242.99475939492237
9,43,0,0,1,4,228.83899918036857
9,44,0,0,1,0,229.11794420861634
9,45,0,0,1,6,229.3459955501123
9,46,1,1,1,7,279.3849600461668
9,47,1,1,0,2,244.6523466196196
9,48,1,1,0,0,241.61267855109813
9,50,1,1,0,2,247.63811922127147
9,51,1,1,0,0,240.9459450533916
9,52,1,1,0,6,242.62081775774368
9,57,0,1,0,0,231.29533813380294
9,3,1,1,0,2,249.5564662492719
9,5,1,0,0,6,234.192035049303
9,11,1,0,0,2,238.1823422780257
9,17,0,1,1,5,248.84768674680532
9,19,1,1,1,1,262.27393327241856
9,24,0,1,0,0,229.7670367512017
9,26,1,1,0,3,257.87162588178927
9,28,1,0,1,2,244.13828300226425
9,29,1,1,1,3,257.52657511133253
9,34,0,0,1,5,230.68676342955573
9,40,0,1,0,1,234.10457730468852
9,41,0,1,0,0,231.29252722719957
9,45,1,1,0,5,246.60352272009592
9,46,0,1,1,7,246.13904645751143
9,47,1,0,0,7,244.4654851026899
9,48,0,0,1,7,249.64845445639432
9,51,1,1,1,3,261.2858578202854
9,53,1,0,0,4,229.11433576545056
9,5,1,1,0,2,248.88165111013356
9,7,1,0,0,2,233.2732702517205
9,8,1,1,0,0,245.10630624670875
9,9,1,1,0,0,243.25778816066546
9,10,1,1,0,3,258.10602316799464
9,19,1,0,0,5,233.45425410442542
9,20,1,0,1,7,265.18796600702603
9,22,0,1,1,3,250.0363098844732
9,26,1,1,0,2,245.84811339933356
9,29,1,0,1,0,241.16340448267326
9,30,1,0,1,5,242.4577773583535
9,35,0,1,1,1,242.60137526341137
9,38,0,0,1,3,228.69611636021716
9,41,0,1,1,2,242.8061367842622
9,43,1,0,0,7,235.39295864735345
9,46,0,1,1,1,243.76287025695552
9,50,0,1,0,4,229.42051876506488
9,52,0,0,0,5,213.12986469537321
9,53,0,0,1,2,232.3686607462342
9,54,0,1,1,1,247.71488680479692
9,56,0,0,1,3,232.38591393337947
9,0,1,1,0,3,254.4427180716219
9,1,1,1,0,2,248.10455642280698
9,10,0,1,1,3,249.69105174073678
9,13,1,1,0,4,250.75222828007287
9,15,0,1,0,7,243.6404870665032
9,16,0,1,0,2,235.58044660200073
9,21,0,1,0,2,230.35398765240646
9,31,0,1,0,7,242.1363768383213
9,37,0,1,1,3,253.1330932981444
9,48,1,0,0,5,227.02887009556846
9,50,0,0,1,2,228.758290266447
9,51,0,1,1,7,260.24988074880054
9,52,0,1,0,0,229.1583633906294
9,2,0,0,1,1,231.07394930844296
9,14,1,1,1,2,259.2715568145036
9,24,0,0,0,2,216.70686579886416
9,26,0,1,0,2,228.5202110327423
9,29,1,0,1,3,244.23966599056953
9,30,1,0,1,0,239.15794301296424
9,32,1,0,1,3,248.942623744164
9,34,0,1,0,5,230.39773942128198
9,38,1,1,1,7,273.68223746522375
9,39,1,0,0,2,231.778751189815
9,42,1,1,0,5,245.99732370529765
9,43,1,1,0,1,245.69840545387416
9,47,1,1,0,4,243.41713035420943
9,49,0,0,1,7,246.86564930594963
9,50,1,1,1,7,277.64670760927777
9,51,0,1,0,1,228.17717614850963
9,53,1,1,0,4,243.46004061079088
9,55,1,0,0,4,230.1871483251155
9,57,0,1,1,5,247.4622318201517
9,3,0,0,1,3,235.57664801947894
9,20,0,1,1,0,245.28894454685783
9,21,0,1,1,5,248.5033805013581
9,27,0,0,0,1,213.07718105486492
9,28,0,0,1,5,233.92951896558185
9,29,1,0,0,0,230.6927223323067
9,32,1,0,0,6,230.08380691528828
9,33,1,0,0,5,234.16256801745683
9,46,0,0,0,6,216.63010286792354
9,48,1,1,0,2,246.05399966789332
9,54,0,1,0,4,230.26502731059628
9,57,0,0,0,0,217.17984205709902
9,58,0,0,0,0,215.97505673710683
9,2,1,1,0,5,249.11610245425257
9,3,1,1,0,5,247.75534400369537
9,6,0,0,0,7,232.90523488456358
9,7,0,1,1,1,248.50443369613862
9,8,0,1,0,7,246.52698207720877
9,14,0,0,0,0,219.67741325718274
9,19,1,0,1,2,251.26884618779732
9,20,1,0,1,2,249.53785552704494
9,21,1,1,1,0,259.41525820084513
9,23,1,1,0,4,244.8489124160585
9,35,1,1,1,6,262.61882386612433
9,36,0,0,1,7,240.68124712780192
9,37,0,1,1,7,242.9032330064128
9,48,1,0,1,1,245.75520263862535
9,55,0,1,1,5,247.460143489087
9,59,1,1,1,2,259.9056640028236
9,0,1,0,1,7,246.87927380424165
9,3,0,0,1,1,234.25560743699634
9,6,1,1,0,3,248.58331463863556
9,7,1,0,1,2,249.75518523279177
9,8,1,1,1,4,260.9639729778724
9,9,1,1,1,7,279.02375135956515
9,10,0,1,1,7,260.8647440428721
9,16,0,0,1,4,232.6055818069674
9,18,0,0,1,7,250.0151291774693
9,20,0,1,0,5,234.76297733431053
9,24,1,1,0,6,247.761322231245
9,31,1,1,0,3,247.53368157125982
9,32,1,1,0,3,247.57357298307895
9,42,1,1,0,1,245.47362976394794
9,48,0,1,1,2,248.80384719640628
9,52,1,0,0,0,226.780515241
9,54,0,0,1,2,233.90033406071333
9,56,0,0,1,1,226.91927369630324
9,57,0,0,0,1,220.2495735884159
9,2,0,1,0,6,247.3843527697757
9,4,1,0,1,5,249.0517890463705
9,6,0,0,1,2,232.83470564112878
9,9,0,1,0,2,234.95553868889007
9,26,1,1,1,5,261.47880266122854
9,27,0,1,0,2,235.55617977932766
9,30,0,1,0,4,230.34160883598554
9,35,0,0,0,6,228.2586069832637
9,41,1,0,0,4,231.9905898216175
9,45,1,1,0,1,243.41786064102305
9,46,1,1,1,1,259.6486300513749
9,50,0,1,1,1,243.25429927318754
9,56,1,0,1,3,263.25628374118276
9,58,1,0,1,4,249.74534843684066
9,7,1,1,0,2,247.86146316610055
9,12,0,1,1,7,264.23573245945374
9,24,1,0,0,2,232.25909666460421
9,25,1,1,0,5,253.23241101527898
9,26,1,1,0,6,246.75762850186072
9,30,1,0,0,5,233.13701902474358
9,31,1,0,1,0,241.6936331493054
9,32,1,0,1,5,256.27903068804955
9,35,1,1,0,4,248.93044622571026
9,39,0,1,0,0,229.14431727258088
9,42,0,1,1,5,242.3902964633624
9,51,0,0,1,3,235.87424121346194
9,52,0,1,1,4,240.1597150031629
9,59,1,1,0,5,246.60054146028108
9,0,1,1,0,1,247.8394953373581
9,2,0,1,1,1,249.1191675487044
9,4,0,1,0,5,236.32099855414617
9,5,1,1,1,7,278.1734431318847
9,6,1,1,1,4,261.36269087544406
9,7,1,1,1,2,265.89381138150685
9,9,0,1,1,4,248.24893078176046
9,10,0,1,1,1,247.334824754617
9,14,0,1,1,4,246.8637291516381
9,15,0,1,1,3,260.7725663860424
9,18,0,0,1,2,231.8504391928385
9,20,0,0,1,3,232.8463552647815
9,28,0,1,0,0,228.55683834950207
9,38,0,0,1,7,242.1192424969408
9,49,0,0,0,6,217.93063214589841
9,51,0,0,1,1,228.58181541964552
9,56,0,1,1,5,247.29143017367016
9,59,1,1,1,6,258.8958816358524
9,0,0,0,1,4,234.44988255713923
9,1,0,0,1,5,237.8976456951808
9,2,1,0,1,7,258.833594430255
9,9,0,1,0,7,250.65552318382865
9,11,0,0,0,4,219.49998163814757
9,25,1,0,0,6,235.5180768146685
9,29,1,0,1,4,245.04730256185834
9,41,1,1,0,7,248.80220286416147
9,50,1,1,0,4,244.39694317023205
9,56,1,0,1,5,246.64540984457636
9,11,1,1,0,7,250.10768407171446
9,13,1,0,1,4,245.32374705024023
9,14,0,0,1,0,229.2561485386925
9,15,0,0,1,2,230.65522658714067
9,16,0,1,1,5,250.79302199995186
9,19,1,0,0,0,231.39713395140444
9,20,1,0,0,1,230.46284030679698
9,21,1,0,1,6,246.0972240828439
9,24,0,1,1,6,246.15069283313352
9,26,1,0,1,3,244.93365664428683
9,28,1,1,0,2,250.2119051070027
9,29,1,1,0,3,247.64079464422716
9,38,1,1,0,5,247.0244055854099
9,41,1,1,0,6,261.522030228444
9,46,0,0,0,5,215.08829720325684
9,48,0,0,0,1,219.10300797471768
9,52,1,0,1,5,244.05430880609998
9,57,1,1,0,3,251.83544041911483
9,58,1,0,0,2,232.2308110362632
9,59,1,1,0,2,245.75995433495774
9,0,1,0,0,3,232.37833215064776
9,7,1,0,0,5,234.91706472418971
9,13,0,0,0,6,223.80136277379052
9,24,1,0,0,3,235.48810303541637
9,25,1,0,0,3,234.61387136750548
9,27,1,1,0,0,245.66188878319565
9,28,1,1,0,4,246.83582504639864
9,32,0,1,0,4,230.43282292575302
9,36,1,0,0,5,230.44983513110142
9,43,0,0,1,3,240.44497862253803
9,53,0,0,0,2,221.6166071967402
9,56,0,0,0,4,216.9877369015963
9,57,1,0,0,0,230.84622433462343
9,4,0,0,1,1,233.10662833068417
9,5,0,0,1,7,247.49245781247006
9,6,0,1,0,3,237.7283424778935
9,7,0,0,1,3,235.09923780567775
9,13,1,0,0,3,236.75419610074195
9,15,1,1,1,6,264.69768401660434
9,17,1,1,0,4,247.8129164864608
9,36,0,0,1,1,229.35904123792545
9,39,1,0,1,5,242.0431267492462
9,48,1,0,1,4,243.57854297756137
9,49,1,0,1,2,241.76973207147012
9,50,1,0,1,1,243.38215775797204
9,51,1,0,0,6,229.47808729370672
9,59,1,0,0,2,234.21828400520778
9,1,1,1,0,7,246.53018457969068
9,2,1,0,0,3,231.04265561949558
9,3,1,1,1,3,268.53663407701185
9,5,0,1,0,2,237.05502295756403
9,8,1,1,0,1,248.83774898786032
9,9,1,1,0,3,248.41309398853303
9,19,1,1,0,1,245.32718585728122
9,20,1,1,0,2,246.71990545330738
9,22,1,0,0,4,230.28414135635128
9,27,1,0,1,3,248.49901227828215
9,36,1,0,0,7,229.66863273862623
9,37,0,1,0,5,231.17753287743682
9,40,0,1,0,3,236.10499018575538
9,44,1,1,0,3,250.68164525289765
9,45,1,1,0,2,248.6715272707532
9,46,1,0,0,6,231.49597580224926
9,56,1,0,0,3,241.9430368577554
9,57,1,0,1,7,262.0902891428744
9,5,0,1,1,6,252.66718411667767
9,6,0,1,1,4,252.00073769282886
9,7,0,1,1,2,249.0366603143855
9,10,1,1,0,4,248.9881650619931
9,11,0,1,0,7,248.02701133082286
9,17,1,0,0,1,231.25033936473238
9,19,0,0,1,6,238.02011053173027
9,43,1,1,0,3,249.59014801718158
9,44,1,1,0,6,247.4752514630803
9,49,0,1,0,0,228.17562325296166
9,4,0,1,0,6,235.5216684896139
9,7,1,0,0,4,234.14308428677066
9,15,1,0,0,1,231.68576288023627
9,16,1,0,0,6,246.56976757286608
9,21,1,0,0,3,232.03946941199513
9,27,1,1,0,3,248.0137540317686
9,29,1,0,0,3,235.78690809124353
9,30,1,0,0,2,231.32358233857548
9,31,1,1,0,0,241.39193125194623
9,32,1,1,0,1,243.97712440365467
9,33,1,1,0,6,245.6400496202569
9,35,1,0,0,4,232.8441318848171
9,42,0,1,0,0,230.13736309822994
9,47,0,0,1,6,232.33002095631514
9,48,0,0,1,4,231.6208605499433
9,49,0,0,1,4,230.40394296796887
9,50,0,0,1,3,243.12658562874384
9,57,0,1,0,6,232.64418484518308
9,59,0,0,0,1,217.70425415750418
9,11,0,0,1,1,233.67986379420046
9,15,0,0,0,2,224.30060160698523
9,22,1,0,0,1,229.06847413828072
9,26,1,0,0,0,231.44556546179965
9,27,1,0,0,6,236.53993108683613
9,34,1,1,1,7,258.1733399812557
9,35,1,0,1,4,247.82912091222144
9,40,0,1,0,7,234.9089334766754
9,41,1,1,0,1,243.62509444413044
9,43,0,1,0,1,234.02333653769878
9,47,1,0,1,7,264.50343834586675
9,51,0,0,1,0,228.59190699767709
9,52,0,0,1,7,242.0188802324615
9,59,0,0,1,2,231.68743051044427
9,4,0,0,0,0,217.23396461474445
9,10,1,1,0,0,247.68070117233935
9,12,1,0,0,4,234.04458460801223
9,14,1,0,0,4,229.4961454172849
9,18,0,0,1,3,235.82801482206875
9,20,0,1,1,1,246.241465988421
9,30,0,0,0,7,236.06572901783312
9,36,0,1,1,2,244.30074074300046
9,38,0,0,1,1,226.9543501392394
9,43,1,1,1,2,264.60152772049105
9,45,1,0,1,7,268.0695864216084
9,46,1,0,1,4,247.0365055083743
9,57,0,1,0,4,233.50666732905916
9,0,0,1,1,3,247.06675613522367
9,1,0,1,1,5,248.207670305043
9,15,1,0,0,3,232.86810953363806
9,16,1,1,0,6,246.32734459143933
9,18,0,1,0,6,236.54002443694745
9,19,1,0,0,4,231.52140732804963
9,21,0,0,1,4,231.54306220443388
9,22,1,0,1,3,244.77687977656262
9,23,1,1,1,6,258.23740730590725
9,24,0,1,1,5,245.27879027858984
9,25,1,1,0,6,244.3488081700628
9,26,1,0,0,6,234.0207995479248
9,27,1,1,0,6,250.32184698951895
9,39,1,1,1,7,281.3370824388255
9,42,1,0,1,4,242.85822694442496
9,43,0,0,1,2,228.84427713977584
9,44,0,1,1,4,245.36718230690622
9,45,1,1,1,7,278.099964178132
9,46,1,1,1,5,260.79767350764416
9,1,0,1,0,0,229.96949415589543
9,2,0,1,0,7,235.58613126931215
9,15,0,1,0,1,234.00677838838268
9,25,0,0,1,3,240.99596415774982
9,27,0,1,0,7,248.0383913348507
9,28,1,0,0,3,235.02453562984806
9,29,1,1,1,0,255.44343096208434
9,30,1,1,1,6,257.24740923815443
9,31,1,1,1,6,277.05444847651034
9,32,0,0,1,6,229.73517801924035
9,33,0,1,1,0,241.09441385837468
9,34,0,1,1,2,243.8438886893984
9,39,1,0,0,6,240.72843053741482
9,48,0,1,1,0,242.1329180307569
9,49,0,1,1,2,243.2528382051551
9,50,0,1,1,5,243.54214627783801
9,51,1,1,0,2,247.36979553300526
9,52,1,0,0,6,228.28528415614642
9,56,1,0,1,2,246.3872187731456
9,57,1,0,1,1,245.55862915639398
9,58,1,0,1,1,247.45247209312993
9,59,1,0,0,0,230.89893832304506
9,2,1,1,0,4,246.88143798052818
9,16,0,0,1,3,235.4591116576742
9,20,1,0,1,5,246.12055750750758
9,23,0,1,1,0,243.70728985774934
9,24,0,1,1,4,245.73951296475477
9,25,0,1,1,7,257.8719870435973
9,33,1,1,1,2,259.99709132508093
9,35,1,0,1,0,242.0094228357313
9,36,1,0,1,3,242.7236441878978
9,37,1,0,1,4,243.0354007840553
9,40,0,0,0,7,228.82477641593667
9,59,0,0,1,6,230.88541696251966
9,2,0,0,1,7,243.43277450626874
9,3,0,0,1,7,246.83446717511617
9,5,0,0,0,0,217.12307078633953
9,8,1,0,1,4,246.59193065314787
9,15,0,0,1,5,232.52503174080948
9,29,0,1,0,0,228.53192982218116
9,33,0,1,0,6,235.23373081063838
9,41,1,0,1,5,246.76043689624808
9,54,0,0,1,0,227.7556631751465
9,55,0,0,1,3,240.89204835890664
9,59,1,1,0,1,246.33641782857427
9,6,0,0,1,4,236.51388010461056
9,7,0,0,1,0,234.3115501801889
9,8,0,0,1,2,235.87194313863185
9,9,0,0,1,3,244.97980755082784
9,10,0,1,1,4,246.35938498408325
9,11,0,1,1,2,248.71697646738846
9,12,0,1,1,2,251.28189259304247
9,23,1,0,0,2,230.94908468335296
9,32,0,1,1,1,242.47330328056955
9,41,0,0,1,4,228.26045998532007
9,43,0,1,1,1,243.27240984849777
9,51,1,0,0,5,229.63775104061637
9,59,1,1,0,0,246.0867015829148
9,1,1,0,0,7,243.6027309036606
9,20,1,0,0,0,227.52392688648877
9,21,1,0,0,6,229.86626196892766
9,30,1,1,0,0,240.7122413986704
9,31,1,1,0,5,244.352580670498
9,34,1,1,0,5,250.26109126145627
9,45,1,0,0,5,235.66625936565833
9,48,1,1,0,5,242.315395052663
9,49,0,1,0,2,230.43482345713016
9,59,1,0,0,3,234.97549805332656
9,2,0,0,0,7,225.02713425792948
9,6,1,0,0,3,232.9501464470487
9,15,1,1,0,3,250.09510536948576
9,18,0,0,1,1,233.50715502088775
9,20,0,0,1,5,236.72976123814738
9,24,1,0,1,7,244.23695863298673
9,25,1,1,0,3,244.41804077768873
9,28,1,1,1,3,261.72792221562395
9,30,0,1,0,3,241.7950879889609
9,43,1,0,1,3,250.44966196573057
9,45,1,0,0,2,234.71073387329199
9,54,0,1,1,0,241.9006066818126
9,3,0,1,0,7,246.67827835012932
9,7,1,1,0,4,246.72862061522622
9,9,1,1,0,2,249.4683656363074
9,19,0,0,0,3,223.93163657802722
9,25,0,0,1,2,229.90194487298365
9,26,0,0,1,1,231.66040665353705
9,30,0,0,1,5,230.5690784634814
9,32,0,1,0,6,232.47363150868273
9,35,1,1,0,6,259.4857424543467
9,40,0,1,1,0,243.06804440127286
9,43,0,0,1,5,228.64263208288196
9,44,1,0,1,5,246.064457164848
9,55,0,0,1,0,227.13007249197835
9,58,0,0,1,3,233.03433865080513
9,59,0,1,1,5,245.5584513255936
9,1,0,0,1,4,230.6578709402051
9,18,0,0,0,7,238.65292823536646
9,24,1,1,0,0,243.4568936275783
9,30,0,0,0,2,217.75836008311433
9,47,0,0,1,1,232.30994700802756
9,53,0,1,1,5,243.5038982298408
9,54,1,1,0,0,245.95115959006029
9,55,1,1,0,4,248.84839013689344
9,1,1,0,1,7,249.4704822660658
9,11,0,1,1,6,247.49724998718847
9,12,1,1,1,2,259.61863631795984
9,16,0,0,1,2,232.4686858408642
9,17,0,0,1,7,246.37518737739683
9,39,0,0,1,7,246.78162851853324
9,50,0,0,0,3,220.46196363206332
9,56,0,0,1,6,232.92758833909852
9,57,0,0,1,6,231.2267473004645
9,58,1,0,1,3,248.58293516580636
9,8,1,1,0,2,249.2863263353443
9,17,1,1,0,2,248.57491346759394
9,18,1,1,0,5,246.8884875227328
9,21,0,1,0,4,232.64494618627808
9,24,1,1,0,5,247.55118178222276
9,25,0,1,1,4,246.0956559448917
9,26,0,1,1,1,245.5286594626408
9,37,0,0,1,6,228.14731592182702
9,40,1,0,1,3,247.18789001628468
9,42,1,1,1,4,258.1405578077275
9,43,1,1,1,0,258.72672366230626
9,44,1,1,1,5,261.55002800509163
9,47,1,1,0,1,242.5763642478878
9,50,0,0,1,1,230.01057373149254
9,4,1,1,1,5,263.6438621703426
9,8,1,1,1,6,259.98809135391883
9,9,1,1,1,1,260.9026352557102
9,10,1,1,1,0,259.4956212843055
9,11,1,1,1,1,262.24308231154396
8,13,1,0,1,7,264.2599193761223
8,14,1,1,0,4,250.83226755225735
8,15,0,1,0,5,234.34398786691193
8,16,1,1,0,6,249.64287184213225
8,17,0,0,0,2,224.62058902240815
8,18,0,0,0,7,232.68908825962083
8,19,1,0,0,5,233.3232973337254
8,20,0,0,0,2,224.84882803554552
8,21,0,0,0,2,218.64530379661335
8,22,0,1,0,6,241.870833693309
8,23,1,0,0,2,238.10451477048395
8,24,1,1,0,3,254.47224377635703
8,25,1,0,1,5,250.3677040203692
8,26,1,0,0,7,250.0569157633009
8,27,1,0,0,2,236.48256732537004
8,28,1,0,0,5,244.0338944163161
8,29,0,0,1,4,233.77820230036036
8,30,1,0,1,4,246.28426861438595
8,31,1,0,1,7,262.1723868885261
8,32,1,0,0,3,239.4045008879353
8,33,1,0,0,1,229.91049080662034
8,34,1,0,0,0,230.80095490009165
8,35,1,0,0,0,231.6142121432219
8,36,1,0,0,5,232.69922323440818
8,37,0,0,0,0,216.47017126046188
8,38,0,0,0,2,219.83786154878266
8,39,0,0,0,4,217.76333197791246
8,40,1,0,0,1,229.77498744156497
8,41,1,0,0,2,235.50193771839525
8,42,1,0,0,7,244.27618202667483
8,43,1,0,0,2,232.4267722445428
8,44,1,0,0,4,230.67126032529387
8,45,1,0,0,1,230.02696332067677
8,46,1,0,0,7,239.58459102417348
8,47,1,1,0,0,240.19776275329656
8,48,1,1,0,6,248.0254872479583
8,49,0,0,0,5,218.97884478583148
8,50,1,0,0,2,230.0011538658843
8,51,1,0,0,6,234.07611529466487
8,52,1,1,0,1,243.04369639736925
8,53,1,1,0,6,244.6861243067706
8,54,0,1,0,6,238.48965714112146
8,55,1,0,0,4,231.5208007915389
8,56,0,0,0,0,216.76009812537586
8,57,0,0,0,5,223.43486636067763
8,58,0,0,0,6,220.01907732401057
8,59,1,0,0,5,235.39021395278004
8,0,0,0,0,2,218.43056022862189
8,1,0,0,0,1,219.463823063472
8,2,0,0,0,1,219.05914500027026
8,3,0,0,1,5,231.41172483128378
8,4,0,0,1,1,235.62264805865738
8,5,0,0,0,5,225.45475214949585
8,6,1,0,0,1,232.86909064988816
8,7,1,0,0,7,245.69875100584545
8,8,1,1,1,7,286.739523210328
8,9,0,1,0,4,231.41479911500366
8,10,0,1,0,4,238.8590203024817
8,11,0,1,0,3,235.49237907326076
8,12,0,0,0,5,219.87655643191286
8,13,0,0,0,1,223.8718506425375
8,14,0,0,0,4,223.4075061667022
8,15,1,0,0,4,235.91899783681993
8,16,1,0,0,5,237.95904726645153
8,17,0,0,0,5,225.8019381775188
8,18,0,0,0,6,226.1899086035401
8,19,0,1,0,7,238.737938991549
8,20,0,1,0,6,240.83217024705266
8,22,0,0,0,7,235.34007041810202
8,23,1,1,0,2,250.09908004794823
8,24,1,1,0,2,250.8121706185985
8,25,1,0,0,6,246.89155179631015
8,26,1,0,0,2,235.40675508756533
8,27,1,0,0,6,236.60305530922764
8,28,0,1,0,4,232.95287451538812
8,29,0,1,0,2,236.4592168528388
8,30,0,0,0,5,221.4558882533492
8,31,1,0,0,0,232.10650073103648
8,32,1,0,0,0,231.1460792849996
8,33,1,0,0,4,231.87837403917246
8,34,0,0,0,0,214.21995914207133
8,35,0,0,0,5,222.3261146350237
8,36,0,0,0,5,221.04633765290023
8,37,0,0,0,4,218.43586756896758
8,38,0,0,0,5,219.45283705211182
8,40,0,0,0,1,215.7695389390078
8,41,0,0,0,0,213.9856025424527
8,42,0,0,0,5,217.132971404421
8,43,0,0,0,0,214.46639739986367
8,44,0,0,0,7,223.85937112402348
8,45,1,1,0,4,243.96413767923156
8,46,0,1,0,1,229.6030190538352
8,47,0,1,0,0,229.44537887722925
8,48,0,1,0,2,229.87403069484427
8,49,0,0,0,1,215.94561224955223
8,50,0,0,0,6,220.4466125228957
8,51,0,0,0,4,214.03298242195945
8,52,0,0,0,2,219.13235653976272
8,53,0,0,0,4,217.29741806123698
8,54,0,0,0,1,217.7875167427796
8,55,0,0,0,5,220.07207622002286
8,56,0,0,0,6,218.414490228716
8,57,0,1,0,2,238.09197583916392
8,59,0,0,0,4,218.89201766515976
8,0,0,0,0,1,213.9902955209835
8,1,0,0,0,5,216.66180978297814
8,3,0,0,0,0,217.76567212456166
8,4,0,0,0,1,221.14446633823397
8,5,0,0,1,6,234.3794236269827
8,6,1,1,1,3,262.447482267713
8,7,1,1,0,7,265.89679695954896
8,8,0,1,0,6,242.76118491784544
8,9,0,0,0,3,220.68682758490883
8,10,0,0,0,3,224.3720440023243
8,11,0,0,1,2,234.60020904025387
8,12,0,1,1,0,245.58308088357097
8,13,0,1,1,5,250.68319358089028
8,14,0,1,1,4,246.87441205401868
8,15,1,1,1,5,265.0420071281077
8,16,0,1,0,5,238.3545346603676
8,17,1,1,1,3,269.56985067052705
8,18,1,1,0,3,249.73157914339654
8,20,1,0,1,2,249.00332300035652
8,21,1,1,1,4,266.3017232270973
8,22,0,1,1,5,252.1984509683147
8,23,0,1,0,1,238.4226422625292
8,24,0,1,0,6,239.61951613313468
8,25,0,1,0,3,236.65899121930363
8,26,0,0,0,6,225.13482714326136
8,27,0,1,0,3,239.07268258144643
8,28,0,0,0,6,227.5976659429229
8,29,0,0,0,4,224.62023409409758
8,30,1,0,0,7,248.3549724692515
8,31,0,0,0,6,222.95452577378072
8,32,0,0,0,3,224.8404780066985
8,33,0,1,1,2,253.1598867117294
8,34,0,1,1,5,247.73705796659195
8,35,0,1,0,4,233.52010036583604
8,36,1,1,0,4,246.12587010098892
8,37,1,1,0,3,242.9646283086225
8,38,1,1,0,5,248.06844605410168
8,39,0,1,0,2,233.87259839353368
8,40,0,0,0,7,224.02710961014157
8,41,0,0,0,7,232.36668290163396
8,42,0,1,0,3,233.439826957094
8,43,0,0,0,1,217.73014833381714
8,44,0,0,0,0,214.4755734162771
8,45,0,0,0,2,215.77893632081077
8,46,0,1,0,0,229.43086184263805
8,47,0,1,0,1,230.673508484463
8,48,0,1,1,4,244.48875894619334
8,49,0,1,1,3,244.71197345841398
8,50,0,1,0,3,231.9724115352627
8,51,0,0,0,1,215.75984231533093
8,52,0,0,0,1,216.76194734036577
8,53,0,0,0,1,217.5580517444114
8,54,0,0,0,4,217.26315101169854
8,55,0,0,0,4,219.75601757150685
8,56,0,0,0,7,229.97983936421554
8,57,0,1,1,4,247.67622237135123
8,58,0,1,1,0,244.6035448918642
8,59,0,1,1,3,257.21110322249035
8,1,0,0,0,2,219.0780168024881
8,3,0,0,1,7,237.1070772958817
8,4,1,1,0,5,251.04186381617433
8,5,1,1,1,3,264.8011855838021
8,6,1,0,0,7,248.41384892351363
8,7,1,1,0,4,247.4180930549049
8,8,0,1,0,0,235.41814290205676
8,9,0,1,0,3,240.07472737948655
8,10,0,1,0,7,245.69913049190694
8,11,1,0,0,4,233.8953629326303
8,12,0,0,0,0,217.67097038437666
8,13,0,0,0,2,227.8825431312138
8,14,0,0,0,5,223.99464174391133
8,15,0,0,0,0,221.69186815716242
8,16,0,0,0,6,226.92208067317642
8,18,0,1,0,0,233.3829358869477
8,19,0,1,0,1,232.85780655579782
8,20,0,1,1,2,248.6909575246619
8,21,0,1,1,1,248.79726837393258
8,22,0,1,0,7,246.12878467818743
8,23,1,1,0,6,252.66893822737512
8,24,0,1,0,0,235.62446265679603
8,26,0,0,1,5,237.8159808166407
8,27,1,0,0,4,236.57686074223201
8,28,1,0,0,7,249.88525256418586
8,29,0,1,1,6,246.6738083122534
8,30,1,0,1,3,254.9609482111693
8,31,1,0,0,5,240.72208477438375
8,32,0,0,0,5,222.9606753471668
8,33,0,0,0,1,221.81877551277984
8,35,0,0,0,2,221.4329496649031
8,36,0,1,0,5,232.9126730506484
8,37,1,1,0,0,243.07118054979648
8,38,1,1,0,7,245.5491558911174
8,39,1,1,1,3,261.4844037732999
8,40,1,1,1,2,266.01484865402387
8,41,1,0,1,5,246.15859038364792
8,43,1,0,1,2,249.34580568576786
8,44,1,0,1,7,260.38486540408474
8,45,0,1,0,2,232.2111397244926
8,46,0,1,0,5,234.04311904243207
8,47,0,1,0,7,240.76469407120945
8,48,0,1,0,7,240.46401672308778
8,50,1,0,0,6,227.50277908936954
8,51,1,0,0,2,229.1412626421513
8,52,1,1,0,2,244.00267422847776
8,53,1,0,0,7,244.37371817766615
8,54,1,1,0,5,246.57348805229032
8,55,0,1,0,4,232.2123881356036
8,56,0,1,0,5,232.30398800803442
8,58,0,0,0,1,217.96613025601192
8,59,0,0,1,5,235.90668252269825
8,1,0,0,0,7,219.09770230672459
8,2,0,0,0,4,221.92784846552803
8,3,0,0,0,2,222.88281357503456
8,4,0,1,0,2,235.66531669382658
8,5,0,1,0,2,237.82564857836036
8,6,0,0,0,6,223.10812804015453
8,7,0,1,0,2,237.76576144114995
8,8,0,0,0,4,222.89511622170568
8,9,0,0,0,7,229.26206336072158
8,11,0,1,1,5,252.35075059067785
8,12,1,1,0,1,249.70811398287952
8,13,1,1,0,2,248.1274986213014
8,14,1,0,0,3,237.06954306546427
8,15,1,1,0,7,262.4520313847702
8,16,1,1,0,0,248.4049082157095
8,17,1,1,0,2,247.82890850367534
8,18,1,1,0,7,259.8791022721459
8,19,0,0,1,1,238.58647136577358
8,20,0,0,0,1,222.71409520068266
8,21,0,0,0,4,221.56730808984577
8,22,0,0,0,5,225.38634046316085
8,23,1,0,0,6,238.98680326423914
8,24,1,0,0,5,234.77215891021797
8,25,0,0,0,1,220.19128356338246
8,26,0,0,0,7,236.25841665560645
8,27,0,0,0,3,222.58374542810478
8,29,0,1,0,3,239.8233193357688
8,30,0,0,0,6,224.0120609302108
8,31,0,0,0,7,231.7062733564779
8,32,1,1,0,3,249.13667233466737
8,33,1,1,0,0,247.19047847400972
8,34,1,1,0,4,245.80990335704058
8,35,0,1,0,6,233.0854125752805
8,37,1,0,0,7,234.55578209223228
8,38,0,1,0,6,234.9232144619969
8,39,1,0,0,7,239.54255351288322
8,40,0,0,0,2,220.5231343377131
8,41,0,1,0,0,228.77742194394457
8,42,0,1,0,1,230.14002342401386
8,43,0,1,0,6,235.27290680314502
8,45,0,1,0,0,227.4813556377879
8,46,0,1,0,4,230.71193955073483
8,47,0,1,0,5,235.58238326347154
8,48,0,1,0,5,229.0513344116378
8,50,0,0,0,1,215.8082204298861
8,51,0,0,0,6,220.41736484305326
8,53,0,1,0,4,229.07902976566882
8,54,0,1,0,4,229.29782114477942
8,55,0,1,0,2,232.95431522495113
8,56,0,0,0,5,218.55963092295048
8,57,0,0,1,1,230.14755767967802
8,58,0,0,0,7,230.21468990127735
8,59,0,1,0,7,246.1314728483177
8,0,1,0,0,4,232.63638560036281
8,2,0,1,0,7,244.64415805181238
8,4,0,0,0,5,221.8560679438702
8,5,1,0,0,6,237.52866833792658
8,6,0,0,0,2,225.97143880527256
8,7,0,0,0,3,226.2480845761835
8,9,0,0,0,1,222.2069804594236
8,10,0,0,0,5,224.41314592709924
8,11,1,0,0,3,231.2230767762944
8,12,1,0,0,1,236.1626672294092
8,13,1,0,1,5,248.89572253619843
8,14,0,0,1,4,234.51829230166555
8,15,0,0,1,7,236.65654164015055
8,16,0,0,1,7,247.06936079973107
8,17,1,0,0,3,239.5247810454681
8,19,1,1,1,0,263.0752505130222
8,20,1,1,1,5,267.7039957812718
8,21,1,1,1,2,268.582265724039
8,22,1,0,1,5,250.79499866407042
8,23,0,0,0,1,221.9608060412687
8,24,0,0,1,5,238.34460137086964
8,25,0,0,0,0,221.2034459551796
8,26,0,0,0,3,225.22168191410577
8,27,0,1,0,6,242.5796682633233
8,28,1,0,0,2,243.87001728858888
8,29,1,1,0,4,251.349321479002
8,30,0,1,0,4,239.49121980593677
8,31,0,1,0,6,237.29898761363978
8,32,0,0,0,4,218.16629358747477
8,33,0,0,0,5,220.1388325820939
8,34,1,0,0,2,232.08324840664184
8,35,1,1,0,4,245.50261812179593
8,36,0,1,0,1,232.4758858760968
8,37,0,1,0,4,229.01932479731045
8,39,0,0,0,7,223.40817677242967
8,40,1,1,1,3,266.0087152877543
8,41,1,1,0,4,246.6049984729177
8,42,0,1,0,2,233.32776709958324
8,43,0,0,0,3,219.27242165785492
8,44,0,1,0,7,241.90269257977045
8,45,0,1,0,3,242.98128834724227
8,46,0,0,0,5,215.10186512296508
8,47,0,0,0,4,220.77863122473258
8,48,0,0,0,0,214.44804793452153
8,49,0,0,0,7,219.0550416486474
8,50,0,0,0,5,220.16836194624332
8,51,0,0,0,3,232.06241474539095
8,52,0,1,0,4,232.4473581315728
8,53,0,1,0,3,237.9258548291895
8,54,0,1,0,0,227.9447023056446
8,55,0,1,0,1,232.64996356719882
8,56,0,1,0,3,237.46861678363393
8,57,0,0,0,3,221.10018652899936
8,59,0,0,0,5,218.53487676903714
8,0,0,0,0,7,230.15792920558044
8,1,0,1,0,7,242.02414458711525
8,2,0,0,0,6,224.05212644473866
8,3,0,0,0,6,225.14324626371814
8,4,0,1,0,1,234.08376966612587
8,5,0,1,0,5,238.08046275035213
8,6,0,1,0,5,240.57967872536824
8,7,0,1,0,3,239.02874329076465
8,9,0,0,0,4,223.73810065854275
8,10,0,0,0,0,217.67033772166485
8,11,0,0,0,1,218.94027712111338
8,12,0,0,0,6,224.6651273900047
8,13,0,0,0,5,223.89588237829955
8,14,0,0,1,7,250.3402923689778
8,15,1,0,0,5,237.61426807988644
8,16,1,0,0,0,233.96110468674473
8,18,1,0,0,4,234.58449670719543
8,19,1,0,0,0,234.54043072066992
8,20,1,0,0,2,238.03396066673483
8,21,1,0,0,1,234.31973155688252
8,22,1,0,0,0,232.1319824342566
8,26,0,0,0,1,225.23811804002548
8,27,0,0,1,7,250.0868873162114
8,28,1,0,0,4,238.81701341049697
8,29,1,0,0,2,235.00259421706326
8,30,1,0,0,2,238.04823880523273
8,31,1,0,0,6,237.70808175816572
8,32,0,1,0,0,232.43641195967476
8,33,0,1,0,4,235.8818610871856
8,34,0,1,0,1,233.50158583787749
8,37,0,0,0,5,219.80165338319884
8,38,1,0,0,3,235.5801705337074
8,39,1,0,0,4,231.41394181269143
8,40,0,0,0,6,220.18790577448556
8,41,1,1,0,3,256.8853593616036
8,42,1,1,0,5,248.94243231496344
8,43,0,1,0,7,244.94577940995347
8,44,1,1,0,4,245.3631636260929
8,45,1,1,0,2,244.24984998865457
8,46,1,0,0,6,231.99817719519635
8,47,0,0,0,0,214.9131862088738
8,48,0,0,0,2,216.20201397228576
8,49,0,0,0,3,227.58492958967878
8,53,0,1,0,5,230.3014906834934
8,54,0,1,0,5,231.46078208868363
8,55,0,1,0,6,237.397001729395
8,56,1,1,0,1,246.71400907423737
8,57,1,1,0,7,250.57987135503598
8,59,0,0,0,0,217.00139552230814
8,0,0,0,0,5,219.11058145918986
8,1,0,0,0,0,215.0767086736102
8,2,0,0,0,2,217.80026158192823
8,3,0,1,0,5,236.8288687072818
8,4,0,1,1,2,247.3912849518332
8,6,1,1,1,6,273.70789987627217
8,7,1,0,1,1,250.77543908185854
8,8,1,0,0,1,235.59499077020155
8,9,1,0,0,1,234.67739561814952
8,10,1,0,1,3,248.3741077957974
8,11,1,1,0,1,250.88529841336694
8,12,1,1,0,2,251.34160867019142
8,13,1,0,0,5,234.7320170332203
8,14,1,0,1,4,252.5997554509515
8,15,0,0,1,5,235.20337543624748
8,16,0,0,0,0,219.83373647147587
8,17,0,0,0,0,220.69139871564525
8,18,0,0,0,4,221.3585280406973
8,19,0,0,0,3,224.53056263620226
8,20,0,0,0,4,224.5642118719947
8,22,1,0,0,5,234.01108855625844
8,23,1,0,1,5,250.80748075350036
8,24,0,0,0,2,223.9183885966628
8,25,0,0,0,7,233.88626809844754
8,27,0,0,0,6,227.8519382755576
8,29,1,0,0,0,234.18651063809588
8,30,1,0,0,0,233.4929643153227
8,32,0,0,0,7,234.34832929955226
8,34,1,0,1,4,248.71542068619897
8,35,0,0,1,7,244.2139082270101
8,36,1,0,0,6,238.1469160056048
8,38,0,0,0,6,216.2605352372175
8,40,0,0,0,0,216.5937333068598
8,41,0,0,0,1,218.77908846788415
8,42,0,0,0,4,216.95364968663722
8,43,0,0,0,5,218.12384221419597
8,44,1,0,1,6,249.77205609300427
8,45,0,1,1,2,246.2862733129902
8,46,0,1,1,1,243.95228505943797
8,47,0,1,0,3,232.472308610076
8,48,0,0,0,5,217.27616184032684
8,49,0,0,0,6,220.88609545763282
8,50,0,1,0,0,230.06508988183475
8,51,0,1,0,1,232.28387019335943
8,52,0,1,0,7,247.37678784798612
8,53,1,1,0,3,243.0034055970156
8,54,1,1,0,7,257.3700325548245
8,55,1,1,0,6,246.62043572383763
8,56,1,0,0,7,246.97977165746076
8,57,0,1,0,3,239.69570992642002
8,0,0,0,0,4,213.8086085570686
8,2,0,0,0,3,227.52508720761745
8,5,0,0,1,4,236.71339630655007
8,6,0,0,1,5,235.35308018335087
8,8,0,1,0,7,246.28371926286425
8,9,0,1,0,2,235.99579524576194
8,10,0,0,0,7,233.08514151867527
8,14,1,0,0,0,233.8125180977294
8,15,1,0,0,1,232.32623255401978
8,16,1,0,0,3,235.01270299680667
8,17,1,1,0,4,250.45693555447352
8,18,0,1,0,4,234.9767776630435
8,19,0,1,0,5,237.16025468259835
8,20,0,1,0,1,235.4142126208927
8,21,0,1,0,7,253.5960539467959
8,24,0,0,0,0,220.96339435928235
8,25,0,0,0,3,221.10060737154015
8,26,0,0,0,4,223.31195300613706
8,27,0,0,0,2,224.1911897360882
8,28,0,0,0,3,228.32240879522885
8,30,0,0,0,2,220.18488929078487
8,31,0,1,0,1,231.42780133151933
8,32,0,1,0,3,240.72174394993425
8,33,0,1,0,7,249.18136406910094
8,34,0,0,1,2,235.83046848221173
8,35,0,0,1,1,231.66026691583096
8,36,0,0,0,3,223.93372630109195
8,37,0,0,0,1,216.5542013734482
8,39,0,0,1,5,229.2250863412789
8,40,1,0,1,6,245.09527895438904
8,41,1,0,1,2,245.33382236905769
8,42,1,1,1,1,257.56826106786764
8,43,1,1,0,3,245.44824200303242
8,44,1,1,0,7,247.8164111969431
8,45,0,1,0,7,233.65102504541505
8,48,0,1,0,1,228.88062376317924
8,49,0,1,0,5,233.22650213497428
8,50,0,1,1,0,243.59297244197802
8,51,0,1,1,5,244.27550244340816
8,53,0,1,0,6,228.4132289368597
8,54,0,1,0,3,230.8894533869026
8,55,0,0,0,0,215.25088265957274
8,56,0,0,0,2,217.11261639010897
8,57,0,1,0,7,247.8543402747208
8,58,0,0,1,4,230.81591006532298
8,59,0,0,1,6,231.64734375369417
8,0,1,0,1,4,244.61338467627934
8,1,1,0,1,7,246.41969448207237
8,3,0,0,0,3,220.48973204282274
8,4,0,1,0,4,237.13615780867337
8,5,0,1,0,7,248.8520898809017
8,6,0,1,1,4,249.76384629526396
8,7,1,1,1,2,263.78351087267174
8,8,1,1,1,4,263.8391502282933
8,9,0,1,1,2,246.6415713696602
8,10,0,1,1,2,245.7370521141118
8,11,0,0,1,5,230.87769641053777
8,12,0,0,0,2,221.44030235694925
8,13,0,1,0,2,239.39131093558632
8,14,0,1,0,6,238.9757960790334
8,15,0,1,0,0,230.9976164016532
8,16,0,1,0,7,238.09754931320467
8,17,1,0,0,1,234.0671926790358
8,18,1,0,0,3,235.61385458079604
8,19,1,1,0,4,249.6448534114977
8,20,1,1,0,3,251.86149501886624
8,22,1,0,0,4,234.61717866225308
8,23,0,0,0,3,224.7460747885991
8,24,0,0,0,6,226.65985186793014
8,25,0,0,0,6,228.16415008637424
8,26,0,1,0,3,241.8234446745346
8,28,0,1,0,5,238.19448248065942
8,29,1,1,0,2,251.06607213301814
8,30,1,0,0,6,233.67434488537253
8,31,0,0,0,0,219.5845544582946
8,32,0,0,0,6,224.59142711200047
8,35,0,0,1,2,231.16801471915693
8,36,0,1,1,7,254.6838619616505
8,37,0,0,0,3,220.67066657432363
8,39,0,0,0,3,220.41564667473006
8,40,0,1,0,6,234.40904692265153
8,41,0,0,0,5,217.98165719665798
8,42,0,0,0,0,214.64690636348516
8,43,0,0,0,4,215.37490062582881
8,44,0,0,0,3,217.78877122477218
8,46,0,1,0,3,232.97200421153954
8,47,0,0,0,7,226.44967738078697
8,49,1,0,0,3,228.0440481076434
8,50,1,0,1,5,247.7982819153123
8,52,0,0,1,6,230.1546521056503
8,53,1,0,1,2,250.89945313653615
8,54,1,1,1,6,279.9011515786519
8,55,0,0,1,6,245.17497683213165
8,56,1,0,1,5,250.03906156800753
8,57,1,0,0,0,229.96535730985727
8,58,1,0,0,2,237.85907338782565
8,59,1,0,0,3,239.3052245480841
8,0,1,0,1,0,242.88154086903816
8,1,1,0,1,6,245.94531407503206
8,2,0,0,1,7,245.88718287829374
8,3,0,0,0,7,239.7217401653506
8,4,0,1,0,7,246.7316004010973
8,5,1,1,0,7,248.01553463044962
8,6,1,1,0,4,249.3753603918041
8,7,0,1,0,6,237.90755060602288
8,8,1,0,0,7,240.46469018114976
8,9,1,1,0,1,252.73795633874298
8,10,1,1,1,7,279.84426385369864
8,12,0,0,0,3,224.58240762704565
8,13,0,0,0,3,222.90946662149963
8,14,0,0,0,0,220.67996434783544
8,15,0,0,0,3,232.6987264435312
8,18,0,0,0,1,222.7496644389428
8,19,0,0,1,2,238.1785112359478
8,20,0,0,1,2,238.78146488805058
8,21,0,0,1,6,234.65031264268728
8,22,1,0,1,2,248.57907225665886
8,23,1,0,1,2,252.33327949287698
8,24,1,0,1,0,248.1306046953402
8,25,1,0,1,6,252.67554048149645
8,28,0,0,0,1,226.19692037322835
8,29,0,0,0,3,227.76112555546354
8,30,0,1,1,7,265.9346886307375
8,31,0,0,1,4,233.99920014925738
8,32,1,0,1,4,246.60971490977752
8,33,0,0,1,3,231.74723866736025
8,34,0,1,0,3,238.27166179730258
8,35,0,1,0,0,230.63675982443993
8,36,0,1,0,4,233.7554211665056
8,37,1,1,0,4,245.33501780356775
8,38,0,1,0,3,237.7611208287459
8,39,0,1,0,6,238.38042662883686
8,40,0,0,0,3,220.01239536089562
8,42,1,1,0,6,251.85627552892618
8,43,1,1,0,0,243.6227964825358
8,44,1,1,0,1,243.57153443441632
8,49,0,1,0,7,242.59731559181043
8,51,0,0,0,5,218.27401537114292
8,54,0,0,0,0,216.2990181011942
8,57,0,0,0,1,217.17085772995955
8,58,0,0,0,4,219.46585008138777
8,59,0,0,0,7,230.66111130543837
8,0,0,1,0,5,235.55919609608577
8,1,0,1,0,4,229.40518811816963
8,2,1,1,0,3,248.20005749652574
8,3,1,0,0,0,232.7839749498266
8,4,1,0,0,2,234.9684490046167
8,6,0,0,1,1,234.40158219626608
8,7,0,0,0,7,227.02267607632075
8,8,0,0,0,2,222.2651881350656
8,10,0,0,0,1,220.7367535599812
8,11,0,0,0,0,219.40093926593485
8,12,0,0,0,1,221.0194674004939
8,13,0,0,1,6,234.6886910873412
8,15,0,0,1,0,234.7196011074592
8,16,0,0,1,3,240.31171711470606
8,17,0,1,1,7,261.4194769293666
8,18,0,0,0,0,218.72367291034564
8,19,0,0,0,5,223.79419005056843
8,20,1,0,0,7,235.1576519524541
8,21,0,0,1,1,234.5359033805706
8,22,0,0,1,3,237.83489696983523
8,23,0,1,0,5,242.63839413743176
8,24,0,1,1,1,251.66898968762928
8,25,0,1,0,4,236.0280451559505
8,26,0,1,0,1,233.75139075749172
8,27,0,1,1,5,252.31690065072604
8,28,1,1,0,6,259.22461103494584
8,29,0,0,0,0,219.61165998641326
8,31,0,1,0,2,238.1124932336069
8,34,0,0,0,2,219.37097200219753
8,35,0,0,0,1,217.33368842842458
8,36,0,0,0,4,219.54153388932187
8,38,0,0,0,1,216.9689702473679
8,39,0,0,0,5,218.68881283073873
8,41,0,0,0,3,218.28549488836723
8,42,0,1,1,5,244.77874037939606
8,43,1,1,0,7,245.07107003792834
8,44,0,0,1,4,230.77674756342236
8,45,0,0,1,1,232.29655514943053
8,46,0,0,0,0,215.51298863340128
8,47,0,0,0,2,220.41556769724033
8,48,0,1,0,0,228.2510022540167
8,49,0,1,0,0,226.71986918391613
8,50,0,1,0,4,233.231443277501
8,51,0,1,0,2,231.04527790002686
8,52,0,1,0,6,236.94494606061699
8,55,0,0,0,6,222.34840330405845
8,56,0,1,0,7,242.72018310887393
8,57,0,0,0,4,220.82342066180786
8,58,1,0,0,7,246.25577649153797
8,59,0,1,0,5,234.93137643024363
8,0,0,1,0,0,230.53454696696392
8,1,0,1,0,2,235.27311943443925
8,2,0,0,0,5,220.8818705226007
8,5,0,0,0,0,219.54472712354698
8,6,0,0,0,7,227.57799582865795
8,7,0,0,1,0,231.69254978304176
8,8,0,0,1,7,247.17485018187642
8,9,0,0,0,2,219.01356435329765
8,11,0,0,0,4,220.47402097001813
8,14,0,0,0,7,234.2513553939831
8,15,0,1,1,0,247.01750000993243
8,16,0,1,1,0,246.76503476676345
8,20,0,0,1,3,234.08311023351203
8,21,0,1,0,2,239.71809932907885
8,23,0,0,0,4,221.87589837737673
8,24,1,0,0,6,236.91252401009496
8,25,0,1,0,5,238.2397916796823
8,26,0,1,0,5,237.9697675404547
8,27,0,1,0,5,233.60484324562302
8,28,0,1,0,1,235.65993780238205
8,30,0,1,1,0,241.859586686789
8,31,0,1,1,5,246.3845484681065
8,32,1,1,0,0,248.02037714479917
8,33,1,1,0,1,249.19704295979625
8,36,0,1,0,2,232.75809311360894
8,38,0,1,1,0,243.63188046362052
8,39,0,1,1,1,245.8074337083618
8,40,0,1,0,4,232.6794573365811
8,42,0,1,0,6,235.6828503029556
8,45,1,1,1,0,256.9019890635935
8,46,1,1,1,1,258.9844969158804
8,47,1,1,0,4,245.5555761581868
8,48,1,1,0,1,242.01611597965126
8,49,1,1,0,1,243.74863847019324
8,50,1,1,0,0,245.2976588602824
8,51,1,1,0,7,264.4369400872122
8,52,1,0,0,6,246.72918490537415
8,54,1,0,1,7,258.4949727176489
8,55,0,1,0,0,230.6942992226372
8,56,0,1,0,4,232.95625476271837
8,57,1,1,0,0,244.2655015975964
8,58,1,1,0,3,245.84522955867902
8,59,1,1,0,0,243.3933560927911
8,0,1,1,0,2,246.86086923604287
8,1,1,1,0,3,250.22983430885643
8,2,1,0,1,5,246.71796932981175
8,3,1,0,0,3,235.2146169690067
8,4,1,1,0,4,250.54848445217092
8,7,0,0,0,6,229.50959461499716
8,8,0,0,0,1,222.80156076803647
8,10,0,1,0,3,236.05222577625528
8,11,0,0,1,1,233.68074947861513
8,13,0,0,0,6,224.02719832283915
8,14,1,0,0,6,236.61163336135405
8,16,0,1,0,3,245.11422637124727
8,17,0,0,0,7,231.09727401525114
8,18,0,0,0,3,222.8450740785359
8,19,0,0,0,7,231.60965767315707
8,20,1,0,0,3,239.52080038800847
8,23,1,0,0,3,240.53960897102684
8,25,1,0,0,5,239.23681669264226
8,27,0,0,0,1,224.00244216150045
8,32,0,0,0,2,223.26001670718045
8,33,0,0,0,6,225.0128875544431
8,34,0,0,0,6,221.48349170043525
8,36,0,1,0,6,237.0533426733266
8,37,0,0,0,7,229.84053720046614
8,38,1,1,0,1,244.21639157667877
8,39,1,1,0,0,243.5572042566766
8,40,1,1,0,2,244.05185919704303
8,41,1,0,0,5,231.18166370930243
8,42,1,0,1,6,243.35367811046711
8,43,0,0,1,4,229.5285568211284
8,44,1,0,1,2,249.3290854381344
8,45,1,0,1,6,256.35942439662153
8,48,0,1,0,4,228.07450377892374
8,49,1,1,0,5,243.79380882216154
8,52,0,1,0,0,230.14467077878126
8,53,0,1,0,2,230.03516890514933
8,54,0,0,0,7,228.66735364813542
8,56,1,1,0,5,249.20785762794208
8,57,0,1,1,6,247.63857802835392
8,58,1,1,1,7,274.37007480301475
8,59,0,1,0,1,231.12351887722008
8,0,0,1,1,2,248.9553732775226
8,1,0,0,1,5,235.39904522610905
8,2,1,0,0,5,235.7762622036501
8,3,1,0,1,3,249.3059857231517
8,5,1,1,0,2,248.692108257259
8,7,1,1,0,2,252.49599506160774
8,8,1,1,0,0,247.12780144241145
8,9,1,1,0,6,262.4677849345198
8,10,0,0,0,6,222.59675265711678
8,11,0,1,0,1,234.417128614862
8,12,0,1,0,6,244.31479664138735
8,13,1,1,0,5,248.69708021563724
8,15,1,1,1,3,264.8336202294944
8,17,1,1,0,0,248.10304137998523
8,18,1,1,0,4,249.82465879231162
8,19,0,1,0,4,235.5581133762958
8,20,1,1,0,1,252.19135222066302
8,21,1,1,0,0,245.89228285814684
8,22,1,1,0,1,248.2577798265133
8,23,1,1,1,1,264.3141765332836
8,24,1,1,0,0,250.92570414077173
8,25,1,1,0,1,252.3384226938931
8,26,1,1,0,4,249.72572941343796
8,27,1,1,0,6,259.0419438082674
8,29,0,1,0,1,232.88918170947554
8,30,0,1,1,3,250.1128846094
8,31,0,1,0,7,250.92135312085003
8,32,0,0,1,2,234.91705027203957
8,33,0,1,1,6,254.4629531492562
8,34,0,0,1,4,233.02711351167702
8,36,0,0,1,1,232.29025219827702
8,40,0,0,0,5,219.73083019774717
8,42,0,0,0,2,217.15389534692508
8,44,0,0,0,6,219.13938483771852
8,46,0,1,0,7,245.13771085875007
8,47,0,1,1,5,246.10806295267204
8,51,0,1,0,7,245.29382382476643
8,53,1,0,0,1,228.36850870682937
8,54,1,0,0,2,229.4335975282035
8,55,1,1,0,3,249.67019699457944
8,56,1,0,1,4,249.06343298301746
8,57,1,0,1,6,246.89105546726088
8,58,0,1,1,5,248.0149508962609
8,0,1,1,0,6,248.5009919483971
8,1,0,0,0,6,229.88247708930928
8,2,0,0,0,7,224.5872987715664
8,3,1,0,0,4,231.74811170073642
8,6,0,0,1,7,234.90702286411766
8,7,0,0,0,1,220.6105329672751
8,9,0,0,0,5,224.5489562843762
8,11,0,1,0,5,238.47007956995836
8,13,0,1,0,1,234.91770439569717
8,16,0,0,0,4,222.75097932470274
8,17,0,0,0,1,222.54297350087054
8,20,0,1,1,1,247.65360385996522
8,21,0,1,0,1,236.05173736876674
8,22,0,1,0,4,240.62410560051075
8,25,0,1,1,3,261.35780551035265
8,27,0,0,0,5,224.454799955369
8,28,0,0,1,4,236.14588891589514
8,29,0,0,1,3,240.0313518528529
8,30,0,1,0,3,240.71160187954328
8,31,0,0,1,0,232.77433671883045
8,32,0,0,1,0,233.04079294571716
8,33,0,0,1,2,234.45538770223197
8,35,0,1,1,2,251.54784246330183
8,36,0,0,1,2,231.9503168785572
8,37,0,0,1,5,230.2243159661792
8,38,0,0,1,6,229.6731532220437
8,39,1,1,1,2,261.4757270562519
8,40,1,0,1,7,245.2028837747874
8,43,0,0,0,2,221.35540511300587
8,44,0,1,0,6,235.52238684482597
8,50,1,1,0,4,248.504624537348
8,51,0,1,0,5,232.0189608370147
8,53,1,0,0,0,227.4366737946578
8,55,1,1,0,0,245.3441040969177
8,57,1,1,0,4,249.15021225957702
8,58,0,1,0,5,235.1530302658856
8,0,0,0,0,3,221.38447760021174
8,3,1,0,0,2,234.41280500155986
8,4,1,1,0,2,251.46357455271377
8,5,1,0,0,3,235.20239951591716
8,6,1,1,0,0,248.36200257120836
8,8,1,0,0,0,231.31728265442183
8,9,1,0,0,0,235.74886087344936
8,10,1,0,0,5,237.71991725895757
8,11,0,0,0,7,234.75449026903476
8,12,0,0,1,1,234.39436819249332
8,16,0,0,0,2,223.46331154153845
8,19,0,0,0,4,223.62919549710034
8,20,0,0,0,6,225.05613679470935
8,21,1,1,0,2,250.91264053551464
8,22,1,1,0,4,250.46271770255737
8,23,0,1,0,6,239.25358521177387
8,25,0,0,0,2,226.21511841076452
8,26,0,0,0,5,224.71784756731842
8,27,0,0,1,3,236.12712451472737
8,29,0,1,0,4,235.81242426197616
8,30,1,1,0,3,250.72039539060924
8,31,1,0,1,5,251.3426542783543
8,33,0,0,0,3,219.96556951225892
8,34,0,0,1,5,237.62084007876342
8,35,1,0,0,3,233.4214528465851
8,36,1,0,0,3,233.78654950819586
8,37,1,1,0,7,258.2857213856273
8,38,0,1,0,1,232.07457000259743
8,39,0,1,1,3,249.33316322936307
8,41,0,0,1,7,242.92654744967848
8,42,0,1,0,7,243.43994988951175
8,43,0,0,1,6,229.02998558064954
8,44,0,0,1,2,229.9157821992676
8,45,0,1,1,0,240.56996787166676
8,49,0,1,0,2,232.30654543698932
8,53,0,0,1,6,232.88270287765133
8,54,0,1,1,0,247.0941244279641
8,55,0,1,1,3,248.462324314064
8,56,0,1,1,4,247.36413430631083
8,57,0,1,1,5,246.97411013230985
8,58,0,1,1,7,261.1097766325294
8,59,0,0,1,2,229.71150734946661
8,0,0,0,1,6,243.2149898029202
8,4,0,0,0,4,222.0815237874137
8,6,0,0,0,3,227.67938555234014
8,7,0,1,0,7,248.75746888444218
8,9,0,0,1,3,231.16439869424931
8,11,0,0,0,5,219.93010132066146
8,12,0,0,0,4,222.6549537716018
8,13,1,0,0,3,236.2616851903097
8,14,1,0,1,7,262.69364652163364
8,15,0,0,0,1,222.15833847380122
8,17,0,0,0,6,222.98887960976003
8,18,0,1,0,5,232.739593624164
8,19,0,1,0,2,234.60217172929157
8,20,0,1,0,0,233.52184862267703
8,22,0,1,0,2,242.30302840261737
8,24,0,1,0,2,241.1793935702105
8,27,0,1,1,3,253.21656577288633
8,28,0,1,0,3,239.412325888214
8,31,0,1,1,6,248.45918586742644
8,32,0,1,1,1,247.44432762200037
8,33,0,1,0,5,239.27378357713644
8,34,1,1,1,7,274.49728396847803
8,37,0,0,1,4,230.0880569803268
8,38,0,0,1,1,231.0862865016626
8,40,0,0,1,5,230.308846959237
8,42,0,0,0,3,225.38649410669498
8,43,0,1,0,2,231.9124584799984
8,45,0,0,0,3,216.34350016172286
8,48,0,0,0,1,215.60067657440703
8,49,0,0,1,1,229.34501131129616
8,52,0,0,1,3,232.41891630154873
8,53,0,0,0,7,233.7116185201462
8,54,1,1,0,2,245.93402820194643
8,55,1,1,0,1,244.84264994133173
8,57,0,1,0,0,232.23434080550106
8,58,0,1,0,7,246.59441240873696
8,59,1,1,1,5,268.91843982585993
8,0,0,1,1,0,245.79806579076367
8,1,0,1,1,2,249.9317440107315
8,2,0,1,1,2,246.6277689192637
8,3,0,1,1,5,250.6611833752081
8,4,0,1,0,6,240.23844934778714
8,8,0,1,0,5,237.6706836194495
8,9,0,1,0,6,234.85077098085387
8,12,1,0,0,5,236.868119078082
8,13,0,0,0,4,224.18326674387183
8,14,0,0,0,3,226.40971465921254
8,15,0,0,0,7,227.50081001728944
8,16,0,1,1,4,249.85661082841474
8,17,0,1,1,5,250.66871137578295
8,18,0,1,1,7,266.20081866911926
8,20,1,0,0,1,233.09126971069273
8,21,1,0,0,7,246.80750351360246
8,22,1,1,0,5,257.93416813381407
8,23,0,1,0,0,236.8841562490385
8,24,0,1,0,5,240.62087060413063
8,25,0,1,0,1,239.7279818017973
8,27,0,1,1,2,251.83819714747082
8,28,0,0,1,7,248.0953267952833
8,34,1,1,0,1,246.6548588502487
8,35,1,1,0,0,245.5593934764638
8,36,1,1,0,3,249.45945772280427
8,38,1,1,0,4,245.73663426695092
8,39,1,1,0,5,243.6338926013254
8,41,0,1,0,7,229.61261762601046
8,43,0,1,0,1,228.42205947931083
8,44,0,1,0,2,230.7215527758075
8,45,0,1,0,5,229.055568566134
8,46,1,1,0,3,244.15965832928464
8,47,1,1,1,2,260.0883599726912
8,48,1,1,1,6,259.67953571898795
8,50,0,0,0,4,214.93352552769701
8,51,1,0,0,4,231.94734595578404
8,52,1,0,0,0,229.50052842420604
8,53,1,0,0,4,230.7702733449277
8,54,0,0,0,5,221.41389360704758
8,56,0,1,1,7,261.1732605079703
8,57,1,0,1,0,240.0839681587986
8,58,1,0,1,1,244.65307106561576
8,0,1,0,0,0,230.7849602412942
8,1,1,0,0,1,235.5418060881804
8,2,1,0,0,0,230.93352688056885
8,3,1,0,0,6,236.39241977930664
8,4,0,0,0,3,231.52155887904064
8,5,0,1,0,6,241.49342138024898
8,6,0,0,0,5,223.82712863394866
8,7,0,0,1,3,239.61161839432626
8,8,0,0,0,7,229.8860689210871
8,9,1,1,0,4,253.5676152929918
8,10,1,1,0,3,248.71034263583502
8,11,1,1,0,3,255.80496168437784
8,12,1,0,0,3,234.80487575112966
8,14,0,0,1,3,234.03897252273345
8,15,0,1,0,3,238.72926657112018
8,17,0,0,0,3,222.905502561935
8,19,1,1,1,6,268.5388902072759
8,20,1,0,1,5,250.1623018753038
8,21,0,0,0,7,225.89261603860496
8,23,1,1,0,5,252.65670862433748
8,24,0,1,0,1,237.54804800238773
8,25,0,1,1,7,249.9299238215057
8,26,1,1,0,3,253.57406074569147
8,27,1,1,0,4,249.83973668066997
8,28,1,1,0,5,251.73117368862322
8,29,0,1,0,6,240.71934964002244
8,30,0,1,0,0,232.90832371868032
8,33,0,0,0,0,216.14399304499048
8,34,0,0,0,4,221.47357086877292
8,35,0,0,0,0,216.7170454685111
8,36,0,0,0,6,224.6008725205358
8,39,1,0,0,2,230.30591385655646
8,40,1,1,0,4,244.75027773862158
8,41,0,1,0,3,231.26808661856526
8,43,1,0,0,0,229.49130952106293
8,44,1,0,0,3,234.98113678300254
8,45,1,0,1,1,244.17009260041036
8,46,1,0,0,2,229.10178327136603
8,47,1,1,0,5,246.5708124330891
8,48,0,1,0,3,228.63838270598055
8,51,0,1,0,0,227.21285164653034
8,52,0,1,0,2,231.42961805851442
8,54,0,1,0,7,237.09312484338162
8,57,1,0,0,6,237.5824781769819
8,59,0,0,0,3,224.55646000551198
8,0,0,1,1,7,259.5545403695118
8,1,1,1,0,6,259.27121282313465
8,2,0,0,0,0,219.66312226126684
8,5,1,0,0,4,234.66129975311458
8,6,0,0,0,1,225.7425273940615
8,7,0,0,0,5,226.92265694683778
8,10,0,0,0,2,227.00210440236435
8,12,0,1,0,7,245.21670205313336
8,15,0,0,0,6,226.15133588779543
8,17,0,1,0,3,242.4576312770188
8,18,0,0,0,2,221.7480909513488
8,19,0,1,0,0,231.89202940563317
8,20,0,1,0,5,239.0604814100228
8,22,1,0,1,3,254.09441474978306
8,23,1,0,0,4,233.71755281338307
8,24,1,0,0,0,233.16603027527816
8,25,1,0,0,7,236.43759264141525
8,26,0,1,0,6,242.2249340726782
8,33,0,0,1,7,234.68947135367478
8,34,0,0,1,7,249.68708102853773
8,35,0,0,0,4,218.58889678913707
8,36,0,0,0,1,217.3796220820032
8,37,0,0,1,2,228.97429162020202
8,38,0,1,1,4,244.35112259268809
8,39,0,1,1,5,249.30711396464463
8,41,1,0,1,4,244.2267149027107
8,42,0,0,1,4,230.90701468179552
8,43,1,0,1,3,254.24473620265388
8,44,1,1,0,0,241.05708602048355
8,45,1,1,0,7,254.30071997578764
8,46,1,0,0,3,229.98166051025433
8,47,1,0,1,4,243.1656790809286
8,48,0,0,1,7,243.29906025169186
8,51,1,0,0,1,231.75828249095
8,52,1,0,0,1,229.0273407387108
8,53,1,0,1,7,260.1177126347872
8,55,1,0,0,0,230.8164279473031
8,56,1,0,0,2,231.35518805524615
8,57,1,1,0,3,249.03665995692714
8,58,1,0,0,0,233.31440528564096
8,0,1,0,0,5,236.21636477595848
8,3,0,0,0,4,220.6442646281623
8,4,1,0,0,4,235.13128054445528
8,8,0,0,0,5,223.1939520889717
8,9,0,0,0,0,220.91071915195485
8,11,0,0,0,3,224.47836278070068
8,14,0,0,0,2,226.29819794650086
8,15,0,0,0,5,225.28035617861772
8,16,0,0,0,5,222.6752634937545
8,17,1,0,1,6,252.24286672691198
8,18,0,1,1,0,246.713240355311
8,19,0,1,1,4,248.74789217803755
8,21,0,1,1,0,248.50780348012293
8,23,0,1,1,0,248.72504306612313
8,24,0,1,1,7,264.55822993461953
8,27,0,0,1,1,234.60325877381717
8,28,0,0,0,0,221.96782921669558
8,30,0,1,0,5,239.349256836609
8,31,0,1,0,4,236.30939627721938
8,33,1,0,1,6,247.14010909936823
8,35,0,1,1,4,249.1180866770899
8,36,0,1,1,2,246.25585879767505
8,37,0,0,1,1,228.86142025061912
8,38,0,0,0,3,215.34550848494825
8,41,0,0,1,2,229.85410776832597
8,42,0,0,1,0,226.93391503035343
8,43,0,0,1,5,234.417143852046
8,45,0,1,1,5,244.88669966784158
8,49,1,1,0,2,242.84145761803185
8,50,1,0,0,4,227.14683846604805
8,55,1,0,1,5,250.2945662954732
8,57,0,0,0,6,222.85159135439068
8,58,0,0,0,5,219.88859800843034
8,59,1,0,0,6,235.8580446509167
8,1,0,1,0,3,232.94751392296388
8,2,0,1,0,1,231.9200224845609
8,3,0,1,0,2,233.53396499075384
8,4,0,1,0,3,240.08519192171858
8,5,0,0,0,7,229.61398776833283
8,7,0,0,0,2,224.84126192534526
8,8,0,1,0,2,235.7376123836532
8,10,0,0,0,4,221.22688635870705
8,12,1,0,0,7,248.72943135575974
8,13,0,0,1,7,251.37576098217164
8,15,0,1,0,6,235.48229661336455
8,18,1,0,0,0,232.0833180936668
8,19,1,0,0,2,236.2568555336315
8,20,1,1,0,6,250.11252181911019
8,21,1,1,0,1,251.14284849405706
8,23,0,1,0,3,242.54878504928226
8,24,0,1,0,3,235.89389921814808
8,26,0,1,0,0,234.07179532725004
8,28,0,1,0,0,232.64380611856038
8,30,0,1,0,6,238.97853001926174
8,31,0,0,0,2,220.15079342988622
8,33,1,0,0,0,231.00173979032672
8,37,0,0,0,2,221.40124087047656
8,39,0,1,0,1,228.59998393356508
8,41,0,1,0,2,229.5664871211764
8,43,1,1,0,1,243.1773798450366
8,44,1,1,1,0,258.43287847550505
8,46,1,1,1,7,273.11460778493415
8,47,0,0,0,5,220.39394324371636
8,48,1,0,0,5,234.2406380828257
8,49,0,0,0,0,214.04948830143664
8,51,0,0,0,2,214.58494847809243
8,53,1,1,0,7,259.18662555345026
8,55,0,0,0,2,218.41772427150735
8,57,0,0,0,2,219.33097454834672
8,59,1,1,0,2,248.60755840262323
8,1,0,0,0,4,216.3529417303694
8,8,1,1,0,7,261.09263965003913
8,10,1,0,0,7,254.9412286400123
8,11,1,0,1,0,246.1461925206438
8,12,1,0,1,4,249.97141272040852
8,13,0,0,1,3,240.19730846426998
8,14,0,0,0,1,222.10309159561305
8,15,0,0,1,2,235.57598466316531
8,16,0,1,1,6,253.6069738595816
8,17,1,0,1,4,248.82811332855593
8,18,0,0,1,3,238.11305616269095
8,19,0,0,0,1,219.22528271671763
8,21,1,0,0,5,237.50492303076598
8,23,0,0,0,6,226.33260228105067
8,25,0,1,0,7,245.99259742896726
8,27,1,0,0,7,251.15132924364192
8,28,0,0,0,7,234.12440259373324
8,29,1,0,0,7,248.91012711545312
8,31,0,0,0,1,221.68179881069202
8,34,0,0,0,3,227.91495380214062
8,35,0,1,0,7,246.34447694150478
8,39,0,0,0,0,215.58073473411062
8,40,0,0,0,4,220.41454441628014
8,42,0,0,0,6,219.5479103539895
8,43,1,0,0,1,232.08573778361873
8,44,1,0,0,5,232.08789620362515
8,46,0,0,0,2,217.44271087442905
8,49,1,1,0,7,253.15417303628496
8,50,0,0,0,7,219.88921252101886
8,51,1,1,0,5,247.93952187421002
8,54,1,0,0,7,243.3582378415038
8,55,1,0,1,0,247.17891601896926
8,56,1,0,1,1,247.90079807587279
8,57,1,0,0,5,232.53642731326914
8,58,0,0,1,3,234.3131530349433
8,5,0,0,0,6,228.837454794574
8,9,1,0,0,4,233.7325293402896
8,10,1,0,0,0,232.06563625939688
8,11,1,0,0,5,239.48251934456323
8,13,1,0,0,4,234.29918633499273
8,17,0,1,0,6,236.54221430098963
8,19,0,0,0,6,223.22814015016482
8,20,1,1,0,4,250.0051793253357
8,22,1,0,0,7,236.08705286623248
8,24,0,0,1,2,232.1397268912629
8,25,0,1,1,1,250.54950249563785
8,26,0,1,1,4,249.14166596117818
8,27,0,1,1,7,262.07249532041686
8,28,0,1,1,7,249.4526576432039
8,29,1,1,0,3,252.4595879381602
8,30,1,0,0,4,232.58821070127473
8,31,0,0,0,4,220.5439400834466
8,33,0,0,1,4,237.73689367642962
8,34,1,0,1,1,248.5038800105905
8,35,1,0,0,1,233.70026448084107
8,36,1,0,0,7,244.6026995854532
8,37,0,1,0,6,237.66507672937132
8,46,0,0,0,6,220.5239171619449
8,47,0,1,0,4,231.47388835867397
8,49,1,1,1,6,260.0503040868111
8,50,0,0,1,4,230.45551030752122
8,51,0,0,1,4,230.04345942525512
8,52,1,0,1,2,246.4217830364756
8,53,1,0,1,0,241.49188013184747
8,54,1,0,1,0,243.132775535374
8,55,1,0,1,3,251.49898539490812
8,56,1,0,0,0,229.1783533189716
8,57,1,0,0,3,231.9495557880744
8,58,1,0,1,0,243.3043324643795
8,59,1,0,1,1,245.46833858637854
8,1,1,0,0,4,235.00318339623846
8,6,0,1,0,0,234.55940106514782
8,7,0,1,0,5,239.82640828290064
8,10,1,0,0,6,244.00054302316641
8,11,1,1,0,4,252.57649990203498
8,12,1,1,0,4,251.20127962405172
8,13,1,1,0,3,248.84399652346434
8,14,1,0,0,7,249.09084653599666
8,16,0,1,0,2,232.48853407830268
8,18,1,1,0,6,252.66088264345916
8,21,1,1,1,7,267.84195851307595
8,23,0,0,0,5,226.75666948373362
8,24,1,0,0,4,235.97553011168
8,27,0,0,0,4,225.94264694491042
8,29,0,0,1,5,237.62401224652245
8,31,1,0,1,0,249.24088462075107
8,32,1,0,1,2,249.51701417673712
8,33,1,0,1,3,257.3850408869035
8,34,1,0,1,2,250.15997886668234
8,35,1,0,1,5,248.14391499583735
8,37,1,0,0,0,229.75891632018102
8,38,1,0,0,6,231.94892169860802
8,39,0,0,0,6,221.54331863339388
8,41,0,1,1,3,248.7924951382728
8,44,0,0,1,1,231.64306654704222
8,45,0,0,0,0,215.19890641892667
8,52,0,0,0,5,220.39286645880975
8,53,0,0,0,0,216.39853040835646
8,54,0,0,0,2,216.95124629794884
8,56,1,0,0,1,230.25948209302746
8,57,1,0,0,4,231.22069947192517
8,59,0,0,0,6,225.28232741717588
8,1,1,0,0,0,233.98373161245328
8,2,1,0,0,6,238.433555765737
8,6,1,1,0,6,253.0562539480713
8,12,1,0,0,0,234.4453278090952
8,16,0,0,1,4,235.34932336550472
8,17,1,0,1,0,242.8263501337585
8,18,1,0,1,1,248.16889149026863
8,19,1,0,0,4,235.692841170088
8,22,0,0,0,6,225.50111063737972
8,24,0,0,0,7,235.5836054822655
8,25,0,0,1,5,235.7342275391233
8,30,0,0,0,3,223.79441813284268
8,31,0,0,0,3,223.15246313819418
8,34,0,0,0,5,222.14579475813852
8,35,0,0,0,3,219.90520753024728
8,36,0,0,0,7,227.51027303511353
8,37,1,1,0,1,244.4961122042797
8,38,1,1,0,0,241.57414333666856
8,40,0,1,0,2,233.43914006366577
8,42,0,0,1,1,227.5610657387834
8,44,0,0,0,2,217.74454091104485
8,45,0,0,0,7,226.5745278373433
8,50,0,0,0,3,231.6257277980631
8,51,0,1,1,3,258.31249986066507
8,52,0,0,0,3,224.08529787874
8,55,1,0,0,7,244.7849303358637
8,58,0,0,0,3,221.35492273151675
8,59,0,0,0,2,217.27793079417023
8,0,0,0,0,0,213.26486182592035
8,4,1,0,0,1,231.43109480679317
8,7,1,0,0,0,232.25591516852356
8,8,1,0,0,5,239.4477536684631
8,10,0,0,1,1,233.59806046595435
8,11,0,0,1,7,236.14604233105945
8,16,0,0,0,7,232.98144938003287
8,17,1,0,0,5,239.1369910193648
8,20,0,0,0,3,222.8134161501293
8,21,0,0,1,3,239.50861939270345
8,22,0,1,0,5,241.89736399661535
8,23,0,1,0,4,238.20418125862653
8,24,1,1,0,4,249.93384654134368
8,26,1,1,0,1,248.80328622347483
8,27,1,1,0,5,249.58157729639524
8,28,0,1,0,6,239.5331352297328
8,30,0,1,0,7,248.77802376042104
8,38,0,0,0,0,214.65855085138773
8,41,0,0,1,1,228.61746790283973
8,47,0,0,0,1,214.43108216445106
8,48,0,0,0,3,219.58441184982073
8,50,0,0,1,0,228.66826476822496
8,51,0,0,1,7,248.24655049242864
8,54,1,1,0,3,248.901416594929
8,56,1,0,0,5,234.101607996657
8,0,0,1,0,1,232.16199208053203
8,4,0,0,0,6,228.0915303691156
8,5,1,0,0,5,239.06630836145666
8,6,0,0,0,4,219.58871667555528
8,8,0,1,0,3,239.2893980405545
8,9,0,0,1,5,232.8919411536471
8,10,0,0,1,0,230.77177055899912
8,11,0,0,1,3,245.28673354263984
8,12,0,1,1,2,250.38811167787517
8,14,1,1,1,2,265.13691848463486
8,15,1,0,1,6,252.81397802890763
8,16,1,1,1,5,264.3534593835934
8,17,0,1,1,0,248.38386042974662
8,19,0,1,1,7,262.1198930462113
8,20,0,1,0,2,239.61507050615722
8,22,1,1,1,3,266.4520547906881
8,23,1,0,0,5,236.13556659727706
8,26,0,1,0,2,236.6867779597115
8,27,0,1,0,4,235.97832432587626
8,30,0,0,0,7,234.7699790334831
8,32,0,1,0,2,238.92848106481824
8,34,0,1,1,1,246.12405380011145
8,35,0,1,0,1,231.36564516034932
8,36,0,1,0,3,234.39401870201118
8,38,0,1,0,5,234.7511661712649
8,39,0,1,0,7,244.62810302246658
8,40,1,0,0,0,228.768344732216
8,41,1,0,0,1,230.95104877646895
8,42,1,0,0,5,231.85203175197688
8,45,1,0,0,2,230.03931173179998
8,47,1,0,0,4,229.27228468895382
8,48,1,0,0,4,232.4394644099331
8,49,0,0,0,4,216.6068192095386
8,54,1,0,0,4,234.7955773222534
8,59,0,0,0,1,218.39685597521316
8,1,1,0,1,2,247.2964446598245
8,2,1,1,1,0,260.83128113714525
8,3,1,1,1,1,264.90735238260345
8,4,1,1,1,6,265.1604081878821
8,8,1,0,0,6,245.13215345674428
8,12,0,1,0,1,236.02405502703903
8,15,0,0,0,2,219.4833923216787
8,17,0,0,0,4,222.79296887214616
8,21,0,1,1,4,248.8112309796905
8,22,0,1,1,7,264.27367835996705
8,23,0,0,0,2,225.0830010381081
8,24,0,1,0,7,250.41599171947044
8,31,1,1,0,4,251.03034274441623
8,34,0,1,0,2,233.20753314352459
8,39,0,1,0,0,229.71287152932666
8,40,0,1,0,3,232.90165355874274
8,41,0,0,1,5,231.88829653023788
8,43,0,0,0,7,229.5841138493147
8,45,0,1,0,4,230.2209205058883
8,47,0,1,1,7,257.87783727001346
8,52,0,0,1,4,229.78956357834258
8,54,1,1,1,1,260.64228111635794
8,56,0,0,0,4,216.0085814023402
8,57,0,0,0,0,214.92371534983596
8,59,0,1,0,2,238.2812955104667
8,1,0,1,0,0,230.1963281044465
8,2,0,1,0,4,234.98234546219578
8,3,1,1,0,4,248.47602699026064
8,4,1,1,0,1,248.6587811186858
8,5,1,1,0,0,247.42103747850518
8,6,1,1,0,7,263.65218450264257
8,7,1,1,0,6,251.0004344788646
8,8,0,0,0,6,226.66989137626226
8,11,0,0,0,6,225.2113134626837
8,13,0,0,0,0,219.8965002484214
8,20,0,1,0,4,237.0002141367217
8,21,0,1,0,3,241.3193787328978
8,22,0,0,0,0,221.22056740299493
8,26,0,0,1,0,234.15828922138556
8,28,1,1,0,7,255.1192417833667
8,29,0,1,0,0,234.91484688306488
8,33,0,1,0,0,233.0229584200012
8,34,0,1,0,7,251.15187871331972
8,36,1,1,1,4,263.27389369465504
8,37,1,1,1,1,260.4899571104469
8,38,1,1,0,3,244.36705316558096
8,44,1,0,1,0,244.41733649665244
8,45,1,0,1,0,244.4760451582521
8,46,1,0,1,0,241.93485262402288
8,47,1,0,1,6,244.75088904672364
8,48,0,0,1,3,230.62792248788546
8,58,0,0,0,0,214.83463867928631
8,5,0,0,1,1,234.49332705098377
8,10,0,1,0,6,241.47679923696148
8,16,0,1,0,4,234.98899291136235
8,17,0,1,0,4,237.5900173449412
8,18,0,1,0,1,234.03128684118445
8,20,0,1,1,4,245.91166312952254
8,21,1,1,1,3,267.7424704090547
8,22,1,1,0,0,247.72336268410055
8,23,1,1,0,3,249.48696076730172
8,28,1,0,0,1,238.8390736143292
8,32,1,0,0,7,248.6556759397969
8,37,0,1,0,7,242.92613483393194
8,38,1,0,0,1,230.13911073032523
8,39,1,0,0,0,227.58377633091703
8,40,1,0,0,6,231.99919238463553
8,41,0,0,0,2,215.95158397956754
8,43,0,1,0,0,227.35767416127797
8,45,0,0,0,1,217.55307410102503
8,52,0,0,0,7,232.1398410093879
8,53,1,1,0,0,244.49509983400822
8,54,1,1,0,4,246.85353068399192
8,58,1,1,0,0,247.02095969746495
8,0,1,1,0,1,250.59660124913157
8,1,1,1,0,0,244.0811398271472
8,2,1,1,0,2,248.96773053564914
8,3,1,0,0,1,231.00888264287883
8,5,1,0,0,2,233.3120597891162
8,7,1,0,0,6,234.33427429584899
8,9,0,0,0,6,225.0890928809085
8,12,1,0,0,6,236.5920718464095
8,15,0,0,0,4,222.52175567531256
8,16,0,0,0,1,221.40783562864556
8,17,0,0,1,6,235.0069172440262
8,18,1,0,1,6,248.61352862008582
8,20,0,1,1,0,246.85134346666374
8,21,0,1,1,3,251.13299491476783
8,22,0,0,0,1,220.12816821758426
8,23,0,0,0,0,219.92148793181713
8,24,0,0,0,1,224.8548165732221
8,26,0,0,0,0,220.68637974411945
8,27,0,0,0,0,220.17572612907085
8,28,0,0,0,5,226.3929829236173
8,29,0,0,0,1,222.04541460640863
8,30,0,0,0,0,218.0027465692425
8,33,0,0,0,7,233.1881084029939
8,35,0,0,0,6,223.22721044709309
8,37,0,1,0,5,234.85189982010536
8,39,0,1,0,3,236.028133948892
8,41,1,1,0,5,247.11265412891757
8,44,0,0,0,1,215.09323556069396
8,46,0,0,0,7,229.9511526581737
8,47,1,0,0,0,226.9367146431218
8,49,0,0,0,2,219.31247352957766
8,53,0,1,0,7,244.77704772706252
8,56,0,1,0,6,235.87174922506236
8,58,0,0,1,0,230.07083514643233
8,59,0,0,1,3,233.99472026736024
8,0,0,1,0,2,237.11633218357065
8,1,0,0,0,3,220.55579576168017
8,5,0,1,0,0,233.2129517949246
8,11,0,1,0,6,242.79212413324205
8,15,0,0,1,6,242.4899219307354
8,18,1,0,0,5,236.3561441318643
8,21,0,0,1,0,232.7128608827569
8,22,0,0,1,7,246.70775907394557
8,23,1,0,0,0,233.6111545230253
8,25,0,0,0,5,223.67026290513917
8,28,0,1,0,2,239.57958818523514
8,29,0,0,0,6,224.90315266531906
8,30,1,0,0,1,233.80152345590253
8,31,1,0,0,4,236.02869066465573
8,32,0,0,0,1,223.10512480561408
8,36,0,0,0,2,221.88978015216475
8,37,0,0,0,6,223.39627173939803
8,38,0,1,0,2,232.37494814281024
8,39,0,0,0,2,219.07147116943514
8,40,0,1,0,5,234.09080480120323
8,41,0,1,0,6,234.17281616860282
8,50,0,1,1,5,243.95405446174095
8,52,0,0,0,6,222.63599742904853
8,54,0,1,0,1,230.24316011338195
8,55,0,1,0,5,233.504548556609
8,56,0,1,0,2,234.9458037986588
8,0,0,0,0,6,222.240973356946
8,1,1,1,0,5,248.51030599436342
8,2,1,1,0,0,245.64014548446556
8,4,0,1,0,5,236.63459789946006
8,6,0,0,0,0,219.2067943727352
8,8,1,1,0,3,252.52676635982124
8,9,1,0,0,5,238.9637866619532
8,15,1,0,0,6,240.4420214955781
8,16,1,1,0,5,248.92137720172784
8,17,1,1,0,1,248.9275085706884
8,18,1,1,0,5,250.65639969428358
8,19,0,1,1,6,252.92041005936852
8,20,1,0,1,0,245.62266922049793
8,21,1,0,1,1,249.90245435471587
8,22,1,0,0,6,247.49373245503028
8,25,1,0,0,3,235.01432371474334
8,26,1,0,0,3,237.44308783104952
8,29,0,1,0,5,240.20177658496033
8,34,1,1,0,5,245.90305917737015
8,35,1,1,0,2,247.3528226360166
8,36,1,0,0,2,233.93887627153376
8,37,1,0,0,2,234.60363360704932
8,38,1,0,0,4,229.62977725116392
8,41,0,1,0,1,230.05351643606033
8,45,0,0,0,4,216.2994838429258
8,48,1,0,0,3,234.70786382018562
8,49,1,0,0,2,226.28834779759842
8,52,0,0,0,4,219.24391331386934
8,54,0,0,1,2,230.77414271447756
8,55,0,0,1,1,234.69057238661682
8,56,0,0,1,5,231.34088113948889
8,6,0,1,0,2,236.70537279137318
8,12,0,0,1,5,236.90476365173834
8,13,0,0,1,2,233.0867705558801
8,14,0,0,1,6,235.2630060473487
8,15,0,1,1,6,249.39035763464338
8,16,1,1,1,4,261.25308249043314
8,21,0,1,0,5,239.69944044795108
8,23,1,1,0,0,250.51822147534284
8,24,1,1,0,1,252.55693061444472
8,25,1,1,0,6,255.49529537228784
8,27,0,0,1,6,237.38628146580288
8,28,1,0,1,3,252.48075264167989
8,29,1,1,0,7,265.7729932511383
8,32,0,0,0,0,221.48091997219353
8,34,0,0,0,7,222.01449565801525
8,35,0,1,1,3,250.78861347337937
8,38,0,0,0,4,218.85894736542454
8,41,0,0,0,6,220.8004154124228
8,46,0,0,1,0,227.95691547565286
8,47,0,0,1,2,231.12629908807818
8,48,0,0,1,1,231.57170475966555
8,53,0,1,0,0,226.47423819322808
8,55,0,1,0,7,241.54987643393238
8,56,1,1,0,2,247.72304859344501
8,57,1,0,0,1,229.14122842622092
8,59,1,0,0,0,229.88372216220176
8,0,1,0,0,3,232.5624002009775
8,1,1,0,0,7,243.96911331726568
8,2,0,1,0,3,233.36556507617112
8,3,0,1,1,7,253.90960887617425
8,4,1,1,0,0,247.12385316302442
8,7,0,0,1,1,235.6564984403682
8,9,0,0,1,0,229.01166617296818
8,10,0,0,1,6,232.27391905201128
8,11,0,1,1,0,245.92764559763063
8,12,0,1,1,5,252.01030363404078
8,13,0,1,1,4,247.6544230448798
8,14,0,1,1,2,249.79371010277214
8,16,0,1,1,7,261.59058800934287
8,18,1,0,1,0,245.53887133613438
8,19,1,0,1,4,249.43104018938726
8,26,0,1,0,4,236.14451150575925
8,27,0,1,0,0,233.69839287125544
8,29,0,0,0,2,222.81836984975325
8,36,0,1,0,0,229.90865829134106
8,37,0,1,0,2,235.9881881645799
8,40,0,1,0,1,227.34073728747376
8,42,0,1,0,5,229.20444491489906
8,43,0,1,0,4,230.6590742237887
8,45,1,0,0,6,232.97839427120627
8,48,1,1,0,0,241.43111535935748
8,49,1,1,0,3,245.4847532989292
8,52,1,0,0,2,231.66716892840245
8,53,1,1,0,5,249.01904777740515
8,54,0,1,1,6,251.04282618614275
8,55,0,0,1,7,234.61649980364407
8,1,0,1,0,1,232.94292290521275
8,2,0,1,1,5,246.85516029276405
8,3,0,1,1,0,246.30799258380947
8,4,0,1,1,4,246.29069933490393
8,5,0,1,1,6,246.8309133320119
8,6,1,0,1,3,249.9211309660884
8,7,1,0,1,3,260.31618018375076
8,9,1,0,0,2,239.00757846740842
8,10,1,1,0,5,249.7979539787421
8,11,1,1,0,7,248.83732650715118
8,16,0,0,1,6,236.7312526429603
8,18,0,0,1,1,235.77826148253473
8,25,1,0,0,2,240.03514783216121
8,28,0,1,1,1,249.5436797605054
8,29,0,1,1,5,249.7581550097423
8,30,0,1,0,2,237.10362006548587
8,32,0,1,1,6,249.31139466100421
8,33,0,1,1,1,252.503501115521
8,36,0,0,0,0,217.0243552250746
8,38,0,1,0,7,246.1889184768493
8,42,1,0,0,3,232.58992357849104
8,44,1,0,0,7,243.7185542232069
8,46,0,1,0,6,235.77151594762813
8,50,0,1,0,5,232.32222044545543
8,55,0,0,1,2,233.47304725791255
8,56,0,1,1,1,247.25077635589975
8,57,0,1,0,1,234.55971569185675
8,59,1,1,0,4,250.90441812712726
8,2,0,0,1,2,232.18101454315922
8,7,0,1,1,2,249.29381441447202
8,8,0,0,1,6,232.98081542745695
8,9,1,1,1,5,267.7770429172503
8,10,1,1,0,7,268.85121233957926
8,11,0,1,0,0,234.76217455209974
8,12,0,1,0,2,238.66440684746283
8,13,0,1,0,7,247.833205500036
8,14,1,1,0,5,252.4816994615712
8,15,1,1,0,0,245.5677922997687
8,16,1,1,0,4,248.51941242992297
8,18,0,1,0,3,235.2033309996585
8,22,0,1,0,1,242.3817308569673
8,24,0,1,1,5,251.68403546710422
8,25,0,1,0,2,236.83576690222108
8,33,0,1,0,3,239.30054028984728
8,36,0,1,0,7,242.98858077581306
8,42,0,1,1,6,245.94996389448545
8,43,0,0,1,2,229.8078235592087
8,44,0,1,1,0,241.79602720923228
8,45,0,1,1,6,242.98654766102777
8,46,0,0,1,3,229.9110669047027
8,49,0,1,0,4,230.50326877108492
8,53,0,0,0,3,220.37229001608344
8,54,0,0,0,3,223.5741229392132
8,0,1,1,0,5,246.2551861012221
8,1,1,1,0,4,249.75149044988828
8,2,1,1,0,1,246.9663151842546
8,3,1,1,0,5,253.45613677779653
8,8,0,0,1,0,229.66461249112237
8,10,0,0,1,4,234.42321874120861
8,11,1,0,1,4,250.30773259900673
8,13,0,0,0,7,222.64494490964543
8,14,1,1,0,0,247.59067794063884
8,15,1,1,0,4,249.6271536174908
8,16,1,1,0,2,248.48548926085462
8,18,1,1,0,1,247.85815015336055
8,19,1,1,0,2,247.24811438807305
8,21,1,1,0,4,254.97139427937196
8,23,0,1,0,2,239.35128283972662
8,25,0,1,0,0,232.97392979392657
8,28,1,1,0,1,249.42493767384275
8,30,1,0,1,6,250.2890062450606
8,35,0,0,0,7,230.93730891120754
8,39,0,1,1,2,247.2365682505716
8,40,0,0,1,3,237.4557990267748
8,41,0,1,0,5,235.80016815474977
8,46,0,0,0,3,219.39813396648327
8,54,1,0,0,0,229.8100812935988
8,55,1,0,0,3,234.17583112201015
8,58,0,0,0,2,218.21765298675106
8,59,0,1,0,0,231.68814636173263
8,4,0,0,0,0,218.89448001547407
8,5,0,0,0,2,222.149619399132
8,6,0,1,0,3,237.56791402877
8,7,0,0,0,4,223.93920661260267
8,8,0,0,0,0,218.37621321794188
8,13,1,1,0,7,260.54843225213034
8,24,0,0,0,4,222.51832170172773
8,32,1,1,0,4,251.33715474432614
8,45,0,0,0,6,220.44476449098744
8,46,1,1,0,1,247.5184301806566
8,48,1,1,0,4,243.6703061498895
8,50,1,0,0,3,241.4348354441641
8,51,1,1,0,1,243.9724105547573
8,52,1,1,0,6,251.03371108647232
8,54,0,1,1,3,251.13918376096547
8,55,0,1,1,7,267.7332917562693
8,3,1,1,0,3,250.63369995337501
8,4,1,1,0,6,264.59397025772756
8,6,1,0,0,6,241.92196737568565
8,7,0,0,0,0,217.980464534499
8,14,0,1,0,4,236.02178442262388
8,16,0,1,0,0,233.47501376222215
8,20,0,0,0,7,236.71584160187209
8,21,1,1,0,6,263.9960727083902
8,22,0,0,0,2,223.83069453798277
8,27,0,0,0,7,241.50653254543258
8,32,0,1,0,5,234.2956026903501
8,35,0,1,1,7,264.0147075295632
8,36,1,1,0,1,245.83492937772755
8,38,0,1,0,4,233.82220197202366
8,39,1,1,0,3,245.77895972736272
8,42,1,0,1,2,245.49995978536606
8,43,1,1,1,1,258.24502912499264
8,47,1,1,0,3,244.07601723661202
8,48,1,0,0,0,227.6830112516845
8,49,1,0,0,1,229.4577058516644
8,52,0,0,0,0,217.0065853240048
8,53,0,0,0,5,219.58140250699492
8,57,0,1,0,5,236.46197780133093
8,58,0,1,1,4,245.33046033392645
8,59,1,1,1,3,267.5577742889937
8,5,0,0,0,4,223.20565749680452
8,6,1,0,0,4,234.8336714398115
8,8,0,0,1,2,230.3129718783399
8,10,0,1,0,5,239.13364485499366
8,14,0,1,0,7,247.65927928757384
8,15,1,0,0,0,235.3097163993127
8,23,0,0,1,5,234.6721225722125
8,26,1,0,0,1,235.90159710724657
8,28,1,1,0,3,252.65659611034155
8,29,1,1,0,0,247.8953274469259
8,30,1,1,0,4,248.24693675121128
8,32,0,1,0,7,240.93496626662767
8,35,0,1,0,2,232.38592567906736
8,39,1,0,0,6,235.19715821065626
8,40,1,0,0,2,232.1615353600736
8,41,1,0,0,4,231.68218544671697
8,43,0,1,1,5,243.31368183736046
8,45,1,1,0,6,240.56729471349533
8,49,1,1,0,4,243.03976638551975
8,54,1,0,1,1,246.18745464514927
8,55,1,0,0,2,231.40083520909718
8,56,1,1,0,7,260.61489186796587
8,59,1,0,0,1,232.57202742911346
8,1,1,0,0,5,234.73123764415664
8,2,1,0,0,4,238.0678592355981
8,4,1,0,0,7,238.8321353149535
8,5,0,0,0,3,226.7433655530875
8,10,1,0,0,1,232.76729283650226
8,11,1,0,0,2,235.6882664123113
8,13,1,1,0,4,250.35212270571316
8,14,1,1,0,1,249.15093399222448
8,15,1,1,0,1,250.3926023818953
8,20,1,1,0,5,251.53606410659805
8,21,1,1,0,7,259.55507551316606
8,26,0,1,0,7,253.08688469342448
8,28,1,0,0,0,233.36251289586127
8,29,1,0,0,3,239.0957996346116
8,30,1,1,0,0,246.77836040407294
8,40,0,1,0,0,226.01147808227745
8,41,0,1,0,4,231.3912694612477
8,42,0,1,0,4,230.7911963477872
8,43,0,1,0,5,232.77855963305464
8,44,0,1,0,4,228.79765218473264
8,45,0,1,0,6,231.05542605726927
8,46,1,1,0,7,260.2915744946603
8,48,0,0,0,4,215.57678400102452
8,51,0,1,0,6,239.30518766153676
8,53,1,1,0,4,243.16962438164774
8,0,0,1,0,6,234.47549774948263
8,3,0,1,0,4,235.8827067614336
8,6,0,1,0,1,237.49614572768763
8,11,0,1,0,2,235.66817110706617
8,15,0,1,0,2,237.66295462996914
8,18,0,1,0,7,242.81829665315954
8,19,1,0,1,7,256.98094285078923
8,22,0,0,1,2,239.13324916684437
8,23,0,0,1,0,231.06285248027234
8,25,0,0,1,4,235.97053686768263
8,26,0,0,1,2,237.58697204210733
8,27,0,0,1,2,237.67663790366112
8,28,0,0,1,5,237.75035820189188
8,29,1,0,0,6,236.93879445057368
8,30,0,0,0,4,219.56264345936617
8,35,1,0,1,0,248.09360692834724
8,36,1,0,1,7,262.75609268087766
8,37,0,1,0,0,231.5391297633904
8,39,1,1,0,2,244.99762374222806
8,40,1,1,0,3,246.95877716792953
8,41,1,1,0,1,248.90918470774105
8,42,1,1,0,0,243.0101381343845
8,43,1,1,0,5,242.96804164066012
8,45,1,0,0,7,245.39967606101231
8,47,1,0,0,6,238.88634417554098
8,50,1,1,0,7,247.20307943800935
8,52,0,0,1,5,230.6861257370067
8,53,0,0,1,3,230.58425689512717
8,54,0,1,0,2,232.39490716993586
8,0,1,0,0,6,235.0710727934242
8,1,1,0,0,6,239.76894235342473
8,5,0,0,1,2,239.06542982774468
8,6,0,0,1,4,233.7949544581341
8,7,0,0,1,2,234.32845356198163
8,8,0,1,1,2,249.04453435081916
8,9,0,0,1,2,233.2180348889266
8,11,0,0,1,0,231.5392270051814
8,15,0,0,1,1,234.80423463669354
8,16,0,0,0,3,226.20095323304756
8,19,0,0,0,2,224.22256274808484
8,22,0,0,0,4,220.5070799360681
8,25,0,0,0,4,221.97781221831514
8,28,0,0,0,4,223.53736904960553
8,30,1,1,1,3,264.5200939321452
8,31,1,1,0,2,253.10738902024474
8,32,1,1,0,7,260.7859316931696
8,33,1,1,0,4,251.83927814016792
8,35,0,1,1,5,250.5594380032096
8,42,0,0,0,7,219.39511005708
8,44,0,1,0,0,227.88188984494354
8,48,0,0,0,7,227.71172921765162
8,49,0,1,0,3,229.081855276793
8,50,0,0,1,2,232.80050135254146
8,51,0,1,1,6,245.22740988553002
8,52,1,0,1,5,245.99112913907894
8,54,0,0,1,4,230.68525740914737
8,55,1,0,1,7,259.6648633639327
8,56,0,0,1,1,231.92686796080764
8,59,0,1,0,6,235.54416695289157
8,3,0,0,0,1,220.52304700851138
8,12,0,0,1,2,231.9939357512648
8,17,0,1,1,4,250.73253942556116
8,22,0,1,0,3,242.57873826090992
8,23,0,0,0,7,234.3881671428057
8,24,0,0,0,5,227.3795007168278
8,35,1,0,0,6,239.83381522395797
8,38,0,1,0,0,227.57934836914927
8,40,1,0,0,7,238.28876893528704
8,43,1,0,0,4,230.42554573599784
8,47,1,1,0,1,242.74381632243356
8,49,0,1,0,1,233.34478418676025
8,50,0,1,0,6,233.42627536413372
8,57,1,0,0,2,232.36231033046974
8,58,1,0,0,5,234.99413868754823
8,59,1,0,0,2,230.1610312938254
8,0,1,1,0,3,258.56408732609015
8,1,1,1,0,7,250.00087055555971
8,7,1,0,0,5,238.32943048057533
8,8,0,0,1,5,233.01281757839135
8,11,0,0,1,4,230.98920001439177
8,12,0,0,1,3,235.86808057521543
8,14,0,1,0,3,241.14714294864066
8,17,0,1,0,0,233.11129584181248
8,18,0,1,0,2,233.4741402629072
8,22,1,0,1,0,248.8017023980395
8,23,1,0,1,0,249.5962655187862
8,24,1,0,1,4,251.87599560242487
8,25,1,0,1,4,250.1172327560503
8,26,0,0,1,3,235.35850599493193
8,27,0,1,1,1,253.02476995763237
8,29,0,1,1,7,260.35093108490577
8,30,0,0,1,3,234.11976786975
8,32,0,0,1,7,247.01810609581142
8,33,0,1,1,7,263.0695114709955
8,34,0,1,0,6,235.47379596546895
8,42,1,1,0,1,244.30360337851513
8,44,1,1,1,4,265.14583837595006
8,46,0,1,1,4,242.73529746009444
8,53,0,1,1,7,250.61607594906258
8,54,1,1,1,2,265.5752637877567
8,55,1,0,1,2,247.9553746606746
8,56,1,0,1,0,244.04471985168746
8,58,1,0,1,4,245.39439046599114
8,59,1,0,1,3,245.70490573416652
8,0,1,1,0,0,244.48303785125626
8,3,1,0,1,2,248.9995662345876
8,4,1,0,1,3,250.9721421009102
8,6,1,1,0,2,247.04921869429427
8,15,1,0,0,3,237.9169024634212
8,17,1,1,0,7,261.714846624267
8,18,0,1,1,2,251.8841379756216
8,20,0,0,1,5,237.85479723437348
8,26,1,1,0,2,250.3310553372608
8,28,1,0,0,3,240.18157415217627
8,30,0,1,1,6,253.84948615481042
8,31,0,0,1,5,234.097340278062
8,33,1,1,0,6,251.8289567506158
8,40,0,0,1,4,229.75529012210274
8,41,0,0,1,0,228.91941122024883
8,44,0,0,0,4,217.0116067527859
8,50,0,0,0,0,214.56729471601204
8,51,0,0,0,0,214.86353270640774
8,53,0,0,0,2,219.77528472621563
8,54,0,0,0,6,220.99704770411273
8,2,1,0,1,7,261.9533945253607
8,3,0,1,0,7,250.38247807023066
8,5,0,1,0,4,235.23034260332915
8,19,0,1,1,3,251.90039285947873
8,20,0,0,0,5,223.6947203839166
8,21,0,0,0,6,229.55725727309704
8,26,0,0,1,7,250.1588776936534
8,29,0,0,1,7,251.32799540180355
8,31,1,0,0,7,249.7089098894308
8,32,0,1,0,6,243.16012047543705
8,36,1,0,0,4,233.96545767480484
8,38,0,0,1,7,240.9628141115229
8,46,1,0,1,6,247.19375505880953
8,47,0,0,1,3,231.95395695077627
8,50,0,1,0,2,230.64960914068135
8,52,1,1,0,5,247.16653117970756
8,57,0,0,1,3,234.99020098428713
8,58,0,1,0,1,232.19655976095697
8,59,0,1,1,4,244.51565245566113
8,0,1,1,1,5,262.1457573682221
8,1,0,1,0,5,233.5843990094148
8,4,1,0,0,3,231.69001486572088
8,6,1,0,0,2,235.02059506860286
8,9,0,1,0,7,249.81130431494938
8,21,0,1,1,6,259.2165178914754
8,22,0,1,1,6,254.8487318174562
8,24,0,0,1,0,231.99060932364327
8,25,0,0,1,0,232.88199269124343
8,31,0,0,1,3,235.5495597076583
8,33,0,1,1,5,253.27909058338614
8,34,0,1,1,0,248.53754695202255
8,35,0,1,1,1,248.86613973888296
8,41,0,0,0,4,216.5734008939678
8,47,1,1,0,2,245.23172948758966
8,51,1,1,0,0,244.0965565504548
8,53,0,1,1,2,243.39821076199246
8,55,0,0,1,5,234.547829540466
8,2,0,1,0,0,230.28270137133427
8,5,0,0,0,1,217.90143350910134
8,9,0,0,1,7,235.1505868992307
8,12,0,1,1,1,251.76930207771926
8,13,0,1,0,0,233.45101475444852
8,24,1,1,0,6,251.81951810862526
8,25,0,1,0,6,240.92951459160122
8,29,0,0,1,0,231.01928229886644
8,30,0,0,1,1,232.88969092350678
8,34,0,1,0,4,231.28107212955848
8,37,1,1,0,2,246.43632272559591
8,38,1,0,0,0,227.80295863564248
8,42,1,0,1,1,243.57509689030553
8,43,1,0,1,4,250.59199803171572
8,44,1,0,1,5,249.95407110632385
8,51,0,1,1,2,248.04815477803976
8,52,0,0,1,7,245.5729770113202
8,54,1,1,0,1,246.38847154070655
8,58,1,1,0,1,246.29094968609735
8,0,0,1,0,7,247.78313029834527
8,1,1,0,1,4,246.24159014827384
8,2,0,0,1,1,232.8289152699749
8,6,1,1,0,3,247.22630928634402
8,7,1,1,0,1,248.41472771509467
8,9,1,0,1,2,245.930598072517
8,10,1,0,1,0,246.22647799369807
8,11,1,0,1,1,246.66573467456166
8,13,1,0,0,7,247.72121668532102
8,14,1,0,0,4,235.82970197586226
8,19,0,0,1,5,236.38625833017576
8,28,0,0,0,2,225.58499190272732
8,33,0,1,0,6,242.0421781444796
8,34,0,0,0,1,215.916277946442
8,36,1,0,0,1,233.26563170977943
8,37,1,0,0,4,228.72078762940464
8,38,0,0,0,7,228.47463290650757
8,39,0,0,1,7,239.39356188381868
8,40,1,1,1,5,263.35103420211715
8,45,0,0,0,5,223.02696614063248
8,50,0,1,0,7,250.7790732182087
8,55,1,1,0,2,246.129437688392
8,56,1,0,0,6,235.51046731114036
8,57,0,1,0,6,236.60038016865207
8,59,1,1,0,5,251.19716912013342
8,2,0,1,0,5,231.35358152061826
8,6,1,0,0,0,232.34724829085914
8,8,0,1,1,1,248.55985533926977
8,10,1,1,0,4,247.6779853896577
8,11,1,1,0,2,251.04355107776314
8,12,1,1,0,0,245.55999192076152
8,13,1,1,0,0,247.20764767404717
8,14,1,1,0,2,251.213024516014
8,16,1,1,0,1,250.7391979386451
8,19,1,1,0,0,247.88484882017764
8,23,0,0,1,6,234.52627251343517
8,25,0,0,1,3,233.8405613620346
8,29,0,0,0,7,230.584278246616
8,33,1,0,0,6,232.36040006804842
8,36,1,0,1,3,249.4477993263639
8,46,0,1,1,0,243.3128041688188
8,47,0,1,1,2,246.15181002310305
8,48,0,0,1,2,229.5843322441649
8,49,0,0,1,0,229.5525667847961
8,51,0,0,1,3,235.23643144657365
8,56,0,0,1,0,226.63848188072564
8,57,0,0,1,5,229.05623956862388
8,59,0,0,1,0,229.65192829044588
8,0,0,0,1,2,232.50447476900365
8,1,0,1,1,5,251.01642550250813
8,4,0,0,0,7,225.77954554157262
8,7,1,0,0,2,233.32244468905452
8,8,1,0,0,3,236.2804651239693
8,11,1,1,1,0,260.18111425108515
8,12,1,1,1,2,265.13548646835244
8,13,1,1,1,1,264.82424332678517
8,16,1,0,0,7,248.42802408395997
8,18,0,0,0,5,225.0844211057866
8,21,0,0,0,1,222.1041044840881
8,23,0,1,0,7,255.92222787718478
8,24,1,0,0,7,244.30714597921332
8,25,0,0,1,7,243.67394576724115
8,31,0,0,1,1,236.08349494638748
8,37,1,1,0,5,248.61523249378962
8,43,1,0,0,3,232.6561120424999
8,44,1,1,0,2,246.92666668916024
8,45,1,0,0,0,227.50653607472287
8,46,1,0,0,5,229.09765798189153
8,47,0,0,0,6,218.0204055170454
8,52,0,0,1,1,230.16003488354468
8,55,0,0,0,1,219.6446805638859
8,56,0,0,0,3,219.42411048354705
8,5,1,1,0,5,249.76570874753645
8,6,0,1,0,4,233.76412366601187
8,31,0,1,0,0,230.39184485353906
8,47,0,1,0,2,230.5380768477022
8,1,1,0,0,2,234.26104138317766
8,2,1,1,0,6,259.1477866845427
8,3,1,1,0,7,259.8967074805981
8,4,0,0,0,2,226.09064745376082
8,8,1,1,1,1,262.7970216594862
8,9,1,1,1,7,280.79027597344873
8,10,0,1,0,2,238.33210355826358
8,17,0,1,0,5,241.1576493879027
8,21,0,0,0,5,224.32356674236956
8,26,0,0,0,2,225.0418983415835
8,34,1,0,0,7,245.72034756096522
8,35,1,1,1,4,264.6039846416327
8,36,1,1,1,5,266.1927705267734
8,37,0,1,0,1,234.22322018030349
8,45,1,1,0,3,246.4265273511228
8,46,1,1,1,5,259.6136116707521
8,49,1,0,0,5,229.6381955039529
8,2,1,0,0,1,236.54141526795922
8,3,1,0,0,7,245.28290035670372
8,10,0,0,1,7,233.51668423911417
8,16,0,1,1,5,248.7409541871644
8,17,0,1,0,1,236.14651704341907
8,18,0,1,0,6,239.71588444716843
8,22,0,1,1,4,249.2388004710598
8,23,0,1,1,1,252.6087188792478
8,27,0,1,1,6,252.14649989266013
8,28,1,1,1,4,261.8790742187707
8,29,1,1,1,0,259.15419716973634
8,30,1,1,1,0,260.25059946998334
8,31,1,1,1,3,265.26439562236243
8,32,1,0,1,3,250.31229124002618
8,33,1,0,0,7,242.11983524247125
8,34,0,1,1,2,249.94090470859646
8,37,1,0,0,5,233.06846304482136
8,39,0,0,1,3,230.5266796120257
8,40,0,1,1,5,246.8678968842993
8,41,0,1,1,0,243.74259509277664
8,42,0,1,1,1,246.42781687586196
8,45,0,0,1,7,241.1746552976638
8,49,1,1,1,3,260.9638045064551
8,50,1,0,0,7,229.28424450353668
8,1,0,1,1,0,244.61246756643766
8,2,0,1,1,1,246.79636047343314
8,9,1,0,0,3,237.89176600810245
8,10,1,0,0,3,233.92542678342153
8,12,1,1,0,5,255.3584727602748
8,14,1,1,1,4,261.31952120224486
8,15,0,1,1,7,259.8943513699725
8,17,0,1,0,7,244.06212274119463
8,20,1,0,1,1,249.4386979586927
8,27,1,0,0,5,237.01743462407225
8,31,0,1,0,5,235.8661378329229
8,35,1,1,0,3,250.42174171307127
8,49,1,0,0,4,228.93584296718063
8,50,1,0,0,1,228.8463027169233
8,51,1,0,1,0,243.9179573405632
8,52,1,0,1,3,256.11903878629596
8,54,1,1,0,6,250.07386387924612
8,56,0,0,0,1,216.0797829598046
8,4,0,0,1,2,235.59406450248028
8,9,1,0,1,5,255.2978980566202
8,12,0,1,0,4,237.11132600220202
8,13,0,1,0,3,241.4982863313498
8,14,0,1,0,1,234.59365437159295
8,15,0,1,0,1,231.83974463633197
8,21,1,0,0,4,232.6820884803881
8,24,1,0,0,2,233.22260900137672
8,25,1,0,0,0,233.59399277433585
8,26,1,0,0,5,236.66965366827355
8,39,0,1,0,5,234.1681900167689
8,41,1,0,0,7,235.7971357108714
8,43,0,1,0,3,236.4045557380886
8,44,0,1,0,3,235.55542911392405
8,46,0,0,0,1,213.76955585476065
8,48,1,0,0,2,229.28217590711395
8,50,1,1,0,3,257.3601634499602
8,53,1,0,1,4,248.39939737485446
8,54,0,0,1,7,233.48802260964933
8,57,0,0,0,7,231.97751831541757
8,0,0,0,1,5,232.82981149169464
8,1,0,0,1,7,244.60661339769405
8,3,1,1,0,0,246.8480098716927
8,14,0,1,1,3,248.83755108006693
8,15,0,1,1,2,250.70721890764466
8,16,0,0,1,2,233.71807586044133
8,17,0,0,1,1,234.6553310831665
8,19,0,0,1,0,233.28903713571208
8,20,0,0,1,1,235.43900685004132
8,22,1,0,1,6,252.21719853994244
8,24,1,0,1,5,250.26921688383243
8,25,0,0,1,2,232.03828037737935
8,26,0,0,1,4,235.34746402922303
8,27,1,0,1,5,254.79432218284384
8,28,0,0,1,6,237.75543838189603
8,30,0,0,1,6,232.9891673626309
8,31,0,1,1,4,246.31140956009628
8,32,1,1,1,3,270.1814658638224
8,35,1,0,0,2,235.60227249684883
8,36,1,0,0,0,228.5090969717817
8,37,1,0,0,1,229.7970022099924
8,38,1,0,1,4,245.64077869989626
8,39,0,0,1,6,230.04969091916203
8,41,0,0,1,4,233.17577014721527
8,42,0,0,1,5,230.36146241344372
8,44,0,0,0,5,218.9462805509449
8,48,1,1,1,5,256.9097162843701
8,49,0,1,1,0,241.36701520382255
8,50,0,1,1,6,254.1478246428809
8,59,0,1,0,4,234.04877534794716
8,0,1,1,0,7,250.93800474003655
8,2,0,1,1,3,247.27625300918345
8,3,0,1,0,6,235.03505621665408
8,5,0,1,1,0,246.71226137084378
8,6,0,1,1,6,251.55423882833324
8,9,0,1,0,1,233.9494891860728
8,31,0,1,1,2,247.04094482501407
8,32,0,0,1,6,234.01528782331695
8,33,1,1,1,4,261.02909214239014
8,35,0,1,1,0,244.7457599547237
8,37,1,1,1,3,261.5220079239001
8,38,1,1,1,6,259.2220896435355
8,39,0,0,1,4,229.53717365338744
8,41,0,0,1,6,234.60992249075255
8,42,1,0,1,4,245.70959273665463
8,43,0,0,1,0,227.84429260838994
8,44,0,0,1,5,232.2488768535553
8,45,0,0,1,3,229.62518074736946
8,47,0,1,0,6,234.31428095510807
8,52,0,1,0,1,229.57853085050644
8,55,0,1,0,3,233.19674958494284
8,57,1,0,0,7,245.6216656181337
8,13,1,1,0,6,248.73413459064682
8,14,0,1,0,5,240.61791655535592
8,21,0,0,0,0,218.98373113915608
8,38,0,1,1,7,257.677339139709
8,39,0,0,0,1,218.95745869309195
8,50,0,1,0,1,231.93513462956258
8,52,0,1,1,4,243.38890904513534
8,53,1,1,1,0,257.9706442151399
8,58,0,0,1,2,234.99759843544544
8,0,0,1,0,3,239.22457920770896
8,3,0,1,0,3,238.49966068191443
8,18,0,1,1,6,249.7458263474482
8,19,1,0,1,5,249.7485656349969
8,28,0,0,1,0,235.52698222006003
8,29,0,0,1,1,236.39981717168456
8,41,1,1,0,0,245.17041330296536
8,42,1,1,0,3,247.95488413228796
8,46,0,0,1,1,229.3343728947499
8,52,0,1,1,3,246.00427347524823
8,53,0,1,1,6,256.3807958185545
8,54,0,1,1,4,247.88260880438543
8,2,0,1,0,2,238.47180505249472
8,4,0,1,1,5,251.73498382742574
8,5,1,1,0,4,249.77173321733076
8,11,1,0,0,6,235.62965452187737
8,14,0,1,0,2,237.45551839270252
8,22,1,0,0,1,232.7400708282328
8,23,1,0,0,7,249.31408246218334
8,24,0,0,1,4,233.28378857439512
8,25,0,0,1,1,232.82787729163306
8,29,1,1,0,1,250.20363707731798
8,30,1,1,1,2,263.91105459628994
8,31,1,1,1,5,263.80089486547047
8,35,0,1,0,3,234.0749564805345
8,42,0,1,1,4,243.71467411338983
8,53,1,0,0,6,231.01924433946462
8,2,1,1,1,2,263.7878211017613
8,4,1,0,0,6,249.17169026007963
8,8,1,1,0,4,250.9281119133907
8,9,1,1,0,7,257.0725326362103
8,11,0,1,1,1,248.52676088663094
8,12,0,1,0,3,240.69434116655157
8,14,0,0,1,1,234.4464517413738
8,19,0,0,1,3,236.88999754354734
8,25,1,1,0,5,251.41704004553299
8,28,0,1,0,7,246.58275160805704
8,31,0,1,1,1,246.11502836326733
8,32,0,1,1,0,249.83733524703973
8,33,0,1,1,0,243.62857643313185
8,41,1,0,1,1,244.8709130153443
8,43,0,0,1,3,232.92096156551085
8,46,0,1,0,2,234.59307662044733
8,53,0,1,1,1,247.60202371555454
8,58,1,1,0,5,256.4581576901606
8,59,1,1,0,1,245.28843152893427
8,6,1,0,1,6,250.30261055506887
8,7,0,0,1,5,237.2859507532388
8,9,0,1,1,6,243.6352605083739
8,10,1,1,1,6,265.8513221691391
8,19,0,0,1,6,242.58315353928307
8,20,0,1,1,6,248.37897108112386
8,22,0,0,1,0,234.2389925567287
8,24,0,0,1,6,234.01482939780917
8,25,0,1,1,2,251.68122590053326
8,26,0,1,1,2,251.83856885265484
8,27,0,0,1,5,242.21973310237303
8,31,1,0,1,1,251.31686216085785
8,32,1,0,1,1,248.48612542522935
8,33,1,0,1,2,246.9683713870022
8,34,1,0,1,7,266.1885448966219
8,43,0,1,1,7,262.70932126184323
8,44,1,0,0,6,232.35183180904244
8,46,0,0,0,4,215.28577399147602
8,48,0,0,1,0,229.23742554991082
8,49,0,0,1,7,247.94762700110135
8,55,1,0,0,1,233.06038999797903
8,56,1,0,1,2,250.5069673179794
8,57,1,1,1,5,263.2452206961196
8,58,1,1,0,6,248.60451814434307
8,1,0,0,1,1,232.07093014469848
8,2,0,0,1,3,233.33958247290096
8,7,0,1,0,1,237.49670557790358
8,9,0,1,0,5,233.3833035001274
8,12,1,0,0,2,238.0977659721089
8,14,1,0,0,1,237.09896225959346
8,15,1,0,0,7,246.3744076313804
8,16,1,0,0,1,234.1579721444209
8,17,1,0,1,3,250.67743440679521
8,18,1,0,0,1,231.80436458166923
8,20,1,0,0,5,241.64465412811495
8,21,1,0,0,3,236.99874680021344
8,22,1,0,1,1,250.18091671854816
8,26,1,1,0,6,251.67228981455244
8,27,1,1,0,1,247.69830618715105
8,30,1,1,0,6,252.55267615332895
8,37,1,1,0,6,249.6727405634452
8,48,0,0,0,6,220.95426007375636
8,52,0,1,0,5,231.76246813228622
8,54,0,0,1,1,230.21193266735804
8,1,1,1,0,1,248.2209912604519
8,4,1,0,0,0,231.32521532472057
8,16,0,0,1,5,237.039458787633
8,22,0,1,1,0,249.78928865427895
8,23,0,1,1,7,263.6028949102765
8,26,1,1,0,5,252.10655111429023
8,27,0,1,0,2,237.494713596605
8,29,0,0,0,5,225.74886826773923
8,34,0,0,1,3,234.47339402536656
8,47,1,0,0,5,231.53776654700354
8,51,1,1,0,4,248.06801156501126
8,56,0,1,1,2,247.87447355193285
8,57,0,0,1,2,229.44638469944786
8,59,0,1,1,6,245.66661026171644
8,0,1,0,1,7,253.82644306183624
8,8,0,0,0,3,227.15499607939154
8,12,0,0,0,7,234.3351206261847
8,16,1,0,0,2,234.14390640034978
8,19,1,1,0,1,247.83702253687673
8,22,1,1,1,0,262.41474628323334
8,23,1,1,1,0,261.4038225702649
8,24,1,1,1,2,266.0911705668896
8,26,0,0,1,1,239.47357469142563
8,28,0,0,1,2,235.61909652392623
8,33,0,0,0,2,221.49699524344547
8,35,1,1,0,7,260.04070366773306
8,43,1,0,1,7,265.2741914550681
8,45,1,1,0,5,242.512309258688
8,57,0,1,1,1,245.9916216002097
8,1,0,0,1,4,234.37268330990725
8,7,0,1,0,0,232.34244513816245
8,13,0,1,0,5,237.2278551831733
8,16,0,1,0,1,236.78303644281482
8,17,0,1,0,2,239.68333013277078
8,38,1,1,0,2,245.5207853294016
8,40,0,1,1,7,247.9390650297061
8,42,1,0,0,2,234.05802933443644
8,43,1,0,0,5,230.5167549538273
8,45,0,1,0,1,231.12655597154028
8,50,0,0,0,2,215.90614970399864
8,51,0,0,0,7,217.1769419972483
8,0,0,0,1,7,233.68129270855476
8,1,0,1,1,3,249.41506523567918
8,9,0,1,1,0,245.1923509644916
8,10,0,1,1,7,251.98318187573653
8,27,0,1,0,7,253.01395729156692
8,31,0,0,0,5,219.03931146442727
8,35,1,1,0,5,249.34792645414007
8,38,1,1,1,2,259.89107201275056
8,39,1,1,1,0,260.03370757374176
8,41,1,0,1,6,248.08132266875353
8,45,0,0,1,4,229.83950005349948
8,47,0,0,1,0,229.0849602231368
8,51,1,1,0,6,251.4170186158654
8,53,1,1,0,2,246.78551764957837
8,54,1,0,0,1,230.84418039000755
8,55,1,0,1,1,248.5429318120195
8,58,1,0,0,6,232.87925479817878
8,0,1,1,0,4,244.8278554088173
8,1,0,1,0,6,234.8025411140515
8,5,0,1,1,2,246.39092602051684
8,6,0,1,1,2,251.31408411177446
8,8,0,0,1,3,236.4104322543808
8,10,1,0,1,5,250.81986644426664
8,15,0,0,1,4,234.7001343703241
8,16,0,0,1,0,232.4727830115687
8,17,0,0,1,4,232.5975086289045
8,18,1,0,1,3,245.56550485599485
8,19,1,1,0,7,264.35329592038636
8,23,1,1,1,6,266.83550255560857
8,25,1,0,1,7,263.2795801204853
8,26,1,0,1,3,249.56815741561533
8,27,1,1,0,3,252.4605839789858
8,31,1,0,0,2,237.9670817207212
8,32,1,0,0,5,236.34380440318634
8,35,0,1,0,5,232.28662685039998
8,36,1,1,1,6,263.79475897200285
8,37,0,0,1,0,228.7925453338529
8,38,0,0,1,4,229.82641917676563
8,41,1,1,0,7,252.86314096149187
8,53,0,0,1,7,241.97010370408685
8,54,1,0,0,6,236.454582803032
8,2,1,0,0,3,237.5774039821112
8,3,1,1,1,4,258.3383509259
8,14,0,0,0,6,226.33305211887568
8,15,0,1,0,4,233.10971843027892
8,16,1,1,0,7,256.70029710363195
8,21,0,1,0,4,239.52195110863866
8,23,0,1,1,6,254.6908383478153
8,24,0,1,1,3,254.39961082053006
8,29,1,0,0,1,234.90879208715387
8,30,1,0,0,3,238.28460510112455
8,31,1,0,0,1,235.715937728535
8,36,0,1,1,5,245.53700142441008
8,52,0,1,1,1,244.7816167689859
8,57,0,0,1,6,231.07571259803214
8,58,1,0,1,6,244.30457595113958
8,59,1,1,1,0,256.5844590003564
8,8,0,1,0,1,235.06451495102922
8,13,0,0,1,0,234.56824893198416
8,15,0,1,1,1,247.29836728696048
8,20,0,0,1,0,234.40126001591383
8,31,0,1,0,3,237.69404553575544
8,34,1,0,0,1,232.80199143603406
8,35,1,0,1,3,248.42928811373622
8,40,1,0,0,4,229.45932970904985
8,44,0,1,1,6,249.84911171277884
8,45,1,1,1,4,259.9775808565447
8,46,0,1,1,5,246.5090336915543
8,48,1,1,0,5,244.1506238232995
8,49,0,1,0,6,229.84102601163428
8,53,0,0,1,2,236.10638518276
8,16,0,1,1,1,248.34653338547454
8,24,0,0,0,3,223.33494622813814
8,36,0,0,1,6,233.97341819715734
8,37,1,1,1,6,261.94568001224917
8,38,1,1,1,1,259.1586639623862
8,40,1,1,0,7,256.9382198892967
8,43,1,1,0,4,247.34627555464516
8,49,1,1,1,1,260.8486296651527
8,51,1,1,0,3,246.06815733984587
8,59,1,1,0,6,248.7784837850121
8,1,0,0,1,0,231.14739796531904
8,2,0,0,1,0,230.15528598621444
8,8,1,1,0,6,253.27474825567367
8,14,0,1,0,0,232.41215431219524
8,15,0,1,0,7,245.83100709445702
8,19,1,1,0,3,246.95435889055062
8,20,1,0,1,6,261.3855423155135
8,22,1,1,1,1,265.733806114207
8,23,1,1,1,2,266.80023019600566
8,33,0,1,0,1,234.80380867041416
8,38,1,0,0,7,242.68707353739157
8,43,0,1,1,3,245.86709929380686
8,44,0,1,0,1,230.6419360656589
8,53,0,0,0,6,219.413610510048
8,56,1,1,1,5,264.4105778501905
8,3,0,0,0,5,218.48365951099137
8,12,0,1,0,0,233.33620844134973
8,17,0,0,1,7,244.03410801542353
8,22,0,1,0,0,236.26134065055572
8,24,1,0,0,1,234.7912426836644
8,32,1,0,0,2,233.01630103780354
8,37,0,1,1,7,256.64789188130857
8,47,0,1,1,1,244.56178431107975
8,48,0,1,0,6,232.98526636652744
8,52,1,0,0,7,232.9592578315432
8,55,0,1,1,0,244.51853022092172
8,5,1,0,1,4,249.14399584841752
8,6,1,0,1,5,250.64009915513086
8,7,1,0,0,3,236.6309795436281
8,13,1,0,1,3,250.12904999972724
8,30,0,1,1,5,252.17823258842833
8,31,1,1,0,7,260.2154080694578
8,32,1,1,0,6,250.8677728400001
8,55,0,0,0,7,230.6202537579057
8,9,0,1,0,0,232.89231829038445
8,24,1,1,0,7,263.737833191121
8,26,1,0,1,7,263.589562319788
8,29,0,1,0,7,246.706463174199
8,38,0,0,1,3,233.09331988861237
8,45,1,0,0,4,230.9624439211096
8,56,0,0,1,6,234.69037258818673
8,58,1,1,1,0,264.1695914520409
8,59,1,1,1,7,280.6353242485853
8,2,1,0,0,7,250.03493331157355
8,6,0,1,0,6,240.53257777352675
8,11,0,1,0,7,248.23294111420847
8,12,1,1,0,3,258.0888704657592
8,15,0,0,1,3,235.08191255445607
8,20,0,0,0,0,219.69267068075146
8,26,1,0,0,6,237.43313424258247
8,34,0,1,1,6,254.30543309764707
8,35,0,0,1,0,230.35690780483083
8,42,1,0,0,6,234.67611769641715
8,44,1,1,0,3,246.33644331919396
8,47,1,0,0,3,234.62684349901667
8,50,1,1,1,2,261.69959286192625
8,51,1,1,1,6,264.43443714741767
8,52,0,0,1,0,229.44080421012794
8,53,0,0,1,1,232.0167825602025
8,0,1,0,0,2,230.575454248737
8,3,1,1,0,6,247.20186838500888
8,7,0,1,0,4,236.42331330154659
8,18,1,1,0,2,251.32804238411097
8,26,1,0,0,0,235.6237903640646
8,38,1,0,1,3,246.5985287023686
8,39,1,1,0,6,259.2054458158468
8,46,1,0,0,4,228.29251839530352
8,47,1,0,0,2,227.82854443157768
8,50,1,1,1,5,260.18880805635393
8,51,0,1,0,4,230.00643667981896
8,52,0,1,0,3,230.82203886765583
8,58,0,0,1,5,231.91355656233034
8,59,1,0,0,4,231.71920354837374
8,4,0,0,1,7,249.51450418694213
8,6,1,0,0,5,235.31455018693538
8,7,1,0,1,5,253.53481788756835
8,9,1,0,0,6,243.42350737983975
8,12,0,1,0,5,235.56177106709498
8,18,1,1,1,1,262.63569810981903
8,19,1,1,0,6,251.14292883404914
8,36,0,0,1,3,242.57999933409835
8,40,1,0,0,5,229.31489445104432
8,56,0,0,1,3,233.12146325212532
8,58,0,1,0,2,231.1419244151328
8,59,0,1,0,3,235.37581290738115
8,3,0,0,1,6,242.77601176789202
8,5,0,1,1,1,247.11444337959657
8,6,0,1,0,7,244.71040065534064
8,8,1,0,0,2,236.36630589055233
8,12,0,1,1,7,250.44482014301096
8,19,1,0,0,6,243.59547013102903
8,42,1,1,0,7,263.2595031571875
8,43,1,1,1,4,259.9491067688659
8,44,0,1,1,5,245.6047706475192
8,49,1,0,0,0,227.3174948466656
8,55,1,1,0,5,245.3256030734731
8,56,1,1,0,0,244.9179864118506
8,2,0,1,0,6,235.32634758669042
8,4,0,1,1,1,249.2173291618632
8,10,0,1,1,4,247.75435115830277
8,20,1,1,1,2,267.7468741862528
8,21,1,0,1,7,250.83000567820528
8,22,1,1,0,3,250.49937084881137
8,24,1,1,0,5,251.7672099957742
8,25,1,1,0,3,258.67328611112214
8,33,0,0,0,4,219.22045554876675
8,39,0,1,0,4,231.9992794400972
8,44,1,0,0,0,230.40080464894095
8,58,0,1,0,4,233.5971094187751
8,1,0,0,1,6,236.66634835108428
8,2,0,0,1,6,233.29685917593415
8,3,0,1,1,4,247.97182441248836
8,5,0,1,1,4,249.46066997089068
8,7,0,1,1,6,251.89862185605307
8,8,1,0,1,1,248.9965039465006
8,23,1,1,0,4,252.57792844829464
8,27,1,0,0,0,235.96439120225116
8,29,1,0,0,5,236.91761802902704
8,30,1,0,1,0,246.27894695078962
8,31,1,0,1,3,252.11802820477106
8,35,1,0,0,7,246.16146233444516
8,39,0,0,1,0,229.70842612238323
8,47,1,1,0,7,243.92043577619626
8,48,0,0,1,4,229.77584289846772
8,51,1,0,1,4,244.7692034690132
8,0,0,0,1,4,231.2201914147897
8,1,1,0,1,0,245.15337388035627
8,2,1,0,1,1,246.8824355801768
8,12,1,0,0,4,235.09992534774395
8,18,1,0,0,2,232.31412794373892
8,21,1,0,0,0,232.33487071791322
8,22,1,0,0,3,232.81939719437148
8,27,1,1,0,7,254.42170658612045
8,28,1,0,1,0,248.91762084546863
8,29,1,0,1,0,243.70960106946828
8,30,1,0,1,7,245.99291033895236
8,38,0,0,1,5,232.434646556144
8,44,0,1,1,1,245.34419906598464
8,55,1,0,0,5,232.64211878321714
8,58,0,1,0,3,238.6442407924347
8,5,0,0,1,0,229.68157949851175
8,22,0,0,0,3,221.92104120483
8,28,1,1,0,2,249.2643559543902
8,31,1,1,0,0,248.14979675289493
8,33,1,1,0,5,250.63448226809234
8,42,0,0,0,1,214.0649058542304
8,43,0,0,0,6,220.16301940069624
8,49,1,0,0,7,243.8721373905792
8,54,0,1,1,2,248.64965669907883
8,56,0,1,0,0,230.98071605767583
8,13,1,0,1,1,250.90707193354683
8,14,1,0,1,2,250.89959770673366
8,25,1,0,0,4,237.10888728429344
8,36,0,0,1,4,229.64742698868065
8,44,0,0,1,7,243.50605206405362
8,47,0,1,1,6,245.67010013155746
8,55,1,1,0,7,258.6086382522024
7,7,0,1,0,2,232.65388501330497
7,8,0,1,0,6,230.51495894882987
7,9,0,1,0,1,230.734929674995
7,10,0,1,1,5,246.75329449860075
7,11,0,1,0,1,230.40018606803721
7,12,0,1,0,1,231.0673530011572
7,13,0,1,0,4,231.4545768600167
7,14,0,1,0,3,231.93654762845023
7,15,0,0,0,0,217.01285792113637
7,16,0,0,0,0,214.67845637452066
7,17,0,0,0,1,215.76799190262645
7,18,0,0,0,6,220.9666620793394
7,19,1,0,0,6,235.06341069367699
7,20,0,0,0,0,217.3301931023615
7,21,0,0,0,3,218.02470494133388
7,22,0,1,0,4,228.1344172556011
7,23,0,1,0,3,229.2628313646312
7,24,0,1,1,3,244.9084193603711
7,25,0,1,1,5,246.21380847569515
7,26,0,1,0,3,234.01677698837605
7,27,0,1,0,4,229.77865918927705
7,28,0,1,0,2,230.41750475802124
7,29,0,0,0,3,219.6339841182792
7,30,0,0,0,3,212.51677484102422
7,31,0,0,1,4,229.07039950699874
7,32,1,0,1,1,245.9948714958847
7,33,1,0,0,3,231.4610705238015
7,34,1,1,0,5,245.35880483414587
7,35,0,1,0,5,229.56611687198404
7,36,0,1,0,0,229.4980699059226
7,37,0,1,0,3,229.49074096466316
7,38,0,0,0,5,212.43195697761686
7,39,0,0,0,6,215.04697769746872
7,40,1,1,0,6,246.86471847292262
7,41,1,1,0,4,248.26082173455694
7,42,0,1,0,4,231.88658790644126
7,43,1,1,0,3,244.8700730047704
7,44,1,0,0,1,231.55821520890933
7,45,1,0,0,3,232.08023098731186
7,46,1,0,1,4,245.1569678987688
7,47,1,0,1,1,241.93332512518293
7,48,1,0,0,4,229.96980436953626
7,49,0,0,0,0,215.32218238567046
7,50,0,0,0,7,228.85002569811078
7,51,0,0,0,7,228.80214824505177
7,52,0,0,0,3,219.43700033382237
7,53,0,0,0,7,224.85408438841614
7,54,0,0,1,7,251.27260267106809
7,55,0,1,0,1,231.08435099379537
7,56,0,1,0,0,229.9370239031205
7,57,0,1,0,3,241.98181953305445
7,58,0,1,1,1,246.53568215217285
7,59,0,1,0,6,243.20179115791265
7,0,0,1,0,1,229.72374691140703
7,1,0,1,1,5,250.10650943718704
7,2,0,1,0,2,229.27901249869117
7,3,0,1,0,6,229.61657997285135
7,4,0,1,0,0,229.48588802894417
7,5,0,1,0,2,230.27127590822997
7,6,0,0,0,6,216.25350851436016
7,7,0,0,0,4,217.03423045275582
7,8,0,0,0,1,219.4070325167682
7,9,0,0,0,0,215.76684899776046
7,10,0,0,0,5,215.62052988428033
7,11,0,0,1,4,231.11877160112414
7,12,0,0,1,0,228.02388236785092
7,13,0,0,1,6,231.78314228901922
7,14,0,1,1,0,246.6820671633336
7,15,0,1,1,4,248.94871764791895
7,16,0,1,1,1,247.16553987842983
7,17,0,1,0,6,232.05470771636428
7,18,0,0,0,0,217.00180601023217
7,19,0,0,0,6,221.2975216115547
7,20,0,1,0,3,232.65631650228656
7,21,0,0,0,0,216.66365009584635
7,22,0,0,0,3,217.83424751672078
7,23,0,1,1,3,248.36815457713152
7,24,0,0,0,6,214.61565996930727
7,25,0,0,0,4,217.44353645492635
7,26,0,0,0,4,216.05102133737802
7,27,1,0,0,2,231.43814274564863
7,28,1,0,0,3,230.2931535966069
7,29,1,1,0,4,246.1674497140409
7,30,1,1,0,6,246.61152576798258
7,31,0,1,0,2,231.7328087082055
7,32,0,1,0,2,231.56524491069487
7,33,0,0,0,6,214.24148139967892
7,34,0,1,0,4,230.91211000898383
7,35,0,1,0,6,237.0368092666595
7,36,0,0,0,7,228.38488600894794
7,38,0,0,0,3,223.22215116950204
7,39,0,1,0,4,230.39673951458093
7,40,0,1,0,7,242.19444940154034
7,41,0,1,0,0,229.86729537863357
7,42,0,1,0,3,232.03803894066834
7,43,0,0,0,1,213.3017877447078
7,44,0,0,1,2,231.05378567351016
7,45,0,0,1,5,232.37177432242007
7,46,1,0,1,5,253.02785809486576
7,47,0,0,0,3,215.72711383736498
7,48,0,0,0,0,214.4528909965303
7,49,0,0,0,4,216.3798062096107
7,50,0,0,0,3,215.75571255878762
7,52,0,0,0,1,213.95669467718622
7,53,0,0,1,3,239.43293932134245
7,54,0,1,0,4,232.15383986778093
7,55,0,1,0,5,232.92422391710835
7,56,1,1,1,3,264.69359021167173
7,57,1,0,0,0,230.72420049211453
7,58,1,0,0,1,232.98837058585846
7,59,1,0,0,3,231.67393797593914
7,0,1,0,0,0,227.53218930820867
7,1,1,0,0,3,228.96330290075565
7,2,1,0,0,1,231.66547103706756
7,3,1,0,0,4,230.8289802047216
7,4,0,0,0,7,214.73898128184206
7,5,0,0,0,3,225.49623125062624
7,6,0,1,1,5,247.59523301477535
7,7,0,1,0,3,232.38072452697187
7,8,0,1,0,0,228.63093979299106
7,9,0,1,0,6,231.64204486420437
7,10,0,1,0,0,227.44923977824075
7,11,0,1,0,0,230.9345917464941
7,12,0,1,0,3,231.136656169921
7,13,0,1,0,7,247.2590664966882
7,14,0,1,0,5,232.5892906946395
7,15,0,1,1,5,248.87771292375209
7,16,1,1,0,5,249.3891325070101
7,19,0,1,0,7,240.11832203243785
7,20,0,0,0,3,221.17941834773947
7,21,0,1,0,6,232.7888241550142
7,22,0,0,0,2,217.36573875361796
7,23,0,1,0,6,233.7963828605943
7,24,0,0,0,2,215.75717987546773
7,25,0,0,0,5,215.9426493139957
7,26,1,0,0,2,233.93579900637496
7,27,1,0,0,6,236.52411421141315
7,29,0,1,0,0,230.54907026834283
7,30,0,1,0,5,231.49552497559455
7,31,0,1,0,0,228.74046331365716
7,32,0,1,0,4,230.4553912939861
7,33,0,1,0,4,229.38401914627437
7,34,1,1,0,1,247.43250957045916
7,35,1,1,0,3,245.44569636531557
7,36,1,1,0,1,244.37991992639905
7,37,1,1,0,2,244.50890750310666
7,38,1,0,0,1,228.3487661692201
7,39,1,0,1,7,258.9045078784276
7,40,0,0,0,5,213.9220310444177
7,41,0,0,0,3,216.61219473396167
7,42,0,1,0,5,231.06868293496478
7,43,0,1,0,1,232.7011511970478
7,44,0,1,0,2,233.43659849342473
7,45,0,0,0,1,215.42083441718663
7,46,0,0,0,2,219.5943490532729
7,47,0,0,0,0,215.24133741528732
7,48,0,0,0,1,214.20911045948998
7,49,0,0,0,5,215.9974921401422
7,50,0,0,0,1,216.30684434585274
7,52,0,0,0,0,214.06818935331967
7,53,0,0,0,0,215.43509842457127
7,54,0,0,0,0,214.94820862311207
7,55,0,0,0,5,214.74341591611824
7,56,1,0,0,2,229.61544189117365
7,57,1,1,0,3,249.29779974224206
7,58,1,0,0,0,230.1025175630326
7,59,1,0,0,2,231.96379173333847
7,0,1,1,0,4,245.11652493225145
7,1,0,1,0,5,229.20977612346076
7,3,0,1,0,3,229.6275870828883
7,4,0,1,1,6,242.07239978686198
7,5,0,0,1,0,229.52504424153545
7,6,0,0,1,7,247.88840942854526
7,7,0,0,0,2,216.92216986504283
7,8,0,0,0,7,229.25682660529372
7,10,0,0,0,7,229.25011535191268
7,11,1,0,1,3,243.71049129401894
7,12,1,1,1,2,258.6444572183243
7,13,1,1,1,1,259.36686984793675
7,14,1,1,1,5,263.22449654837374
7,15,0,1,0,2,232.36283376367882
7,16,0,0,0,6,218.16551179445423
7,17,0,1,0,4,232.11489938081598
7,18,0,1,0,5,235.57291517154528
7,19,0,1,0,4,231.4074505472922
7,20,1,1,0,0,247.22578955943754
7,21,1,1,0,6,248.56334486263881
7,22,1,0,0,5,231.05964854950048
7,23,0,0,1,4,232.12205854289556
7,24,1,0,1,3,256.5932433950812
7,25,1,1,0,5,248.9488644201279
7,26,0,1,0,1,232.79628095889433
7,27,0,1,0,6,240.65207424839218
7,28,1,0,0,4,230.44450407221348
7,29,0,0,0,0,213.3361717683362
7,30,0,0,0,6,212.88483858071925
7,31,1,1,0,0,242.61782196887697
7,32,1,1,0,4,244.7921501413289
7,33,0,1,0,7,228.57920994084256
7,34,0,1,0,7,245.78037143908244
7,35,0,0,0,1,213.7700196320991
7,36,0,0,0,2,214.34631031103106
7,37,0,0,0,5,212.86947000161126
7,38,1,0,1,3,246.56463579127964
7,39,1,0,1,2,243.3052525217439
7,40,1,1,1,2,260.0358712338876
7,41,1,1,1,1,257.9969054021603
7,42,1,1,0,3,243.58321886825476
7,43,1,1,0,1,246.04588805777325
7,44,1,1,0,2,245.9349989313612
7,45,1,1,0,2,247.1661097051897
7,46,1,0,0,6,231.69301644655005
7,47,1,0,0,4,230.31362750359884
7,49,0,0,0,7,232.83462541243625
7,50,0,0,0,0,215.76975438920246
7,51,0,0,0,1,214.4287970737704
7,52,0,0,0,2,215.5706068963912
7,53,0,1,0,7,248.98333271694366
7,54,0,0,0,3,215.59550945454686
7,55,0,0,0,6,214.1822378347608
7,56,0,0,0,3,212.7407697208492
7,57,0,0,0,4,216.43552845026596
7,58,0,0,0,6,214.33892903055863
7,0,1,0,0,3,229.85985502447357
7,2,1,0,0,2,231.88366962236105
7,3,1,1,0,4,243.80822554628844
7,4,0,1,0,5,229.66149825909213
7,5,0,1,0,7,245.2751858202308
7,6,0,1,0,1,229.02373517868276
7,7,0,1,0,1,230.78660935952982
7,8,0,1,0,1,229.42054471068755
7,9,0,1,0,4,229.99499034261493
7,10,0,1,0,5,229.3534775032332
7,11,0,1,0,4,231.99606367651222
7,12,1,1,0,0,244.7137793951636
7,13,1,1,0,3,246.31971475078433
7,14,1,0,0,5,231.60222869120958
7,15,1,0,0,5,231.82317378232506
7,16,1,0,0,0,231.61408700749521
7,17,1,0,0,2,234.87582551697008
7,18,1,1,0,4,250.51764979497088
7,19,0,1,0,0,230.83829532713148
7,20,0,1,0,2,231.17864109701765
7,21,0,1,0,5,229.3164198671829
7,22,0,1,0,5,229.10053939254053
7,24,0,1,0,5,230.00491021543473
7,25,0,1,1,1,246.13718097036147
7,26,0,1,0,0,231.47511390587113
7,27,0,1,0,1,231.13235497027244
7,28,0,1,0,1,231.91925482028785
7,29,0,1,1,0,243.9476553099405
7,30,0,1,1,6,247.0916610896206
7,31,0,1,1,7,257.1137436108849
7,32,1,1,0,6,246.77149966142312
7,33,1,1,0,3,247.2340817656849
7,34,1,0,0,6,229.2127130127696
7,35,0,0,0,6,221.8666528044285
7,36,0,1,0,4,229.853887433954
7,37,0,1,0,4,229.20241446914582
7,38,0,1,0,6,234.52801388672137
7,39,0,1,0,0,229.40354113543333
7,40,0,1,0,2,228.12235420855046
7,41,0,0,0,5,217.46802413692347
7,42,1,0,1,0,245.5184958305769
7,43,1,0,1,0,245.71750868289453
7,44,1,0,1,7,267.69586154409825
7,45,0,0,0,4,215.19164869313522
7,46,0,0,0,4,215.48106915855286
7,47,0,0,0,4,215.12402864166904
7,48,0,0,0,2,215.87434822201737
7,49,0,1,0,3,230.35015952949482
7,51,0,0,0,2,215.59709371197567
7,52,0,1,0,5,231.84376669892904
7,53,1,1,0,0,246.18945574475768
7,54,1,1,0,1,244.1628942526745
7,55,1,1,0,6,248.6683693287898
7,56,0,0,0,0,213.4403830469361
7,57,0,0,0,6,226.68486062329953
7,58,0,0,0,1,216.55251619255185
7,59,0,0,0,1,215.15837475508056
7,0,0,0,1,6,228.41466584890327
7,1,0,1,1,1,246.6477748487407
7,2,0,1,1,0,245.30158907806995
7,3,0,1,1,2,246.57039737673526
7,4,0,1,1,2,242.39431823892667
7,5,0,0,1,6,229.90764686982652
7,6,0,0,1,1,230.9083140759984
7,7,0,0,1,1,232.794158412469
7,8,0,0,0,5,217.1597609225949
7,9,0,0,0,5,215.44463866449686
7,10,0,0,0,6,218.21443539193154
7,11,1,0,0,7,243.43740178761425
7,12,0,1,1,1,247.41679166562662
7,13,0,1,0,6,234.79740351115782
7,14,0,0,0,3,220.4928333723394
7,16,0,1,0,1,230.44796976926548
7,17,0,1,0,1,232.0972048198874
7,19,1,1,0,2,247.9549857788128
7,20,1,1,0,2,250.28753471903138
7,21,1,0,0,6,232.894020059122
7,22,1,1,0,7,259.65399325217396
7,24,0,0,0,7,225.7606759851517
7,25,0,0,1,4,232.45682574738115
7,26,0,0,1,3,234.96263906717311
7,27,0,0,0,5,215.1185256241207
7,30,0,0,0,4,213.08274830899006
7,31,0,0,0,2,213.28886067403727
7,33,0,1,0,2,228.92144061820767
7,34,0,0,0,4,214.67644851780238
7,35,1,0,0,4,230.64478743371984
7,36,0,0,0,3,215.72319890044432
7,37,0,0,0,2,214.87973445346853
7,38,0,1,0,5,233.98150757633496
7,39,0,1,0,6,235.0623585510633
7,42,0,0,0,3,215.44709988571964
7,43,0,0,1,4,231.68517953427153
7,44,0,0,1,4,230.61682786417424
7,46,0,0,0,3,217.7147345282806
7,48,0,0,0,5,213.71342328317817
7,51,0,0,0,3,213.93317516288886
7,52,0,1,0,7,244.40329565927368
7,54,1,1,0,4,247.43623518484944
7,55,0,1,0,2,231.12844529025844
7,56,0,1,0,5,229.14983198841884
7,57,0,1,0,0,231.11706566485594
7,58,0,1,0,6,233.48189526668227
7,59,0,0,0,4,218.24743093339603
7,0,1,0,0,2,230.40976401677486
7,1,1,1,0,4,245.16242322886043
7,2,0,1,0,1,228.5334106210767
7,3,0,1,0,1,230.02728057337433
7,4,0,1,0,2,231.60565100378898
7,5,0,0,0,2,217.5179634393777
7,6,0,1,0,7,228.76927637132607
7,8,0,0,0,4,217.13117432979917
7,10,0,0,0,1,215.0031098317272
7,11,0,0,0,3,217.70173734339406
7,12,0,1,0,4,231.42286556447382
7,14,0,0,0,7,232.35743100983305
7,15,0,0,0,7,227.30116232104197
7,16,0,1,0,4,230.0474989641223
7,20,1,0,1,2,247.96861868419455
7,21,1,0,1,6,252.5531307774066
7,22,1,0,1,7,261.9532299617735
7,23,0,0,1,3,232.67019696765414
7,24,0,1,0,2,230.35515288495566
7,25,0,1,0,1,230.39998083088753
7,26,0,1,1,7,258.0109356655946
7,27,0,0,0,4,215.531614807459
7,28,0,0,0,6,217.74553366399942
7,29,0,0,0,4,214.23682713817692
7,32,1,1,0,0,244.46605402687447
7,33,1,1,0,4,247.39245889190906
7,34,0,1,0,1,228.94243424470181
7,36,0,1,0,6,230.43237810948244
7,37,0,0,0,3,214.56319913426083
7,38,0,1,0,3,233.87698540773724
7,39,0,1,1,5,241.07511102176935
7,40,0,1,1,7,252.06034788013886
7,41,0,0,0,7,231.21994042572413
7,42,0,1,1,0,244.63137308959728
7,43,0,1,1,6,250.09755843817925
7,44,0,1,1,0,242.04714458376807
7,45,0,1,1,4,246.42640687503362
7,46,0,1,1,6,247.46471922076688
7,47,0,0,1,0,230.15070356206894
7,48,0,0,1,3,230.28625839453125
7,49,0,0,0,3,217.2719713456225
7,50,0,1,0,2,230.448683118205
7,51,0,0,0,5,213.91007761214271
7,52,0,0,0,7,221.97910449657377
7,53,0,1,0,2,231.69953659707392
7,54,0,0,0,4,214.91145991100464
7,55,0,0,0,7,228.25351116335588
7,56,0,0,0,2,213.0851880458702
7,59,1,0,0,4,232.34169263126313
7,0,1,0,0,4,232.90337936389574
7,2,1,0,0,6,230.5629189250525
7,3,0,0,0,3,214.78700120807028
7,4,0,0,0,4,213.87764673527693
7,5,0,0,0,0,215.77745210740574
7,6,0,0,0,1,216.26628137732223
7,7,0,0,0,3,216.45006985521775
7,8,0,0,0,2,215.46871631547674
7,9,0,1,0,5,230.822820649173
7,10,1,1,0,4,247.40582438990344
7,11,0,1,0,2,233.98859046595604
7,12,0,1,0,6,234.14773464990233
7,13,0,0,0,5,214.21389663446675
7,14,1,0,0,7,242.91197634608093
7,15,0,1,1,2,248.55738809809728
7,16,0,0,1,6,239.02519802840902
7,17,0,0,1,0,229.96478369022034
7,18,0,0,1,1,232.24957316295965
7,19,0,0,1,1,232.30462866966081
7,20,0,0,0,1,218.33574367059782
7,23,0,1,0,1,229.19554743111067
7,24,0,1,0,1,228.9770171599728
7,25,0,1,0,0,231.10981503428937
7,26,0,1,0,2,232.7743347405558
7,27,0,0,0,3,216.67924042933396
7,28,0,1,0,5,229.89004453102552
7,29,1,1,0,1,246.31728161764724
7,31,0,0,0,1,212.40018204849235
7,32,0,0,1,0,227.68703236112694
7,33,0,0,1,2,229.9138086603521
7,34,0,0,1,3,230.9111096355942
7,35,0,1,1,2,241.45087808433692
7,36,0,0,1,3,232.33282661355656
7,37,0,0,0,4,213.48314040830502
7,38,0,0,0,2,213.35993891956628
7,39,0,0,0,2,213.28045874081315
7,40,0,1,0,3,230.55499310845943
7,41,0,1,1,1,246.16939769215463
7,42,0,1,1,5,247.23510253954515
7,44,0,1,0,6,231.21803468905364
7,45,0,0,0,5,216.97943434631364
7,46,0,0,1,5,233.24238152625495
7,47,0,0,1,1,232.49753385766363
7,49,0,0,0,2,215.3077628579381
7,50,0,1,0,6,230.2514597764698
7,51,1,1,0,0,242.8875366619644
7,52,1,1,0,6,246.34320779194317
7,53,0,0,0,5,216.7931026679833
7,56,1,1,0,7,257.2525052748361
7,57,0,0,0,5,213.73149270174954
7,58,0,0,0,3,215.8270494600103
7,59,0,1,0,7,235.22989660802415
7,0,0,1,0,2,230.89044516891195
7,1,0,0,0,5,214.79258100359542
7,2,0,0,0,4,219.11822895373436
7,3,0,0,0,2,214.59369962097406
7,4,0,1,0,6,230.1382655702118
7,5,1,0,0,6,236.32555801773353
7,6,1,1,0,5,249.02428558836127
7,7,1,1,0,0,244.45834682574633
7,8,1,1,0,4,244.23115729630263
7,10,1,0,0,7,239.73269625429708
7,11,0,0,0,7,227.58276921651074
7,12,0,0,0,1,214.74479191429768
7,13,0,0,0,7,230.46718236835574
7,14,0,1,1,1,246.90455092256485
7,15,0,1,0,6,230.97069001919073
7,17,0,0,0,5,217.27159051808405
7,18,1,0,0,4,234.66214729584394
7,19,0,0,0,1,219.4454248253195
7,22,0,1,0,3,232.02292915523591
7,25,0,0,0,0,215.0901376058479
7,26,0,0,0,3,220.27256618118167
7,27,0,1,0,3,231.38476928770513
7,29,0,1,0,2,231.0355812754674
7,30,0,0,0,1,212.80277323827045
7,31,0,0,0,0,213.8121330050747
7,32,0,0,0,6,213.49436750742942
7,33,1,1,0,6,248.675004319581
7,34,0,0,0,2,214.38529641611976
7,35,0,0,0,5,213.9332199271259
7,37,0,1,0,7,247.7090097294722
7,38,1,0,1,0,242.69916065040184
7,39,1,0,1,3,250.4923027136679
7,40,1,1,1,1,257.13625636755467
7,41,1,1,0,7,261.80895562077654
7,42,1,0,0,6,229.44502131289576
7,43,0,0,0,2,214.27358279744854
7,44,0,1,0,0,231.78436242648422
7,45,0,1,0,3,234.3171534680172
7,46,0,0,0,1,215.5879356613445
7,49,0,0,1,5,227.65711593218757
7,50,0,0,0,6,217.07209775666132
7,51,1,1,0,2,245.59103645924793
7,52,1,0,0,6,232.26281052875575
7,53,0,1,0,1,231.13919962203013
7,54,0,1,0,7,243.91073071984073
7,56,0,0,0,5,214.29133504512887
7,0,0,0,0,3,218.64157473539294
7,1,0,1,0,0,228.7346403787181
7,2,0,1,0,7,240.66583615181528
7,3,1,0,0,2,234.02974584806861
7,4,1,1,0,0,244.09688593893605
7,5,1,1,0,3,246.73261309791818
7,6,1,1,0,6,247.2608818195827
7,7,1,0,0,5,227.81865451675407
7,8,0,0,0,0,215.23529568589393
7,9,0,0,0,4,215.60276685730457
7,10,0,0,0,4,215.6993333294905
7,11,0,0,0,1,215.55426571388264
7,13,0,0,1,7,240.51159505597357
7,14,1,0,1,4,250.08069368238316
7,15,0,0,1,0,230.1601666801076
7,16,0,0,1,4,232.37386370689185
7,17,0,0,1,7,246.01996005889498
7,18,0,1,0,0,231.73445629066117
7,19,0,1,0,5,232.35499068315053
7,20,0,1,0,0,230.285934050365
7,22,0,1,1,4,243.3598904108652
7,23,0,1,1,2,247.77299678602398
7,25,0,0,0,6,225.3760154177641
7,26,0,0,0,5,220.86978082931503
7,27,1,0,1,2,247.6349585656108
7,28,1,0,1,0,242.30096362650622
7,29,1,0,1,1,245.01342442867653
7,30,1,0,0,0,228.38000508719693
7,31,1,0,0,7,245.06269760749913
7,32,1,0,0,6,231.0845301544418
7,33,0,0,0,0,212.91273559692073
7,34,0,0,0,7,212.66220916878504
7,35,1,1,0,2,245.19080450613023
7,36,1,0,0,4,229.73709943206046
7,37,0,0,0,6,212.73338374399495
7,38,0,0,0,0,213.8533111932837
7,39,0,0,0,0,213.41890170558668
7,40,0,0,0,0,213.16945050249208
7,41,0,0,0,0,213.50577214022073
7,42,0,0,0,6,213.94374992313885
7,43,1,0,0,7,230.40612598681633
7,45,1,0,0,5,232.14134407539845
7,49,0,0,0,1,214.9872757745837
7,50,0,0,1,3,229.53197799820146
7,51,0,0,0,6,215.37701222989372
7,52,0,1,0,4,231.64284518260118
7,54,0,0,0,5,216.2803925290053
7,55,1,0,0,5,233.2858022302163
7,56,0,0,0,6,212.95072558614766
7,57,1,1,0,4,248.49640826154422
7,58,1,1,0,0,244.0604899702459
7,59,1,1,0,1,242.37987517869357
7,0,1,1,0,6,246.0778125269851
7,1,1,0,0,7,238.54685993872366
7,2,1,0,0,7,241.53510833835185
7,3,0,0,0,4,216.742609263134
7,4,0,0,0,2,214.00143086741872
7,5,0,0,0,4,214.7311396691449
7,6,0,0,0,4,217.22649374239242
7,7,1,0,0,0,229.9456551476675
7,8,1,0,0,3,234.5679007098481
7,9,1,0,0,3,232.1786777611221
7,10,1,0,0,2,230.4018930755442
7,11,1,1,0,1,246.6430455877279
7,13,1,1,0,1,246.6730641744818
7,14,1,1,1,4,263.1315785860853
7,15,0,1,1,3,250.58632177718806
7,16,0,0,0,2,217.3759673986064
7,18,0,1,0,3,236.16930376526096
7,20,0,1,0,4,231.19073417218212
7,21,0,1,0,0,227.91301219017652
7,23,0,0,1,5,233.26374064366587
7,25,0,1,0,4,230.33604991572128
7,27,0,1,0,7,235.58974005759526
7,28,0,0,0,4,218.92389007302134
7,29,0,0,0,1,214.6867993962292
7,31,0,1,0,7,243.7966672782532
7,32,0,0,0,7,223.91767810456014
7,34,1,0,0,3,227.91371193998282
7,35,1,1,0,7,258.6149124245481
7,37,1,1,1,5,256.6080363139276
7,38,1,1,0,3,247.15540708361556
7,39,1,0,0,4,230.99591914140805
7,40,0,0,0,3,227.4892295507401
7,42,0,0,0,5,214.40548145273374
7,43,0,0,0,4,215.6564972491701
7,44,0,0,0,5,215.53501066662903
7,47,0,0,0,1,215.75918641197268
7,48,0,0,0,6,224.19727085320596
7,50,0,1,0,0,228.16158285935091
7,51,0,1,0,3,228.21150016823017
7,54,0,0,0,1,215.98976842794602
7,55,0,0,0,3,213.460018725462
7,57,0,1,0,7,233.6360794493096
7,58,1,0,1,0,243.4579784752889
7,59,1,0,1,0,245.22148744317815
7,0,1,0,1,7,260.45937572513185
7,1,0,0,0,2,216.04183887402206
7,2,0,0,0,5,215.32046512497956
7,4,0,0,0,3,214.35384129769525
7,7,0,0,0,1,217.00592290083935
7,9,0,0,0,1,217.19649533230844
7,11,1,0,0,5,231.59089389236092
7,12,0,0,0,7,230.9336857029666
7,13,0,0,0,2,217.52477254095163
7,14,0,1,0,0,231.07553010031415
7,16,0,1,0,6,234.09410272301565
7,17,0,1,0,0,232.10627618203853
7,18,0,1,0,7,247.26411567824235
7,19,1,0,0,5,234.29049950733346
7,20,0,0,0,5,218.91328042034118
7,22,0,0,0,5,215.71386157247167
7,23,0,0,0,7,228.7054769018793
7,24,1,1,0,0,243.62692546855868
7,25,1,1,0,0,243.12901982111867
7,26,1,1,0,1,246.23684197121312
7,27,1,1,0,0,245.75150632185043
7,28,1,1,0,1,247.0010218940144
7,29,1,1,1,0,258.31397698762186
7,30,1,1,1,4,262.6037652883014
7,31,1,1,1,1,259.8559351399089
7,32,1,1,0,5,246.31242009358579
7,33,1,1,0,2,247.3880825371737
7,34,1,0,0,0,228.82034320648583
7,35,1,0,0,0,229.3700445341378
7,36,1,0,0,0,225.09468104391757
7,37,1,0,0,2,231.47982059503184
7,38,1,0,0,6,229.62676841441598
7,40,1,0,0,2,228.75431060074118
7,41,1,0,0,3,226.9548672485576
7,42,1,1,1,5,263.5098565816429
7,43,0,1,0,2,232.7811818885828
7,44,0,0,0,0,213.02644640030968
7,48,0,0,0,7,216.17314273805545
7,49,0,1,0,2,230.28155202932288
7,51,0,1,1,5,243.22358073649968
7,52,0,1,0,1,233.7050968195982
7,55,0,0,0,1,213.84792893019943
7,58,0,1,0,1,232.38530268096315
7,59,0,1,0,1,232.51104440851043
7,0,0,1,0,4,230.8135671781656
7,3,0,1,0,7,229.4697797044043
7,6,0,1,0,0,228.61589091053298
7,7,0,1,0,0,231.18901025950558
7,8,0,1,0,4,229.82409202263432
7,9,1,1,0,4,247.4038119354471
7,10,1,1,0,2,248.49246700003377
7,11,1,0,0,4,233.7337731611406
7,12,0,0,0,5,215.17904440282766
7,13,1,0,0,2,233.53691819569505
7,15,0,0,0,6,221.6420973248499
7,16,1,1,0,0,247.70375574122932
7,17,1,1,0,4,250.53051166406058
7,18,0,1,0,2,235.24372442887483
7,19,0,1,0,6,232.19869476529342
7,22,0,1,0,6,239.56866271868023
7,23,0,0,0,1,213.75665018920546
7,25,0,1,0,5,231.77532104739984
7,26,0,1,1,4,245.894705371545
7,27,0,1,1,6,249.0824398758086
7,28,0,1,1,5,248.25454236663847
7,29,0,1,0,4,231.6621066104692
7,30,0,1,0,0,229.70668439989205
7,32,0,1,0,0,229.2739268680898
7,34,0,1,0,5,232.42202779735376
7,36,0,1,1,7,259.1808850353183
7,37,0,0,0,7,230.00600388053175
7,38,1,1,0,6,247.00973646932192
7,39,1,1,0,3,246.51924765634917
7,40,1,0,1,1,243.15585539909128
7,41,1,0,1,1,245.8082645542351
7,42,1,0,0,4,231.09946167701287
7,43,1,0,0,4,232.9894253305832
7,44,1,0,0,3,229.72143960906422
7,45,1,1,1,5,262.2704652752451
7,46,1,1,0,7,256.6410803750665
7,47,1,1,0,0,242.57885182709236
7,48,1,1,0,2,248.07796353793788
7,49,1,1,0,6,257.80971530367214
7,55,0,0,1,0,230.95994384238708
7,56,0,0,1,5,232.65156423468727
7,57,1,0,0,2,230.34361154989207
7,58,1,1,0,3,247.9635577174756
7,59,1,1,0,6,244.76451707398402
7,2,0,1,0,3,230.13390499254837
7,3,0,0,0,1,214.79754802382098
7,5,0,1,0,0,227.12258281325654
7,7,0,1,0,5,229.85573684478496
7,8,0,1,0,5,228.83756549516312
7,10,0,1,0,2,230.32140505223566
7,12,0,1,0,5,230.9024787569647
7,13,0,1,0,2,231.46313474502426
7,16,0,0,0,4,216.6118548086905
7,18,1,0,1,5,248.98713866320418
7,19,0,0,0,3,219.68542065954273
7,22,0,1,0,7,229.1687841532684
7,23,0,0,0,0,212.89195389168225
7,28,0,1,0,7,242.66360019007743
7,29,0,0,0,6,217.23159469748742
7,30,0,0,0,7,228.8626254895006
7,31,0,1,0,1,229.6153216647498
7,33,0,1,0,0,229.38389611435787
7,35,0,0,1,2,230.18419936674732
7,36,0,0,1,7,244.04057579223627
7,37,1,1,0,7,252.75146939612057
7,38,1,1,0,7,254.81789500671172
7,39,0,1,0,2,231.76820552564038
7,41,0,1,0,6,231.14663849882803
7,42,1,1,0,2,243.77355584403503
7,43,1,0,0,5,230.6411837065735
7,44,0,0,0,4,215.49362611174226
7,46,0,0,0,7,227.39768834537725
7,47,0,1,1,0,242.36998005921228
7,48,0,1,1,6,246.36104443629623
7,49,1,1,1,0,256.88918142444254
7,50,1,1,1,6,261.0625935273619
7,51,0,1,1,4,244.01284456303074
7,52,1,1,1,5,262.8400340746159
7,53,1,1,0,1,249.266093315035
7,54,1,1,0,5,246.9966840630029
7,55,1,1,0,5,247.12757864338482
7,56,0,1,0,7,241.84922186753718
7,58,0,0,0,2,215.90656854172795
7,59,0,1,0,2,233.90420018395338
7,0,0,0,0,0,214.8962361623328
7,1,0,0,0,4,216.0215755201125
7,5,0,1,0,5,232.86448572585022
7,6,0,1,1,7,262.56370117766414
7,8,0,1,0,3,228.93082854669655
7,14,1,1,0,4,247.65933146303632
7,15,0,1,0,5,229.94875260313313
7,16,1,1,1,7,276.6047863791929
7,17,0,0,0,2,215.14272373403492
7,18,0,0,0,7,232.6065108406503
7,20,0,1,0,5,235.35956177898538
7,21,1,1,1,7,272.2699538496838
7,22,0,1,0,2,229.37777778537068
7,23,0,0,0,4,213.2446780734988
7,24,1,0,0,1,231.52788898570984
7,25,1,0,0,5,231.0598953788599
7,26,0,0,0,6,216.21555290341615
7,27,0,0,0,6,217.20240510448954
7,29,0,0,0,5,219.3311238273566
7,30,1,0,0,4,228.0276598932047
7,32,0,0,0,2,213.9161740942796
7,34,0,1,0,6,233.10112110310354
7,35,0,1,0,3,228.07137023605867
7,36,0,0,1,4,228.98710796366905
7,37,1,0,1,6,242.58495227566272
7,38,0,0,1,7,231.10293560771493
7,39,0,0,0,3,214.22614104521264
7,40,0,0,0,4,212.61643528248513
7,41,1,0,0,2,230.30558561958063
7,43,0,0,0,3,217.29415935415506
7,45,0,1,0,1,232.99642324031817
7,46,0,1,0,0,230.28541567280473
7,47,0,1,0,0,228.9002012585783
7,48,0,1,0,4,228.99138646670403
7,49,0,1,0,4,230.15051573882357
7,50,0,1,0,3,228.89666909135778
7,51,0,1,0,4,228.2625226122273
7,52,1,1,0,5,246.71392105248373
7,53,1,1,0,5,249.4988322783453
7,54,0,1,0,0,230.9288333008122
7,55,0,1,0,3,231.48377682927423
7,56,0,1,1,3,250.00578465930198
7,57,0,0,0,0,214.03707247240493
7,59,0,0,0,6,219.64922475359077
7,0,0,1,0,3,231.1510617039204
7,1,0,1,1,4,246.3976732341468
7,2,0,1,1,1,246.48266539269133
7,4,0,0,1,1,230.11143573543038
7,6,0,0,0,0,215.62876391573414
7,10,1,0,0,5,230.29318656962934
7,11,0,0,1,0,231.0042479422757
7,12,0,0,1,6,231.45204037172184
7,13,0,1,1,7,257.67818700859243
7,14,0,0,1,0,232.30076033301017
7,15,0,0,1,7,244.32417509447689
7,16,0,0,0,7,230.5432997810484
7,19,0,0,0,7,233.91191219591786
7,21,1,0,0,2,231.48840480247026
7,22,1,0,0,6,231.0546880414151
7,23,1,0,0,0,230.33936392061185
7,24,1,0,0,7,242.8557913199195
7,25,0,0,1,5,232.00215336967833
7,26,0,0,0,1,216.29039375535592
7,27,0,0,0,2,216.6101985652081
7,28,0,1,0,4,229.94225234263612
7,29,1,1,0,5,245.47543371373393
7,30,0,1,0,4,230.20905458411096
7,31,0,1,0,4,230.06017867350766
7,33,0,1,0,1,229.91609947317517
7,34,0,1,0,2,231.49836001509163
7,35,0,0,0,7,228.01692373829007
7,37,0,1,0,6,229.76823339245414
7,39,0,0,0,1,214.5451936820598
7,40,0,0,0,2,213.25237807361538
7,41,0,1,0,1,228.80176479030968
7,42,0,1,0,1,231.58060567864635
7,43,0,1,1,2,245.51005188261706
7,44,0,0,1,5,228.8263535735274
7,48,0,0,0,4,215.47047136427037
7,49,1,0,0,3,232.12507988796398
7,50,1,0,0,2,231.1824213551716
7,51,1,1,0,6,245.3941271573139
7,53,1,0,0,2,232.05061894147119
7,54,1,0,0,3,234.64952222535925
7,55,1,1,1,1,264.5766741988401
7,56,1,1,0,2,244.39939562962772
7,57,1,1,0,1,244.96367692435243
7,58,1,1,0,4,245.5831974369
7,59,0,1,0,3,231.35528352730142
7,1,0,1,0,6,229.25021935794047
7,3,0,0,0,0,214.2784653376504
7,6,0,0,0,2,218.26265443435545
7,8,1,1,0,6,256.0058999839099
7,9,0,0,0,3,216.95676845463504
7,10,0,1,0,7,239.32948693289686
7,11,0,0,0,5,215.26939027955808
7,12,1,0,0,6,232.8211647407367
7,13,0,1,0,1,231.0763491496371
7,14,0,1,0,2,233.79077702888353
7,15,0,0,0,4,216.5122776909409
7,16,1,0,0,6,230.78616345660305
7,17,0,0,0,6,216.0719525520222
7,18,0,1,0,1,236.2467739670985
7,20,0,1,0,6,231.65346985360077
7,22,1,1,0,6,244.7930618163629
7,23,1,0,0,7,243.6163700138454
7,24,0,0,1,5,231.66192880726655
7,28,0,0,0,7,224.95779129511752
7,31,0,1,0,5,229.28251462105607
7,32,0,1,0,1,230.68889553109983
7,33,0,1,0,6,229.3450967859836
7,34,0,0,0,0,211.89333095660038
7,35,0,0,0,0,212.89725848282526
7,36,0,0,0,5,214.40749878460238
7,37,0,0,1,3,231.80829582828287
7,38,0,1,0,2,231.553981579375
7,42,1,1,0,5,243.95809999684536
7,43,1,1,0,5,244.66989488659635
7,44,1,1,0,7,258.70512707023437
7,45,0,0,0,2,216.6797851527927
7,46,0,1,0,6,229.87355819348625
7,48,0,1,0,5,229.4339347604061
7,49,1,1,0,2,248.37047439708576
7,50,1,0,0,0,227.47048774177188
7,51,1,0,0,4,231.79369654121265
7,53,0,0,1,4,228.4111246079915
7,54,1,0,1,2,247.80825675033458
7,55,1,0,1,7,258.56574042327884
7,57,1,1,0,5,249.39961471352134
7,58,0,1,0,7,240.92536292103233
7,0,0,0,1,3,235.57096247456244
7,1,0,1,0,4,231.14453042299124
7,2,1,1,0,7,259.1557944812729
7,3,1,1,0,5,244.8442017984366
7,4,0,1,0,7,242.6469224448295
7,7,0,0,0,5,217.14560885082145
7,8,1,0,0,0,229.70024517077042
7,9,1,0,0,4,232.63396645341368
7,12,1,1,1,0,256.00487163394286
7,13,1,1,1,3,266.7216119680777
7,14,1,0,0,3,231.1849557798549
7,15,1,0,1,0,246.74893748850718
7,16,1,0,1,0,246.2214790366909
7,17,1,0,1,1,246.92650882739
7,18,1,0,0,7,247.14514135272026
7,20,0,0,0,6,217.5797460956677
7,21,1,0,0,3,232.4048532393549
7,22,1,0,1,3,250.0134020874258
7,23,1,0,0,3,231.86303266551178
7,24,1,0,0,3,232.03365996768687
7,25,1,0,0,1,230.42454783305385
7,26,1,0,0,3,231.94905511409638
7,27,1,1,0,2,248.16836026050376
7,28,1,0,0,2,230.33841801379575
7,29,1,1,0,6,246.7845916701328
7,32,0,0,0,4,215.16157593000221
7,33,0,0,0,2,213.00182268485744
7,34,0,0,0,6,216.07310721580558
7,36,0,0,0,1,212.33739745606033
7,42,0,0,0,1,215.4367425682676
7,46,0,0,0,5,217.62684080428957
7,50,0,1,0,4,225.91156831680541
7,51,0,1,0,7,228.43759248849838
7,52,1,0,0,7,244.62397380571468
7,53,1,1,0,2,247.8719149344372
7,54,1,0,0,2,229.63955367415133
7,55,1,1,0,4,245.9212555243863
7,57,0,0,1,1,230.91172177707043
7,0,0,0,0,5,214.66324138654412
7,1,0,0,0,3,219.0300277842442
7,2,0,1,0,6,228.37252753452472
7,4,0,0,0,0,213.27516670368834
7,5,0,0,0,7,218.94745728776758
7,6,1,1,0,1,243.92468463873576
7,7,1,1,0,7,260.98618918413376
7,8,1,0,0,4,234.17439526820502
7,10,1,0,0,3,228.66184496788472
7,11,1,0,1,4,243.70805831910195
7,13,1,0,1,0,244.87770227276025
7,14,1,0,1,3,250.02594477561723
7,15,1,0,0,6,231.988271054706
7,16,0,0,0,1,215.2108132371425
7,18,0,0,0,4,221.99270695435413
7,20,0,1,0,1,230.7831392825567
7,21,0,1,0,4,231.3695133305695
7,25,0,0,0,3,216.13668669546703
7,26,0,0,1,4,229.92828838192824
7,27,0,0,1,4,229.70151495406498
7,28,0,0,1,0,229.18855181685012
7,29,0,0,1,1,229.8817691893507
7,30,0,0,0,5,214.42879026283066
7,31,0,0,1,5,237.3064545710988
7,33,0,0,0,4,213.104634923196
7,36,0,1,0,5,229.86888398787914
7,37,1,1,0,1,243.18668246646618
7,39,1,1,0,0,244.9299742998445
7,40,1,1,0,4,246.23941499523679
7,41,0,1,0,2,229.34950431171228
7,43,0,1,0,0,229.75733811393457
7,46,0,0,1,0,232.07147615057906
7,47,0,0,1,2,230.40031910072358
7,48,0,1,1,7,260.5222292152265
7,51,0,1,0,2,236.73408277617716
7,52,0,1,0,2,232.52841376427455
7,58,0,0,0,7,226.43083990299178
7,59,1,1,0,7,259.2933578209044
7,0,0,0,0,6,216.8255698076385
7,3,0,0,1,3,230.26945773161123
7,4,0,0,1,7,245.2485141613945
7,5,1,1,1,3,259.86606740519244
7,6,1,0,0,2,230.44241442150397
7,8,1,1,0,2,245.26748860272016
7,9,1,0,0,6,232.10702148255936
7,14,1,0,0,6,231.9524082776246
7,16,1,1,0,3,248.2223829835952
7,17,1,0,0,6,236.17014110201322
7,21,0,1,0,2,232.30015161452283
7,23,0,1,0,4,230.49195336721763
7,27,1,0,0,5,233.2179090951928
7,29,0,1,0,7,244.02293320867685
7,31,1,0,0,5,229.9625432656539
7,32,1,0,0,7,239.1313932039921
7,33,1,0,0,4,230.3343772046027
7,34,0,0,0,5,213.15849457020087
7,35,0,0,0,2,213.64105537895796
7,36,0,1,0,2,230.1615944549471
7,39,1,0,0,0,227.8953594579794
7,40,1,0,0,7,241.59529906165338
7,41,0,0,0,1,215.42491316784933
7,42,0,0,0,0,213.0383456113739
7,44,0,1,0,4,231.5940324950501
7,45,1,1,0,1,245.66026743433787
7,46,1,1,0,0,242.94018916935116
7,47,1,1,0,6,246.51177244417224
7,50,0,0,0,5,218.65390563217932
7,52,1,0,0,2,232.54946451868884
7,53,1,1,0,7,259.42986049991947
7,54,1,1,0,7,247.4525947106302
7,55,0,0,0,4,213.51080528856804
7,57,0,0,0,7,214.58795963319915
7,59,0,1,0,5,232.2564707577856
7,0,0,1,0,6,231.77943663528572
7,1,0,0,0,6,219.39362696434384
7,2,1,1,0,1,247.00983560240005
7,3,1,1,0,2,243.89987178952157
7,4,1,1,0,2,248.44219689936375
7,5,1,1,0,0,243.94251447154554
7,6,1,1,0,0,243.2584469280432
7,8,1,1,0,1,244.893995589271
7,9,1,1,0,2,247.09114189302477
7,11,1,0,0,2,232.1028994132278
7,12,1,0,0,5,232.78501486088305
7,14,1,0,0,2,232.07595478019053
7,15,1,0,0,2,230.79665585119574
7,16,1,1,0,7,247.56041289428043
7,17,1,1,0,3,250.35511804222986
7,18,1,0,0,6,236.29642614753448
7,19,0,1,0,2,232.90533865450922
7,22,0,1,0,0,228.804962091762
7,23,0,1,0,5,231.2172856580659
7,24,0,1,1,6,244.59809244794377
7,25,0,1,1,6,255.32728818797918
7,26,1,0,1,5,244.91011109823677
7,29,1,0,0,7,242.23894661609208
7,30,0,1,0,2,230.71480888967127
7,31,0,1,0,3,231.6951453208027
7,34,0,0,0,3,224.83198223227015
7,35,0,0,1,0,225.54595517185152
7,37,0,0,1,4,227.5320986434831
7,38,0,0,1,2,230.39444373611144
7,39,0,1,1,1,241.24091038850344
7,40,0,1,0,1,229.14428547097583
7,42,0,1,0,0,229.51963870401056
7,44,0,1,0,3,233.8273176604399
7,45,0,1,0,4,231.97340315029837
7,46,1,1,0,2,247.55351816503028
7,47,1,0,0,1,229.87144779309222
7,48,1,0,0,2,229.1479196462802
7,49,1,0,0,1,229.0960008797332
7,50,1,0,0,1,231.4197171706021
7,51,1,0,0,0,231.03308247666382
7,55,0,1,0,7,243.4988273278166
7,56,0,0,1,7,243.55277295067452
7,57,0,0,0,3,215.6161650372991
7,59,0,1,0,0,229.91559969808034
7,0,0,1,0,5,231.56058576602828
7,1,0,1,0,2,228.90065904275417
7,3,0,1,0,5,233.7060992565311
7,4,1,1,1,1,260.2989733473082
7,5,1,1,0,5,247.07086222657622
7,7,0,1,0,4,231.2867445778178
7,11,0,1,0,5,230.33725591200042
7,15,0,0,0,2,217.3887511241003
7,16,0,1,0,7,243.38783577605477
7,17,0,1,0,3,244.3692536621474
7,18,0,1,0,6,237.47820155142512
7,19,0,0,0,5,218.85980462221238
7,20,0,0,0,4,218.66419098766215
7,21,0,0,0,6,216.26175308127677
7,22,0,0,0,4,214.9749471084774
7,23,0,0,0,2,216.51995742774636
7,26,0,1,0,6,239.72889471387705
7,29,1,1,0,7,260.68653270443184
7,30,1,1,0,5,247.92612411848833
7,31,0,1,1,2,248.72531326129973
7,33,0,0,1,4,230.63049430961843
7,35,0,1,0,0,228.62026862951143
7,37,0,1,0,0,229.2445686332955
7,40,0,0,0,7,218.4977972950469
7,41,0,1,0,5,232.65685103613976
7,44,0,1,0,7,244.51125064163995
7,45,1,0,0,1,229.03097125198136
7,46,1,0,0,7,242.99343419398093
7,47,0,1,0,2,231.04367976486938
7,48,0,1,0,7,246.0457553092018
7,50,1,0,0,7,246.37005438025852
7,51,1,1,0,5,249.42592101247828
7,52,0,1,0,3,232.52338012673306
7,53,0,1,0,0,231.8394674782142
7,54,0,1,0,1,230.40696013056439
7,56,1,1,0,3,249.5134899987851
7,57,1,0,0,3,229.92212647134477
7,58,1,0,0,7,247.03286273584337
7,2,0,0,0,2,216.4096517219941
7,3,0,1,0,0,229.98944370747856
7,5,0,1,1,2,247.88587550243247
7,6,0,1,1,0,240.0681168446339
7,7,0,1,1,7,253.260969399782
7,8,1,0,1,6,248.29911531154778
7,9,0,1,1,5,247.79804592608917
7,11,0,1,0,3,230.3437054044665
7,13,0,1,0,3,233.38290992013867
7,15,0,0,0,5,219.5210433377812
7,17,0,0,0,0,216.3793007723442
7,21,0,0,0,4,216.9970216136873
7,22,1,0,0,0,230.6398678937641
7,24,1,0,0,4,230.41878980973235
7,25,1,0,0,0,230.43530650394462
7,26,1,0,0,6,231.31392632648294
7,27,1,1,0,1,247.98850637671543
7,28,1,1,1,1,262.7553900644102
7,29,1,1,1,7,267.17026391275056
7,33,1,0,0,7,240.87839275541438
7,34,0,1,1,6,249.27375394962436
7,35,0,0,1,6,236.5771269764764
7,36,0,0,1,0,226.66399128205174
7,39,0,1,0,3,233.43122258250804
7,40,0,0,1,3,226.8497842418452
7,43,0,1,0,3,232.51796768295884
7,48,0,1,0,0,229.08039212864065
7,49,0,1,0,6,242.21771705304772
7,50,0,1,0,7,244.84379391890545
7,51,0,0,0,4,215.6513116085758
7,52,0,0,0,6,215.80386397386798
7,53,1,0,0,5,231.42280612014338
7,54,0,0,1,3,234.60421267191396
7,55,0,1,1,4,248.5093753320372
7,56,0,1,1,1,247.18310408776708
7,57,0,1,0,4,232.31002863143604
7,58,0,1,0,2,230.45336302465344
10,0,0,1,0,6,211.24191710619615
9,4,1,1,0,7,249.47293610999031
9,9,0,0,1,7,238.62358495134652
9,12,0,0,1,6,237.8043391037483
9,13,0,1,1,6,249.67765381930988
9,23,0,1,0,3,232.62129283783258
9,28,1,0,1,6,245.4332381550132
9,32,0,1,0,1,230.7840017915711
9,35,0,0,1,6,230.6227177254267
9,36,1,0,1,0,243.40460635914866
9,45,1,0,1,3,250.21380102506862
9,56,0,1,0,3,231.71467634679908
9,59,0,1,0,7,242.44831400797696
9,2,1,0,1,3,244.4338725726464
9,8,1,1,0,4,247.03715369659076
9,13,1,0,1,7,265.29219939482516
9,15,0,0,0,1,222.214852135768
9,19,1,1,0,6,251.22192755162033
9,29,1,0,0,1,232.08544833900373
9,34,0,1,0,1,229.80245269573277
9,37,0,1,1,4,241.04068372522252
9,38,0,1,1,3,244.42073115014364
9,45,1,1,0,4,242.371964805264
9,46,0,1,0,5,233.97559403058256
9,53,1,0,0,5,232.85002224456014
9,7,1,1,1,3,263.53514653724943
9,9,1,0,0,3,233.8214008663065
9,26,0,1,0,1,232.46864525172123
9,38,1,1,1,2,256.2363688693821
9,39,1,0,1,7,243.86755117091988
9,53,0,0,1,0,230.01270334425806
9,54,0,0,1,6,234.6289382293523
9,1,0,1,1,3,246.24584371260704
9,18,1,0,0,6,232.34955465816128
9,21,1,0,0,0,229.65380632904504
9,22,1,0,0,3,232.21764831607675
9,23,1,0,1,1,245.14259045215164
9,27,0,0,1,0,227.5255594962705
9,29,0,0,1,4,231.4148582826229
9,30,0,0,1,7,246.53522563634826
9,42,0,1,1,3,255.56325646811652
9,47,1,0,0,0,227.91931848458333
9,48,1,0,0,3,232.49962551488002
9,51,0,1,1,3,243.3078811425246
9,53,1,0,0,6,228.86694956762256
9,57,0,0,1,7,246.92376733483016
9,1,0,1,1,6,250.9417009081683
9,2,0,0,1,2,230.64882254975237
9,3,0,0,1,5,236.98464310558992
9,9,0,1,1,6,250.68961159194404
9,10,1,1,1,3,265.11041927506574
9,13,1,1,1,6,263.0074270899122
9,15,0,1,1,4,245.90674433263246
9,19,1,0,1,6,250.67491628451455
9,20,0,0,1,6,236.8619051567627
9,22,1,1,1,1,262.09621942933046
9,23,1,1,0,6,248.66289294067508
9,25,0,0,1,7,229.71770452969193
9,27,1,1,1,0,257.20132144685977
9,28,1,1,1,1,257.5377964239592
9,30,1,1,1,0,258.4620322837687
9,31,1,1,1,7,268.79587362457136
9,37,1,1,1,0,254.70598030343282
9,38,1,1,1,6,258.1154617704763
9,39,0,0,1,0,225.1544851537593
9,55,0,1,1,1,243.41853895421528
9,2,1,0,1,1,246.02505061963555
9,10,1,1,0,5,248.32921428689286
9,18,0,1,0,7,248.59440105845172
9,33,1,1,1,5,259.8471307199639
9,36,1,1,0,1,245.10556088351743
9,44,0,1,0,1,230.28758819097078
9,50,1,1,1,0,258.5104280743468
9,51,1,1,1,4,255.6369495193388
9,52,0,1,1,1,241.63408524305717
9,7,1,0,0,6,239.76745984321715
9,17,1,1,0,3,248.31085671772627
9,29,0,1,1,7,260.9425088727623
9,37,0,1,1,1,241.89123163179886
9,39,1,1,1,5,261.9425116441174
9,42,1,1,0,3,244.66848669017088
9,46,1,1,0,1,245.15286836972112
9,49,1,1,1,7,260.82959846186407
9,53,0,1,1,0,242.72469504592053
9,58,0,1,1,1,247.62586243938944
9,10,1,0,0,3,234.1030183221106
9,12,0,1,1,5,253.4533259695117
9,13,1,1,1,2,262.4866239267331
9,14,1,0,1,6,251.3717195243798
9,15,1,0,1,5,250.5180913304518
9,19,1,1,0,2,250.10702918130136
9,20,1,0,0,4,232.4098551707696
9,27,1,1,1,2,260.90450141866467
9,30,1,1,1,3,258.67639739559695
9,31,1,1,0,1,243.1031798648829
9,55,1,0,0,0,229.4687884727066
9,57,1,0,0,3,232.03045146349737
9,7,0,0,1,7,251.38876572415913
9,17,0,1,1,7,265.64431560830724
9,18,0,1,1,6,247.8157382641452
9,19,1,0,1,0,248.1431852663764
9,21,1,1,1,5,264.5766129899513
9,26,1,1,0,5,247.58802369822433
9,28,0,0,1,7,243.0636834723761
9,31,1,0,1,7,256.35143129321517
9,38,0,0,0,4,215.72464250540045
9,44,1,1,0,1,246.62878870693916
9,49,1,0,1,6,245.31512263781332
9,50,0,0,1,7,231.8958263400347
9,9,1,1,0,4,246.26827134529293
9,10,0,1,0,5,233.58234563511428
9,11,1,1,1,2,262.9451266972325
9,12,1,1,1,6,261.1247736752566
9,14,1,0,1,2,245.6887243868472
9,27,0,0,1,4,226.83810807164275
9,28,0,0,1,1,231.43463981657496
9,35,0,0,0,2,219.30760230361275
9,0,1,1,1,3,260.7279336310185
9,1,1,1,0,0,245.90138567367478
9,5,0,1,1,2,248.91806194493742
9,6,0,1,1,2,248.35355885161897
9,9,1,1,0,6,247.3153647550446
9,23,0,0,1,0,230.67798635035842
9,24,0,0,1,6,232.4928883213266
9,29,1,1,0,7,245.19974176424395
9,49,1,0,1,7,244.74912769130742
9,53,1,0,0,2,229.23478821975468
9,2,0,1,1,7,262.42974440711606
9,11,1,0,1,1,248.38577375049792
9,12,1,0,1,7,266.15848893424413
9,15,0,1,1,1,245.87111058479718
9,31,0,1,0,0,229.26562553104174
9,36,0,0,1,0,226.51190991191038
9,39,1,0,1,1,245.38239375291278
9,25,0,1,0,1,229.9371921177613
9,26,0,1,0,4,232.60168032020204
9,30,1,1,0,5,245.5134913676901
9,31,1,1,1,3,267.9004263792881
9,33,1,1,0,5,246.0909540307584
9,34,0,1,0,0,227.85131681885383
9,35,0,1,0,3,233.6415407040555
9,48,1,0,0,7,240.88034637672058
9,37,0,0,1,0,225.903382402766
9,38,0,0,1,2,229.08505873884778
9,51,1,1,0,5,250.5844663207138
9,55,1,1,1,2,259.63035120058066
9,2,1,0,1,2,244.4348622253598
9,3,1,0,1,3,247.38086482403205
9,5,1,1,0,5,248.00763480296655
9,6,0,1,1,6,252.0038900224096
9,11,0,0,1,7,252.69298081770984
9,13,1,1,0,1,250.88977502382068
9,20,1,1,1,3,263.4824846355385
9,29,1,0,0,5,236.74614716180707
9,31,1,0,0,6,231.27897159053862
9,41,0,0,0,6,223.00854483110544
9,45,0,1,1,5,245.42536232767796
9,46,0,1,1,3,244.94670747010792
9,52,1,1,0,3,242.87855542605885
9,53,1,1,0,5,243.42894666375673
9,1,1,0,0,6,230.14041419390796
9,22,0,0,1,0,228.98335764971992
9,48,1,1,0,1,241.04258607224068
9,49,1,1,1,3,257.0459113956313
9,53,1,0,1,3,243.4179268190636
9,55,0,1,0,1,230.9041427936048
9,1,1,0,1,2,246.85996694571574
9,2,1,1,1,2,262.1100807624539
9,4,1,0,0,6,246.0512297997643
9,6,0,0,1,6,233.88374936215624
9,7,1,1,1,0,258.79088407688954
9,13,1,0,0,7,248.05342293171284
9,22,1,0,1,7,256.2706149718347
9,33,1,0,0,2,230.42791751678587
9,47,1,1,0,3,243.20891922239377
9,50,0,1,0,2,229.46417313519896
9,52,0,1,1,7,258.37481448218375
9,56,0,1,1,2,247.51664722492777
9,57,0,1,1,1,245.51764438830247
9,1,0,1,1,2,249.37757989890798
9,2,0,1,1,6,249.51180212397878
9,4,0,0,1,7,239.43628490517742
9,36,0,0,0,4,217.38798229152152
9,49,0,1,0,3,232.94351354514922
9,11,0,1,1,3,249.21568174497884
9,21,1,0,0,4,230.01281332147096
9,28,0,0,1,3,234.51620861291167
9,29,0,1,1,2,244.10914219714977
9,31,1,0,1,6,241.74906964546673
9,32,0,1,1,4,242.61375809747156
9,33,0,1,1,2,243.2672803782964
9,34,0,1,1,7,258.6194436570946
9,38,1,0,0,3,229.27168500951572
9,40,1,0,1,0,245.17910934830212
9,41,1,0,1,4,245.99002870487945
9,43,0,0,1,1,228.4635432646122
9,48,1,0,0,0,228.15385604853947
9,51,1,1,1,7,275.31999998411436
9,0,0,1,0,4,229.4240808057791
9,20,0,0,1,2,231.74953768910748
9,24,0,1,0,1,231.89256798386012
9,27,0,1,0,1,231.8241677429621
9,41,1,0,0,3,235.14527316958828
9,46,0,0,1,4,229.3949633660075
9,51,0,0,1,5,229.00950914816121
9,55,1,1,0,7,266.58644731701986
9,57,0,1,0,3,233.48763282381424
9,1,0,0,1,6,236.31185041287304
9,2,0,0,1,6,236.23516244286787
9,14,1,1,0,0,247.47058783847856
9,15,1,1,0,5,251.5566411426717
9,24,0,1,0,5,234.82364478735335
9,50,1,0,0,5,232.29679917308144
9,52,1,0,0,3,227.4432514750069
9,6,0,1,0,2,236.36904359465865
9,34,0,0,1,0,228.37517298292505
9,40,1,1,0,7,264.9354677026543
9,56,1,1,1,2,260.2614890123845
9,57,1,0,1,5,247.02374321629034
9,2,1,1,0,6,250.42665989449705
9,9,0,0,1,6,236.42324375157497
9,34,1,0,0,4,230.21325811102275
9,37,1,1,0,0,245.36898940761597
9,42,1,0,1,2,243.43404813357952
9,48,0,1,1,3,246.30255531892124
9,54,0,0,1,3,234.31071227738818
9,1,1,1,1,7,275.70773728172713
9,16,1,0,0,3,233.0429875505988
9,17,1,0,0,2,232.01822298680585
9,18,1,1,0,7,265.14775993430635
9,19,0,1,1,3,249.2968575793212
9,30,0,1,1,6,241.68953320386365
9,54,0,0,1,1,231.02339591544327
9,6,0,0,1,0,232.94627771945625
9,10,0,0,1,2,236.73751110035215
9,11,0,0,1,6,239.7733280835451
9,13,0,0,1,1,234.4587867376762
9,17,1,0,1,5,245.1612980823746
9,21,1,0,1,7,259.2473914580846
9,27,0,0,1,3,233.01187187866023
9,31,0,1,0,5,234.5192212196543
9,35,1,0,0,6,233.35675593641642
9,47,0,0,1,5,233.46789010651435
9,51,1,0,0,3,230.9341672745805
9,53,0,0,1,3,232.56104654021618
9,5,1,0,1,0,248.20647243978016
9,6,1,0,1,5,248.92773807095543
9,10,0,1,1,0,246.37451180795802
9,11,0,1,1,0,249.527725386797
9,15,1,0,1,4,246.36609449263807
9,16,0,0,1,7,246.96015406358
9,29,1,1,0,4,241.77220926388307
9,40,1,1,0,4,247.8808861803962
9,44,0,1,1,0,243.22891446487796
9,49,1,1,0,1,242.7026036149516
9,51,1,1,1,0,255.84870686444805
9,52,1,1,1,4,257.032483822088
9,23,1,0,0,4,228.96692851145502
9,36,1,1,0,3,248.14917450949795
9,43,0,1,0,7,237.89857130014286
9,46,1,1,0,3,245.1348368173924
9,58,0,1,1,7,264.964538656117
9,16,1,0,0,2,234.6255531903468
9,21,1,1,0,5,244.86437426013762
9,33,1,0,0,6,233.2234637745293
9,51,0,0,1,4,229.48175497330817
9,52,1,0,1,4,243.6066001010238
9,53,0,0,1,6,232.4645332036407
9,54,1,0,1,7,257.487399358873
9,55,1,0,0,2,234.3032486051087
9,56,1,0,0,1,232.11751490386047
9,15,0,0,1,7,246.46306801874252
9,21,0,1,1,4,250.57327174391733
9,24,0,1,0,7,248.46042999229698
9,40,0,0,1,0,227.39334063110607
9,55,0,1,0,2,234.7386430869377
9,10,1,1,1,4,258.8979096915513
9,16,1,1,0,2,245.63447903025778
9,17,1,1,0,6,249.40139893385046
9,28,0,1,0,6,234.96225832415
9,38,0,0,1,0,227.25106464301786
9,39,0,0,1,3,232.37268960793594
9,50,0,0,1,6,228.57216186696735
9,52,0,0,1,5,230.56813814853882
9,6,0,0,1,1,232.69947785121883
9,13,0,0,1,5,235.40815640479568
9,18,1,0,1,5,244.31468509423127
9,32,1,1,1,0,258.67873783038186
9,33,1,1,1,1,260.0916296257175
9,35,1,1,1,3,266.30446341425767
9,36,1,1,0,6,247.89643418443686
9,38,0,1,1,7,256.0794842956092
9,45,0,1,1,6,260.13487446078585
9,46,1,0,1,6,248.0580234938347
9,59,1,1,1,4,258.93560403386573
9,8,1,0,1,3,248.44268292929613
9,13,0,0,1,3,234.11635263784314
9,17,1,0,1,3,247.69455867446172
9,45,0,1,1,2,247.55140779232417
9,56,1,0,0,0,229.99306559312657
9,57,1,0,0,2,233.70625925710044
9,10,1,1,0,1,245.44127879162667
9,11,1,1,0,2,248.48049354971954
9,13,1,0,1,1,245.6930969279844
9,23,1,1,0,0,243.69381875501264
9,30,1,1,1,2,259.04147098058
9,31,1,0,1,4,242.65043708355898
9,42,1,1,1,0,250.68093399250742
9,44,1,1,1,4,263.57128081707407
9,45,1,1,1,4,262.6808550990882
9,2,1,0,0,0,231.84304372787525
9,5,0,0,1,4,235.3948052680287
9,16,0,0,1,0,231.16340812052232
9,42,1,0,0,2,231.60850119147804
9,56,0,1,1,7,262.4380776471615
9,59,0,1,1,7,260.5973992173152
9,12,1,1,0,6,250.41805872406943
9,33,1,0,1,4,241.91369090466196
9,0,0,0,1,1,233.53425687221215
9,10,0,0,0,7,232.3136624803856
9,17,1,1,1,1,258.07464962179273
9,31,0,1,0,6,235.55030664488044
9,43,0,1,1,3,246.6987353777957
9,45,0,1,0,2,237.45052807749124
9,56,1,0,0,6,233.8026623512964
9,2,1,1,0,2,250.56966001890606
9,6,1,1,0,0,245.7982263628862
9,8,1,1,0,5,246.84035186506793
9,30,1,1,0,6,245.885164107704
9,31,1,1,0,4,247.91284614099942
9,34,0,1,0,6,233.32526797123245
9,41,0,0,1,2,231.4507459273447
9,42,0,1,1,1,242.89151526206427
9,20,1,1,0,3,248.04034844446454
9,37,0,1,1,2,242.28243036885164
9,43,1,1,0,2,249.11010651389856
9,55,1,0,0,5,230.98378425079102
9,7,0,1,1,6,260.19323765002525
9,15,1,1,0,4,252.30817673693377
9,28,1,0,0,6,243.13172385225727
9,7,1,1,1,4,261.72423713572726
9,11,1,1,1,4,261.182142822779
9,56,0,1,1,0,242.53579141363633
9,57,0,1,1,7,258.97507020461074
9,3,0,1,1,7,265.8991011574832
9,7,0,1,1,3,252.7758368972348
9,13,0,0,1,6,234.69538364998868
9,14,0,0,1,3,231.18546286088196
9,20,1,1,0,6,247.3712472226638
9,26,0,0,1,6,233.03124479777438
9,27,1,0,1,7,260.4754950806557
9,35,0,0,1,1,230.665966774862
9,12,0,1,1,6,251.08602596460443
9,38,1,1,0,0,244.6861085261254
9,44,0,1,1,5,246.43969465799114
9,46,0,1,1,4,243.41843050150396
9,47,1,1,1,1,257.1782702063116
9,54,1,1,0,3,248.64957827459713
9,57,1,1,0,6,251.3253224826477
9,4,0,0,1,4,234.1347573229945
9,6,0,1,1,7,260.5791201555458
9,7,0,1,1,0,245.885472284725
9,8,0,1,1,1,246.35360002824672
9,9,0,1,1,7,262.54985004180395
9,11,1,0,1,7,248.6705163671545
9,13,1,0,0,2,235.33907012050457
9,14,1,0,0,2,238.74324621142046
9,18,1,0,0,4,232.33488648219938
9,33,1,1,0,4,244.40265481294014
9,50,1,1,0,7,262.9455454055276
9,6,1,1,0,4,249.4447075286298
9,13,1,1,1,4,260.668132953739
9,14,0,1,1,3,247.5261151776118
9,17,0,0,1,3,235.88018753878129
9,34,0,1,1,0,241.02910002723976
9,36,0,1,0,6,234.27724407449338
9,43,1,0,0,4,232.61802629094268
9,55,1,1,0,6,249.39721359862708
9,16,1,0,0,4,231.4680763152423
9,14,1,1,0,1,249.267531349325
9,15,1,1,0,7,263.90054627074744
9,18,1,1,0,4,246.2917329297814
9,25,0,1,1,0,243.05196553886367
9,26,0,1,1,0,244.75323597150935
9,27,0,1,1,1,243.6321204080124
9,32,1,1,0,5,249.33424202823988
9,42,0,1,1,0,241.2445438756192
9,43,0,1,1,5,245.81246751220866
9,51,1,1,0,7,245.75773481325174
9,1,1,0,0,0,233.01967612814016
9,8,1,0,1,5,248.6137557512683
9,10,1,0,1,2,249.33117059228215
9,11,1,1,1,3,263.961201313715
9,14,0,0,0,4,220.39682976484812
9,53,1,1,1,5,258.4230457170473
9,0,1,1,0,4,245.764862670002
9,22,0,0,1,5,230.91465860053896
9,24,1,0,0,5,231.7642583102908
9,26,0,0,1,7,231.88698864499403
9,32,0,1,1,5,243.99114566657684
9,39,0,1,1,4,242.49401330372592
9,40,1,1,1,4,259.4595448866667
9,41,1,1,1,6,261.66274241512406
9,9,0,1,1,1,251.0217295886677
9,12,0,1,0,4,236.0693053511673
9,19,1,1,1,5,260.57663457774737
9,20,0,1,1,6,245.16940514805725
9,21,0,0,1,3,232.42858981078328
9,40,1,0,1,6,248.70326560278042
9,41,1,0,1,0,243.5128235220503
9,52,1,0,1,1,242.4050194210937
9,4,0,0,1,2,238.6784972125077
9,5,0,1,1,7,254.11762617786886
9,16,1,1,0,4,245.73536432880408
9,25,1,0,1,6,247.3340754953862
9,28,1,0,1,0,245.42127092184433
9,29,1,0,1,5,249.1732197038053
9,33,1,0,0,4,228.97282986310094
9,37,0,0,1,3,227.01482217267426
9,46,0,0,1,5,235.06665170428136
9,3,1,1,1,1,264.46525785796786
9,4,1,1,1,1,260.47796956000326
9,5,1,1,1,3,264.8841639554039
9,6,1,1,1,3,261.5239215803841
9,7,1,1,0,6,258.09195530460863
9,33,0,1,1,1,240.55751679577628
9,4,1,1,1,3,264.1212886061651
9,25,0,1,1,5,249.1522422054121
9,27,1,1,1,4,260.3779788251614
9,28,1,1,1,2,258.46818117634905
9,57,1,1,1,5,262.6727368323718
9,58,0,1,1,3,247.57069927371225
9,41,1,1,1,7,273.09171587951687
9,43,1,1,0,0,245.80365492280998
9,46,0,0,1,1,230.24647767928477
9,45,1,1,0,7,263.983246032088
9,0,1,1,0,2,247.45152484045454
9,1,1,1,0,1,246.24319282175313
9,3,1,1,0,6,249.7592186439223
9,5,0,0,1,6,238.78245688456198
9,10,1,1,0,2,247.9872389041779
9,11,1,1,0,4,249.01335707403535
9,15,1,1,1,7,284.16577121516997
9,19,1,0,0,3,232.41626685688522
9,20,1,1,1,6,279.0906189790372
9,31,0,1,1,6,247.75489866634203
9,32,0,0,1,1,230.17160831583132
9,36,0,0,1,5,229.53463859893037
9,50,0,1,1,6,244.79036248248272
9,57,0,1,1,6,245.63240013698376
9,0,0,0,1,3,238.20018444082768
9,25,1,0,1,5,246.35626839690772
9,30,1,1,0,4,243.2128511938045
9,42,1,1,1,7,279.38117947863304
9,44,1,1,0,2,249.1189622621941
9,55,0,0,1,6,228.98564769951403
9,57,1,1,1,0,257.8296748686769
9,58,1,1,1,2,260.6111091483848
9,59,1,1,1,0,255.20517780030488
9,0,1,1,1,7,274.10747198800846
9,1,1,0,1,0,243.77719013892528
9,2,1,0,1,0,244.36196304773998
9,3,1,0,1,7,264.6906250317981
9,12,0,0,1,7,251.1911049290394
9,39,1,1,1,0,255.1963455292615
9,40,1,1,1,6,257.20799331805495
9,42,0,0,1,3,233.9525255728066
9,40,1,1,0,3,251.3654468791709
9,7,0,0,1,1,236.6844901540398
9,32,1,1,1,3,261.06517851312395
9,33,1,1,1,4,259.6656427427831
9,34,1,1,1,5,257.8816191709672
9,52,1,0,0,1,228.5604958465948
9,10,1,1,0,6,248.03389636692458
9,14,0,1,1,7,267.2699920511439
9,19,1,0,1,1,248.14891522791513
9,27,1,0,0,0,229.09576024778855
9,43,1,0,0,5,235.82787902539573
9,55,0,1,1,2,249.26326034871522
9,7,0,0,1,5,236.64346244639705
9,13,0,1,1,3,249.87378397385112
9,28,0,1,1,1,246.06987288129102
9,45,1,0,0,0,229.09736294752733
9,56,1,0,0,4,231.05433736237975
9,11,1,0,0,0,230.8281902802538
9,16,0,0,0,3,219.87139065162137
9,23,0,1,1,3,250.22421727705904
9,24,0,0,1,4,232.86415416068445
9,25,1,0,1,3,257.9319000037701
9,53,0,0,0,0,214.26795956735262
9,55,0,1,1,4,244.00222990584933
9,56,1,1,1,3,261.2805557331544
9,58,1,1,0,2,249.38759559235623
9,12,0,1,0,5,238.38173312201127
9,36,0,1,1,7,257.9995942259999
9,41,1,0,0,5,233.1114613100146
9,50,0,0,1,4,228.0725258031777
9,58,0,0,1,1,232.1716341502827
9,5,0,1,1,4,248.62474182780693
9,6,0,1,1,3,249.85473059685935
9,7,0,0,1,4,233.88364648046243
9,9,1,0,1,4,247.7464354115839
9,10,0,0,1,5,234.0385509993472
9,13,1,1,1,3,260.6505077134824
9,14,1,1,0,3,248.68919750196986
9,24,1,1,0,4,246.95511136449662
9,35,1,1,0,7,250.31644452823448
9,37,1,0,0,5,233.730115520169
9,48,0,0,1,5,230.24665699875976
9,54,1,0,0,1,232.38519911158699
9,4,0,1,1,0,247.24984501268096
9,14,1,0,0,6,236.1781344896438
9,20,1,1,1,4,261.9547159735921
9,50,1,1,0,3,246.889241356924
9,2,0,1,1,4,249.85939394970745
9,3,0,1,1,0,245.86861423273052
9,4,0,1,1,7,251.69777962447577
9,29,0,0,1,2,231.993698900251
9,36,1,1,1,0,258.5162179664798
9,38,1,1,1,1,256.04782007725413
9,39,1,1,0,2,244.44116437267098
9,50,0,1,1,2,243.02060604360796
9,32,1,1,1,7,276.29437191224855
9,22,1,0,1,6,248.7871261492379
9,49,1,1,1,5,268.70612263942405
9,57,1,1,0,4,249.5379717162755
9,7,0,0,1,2,235.31973678072688
9,44,1,1,0,7,259.364140448237
9,52,1,0,1,3,255.20937229889995
9,2,1,1,0,7,264.8164377641762
9,9,1,1,1,6,264.2776152672045
9,12,0,0,1,0,233.39257538120833
9,17,1,1,1,5,259.56526265473633
9,24,1,1,0,2,247.45764050532327
9,27,1,1,1,6,266.02658225124907
9,42,0,0,1,7,242.90072379766227
9,46,0,0,1,2,229.97885701818788
9,48,1,0,1,7,260.0026513744144
9,11,0,1,0,3,237.7084974818491
9,19,0,0,0,4,220.23066117800602
9,41,0,1,1,6,247.53584816423677
9,45,1,1,1,2,264.8026001731935
9,51,1,1,0,1,243.87838953090275
9,25,0,0,1,1,228.9879632343468
9,27,1,0,0,1,232.7262517330916
9,30,1,1,0,1,243.25686370469876
9,40,1,1,0,1,243.99229072644863
9,55,1,1,1,3,259.82388381579733
9,7,1,1,0,0,247.18013429691126
9,16,1,0,1,2,247.07213988212865
9,33,1,0,0,0,227.9588328202661
9,43,1,0,0,0,228.83583271437195
9,34,1,0,0,1,228.28989709066562
9,37,1,1,0,2,244.29684940762434
9,44,1,1,0,0,243.0655557156773
9,49,0,1,1,3,243.55686464919384
9,19,0,1,1,5,246.67495400106665
9,42,0,1,1,4,240.65176250057073
9,43,1,1,1,7,265.69125574733175
9,44,0,1,1,1,242.91716009822645
9,57,0,0,1,3,237.27341184340585
9,22,1,0,1,5,245.4473645340154
9,1,1,1,0,6,258.5171138619604
9,11,0,1,1,7,267.05883681755955
9,31,1,0,0,2,231.03718625756647
9,34,1,0,1,2,247.82375805363034
9,39,1,1,0,4,248.31742411213182
9,49,0,0,1,6,230.26797905949195
9,54,0,1,1,7,244.55618690296757
9,4,0,0,1,3,242.78882435825574
9,5,0,1,0,1,234.84301699269463
9,20,0,0,1,4,231.33273886735645
9,24,0,0,1,0,227.19773805990084
9,41,0,1,1,7,261.7432556204862
9,50,1,0,1,2,241.75582648420314
9,51,1,0,1,1,242.04404243440754
9,1,0,0,1,7,250.04043624462787
9,3,0,0,1,4,235.98725543382355
9,23,0,1,1,4,247.1853457948902
9,28,1,0,1,1,244.97052355302168
9,34,0,0,1,4,228.4072422498718
9,35,1,0,1,7,263.48811383606244
9,45,1,0,1,5,246.099945668686
9,8,0,0,1,4,231.68963039354009
9,14,0,1,1,0,243.18032935847324
9,16,1,1,1,7,281.38113907492374
9,56,0,1,1,1,245.25991155962566
9,58,1,1,0,6,246.3919641984263
9,12,1,0,1,0,247.10563713736497
9,5,1,0,1,2,250.29694598466077
9,6,1,1,1,0,262.259986798695
9,30,0,0,1,6,229.1795156872755
9,31,1,0,1,1,242.4407726986424
9,54,1,0,1,0,241.31540063953483
9,55,1,0,1,2,244.2352247685927
9,56,1,1,1,7,269.43827250811586
9,11,0,0,1,4,233.82800500147107
9,25,1,0,1,0,242.85706899422385
9,28,1,0,1,5,247.1973409740869
9,58,1,0,1,0,248.0547488124337
9,12,1,0,1,2,247.92705334238508
9,13,1,0,1,5,244.9108491641577
9,16,0,1,1,3,246.26464212197806
9,28,1,0,1,4,248.8231421183288
9,9,1,1,0,5,246.15174469671834
9,16,0,1,1,2,249.50839779106147
9,25,0,0,1,4,228.3039514528195
9,27,1,0,1,5,247.72001832509923
9,33,0,0,1,1,229.977938270594
9,47,1,1,0,5,243.19735954010372
9,18,1,1,1,3,268.7771952674932
9,42,1,0,1,6,243.9007624718798
9,47,1,0,1,3,246.01061265103547
9,14,1,0,0,5,233.95982060497892
9,54,0,1,1,4,242.83977157029665
9,56,1,1,1,1,257.9355408204448
9,58,1,0,0,4,230.24257391708704
8,16,1,0,1,5,247.32728138314047
8,32,0,1,0,1,238.478470337485
8,33,0,1,1,3,252.58951431174927
8,34,0,0,1,1,233.3145583820546
8,37,0,0,1,7,242.71003671428534
8,39,1,1,0,4,246.25932114884804
8,49,1,1,0,6,242.479415913906
8,53,1,0,0,3,228.47672366351912
8,4,1,0,0,5,232.71363847411857
8,14,1,0,0,5,234.45753369509106
8,26,0,0,1,6,236.33599888367672
8,27,0,0,1,4,235.99338078687225
8,28,1,0,1,6,251.7871628064126
8,30,0,0,1,5,231.7852748508716
8,31,1,0,1,2,250.18537127380856
8,32,1,0,1,0,244.12852827992378
8,33,1,0,1,4,246.46768898225264
8,41,1,1,0,6,249.53034292989315
8,51,1,1,0,2,245.81520974057892
8,53,1,1,1,3,257.80724086435794
8,54,1,0,0,3,233.5118274107693
8,56,1,1,1,0,258.8987599228559
8,5,1,0,0,0,232.65384546572932
8,8,1,1,0,1,249.46645770631173
8,13,0,1,0,6,238.0357516090959
8,35,1,0,0,4,233.88733930363964
8,4,1,0,1,1,246.27440703223493
8,5,1,0,1,7,250.04149686407834
8,11,0,0,0,2,223.28630072496728
8,15,1,0,0,2,237.5423938128846
8,16,1,0,0,4,236.0453165088447
8,18,1,0,0,6,245.6863918952548
8,25,0,1,1,0,249.64745676250288
8,26,0,1,1,6,251.21507625976727
8,27,1,0,1,1,251.91535718360194
8,28,1,0,0,6,244.38539033124448
8,37,0,1,0,3,233.90216250892405
8,38,0,0,1,0,228.4377392575472
8,43,1,1,0,2,245.5420019413658
8,55,1,1,1,4,259.85478796448723
8,57,1,1,1,7,275.1401513424521
8,2,0,1,1,6,246.11912511282375
8,11,0,1,1,7,265.088567512591
8,14,0,0,1,2,234.2081071330721
8,15,0,1,1,4,248.90033219366998
8,16,0,1,1,2,250.29001781980728
8,18,0,0,1,4,235.47387099535968
8,23,1,0,1,4,249.46376861816248
8,35,0,0,1,4,230.02317071428834
8,37,1,0,1,6,245.26273808377917
8,40,1,0,1,2,245.46957258906747
8,42,1,0,1,5,245.90713300013454
8,43,1,0,1,6,250.84001055640505
8,46,1,0,0,1,225.5409565421053
8,48,1,0,0,7,241.2950234419834
8,53,0,1,0,1,228.9277154259808
8,57,0,1,0,4,232.98114918737022
8,58,1,1,0,4,251.13418937500356
8,1,0,1,1,6,248.88125822390015
8,2,1,0,1,4,246.13473553724563
8,3,1,0,1,1,248.69998273166576
8,5,1,1,0,6,261.6532130252348
8,11,1,0,0,1,232.76402094270853
8,14,1,0,1,6,250.9490810914281
8,17,1,0,0,4,238.44328733049403
8,23,1,0,1,7,257.57266079102214
8,27,1,0,0,1,237.4416564324917
8,37,1,0,0,6,231.27086730659846
8,40,0,1,0,7,241.5602597676561
8,2,1,0,1,6,245.77764456733098
8,3,1,1,1,3,271.63911719153754
8,4,1,1,0,7,256.18156502939456
8,10,1,1,0,2,253.36855833779796
8,11,1,0,0,0,231.76154193957117
8,14,1,0,1,3,250.5973430381896
8,15,1,0,1,7,267.3017140326567
8,24,0,0,1,3,242.79487331328994
8,18,0,0,1,6,245.11259708190252
8,20,0,1,1,7,256.9330328008953
8,21,0,1,0,6,240.8490881780969
8,29,1,0,0,4,236.79874908736753
8,30,1,0,0,5,234.1105245163435
8,38,0,1,1,5,243.12787506995136
8,41,1,0,0,0,228.94599017604185
8,44,1,0,0,2,231.63888038447712
8,45,1,1,0,1,242.80808363369894
8,46,1,1,0,5,250.83955981564236
8,58,0,1,0,0,230.81028996810338
8,3,0,0,1,1,232.79907647436747
8,5,0,1,1,3,258.09331348247076
8,10,1,0,0,2,240.01552528587845
8,19,1,0,0,7,236.34387547699964
8,34,1,0,0,3,232.38905590522916
8,35,1,0,1,4,249.35059237308315
8,36,0,0,1,5,234.6826117546357
8,48,0,1,1,7,247.36875758620363
8,53,0,1,1,3,243.27298332691961
8,7,0,1,1,4,246.81682423089828
8,10,0,0,1,2,233.06231394098901
8,12,0,0,1,7,236.41187038096385
8,22,1,0,0,2,233.98712997675133
8,53,1,0,0,5,230.6761839567419
8,56,1,0,0,4,232.09336528110495
8,3,0,0,1,2,234.3913631009535
8,4,0,0,1,5,234.83482455664597
8,12,0,1,1,4,247.84386077970572
8,18,0,1,1,3,255.94502370872462
8,23,1,0,1,3,261.7981253227367
8,24,1,0,1,1,252.41958232062416
8,30,0,1,0,1,236.53977458408147
8,33,0,1,0,2,237.03086525890703
8,36,1,1,1,7,277.42119760521734
8,58,0,0,1,6,232.48863323338512
8,59,0,1,1,2,244.6751362262029
8,2,1,0,1,3,246.16415935555514
8,3,1,1,1,5,265.4928494702656
8,14,0,1,1,5,249.98118604268407
8,20,1,1,0,7,257.37962422322914
8,32,1,0,0,4,236.56820982000977
8,51,0,1,1,4,244.20805628465519
8,52,0,1,1,6,255.98436287526366
8,53,0,0,1,5,232.59023365967687
8,0,1,0,0,1,232.0068567957283
8,5,1,0,1,5,252.93097116239406
8,9,1,1,0,2,253.1007911669789
8,16,1,0,1,2,252.19530022528747
8,17,1,0,1,5,251.79542967643695
8,23,1,0,0,1,232.83112024520494
8,24,1,0,0,3,242.1920574731099
8,31,1,1,0,5,250.7874476776787
8,32,1,1,1,0,257.5394875304849
8,33,1,1,1,1,262.0083532778473
8,35,1,1,0,6,245.90408919477107
8,41,0,1,1,2,245.70881105983747
8,43,0,0,1,1,230.7710570635389
8,46,0,1,1,3,244.95890131184774
8,49,0,1,1,6,244.22965014790088
8,55,0,0,0,3,221.66570976084134
8,10,1,1,0,1,250.09876748040392
8,13,1,1,0,1,248.04333465463273
8,19,0,1,1,0,243.72555831956575
8,21,0,1,1,7,251.807502261986
8,36,1,1,0,7,256.18135581516907
8,43,0,1,1,6,244.44761198916768
8,46,0,0,1,4,231.42863399603965
8,1,1,0,1,1,246.59769692255898
8,4,0,0,1,3,238.18707457602122
8,17,0,0,1,0,230.98591762892633
8,18,0,0,1,5,237.19176242146577
8,19,0,0,0,0,219.70707300660598
8,27,0,1,0,1,238.49135680731646
8,32,1,0,0,1,232.43147752016117
8,33,1,0,1,5,246.58956717906472
8,51,0,1,0,3,234.00191010888352
8,58,1,0,1,2,245.08115549748905
8,2,1,1,0,7,251.40323218401429
8,13,1,0,0,2,236.53750058522743
8,21,0,0,1,7,249.1249077819643
8,30,1,1,0,2,251.26375152147477
8,33,1,0,0,5,230.79259760045147
8,36,0,0,1,0,227.0311498304447
8,46,0,0,1,2,230.22946530233804
8,47,0,0,1,6,229.34577095273931
8,49,0,1,1,4,243.57588404556472
8,50,1,1,1,7,273.1197478011003
8,51,1,0,0,3,230.12512685484833
8,52,1,0,0,4,231.29691316813242
8,13,0,1,0,4,234.19854329494382
8,19,0,1,0,3,239.7621362721993
8,20,0,0,1,7,244.0242344229677
8,21,0,0,0,3,224.921247626334
8,23,0,0,1,2,234.4318387859625
8,24,0,0,1,1,234.63974735853571
8,32,0,1,0,4,239.14499338458165
8,40,1,1,0,5,244.05990804032922
8,41,1,1,0,2,247.5814554307928
8,44,1,1,1,7,277.07184176623844
8,45,0,0,1,0,229.58209164777054
8,47,0,0,1,4,229.60070031654743
8,48,1,0,1,3,242.15888367803237
8,55,0,1,1,2,245.95944269553104
8,5,0,1,0,1,236.0497613342947
8,17,1,0,0,0,232.86250543403833
8,18,1,0,0,7,242.11130823915101
8,20,0,1,0,7,247.17319771520184
8,31,1,1,1,1,263.0385221062964
8,32,1,1,0,5,249.2770461321267
8,34,0,1,0,0,231.1427742517449
8,42,1,1,1,5,261.3236519328363
8,46,1,1,0,6,248.61866841614577
8,50,1,0,0,5,229.32469445272724
8,1,0,0,1,3,235.58779700618808
8,5,0,1,0,3,241.51071129375413
8,15,1,1,0,2,251.42207001989777
8,16,1,0,0,6,238.3091559629944
8,20,0,1,0,3,240.79487906053896
8,26,0,1,1,0,248.67598065347426
8,28,0,0,1,1,234.9498931776171
8,32,0,0,1,4,231.87240191070717
8,37,0,1,1,2,245.96539851770086
8,52,1,1,1,6,263.14458348778055
8,7,1,0,0,1,234.99126512115612
8,9,1,0,0,7,247.40951635517595
8,14,0,1,1,1,249.7981259871281
8,20,0,1,1,5,249.9514359505534
8,36,0,1,1,6,245.8804934837387
8,38,1,1,1,4,258.9683759089563
8,40,1,1,1,7,280.96640409421195
8,41,1,0,0,6,233.3278949117446
8,47,1,0,1,3,242.937570069098
8,48,1,0,0,6,233.2341531220187
8,54,0,0,1,6,234.8278432633314
8,10,0,0,1,5,234.16172729190293
8,32,1,0,0,6,240.49844078706388
8,34,1,1,1,4,262.3360002955846
8,40,1,0,0,3,233.95641952012707
8,44,0,1,0,5,228.8626287584746
8,45,1,1,1,3,260.09176916982955
8,47,1,1,1,0,253.24009200292747
8,48,1,1,1,2,257.0225477420343
8,49,1,0,1,0,246.45024306497973
8,50,1,0,1,4,249.09203354166291
8,51,0,0,1,5,236.9426250113225
8,57,1,1,0,5,249.96634442896482
8,58,0,1,0,6,238.15449565679248
8,10,1,1,0,0,247.41816923159092
8,17,0,0,1,5,238.14623836176605
8,19,1,1,0,5,249.38474062648086
8,22,0,1,1,3,250.70908384890893
8,49,1,0,1,1,246.39065039426794
8,52,1,0,1,1,246.61012546950894
8,13,0,0,1,1,232.69225256424238
8,19,0,1,1,5,250.07018051655098
8,28,1,0,1,4,251.10821291581834
8,31,1,0,1,6,251.44470831806964
8,32,0,0,1,1,236.632306617385
8,35,0,0,1,3,231.46692943133385
8,44,0,1,1,2,244.91541921438454
8,0,0,1,0,4,235.33036468337855
8,19,0,1,1,1,247.41515190060747
8,29,0,0,1,6,237.55185691664352
8,34,1,0,0,5,236.24358500990596
8,40,0,1,1,4,248.0112474675064
8,41,0,1,1,7,257.8975640930193
8,42,0,0,1,2,228.94794166615915
8,44,0,0,1,3,230.3950807164679
8,51,0,0,1,2,232.41846033168713
8,53,0,1,1,4,244.87580782670716
8,3,1,1,0,2,248.20290146000056
8,25,1,1,0,2,251.99167373696386
8,27,1,0,0,3,237.25993258127733
8,28,1,1,0,4,252.00516269019406
8,31,1,0,0,3,234.85879402661917
8,47,1,0,0,1,228.363963923951
8,48,1,0,0,1,228.16938480695813
8,50,1,0,0,0,228.9107231362042
8,3,1,0,0,5,235.8384611313065
8,10,0,0,1,3,244.18790444477978
8,17,1,1,0,5,248.5876896970032
8,19,0,0,1,7,244.90608606835664
8,45,0,0,1,6,229.63009834300226
8,47,1,0,1,0,242.08628972678449
8,48,1,0,1,2,241.3399578793501
8,49,1,1,1,5,261.06933097226334
8,55,1,0,0,6,237.73719327462354
8,0,0,0,1,3,235.3352749560648
8,19,0,1,0,6,244.9576568635822
8,21,0,1,0,0,237.0775471773034
8,29,0,1,1,2,245.8285663630046
8,35,0,0,1,5,231.55537937089986
8,39,1,1,0,1,245.40913246607766
8,47,1,0,0,7,232.0165544940965
8,2,1,0,1,0,247.18719967712323
8,3,1,0,1,7,267.4366283679635
8,6,1,1,0,1,246.62595725071466
8,8,0,1,0,4,236.03386516227033
8,10,0,1,0,0,232.34464800857114
8,19,1,1,1,7,278.632727412263
8,22,1,1,0,7,249.89449113720653
8,1,1,1,1,2,265.3081352269242
8,2,1,0,1,2,247.1697523640392
8,8,1,0,1,4,247.67336888018076
8,15,1,1,0,6,253.12596591019326
8,39,0,1,1,6,253.27032547337487
8,40,0,1,1,3,247.61176706111723
8,41,0,1,1,5,247.67908320399067
8,48,1,0,1,5,245.4281646898104
8,52,1,0,0,3,231.48755605546333
8,8,1,1,1,3,266.5859367906183
8,17,1,1,0,3,249.60432330067533
8,25,1,1,0,0,249.65814984565324
8,26,1,1,0,0,248.29952695803703
8,27,1,1,0,0,245.89013689756752
8,47,0,0,1,5,239.9005898921466
8,8,1,0,0,4,234.68343206359705
8,51,1,0,0,5,231.90544295111266
8,6,0,0,1,6,235.81609495675457
8,7,0,0,1,7,249.38963746871448
8,24,1,1,1,0,260.6504715841679
8,25,1,1,1,3,279.3269916126205
8,40,0,0,1,0,230.47567971707088
8,46,0,1,1,7,253.92474528689291
8,50,1,0,1,3,248.54520793775316
8,56,0,1,0,1,236.2669363418115
8,57,0,1,1,2,247.73736276298666
8,2,1,0,0,2,234.8398567909356
8,4,1,0,1,5,252.6054524053961
8,5,1,0,0,1,234.34609841816365
8,18,0,0,1,0,234.297133613991
8,19,0,0,1,4,236.10012045513534
8,30,0,1,1,1,250.6642074715903
8,32,0,1,1,4,249.74083490011913
8,34,0,1,1,3,247.9066588184691
8,36,1,1,1,3,263.96291959857905
8,40,0,0,1,2,232.4808158714225
8,42,1,0,1,0,246.5851953592161
8,1,1,1,0,2,248.5545767032816
8,15,1,0,1,3,251.1657999788934
8,22,0,0,1,5,238.11995275821707
8,30,0,0,0,1,221.99960645888424
8,44,0,0,1,6,232.28077453053749
8,46,0,0,1,6,233.4728247683447
8,48,0,1,1,2,244.50183420262297
8,49,0,1,1,1,244.80383773804186
8,52,0,1,1,2,245.01939091746058
8,53,0,0,1,4,229.05836397248498
8,15,1,0,1,5,248.3374003641909
8,22,1,1,0,2,251.6286324714604
8,33,0,0,1,1,232.34882443403768
8,38,0,1,1,3,244.96243865980455
8,3,0,1,0,1,234.14870327720382
8,4,0,1,1,3,260.12376821657824
8,17,0,1,1,1,248.2478466260155
8,25,1,0,1,1,249.76601334228423
8,32,1,1,0,1,249.54705857820102
8,33,1,1,0,2,250.92416787064616
8,39,1,0,0,5,231.2661086662447
8,48,1,1,0,7,245.49551884385318
8,50,1,1,0,5,248.7869979107911
8,16,0,1,0,6,234.7861429068503
8,38,1,0,1,0,244.77110518995187
8,39,1,0,1,6,246.67788932298595
8,40,1,1,1,4,263.9432937040332
8,42,0,1,1,3,260.1758126359591
8,59,1,0,0,7,249.47538522178394
8,31,1,1,0,6,252.85766179832203
8,56,0,1,1,3,250.11498757137497
8,2,1,1,0,4,248.54547514802843
8,10,1,0,1,6,249.22984919673087
8,12,0,0,1,0,231.617645571781
8,17,0,0,1,2,236.88900147372803
8,59,0,1,1,5,244.85299982792023
8,0,0,1,1,5,247.2847168957832
8,3,0,1,0,0,233.6263652930556
8,8,0,1,1,5,248.60550205354144
8,19,1,0,1,6,249.98940800439482
8,21,1,0,1,3,248.43080988304777
8,22,1,1,0,6,254.82750203356116
8,27,1,0,1,3,254.03569185591334
8,38,0,0,1,2,231.31952218303346
8,50,0,0,1,5,228.59734839799768
8,11,0,1,0,4,237.3180705962301
8,17,1,0,1,1,249.50011557742843
8,48,1,0,1,4,242.9652456695612
8,49,0,0,1,4,229.26800355883688
8,50,0,0,1,1,228.4832822869504
8,59,1,1,0,7,265.41056109050993
8,11,1,0,0,7,250.1946328178015
8,13,0,0,1,4,232.61473302586336
8,16,1,0,1,6,247.19816265815473
8,18,0,0,1,2,237.4603398065366
8,30,0,0,1,2,233.53550317852645
8,50,1,1,0,2,246.89566768049957
8,7,0,1,1,5,251.74646235873197
8,21,1,1,1,1,264.377048816462
8,29,1,1,1,6,262.97200586231116
8,30,1,0,1,2,246.3603683986433
8,40,0,0,1,7,233.65739462570696
8,42,1,0,0,0,230.53988454379703
8,47,1,1,1,6,260.18085118547924
8,48,0,0,1,5,230.72882409989802
8,54,1,0,0,5,230.84563155853883
8,6,1,1,0,5,249.84798394012063
8,20,1,0,0,0,233.34351565449796
8,24,1,1,1,3,267.3660648673029
8,26,1,1,1,7,273.5998609238948
8,45,1,0,1,2,246.03807563099062
8,47,1,0,1,5,242.56069098553473
8,49,0,0,1,5,232.88363785214568
8,36,1,1,0,5,247.68864755787754
8,52,1,0,0,5,231.83173457121146
8,54,1,0,1,4,249.55043572678147
8,12,1,1,0,7,261.88648382681697
8,20,1,1,1,4,264.2773134397039
8,37,1,1,1,0,256.2384420380319
8,39,1,0,1,4,246.60710522172482
8,56,1,0,0,3,234.52878341384982
8,57,1,1,0,2,247.28946634888428
8,13,1,1,1,2,264.99376275982775
8,24,0,1,0,4,236.82026028267757
8,37,0,1,1,1,247.6587274372779
8,51,1,1,1,7,273.90248302466347
8,10,0,1,0,1,235.05072250707784
8,39,1,0,0,1,230.37177801389095
8,48,1,0,1,6,244.13846340512202
8,50,0,1,1,7,243.08333972955953
8,4,1,0,1,7,266.19686659785305
8,22,1,1,1,2,266.04660870476175
8,38,1,0,0,5,234.91468106535055
8,58,1,1,0,7,247.01851491475418
8,14,0,0,1,5,237.146387968112
8,23,0,1,1,2,251.03112978376083
8,37,1,1,1,5,259.87923596297986
8,46,1,1,1,2,260.29776446190067
8,47,1,1,1,7,274.2390726680076
8,6,0,0,1,3,243.58452817817167
8,13,1,0,1,0,246.35194487891775
8,14,1,0,1,1,250.52709171261594
8,20,1,1,0,2,253.3470825492488
8,21,1,1,0,5,250.83395413748332
8,35,1,1,0,1,243.38610004044045
8,36,1,1,1,2,260.5956939901882
8,37,1,1,1,7,273.30837615215154
8,39,1,1,1,7,271.9627164908317
8,40,1,1,0,6,251.27429124941222
8,45,1,1,0,0,241.20385478563622
8,48,0,1,1,5,245.37542329752114
8,57,1,1,0,6,258.7877904268921
8,11,1,1,0,0,248.52965323157176
8,12,1,1,0,6,249.17648083464047
8,14,1,1,0,7,266.08037747146767
8,18,1,1,1,6,265.9544995477453
8,20,1,0,0,4,234.8713822236613
8,25,0,1,1,6,250.46951292011454
8,26,1,1,1,3,262.9528143718825
8,27,1,1,1,6,262.59539707953746
8,5,1,0,0,7,244.66881807511933
8,12,0,0,1,6,246.91347897336541
8,13,0,1,1,3,249.2677939565369
8,45,1,0,0,3,231.00911066713192
8,46,1,1,0,4,248.44286466133914
8,4,1,1,0,3,251.90692683646438
8,19,1,0,0,1,234.78087088783943
8,21,1,0,1,5,249.0341193487077
8,26,1,0,0,4,240.14634118511535
8,31,1,1,0,1,251.2458120521897
8,32,1,1,1,1,267.423332368754
8,36,1,1,0,2,248.01016598029545
8,42,1,1,0,2,247.08843818750373
8,45,1,1,1,1,260.52689185641066
8,9,1,1,0,5,253.01023744681913
8,29,1,0,1,3,252.99313344777937
8,30,1,1,0,1,249.11067895209445
8,39,1,0,0,3,231.37413057001737
8,41,1,1,1,7,276.2831630378719
8,42,1,0,0,1,233.25919557768242
8,43,1,0,1,0,245.85697624822663
8,44,1,0,1,3,248.7723410209641
8,46,1,1,0,0,243.89732764404093
8,47,1,1,0,6,255.06201838748126
8,10,1,0,0,4,234.65457680762805
8,15,1,1,0,5,255.89473480206698
8,56,0,1,1,6,247.27304966359125
8,58,1,1,1,6,265.5704580474792
8,59,0,1,1,1,244.87557408682142
8,24,0,0,1,7,236.49532011202615
8,33,0,1,1,4,249.0086305440815
8,35,1,1,1,1,261.94722708677364
8,47,1,0,1,1,242.29308974981794
8,1,0,1,1,1,245.73825318436465
8,9,1,1,0,0,249.9080705671163
8,25,1,0,0,1,235.36961132428996
8,27,1,0,1,2,253.9791809945294
8,28,1,1,1,3,266.78768446176844
8,34,1,1,0,7,263.5539804767899
8,3,1,0,1,4,250.87807980415855
8,4,0,0,1,0,234.68507985281298
8,8,0,0,1,4,229.88255499517342
8,9,0,0,1,4,229.19091322072416
8,18,0,1,1,5,248.29329523683606
8,29,1,0,1,2,250.59607813357994
8,37,1,0,1,2,243.99888189081446
8,38,1,1,1,0,256.78516155613545
8,0,1,0,1,1,245.04234526177748
8,1,1,0,0,3,236.40271340737436
8,13,0,1,1,6,247.72033073654052
8,14,0,0,1,0,231.76006514382664
8,28,0,1,1,6,257.01197422759515
8,4,0,0,1,6,244.05936275031598
8,5,0,0,1,3,234.52415044421545
8,30,1,1,1,6,264.976301290995
8,32,0,1,1,7,261.5534974176898
8,33,1,1,1,6,262.50151816136434
8,34,1,0,1,0,245.8779384508166
8,35,1,0,1,2,248.7843517817137
8,36,1,1,1,1,258.21257830943875
8,53,1,0,0,2,233.77807011529683
8,4,1,0,1,2,248.64575829240485
8,5,1,0,1,0,248.63769482150022
8,42,0,1,0,0,229.64802617832527
8,11,1,1,1,5,267.187691450426
8,14,1,1,0,3,253.49852166649157
8,15,1,1,1,4,262.5167900320014
8,16,0,1,1,3,255.15199830457755
8,18,0,0,1,7,237.95864183144613
8,27,0,1,1,0,246.11676566509465
8,28,0,1,1,2,251.31243348294558
8,29,0,1,1,0,248.74919881494088
8,31,0,0,1,2,235.14702607232806
8,49,1,0,1,4,250.13693406452919
8,50,1,0,1,1,248.34646226270138
8,51,1,0,0,7,245.31717749072877
8,57,0,0,1,0,228.73263893691552
8,58,0,0,1,7,246.76449037777095
8,52,1,1,1,4,259.16033630698865
8,56,1,1,0,3,250.95146853156183
8,11,1,0,1,6,258.6152449914377
8,13,0,1,1,0,247.19346911743216
8,14,0,1,1,6,249.654274179527
8,34,0,1,0,5,232.72065281181017
8,57,0,1,1,3,246.03583207057576
8,6,1,0,0,3,242.22675043182156
8,7,1,1,0,0,245.10544031097504
8,19,1,1,1,2,265.4268993062071
8,34,1,0,1,3,253.73634061506183
8,39,1,1,1,1,259.55622085875007
8,41,1,1,1,5,264.2502666611216
8,47,0,0,0,3,222.67507129362085
8,57,0,0,1,4,230.83901478079187
8,31,1,1,0,3,251.76225435403887
8,37,0,1,1,3,245.0340871497685
8,54,1,1,1,3,266.8920795425936
8,2,1,1,1,3,263.2912772645707
8,26,0,1,1,7,263.94112562212837
8,39,1,0,1,0,242.65759129739655
8,40,1,0,1,4,254.91638119274458
8,41,1,0,1,3,250.41664445833672
8,58,0,1,1,6,249.26833931661778
8,12,1,1,1,6,275.4231248492183
8,13,0,1,1,7,262.86890764259977
8,37,0,1,1,6,248.83655993420325
8,39,1,1,1,5,260.71623919759537
8,42,1,1,1,0,255.1110352563183
8,43,1,1,1,3,258.50318055326426
8,44,1,1,0,6,259.24098664524763
8,48,1,1,0,3,242.1499702186087
8,16,0,0,1,1,234.2239187689802
8,18,1,0,1,4,245.6983833357887
8,21,0,0,1,5,236.68280957026963
8,22,0,0,1,4,236.53598873611935
8,23,0,0,1,1,234.39486548365386
8,30,0,0,1,4,232.22942537916708
8,31,1,0,1,4,248.77210330333625
8,52,1,0,1,0,246.91040143530475
8,53,1,0,1,1,246.3138647822586
8,59,0,0,1,7,245.72858107901084
8,7,1,0,0,4,236.51335451937348
8,57,0,1,1,7,258.7101680411882
8,1,1,1,1,6,265.68524430384974
8,12,0,0,1,4,231.4261392634857
8,13,1,0,1,6,251.60770978973036
8,25,1,0,1,0,247.71871401290804
8,27,1,0,1,0,248.05282132384116
8,29,1,0,1,6,252.78614047946536
8,20,0,0,1,4,234.55478651232562
8,33,0,0,1,0,232.82690274325245
8,37,1,0,1,0,245.0206648825736
8,38,1,0,1,7,262.42137362204477
8,5,1,1,0,3,248.97260976009878
8,45,0,1,1,7,257.3014652155391
8,49,1,1,1,2,262.508168138976
8,55,1,1,0,4,249.59641680990214
8,56,1,1,0,4,249.2884079985642
8,14,1,1,0,6,256.1750367629209
8,23,0,1,1,4,252.698254247193
8,32,0,0,1,3,234.4994695728272
8,36,0,1,1,3,248.28245775613667
8,39,1,1,1,6,261.60876376027454
8,44,1,1,0,5,245.6101545424105
8,50,0,1,1,3,243.05982803416143
8,51,0,1,1,0,244.15251167883915
8,55,1,1,1,7,259.8757627829039
8,5,1,1,1,4,265.2890077307891
8,7,0,1,1,1,246.98799735335368
8,21,1,0,1,6,256.8500675686084
8,23,1,1,1,7,266.9520059223197
8,26,1,1,0,7,266.1746092630889
8,37,1,0,0,3,236.49803999090142
8,51,0,0,1,0,229.13129399024103
8,38,1,1,1,7,267.2954824543409
8,42,1,0,1,3,247.0980209847234
8,48,1,1,1,0,256.80759956293264
8,49,1,1,1,0,256.01444615668305
8,51,1,1,1,4,259.93268509197713
8,5,0,0,1,7,254.01205370361987
8,6,1,0,1,0,250.57841964963842
8,7,1,0,1,0,250.8403167806871
8,8,1,0,1,7,267.40272524019946
8,19,1,0,1,0,248.793453907844
8,22,1,0,1,4,247.84082601585214
8,23,0,0,1,3,237.16894878466456
8,36,1,0,1,1,246.99898955690344
8,48,0,1,1,0,243.57938162537658
8,50,0,0,1,7,247.51531673461764
8,52,1,1,0,4,244.75844381565975
8,12,1,0,1,2,249.768726444987
8,13,1,1,1,0,256.65476738779586
8,14,1,1,1,5,263.5738121379334
8,32,1,1,1,6,271.52276366802954
8,34,0,1,1,7,258.9195655786363
8,6,0,0,1,2,235.48285316037857
8,10,0,1,1,6,251.37990711461356
8,11,1,0,1,5,247.56569309334753
8,14,1,1,1,6,266.2517716578501
8,48,0,1,1,3,243.05388685616657
8,53,0,1,1,0,243.77470343281007
8,55,0,1,1,4,248.53711485602847
8,59,0,0,1,1,231.83253080411995
8,5,1,1,0,1,245.8728384528673
8,31,0,1,1,0,244.8385085602643
8,32,0,1,1,3,249.67216320619463
8,0,1,1,1,4,262.78840175989694
8,25,1,1,0,4,249.72710765913672
8,31,1,1,1,2,265.5129440967513
8,33,1,0,0,3,233.51018278056978
8,38,1,0,0,2,230.35985912644801
8,42,0,0,1,3,228.02746797314745
8,54,0,1,1,1,246.03016961071734
8,12,0,1,1,3,252.4886496098327
8,31,1,1,1,0,262.9655287101605
8,32,1,1,1,4,262.6770051159707
8,34,1,1,0,2,248.04119025177334
8,43,0,1,1,1,243.01295036213995
8,23,1,1,0,7,262.69882455210313
8,29,0,0,1,2,236.4956836718932
8,44,1,0,0,1,230.67753418343978
8,49,1,1,0,0,241.28177547919032
8,52,0,1,1,7,245.96388342718382
8,4,0,1,0,0,233.4269417328511
8,8,1,1,0,2,247.97976287576364
8,16,1,0,1,7,262.3244040166837
8,31,0,1,1,7,254.97027782666333
8,38,1,1,0,6,261.1004640515509
8,45,1,0,0,5,235.28808641639506
8,54,1,1,0,0,244.73284544924735
8,57,1,1,1,2,263.56255528211256
8,59,1,0,1,5,246.87897062404858
8,7,0,0,1,4,232.85249099487078
8,49,0,0,1,2,230.22841974858133
8,3,0,1,1,2,249.2217559235003
8,18,1,0,1,5,246.14435546181957
8,21,1,0,0,2,236.81841657263055
7,34,0,1,0,0,227.89188118374182
7,35,0,1,0,4,227.47303756262062
7,38,0,1,0,7,242.29601258666298
7,39,0,1,0,7,241.8986864189245
7,40,1,1,0,7,260.3734810344652
7,43,0,0,0,5,215.92398831040438
7,45,0,0,1,7,245.48196571499818
7,46,0,1,0,4,229.8507616294845
7,47,0,1,0,3,231.98716261394347
7,54,0,0,0,2,215.8208749119486
7,56,1,0,0,3,231.08192523870213
7,57,1,0,1,1,245.06458201308288
7,58,1,0,0,4,234.9528288446788
7,0,1,0,0,6,231.7779404519689
7,2,0,0,0,3,214.6262674069875
7,5,0,1,0,6,229.96644127543692
7,7,1,1,0,2,247.38302093358345
7,9,1,0,0,2,232.41237542163023
7,10,1,1,0,5,247.54770466568976
7,11,0,1,1,2,247.6713824513645
7,12,0,1,1,2,247.931842954841
7,13,0,1,1,2,244.90826710831305
7,14,0,1,1,2,247.77113598827844
7,15,0,1,1,7,259.33000641415236
7,17,0,0,0,4,216.81531885972345
7,19,0,1,1,4,247.62993363159904
7,20,0,1,1,0,245.8501411767708
7,21,0,1,1,7,258.09915298294294
7,24,0,1,0,7,242.94713777596698
7,25,0,1,0,6,233.49607919273646
7,27,0,1,0,2,231.25777809177512
7,31,0,0,0,6,228.14203266308516
7,32,0,0,0,5,215.9593350230896
7,33,1,0,0,5,232.731100700448
7,34,1,0,0,4,229.77673427256573
7,35,0,0,0,4,214.0817074912944
7,36,1,0,0,6,228.83696580364304
7,37,1,0,0,7,244.27302288234432
7,38,0,0,0,4,214.3135911311244
7,39,0,0,0,5,216.642184146438
7,41,1,0,0,1,227.03953958533808
7,44,0,0,0,1,214.0395664693894
7,46,0,0,0,0,215.15730666399347
7,48,1,0,0,7,240.14673773706943
7,49,0,1,0,7,234.36023443798908
7,51,0,1,0,0,228.6626253360868
7,54,0,1,0,2,233.51600609685886
7,56,1,0,0,6,229.99366751818746
7,0,0,0,1,5,228.4606315515511
7,2,0,1,0,4,231.0515399254174
7,3,1,1,0,6,245.08115391998052
7,4,0,1,0,1,230.99349353286573
7,5,0,1,0,3,229.78497643002004
7,6,0,1,0,4,228.78993135101692
7,8,0,0,0,3,216.40108996547463
7,10,0,1,0,6,229.4890574468462
7,12,0,0,0,0,215.08379579453162
7,13,0,0,0,4,217.32389455753076
7,14,0,0,0,5,215.5765867621867
7,18,0,0,0,2,219.71544101727704
7,20,0,0,1,0,230.2827058062905
7,21,0,0,1,4,230.96218750474213
7,22,1,0,1,5,248.25125678545047
7,23,1,0,0,2,232.91367233176896
7,24,1,1,0,6,247.48935977099507
7,25,1,0,0,2,230.5282945715989
7,26,1,0,0,5,232.0412997589006
7,27,1,0,0,7,244.53568858633415
7,28,1,0,0,1,229.12705653858222
7,29,1,0,0,2,228.52765415099324
7,30,1,0,0,1,228.6148643386186
7,31,1,0,0,1,229.28909972642958
7,32,1,0,0,3,231.25410565349867
7,35,1,0,0,1,231.01300549526485
7,36,1,0,0,2,228.72661245698075
7,37,1,0,0,3,228.98666548056985
7,38,1,0,0,2,230.42978672921902
7,39,1,1,0,1,245.95129493132464
7,40,1,1,0,3,249.1677365025741
7,41,1,0,0,6,230.64631689480663
7,45,0,0,0,7,231.77976956625298
7,46,0,1,1,0,247.09366375080265
7,47,0,1,1,6,250.33164145457306
7,48,0,0,1,2,229.9994661199305
7,49,0,0,1,7,230.82143551309557
7,52,0,0,0,5,217.4850583154756
7,54,0,0,0,6,217.07632232738226
7,55,0,0,0,2,213.54458449683045
7,57,0,1,1,5,247.6035574516026
7,0,1,1,1,3,262.21275146264253
7,1,1,0,0,2,228.89770407965202
7,2,1,1,0,6,246.02962052248773
7,3,0,0,0,5,216.35529582362398
7,8,0,0,0,6,217.22475063483978
7,11,1,1,1,6,264.43589015070734
7,12,0,1,1,3,252.70823817595866
7,13,0,1,1,4,245.04279340077835
7,16,1,1,1,1,263.9142508614637
7,17,1,1,1,6,261.7087725764223
7,18,0,0,1,7,241.498908341964
7,19,1,0,1,7,266.3712668431199
7,20,0,0,1,2,233.33523725047095
7,21,0,1,1,4,245.2435886745969
7,22,1,1,1,0,258.36518396897895
7,23,1,1,1,1,260.92506607411195
7,24,1,1,0,1,246.18230068321444
7,25,1,1,0,6,246.43649245510272
7,26,1,0,0,4,233.20205920947726
7,30,0,0,0,0,212.32066029700354
7,31,0,0,0,3,213.91326263667926
7,32,0,0,0,1,215.93622977139964
7,36,1,0,0,5,231.58987930280762
7,37,1,0,1,0,242.65379810256317
7,38,1,0,1,7,263.70156861294873
7,40,0,0,0,6,214.06487499358903
7,41,1,0,0,4,227.25626895546017
7,44,1,0,0,6,242.16044464268734
7,45,0,0,0,0,215.34200890376638
7,48,1,0,0,1,228.44553084062034
7,49,1,0,0,7,232.9489446023684
7,52,0,1,0,6,229.6584635521807
7,53,0,0,0,2,214.62568714643857
7,56,0,1,1,5,247.54595102767644
7,57,1,1,1,3,263.85671661106846
7,58,1,0,0,5,234.05957930802282
7,0,0,0,0,2,216.11537676658543
7,2,0,0,0,7,224.87577460516638
7,3,1,0,0,0,230.09610433452926
7,4,1,0,0,3,228.90265962178904
7,5,1,0,0,7,229.88247190233395
7,6,0,1,0,5,229.80444414481548
7,8,1,1,0,5,245.18422672427442
7,10,0,1,0,3,232.36376008735385
7,11,0,1,1,3,256.72881961519386
7,16,0,1,0,3,232.9123876695244
7,19,0,0,1,5,236.69206421602252
7,21,0,0,0,7,225.91071263390745
7,25,0,1,0,3,231.9472792962089
7,27,0,1,1,7,257.36241208791904
7,28,0,0,0,0,215.66864005839616
7,32,1,0,0,2,230.96677322276074
7,33,1,0,0,6,232.73159119964615
7,36,0,0,0,0,211.840482153679
7,41,0,0,0,2,215.9192893919062
7,44,0,0,1,7,244.74542945681455
7,45,0,1,0,7,244.71533617567428
7,46,0,1,0,7,245.62999622263266
7,47,0,1,1,3,248.80795518393083
7,48,0,1,0,2,229.5318360019267
7,53,0,0,0,1,215.00237810364365
7,57,0,1,0,1,231.1233045817642
7,58,0,1,0,4,229.91815073544603
7,3,0,0,0,7,230.6661424108235
7,4,0,1,1,1,242.99178204941683
7,6,0,1,0,6,228.625454924898
7,7,1,0,0,1,232.0796471446163
7,8,1,0,0,1,232.10325504237528
7,9,1,0,1,2,243.75869555207774
7,10,1,0,1,3,245.41628812444918
7,11,1,1,0,7,259.23452317676384
7,12,0,0,0,3,216.4984922405556
7,17,0,1,0,7,232.43925665756143
7,18,1,0,0,3,234.40403801693054
7,19,1,0,1,2,248.1681981199071
7,20,1,1,1,3,263.31365373973534
7,21,1,0,0,7,246.40657942744588
7,25,0,0,0,1,215.99161892784932
7,27,0,0,0,0,214.80629485817698
7,28,0,0,0,3,217.30837697090078
7,30,0,1,0,3,231.25716326343925
7,35,1,1,1,2,262.5609082875126
7,36,1,0,1,2,243.59233725838848
7,37,1,0,1,1,242.08755107035358
7,38,1,0,0,7,237.57670772863835
7,41,0,1,0,4,229.88558982052714
7,42,0,1,0,2,231.64447493584106
7,47,1,0,0,0,227.85901687754193
7,48,1,0,0,6,229.14853327192827
7,49,1,0,0,5,232.78371328787978
7,50,0,0,1,6,230.24661736439333
7,52,0,1,1,7,259.7795543481507
7,56,0,0,0,7,233.10230956514516
7,57,1,1,0,7,258.4719211602906
7,58,0,1,0,5,229.69678669313956
7,59,1,1,1,5,264.03936211643406
7,0,0,1,0,7,241.21202557831054
7,1,1,0,0,6,229.27908477598032
7,3,0,1,0,4,231.51664571745476
7,5,0,0,0,5,214.52247401216073
7,6,0,0,0,5,215.81362376406645
7,9,0,0,0,6,219.24487959230638
7,11,1,1,0,5,249.5153521283716
7,13,0,1,1,1,244.90012831430255
7,14,0,1,1,7,246.57007779115972
7,22,1,1,0,4,244.39345018653526
7,28,0,0,0,2,217.73306361873836
7,29,0,1,0,6,231.44167005304968
7,31,0,0,0,4,213.03437032827244
7,37,0,0,0,0,212.42836800063705
7,47,0,1,1,2,249.46733270908214
7,49,1,1,0,1,242.6753437871838
7,50,1,1,0,1,245.0673651085318
7,52,1,1,1,6,259.6737560132485
7,53,0,1,1,7,258.4455938760867
7,54,0,1,0,3,233.68778511936688
7,55,0,1,0,6,232.4560632846248
7,56,0,1,0,2,229.1070121496771
7,3,1,0,0,5,229.90466215891954
7,4,0,0,0,1,213.43960942653493
7,5,0,0,1,4,230.18915022034514
7,6,0,0,1,0,230.51511576364206
7,7,0,0,1,2,232.58620175906606
7,8,0,0,1,2,232.59491654922928
7,9,0,0,1,5,233.06304651398142
7,11,0,0,1,7,231.56467873805954
7,12,0,0,0,2,217.9498828891304
7,20,0,0,0,2,218.82772557356293
7,22,0,0,0,0,214.2895912747829
7,23,0,0,0,6,215.07242999731446
7,24,0,1,0,6,231.09596651234057
7,26,1,0,0,1,231.258791507819
7,27,1,0,0,3,233.56968857685686
7,33,0,0,0,3,212.30356336154946
7,44,0,0,0,7,232.10393449132923
7,45,0,0,0,3,216.67114945252484
7,50,1,1,0,4,246.20825238925124
7,51,1,1,0,4,245.541805792847
7,59,1,0,0,5,231.04471783032164
7,6,0,1,1,6,250.1597613124582
7,7,0,1,1,2,245.5470973584546
7,8,0,0,1,4,232.68343198747434
7,9,1,0,1,4,246.65196495077876
7,10,0,0,1,0,231.8382113936658
7,11,0,0,1,5,231.17624008732562
7,13,0,0,0,0,215.39849651237736
7,14,0,0,0,6,218.00345601700855
7,15,1,1,0,5,244.60195553042948
7,16,1,1,0,1,246.74093887625375
7,17,1,1,0,7,261.5722954631119
7,20,1,1,0,4,248.23420900941608
7,21,0,1,0,7,241.31456476223306
7,22,0,0,0,6,227.06421566627893
7,23,1,0,0,5,232.52116523057097
7,24,0,0,0,3,218.84177557592994
7,25,0,0,1,0,231.9348013211482
7,26,0,0,1,7,246.62508939910057
7,27,0,1,1,2,249.46619210720013
7,28,0,1,1,4,245.66787672382634
7,29,0,1,1,5,246.70672940407292
7,30,1,1,0,1,247.00161290950211
7,31,1,1,0,7,261.2962597983436
7,32,1,0,0,0,230.19923298795354
7,33,1,0,0,0,229.07055234216122
7,34,1,0,0,1,228.74469109309916
7,35,1,0,0,5,229.07647803136766
7,39,0,1,0,5,231.22096830529287
7,41,0,0,0,6,214.13249921569948
7,42,0,1,0,7,247.51948326559506
7,44,0,1,0,5,233.74729805647752
7,45,0,1,1,2,246.97825385038004
7,48,0,1,1,2,247.28310720873827
7,49,0,0,1,1,232.10843532437275
7,51,0,1,0,5,228.4320245447421
7,53,0,1,1,6,252.93045094177035
7,54,0,1,1,3,251.53493414016623
7,55,0,1,1,0,246.7344626482209
7,56,0,1,1,7,258.271378746815
7,58,0,0,0,0,215.07583839326335
7,7,1,1,0,3,247.32944820144496
7,8,1,0,1,2,247.6318985861742
7,9,1,1,1,2,260.3884102754702
7,10,1,1,1,5,264.9513212064255
7,15,1,0,0,0,231.18015683160593
7,16,1,0,0,2,240.3780664036498
7,18,1,1,0,1,247.5805836647789
7,19,1,1,0,0,246.08499550129235
7,20,1,1,0,1,248.84140187673637
7,26,1,1,0,6,253.62898631414154
7,28,0,1,0,0,230.76137845923276
7,29,0,1,0,5,230.93188737655944
7,32,0,1,1,3,244.16902582495698
7,33,0,0,1,1,230.18464158380428
7,35,0,1,0,2,231.13121042101633
7,36,0,0,0,6,215.76369199951313
7,37,0,0,0,1,211.63748727691984
7,40,0,0,0,1,215.79194860411678
7,41,0,0,1,7,230.88233471333572
7,42,1,0,0,1,228.4211962210838
7,46,0,0,1,2,233.43631690452327
7,47,0,0,1,4,231.2030730318835
7,48,0,0,1,1,230.27580981800358
7,50,0,0,0,2,217.56937474206683
7,51,0,0,0,0,214.2963694851262
7,52,0,0,0,4,217.49503285418422
7,53,1,0,0,7,244.65301758726363
7,57,0,1,0,6,233.1227195540338
7,58,0,1,0,0,229.23678194501298
7,2,1,0,1,7,257.353649723269
7,4,0,0,0,5,215.35950099684825
7,6,0,0,0,3,218.19351554963916
7,7,0,0,0,7,230.43236397605133
7,10,1,0,0,4,228.83408863953514
7,11,0,0,0,0,214.26109164010347
7,14,0,0,0,4,218.65305421904253
7,16,1,0,1,3,250.5995242124025
7,19,1,0,0,0,232.6326946559214
7,20,1,0,0,7,245.70270273202962
7,25,0,1,0,7,240.77369441310432
7,26,0,1,0,5,234.20263170243976
7,28,1,1,0,5,246.88508386350367
7,31,0,0,0,5,214.76477818121543
7,32,1,0,0,1,230.81267547283363
7,34,0,0,1,6,231.29879935073032
7,35,1,1,1,0,258.36072066414096
7,36,1,1,1,6,262.2515108373119
7,37,1,1,1,1,257.18681197457636
7,39,1,1,0,2,244.2117753914941
7,40,1,0,0,5,230.94538613668152
7,43,0,0,1,6,233.44414685000618
7,44,1,1,1,4,262.96141027959777
7,45,1,1,1,0,251.84741203271773
7,46,1,1,1,4,262.2311523593753
7,47,1,1,1,2,260.69040608833967
7,48,1,0,1,6,244.27077127204242
7,49,0,0,1,4,230.04881435609573
7,50,0,0,1,5,229.5236573469446
7,52,0,1,1,2,243.9963046280801
7,53,0,0,1,0,231.68486974824143
7,54,0,0,1,1,232.86636906000808
7,55,0,0,1,6,234.07138900666115
7,56,1,0,1,3,245.52027927131905
7,7,1,0,0,6,230.8442501231529
7,8,1,1,0,3,244.94263158735237
7,9,1,0,1,1,244.36167302457056
7,10,1,0,0,1,229.09857424647092
7,11,1,0,0,1,232.14582424535797
7,12,1,0,0,2,233.36914459252472
7,13,1,0,0,4,233.7761825320524
7,14,1,0,0,1,232.29318845568451
7,16,1,0,0,7,232.07546579522753
7,18,1,1,0,7,260.4968541096613
7,20,1,0,1,4,248.93173107013482
7,22,0,0,1,7,245.24126426846158
7,24,0,0,0,1,214.7614298179205
7,25,0,0,0,7,218.1518956445019
7,28,0,0,1,7,239.3395352427134
7,35,1,1,1,6,263.82473966644994
7,42,0,0,0,7,232.50508039729795
7,44,1,0,0,7,231.61224834522412
7,45,1,0,0,6,240.22733114090187
7,46,0,1,0,3,236.47852100118268
7,47,0,0,0,2,215.90200089398667
7,49,1,1,0,0,244.04100733346135
7,50,1,1,0,7,247.8855363148405
7,0,1,1,0,0,243.68301494490558
7,4,1,1,0,6,249.44023420953252
7,7,0,1,1,0,241.81434674588272
7,8,0,1,1,1,247.48734646626693
7,9,0,1,0,0,228.63306264847643
7,14,0,1,0,6,232.95050557543672
7,15,0,1,0,3,234.5184028831108
7,16,0,0,0,3,215.48152344448147
7,17,0,1,0,2,231.8305072772568
7,18,0,0,0,5,218.99798585211784
7,19,0,0,1,3,235.31829179734015
7,26,0,1,0,4,234.15966633382865
7,30,1,0,1,6,248.0575586058994
7,31,0,0,1,6,229.43923457494643
7,32,0,1,1,5,244.07946198438052
7,33,0,1,0,5,242.67383010585274
7,34,1,1,0,0,242.13985874338078
7,35,1,1,0,1,242.57757699349622
7,36,1,1,1,0,254.65031361823037
7,37,1,1,1,2,256.57814603146926
7,40,0,1,1,1,245.9530148459376
7,42,1,1,0,6,260.08874876506883
7,46,1,0,0,2,231.49404476816605
7,47,1,1,0,1,244.45155388602376
7,48,1,1,1,7,261.8571343531286
7,50,1,1,0,6,245.00977363699064
7,56,0,0,1,4,230.89553193876174
7,57,0,0,1,4,229.2848904440933
7,58,0,0,1,6,231.20285759118096
7,59,0,0,1,1,230.90049396717532
7,0,0,0,0,7,229.19472094665497
7,1,1,1,1,1,257.9759287468783
7,2,1,1,1,7,265.55537064760995
7,5,0,1,0,1,231.25137779389664
7,6,0,1,1,1,245.61624090133242
7,7,0,1,0,6,231.5939896997415
7,13,0,0,0,3,217.19015633913904
7,16,1,1,0,2,256.7898808443667
7,17,1,1,0,0,248.21849849719874
7,19,1,0,0,3,232.29028783036483
7,21,1,1,1,0,255.83660611907928
7,22,1,1,1,6,259.91104384081655
7,28,0,0,1,1,230.1106620437349
7,29,0,0,0,7,226.19441411315802
7,30,0,1,1,3,245.63973848381164
7,35,0,0,0,3,214.68100809638526
7,38,1,0,0,0,228.5142075332995
7,39,1,0,0,1,226.87372591193576
7,41,1,1,0,5,247.30324258705363
7,45,1,1,0,6,245.97269537602725
7,47,0,1,0,7,230.74456930139985
7,48,0,0,0,3,213.59522717099082
7,58,0,0,1,4,228.18875975082165
7,59,0,0,1,6,232.44164834293036
7,0,0,0,1,0,227.11373787526514
7,1,0,0,1,1,228.61204661246734
7,5,1,1,0,1,245.65037156430282
7,9,0,1,0,7,240.13634376770239
7,12,0,0,0,6,220.94286485775922
7,13,0,0,0,6,219.1961911239687
7,14,1,1,0,1,246.5690398197746
7,15,1,1,0,6,258.50885251165136
7,18,1,1,1,6,270.80690789040267
7,19,1,0,1,3,250.04311215384502
7,20,1,0,1,3,247.03847964430526
7,21,1,1,0,2,245.98470313492024
7,22,1,1,0,1,243.84737568867345
7,23,1,1,0,0,244.38158781405025
7,25,1,1,0,2,248.74863130277475
7,26,1,0,0,0,230.0144948634351
7,28,0,1,0,3,230.74398744444733
7,32,0,1,1,6,244.4264132268641
7,33,0,0,1,6,227.63485149833357
7,34,0,0,1,1,229.83876637728144
7,37,0,0,1,1,229.41292376531806
7,39,0,0,0,7,229.778387280478
7,42,0,0,0,4,213.31927990554374
7,43,0,0,0,6,218.68801860908272
7,44,0,0,0,3,216.07930692511206
7,45,0,0,1,0,230.0495357078946
7,46,0,0,1,3,232.70418260050747
7,59,0,0,0,7,226.4240074245767
7,0,0,1,1,3,246.00226663360624
7,5,0,0,0,6,219.00110121293937
7,17,0,0,0,3,220.6374127489033
7,19,0,1,0,3,232.2974434067219
7,20,0,1,0,7,241.67303721830103
7,24,0,0,0,4,216.08841078273653
7,29,1,0,0,1,229.26035820847144
7,31,1,0,0,2,231.15853278386538
7,36,1,0,0,1,229.06168288878595
7,41,1,1,0,1,247.1119453573495
7,43,1,0,1,4,247.10750570506448
7,44,0,0,1,6,231.7567959601394
7,49,0,0,1,6,240.0546579493359
7,50,1,0,1,0,244.1757961022931
7,51,1,0,1,6,247.75204608108078
7,52,1,1,1,2,259.3121800744614
7,53,1,1,1,7,278.51535059037957
7,56,0,0,0,4,212.62035703113665
7,57,0,0,0,2,214.6436601230912
7,58,0,1,0,3,233.40345752537937
7,0,0,1,1,6,246.69060310518324
7,1,0,0,1,3,230.4742534943098
7,2,0,0,0,6,216.67585181467905
7,4,1,1,0,5,247.76765828776084
7,5,0,1,1,3,248.470204769951
7,6,0,0,0,7,228.6677053849691
7,11,0,1,0,7,230.15005062294432
7,13,1,1,1,7,265.06900750003206
7,14,1,1,1,7,276.5658511925027
7,15,0,0,1,6,234.6801979592791
7,17,0,0,1,2,232.05019257126287
7,18,0,0,1,5,232.05976607438998
7,19,0,0,0,2,220.14299414608644
7,23,0,1,0,2,232.9019960521435
7,27,0,1,0,5,230.63820036219323
7,28,0,1,1,7,254.33822440594474
7,30,0,1,1,0,244.50022825081126
7,31,0,1,1,3,248.67494935969174
7,36,0,0,0,4,213.3099913982101
7,40,1,1,0,5,247.86418491714034
7,41,1,1,0,2,247.34092137783855
7,43,1,0,1,7,248.63629370165663
7,44,1,0,0,2,229.16858494569226
7,47,1,0,0,6,240.9707230898835
7,50,0,0,0,4,215.72514667984154
7,52,0,1,0,0,232.05906551097377
7,0,1,0,1,5,248.15212202296286
7,4,1,0,0,7,246.75822615722487
7,6,1,0,0,5,230.18120007668725
7,9,0,0,1,2,231.1879436179358
7,10,0,1,1,7,263.0016731490343
7,11,1,0,1,7,243.6343182569251
7,13,1,1,0,2,246.3372338768235
7,17,1,0,0,1,232.882353164626
7,18,1,0,0,1,234.86548425355699
7,19,1,0,0,7,243.6524845522695
7,22,0,1,1,3,253.89721379818582
7,26,0,0,0,2,216.46267991926803
7,35,1,0,0,7,242.8462188258843
7,37,0,1,1,1,239.8026988691948
7,40,1,1,0,2,250.2566310487726
7,41,1,1,0,3,248.93572032543844
7,42,1,1,0,4,247.0715726499117
7,44,0,0,0,2,214.0182939733751
7,47,0,1,0,4,232.3958665775456
7,48,0,1,0,6,229.12194584675578
7,53,1,0,0,3,232.88437707914355
7,54,1,0,1,3,247.26797896727837
7,55,1,0,1,3,248.2315963473847
7,56,1,1,0,0,246.891068369315
7,58,1,1,1,0,262.2887662623902
7,59,1,1,1,1,265.6623486718833
7,1,1,1,0,0,244.38766103592602
7,2,1,1,0,5,249.38769887757604
7,3,0,1,1,5,246.97701913389162
7,6,0,1,0,3,245.505667299861
7,7,0,0,0,0,215.33372967062738
7,9,0,0,0,2,217.92411669303615
7,10,0,0,0,3,218.95406439250618
7,12,0,1,0,2,233.4886671514685
7,22,0,0,0,7,216.86443797066823
7,23,0,1,1,4,248.28152510926728
7,27,0,1,1,1,246.69852771197162
7,29,0,1,0,1,231.08552833623088
7,32,0,1,0,6,230.31014127067314
7,34,1,1,1,5,261.0805785886303
7,36,1,1,0,7,258.31375625197126
7,37,1,0,1,5,242.3098209320186
7,39,1,0,0,5,231.92707810574353
7,44,1,1,0,0,245.30025405265692
7,45,1,1,0,5,255.64311854788915
7,48,1,1,0,7,258.936744666678
7,54,1,0,1,0,245.28945024489158
7,59,1,1,0,0,244.2432675185043
7,0,1,1,0,5,247.55015173311617
7,1,0,1,0,7,241.23717439382068
7,4,1,0,0,1,229.03044596176457
7,5,1,0,0,5,229.69876956428917
7,6,0,0,1,3,231.13816082606803
7,9,0,0,0,7,226.6810050233446
7,13,0,0,0,1,217.3969796115798
7,16,1,0,1,5,248.42997127156772
7,17,0,0,1,1,236.81559509872247
7,20,0,0,0,7,228.12992880073438
7,26,1,1,0,3,246.00936036144913
7,27,1,0,1,6,248.2200218996107
7,28,0,0,1,5,231.07232922147597
7,31,1,1,1,3,263.1003343101037
7,36,1,1,1,7,273.072996742899
7,40,1,1,1,6,267.26690696626065
7,41,1,0,1,5,246.4110517535961
7,43,0,0,0,0,214.31828694120676
7,51,0,1,0,6,229.97803223870804
7,56,0,0,0,1,215.7329477304217
7,59,0,1,1,4,244.37333501042124
7,0,0,1,1,1,247.81834831977665
7,4,0,1,0,4,229.8565940079726
7,10,0,0,0,2,217.62799446231182
7,12,1,0,1,3,249.14262736232004
7,13,1,1,0,5,244.3951991153974
7,15,0,0,0,1,217.259690257124
7,17,1,0,0,4,234.7553597791359
7,23,0,0,0,3,216.77131297601625
7,26,0,0,1,1,231.46202838572958
7,27,0,0,1,3,239.06654036751382
7,28,0,0,1,3,230.4893346086347
7,30,0,1,0,1,231.2889258409105
7,31,0,1,1,1,245.86148046545748
7,35,0,1,1,6,243.81271509425602
7,36,0,0,1,2,229.09822294381084
7,37,0,0,1,2,230.57849785584807
7,38,0,1,1,6,245.30633204046592
7,39,0,1,1,2,242.51759927111365
7,40,0,0,1,0,228.71868985604416
7,41,0,0,1,4,231.29797953390027
7,42,0,0,1,2,231.04424432365053
7,43,0,0,1,7,243.14752169687105
7,44,1,1,1,0,258.5941769966644
7,51,1,1,0,1,245.94997954468124
7,52,1,1,1,1,260.57858915601804
7,54,1,1,0,2,247.6034086917802
7,55,1,0,0,1,229.39653697466778
7,56,1,0,0,7,241.92240185315862
7,8,0,1,0,7,239.5955141389043
7,14,0,0,0,2,216.17673999970222
7,20,0,0,1,5,234.92891698315475
7,21,1,0,0,5,232.27254512281448
7,26,0,0,0,7,226.73592247263477
7,27,1,0,1,7,261.828959624935
7,30,0,0,1,3,231.42803828564854
7,32,0,1,0,5,231.43001906456806
7,33,1,1,1,7,276.5411301393369
7,34,1,1,0,6,247.78509060445705
7,36,1,1,0,4,245.15204748071716
7,37,0,1,0,5,231.39749696829153
7,38,0,1,1,3,245.16853993651546
7,41,0,0,0,4,213.42702045364695
7,48,1,0,0,0,228.3901956765692
7,49,1,0,0,6,244.6575359806132
7,50,1,1,0,0,244.93854943126416
7,53,0,1,0,5,233.26630729036884
7,54,0,1,0,5,233.78526408322762
7,56,0,1,1,0,242.62883256430632
7,57,0,1,1,4,245.8459000119583
10,0,0,0,1,7,125.40037294443671
9,22,0,0,1,1,228.7007089268283
9,40,0,0,0,5,217.34051099668272
9,2,1,0,0,2,233.3691966029748
9,3,1,1,0,0,246.57211672648288
9,22,0,0,1,2,231.05127363375345
9,27,0,1,1,3,244.41902279911704
9,31,0,1,1,3,245.5733320333996
9,42,0,0,1,5,229.42668780221302
9,4,0,0,1,5,234.00497951135165
9,33,1,1,1,3,263.85174564197234
9,41,0,1,1,1,245.35355860054227
9,9,0,0,1,2,232.75857722789522
9,12,1,0,1,1,247.73137541409127
9,34,0,1,1,6,240.57828724664859
9,35,0,0,1,0,226.88556470315766
9,45,1,0,0,7,247.8933338820669
9,4,1,1,0,3,247.66977408389695
9,15,0,0,1,6,235.1097826218475
9,18,1,0,1,6,258.1236154806554
9,27,0,0,1,2,231.69174765323643
9,31,0,0,1,6,231.2112128502865
9,35,1,1,1,0,261.40918967585714
9,36,1,1,1,2,259.67286431321776
9,7,1,1,1,1,263.9644454286311
9,24,0,0,1,1,229.942078404785
9,38,1,0,0,7,228.74554483997997
9,55,0,0,0,0,215.4045378342451
9,33,0,0,1,3,230.8605312098498
9,36,0,1,1,0,240.74130745119868
9,17,1,0,1,4,249.3829873115321
9,18,0,0,1,6,234.85364634717524
9,22,1,0,0,5,233.69602381262865
9,28,0,1,1,0,241.33687945025108
9,50,1,1,0,1,242.89568499640524
9,56,1,1,0,6,248.05835774114766
9,6,0,1,1,5,250.90595230909128
9,12,0,0,1,5,237.48121798325963
9,20,1,1,0,5,243.68837096401032
9,45,0,0,1,5,228.94239824503774
9,56,0,0,1,0,229.4236319219245
9,9,1,1,1,3,261.5524482515594
9,31,0,0,1,4,230.0811460478821
9,39,1,1,1,6,261.134459455794
9,41,0,1,1,0,238.99704019676926
9,58,1,0,1,7,265.56231812266986
9,6,1,0,1,0,247.8834292430559
9,18,0,1,1,1,246.48422278861477
9,21,1,0,1,4,247.78074451549878
9,32,1,1,0,6,250.17264778612338
9,42,1,0,0,3,236.79880721278175
9,52,0,0,1,1,228.59724992348976
9,57,0,0,1,5,239.71821886598096
9,17,1,0,0,5,235.0367803013157
9,39,1,1,0,6,252.12521105552705
9,44,0,1,0,3,236.64125956130067
9,2,0,0,1,0,230.29115590465827
9,18,1,0,1,1,244.65405214755157
9,19,1,0,1,3,249.95967833490948
9,23,1,0,1,3,243.9015134755597
9,43,0,1,1,4,243.70391601930808
9,45,1,1,1,5,260.91816951363893
9,47,1,0,0,4,231.9365396416421
9,3,1,1,1,4,266.6153741550652
9,4,0,1,1,5,249.62447290518597
9,5,0,1,1,1,250.72505218178048
9,19,0,0,1,0,231.14901190313805
9,27,0,1,1,4,243.71137397947658
9,29,0,1,1,6,245.27939754374586
9,30,1,0,1,6,242.15352177740428
9,31,0,1,1,4,243.70707939514173
9,32,1,1,1,5,260.8840946922075
9,0,1,0,1,6,257.4324904440562
9,1,1,1,1,0,257.7746729823387
9,13,0,0,1,4,230.65801889915195
9,32,1,1,0,0,241.23912447863455
9,34,1,0,1,1,243.29103184498615
9,47,0,1,1,2,245.4149882855003
9,48,0,1,1,7,262.82858911714146
9,51,0,1,1,0,241.30242803280362
9,52,0,1,1,2,242.62511111164872
9,4,1,1,1,6,276.13595091871184
9,7,1,0,1,5,252.6217443023282
9,17,1,0,0,7,250.22834306169545
9,35,1,0,1,6,247.0915165084043
9,39,0,1,1,6,257.7547365925212
9,51,0,0,1,2,228.97973871821966
9,52,0,1,1,5,242.53104810286177
9,0,0,1,1,7,258.1966665254454
9,43,1,1,0,6,251.28804563390057
9,41,0,1,1,4,244.89079639922522
9,49,0,1,1,4,242.25784107983063
9,56,1,0,1,1,247.22141366203294
9,20,1,1,1,7,265.0097179654767
9,40,1,1,1,1,255.66659896321588
9,42,1,1,0,7,260.80124847110113
9,48,0,1,1,6,247.32181975832196
9,49,1,1,1,0,257.0409478740017
9,0,0,1,1,0,243.09851237549447
9,19,0,1,1,1,246.60349941246685
9,4,0,1,1,4,246.66509651704956
9,8,1,1,0,6,250.6465622628221
9,18,0,0,1,4,232.95501994124274
9,26,1,1,1,6,259.6015567165529
9,28,1,1,1,4,258.815073442334
9,29,0,1,1,0,242.87599089985116
9,30,0,1,1,3,248.46881800988754
9,50,1,1,0,5,244.8419646328355
9,8,0,1,1,4,246.26798561032624
9,9,0,1,1,0,246.41951236044335
9,10,0,1,1,2,246.7582750334463
9,26,0,1,1,4,245.72943743294348
9,34,1,0,0,2,235.11612360945725
9,52,0,0,1,4,226.74364491098058
9,25,0,1,0,6,237.10132602795431
9,46,1,1,1,2,258.83642577566246
9,47,1,1,1,2,259.27640164709715
9,48,1,0,1,5,243.65063544482453
9,57,0,0,1,4,232.84991285981747
9,8,0,0,1,0,232.33911794966573
9,10,1,0,1,0,246.3564999280971
9,13,0,1,1,5,249.37348027053167
9,18,1,0,1,2,245.5666762894367
9,30,1,1,1,5,258.9277305052041
9,33,0,1,1,4,241.64398927178163
9,49,1,1,0,5,243.13040817022528
9,43,0,0,1,7,229.43992383487534
9,49,1,1,1,4,256.2924272515129
9,50,1,1,1,6,263.6097473960976
9,55,1,0,1,0,241.81062010111214
9,56,1,0,1,7,248.01886971909053
9,3,1,0,1,4,246.07265933811777
9,23,0,0,1,2,229.2515961175178
9,24,0,1,1,2,245.4233920589364
9,25,0,1,1,3,247.62812719437383
9,31,0,1,1,2,247.26053132807192
9,33,0,0,1,4,232.6159687143663
9,35,1,0,1,2,245.79312149106715
9,36,1,1,1,5,259.9874828497524
9,53,1,0,1,0,240.6935905337381
9,54,1,0,1,2,245.05853595617612
9,17,0,1,1,6,249.88815982583296
9,22,1,1,1,2,262.59559257714386
9,23,1,0,1,6,242.0511361283107
9,24,1,1,1,0,253.0698689963442
9,11,1,0,1,5,248.80223168338546
9,42,0,0,1,1,230.6777217280669
9,35,1,0,1,1,245.16358902340713
9,55,0,1,1,7,258.5421619182863
9,3,1,0,1,5,247.6877407975468
9,18,1,1,1,5,268.2493364187259
9,36,1,0,1,6,242.0324570916402
9,4,1,0,1,3,246.73391429594778
9,16,1,0,0,1,232.6851671958454
9,20,1,0,1,4,248.68017680635936
9,22,1,1,1,3,263.7091490330871
9,3,0,0,1,2,234.71072103018176
9,5,0,1,1,0,247.92770036362467
9,26,1,0,1,1,244.6652970809508
9,29,1,0,0,2,232.52151823270938
9,51,1,0,0,1,228.8196165515573
9,0,0,1,0,1,231.76023367771768
9,1,0,1,1,7,260.77526089749995
9,8,1,1,1,0,258.49285416892
9,9,1,1,1,5,264.90342426954584
9,18,1,0,0,0,231.52100572756137
9,48,0,0,1,3,229.3804346795022
9,52,1,1,1,7,257.3662959891849
9,19,0,1,1,4,246.517436647488
9,21,1,1,1,7,274.5612138734059
9,38,0,1,1,4,239.38330145671281
9,39,1,1,1,3,262.3517009640393
9,11,0,1,1,5,248.60859396862818
9,5,0,0,1,1,233.5700849128264
9,50,0,1,1,4,243.86718837383802
9,53,0,0,1,1,230.23386576886097
9,9,1,0,1,7,264.5920436201108
9,10,0,0,1,4,235.6363560684322
9,21,0,0,1,2,230.6537476212502
9,35,1,1,0,5,250.91711678852894
9,37,0,1,1,0,243.09523567307176
9,18,1,0,1,4,247.09417216745223
9,19,1,0,1,5,248.97108431804872
9,40,0,1,1,2,243.28863092363167
9,54,0,1,1,6,245.7086600092889
9,45,0,0,1,2,230.74354775852777
9,28,1,1,0,5,244.31217380996472
9,37,0,1,1,6,243.4490298081187
9,56,0,0,1,2,233.83770847534362
9,10,1,1,1,2,261.2431850792943
9,54,1,1,0,4,243.55170189154202
9,13,1,0,1,6,247.98662274965
9,50,0,1,1,3,252.819474935352
9,58,0,0,1,2,232.39820297088121
9,44,1,0,1,7,246.52183950549687
9,34,1,1,1,6,260.2022117712989
9,45,1,1,1,1,260.1538757468311
9,9,1,1,1,2,261.38414901826695
9,10,1,1,1,7,276.70428026781565
9,52,0,0,1,6,229.52667705327715
9,5,0,0,1,0,233.100492581266
9,12,1,1,1,7,262.5612331564094
9,21,1,0,1,3,246.59718870715196
9,23,1,0,1,4,241.69706742739527
9,24,0,0,1,5,228.94307010365776
9,40,0,1,0,5,233.14173953385105
9,28,0,1,1,4,244.4041278572419
9,29,1,1,1,5,257.2308716461386
9,3,0,1,1,1,246.85927980806528
9,6,1,1,0,1,248.30275933681455
9,40,1,0,1,5,247.9491441483459
9,0,1,0,1,0,244.35629669783432
9,2,1,0,1,6,247.50817189622748
9,17,0,1,1,3,248.78668926625477
9,21,0,1,1,6,250.89016576695042
9,51,1,1,1,5,260.07431090982004
9,38,1,1,1,3,256.48279646874664
9,42,1,1,1,2,262.4790468287716
9,2,1,1,0,1,247.35104197425986
9,14,1,1,1,1,260.3540533776778
9,16,1,1,1,5,261.38975943146886
9,32,1,1,0,7,265.5835773983367
9,52,0,1,1,6,243.85097797047945
9,53,1,0,1,2,239.72052377590398
9,54,1,0,1,5,245.54068527895674
9,1,1,0,1,4,246.31858556610942
9,17,1,1,0,7,260.9828589167615
9,21,1,1,1,1,261.8683679187002
9,45,1,0,1,4,243.90528460689717
9,0,1,0,1,5,246.85691191645145
9,29,0,1,1,3,244.04511094921338
9,35,0,1,1,6,245.68794402835425
9,37,1,0,1,6,246.6941485869486
9,44,1,0,0,3,247.5272662657648
9,59,1,0,1,7,265.4307904560399
9,6,0,1,1,0,245.7134261335915
9,7,0,1,1,7,250.82549647211866
9,32,0,0,1,0,229.47980213310532
9,52,1,1,0,2,244.58714210277594
9,1,1,1,1,1,261.8300440541363
9,4,1,1,1,4,261.60166775350984
9,6,1,1,1,2,262.5009225875148
9,7,1,0,1,7,268.0495113159476
9,8,0,1,1,0,245.41782480192404
9,54,1,1,1,4,258.7233726603995
9,36,1,0,1,7,258.2332480915688
9,3,0,1,1,4,249.39004242186925
9,8,0,0,1,5,233.8868768563365
9,19,0,1,1,0,244.12905269946828
9,28,1,1,1,6,258.3558631598501
9,38,1,1,0,3,248.253176562097
9,53,0,1,1,2,246.3961919293427
9,18,0,1,1,0,242.9644547292745
9,41,1,1,1,4,258.1023507406717
9,42,0,1,1,6,242.53522257854607
9,49,0,1,1,0,239.53499653805022
9,53,0,1,1,4,243.30583395349717
9,54,0,1,1,3,255.03024401011174
9,17,1,0,1,0,242.7138508329359
9,18,1,0,1,0,244.36877673525674
9,19,1,0,1,7,264.1530548399416
9,22,1,1,1,6,266.14329578194145
9,48,1,1,1,0,255.25072122294816
9,49,1,1,1,2,257.9627626777049
9,50,1,0,1,6,251.8191576864138
9,52,1,1,1,5,265.7735136159765
9,35,0,0,1,5,229.129845625531
9,54,1,0,1,1,245.1109265888194
9,3,0,1,1,3,249.86399274679036
9,30,1,0,1,4,240.98021255362664
9,5,1,1,1,0,257.1262809145455
9,34,1,1,0,4,244.3549480382737
9,49,0,1,1,6,247.0379893633605
9,50,1,0,1,0,239.47814200313047
9,13,1,1,0,3,257.5150408194151
9,25,0,1,1,1,244.57606357332082
9,49,0,1,1,5,242.8365739875532
9,9,1,0,1,6,245.61399417949286
9,58,1,1,1,0,253.24216736578362
9,18,0,1,1,3,258.0316822203774
9,26,1,0,1,6,244.3113629412414
9,31,0,1,1,1,244.70087644566922
9,44,0,0,1,2,234.16938195263185
9,42,0,0,1,4,228.29462730554513
9,45,0,0,1,7,245.3844326915868
9,0,1,0,1,4,247.23047434983056
9,1,1,0,1,1,244.52127612817338
9,16,0,1,1,4,247.18249938546566
9,17,1,1,1,6,262.15885971796774
9,58,0,1,1,5,250.57136061305994
9,59,0,1,1,3,247.28733253398218
9,23,1,0,1,2,243.00490991148826
9,24,1,1,1,4,260.3061161665301
9,25,1,1,1,1,257.455479499616
9,16,0,1,1,6,250.23422036558227
9,23,0,1,1,6,247.2786378669362
9,25,1,1,1,5,260.88081423054257
9,29,0,1,1,1,242.09734626878398
9,46,1,0,1,5,247.36972587236775
9,14,0,1,1,2,249.0573043711402
9,16,0,0,1,1,232.65844810107205
9,26,0,1,1,3,250.87406933936947
9,30,0,1,1,0,242.38274950397704
9,33,0,0,1,2,231.2884044498562
9,37,1,0,0,7,245.78196187469808
9,58,1,1,1,7,277.9262677300974
9,47,0,0,1,7,246.43500463868065
9,7,0,1,1,5,249.89079457489726
9,18,1,1,1,7,284.28386449050834
9,28,0,1,1,2,245.72934441406989
9,29,0,1,1,4,244.64446984941583
9,42,0,0,1,6,231.02093156531342
9,54,0,1,1,2,245.80044064382855
9,11,0,1,1,4,248.29399219914478
9,37,1,0,1,7,260.279779149841
9,52,1,1,0,0,241.83127890279977
9,15,0,1,1,5,244.97615534095496
9,32,1,0,1,7,243.4072339896553
9,41,1,1,1,1,256.30369827359254
8,58,1,1,1,1,259.6744355479308
8,3,1,0,1,0,248.50688070189668
8,7,0,1,1,0,247.1422290501599
8,8,0,1,1,3,261.0954432632333
8,50,1,0,1,7,248.2966405171548
8,29,1,0,1,4,248.13394750188286
8,34,1,0,0,6,235.71683549745276
8,40,1,1,0,0,243.11309751348713
8,45,0,0,1,2,230.01261417304426
8,48,0,0,1,6,229.72466363755075
8,52,0,0,1,2,230.83707349755508
8,53,0,0,1,0,228.90300770493818
8,9,0,1,1,1,244.78327679846706
8,14,0,1,1,0,244.76940027220553
8,44,0,0,1,0,227.99084409268713
8,37,0,0,1,3,229.93936612427532
8,48,1,1,0,2,243.98911793829097
8,57,1,1,1,0,256.8865799814671
8,58,1,1,1,4,262.60205924375873
8,59,1,1,1,4,264.6474334649556
8,24,1,0,1,3,253.54591170579704
8,55,1,1,1,5,260.180505330774
8,30,0,0,1,7,242.17376572866024
8,45,0,0,1,5,229.28168229403786
8,0,1,1,1,3,262.46785317649403
8,23,0,0,1,4,233.26639306349153
8,28,1,1,1,1,266.49843702483645
8,34,0,0,1,0,229.60860055673388
8,54,0,1,1,5,246.64183679066028
8,8,0,0,1,1,231.39612176970107
8,41,0,1,1,1,244.91840042348247
8,49,0,0,1,6,229.5452614055963
8,33,0,0,1,5,235.5887198211502
8,8,1,0,1,0,241.71914653664797
8,9,1,0,1,7,249.10196114826536
8,12,1,0,1,7,266.62218534681347
8,49,1,0,1,2,247.14846486284105
8,47,0,0,1,1,229.63104096946947
8,5,0,1,1,5,248.3182131856581
8,35,1,0,0,5,233.5528535925323
8,1,0,1,1,4,249.78219443027993
8,17,0,0,1,3,233.36626879375223
8,23,1,1,1,5,274.14045473523527
8,29,1,1,1,5,268.6487969580077
8,42,0,0,1,6,229.29328774192263
8,13,0,1,1,2,250.71111129770026
8,40,0,1,1,2,249.03656900308778
8,43,1,0,0,7,239.44662581830863
8,49,1,0,0,6,228.44740988914242
8,3,1,1,0,1,246.80946701404338
8,14,1,1,1,3,265.08914078882617
8,17,0,1,1,3,249.41143917610108
8,46,1,0,1,5,247.5448975402352
8,55,0,1,1,6,254.26451921491673
8,57,1,0,1,5,247.37914426559811
8,30,1,1,0,7,260.48855607618844
8,56,1,0,1,3,248.5249939288181
8,57,1,0,1,3,248.12672642004216
8,7,0,0,1,6,239.85789821324605
8,14,1,0,1,5,250.7527340849364
8,29,1,1,1,2,260.7331331049759
8,58,1,1,1,5,264.4876839303278
8,33,1,1,1,3,264.7111995339571
8,52,1,0,1,7,250.6367035833924
8,11,1,1,0,6,261.04928203759
8,13,1,0,0,6,238.27131584540348
8,40,1,1,0,1,244.46856105160288
8,41,1,1,1,4,261.69935477323315
8,21,0,1,1,2,249.03461721396297
8,33,1,0,1,1,246.0241692217209
8,34,1,0,0,4,231.63597392775984
8,41,1,0,0,3,241.8739249062025
8,0,0,1,1,4,247.29984235210242
8,7,1,0,1,4,249.44997382712143
8,9,1,0,1,6,245.58633394069966
8,17,1,0,0,2,234.73324735019614
8,26,1,0,1,2,249.5013058076628
8,0,0,1,1,3,249.65169356286864
8,52,1,1,1,2,265.4989092192219
8,51,0,0,1,6,230.42060437796562
8,0,1,0,1,5,243.5613077295764
8,19,1,1,1,5,266.124833648272
8,14,1,0,0,2,234.11124168075776
8,41,1,1,1,6,262.83724495875833
8,42,0,1,1,2,244.94994558090684
8,44,0,1,1,7,249.6968794308137
8,37,1,1,1,2,260.8586330387159
8,39,1,0,1,3,243.86759431673823
8,43,1,0,0,6,233.2492928699604
8,53,0,1,1,5,244.14933749639562
8,59,0,1,1,7,245.08259447472437
8,2,0,0,1,5,232.8188615774828
8,21,1,0,0,6,238.6432329160562
8,32,1,0,1,5,253.39930449651297
8,35,0,0,1,6,232.63401210354203
8,47,1,1,1,4,258.6328900611801
8,1,1,1,1,5,265.6750705347915
8,33,1,1,0,3,250.08448007155312
8,34,1,1,0,6,252.28903005656147
8,58,0,0,1,1,229.09627623502652
8,14,1,0,1,0,249.5805939878819
8,16,1,1,1,0,262.97412803320066
8,17,1,1,1,0,262.19438288899204
8,22,0,0,1,6,237.38850243452652
8,23,0,0,1,7,245.35578889708808
8,42,1,1,1,3,262.44343918337745
8,52,1,0,1,6,246.98199502010974
8,57,0,1,1,0,242.96668670153804
8,58,0,1,1,1,245.2636919503792
8,1,1,1,1,3,267.2535600253478
8,21,0,0,1,2,234.94381574906
8,43,1,1,1,0,259.6362984371711
8,44,1,1,1,2,262.1514213715276
8,45,1,1,1,5,270.5951031716821
8,54,0,0,1,3,246.48796919759462
8,20,1,0,0,6,248.66361783917608
8,26,1,0,1,5,249.4735071784179
8,46,1,0,0,0,226.49850035012665
8,52,1,1,1,3,263.03262270103954
8,54,0,0,1,5,233.87998397539633
8,50,1,1,0,1,244.94808508729096
8,51,1,1,1,0,259.2703840565391
8,53,1,1,1,1,257.91019314674134
8,58,1,0,0,4,233.75330604219192
8,25,1,1,0,7,263.526703585124
8,56,1,1,1,2,261.56636691747957
8,3,0,0,1,0,231.83859326222125
8,13,1,1,1,7,280.77707321212097
8,14,1,1,1,0,258.7910020713746
8,15,1,1,1,0,261.0320118693338
8,16,1,1,1,6,263.43745236975326
8,25,1,1,1,5,266.39326417851555
8,36,1,1,1,0,255.16399552516185
8,39,1,1,0,7,249.68297451762064
8,2,1,1,1,4,264.16058606442124
8,15,1,0,1,0,244.4963334913581
8,16,1,0,1,3,249.15489611805978
8,58,1,0,1,5,245.65650242757698
8,18,1,1,1,4,266.5796775228036
8,34,1,1,0,0,245.55761177450853
8,48,1,1,1,3,256.7433433184143
8,49,1,0,1,5,252.28245200378626
8,46,0,0,1,7,240.92946070135898
8,31,1,1,1,7,276.95552396078244
8,32,0,1,1,5,249.76624332015533
8,42,1,0,0,4,233.93472164644865
8,54,1,1,1,4,264.25185390416556
8,27,0,0,1,0,235.76611110619655
8,35,0,1,1,6,253.36089780406422
8,50,1,1,1,3,261.16702261951866
8,0,0,0,1,1,231.3909461627263
8,33,1,1,1,7,270.9938741992354
8,39,0,0,1,1,230.1993010568778
8,6,0,0,1,0,233.60707406868937
8,10,1,0,1,4,248.2035502865068
8,43,1,1,0,6,255.4020856761871
8,5,1,1,1,1,264.9639305411648
8,17,1,1,1,5,266.87195892071685
8,38,1,0,1,6,247.829284494638
8,1,1,1,1,7,278.5875167234519
8,4,0,1,1,7,250.87125744699927
8,8,0,1,1,6,250.2818498947907
8,9,0,1,1,3,244.15359610044493
8,20,0,0,1,6,238.8014018821906
8,30,0,1,1,2,249.25207300239413
8,11,0,0,1,6,233.13474532673416
8,21,1,0,1,4,250.2913268625251
8,9,0,1,1,7,262.5733599793543
8,28,1,0,1,7,264.78568218647047
8,55,0,0,1,3,233.58578965119813
8,1,0,1,1,7,263.6598901306714
8,10,0,1,1,0,246.24117714127297
8,11,0,1,1,4,246.21170641274668
8,15,1,0,1,1,248.3240587466805
8,22,0,1,1,2,251.53625118601997
8,36,1,1,0,0,241.4355481753955
8,50,0,0,1,6,231.99997315335014
8,54,0,0,1,0,230.29653930898672
8,8,1,1,0,5,249.1697281928191
8,53,1,1,1,4,258.3692278582734
8,31,0,1,1,3,247.07055648560595
8,47,0,1,1,3,247.75932587034706
8,50,0,1,1,2,248.3171180075105
8,26,1,1,1,1,262.6738858988353
8,34,1,1,1,3,266.2442639601285
8,27,1,1,1,7,273.7472122665931
8,55,1,1,1,6,259.91257136870394
8,30,1,1,1,1,263.86640502968487
8,33,1,1,1,5,264.10681718647675
8,28,1,1,0,0,249.23400015640377
8,43,0,0,1,7,241.07865712479548
8,17,0,1,1,2,249.19177540032962
8,41,0,1,1,6,247.83541835850485
8,43,1,0,1,1,249.5091225769346
8,51,0,1,1,7,244.53037806149413
8,8,1,1,1,2,267.12185065532145
8,9,1,1,0,3,254.39275906129532
8,10,1,1,0,6,253.73361248389833
8,47,1,1,1,3,261.15210504344304
8,4,0,0,1,4,235.98268301209146
8,16,1,1,1,3,264.5105798575074
8,19,1,0,1,1,249.4126130994857
8,35,1,1,1,7,275.8822899056612
8,38,1,0,1,2,247.71507567976923
8,5,1,1,1,0,260.3971772691746
8,6,1,1,1,5,262.76196491315244
8,5,0,0,1,5,234.19911029721777
8,18,0,1,1,4,248.4699893367057
8,54,1,0,1,3,249.55395269494198
8,57,1,1,0,1,244.1751376764736
8,3,0,0,1,3,236.3237058437763
8,9,0,0,1,1,230.64933083781153
8,19,1,1,1,3,272.495809412007
8,7,1,1,1,5,262.144569036623
8,50,1,1,0,6,248.58400848386114
8,13,1,1,1,3,266.62513398838075
8,58,1,0,0,1,231.41043019234692
8,59,1,0,1,4,246.1709709353916
8,9,1,1,1,3,270.0272015207342
8,22,1,1,1,5,265.43433641784105
8,50,0,0,1,3,228.47750377685304
8,8,1,0,1,6,250.98508266816978
8,25,1,1,1,0,256.4858601982611
8,31,0,0,1,7,248.55796729920414
8,43,0,1,1,0,244.23676777286343
8,47,0,1,1,4,246.6219804732533
8,53,1,1,0,1,245.5768164365992
8,1,0,0,1,2,234.23393708429526
8,5,1,1,1,2,266.5453503995245
8,26,1,0,1,4,248.94352283706405
8,33,0,0,1,6,245.41183255757943
8,34,0,1,1,4,246.96333090687133
8,35,1,1,1,0,261.03810720067577
8,41,1,1,1,3,261.8768148902349
8,11,0,1,1,2,250.32224503152298
8,52,0,1,1,5,244.25549880787347
8,53,1,1,1,6,261.23272002816555
8,4,0,1,1,0,243.7572857685404
8,6,0,1,1,0,246.82102813868855
8,27,0,1,1,4,252.61041428596133
8,40,0,0,1,1,231.99636352816972
8,7,1,1,1,6,264.7163699373698
8,26,0,1,1,1,251.20372932500783
8,46,1,0,1,4,245.10723062233575
8,17,1,0,0,7,246.60156289746163
8,28,0,1,1,3,250.1132373089693
8,46,1,0,1,7,261.85854183519984
8,3,0,1,1,6,262.64932014105926
8,53,1,0,1,5,252.33595048794837
8,28,0,1,1,0,246.70961783693647
8,31,0,0,1,6,234.62588631938723
8,40,0,1,1,0,242.7850094634032
8,48,1,1,1,4,256.8881489313023
8,51,1,1,1,2,260.886532320975
8,46,1,1,0,2,247.43240714350338
8,55,0,0,1,4,232.30658503188232
8,56,1,0,1,7,262.164466773463
8,36,0,1,1,0,244.21311961079508
8,37,0,1,1,5,247.1359265221165
8,19,1,0,1,3,250.50620107594304
8,20,1,1,0,0,249.12411125224315
8,43,1,0,1,5,249.31419145002846
8,44,0,1,1,4,245.72777366252893
8,49,0,1,1,7,260.3175578970054
8,4,1,0,1,4,250.21994373245883
8,5,1,0,1,6,250.0975500171371
8,33,1,0,1,0,246.70962451903168
8,13,0,0,1,5,233.44116584955282
8,20,1,1,1,3,268.8451449396033
8,23,1,1,1,3,270.8825498008173
7,40,1,0,1,2,241.6258346621132
7,41,1,1,1,0,257.6192998433846
7,42,1,1,1,2,265.18213498309416
7,43,1,1,1,5,262.09075510380273
7,44,0,1,1,4,246.60354714808972
7,45,0,1,1,5,245.42331855872706
7,46,1,1,0,1,246.7769258454129
7,47,1,1,0,3,245.38590002150826
7,51,1,0,1,5,245.790486825044
7,53,0,0,0,3,216.3282740372749
7,55,0,0,0,0,214.5169151852126
7,59,1,0,0,1,230.89564569908424
7,0,1,0,0,5,231.36303170875019
7,3,1,1,0,0,243.79559460931324
7,4,1,1,0,4,247.06641383049336
7,15,1,0,1,3,248.4753696215534
7,16,1,1,0,6,248.23453887591296
7,18,0,0,0,1,218.15614212985778
7,19,0,0,1,2,235.03957494622273
7,27,0,0,0,1,214.3952427338774
7,29,0,0,1,6,241.95938067391052
7,30,1,0,1,0,244.10056602188996
7,31,1,0,1,3,252.0650184406006
7,34,1,0,0,2,228.70488394421247
7,38,0,1,0,0,228.94748224975626
7,40,0,1,1,0,242.76440617638343
7,41,0,1,1,3,247.44214318634224
7,46,0,0,0,6,217.1619004561096
7,47,1,0,0,3,230.2186747229692
7,51,1,0,0,3,231.4553781923981
7,59,1,0,0,6,239.26559783900043
7,1,0,1,0,3,230.63574675695543
7,2,0,0,0,1,215.53283894528283
7,5,0,0,0,1,216.13700513885772
7,8,0,0,1,7,246.34002574344308
7,12,0,0,1,2,229.76540916199878
7,13,0,0,1,2,232.05737366229368
7,14,0,0,1,2,234.62310234561187
7,20,1,0,1,5,249.2080338952986
7,25,1,1,0,7,257.6711655692886
7,28,1,0,0,5,230.9164654159284
7,33,0,1,0,3,228.44197892397543
7,35,1,0,0,6,230.09213137435688
7,36,0,1,0,3,230.7766684350836
7,38,0,0,0,1,213.88472747169988
7,44,0,1,1,5,248.32464106397757
7,46,0,0,1,6,233.5856062419362
7,47,1,1,1,7,259.21726083826167
7,52,0,0,1,0,227.61042463427927
7,54,0,0,1,6,238.04285091836857
7,56,1,1,1,0,260.9670161045167
7,57,1,1,1,0,260.7620033180748
7,59,1,1,1,7,278.83289557703716
7,7,0,0,1,0,232.87678682101026
7,8,0,0,1,0,232.73765571202668
7,9,0,0,1,6,234.01019941203734
7,10,1,0,1,6,246.30367499797032
7,11,1,0,1,5,252.55687601463967
7,14,1,1,0,2,248.65583885989324
7,15,1,0,0,1,230.93408731498255
7,18,1,0,0,2,234.8166579119403
7,21,1,1,0,4,245.25664166164583
7,22,1,1,0,5,244.37231418123554
7,24,1,1,0,7,257.96990480665124
7,25,0,0,1,7,235.64479194440827
7,29,0,0,1,4,230.51044038954285
7,30,0,0,1,5,231.55489230319847
7,34,1,1,0,7,260.74716777356815
7,41,0,1,0,7,244.08926951081054
7,43,1,1,1,1,260.4456189766236
7,46,1,1,0,6,250.337191855512
7,50,0,0,1,2,229.65409722670492
7,51,0,1,1,7,255.03377289720788
7,58,1,0,0,2,235.11645371821317
7,0,1,0,0,1,231.14498557467198
7,3,1,0,0,3,231.01839730574704
7,4,1,0,0,4,229.32923772984245
7,7,0,1,1,5,246.86718612972584
7,11,1,0,0,0,231.5013014629692
7,12,1,0,0,3,233.01380536311913
7,13,1,0,1,1,248.5744144747418
7,24,0,1,1,2,244.5322802067983
7,25,0,0,1,3,232.06868290130217
7,26,0,0,0,0,215.93686358690616
7,30,1,1,0,0,246.02362181889436
7,31,1,1,0,5,247.13471214671898
7,32,0,1,0,3,229.5226079900468
7,35,0,1,1,7,256.84071969047756
7,40,1,1,0,0,243.38694630482328
7,42,1,1,0,0,244.2826283510547
7,45,1,1,0,7,245.41298694803908
7,49,0,0,0,6,218.82882914001354
7,50,0,1,0,1,228.17886980205253
7,51,0,1,1,2,245.46910215940898
7,53,1,0,1,3,246.16637927777188
7,55,0,1,0,0,229.33304084431444
7,56,0,1,0,4,229.58336010548632
7,58,0,0,1,5,230.53311999225315
7,59,1,0,0,7,230.83844781031013
7,0,0,1,0,0,228.9074516336606
7,16,1,0,0,4,230.91508713793428
7,19,0,0,0,0,219.33936780772987
7,24,0,1,0,0,230.52584425957724
7,26,1,0,0,7,244.03626399569131
7,28,1,0,0,6,231.34737047528668
7,37,0,1,0,1,230.37549682105475
7,40,1,1,0,1,246.36216981265014
7,42,0,1,1,1,242.89028881818794
7,43,0,1,0,7,248.28663539115425
7,45,0,0,1,6,232.59948997750493
7,46,0,0,1,4,232.81005978254046
7,47,1,0,1,4,243.27885244927273
7,48,0,0,1,7,240.23954897252946
7,50,0,1,1,0,243.8932982226803
7,52,0,1,1,0,244.950375203313
7,53,0,1,1,4,249.69388979481437
7,54,0,1,1,1,247.85919916572124
7,56,0,1,0,3,229.30810774635265
7,59,0,0,0,2,217.06754885073036
7,1,0,0,0,0,213.70917302058285
7,6,1,0,0,0,228.94309095694
7,16,1,0,0,1,232.56513347791486
7,17,1,0,1,3,249.63187426226818
7,26,0,0,1,6,236.300671581536
7,27,0,0,1,6,229.98819299852013
7,28,0,0,1,6,230.50961243652176
7,29,0,1,1,3,244.01672033544156
7,32,0,1,1,4,243.06431330830844
7,33,0,1,1,1,243.44177152501396
7,34,0,1,0,3,235.82059742321061
7,38,1,1,0,5,247.17259234956344
7,43,0,1,0,6,235.28442352658308
7,45,0,1,0,5,233.27057545323953
7,46,0,1,0,5,230.92629187706342
7,48,1,1,0,4,247.26768593097728
7,53,0,1,0,6,231.35275666396282
7,55,1,0,0,3,233.5744393783635
7,56,1,0,1,1,245.08985506281317
7,57,1,0,0,4,230.2320054462943
7,59,0,0,1,5,232.98449855961343
7,1,1,0,0,0,229.01438732832563
7,4,1,0,0,5,229.32601373516113
7,13,1,1,0,0,246.188547464341
7,14,1,1,0,0,243.34465835559286
7,15,1,1,0,0,244.99403512196216
7,16,1,1,0,4,248.2884669915903
7,19,0,0,1,4,232.1387693531837
7,20,0,0,1,3,234.30717933301642
7,21,0,0,1,1,229.48333821958403
7,24,1,1,1,3,270.49735279365865
7,26,1,1,0,2,246.17233452508992
7,27,1,1,0,3,249.2322942440544
7,29,1,0,0,0,226.56771696429968
7,30,1,0,0,6,231.4993660435243
7,33,1,1,0,0,245.3436833560637
7,36,1,0,1,0,241.3231771914014
7,37,1,0,1,3,242.03679444680225
7,38,1,1,0,2,243.42937705850073
7,39,1,1,0,7,248.48713313918816
7,40,1,0,0,6,229.08668779954758
7,48,0,1,0,3,229.5396364960655
7,49,0,1,0,5,229.98792966515575
7,50,0,1,0,5,229.87149563090352
7,52,0,0,1,1,230.38335060673168
7,53,0,0,0,4,215.69287298073132
7,59,0,1,0,4,230.03514920972407
7,1,1,1,0,5,244.56493784061595
7,4,0,0,1,0,229.15678153531837
7,5,0,0,1,5,230.95668868444005
7,12,0,0,0,4,215.76417830388027
7,14,0,0,0,0,215.75232077315488
7,15,0,0,0,3,220.30331147949076
7,17,1,0,0,3,237.5062562723747
7,19,1,0,0,1,231.41371216071212
7,20,1,0,0,1,232.4965286763096
7,21,1,0,0,4,232.4650242980121
7,37,1,0,0,0,227.04755156852923
7,41,1,0,1,2,246.6793228421932
7,42,1,0,1,6,252.09119655997378
7,44,0,0,1,0,229.9240299420583
7,46,0,0,1,7,243.24828325781377
7,50,1,0,0,5,233.9187560182516
7,3,1,0,0,1,230.15850457420035
7,6,1,0,0,6,242.51484291794526
7,10,1,1,1,7,265.50132718519967
7,23,0,1,0,7,242.4478105087595
7,24,0,1,0,3,230.9739544027807
7,35,0,0,1,5,228.34808917655442
7,38,0,0,0,6,218.3219259808809
7,41,1,0,1,7,257.11559595499097
7,52,0,0,1,2,228.5466079602518
7,53,0,0,1,6,232.2173490585507
7,59,1,0,0,0,228.29333550662093
7,2,1,0,0,5,233.69984581851406
7,3,0,0,1,6,245.42177444704387
7,4,0,1,1,7,256.68977637462154
7,9,0,0,1,0,230.6359483032556
7,12,1,0,1,2,248.945628575618
7,16,0,1,0,2,230.4683587199951
7,19,0,1,1,6,248.420623985982
7,21,1,0,1,1,243.69541526065495
7,22,1,0,0,1,230.7128543148092
7,28,0,1,1,6,247.30332346763785
7,30,0,0,1,0,230.00702547760255
7,32,0,1,1,7,252.8034652897531
7,35,1,1,0,5,245.79781098152318
7,36,1,1,1,2,257.89754728561957
7,37,1,1,1,0,258.0996998867795
7,38,1,1,1,4,258.33806856422376
7,40,0,1,1,6,244.12072336733337
7,41,0,0,1,0,227.72836052971797
7,42,0,0,1,4,229.86832425082858
7,43,0,0,1,2,231.8377301639696
7,44,0,0,1,1,228.61294119065445
7,49,0,0,1,3,230.94448785502547
7,52,1,0,0,1,230.7988113814806
7,53,1,0,1,7,261.9408797472509
7,55,1,0,0,4,233.5978894386107
7,0,1,0,0,7,242.8558075761602
7,2,0,1,0,0,227.38868726502534
7,5,0,1,0,4,230.06982845970032
7,9,0,1,1,0,247.23717229771847
7,12,0,0,1,4,230.60092413523128
7,13,1,0,1,4,245.09008823783506
7,14,1,0,1,1,251.35548922770948
7,15,1,0,0,3,231.74778384441956
7,16,1,0,0,5,234.08114625976444
7,18,0,0,0,3,219.33412057763343
7,19,0,0,0,4,219.67745970810395
7,21,0,0,1,6,231.81005480166834
7,22,0,1,1,5,244.55148033735102
7,23,0,1,0,0,229.25277471426278
7,24,0,1,0,4,232.86716553328378
7,26,0,1,0,7,247.0226243542523
7,28,0,0,0,5,217.7578263751859
7,30,1,0,0,2,229.2158902898891
7,32,1,1,0,1,246.03692170935665
7,40,1,0,0,4,229.65575701426664
7,48,1,0,1,3,243.94140865596214
7,49,1,1,1,4,263.2923299599013
7,50,0,1,1,5,245.97434708624382
7,1,0,0,1,6,231.02143706525675
7,4,1,0,1,7,255.59782781609928
7,5,1,1,0,4,244.92546696164814
7,6,0,1,0,2,228.78334709328323
7,13,0,0,1,0,229.38088614285252
7,14,0,0,1,1,234.1116204078595
7,15,0,0,1,4,232.42366409453587
7,16,1,0,1,2,247.52333402573873
7,17,1,0,1,4,246.2849288849653
7,18,0,0,1,0,230.26635572364458
7,20,0,0,1,7,246.04148089500111
7,21,0,0,1,3,231.81331676369925
7,23,0,0,0,5,218.49393533027532
7,25,0,0,0,2,217.56860139838557
7,27,0,0,1,5,230.2640502388481
7,36,1,1,0,3,246.76775995578288
7,40,1,0,1,6,252.94071055557023
7,41,1,1,1,7,263.1307260653765
7,49,1,1,0,5,244.9559515592365
7,58,0,1,1,6,245.47510183286278
7,59,0,0,1,3,234.18357527094378
7,3,0,0,0,6,215.4723797852939
7,4,0,1,0,3,232.14696739047372
7,5,0,1,1,5,247.82049305561742
7,6,0,1,1,2,247.43149553743288
7,15,0,1,1,6,251.06197971890668
7,16,1,1,1,0,253.7132586822238
7,17,1,1,1,2,260.34833658050724
7,18,1,0,1,7,245.39313563931188
7,24,0,0,1,0,230.17964448974143
7,29,0,0,0,2,215.36058288357665
7,36,0,1,0,7,245.28453105275094
7,37,1,0,0,5,231.52485987778883
7,42,1,0,0,2,229.15781333363952
7,47,0,1,0,6,238.88528051780182
7,53,1,1,0,6,252.11912470980954
7,58,1,1,0,1,245.87300871379685
7,59,1,1,1,2,266.78383619772325
7,0,1,0,1,4,244.8489294438099
7,1,1,0,1,0,245.3182670928749
7,2,1,0,1,4,246.71759396259125
7,3,0,0,1,4,230.57273509628945
7,6,1,0,0,3,230.67603461190916
7,7,1,1,0,5,246.77671517428868
7,10,0,1,1,0,241.05607899616342
7,11,0,1,1,1,246.09907003577112
7,13,0,1,0,0,230.72477215303047
7,14,0,1,0,7,242.50899639454283
7,17,1,1,1,5,261.6854858311454
7,22,1,1,0,3,244.2821836159899
7,28,0,0,0,1,215.6997031114644
7,30,0,0,1,6,230.94083999717094
7,31,1,0,1,0,245.6932921607202
7,32,1,0,1,0,246.27769430619807
7,33,1,0,1,6,245.3277193136114
7,34,0,0,1,5,230.93138533425696
7,38,0,0,0,7,219.3510453328813
7,39,1,0,1,6,245.07895654917075
7,40,0,0,1,6,229.7599843599283
7,42,0,0,1,1,229.17912321240732
7,46,0,1,0,1,230.54306881158482
7,47,0,1,1,5,245.6750417475702
7,52,1,1,0,0,246.66836481143113
7,53,1,1,0,3,248.0537021703638
7,54,1,0,0,0,230.34669402564361
7,57,0,0,0,1,214.44179264191584
7,0,0,0,0,4,217.18518302808613
7,5,1,0,0,2,229.3469029383842
7,8,0,1,1,5,247.95773630014537
7,20,1,0,0,3,233.85359730281544
7,21,1,1,0,7,260.9463520642099
7,22,0,0,0,1,216.79533645782968
7,31,1,0,0,0,228.30260140007752
7,32,1,0,0,5,231.04646023624704
7,33,0,0,1,5,227.66798990017222
7,34,0,0,1,0,225.49914820861366
7,35,0,0,1,3,228.66730896614735
7,39,1,0,1,4,245.48599819308993
7,40,0,0,1,7,245.12532932618163
7,42,0,0,0,2,214.619003800006
7,45,1,0,0,0,229.3484177034416
7,50,1,0,0,6,231.47497400963147
7,55,1,1,0,2,245.10467261081138
7,4,0,1,1,4,242.48269714699038
7,7,1,0,0,7,242.7712269416441
7,10,0,0,0,0,215.58241818350362
7,15,1,1,0,3,245.16309882980113
7,19,1,1,0,1,246.73597667802562
7,27,1,0,0,1,232.83718630391905
7,29,1,0,0,6,228.10314059326632
7,30,1,0,0,3,235.37147251236436
7,31,1,0,0,6,229.90925689062684
7,39,1,1,0,6,255.29780570630774
7,49,1,1,0,3,246.89957829079003
7,54,0,0,0,7,230.23238539860208
7,56,0,0,1,1,228.04144102564698
7,57,0,0,1,7,237.63965729886235
7,3,0,1,0,2,229.84555686245196
7,13,1,1,0,4,246.41176480894245
7,14,0,1,0,4,232.227917726968
7,15,0,1,0,7,246.99911815534978
7,17,1,1,1,0,259.1527654853277
7,18,1,1,1,4,260.61186984402366
7,19,1,1,1,2,265.05335113334434
7,20,1,1,1,2,265.4203493250878
7,21,1,0,1,2,252.23329422712052
7,23,1,0,0,1,231.60866276559233
7,24,1,0,1,4,246.96399081711698
7,29,0,0,1,7,230.92694459145122
7,40,0,1,0,0,228.9631198111236
7,44,0,1,1,2,245.5854296480547
7,45,0,1,1,0,243.79154034086125
7,46,0,1,1,7,261.09547810323136
7,47,1,1,0,4,246.40221285569723
7,57,0,1,0,5,232.8672179843547
7,4,1,0,0,6,230.91808577263907
7,6,1,0,0,7,230.55773909079622
7,8,0,1,0,2,228.78054582414575
7,14,1,1,0,6,249.2712387722952
7,24,0,0,0,0,213.9574586848609
7,31,1,1,0,6,248.69646216184714
7,37,0,0,1,5,228.64569426544423
7,39,0,1,0,1,230.49756241368266
7,40,0,1,1,3,244.81462672043926
7,43,0,0,0,7,229.43689576934779
7,49,1,0,0,0,229.83839126420813
7,53,0,0,1,5,230.8578961540066
7,54,1,0,1,6,248.45595250955412
7,55,0,0,1,3,233.83295315899522
7,57,1,1,0,2,249.38503270221716
7,58,1,1,0,5,246.82784190072545
7,0,0,0,1,4,229.39098139829102
7,7,0,0,1,6,233.03346762362332
7,9,1,0,1,5,246.49450235288566
7,15,0,0,1,1,231.6761801497177
7,16,0,0,0,5,216.65530307740306
7,21,0,1,1,0,241.20488617047386
7,27,1,0,0,0,232.6437876164131
7,32,0,0,0,0,213.15368440693342
7,36,0,1,0,1,229.1374311190492
7,45,0,0,0,6,217.5364121414614
7,49,1,1,0,7,249.63807586914425
7,57,0,0,1,0,228.11172893227794
7,58,0,0,1,3,231.1633647898539
7,12,1,0,1,0,244.89870318268237
7,13,1,0,1,3,250.50897564951788
7,14,1,0,0,0,231.50726797816404
7,19,0,1,0,1,232.57024375445428
7,22,1,1,0,0,243.5212277495698
7,23,1,1,0,2,244.98307632161124
7,31,1,1,0,2,246.98937555464303
7,44,1,0,0,4,229.91931087447836
7,45,1,0,0,2,232.03407885058994
7,47,0,1,1,4,245.1358853085337
7,48,1,1,1,5,259.1699731725153
7,5,0,0,1,1,230.87207870060965
7,12,1,1,0,3,248.63349060849927
7,13,1,0,0,6,234.88649050236614
7,17,1,1,0,6,252.12248243321176
7,20,1,1,0,6,247.80927458598234
7,24,1,1,0,3,245.42044751991787
7,39,0,0,0,4,214.23281518284804
7,41,1,0,0,5,227.2950579977068
7,50,1,0,1,7,245.1973445140102
7,53,0,1,0,4,231.8237809620019
7,1,0,1,1,6,245.6982322588918
7,2,1,0,1,6,246.96926204751887
7,4,1,0,1,3,245.6325139652776
7,5,1,0,0,4,230.0583932594724
7,6,1,0,0,4,229.7367419311781
7,8,1,0,1,0,242.95826085853793
7,10,0,0,1,2,232.01523171132337
7,12,1,1,0,7,261.1470511599036
7,14,0,0,1,3,234.67508120686932
7,21,0,0,1,7,242.54832565299375
7,22,0,1,1,2,245.93366679288562
7,23,0,1,1,6,250.19303157589295
7,24,0,0,1,1,233.0975997412536
7,35,1,0,1,5,247.39204148242175
7,46,1,0,0,4,231.9089538647649
7,47,1,0,0,5,231.9658906631148
7,55,1,1,0,0,246.07596154956852
7,57,1,0,0,5,229.9145296530886
7,2,0,1,1,4,244.88312377139312
7,3,1,1,1,4,260.0286535684662
7,7,0,0,1,4,232.8501989500933
7,10,0,0,1,1,232.45089049461623
7,19,1,1,1,6,267.9720217648106
7,30,1,1,0,4,246.62823782716956
7,39,0,0,1,5,231.79926748109338
7,40,1,0,0,3,229.51633067637255
7,41,1,0,0,0,224.09081522716176
7,43,1,0,0,3,232.4009615309361
7,46,1,0,0,1,230.0489724736026
7,47,1,0,0,7,230.3618898044615
7,49,1,0,1,0,242.35890576342797
7,54,0,0,1,4,234.45185920978162
7,55,0,0,1,2,232.51439925165283
7,57,1,0,0,6,240.61805759121717
7,58,0,0,0,5,217.24193110544198
10,0,0,0,1,6,241.07147525666755
9,56,1,1,1,0,257.26532718155283
9,18,1,1,1,4,264.3611764932353
9,19,1,1,1,2,262.72761262206916
9,57,1,0,1,4,245.48193061084186
9,59,1,1,0,4,245.22071030897357
9,2,0,0,1,4,231.83771295840543
9,4,1,0,1,1,249.3772842646398
9,28,0,1,1,6,246.55778929235652
9,47,0,1,1,3,244.93094742867623
9,33,1,0,1,1,241.93956661422283
9,30,1,0,1,2,242.06713337509592
9,47,1,0,1,6,246.69567226733696
9,49,0,0,1,0,228.54878449412226
9,23,0,1,1,1,245.52585470288884
9,28,0,0,1,2,230.90136070705375
9,47,1,0,0,2,230.3782482030935
9,33,0,1,1,5,244.40691017329885
9,34,0,1,1,3,245.01316839852547
9,59,1,0,1,4,247.18489269110015
9,17,1,1,1,3,260.4884049390933
9,22,1,0,1,2,244.096121263544
9,23,1,1,1,4,258.13665351122046
9,24,0,1,1,7,260.8644033898054
9,25,1,1,1,4,257.52406872389344
9,26,0,1,1,2,245.02007672350197
9,31,1,0,1,3,245.13074291560238
9,43,1,1,0,4,248.96685876068423
9,45,0,1,1,1,244.49800722347618
9,5,1,0,1,5,249.62522727310196
9,9,1,0,1,2,244.5589234033687
9,42,1,0,1,0,243.91920128402253
9,43,1,0,1,2,247.94967939242477
9,26,1,1,1,1,257.72351595176985
9,39,1,1,0,1,245.68860628750895
9,40,1,1,1,7,275.21579645621824
9,34,0,0,1,1,231.49869825816776
9,46,0,1,1,6,258.8293481549784
9,41,1,0,1,6,248.09185412211812
9,43,1,0,1,5,247.07682803730933
9,22,1,1,0,3,249.36068004317352
9,55,0,1,1,6,243.84436858241062
9,53,1,1,0,6,245.05083379604076
9,8,1,0,1,2,249.15297104888342
9,10,1,0,1,7,265.8564766924008
9,19,1,1,1,0,261.1017423909499
9,46,1,0,1,2,247.77198594162365
9,47,1,0,1,1,246.00453552600533
9,57,1,1,1,1,259.428288671107
9,24,1,0,1,3,244.18477254233918
9,14,1,1,1,5,260.0555002231186
9,17,0,1,1,2,246.5631083906423
9,1,1,1,1,3,261.2527608878815
9,9,1,1,0,1,243.3375571286229
9,52,0,1,1,3,242.34432199948571
9,7,0,1,1,4,244.70505478382063
9,36,1,1,1,6,261.26752847111743
9,37,0,1,1,5,239.75120363759632
9,4,1,0,1,2,252.218001885009
9,5,1,1,1,5,267.92017232770576
9,44,0,1,1,6,244.76896418759233
9,45,1,1,1,3,261.5979399345462
9,58,1,1,1,3,260.2585945351015
9,1,1,0,1,6,259.4092659757998
9,19,0,1,1,6,246.669887778414
9,21,1,1,1,3,263.3621407758838
9,22,1,0,1,0,243.21237130928125
9,23,1,0,1,0,240.2516796635622
9,31,1,1,1,5,265.5040182502414
9,32,1,1,1,1,259.3774872799071
9,55,1,1,1,4,260.2418805296571
9,7,1,0,1,1,251.1155031320468
9,49,1,0,1,3,255.17262240023626
9,24,1,0,1,5,243.27437649562336
9,23,1,0,1,5,241.60956446619628
9,40,0,0,1,5,230.05924370109307
9,20,1,0,1,3,247.78427513260553
9,3,0,0,1,0,232.35911119825312
9,44,1,1,1,0,261.28631867071783
9,1,0,1,1,0,243.75623686368098
9,27,0,1,1,5,248.08451739135134
9,36,0,1,1,6,242.7079760344788
9,37,1,1,1,6,273.29398273276433
9,51,0,1,1,5,246.07438780098718
9,58,1,1,1,1,258.93404268994095
9,12,1,1,1,5,269.5847137239216
9,21,1,0,1,1,245.9704040718029
9,24,1,0,1,1,251.1020337501695
9,27,1,1,1,7,275.31103476373886
9,42,1,0,1,7,242.46825889500764
9,5,0,0,1,3,236.155139053489
9,14,1,1,1,6,259.45439300228924
9,3,1,1,1,2,266.1736962788701
9,54,1,1,0,2,245.65993313314596
9,9,1,1,1,4,260.0084270341632
9,7,1,1,1,5,266.5293716794958
9,32,0,1,1,7,258.3114605876688
9,43,0,0,1,0,228.24873637459024
9,0,0,1,1,4,246.2363420403857
9,47,1,1,1,4,258.07951735383295
9,40,0,0,1,6,228.17643186471508
9,43,0,1,1,0,242.05892792104487
9,59,1,0,1,6,249.12727708413288
9,1,1,1,0,4,247.43599993499322
9,7,1,1,1,6,268.2521685047022
9,8,1,0,1,6,248.74576042386147
9,20,0,1,1,4,247.0389779559046
9,22,0,1,1,4,247.28655276157212
9,24,0,1,1,3,246.9055451034709
9,34,1,1,1,1,258.0453471560871
9,26,1,0,1,5,256.968908202749
9,27,0,0,1,6,232.2679453242824
9,39,0,1,1,7,244.4809736464627
9,41,1,1,0,0,241.36423097706373
9,16,1,0,1,1,248.54275054149304
9,20,0,1,1,2,249.59725593333025
9,22,1,1,1,0,254.20621853869443
9,23,1,1,1,2,259.00931579406523
9,24,1,1,1,7,275.66043051833964
9,35,0,1,1,4,242.8198920140303
9,47,1,0,1,5,246.8236740566608
9,52,0,0,1,0,228.6196591890235
9,55,1,0,1,6,241.49078056599095
9,16,1,0,1,7,263.26744587312754
9,22,0,1,1,5,249.02856357344922
9,30,0,1,1,7,259.44713994341845
9,38,0,1,1,0,241.19679774666372
9,40,0,1,1,1,243.93335099299597
9,46,0,0,1,6,233.70750722798743
9,54,0,1,1,5,244.7679357413336
9,1,1,1,1,5,260.4738116456041
9,53,1,0,1,1,241.95585618997916
9,18,1,1,1,1,260.23717652900393
9,28,1,1,0,3,252.9763964876447
9,29,1,1,1,1,258.7956270898081
9,26,0,1,1,6,247.129210521073
9,38,0,1,1,6,244.30040332639203
9,2,1,0,1,5,246.6755330799572
9,13,1,0,1,2,247.10013054811495
9,15,1,0,1,3,251.35115251883144
9,16,1,1,1,3,261.4342800021706
9,25,1,1,0,4,244.087153503108
9,53,1,1,0,0,243.70801916633985
9,39,0,1,1,5,249.67605731606594
9,11,1,1,1,0,256.62446470337903
9,23,1,1,1,1,258.30230595100613
9,24,1,1,1,6,260.7235190806541
9,26,1,1,1,3,259.96311998515387
9,25,0,1,1,6,246.56047582899458
9,26,1,1,1,4,258.735477041367
9,39,0,1,1,2,244.1819110921623
9,44,1,0,1,1,249.40310450163807
9,8,1,0,0,7,237.5507386127526
9,41,1,0,1,7,261.81024953541686
9,31,1,1,1,1,264.5249989863805
9,1,0,1,1,1,246.80080084189706
9,2,0,1,1,3,250.15388799809554
9,27,1,0,1,4,246.13949786546806
9,36,0,1,1,3,247.6128006288952
9,46,1,1,1,3,260.71740499279514
9,49,1,0,1,4,244.070411637666
9,51,1,0,1,0,242.82961376291354
9,4,1,0,1,6,257.629134054665
9,14,1,0,1,0,247.4227102499971
9,19,1,0,1,4,245.10024442994498
9,34,1,1,1,3,273.11879319487474
9,38,1,0,1,6,248.00199074010789
9,54,1,0,1,3,245.30872305096696
9,17,1,0,1,2,246.0104308771917
9,18,1,1,1,2,269.0311842362017
9,24,0,1,1,0,242.76536987155404
9,44,1,0,1,6,256.6701495161566
9,45,1,0,1,0,244.37944986785044
9,46,1,0,1,3,248.44787174025774
9,0,1,0,1,3,246.10963095887476
9,29,1,0,1,2,246.87411996886544
9,35,1,1,1,5,262.61287585453005
9,42,1,1,0,6,247.60991758895196
9,45,1,1,1,6,262.4308714341381
9,46,0,0,1,7,249.29274322407244
9,10,1,0,1,4,249.3816851543594
9,5,1,0,1,7,268.57481178688187
9,59,0,1,1,4,246.7832568512368
9,7,1,0,1,3,249.64804429544913
9,53,1,1,0,7,258.20533491831213
9,58,1,1,0,0,243.19900464812176
9,6,1,0,1,1,249.87964167047338
9,13,1,1,1,0,255.24989873921115
9,14,1,1,1,4,258.3570299213398
9,44,0,1,1,3,245.64912076512016
9,21,1,1,1,2,264.4901809027722
9,28,1,1,1,0,255.67946683310913
9,29,1,1,1,7,260.1585787164706
9,30,0,1,1,5,248.04554642339266
9,55,1,1,0,2,246.26015915711392
8,21,1,1,0,3,254.7532055502479
8,42,0,0,1,7,244.32450673672722
8,58,1,1,1,2,265.78894914631394
8,30,1,1,0,5,249.64352212127912
8,40,1,0,1,1,244.50514338373176
8,48,1,0,1,1,241.75847140293115
8,49,1,1,1,4,260.9787204362063
8,50,1,1,1,1,261.20778958136526
8,58,1,0,1,3,243.57301904138183
8,22,0,0,1,1,236.99370235539948
8,35,1,1,1,5,262.3362439404506
8,41,1,0,1,7,262.9177396961727
8,51,1,0,0,0,229.82151871413996
8,56,1,1,1,1,262.86175085783253
8,33,1,0,0,2,231.26016593143038
8,59,1,0,1,0,241.25688263372186
8,38,1,0,1,1,244.89081956111983
8,30,0,0,1,0,232.0025004528487
8,56,1,1,1,7,275.24191093557675
8,58,0,1,1,3,248.7945069163664
8,36,1,1,0,6,246.43340049052063
8,57,0,0,1,7,244.1776924917435
8,28,1,0,1,1,250.70263169942785
8,29,1,0,1,1,251.63646527754995
8,37,1,1,1,4,259.17644676303354
8,45,0,1,1,1,242.21807862896605
8,49,0,1,1,5,244.51072472966786
8,59,1,0,1,6,255.76051421745717
8,29,0,1,1,4,248.60412082844448
8,41,1,1,1,0,261.42460977288306
8,27,1,0,1,6,253.06722618332486
8,0,0,0,1,0,229.95031414994165
8,17,1,1,0,6,254.19508928483415
8,14,0,1,1,7,262.4608404108654
8,40,0,1,1,6,259.20139838083617
8,46,1,0,1,3,246.7084230810903
8,50,1,0,1,0,245.9580768867381
8,51,1,0,1,1,247.93226272876748
8,17,1,1,1,6,269.9134651742447
8,45,1,1,1,6,261.67839098428465
8,46,1,1,1,4,259.5342657227384
8,0,1,1,1,1,263.4679414850308
8,9,1,1,1,0,261.28923024819414
8,10,0,1,1,3,262.42929482941065
8,16,1,1,0,3,248.83124036172495
8,45,0,1,1,4,243.88966802673144
8,46,0,1,1,2,244.85074872999374
8,12,1,1,1,7,266.17491308205
8,35,1,0,1,6,248.7577960017623
8,58,1,1,0,2,247.4623322610591
8,0,1,0,1,3,245.5165968930276
8,6,0,1,1,3,252.4207115126713
8,8,1,0,1,2,253.56762564077079
8,9,1,0,1,1,246.00647606619162
8,51,0,0,1,1,232.67625804341907
8,15,0,1,1,3,252.53278387418865
8,19,1,0,0,3,236.1608210424245
8,38,0,1,1,6,246.80488916746623
8,49,1,0,1,3,248.6708153587953
8,56,0,0,1,4,227.47992497268427
8,6,0,1,1,1,251.82758828646672
8,23,0,1,1,3,253.32451454459576
8,54,1,1,1,0,257.1591488642701
8,56,1,1,1,4,262.5209144386167
8,13,1,0,0,1,236.897709170654
8,23,1,0,1,6,250.5283405555807
8,32,1,1,0,2,250.985255211485
8,33,1,1,0,7,263.3005389736804
8,36,1,0,1,4,247.88071922988317
8,45,1,0,1,4,247.04856497513916
8,47,0,0,1,7,234.26116144887834
8,37,0,0,1,6,230.0774012116663
8,11,1,1,0,5,250.79632643213182
8,21,1,0,1,0,245.98617711320452
8,34,0,0,1,6,239.41775119944748
8,36,1,0,1,0,241.03020669363906
8,37,1,0,1,3,244.2677429764542
8,3,0,0,1,4,232.52028812759468
8,15,0,1,1,5,247.00212037818412
8,2,0,1,1,0,246.43615451479343
8,8,0,1,1,4,252.71426707652375
8,26,1,1,1,5,262.329441726879
8,32,0,1,1,2,251.06396950419668
8,44,1,1,1,5,261.2770887670998
8,7,1,1,0,3,252.0245217830318
8,1,1,1,1,1,266.4251577445645
8,39,1,0,1,1,242.78752873185226
8,45,0,1,1,3,246.5333419998953
8,58,1,0,0,3,231.60889394089466
8,0,1,0,1,2,243.21871257259073
8,7,0,1,1,7,263.9974181337244
8,44,1,0,1,4,246.84197186834703
8,48,1,1,1,7,269.62320167142343
8,2,0,0,1,4,232.95289200983152
8,25,1,0,1,2,252.3218967733943
8,43,1,1,1,6,267.7714728378581
8,13,1,1,1,6,268.0259774613786
8,17,1,1,1,4,266.97904698681225
8,18,1,1,1,0,264.53290671230025
8,50,1,1,1,0,257.6911819930333
8,51,1,1,1,3,258.69148026605933
8,56,0,0,1,7,248.14085128554515
8,22,1,1,1,7,274.2483854194287
8,10,1,1,1,4,261.90487881981926
8,56,1,0,1,6,249.81626503062432
8,57,1,1,1,1,257.7783453125715
8,3,1,1,1,2,265.4404298414692
8,17,1,0,0,6,238.06137818763426
8,29,1,1,0,6,253.30589853885976
8,56,0,1,1,5,247.025936047558
8,29,0,1,1,1,253.15021207386124
8,37,1,0,1,1,244.6843931696483
8,52,1,1,1,0,253.89301388232968
8,53,1,1,1,5,259.4175579326401
8,3,1,1,1,0,259.28991972639216
8,4,1,1,1,2,263.12193909174766
8,5,1,1,1,7,266.2918133769556
8,18,1,1,0,0,246.14131166354935
8,49,0,0,1,3,228.87978116053137
8,47,1,1,1,5,259.3480509040099
8,9,1,1,1,1,266.60497399754433
8,42,0,1,1,7,247.33102491020435
8,34,1,1,1,2,262.4781284524703
8,43,1,1,1,5,257.4039826478584
8,36,1,0,1,6,248.16662960325186
8,55,1,0,1,4,245.23420552319615
8,40,1,1,1,6,265.6133111170378
8,46,0,0,1,5,232.11313926922185
8,55,1,0,1,6,248.86497986194956
8,12,1,0,1,6,252.5393779492182
8,29,1,0,1,5,252.82366220275333
8,55,1,1,1,1,259.6129676157258
8,11,1,1,1,7,279.1190813979164
8,46,1,1,1,6,258.79148240661397
8,11,1,1,1,2,263.7503313708278
8,12,1,1,1,1,261.0755065231003
8,25,0,1,1,5,251.04012945665002
8,26,1,1,1,6,261.47854652917806
8,27,1,1,1,0,261.6732590666279
8,28,1,1,1,0,256.74397694920305
8,29,1,1,1,3,263.9066890827171
8,59,0,0,1,4,230.93186954614058
8,13,1,0,0,0,231.49612698116155
8,59,1,1,1,1,261.92858093373707
8,19,0,1,1,2,248.8187485141323
8,12,1,0,1,0,247.7488588298425
8,13,1,0,1,4,250.74741640190186
8,23,0,1,1,5,254.61424313782047
8,39,0,1,1,0,244.0256988873132
8,40,0,1,1,1,245.58174448836687
8,41,0,0,1,3,233.49524204242007
8,26,0,1,1,5,250.98111075467799
8,41,0,1,1,4,243.47456335662343
8,42,1,1,1,2,261.9860229801185
8,45,1,0,1,7,247.34090978146986
8,0,1,1,1,6,264.0849509798603
8,2,0,1,1,4,247.21400542694337
8,3,0,1,1,1,248.33421806356014
8,9,0,1,1,5,245.10573833805012
8,7,1,1,1,3,264.89013826668577
8,41,1,1,1,2,263.9312704073434
8,28,0,1,1,4,248.74802539535995
8,32,0,0,1,5,237.12277075308631
8,0,1,0,0,7,245.65557641440222
8,30,1,1,1,7,275.4186399730476
8,3,1,0,1,5,251.2289601665089
8,52,1,1,0,3,244.382030711495
8,6,0,1,1,7,268.3684009025013
8,7,1,0,1,6,254.91173158917513
8,51,1,0,1,5,249.49118540956155
8,34,1,0,1,6,252.2138620433818
8,37,1,0,1,4,242.97733076777558
8,9,1,0,1,3,245.7628514066197
8,42,1,1,0,4,248.89156084111798
8,26,0,1,1,3,251.66567821427725
8,21,0,0,1,4,236.1460399500834
8,52,1,1,0,7,261.26382041785655
8,8,0,1,1,0,244.07885264110612
8,25,0,0,1,6,236.57358405485851
8,26,1,0,1,6,249.26559216623644
8,28,1,1,1,7,277.77952412498007
8,28,1,0,1,2,249.01595400692392
8,51,1,0,1,7,259.6340100579951
8,12,0,1,1,6,260.9067760226249
8,30,1,1,1,5,263.9818743023567
8,49,0,1,1,2,244.4789500040334
8,55,0,1,1,5,251.57176082170787
8,56,0,1,1,0,244.31284114010825
8,59,1,1,1,2,260.74342968083505
7,29,0,0,1,5,230.58239673228726
7,32,0,0,0,3,213.04094625086273
7,33,0,0,0,5,212.69766973795544
7,35,0,1,0,1,228.2242116550482
7,39,1,0,0,7,229.73346206035848
7,40,1,0,0,1,228.93947144159316
7,43,1,0,1,5,247.07910086243808
7,47,0,0,0,6,215.5522772210097
7,48,1,0,0,5,228.54712812660196
7,1,0,1,0,1,228.9426202197286
7,5,1,0,1,6,246.25715876656324
7,6,1,0,1,7,260.266564833416
7,9,0,1,0,2,228.80688924176948
7,12,1,1,0,1,248.73360985563613
7,18,1,0,1,1,247.92936938226214
7,21,1,0,0,0,230.80680940450253
7,24,1,0,0,2,231.05956607843567
7,25,1,0,0,4,229.939800095444
7,30,0,0,1,7,242.01569259112375
7,31,1,1,1,2,260.50623952640547
7,32,1,0,1,6,247.73776863951173
7,6,1,1,1,2,263.3447237353071
7,7,1,0,1,7,264.2199603852587
7,8,1,1,1,5,259.69114884601095
7,9,1,1,0,1,247.0027658763325
7,10,1,1,0,6,249.5395524306633
7,15,1,1,0,1,245.11640918014848
7,17,1,1,0,1,249.9868457830367
7,18,1,1,0,5,249.88790073364893
7,20,0,0,1,4,232.09912257031368
7,22,0,0,1,1,231.56967808561657
7,25,1,1,0,1,248.91243674017733
7,26,1,1,1,3,276.38757753938086
7,27,1,1,0,7,258.1874415817847
7,34,1,0,1,7,257.09712131247966
7,35,1,1,0,0,244.1981480208326
7,42,1,0,0,0,229.02067013235083
7,43,1,0,0,6,241.85668299649285
7,45,0,0,1,1,232.94470786009848
7,47,0,1,0,1,229.8424238231686
7,50,0,0,1,4,229.71425480385483
7,51,0,0,1,6,232.06658376994258
7,52,0,1,1,1,245.93848713960543
7,54,0,1,0,6,233.04822517791396
7,57,1,0,0,7,229.98547662940067
7,58,1,1,0,6,247.5456693518721
7,2,1,0,0,0,230.6060637270467
7,5,0,1,1,0,245.71463892285533
7,15,1,0,0,4,230.8385034917179
7,17,0,0,0,7,230.94800777456828
7,19,0,1,1,7,247.26523860008407
7,21,0,0,0,2,217.4192189821116
7,34,0,0,0,1,215.37582291669838
7,43,1,1,0,4,246.41874472673302
7,48,1,0,1,7,254.64934789898496
7,56,0,1,0,6,232.39136813543212
7,5,0,1,1,7,259.062604164771
7,13,0,0,1,1,230.73020130972614
7,30,0,1,0,7,242.39888725495757
7,42,1,1,1,3,265.80380608211385
7,43,1,1,0,7,262.38676918346704
7,48,0,1,1,3,247.7160790832656
7,55,1,1,1,3,261.18110507874326
7,58,0,1,1,0,243.85032366645376
7,59,0,1,1,3,244.98589661776123
7,1,1,0,0,4,229.42673007929227
7,5,0,1,1,6,248.07974719595967
7,7,1,0,0,2,231.73451700610397
7,8,1,1,0,7,245.97902698423417
7,12,1,0,0,4,233.65824316607072
7,20,0,0,1,1,233.24525915514138
7,21,0,0,1,0,229.40854129970458
7,23,0,1,1,0,242.95452026762823
7,24,0,1,1,1,244.02528993364714
7,25,0,1,1,0,245.19477253886933
7,26,0,1,1,5,246.109095077955
7,38,1,1,0,0,243.63200510406733
7,41,0,0,1,1,230.6161709891517
7,43,0,1,0,4,235.44179147185378
7,49,1,0,0,2,232.2481448956268
7,59,0,0,0,5,216.71578643647194
7,5,1,0,0,0,228.28881124881102
7,7,1,0,0,4,232.1783043991131
7,14,1,0,0,4,231.1143996049155
7,20,1,0,0,0,230.3481994227534
7,22,1,0,0,2,230.76776115708273
7,23,1,0,0,6,233.1708473408321
7,32,0,0,1,5,240.53838464077822
7,43,0,1,1,0,243.9238594051423
7,44,0,1,1,3,248.3947450883125
7,49,1,0,1,5,243.52694997228807
7,9,1,1,0,6,246.97320389901918
7,11,1,1,1,4,261.82112637958517
7,13,0,1,0,5,231.80320133365814
7,16,0,1,1,5,247.30044959430165
7,21,0,0,0,5,216.08699564253337
7,27,1,0,0,4,233.61960897312431
7,31,0,1,1,6,249.00369847119424
7,32,0,0,1,4,230.8632515814232
7,33,0,0,1,7,241.1672511876468
7,39,0,0,1,7,246.19246507508618
7,47,0,1,0,5,230.77867062548685
7,52,0,0,1,3,230.74042925696642
7,53,0,1,1,0,246.85096711683843
7,10,0,1,0,4,229.66580136867216
7,12,0,1,0,7,248.91075813653012
7,15,1,1,0,7,245.19345790922023
7,32,0,0,1,6,231.78398599093651
7,33,0,1,1,6,250.05824485069607
7,34,1,1,1,7,271.04802038286766
7,35,1,0,1,7,258.7459624365167
7,39,1,1,0,4,244.12722121022216
7,40,0,1,0,4,233.03466988301392
7,48,1,1,0,0,244.42843793231276
7,51,1,0,0,5,232.04263129120275
7,54,0,1,1,5,249.84258710631224
7,56,1,0,0,5,229.6552518618904
7,59,0,0,0,3,215.9262554261574
7,0,0,1,1,5,247.75607298930774
7,9,1,0,0,0,229.52172940542005
7,15,0,0,1,5,234.97860783245673
7,17,0,1,0,5,233.89192288534653
7,18,0,1,1,0,243.27701074947592
7,27,1,1,1,0,258.0628511137018
7,28,1,1,1,7,272.7118329036197
7,29,1,0,0,4,228.84432802979572
7,31,0,0,1,0,229.40169755709465
7,32,0,0,1,1,231.0934258456557
7,33,0,0,0,1,213.35686217368087
7,34,0,0,1,7,242.80951303709722
7,37,0,0,1,7,238.03227621544443
7,38,1,0,0,5,229.33505830245792
7,39,0,0,1,2,230.73347695560136
7,41,0,0,1,2,229.2924754597608
7,42,0,0,1,7,242.40773922882218
7,58,1,1,0,2,245.13250439746298
7,1,0,0,0,7,229.74864073003738
7,6,0,0,1,6,231.02178896392684
7,13,1,0,0,0,229.80727142360857
7,23,1,0,0,4,232.8877994424973
7,30,1,1,0,7,257.1327505911885
7,34,1,1,0,4,248.28668390094424
7,43,1,0,0,0,228.92009493911158
7,44,1,0,0,5,229.01016943905282
7,47,0,0,0,7,233.34524416451384
7,53,0,0,0,6,215.75492627853035
7,55,1,1,1,7,263.24745100725465
7,56,0,0,1,6,232.42993164626182
7,58,1,1,1,2,260.4017056717561
7,59,1,0,1,1,245.9436585447312
7,2,1,1,0,3,248.03694791617434
7,3,1,0,1,3,245.0303565007825
7,4,1,0,0,2,229.71851297815977
7,5,1,1,0,6,247.83033296105353
7,9,1,1,0,7,257.5762099556533
7,11,0,0,0,4,214.26958429600575
7,13,1,0,0,3,232.59714047370053
7,14,1,0,1,0,244.2480097937553
7,15,1,0,1,7,258.1799741653545
7,19,1,0,0,4,233.94581365056706
7,27,0,1,1,3,250.67861322099307
7,29,0,1,1,4,244.51595494994402
7,30,0,1,1,4,245.34309558163216
7,32,1,1,1,7,259.51994988600484
7,35,0,0,1,7,230.61356565591083
7,44,0,0,1,3,231.13309219463648
7,59,0,0,0,0,215.35197491697522
7,7,0,1,0,7,248.00327155564648
7,26,0,0,1,5,233.75937481839406
7,37,1,0,0,6,229.55800041407116
7,38,1,0,0,3,228.74537818541623
7,55,1,0,0,7,244.16683121776822
7,58,1,1,1,6,264.980117373709
7,9,1,0,0,5,232.23862584292812
7,10,1,0,0,0,228.9027082162592
7,11,1,0,0,6,231.00083304108145
7,21,1,1,0,1,244.0181446013732
7,23,1,1,0,3,245.62621555804697
7,28,1,1,0,4,247.85898229225108
7,29,1,1,0,0,243.9302762793579
7,30,1,1,0,3,246.65846026343542
7,31,1,0,1,5,247.00335747900198
7,35,1,0,0,2,229.99862111183876
7,36,1,1,0,6,247.23218700205678
7,44,0,0,0,6,215.46292456671668
7,46,1,0,0,5,230.48356786108525
7,51,1,0,1,3,247.00967861413912
7,57,0,1,1,3,248.31513502220918
7,7,0,1,1,6,245.0247550602611
7,8,0,0,1,6,232.97095396582523
7,9,0,0,1,7,244.89486262589796
7,11,1,1,0,3,249.03341649488243
7,22,0,0,1,4,231.1288427274481
7,23,0,0,1,7,241.4755552763429
7,28,1,0,1,7,257.7281843377207
7,41,1,1,0,0,243.44348537941383
7,42,1,1,0,7,244.6897972170454
7,43,1,1,0,6,246.03583000555906
7,49,0,1,0,0,228.84466817066456
7,59,1,1,0,4,244.137600487118
7,9,1,1,0,3,247.97922174064058
7,10,1,1,0,3,247.92347585982483
7,11,1,1,0,2,248.52192861944357
7,12,1,1,0,4,248.30423124326842
7,19,1,1,0,7,259.7672070584382
7,21,0,0,0,1,218.94335088337644
7,29,1,0,0,5,228.85477422506142
7,30,1,0,0,5,228.01546749410932
7,32,1,0,1,3,247.93347196400492
7,33,1,0,0,2,231.25770766454352
7,40,1,0,0,0,226.21299766269937
7,42,1,0,0,3,230.2858860834792
7,45,1,0,0,4,230.83116222984927
7,51,1,0,1,0,243.49871202848658
7,52,1,0,1,1,245.9478836878529
7,53,1,0,1,5,247.19159143914084
7,58,0,0,0,4,215.87556485623918
7,6,1,1,0,7,255.65550957789412
7,7,0,1,1,4,241.5176186913852
7,8,1,1,1,0,257.246832424578
7,9,1,1,1,1,262.83635666981536
7,17,1,1,1,4,260.7985039174237
7,18,0,1,1,5,246.2316772392729
7,22,1,0,0,3,233.1638427341705
7,23,1,1,0,7,257.19626805598
7,24,1,1,0,5,246.27733162689077
7,26,0,1,1,3,248.38757800646
7,30,0,0,0,2,212.85504586294843
7,32,1,1,0,7,262.55963639626884
7,33,0,0,0,7,230.03154820582557
7,36,0,0,1,6,230.89961872740545
7,37,0,0,1,6,231.9536475971283
7,38,1,1,1,3,263.6698640076935
7,39,1,0,0,3,228.88303189968545
7,42,1,0,0,5,239.22412531711763
7,56,1,1,1,2,260.6340364053551
7,57,1,0,1,6,245.80144421130214
7,58,1,0,1,7,251.9063121321342
7,9,0,1,1,7,248.27092530707853
7,10,1,0,1,0,239.33734298049774
7,11,1,0,1,0,243.69394526619084
7,12,1,0,1,5,249.32705931846255
7,14,0,0,0,1,215.82573473829788
7,17,1,0,0,7,249.62357374677848
7,25,1,1,1,4,262.91301574002676
7,26,0,1,1,1,245.2431455274792
7,27,0,1,0,0,229.7399119117994
7,50,0,0,1,1,229.61689697653475
7,56,1,1,0,1,247.19227300620057
7,4,1,0,1,4,246.88630948194825
7,5,0,0,1,7,230.7581441774717
7,7,0,0,0,6,217.3279468381626
7,12,1,1,0,6,250.19392649860572
7,15,0,1,0,4,231.8455186077685
7,18,1,1,0,3,252.73175526980677
7,22,0,1,0,1,228.90541441190203
7,32,0,1,0,7,243.91506822704704
7,39,1,0,0,2,230.0006175982569
7,47,1,1,0,7,261.10707836061886
7,49,0,1,1,5,245.56684470019886
7,52,1,1,0,1,246.7312482184931
7,18,1,0,0,5,237.56688096260893
7,23,1,1,1,7,269.9907774377185
7,26,1,1,0,5,243.2662368328551
7,28,1,1,0,6,248.859827882301
7,30,1,0,0,7,229.90573154001294
7,34,0,1,1,5,242.91421759727768
7,35,0,1,1,5,243.91500487993804
7,38,0,1,0,1,232.49983899046737
7,41,0,1,0,3,232.54053554877993
7,59,1,1,1,4,260.92053977237265
7,3,1,0,0,7,245.77703314441456
7,5,1,0,1,7,257.7036088703116
7,9,1,0,0,1,231.2259158391169
7,11,1,1,0,4,248.07782226649863
7,18,1,1,1,0,261.4634497154405
7,19,1,1,1,7,275.48915853148105
7,25,0,0,1,1,232.76299815695043
7,34,1,1,0,3,244.29164180834175
7,46,0,0,1,1,232.87568326097144
7,55,1,0,0,0,228.21243222476915
7,57,1,0,0,1,229.70678667175784
7,1,1,0,0,5,228.9101615470667
7,9,0,1,1,3,256.53681301679796
7,11,0,0,0,6,215.21197573979512
7,16,0,0,1,7,231.78166603198608
7,20,0,1,1,7,261.45300925631324
7,32,0,0,1,3,232.03378709709037
7,35,0,1,0,7,229.65007697959047
7,42,0,0,1,6,232.8368165808428
7,43,0,0,1,1,228.3906583856839
7,55,0,0,1,7,245.4715109674098
7,57,1,0,1,2,242.1063462779007
7,58,1,1,1,1,262.2169491941403
7,59,1,1,1,0,259.53797251276694
7,0,1,1,1,4,262.3187979261824
7,1,1,1,1,3,261.7388190713227
7,3,1,0,1,2,244.87078306391467
7,4,1,1,1,5,265.4029498182051
7,7,0,1,1,1,244.44358430366904
7,23,0,1,1,1,247.35009932192375
7,29,1,0,0,3,229.2932521547275
7,33,1,0,0,1,230.9461256445557
7,34,1,0,0,5,227.93308128349418
7,37,1,1,0,0,244.1608171051081
7,41,0,1,1,6,242.38357865659006
7,42,1,0,1,1,244.29051472074744
7,43,1,0,0,2,231.05341993255715
7,54,1,0,0,6,230.0019499574949
7,58,1,1,0,7,259.34768727106507
7,1,1,1,0,6,245.3061190353169
7,11,0,1,0,6,240.6564433591834
7,31,1,0,0,3,228.97810216939075
7,32,1,1,0,3,246.3980438937507
7,33,1,1,0,1,247.70659019492803
7,38,0,0,1,6,232.09552601555623
7,39,1,0,1,0,242.64806961625914
7,40,1,0,1,0,244.41079019214067
7,51,0,0,1,7,232.2002777624723
7,52,1,1,0,3,256.0909730939864
7,54,1,1,0,3,249.50852278047063
7,55,1,0,0,2,232.26751193379386
7,56,1,0,0,4,229.41181677786506
7,2,0,1,0,5,229.45122447621807
7,18,0,0,1,6,231.05651163310546
7,19,0,0,1,7,247.33186422034757
7,22,0,0,1,0,230.56134006102815
7,23,0,0,1,0,230.84639004925793
7,24,0,0,1,3,232.003571557621
7,28,1,0,0,0,229.27954439842873
7,37,1,0,1,7,251.25408073561573
7,38,0,1,0,4,230.00189497045005
7,48,0,0,1,0,228.9992616075429
7,50,1,1,1,0,258.85106406200293
7,51,1,1,1,1,261.6145122392669
7,52,1,1,0,7,250.4338800869642
7,54,1,1,0,0,244.49928571262424
10,0,1,0,1,5,113.54566090070438
9,41,1,1,1,0,258.7471109037218
9,3,1,1,0,7,262.13153233257015
9,15,1,1,1,0,262.1096006898331
9,16,1,1,1,1,260.3666452255418
9,6,1,0,1,2,252.3351294191773
9,7,1,0,1,4,251.1095935152439
9,14,1,0,1,4,248.0979056468632
9,17,0,0,1,5,234.53218450755432
9,58,0,1,1,4,246.8227551134649
9,27,1,1,1,1,260.39944521948206
9,37,1,0,1,1,246.71249489246551
9,5,1,0,1,6,246.15851927741937
9,30,1,0,1,3,241.9848323305455
9,56,1,0,1,0,246.30436270138858
9,10,1,0,1,1,248.28209643867098
9,5,1,0,1,1,250.56124501378977
9,39,0,0,1,4,228.76646710052012
9,59,1,0,1,3,248.1206571061768
9,3,1,0,1,6,247.16351322504735
9,5,1,0,1,4,250.46747352191815
9,23,1,1,0,7,261.4671947968781
9,44,0,0,1,5,233.94007409292274
9,56,1,0,1,6,248.14355203607417
9,51,1,1,1,2,259.8370933907928
9,54,1,0,1,4,244.55271938846187
9,2,1,1,1,7,267.2905651551249
9,58,0,0,1,6,232.19009115616217
9,11,1,1,1,6,275.3389983471363
9,32,1,0,1,2,243.3447173317684
9,33,1,0,1,2,243.88554516730642
9,39,1,1,1,2,259.981452234277
9,53,0,1,1,6,255.9234113321007
9,8,1,1,1,7,272.6530698808731
9,46,1,0,1,1,245.85768609170879
9,40,1,1,0,2,247.82118972436928
9,4,0,1,1,3,252.32297808512365
9,16,1,1,1,0,257.2687316854151
9,18,1,0,1,3,245.2401724597459
9,32,1,1,1,2,261.3562329541111
9,58,1,0,1,2,248.34803251254587
9,30,0,0,1,1,229.46184617544677
9,24,1,1,1,1,258.3970508618865
9,18,1,1,1,6,267.7339707071515
9,32,0,0,1,3,229.75391836389446
9,23,1,1,1,0,257.7462639869953
9,28,0,1,1,5,247.51020802662515
9,49,1,0,1,0,241.51726706746436
9,55,1,0,1,4,246.74424657684233
9,1,1,0,1,5,245.74285969755286
9,12,1,1,1,4,260.6968210595711
9,13,1,1,1,7,261.32179195604124
9,15,0,0,1,4,231.3237119140901
9,50,1,0,1,4,243.97211578278734
9,55,1,0,1,1,241.4869833443811
9,47,1,1,1,3,257.2571845014789
9,29,0,0,1,3,235.87743068673691
9,24,1,0,1,0,241.68200554566414
9,25,1,0,1,7,248.16941915230402
9,30,1,0,1,1,242.51969191756228
9,31,0,0,1,0,227.43936605411557
9,36,0,1,1,4,240.30081781593174
9,37,1,1,1,4,258.6926499264332
9,42,1,0,1,5,242.79022499086767
9,27,0,1,1,7,260.27503290573577
9,12,1,0,1,4,248.92403375392868
9,43,1,1,1,1,259.8080596540247
9,40,0,1,1,7,263.5368959750558
9,33,0,1,1,3,243.95624025734716
9,36,1,0,1,4,242.05269471453238
9,57,1,0,1,0,245.70775411349047
9,57,1,1,1,4,262.03668399181555
9,0,1,1,1,5,258.3911315378968
9,35,0,1,1,0,242.55744278487475
9,51,0,1,1,4,243.7983537290213
9,6,1,0,1,3,252.68905142043738
9,26,0,1,1,5,247.62845776512026
9,51,1,0,1,2,240.65934064060036
9,58,1,1,1,6,263.5275864303218
9,59,1,1,1,7,269.67487072746
9,22,0,1,1,7,264.3430321482545
9,26,1,1,1,2,257.73820041696297
9,46,1,1,1,4,261.6573827952808
9,10,0,0,1,1,235.17071868385085
9,17,1,1,1,4,261.29370532254967
9,59,1,1,1,3,260.7177452425308
9,33,1,0,1,6,243.8085997329703
9,34,1,1,1,0,258.0056561154112
9,40,0,1,1,5,243.69917824769908
9,27,0,1,1,0,243.62310721036684
9,16,1,0,1,4,246.0872904626114
9,35,1,1,1,7,277.88042132973163
9,55,1,1,1,0,254.2633962780394
9,30,1,1,1,4,258.24605708285964
9,53,1,0,1,6,254.12277352284863
9,8,1,1,1,1,259.4530561093014
9,26,0,0,1,5,229.61497236746817
9,17,1,1,1,0,261.62609934137873
9,21,1,1,1,6,262.65334448415035
9,33,1,0,1,7,255.1018012125926
9,2,1,1,1,5,265.1382092641481
9,19,1,1,1,3,262.57197851149397
9,3,1,1,1,6,266.691870665377
9,12,1,0,1,6,251.23328971273511
9,59,1,1,1,1,259.8603218474688
9,12,1,1,1,1,258.9389242529188
9,58,1,1,1,4,259.46756733605173
9,28,0,1,1,7,258.6251560012952
9,51,1,0,1,6,253.7567054029563
9,54,1,1,1,5,258.5728657275963
8,48,1,1,1,1,256.71935963489744
8,17,1,0,1,2,247.7002348387495
8,20,1,0,1,7,249.4977352014239
8,37,0,1,1,0,243.1430931619064
8,12,1,1,1,4,258.8404803601982
8,50,1,0,1,6,264.62206717343827
8,41,1,0,1,0,241.78960784460878
8,57,1,1,1,4,259.29181119118215
8,53,1,0,1,3,249.33183490924162
8,5,1,1,1,6,273.47484813995186
8,32,1,1,1,2,267.0162847540754
8,33,1,1,1,2,263.54456653926854
8,38,0,1,1,1,244.04920445528828
8,57,1,0,1,2,245.30247205639188
8,9,0,1,1,4,243.294328612527
8,10,0,1,1,5,247.67139168250432
8,1,1,1,1,4,260.92109297494096
8,30,0,1,1,4,247.31561874658976
8,39,0,0,1,2,228.5307425909366
8,42,1,1,1,7,272.8650444693987
8,24,0,1,1,0,247.6647357263602
8,50,0,1,1,4,244.9856707005169
8,51,1,1,1,5,261.0900240168252
8,52,1,1,1,7,275.6483783524618
8,6,1,1,1,4,262.01386270539626
8,25,1,0,1,3,250.2575564890405
8,26,1,1,1,2,263.14669919903133
8,27,1,0,1,4,251.0333499439774
8,28,0,0,1,3,236.1473818195123
8,52,0,1,1,0,240.323791835043
8,7,1,0,1,7,251.7798503503838
8,16,1,1,1,1,265.7107364714569
8,5,1,0,1,3,260.1347838422521
8,45,1,1,1,7,260.55737890208104
8,51,0,1,1,1,244.49874500423923
8,5,1,1,1,5,265.16256040163427
8,36,0,1,1,1,246.49657100899046
8,52,1,1,0,0,244.2857907944789
8,17,1,1,1,1,263.7536851929111
8,55,0,1,1,1,247.69468875462306
8,23,1,0,1,1,250.43831442877521
8,25,0,1,1,4,249.34244867855426
8,24,0,1,1,2,252.45300475474866
8,34,1,1,0,3,249.42733844791167
8,2,1,1,1,6,264.10791614288576
8,33,1,0,1,7,248.7822297452478
8,46,1,0,1,2,244.5480571226714
8,43,0,1,1,2,244.4562404241965
8,50,1,0,1,2,249.77823251226485
8,52,1,1,1,5,262.361412865063
8,6,1,0,1,4,250.82741028822485
8,29,0,1,1,3,249.51358468124175
8,40,1,1,1,0,260.69456026364526
8,38,1,1,1,5,259.3379909595481
8,6,1,0,1,1,252.31121955428074
8,35,1,0,1,7,260.43214112674866
8,39,1,0,1,2,244.6292375615743
8,10,1,0,1,2,247.9513427772532
8,11,1,1,1,4,266.9005908449192
8,15,1,1,1,6,263.2170431515291
8,17,0,1,1,6,249.38453021133182
8,46,1,1,1,3,258.68161707695305
8,10,1,1,1,3,263.8672244451912
8,36,0,0,1,7,235.43447791654012
8,59,1,1,1,6,266.95685617588055
8,0,0,1,1,6,249.9048457974432
8,19,1,0,1,2,251.15903179235534
8,12,1,1,1,3,264.60322493168394
8,48,1,0,1,7,256.4776419438347
8,9,0,0,1,6,244.6189124174056
8,39,1,0,1,7,255.80795896570604
8,55,0,0,1,0,225.56456475294283
8,48,0,1,1,6,255.95103977380285
8,13,1,0,1,2,251.0398124501141
8,14,1,1,1,7,275.12219649295093
8,11,1,1,1,1,264.7291203260279
8,54,1,0,1,2,244.17395135372024
8,5,0,1,1,7,246.87989643384594
8,37,1,0,1,5,245.04627520517016
8,11,0,1,1,6,252.22433174789066
8,59,0,1,1,0,244.81963617994256
8,18,0,1,1,1,252.59319033302523
8,32,1,0,1,6,255.21198391510626
8,36,0,1,1,4,246.6256638940356
8,7,1,1,1,0,263.07152200571164
8,25,1,1,1,1,266.90975638301404
8,42,1,1,1,4,260.4508136228647
8,47,0,1,1,0,241.21127321488564
8,42,0,1,1,0,243.24841469701443
8,23,1,1,0,1,251.62884082596378
8,0,0,1,1,1,247.42373387277553
8,40,1,0,1,5,245.0605749006963
8,56,1,1,1,6,262.49156163351023
8,12,1,0,1,3,249.1713426043666
8,10,1,1,1,2,262.48234708575575
8,2,1,1,0,5,255.03687604229916
8,3,1,1,1,7,264.89949117945685
8,7,0,1,1,3,252.85959595420383
8,13,0,1,1,1,248.6709825957721
8,12,1,0,1,1,249.9549459044987
8,27,1,1,1,3,262.2563595374106
8,45,1,0,1,3,247.72744891278896
8,27,1,1,1,4,261.7718230998313
8,47,1,0,1,2,242.18693173221766
8,6,1,1,1,7,265.92093998584005
8,24,0,1,1,4,252.14779968783637
7,48,1,1,0,1,247.7654757935269
7,51,1,1,0,7,255.40097685732704
7,59,0,0,1,2,232.47803829269714
7,2,0,1,1,6,245.39774734246632
7,3,1,0,1,5,244.2950355397349
7,6,0,0,1,5,231.06828164090103
7,9,0,0,1,1,233.60716830702762
7,12,1,0,0,7,245.31155237313212
7,18,1,0,0,0,232.30372679478938
7,23,1,0,1,4,248.37252177139504
7,24,1,0,1,0,240.337368626385
7,25,1,0,1,2,242.51313054211937
7,26,1,0,1,0,244.85455574882863
7,33,1,1,0,7,262.9484074883716
7,35,1,0,0,3,230.74171851088587
7,52,1,1,0,4,246.20741636917725
7,55,0,1,0,4,231.4172349598612
7,8,1,0,0,2,234.16254626321805
7,20,1,1,1,0,260.07012946614003
7,21,1,1,1,5,261.3315814555739
7,31,0,0,1,7,229.49114629518613
7,40,0,1,0,5,229.85314622087066
7,1,0,0,0,1,213.72894005373632
7,10,0,0,1,6,233.66525229608874
7,11,0,0,1,3,240.2035171057092
7,15,0,1,0,0,230.6007979380712
7,16,0,1,0,0,229.8294239317512
7,28,1,1,0,7,260.52938756198495
7,37,0,1,1,3,240.38877759620175
7,41,0,1,1,5,257.37734753775476
7,53,1,0,0,4,231.46662530149817
7,56,1,0,0,0,227.52540214641064
7,58,1,0,0,6,234.27099540642882
7,0,1,1,0,2,245.18671484257212
7,1,1,1,0,1,244.3667914846739
7,2,1,1,0,0,244.11815013586133
7,3,1,1,0,7,258.2982659561119
7,18,1,1,0,6,250.84696571483093
7,27,1,1,0,6,247.95876368311747
7,31,0,0,0,7,214.65564182407743
7,34,0,0,1,4,231.46054175584413
7,36,1,0,0,3,228.53938966012612
7,37,1,0,0,1,228.737316973248
7,39,1,0,0,6,240.32262388249785
7,54,1,0,1,4,248.8753708462895
7,57,1,1,1,2,260.53638571267044
7,58,1,0,1,4,243.53610002691266
7,59,1,0,1,3,245.54380254452252
7,1,1,1,0,2,244.33845074857715
7,2,1,0,0,4,231.44395933717232
7,11,0,0,0,2,215.85354225108748
7,24,0,0,0,5,213.66501364146995
7,25,0,0,1,2,232.4429375397655
7,27,0,1,1,0,246.2759011700068
7,37,1,0,0,4,227.73876676994684
7,41,1,1,1,3,260.41820212462346
7,43,1,0,1,2,250.52527150874286
7,44,1,0,1,3,248.46397858614168
7,45,1,0,1,0,242.29527490860838
7,46,1,0,1,2,243.42209941216382
7,52,1,0,0,3,232.70501003958364
7,0,1,1,0,3,244.67260554838185
7,2,1,1,0,4,247.2036671542448
7,4,1,1,0,3,247.13633397718132
7,5,1,1,0,7,260.72568681871286
7,8,1,0,0,7,236.5824033781155
7,9,0,1,0,3,229.1982451643824
7,16,0,1,0,5,232.86111658947402
7,20,1,1,0,7,259.68990134957727
7,21,1,0,1,5,249.475214821974
7,27,0,0,1,2,230.11153419313104
7,35,1,1,0,4,242.5026001551795
7,47,0,0,1,5,233.12018493038255
7,9,1,1,0,0,245.18295461048527
7,10,1,1,0,1,249.40646717496784
7,11,1,1,0,6,248.25713423683763
7,19,1,1,1,4,265.2720177525884
7,25,1,0,1,3,245.28137702282572
7,26,1,0,1,2,245.4446636392134
7,30,1,1,1,6,262.0981502871296
7,35,1,0,1,6,244.88694457907238
7,36,1,0,1,5,246.42343500320885
7,46,1,0,0,0,230.24692548055916
7,48,1,1,0,5,246.92495339375975
7,59,0,1,1,6,245.11272663009365
7,0,0,1,1,2,244.54286540100588
7,1,0,0,1,5,231.10514471938308
7,5,1,0,0,1,228.9075864056238
7,10,1,0,0,6,228.93846817471203
7,12,1,0,0,1,230.76396691369473
7,13,1,0,0,1,231.95906230550483
7,19,1,1,0,3,248.88011621572994
7,37,1,1,0,5,244.62522540538492
7,45,1,0,0,7,233.9961824286344
7,47,0,0,1,3,235.48793185068675
7,1,1,0,1,5,244.60024498640968
7,14,0,0,1,6,237.67496236698523
7,16,1,0,1,4,249.9520723325221
7,18,0,0,1,2,232.14619340025587
7,20,0,1,1,2,247.55421523889055
7,22,0,0,1,3,232.84058749807772
7,34,1,0,0,7,242.7924056626093
7,36,1,0,1,7,262.54708718310235
7,8,1,1,1,6,258.1249514277805
7,21,0,1,0,1,231.20881262759553
7,42,1,0,0,7,229.12232903633813
7,49,0,0,1,0,228.04310716588475
7,53,1,0,0,0,228.19914324937707
7,54,1,0,0,7,240.52850427180618
7,57,0,1,0,2,232.7174089443745
7,0,0,0,0,1,214.8100702969213
7,16,0,0,1,3,232.2825242499448
7,20,1,0,0,2,232.93863638338755
7,22,1,0,1,2,247.51617476098525
7,23,1,0,1,3,252.5484720307646
7,25,1,0,0,7,241.15011272607148
7,47,1,0,1,0,242.54974759022517
7,55,0,0,1,1,232.94817129907807
7,18,0,1,0,4,236.99638764149583
7,33,0,0,1,3,230.57076633661455
7,38,1,1,1,6,259.8611335857325
7,39,0,1,1,6,240.18074987307403
7,40,1,1,1,5,259.60843788371136
7,47,0,0,0,5,214.82077551363753
7,51,0,0,1,3,243.00607394989876
7,55,0,0,1,5,233.0271120072005
7,7,0,0,1,3,232.19795393162036
7,20,0,1,1,4,247.35207818332282
7,21,1,1,1,2,264.12300424290635
7,22,1,0,1,1,249.76817424061244
7,23,1,0,1,5,248.46760970957095
7,43,1,0,0,1,229.48088450192142
7,46,1,1,0,5,251.0899707773205
7,51,1,0,0,7,247.2051274363334
7,0,1,1,0,7,258.20399875682335
7,4,0,0,1,5,229.74139812864922
7,12,1,0,1,7,259.9746505605462
7,21,0,1,1,1,245.53050774067586
7,33,1,1,0,5,248.37786750852035
7,34,0,1,1,1,241.6590648531677
7,40,0,0,1,2,233.28714705252344
7,53,1,0,0,6,232.7051666453444
7,58,1,0,0,3,234.24275994522304
7,59,1,1,0,3,245.28031692958388
7,25,0,1,0,2,230.15128286042352
7,29,0,0,1,0,230.64380907553044
7,32,1,0,0,4,228.2718666761351
7,40,1,1,1,7,259.86136571121176
7,41,1,0,1,0,245.84067293913992
7,51,0,1,0,1,227.97743049171865
7,10,1,1,1,2,265.8042116197087
7,11,1,0,1,1,243.03940347359008
7,12,1,0,0,0,232.1726492359996
7,24,1,1,0,2,247.55378807217744
7,25,1,0,0,3,231.56963655831515
7,31,1,0,0,4,229.84789135690534
7,40,0,1,1,4,243.1172407910603
7,41,0,1,1,7,249.28018943488408
7,42,0,1,0,6,231.08463999618272
7,46,0,1,1,3,248.39423195284914
7,56,1,1,0,6,247.62434265699324
7,1,1,1,0,3,244.0315967867121
7,14,0,1,1,5,246.73568212309647
7,23,1,1,0,4,243.66974099387025
7,25,1,1,0,4,249.11459899126385
7,32,0,1,1,2,243.16239142979026
7,46,0,1,0,2,230.46852117732993
7,48,0,1,0,1,230.99348257055453
7,54,0,0,1,0,232.9371318139542
7,11,0,1,1,4,244.42736397433458
7,12,0,1,1,6,247.8461117904237
7,17,1,1,0,5,251.10878547937463
7,20,0,1,1,6,246.89313556076118
7,23,0,0,1,6,232.30641729250382
7,24,0,0,1,6,232.02618828811754
7,44,1,0,0,0,228.62929186099223
7,55,1,0,0,6,233.53967481136462
7,6,1,0,0,1,231.19260452405706
7,7,1,0,1,5,249.97362673709998
7,10,0,0,1,5,232.09277803270044
7,18,1,1,0,2,251.5183706175432
7,29,1,1,0,3,246.4230783543883
7,34,1,1,0,2,245.97123771252745
7,40,0,1,0,6,229.46628041577273
7,43,1,0,1,1,246.80669848953394
7,44,1,0,1,2,247.82865725465908
7,45,1,1,1,1,255.47740658337779
7,51,0,0,1,4,229.57862926912253
7,52,1,0,1,7,256.32942526129295
7,1,0,1,1,0,244.8147271879612
7,4,1,1,1,0,252.89687351853192
7,5,1,1,1,1,259.3268614233769
7,7,1,1,0,1,247.01057553990577
7,9,1,1,1,3,261.3449972711139
7,11,1,1,0,0,246.0838823580874
7,22,1,1,1,7,269.4265070008801
7,34,1,1,1,0,259.5019084256861
7,38,1,0,1,4,245.43031959291906
7,0,0,0,1,1,228.866586786833
7,51,1,0,0,2,231.92015886809924
7,56,0,1,0,1,232.31087152211873
7,57,0,1,1,2,247.85741066260596
10,0,1,1,0,0,18.59943204252774
10,1,1,1,0,3,99.15947141147159
9,0,0,1,1,5,248.32215606007438
9,34,1,1,1,4,255.7035617213101
9,41,0,0,1,7,248.12846485395588
9,29,1,0,1,1,244.0206906033328
9,58,0,1,1,2,248.96702164997438
9,26,1,0,1,7,245.52349119019868
9,39,1,1,1,4,260.0287432278438
9,32,1,0,1,1,245.67890603252724
9,22,0,1,1,1,244.8623269568066
9,57,0,0,1,1,230.7355468474186
9,8,1,1,0,3,254.36001374197667
9,8,1,1,1,3,261.2831597805846
9,5,1,1,1,2,264.467584807828
9,25,1,1,1,2,256.8281831466348
9,24,0,1,1,1,244.38099817113496
9,28,1,1,0,1,246.26315247850874
9,57,0,1,1,4,243.91372319532434
9,52,1,1,1,0,256.1645493937512
9,30,1,1,1,7,271.7192148517238
9,50,1,0,1,7,245.50708480242054
9,46,1,1,1,6,260.70225118651297
9,5,1,1,1,4,263.1836962824472
9,6,1,1,1,5,263.97310657233896
9,55,1,0,1,5,242.77168226807697
9,11,1,0,1,2,248.78093402534037
9,34,1,1,1,2,256.5629665008951
9,32,0,0,1,5,229.54702286404853
9,2,1,1,1,4,261.92030935396974
9,55,1,0,1,3,243.1451645926703
9,53,1,0,1,4,240.96788854603915
9,31,1,0,1,5,243.51455262175517
9,36,0,1,1,5,245.31062995308938
9,56,1,1,1,6,258.3123509199422
9,2,1,0,1,4,245.79214814772712
9,35,1,1,1,1,261.12482697455846
9,40,1,1,1,5,257.19711766304823
9,53,1,0,1,7,245.02128790819816
9,15,1,0,1,6,247.26781081701654
9,46,0,1,1,5,243.3262712025589
9,3,1,0,1,2,249.2381619048355
9,4,1,1,1,2,266.6341880622319
9,3,1,0,1,1,246.6585800374601
9,4,1,0,1,4,249.91102044837655
9,20,1,1,1,1,258.9940841477515
9,29,1,1,1,2,255.54739176001667
9,35,1,1,1,4,263.54465953973204
9,20,1,0,1,0,244.39371777323117
9,21,1,0,1,0,243.7324444353723
9,48,1,0,1,0,240.0759962675938
9,11,1,0,1,3,256.01109305133485
9,26,1,1,1,0,258.99874514893014
9,24,1,1,1,5,259.5277021566001
9,36,1,1,1,1,260.69516594376125
9,5,0,1,1,3,259.67871141572795
9,47,1,1,1,7,272.28540432457595
9,47,1,1,1,5,259.10186145198514
9,27,0,1,1,6,243.79706440690407
9,48,1,0,1,6,246.70232601693738
9,28,1,0,1,7,257.6124734993448
9,36,1,0,1,2,244.0492782990582
9,25,0,1,1,2,247.4897369919342
8,0,1,0,1,6,245.51835054743754
8,26,1,0,1,1,250.08887273678158
8,39,0,1,1,7,258.98779964040887
8,54,1,1,1,5,261.6674793688196
8,15,1,1,0,3,251.6650475452188
8,44,1,0,1,1,246.6926118750072
8,56,1,1,0,6,248.24463028069604
8,13,1,1,1,4,264.38538467436035
8,27,1,1,0,2,251.9848677224388
8,45,1,0,1,5,248.0752703056535
8,58,1,0,1,7,255.30368964167403
8,19,1,1,1,1,265.9475377980135
8,20,1,1,1,6,267.45113098279194
8,44,0,1,1,3,257.0060063941898
8,45,1,1,1,2,259.18351578470106
8,5,1,0,1,1,250.04579541602567
8,0,1,1,1,0,262.1260926535567
8,51,1,0,1,3,248.51839422018023
8,2,1,1,1,7,266.2160914690404
8,34,1,1,1,0,257.34562239676535
8,2,1,1,1,1,262.376830590146
8,21,0,1,1,5,249.47855722965116
8,8,0,1,1,7,247.81301643187007
8,21,1,0,1,2,250.727253416944
8,10,0,1,1,1,248.78029808098225
8,30,1,1,1,4,262.4610403683022
8,43,1,1,1,2,261.28538389961113
8,44,1,1,1,3,264.0080978792131
8,4,1,0,1,6,249.39811640679847
8,10,1,1,1,0,263.7577685976196
8,10,1,1,1,1,264.4499312551187
8,23,1,1,1,4,268.2751440265207
8,49,1,1,1,7,273.31778583802156
8,6,0,1,1,5,254.21079867772818
8,46,1,0,1,1,245.40538952388084
8,49,1,0,1,6,258.9109784019686
8,51,1,1,1,1,259.694997355381
8,33,1,1,1,0,259.0376941269725
8,35,1,1,1,3,262.4672852596336
8,32,1,0,1,7,264.67688316743966
8,27,1,0,1,7,267.67689345164956
8,52,1,1,1,1,260.46660924113326
8,55,1,1,1,2,259.85136970724005
8,38,1,0,1,5,248.04408712079277
8,11,1,0,1,2,249.34949672813843
8,26,1,0,1,0,248.06647732572787
8,46,1,1,1,0,256.4000390391184
8,18,1,0,1,2,254.46245653463868
8,47,1,0,1,7,254.94035172616776
8,42,1,1,1,6,264.2783330379435
8,15,1,1,1,1,261.544435641464
8,12,1,0,1,5,251.92163677826693
8,26,1,1,1,0,258.1361596543575
8,16,1,1,1,7,276.4871257843389
8,43,1,1,1,7,260.54788580445506
8,6,1,1,1,2,262.4439476158748
8,20,1,1,1,1,267.5274563513452
8,21,1,1,1,0,263.05593796006366
8,22,1,1,1,6,265.11270105212736
8,35,1,1,1,6,263.046071415024
8,20,1,1,1,7,280.771275676394
8,52,1,0,1,4,248.79539884788656
7,0,0,1,1,4,245.23646452544446
7,1,0,1,1,2,245.4236492522623
7,2,0,0,1,6,228.67131769198681
7,3,1,1,1,7,264.8914110970685
7,14,1,1,0,5,249.74335350421418
7,15,1,1,0,4,245.18998763539605
7,18,0,1,1,2,248.55432334797206
7,23,1,1,0,1,245.69094414811
7,24,1,1,1,7,260.23740564330905
7,37,0,1,1,5,241.3903516415414
7,50,1,0,1,2,245.54490890548408
7,51,1,0,1,7,260.0083423389751
7,2,0,0,1,2,228.8022609983926
7,3,0,0,1,7,231.41474511482681
7,4,0,1,1,0,242.62117681664637
7,9,1,1,1,7,262.20265747329285
7,19,1,1,0,6,249.20935980972607
7,42,0,0,1,5,234.47608143511
7,2,0,0,0,0,214.34792547053533
7,16,0,0,1,0,232.3522253166554
7,17,0,0,1,6,235.70818187840513
7,18,0,0,1,3,233.73782766450847
7,24,1,0,0,5,231.13875981093668
7,26,1,1,1,2,260.9094220071055
7,27,1,0,1,5,247.1597649960526
7,41,0,0,1,5,231.67620418520048
7,12,1,0,1,1,248.29799802967813
7,30,0,1,1,5,245.96694607104303
7,37,1,1,0,6,243.69105270246317
7,56,0,1,1,4,244.0402476299384
7,57,1,1,1,7,277.02049928581374
7,58,0,0,1,2,231.18335453819552
7,0,0,1,1,0,244.597735347151
7,2,0,1,1,3,245.72023697314705
7,6,1,1,1,3,262.6632430514568
7,8,0,1,1,7,259.6559892395046
7,19,0,1,1,0,245.16557881138178
7,22,0,1,1,6,244.956155315143
7,24,0,0,1,7,246.80574187900527
7,36,1,1,0,0,240.88761569917924
7,37,1,1,0,4,243.39543720900144
7,44,1,1,0,4,247.20392805468404
7,45,1,1,0,4,244.17950491607797
7,53,1,0,0,1,229.49440683199396
7,10,0,0,1,4,231.52722755233097
7,12,0,0,1,3,234.63473873461152
7,21,1,1,0,5,246.9213407110567
7,28,1,0,1,4,245.89942845814872
7,50,1,1,1,1,261.5797520659341
7,53,0,0,1,1,231.36565354395495
7,1,1,0,0,1,228.92528413638613
7,9,1,0,1,6,245.3844142703047
7,14,0,1,0,1,231.07009768847396
7,19,0,0,1,0,233.24550647659328
7,30,0,1,1,1,245.6080095573187
7,39,0,0,1,0,229.41695476445315
7,58,1,1,1,4,262.30662140596036
7,5,1,0,0,3,229.95116760145743
7,11,0,0,1,6,231.3816877039248
7,12,0,0,1,5,231.78512978333953
7,47,1,0,1,7,250.9415837767491
7,51,0,1,1,0,241.3550860958111
7,52,0,1,1,3,245.2545417183175
7,59,1,0,1,2,245.92455221072294
7,0,1,0,1,1,247.21200019795202
7,1,1,0,1,3,245.08798933195175
7,13,1,1,0,7,246.0982652371903
7,17,1,0,1,7,259.47484132340946
7,18,1,0,1,4,245.96648127299966
7,19,1,0,1,0,246.28070113620126
7,22,1,0,1,6,246.5885521598719
7,24,0,1,1,0,242.8683074754472
7,43,0,1,0,5,232.19704212715845
7,44,0,1,1,1,245.96052078406953
7,45,0,1,0,6,233.321832209881
7,50,0,1,1,7,257.4910377290382
7,55,1,1,0,3,247.21347918980587
7,4,0,0,0,6,229.44054752780215
7,6,1,1,0,4,246.43180277589173
7,7,1,1,0,4,247.88739431558187
7,17,1,0,1,0,246.35057728545877
7,18,1,0,1,3,248.07108855449212
7,19,1,0,1,4,248.29742574978832
7,22,0,0,1,5,235.2456710255508
7,44,1,1,0,5,247.0875979944504
7,55,0,1,1,7,262.8315175715939
7,1,1,1,1,4,260.8464371772274
7,2,1,1,1,4,257.5307010348175
7,13,0,0,1,3,232.7419500024912
7,36,1,1,0,5,244.87345777151745
7,39,0,0,1,3,231.58507419884162
7,2,0,0,1,3,229.22782356789517
7,8,0,0,1,5,232.90212622290852
7,21,1,0,0,1,231.18120882555942
7,22,1,0,0,7,246.32219714576584
7,23,1,1,0,6,245.0103533305329
7,28,0,1,1,1,248.1059597563251
7,41,1,1,1,4,257.71556048766774
7,52,0,0,1,4,230.77519612411885
7,30,1,1,0,2,247.37417388501132
7,37,0,1,1,4,243.24085258087678
7,38,0,1,1,4,240.2392038212672
7,46,1,1,1,3,262.4383321357731
7,52,1,0,1,0,244.6412427921
7,54,1,0,1,5,246.72295757417808
7,2,0,1,1,2,244.7548369297315
7,3,0,0,1,5,229.2711181141006
7,17,0,1,1,7,247.8937086182081
7,29,1,0,1,0,246.2390554922919
7,31,1,0,1,4,247.23151550452818
7,33,1,0,1,5,245.28256911202197
7,45,0,0,1,3,232.66800667234446
7,6,0,0,1,4,229.93629706571204
7,19,0,1,1,2,247.21062416521968
7,30,1,1,1,3,260.9488349192996
7,31,1,1,0,3,245.4139011403634
7,37,0,1,1,0,240.79290074807327
7,41,0,1,1,2,243.680300027054
7,42,0,1,1,7,262.4718061165547
7,52,0,0,1,6,227.68445434681905
7,53,0,1,1,1,246.6697712163772
7,54,0,1,1,2,249.68340783624132
7,56,0,1,1,6,248.73936355965947
7,57,1,0,1,0,242.56959698000486
7,14,0,0,1,5,234.33043868539272
7,24,1,1,1,0,255.82770441883991
7,25,1,1,1,0,259.88698922155385
7,26,1,1,1,0,257.02238389813556
7,27,1,1,1,6,261.0241722440795
7,4,0,0,1,3,232.52189054165464
7,13,0,1,1,6,245.3034240495498
7,20,1,1,0,5,247.74961585984548
7,22,0,0,1,6,231.93461571818483
7,26,1,1,0,7,246.00367696890297
7,28,1,1,0,3,247.84224172280142
7,31,1,1,0,4,246.7185324346969
7,34,1,1,1,2,260.3491973561507
7,35,1,0,1,0,244.56084316954383
7,36,1,0,1,1,244.64727527309643
7,41,1,1,1,5,262.51942772422774
7,47,1,0,0,2,230.07217628754873
7,27,1,1,0,4,250.36146096002292
7,48,1,1,0,3,247.16073771363494
7,14,0,0,1,4,233.35557029034712
7,15,0,0,1,3,231.82510144573155
7,18,1,1,1,7,277.8602241144963
7,23,1,0,1,7,265.93872593698313
7,43,0,0,1,5,233.53850390151885
7,53,0,1,0,3,231.51447543088983
7,57,0,0,1,5,229.67127733525513
7,3,1,0,0,6,230.1438387095412
7,9,1,0,0,7,246.32150303007614
7,28,0,1,1,0,246.4980829522912
7,29,0,1,1,7,257.64930650619664
7,38,1,1,0,4,247.95086748550338
7,51,1,0,0,1,231.27040254316609
7,15,1,1,0,2,244.89029221609124
7,17,1,0,0,5,233.85949830581094
7,41,1,0,0,7,244.18136279177304
7,49,0,1,0,1,230.27063335555573
7,50,0,1,1,3,246.6359435577126
7,51,0,0,1,2,231.87107485671262
7,56,0,0,1,0,230.45711282614286
10,0,0,0,0,5,175.04851740213147
9,23,1,1,1,3,258.1262772036621
9,40,1,0,1,1,244.54548388341684
9,45,1,0,1,2,249.88554884466507
9,16,1,0,1,5,248.4525598140441
9,5,1,1,1,6,265.4953195494513
9,39,0,1,1,3,245.1394546625068
9,10,1,1,1,1,260.0686865484621
9,14,1,1,1,0,259.6253720015272
9,41,1,1,1,5,258.14118170594963
9,51,1,1,1,6,262.2177539939608
9,27,1,1,1,5,260.46269119219073
9,4,1,1,1,7,263.82902596992926
9,32,0,1,1,0,240.08808540223998
9,16,1,1,1,2,260.7681170672803
9,26,1,0,1,2,245.66852907062872
9,27,1,1,1,3,265.10666466138963
9,39,1,1,1,1,260.23143213063287
9,40,1,1,1,3,256.4542442725354
9,47,1,0,1,0,240.71680312748953
9,16,1,1,1,6,264.1210815557155
9,24,1,1,1,2,259.9964778175786
9,0,1,1,1,2,258.35369653336784
9,43,1,0,1,1,244.3359531973213
9,37,1,1,1,1,258.96004341907746
9,14,0,0,1,5,242.96939859520398
9,25,1,1,1,6,258.5434386605241
9,46,1,0,1,7,264.49350014093244
9,48,1,1,1,6,262.26264329994774
9,3,1,1,1,0,259.2688119977854
9,30,1,1,1,1,261.2720789566049
9,30,1,0,1,7,257.16914685547295
9,52,1,1,1,6,256.769748875888
9,56,1,0,1,4,247.55439774484205
9,53,1,1,1,1,257.0539615207433
9,22,0,1,1,2,250.86893540303925
9,44,1,1,1,3,277.5152646234403
9,43,1,1,1,6,274.33238753097794
9,18,0,1,1,2,247.23320643368288
9,15,1,1,1,3,265.00493586667346
9,42,1,0,1,3,258.8112846018542
9,42,1,1,1,1,263.3325275278337
9,22,1,0,1,4,245.5774573533723
9,37,1,1,1,3,261.6346305176873
9,40,1,0,1,4,244.9577536290712
9,54,1,1,1,7,258.2466557344713
9,57,1,0,1,6,252.48672413162328
9,34,1,0,1,7,257.4971356246032
8,3,1,0,1,6,248.88477929056634
8,43,0,1,1,4,243.88959202567167
8,54,1,0,1,6,246.15026494359557
8,9,1,1,1,4,266.9112189785011
8,37,0,1,1,4,246.24648346985188
8,4,1,1,1,3,265.58367573826524
8,24,0,1,1,6,249.0233170466815
8,26,1,1,1,4,261.4610184822426
8,6,1,0,1,2,250.92600054135923
8,15,1,1,1,7,276.1680990054402
8,3,1,1,1,6,264.55980867994367
8,58,0,1,1,2,245.47189988031081
8,38,0,1,1,2,243.4987328144131
8,11,1,0,1,7,248.0742825194692
8,34,1,0,1,5,248.17673064180613
8,49,1,0,1,7,245.94147961423224
8,1,1,0,1,3,256.9993010675135
8,21,1,1,1,6,275.58181552451686
8,39,1,0,1,5,245.52148413423492
8,4,1,1,1,5,265.14897627316907
8,34,1,1,1,1,266.3063070782336
8,7,1,1,0,5,249.59974455291612
8,1,1,1,1,0,259.7747736474536
8,20,0,1,1,3,251.08373224881493
8,4,1,1,1,0,261.1787121313769
8,59,1,1,0,3,250.33159489031186
8,6,1,1,1,0,258.0424931181539
8,24,1,0,1,6,254.93986272790212
8,25,1,1,1,6,266.88573063666263
8,41,1,1,1,1,262.6010332613581
8,8,1,0,1,3,254.13398162523075
8,50,0,1,1,1,246.50641841451218
8,1,1,0,1,5,248.79412763449216
8,56,0,0,1,2,227.4227970886501
8,18,1,1,1,7,276.3374735483573
8,22,1,0,1,7,265.7621328385276
8,29,1,1,0,5,254.96457635295377
8,54,0,1,1,7,259.3148081122456
8,57,1,0,1,7,258.77137102569196
8,34,1,1,1,6,260.8609095633982
8,18,1,0,1,7,245.36249296620394
8,9,1,0,1,0,245.566312180359
8,18,1,1,1,3,267.7276236954412
8,54,1,0,1,5,247.72070310778906
8,29,1,1,1,1,261.3422260942158
7,28,1,1,0,2,247.9221604736362
7,35,1,1,0,6,244.67541079444013
7,38,0,1,1,2,242.6109486354978
7,39,0,0,1,4,230.14006420365638
7,42,0,0,1,3,233.6444253960779
7,54,1,0,0,5,230.4527479716503
7,10,0,1,0,1,229.73351426258432
7,12,0,0,1,7,241.89155749727541
7,15,0,1,1,0,244.54334454432794
7,16,0,1,1,2,246.90485076296335
7,17,0,1,1,4,246.56930440343191
7,18,0,1,1,1,246.8037854522829
7,23,0,1,1,5,248.2642062056285
7,29,1,1,0,2,246.17309820681325
7,34,0,1,1,3,244.65562390097762
7,35,0,1,1,0,242.78094660425214
7,7,0,0,1,7,242.13146721703626
7,32,0,0,1,2,232.0513266951937
7,33,0,1,1,3,247.20818815183586
7,48,0,1,1,4,242.43369447025555
7,49,1,1,1,3,263.2599380604176
7,51,1,0,1,4,242.86451368125168
7,55,1,1,0,7,258.69010293596335
7,32,0,0,1,7,232.18392047305375
7,37,1,1,1,3,264.4071556680589
7,46,1,0,0,3,231.48160528868445
7,30,0,1,0,6,235.92433806725433
7,33,0,0,1,0,228.53231659829564
7,41,0,0,1,6,244.6927994115954
7,45,0,1,0,2,232.8465591081985
7,56,1,0,1,4,243.46904750473624
7,0,0,0,1,2,228.9369666330034
7,10,1,1,0,7,261.0883938961019
7,15,1,0,0,7,242.4699484018428
7,19,1,0,0,2,233.03356965328194
7,31,1,0,1,2,246.83584748483335
7,32,1,1,1,1,258.49326866835946
7,37,1,1,0,3,245.48059554100337
7,57,0,1,1,7,258.13447432945947
7,2,0,0,1,7,228.7962698151261
7,4,1,0,0,0,226.4538473306209
7,23,1,0,1,2,248.56001236560417
7,24,1,0,1,5,246.39231812598257
7,51,0,0,1,5,232.96094185184523
7,48,0,1,1,5,245.5565188820394
7,49,0,1,1,1,243.76037802085744
7,55,0,1,1,3,249.71562445568793
7,8,1,0,0,6,241.34898777950906
7,23,0,0,1,2,232.84548366180246
7,38,0,1,1,0,241.7618123984685
7,39,0,1,1,3,245.92223309338823
7,44,1,0,1,4,248.27980678897248
7,47,1,1,1,3,260.71190572352066
7,48,1,1,0,6,247.58502441065878
7,56,1,0,1,2,244.88719533426212
7,57,1,0,1,7,259.0479073330734
7,2,1,1,0,2,247.76655341715417
7,4,1,1,0,1,247.18723550235597
7,7,1,1,0,6,247.85253337245214
7,30,1,0,1,7,261.5520660095278
7,45,0,1,0,0,230.44049536972935
7,6,1,1,0,2,247.11462712577583
7,37,0,1,1,7,248.18456192540293
7,42,0,1,1,6,245.90022598257136
7,47,1,0,1,5,242.11961863151245
7,48,1,0,1,4,243.86017252153587
7,51,1,1,1,4,261.99242313026207
7,3,1,1,1,2,264.17748442269607
7,4,1,0,1,6,246.37090089185443
7,24,1,0,1,2,245.41741633785546
7,25,1,1,1,1,258.405336407148
7,26,1,1,1,4,259.3800372409077
7,28,0,1,1,2,247.92393420838488
7,43,1,1,1,2,261.4515002916153
7,44,1,1,1,6,262.86498590374293
7,54,0,1,1,6,254.0465160602932
7,55,1,0,1,6,250.84886958934507
7,56,0,0,1,3,232.84044981398407
7,4,1,1,1,4,256.7875817345337
7,45,1,0,1,6,249.14996382821164
7,47,1,0,1,2,243.4520069588043
7,51,0,0,1,0,226.13542570047713
7,58,0,0,1,1,231.28531976393035
7,12,1,1,1,3,260.45253257634124
7,13,1,0,0,5,235.84090182801472
7,41,1,0,1,4,247.58006494746246
7,45,1,1,0,3,245.62865433874265
7,51,1,1,0,3,247.34399029687262
7,52,1,0,0,4,232.38845835546803
7,6,0,1,1,4,244.182229625061
7,8,0,0,1,1,232.9476319635903
7,12,0,1,0,0,231.96293085075672
7,20,1,1,0,3,249.38408751634552
7,28,0,1,0,6,229.9061805191178
7,0,1,0,1,3,247.7305104429621
7,31,1,0,1,1,246.4800898802045
7,32,1,0,1,7,246.25882872825133
7,26,1,1,0,0,245.83893820359089
7,34,0,1,1,4,241.92310289288085
7,3,1,0,1,0,242.36919565606362
7,4,1,0,1,2,245.04714106342976
7,5,1,0,1,0,243.4649961474883
7,6,1,0,1,2,247.9823671194784
7,7,1,1,1,3,260.4405065619944
7,8,1,0,1,3,246.97630536557008
7,17,1,0,0,0,232.8190397746682
7,20,0,1,1,1,243.90614890376082
7,30,1,1,1,7,276.5737341474197
7,34,1,1,1,6,260.56956981434195
7,35,0,0,1,1,228.9118243704395
7,37,0,1,0,2,229.9140608544555
7,14,0,1,1,6,253.10463383244806
7,18,0,0,1,4,232.28285161162447
7,19,1,0,1,5,248.2307569626341
7,28,1,0,1,5,249.1258925146685
7,40,1,0,1,4,243.06069346707068
7,52,0,0,1,5,233.34379439547783
7,56,0,1,1,2,247.30107550299937
7,58,0,1,1,2,246.6262481784688
7,59,0,0,1,7,244.15373796919954
7,38,1,0,1,5,246.36821143236781
7,43,0,1,1,3,249.64851276728012
7,50,0,1,1,4,246.8659466305276
7,51,0,1,1,6,242.28869436208643
7,19,1,1,0,4,248.99174925728482
7,31,0,1,1,4,243.66901993755016
7,38,1,0,1,6,249.59174755605062
7,39,0,0,1,1,231.7337925626296
7,57,1,1,0,0,245.01180016530952
7,6,0,0,1,2,230.61882885503184
7,42,0,1,1,3,245.57992917347025
10,0,0,1,0,2,228.5758343715082
9,0,1,1,1,0,257.29286134499347
9,2,0,1,1,2,246.36955510017074
9,12,0,1,1,0,249.78835377044834
9,13,0,1,1,2,249.37284498871298
9,50,0,1,1,7,243.37299555871024
9,57,1,1,1,3,260.25374781748167
9,5,1,0,1,3,249.1564928293643
9,49,1,1,1,1,256.86088002978056
9,42,0,1,1,2,241.96091473996006
9,6,1,0,1,7,274.1457960318044
9,7,1,1,1,7,285.52927159270814
9,21,1,0,1,5,244.6915098884049
9,43,1,0,1,6,248.9661898719972
9,53,1,1,1,4,259.5267725296802
9,4,1,0,1,0,247.84168142995622
9,4,0,1,1,2,248.97665893661008
9,40,1,0,1,7,262.19727437851225
9,11,1,0,1,0,247.47790451892715
9,29,1,0,1,6,243.85292621283966
9,43,1,1,1,4,260.4210195395569
9,51,0,1,1,1,244.66144181812538
9,4,1,1,1,0,262.3880091026939
9,14,1,1,1,3,275.604266608114
9,6,1,0,1,6,248.59729652100953
9,10,1,1,1,5,263.99410701357397
9,29,1,1,1,4,257.0717237687456
9,36,1,1,1,3,263.1846747997438
9,48,1,0,1,2,242.9164819492373
9,38,1,1,1,5,255.34249904655562
9,16,1,1,1,4,262.6272771861085
9,20,1,0,1,1,246.08092116612005
9,42,1,1,1,5,261.16085432287986
9,37,1,0,1,0,243.83721938387123
9,12,1,1,1,3,261.10399663160956
9,29,1,1,1,6,269.6494025591157
9,11,1,1,1,5,263.2649266739181
9,6,1,1,1,1,263.46035593919305
8,57,1,1,1,3,264.1455827506636
8,50,1,1,1,6,262.3324540574854
8,17,1,0,1,7,264.4791205966842
8,25,1,1,1,2,265.17251389525507
8,38,1,1,1,3,259.3603260773493
8,28,1,1,1,5,268.7798877170427
8,10,1,0,1,1,249.9936653125248
8,28,0,1,1,5,250.5038873624614
8,14,1,1,1,1,263.1817438901164
8,17,1,1,1,2,263.42563375411027
8,27,1,1,1,2,261.50149547095765
8,28,1,1,1,6,266.7384356958529
8,11,0,1,1,3,251.23355628213943
8,28,1,1,1,2,266.6498440425352
8,32,1,1,1,5,269.7653876981784
8,24,1,1,1,4,264.8156147139851
8,55,1,1,1,0,260.12727485309944
8,46,0,1,1,6,247.49573556855083
8,11,1,0,1,3,248.3355697320117
8,16,1,0,1,0,247.51661016945036
8,7,1,1,1,1,259.52059742482703
8,40,0,0,1,6,243.58309283716736
8,2,0,1,1,7,258.00148717049154
8,6,1,0,1,7,267.4552645366871
8,15,1,0,1,4,248.83075178176802
8,8,1,1,1,6,263.9583537585752
8,15,1,0,1,2,251.57700753197744
8,34,1,1,1,5,265.8229200385772
8,51,1,0,1,2,249.41903248369078
8,27,1,1,1,5,262.56560414875946
7,44,1,1,0,1,247.13823460825193
7,50,0,1,1,2,246.2031929562284
7,54,0,0,1,2,232.02187779109707
7,38,0,0,1,4,231.2421187152194
7,41,1,0,1,3,248.3255802578496
7,44,0,1,0,1,231.97969879633382
7,2,1,0,0,3,230.72603810749763
7,20,1,0,0,4,233.02198628883244
7,25,0,1,1,2,246.11520689388055
7,26,0,1,1,0,245.97054747584716
7,29,0,1,1,6,247.86697710176406
7,52,0,1,1,6,245.39277775270122
7,53,0,1,1,5,247.9451880339954
7,27,0,0,0,7,226.8719403341042
7,28,1,1,1,4,263.5477773111305
7,30,0,1,1,7,259.19931255793955
7,1,0,1,1,3,248.04847395001897
7,21,0,1,1,3,248.4965871012565
7,35,0,1,1,3,247.0631108505905
7,46,1,0,1,1,244.46433506402659
7,13,1,1,0,6,254.716578730151
7,19,0,1,1,5,247.56800653634178
7,21,1,1,0,0,245.85354272169778
7,32,1,1,0,2,246.45526772206554
7,42,1,0,1,3,247.50324592257977
7,48,1,0,1,1,244.5703181076495
7,50,1,0,0,3,231.11279710405282
7,59,0,0,1,0,225.53905142805942
7,0,0,0,1,7,229.04626697470275
7,1,1,0,1,4,244.26023095665943
7,2,1,0,1,2,246.93791812869907
7,4,1,0,1,0,243.8141866136209
7,10,1,0,1,7,257.94314250904023
7,12,0,1,1,7,248.12536577768134
7,15,0,0,1,2,233.08094425076087
7,38,0,0,1,3,237.82680662088922
7,11,1,0,0,3,233.17558602737307
7,31,0,1,0,6,232.50606635722184
7,55,1,0,1,5,250.65321530971102
7,58,0,1,1,3,246.2454170415695
7,24,1,0,1,6,246.67655394457068
7,26,0,0,1,0,230.43293407083223
7,29,1,0,1,5,244.10806334274383
7,30,0,0,1,1,232.126170704627
7,50,1,0,0,4,232.2694780944762
7,55,0,1,1,5,250.32000022752027
7,29,0,1,0,3,231.55563793371977
7,54,1,0,0,4,230.04454400670647
7,7,1,1,1,0,254.20559769018053
7,16,1,0,1,6,247.92892063991417
7,19,0,1,1,1,245.38913333418557
7,24,0,0,1,4,233.02295767477833
7,27,1,0,1,0,243.69625047002165
7,28,1,0,1,1,245.34550412759137
7,49,0,1,1,4,244.78367428932447
7,1,0,0,1,2,230.7568610720171
7,3,0,0,1,2,230.16604534921618
7,13,1,0,1,5,247.43944118288368
7,26,1,0,1,1,244.990347491085
7,1,1,0,1,7,252.9217513331018
7,16,1,0,0,3,233.46680214011104
7,20,0,0,1,6,236.09230075913862
7,21,0,1,1,2,249.35545344981972
7,22,0,0,1,2,230.85687699462332
7,37,0,0,1,0,227.27448848655698
7,3,1,0,1,6,248.94310325556458
7,20,1,0,1,1,246.2861010584546
7,28,1,0,0,7,243.15251704607417
7,44,1,1,0,3,247.10043499628392
7,54,1,1,1,5,261.33507433724253
7,55,0,1,1,1,245.7594314761871
7,2,1,1,1,6,257.63203792321326
7,3,0,0,1,1,230.17311218541275
7,14,1,1,1,3,265.5881255412238
7,15,1,1,1,0,255.0932790770696
7,48,0,1,1,0,242.9078830099371
7,49,0,1,1,3,244.84007525264227
7,8,1,1,1,1,258.188681313506
7,9,1,1,0,5,246.59408659830393
7,20,1,0,1,7,258.7347228508731
7,28,0,0,1,2,230.54011426988166
7,36,0,1,1,5,247.32509801020439
7,45,0,1,1,1,246.5268531466906
7,49,1,0,0,4,233.491096036114
7,24,1,0,1,7,246.93878660007536
7,36,1,0,1,4,244.64635868865722
7,42,1,1,1,7,276.2492264645596
7,46,1,1,0,3,248.49315594295334
7,21,0,1,0,3,233.32680019466366
7,24,1,0,1,1,247.32399083391866
7,25,1,0,1,6,253.7682283301061
7,52,1,0,0,5,234.39639963663288
7,8,1,1,0,0,243.07972090326706
7,10,1,0,1,4,246.87567919446153
7,11,0,0,1,2,229.74435825072794
7,13,0,1,1,5,244.6984077766411
7,15,1,1,1,3,266.66531216523776
7,56,1,1,0,4,247.3695444376322
7,8,1,0,0,5,233.47223342543938
7,12,1,0,1,6,248.6421242738881
7,21,1,1,1,1,260.4624062295749
7,34,0,0,1,2,230.45806758865547
7,36,0,1,1,6,242.04380490948216
10,0,0,1,0,0,72.87390374772116
10,1,0,1,0,3,2.7497955575338993
9,15,1,1,1,5,264.6885987771136
9,44,1,0,1,2,246.1573907204617
9,50,1,1,1,1,261.437450894097
9,41,0,1,1,5,245.72818573149496
9,2,1,1,1,1,262.95813370489105
9,33,1,1,1,6,275.77007646216754
9,37,1,1,1,7,261.33042620705146
9,44,1,1,1,2,261.7025536528772
9,58,1,0,1,6,245.59287524440336
9,47,1,0,1,2,245.76442606978583
9,23,1,1,1,7,270.6186636442695
9,43,1,1,1,3,263.309073718439
9,49,1,0,1,5,244.6596311321221
9,17,1,0,1,1,244.8242457434189
9,3,0,1,1,5,248.07581843319795
9,41,1,0,1,1,246.21643121920226
9,44,1,0,1,4,245.95149175353598
9,48,1,1,1,4,260.2585471986261
9,43,1,1,1,5,261.0663722345724
9,11,1,0,1,4,249.47219192541712
8,0,1,1,1,2,261.9196762279215
8,55,1,1,1,3,271.7110734769966
8,7,1,0,1,2,254.37362120407033
8,9,1,0,1,4,245.2819481109336
8,35,1,1,1,2,263.01244284436257
8,4,0,1,1,6,247.53194153585375
8,9,1,1,1,2,265.55914138198415
8,25,1,1,1,7,266.2114884126356
8,7,1,1,1,7,275.0073880310293
8,30,1,0,1,1,246.01612004257314
8,25,1,1,1,4,257.1669580138809
8,39,0,1,1,4,244.50918577438281
8,47,1,1,1,1,254.32343993018543
8,48,1,0,1,0,241.1559419299403
8,58,1,1,1,3,262.29382794336817
8,35,1,0,1,1,248.0001147456892
8,57,1,0,1,1,247.59679523198088
8,16,1,1,1,2,262.3866325351115
8,24,1,0,1,2,251.10904625033422
8,31,1,1,1,4,264.2148233103258
8,32,1,1,1,7,280.4875080492584
8,4,1,1,1,7,278.52354741714095
8,24,1,0,1,7,262.89722587240294
8,19,1,1,1,4,264.21801160000325
8,24,1,1,1,5,265.7745382261601
8,8,1,1,1,5,265.33956610964987
8,20,1,0,1,4,251.15510493587448
8,54,1,1,1,7,265.3285759438557
8,51,1,0,1,6,249.37693166186898
8,3,0,1,1,3,250.77915338147093
8,4,1,1,1,1,260.78053017679247
7,2,0,1,1,5,243.94500867118748
7,41,1,1,0,6,248.7726892627813
7,51,1,1,1,7,278.5803918516433
7,30,1,0,1,1,244.24823004642937
7,33,1,1,1,0,257.89426199546136
7,34,1,1,1,1,258.51151981382776
7,13,0,0,1,4,231.16518319121252
7,14,0,0,1,7,247.18467857248757
7,16,0,1,1,0,244.63580937339722
7,17,0,1,1,0,247.1497184361046
7,18,0,1,1,4,249.49185603571823
7,19,1,1,1,1,260.3116473583179
7,4,0,0,1,4,232.81228287534742
7,5,0,0,1,2,231.65619221441736
7,7,0,0,1,5,232.8875793605655
7,32,1,1,1,3,269.16217141022145
7,34,1,1,1,4,258.97678945635687
7,35,1,1,1,7,278.7407929391713
7,53,0,0,1,2,230.55254945896715
7,57,0,0,1,2,228.30069867186847
7,7,1,1,1,4,259.60102267270133
7,8,0,1,1,6,247.40404919058855
7,11,1,1,1,2,262.8133154202251
7,14,1,0,1,6,252.13083562699887
7,21,1,0,1,3,250.17664323849635
7,38,1,1,0,1,243.26578714013235
7,39,1,1,1,6,255.13600612230096
7,41,0,1,1,4,243.87941275503323
7,44,1,1,1,3,266.3350833914072
7,46,1,1,0,4,248.16093348485822
7,1,0,0,1,0,226.99103631036348
7,7,1,0,1,3,250.12959199964675
7,43,1,1,0,0,243.7658350176127
7,48,1,0,0,3,229.1300267918069
7,2,0,0,1,4,228.68569684398977
7,24,1,0,0,0,230.82384454299492
7,55,0,0,1,4,233.83081931409765
7,56,1,0,1,7,254.9936557894819
7,17,0,0,1,5,236.26631678035764
7,33,0,1,1,5,247.15679038120513
7,40,0,0,1,5,233.09659112626747
7,45,1,1,0,0,245.00529465822746
7,17,1,1,1,7,260.91447525714386
7,19,1,0,1,1,248.07197848804017
7,31,0,0,1,2,230.65286124980398
7,32,0,1,1,0,244.01064275462588
7,35,0,1,1,1,240.8492321649114
7,38,0,1,1,7,256.453407061303
7,21,0,1,1,5,247.49420961643054
7,22,0,1,1,7,245.2078943456044
7,36,0,1,1,4,245.73490391435627
7,5,0,1,1,4,247.97719153690667
7,31,1,1,0,1,244.48186921521562
7,52,1,0,1,4,245.01560092407598
7,53,1,0,1,2,246.4479452615277
7,54,1,0,1,7,258.8444989130708
7,55,1,1,0,1,247.8172858690814
7,59,1,1,0,2,244.6080254314674
7,24,1,0,0,6,231.21690592977802
7,13,0,1,1,0,244.91495904943756
7,17,1,1,0,2,250.63439169930427
7,25,0,1,1,3,247.26937713235495
7,52,0,1,1,5,245.4337108545016
7,28,0,0,1,4,230.688676262117
7,38,0,0,1,1,228.17662368149237
7,45,0,1,1,7,257.3283877195264
7,52,1,1,0,2,244.55996346897308
7,59,1,0,1,6,245.58519523102123
7,0,1,0,1,2,249.67921591379783
7,1,1,1,1,7,273.6625109629006
7,10,0,0,1,7,241.27377571237744
7,24,0,1,1,4,243.6473445860738
7,26,1,1,1,5,263.48225585808257
7,45,1,1,1,3,262.82008964281545
7,51,1,0,0,6,233.6278083555912
7,54,1,1,1,7,271.72275014157145
7,19,1,1,1,0,260.935463805867
7,21,1,1,1,3,261.3955467842067
7,30,1,1,1,2,261.1951456386587
7,31,1,0,1,6,248.96274490857735
7,33,0,1,1,7,263.18601283416353
7,16,0,0,1,2,232.33925856880924
7,17,0,0,1,3,234.90539217955336
7,46,0,1,1,1,247.03989177799335
7,34,1,0,1,1,246.8388172104795
7,4,1,0,1,5,244.86011627014315
7,18,1,1,1,1,259.04177711902463
7,19,1,1,0,5,249.90078898758355
7,6,1,0,1,6,247.08087548280668
7,7,1,0,1,6,250.9937352560933
7,9,0,0,1,3,233.78907612742447
7,45,0,1,1,6,246.88838231210724
7,47,1,1,1,0,255.9215632905718
7,48,1,1,1,2,261.9780708393683
7,50,1,1,1,2,260.91871168955146
7,51,1,1,1,5,261.87445185835617
7,57,1,1,0,6,251.5731112479642
10,0,1,0,0,4,161.42337408874627
9,15,1,1,1,4,262.6453484333169
9,50,1,1,1,3,262.6228232662298
9,21,1,1,1,4,264.0722821193816
9,1,1,1,1,2,262.5828323865074
9,53,1,1,1,0,253.01524718536268
9,0,1,1,1,6,259.5922566567752
9,52,1,1,1,3,257.4510755915941
9,51,1,0,1,3,243.63650215498535
9,51,1,1,1,1,259.2396822837924
9,27,1,0,1,0,243.40118618550287
9,32,1,0,1,4,245.9367262589186
9,48,1,1,1,1,255.68741631861184
9,32,1,1,1,6,260.3698026939307
8,11,1,1,1,6,267.34347717673137
8,44,1,1,1,1,261.4908576618617
8,59,1,0,1,7,245.05853710299192
8,8,1,0,1,5,251.42351301301193
8,4,1,0,1,0,245.24200921909232
8,53,1,1,1,2,259.68409740527414
8,0,1,1,1,7,274.591635483296
8,4,1,1,1,4,265.03673056389454
8,20,1,0,1,3,251.21268903339418
8,8,1,1,1,0,265.0671914328555
8,42,1,0,1,7,257.3064968048689
7,20,1,1,1,5,265.57712262494374
7,58,1,0,1,5,245.16956548076885
7,56,1,1,1,7,274.0549282443353
7,58,0,0,1,0,229.61473586974756
7,21,1,0,1,0,243.72194487988082
7,31,0,1,1,5,248.66600187483533
7,39,1,1,1,5,256.66313591239316
7,49,1,0,1,2,246.01230528124796
7,50,1,1,1,4,259.9895835205863
7,51,1,1,1,3,263.3049736018692
7,5,1,0,1,2,246.71585343652717
7,54,0,1,1,4,247.62144749928135
7,10,0,0,1,3,233.31522438342344
7,26,1,1,0,4,246.41468622976134
7,8,0,1,1,3,247.43541448275656
7,54,1,1,0,6,258.74031020583567
7,13,0,0,1,5,230.15453179257742
7,22,1,0,1,4,247.82190244496104
7,23,1,0,1,6,250.83638938510052
7,37,0,1,1,6,242.90463972292042
7,53,0,0,1,7,231.6214899592669
7,21,1,1,1,4,262.3157731574291
7,15,0,1,1,1,248.07265611152928
7,16,0,1,1,4,245.4043501509509
7,20,0,1,1,3,248.64491371395246
7,57,0,0,1,6,228.12240279544125
7,31,0,0,1,3,228.7166850127885
7,32,0,1,1,1,243.0601051092693
7,37,1,0,1,4,242.19087552441124
7,40,0,1,1,5,244.2619057795216
7,44,1,0,1,1,244.94026522292958
7,47,1,1,0,2,244.7226421378922
7,3,1,1,0,3,243.5602017986654
7,28,1,1,1,6,262.2196563509033
7,29,1,0,1,6,246.6677762179395
7,44,0,1,1,7,259.9448696000233
7,52,0,0,1,7,240.95584982931493
7,56,1,0,0,1,229.47893126865156
7,58,1,0,1,6,247.32007878370666
7,0,1,1,1,5,262.7145560867988
7,7,1,0,1,1,248.48119253444636
7,56,1,1,0,5,248.61398511767098
7,3,0,0,1,0,229.98554011188938
7,20,1,1,1,4,264.1787209315935
7,33,0,1,1,0,241.3205576651304
7,34,0,1,1,7,257.5661690206492
7,36,0,1,1,2,244.56970877331182
7,28,1,1,1,3,262.50020854275226
7,30,1,0,1,3,249.4424457896022
7,41,0,1,1,0,243.28802685645354
7,49,1,0,1,7,257.7965383626006
7,0,0,1,1,7,253.9798915801998
7,2,0,1,1,7,257.4366471597239
7,7,0,1,1,3,244.93258955745608
7,56,0,0,1,2,232.83395840098095
7,58,1,0,1,1,245.44439131727353
7,14,1,1,1,2,259.91580863124176
7,15,1,1,1,7,274.7774092874994
7,27,0,0,1,0,229.950046504312
7,49,0,1,1,0,242.15962786140605
7,51,0,1,1,3,245.76930722707633
7,58,0,1,1,5,246.7087896801291
7,11,0,1,1,0,244.4568797151486
7,12,0,1,1,4,247.7279628183479
7,20,1,0,0,5,232.76732525023644
7,25,1,1,0,3,249.39345992287465
7,27,1,1,1,5,259.7302204838525
7,28,1,1,0,0,244.997907719824
7,50,0,0,1,7,240.90616202966407
7,46,1,0,1,6,245.42292244849267
7,48,1,0,1,5,244.23185197376426
7,50,1,1,0,2,244.883049581721
7,5,1,1,0,2,246.3231832963515
7,57,0,1,1,0,245.51994033630123
7,59,0,1,1,7,256.5535800806993
7,17,0,1,1,3,256.45878531051324
7,26,1,0,1,7,261.20066948637685
7,54,1,0,0,1,230.88489711169555
7,14,1,1,0,3,249.76410724795886
7,24,1,1,0,4,247.77090396614548
7,33,1,0,1,0,243.68971589596475
7,34,1,0,1,0,245.11806993142645
7,35,1,0,1,4,245.96475194800766
7,54,1,1,1,3,264.31288920106385
7,25,1,0,1,0,242.47782025488283
7,26,1,0,1,4,242.6319507665662
10,0,0,0,0,7,158.37926417573817
9,55,1,1,1,5,272.9021343254634
9,25,1,0,1,2,244.30439554782987
9,25,1,1,1,7,271.8657050539346
9,5,1,1,1,1,265.84563574542864
9,46,1,0,1,0,244.32084141791282
9,48,1,1,1,2,259.6844386453417
9,3,1,1,1,7,282.213391349861
8,10,1,1,1,5,265.665665834023
8,50,1,1,1,4,260.8570121203189
8,5,1,0,1,2,249.90167780800377
8,12,1,1,1,0,261.036017399182
8,11,1,1,1,3,268.77514342337577
8,22,1,1,1,4,266.59527901804654
8,10,1,0,1,7,266.66375701934953
8,29,1,0,1,7,263.8063744096717
8,22,0,1,1,1,250.17782856488512
8,48,0,1,1,1,243.01011487048672
8,16,1,0,1,1,248.8336709021491
8,28,1,0,1,5,253.16992132487167
8,16,1,0,1,4,248.31362944257475
8,20,1,1,1,0,265.17395055517994
8,36,1,0,1,2,244.6379672606809
8,7,1,1,1,4,263.048642703519
7,31,1,0,1,7,248.72012936009952
7,47,0,0,1,6,232.774120125371
7,23,1,1,1,6,261.0782023936931
7,53,1,1,1,5,265.70382612112854
7,15,0,1,0,1,231.06670889504582
7,33,0,1,1,2,246.3127436148838
7,37,1,1,1,4,257.70585997775964
7,39,0,1,1,7,253.21181923715298
7,53,0,1,1,2,248.74776370861053
7,54,0,1,1,0,246.15136025266264
7,9,0,0,1,4,232.52867344267912
7,24,1,1,1,5,261.03534854205304
7,13,1,0,0,7,245.37600339107294
7,27,1,1,0,5,246.32937626615464
7,50,0,1,1,6,246.83169254343713
7,0,1,1,1,2,261.8193962212423
7,1,1,1,1,5,260.5472042003498
7,5,0,1,1,1,247.4104595242364
7,25,0,0,1,6,239.38599276014796
7,45,0,0,1,4,232.32067526709085
7,22,1,0,1,0,247.03604798861662
7,40,0,1,1,2,244.2281528840491
7,43,0,0,1,0,228.24656074887955
7,59,1,1,0,5,244.91198238924252
7,7,1,0,1,0,243.84018740790026
7,10,0,1,1,4,247.7501461373304
7,19,1,1,1,5,260.9273159912061
7,36,1,0,1,3,247.0057174495024
7,47,1,0,1,6,242.2856052950368
7,57,1,1,1,4,260.50722899913524
7,16,0,0,1,5,232.25320824159397
7,28,1,0,1,6,248.7412020384952
7,29,1,0,1,3,244.19773711781642
7,59,0,1,1,2,243.50885483954153
7,12,1,1,0,5,248.49171605107702
7,58,1,0,1,3,247.06343066035635
7,43,0,1,1,1,247.98296874466445
7,53,0,1,1,3,252.02480590128735
7,40,0,0,1,4,227.01128796022414
7,56,1,0,1,5,245.32952082771146
7,6,1,1,0,3,248.51821200317184
7,8,1,0,1,5,248.78873481229624
7,16,0,0,1,1,232.11795458565825
7,24,0,1,1,5,244.87580129263725
7,36,1,0,0,7,240.91937307563137
7,48,0,1,1,1,244.11877100027715
7,30,0,0,1,2,231.41167351519107
7,3,0,1,1,1,247.0790285011187
7,38,0,0,1,5,230.92516344755785
7,18,0,1,1,7,249.7499629361513
7,21,0,0,1,2,229.17824985135292
7,25,1,0,1,1,243.22315237843162
7,38,0,1,1,1,241.90610778887051
7,52,1,0,0,0,230.6963983756974
7,3,1,1,0,1,243.68927747889933
7,10,0,1,1,1,246.4504780359909
7,12,0,1,1,5,247.6277182740288
7,15,1,1,1,2,266.274806469044
7,4,0,0,1,2,231.9543229442795
7,5,1,0,1,4,246.50315359019805
7,9,1,1,1,0,257.930652274581
7,10,1,1,1,3,262.32564274115606
7,26,1,0,1,6,245.8098055711085
10,1,0,1,0,6,164.73088656638117
9,36,1,1,1,4,261.00017914978395
9,55,1,1,1,6,260.30636417900587
9,32,1,0,1,6,244.28382840582017
9,25,1,0,1,1,246.37836855940162
9,30,0,1,1,2,242.33036822491266
9,15,1,1,1,2,266.15290994071376
9,9,1,0,1,5,245.5579454365129
9,35,0,1,1,2,245.23329070987256
9,20,1,1,1,0,259.02087255834925
9,37,1,1,1,2,259.42057898877596
8,53,1,0,1,6,249.2086573623258
8,6,1,1,1,1,261.3140648152251
8,18,1,1,1,5,265.4792107883082
8,40,1,0,1,3,244.77171529389764
7,44,1,1,0,6,247.16268696042266
7,0,1,1,1,1,260.03459571344354
7,58,0,1,1,4,245.4217443745978
7,12,1,1,0,2,247.77253337589502
7,54,1,0,1,1,244.59200016241283
7,55,1,0,1,0,246.07833675669434
7,49,1,1,0,4,246.6711972922891
7,9,1,1,1,4,262.09454615021554
7,45,0,1,1,3,246.87001705357682
7,48,1,1,1,4,256.4199035136033
7,50,1,1,1,5,261.9062108062148
7,5,1,0,1,5,247.51673040533305
7,8,1,1,1,3,260.43610357277174
7,27,0,1,1,5,245.626978130338
7,2,0,0,1,0,226.6106218916453
7,23,0,0,1,1,230.85654187301262
7,49,0,0,1,2,229.9771738046274
7,52,0,1,1,4,246.18410747062708
7,55,0,1,1,6,251.81646205524208
7,10,1,1,1,0,262.1879128484397
7,11,1,1,1,3,263.70719518172695
7,42,0,0,1,0,226.1703091310866
7,44,1,0,1,0,245.5335773361536
7,3,0,1,1,4,241.57785864107447
7,4,1,1,1,3,252.45508693458186
7,11,1,1,1,1,262.382938659842
7,19,0,0,1,6,236.10791439101956
7,2,1,0,1,5,246.81996265864925
7,5,0,0,1,3,236.8619077691675
7,45,0,0,1,2,232.66707708837384
7,47,0,1,1,1,245.4508127837396
7,58,1,0,1,2,245.98640487996926
7,20,1,0,0,6,233.36606135022544
7,28,1,0,1,2,244.4695884812129
7,29,1,0,1,2,245.13002209591332
7,50,1,0,1,5,244.75511413108896
7,12,0,1,1,0,241.64156082672636
7,14,0,1,1,4,246.9144679376836
7,16,0,1,1,6,252.3233636479097
7,45,1,1,1,6,255.33778972112964
7,59,0,0,1,4,228.62470181132696
7,0,1,0,1,0,241.3976628159546
7,1,1,0,1,6,245.01028081713696
7,57,1,0,1,4,243.2493340353083
7,35,1,0,1,2,246.26828131176018
7,52,1,0,1,6,243.75157570043828
7,17,0,1,1,1,248.221065238669
7,23,1,0,1,0,246.43360745349432
7,27,1,0,1,3,250.14193521639635
7,59,0,1,1,1,244.70722229829582
7,44,1,1,1,5,262.0841548597481
7,49,1,0,1,6,244.32116524951843
7,50,1,0,1,4,244.81219934596658
7,51,0,0,1,1,230.98604203735357
7,33,1,1,1,4,257.8992596462469
10,0,0,0,1,1,128.1760724785075
9,10,1,0,1,6,253.64287762974686
9,59,1,0,1,2,247.232212712736
9,11,1,1,1,7,263.63233612430076
9,53,1,1,1,7,260.70940775835356
9,33,1,1,1,0,254.33011557368184
8,30,1,0,1,5,251.72395907730444
8,53,1,1,1,7,272.62045995513927
8,57,1,0,1,4,246.68579214915036
8,40,1,0,1,0,245.42789142350009
8,17,1,1,1,7,283.1738703672533
8,56,1,1,1,3,263.04743654294873
8,29,1,1,1,7,261.8029195118478
7,36,0,0,1,5,230.72249675779062
7,39,0,1,1,4,240.2714480789882
7,11,0,0,1,1,231.74647540364467
7,6,1,0,1,0,249.12747635467957
7,17,1,0,1,5,250.1833586654371
7,30,1,1,1,0,256.7822130353631
7,48,0,0,1,5,229.81124082876187
7,6,0,1,1,3,245.51896493657495
7,22,1,0,0,4,230.61075787318484
7,29,0,0,1,2,230.82902698123328
7,43,1,1,1,0,258.8064846145011
7,2,0,0,1,1,228.8341788638067
7,8,1,0,1,7,259.01677169659195
7,13,1,0,1,7,256.58139724549943
7,29,1,0,1,4,243.99174966577732
7,50,1,1,1,3,264.2221862180568
7,51,1,1,1,0,258.4067493630702
7,7,1,1,1,7,257.69886654919236
7,53,1,1,0,4,249.11261261891383
7,36,1,0,1,6,244.19242932770018
7,48,0,0,1,6,231.8573460293356
7,26,1,1,1,7,263.1453915324286
7,8,1,1,1,2,257.6792323307421
7,10,1,1,1,6,271.4013430642901
7,24,0,1,1,7,252.12870349101186
7,42,1,1,1,1,263.1207861100265
7,47,1,1,0,5,246.87980368533204
7,4,1,1,1,6,261.4770507183472
7,11,0,1,1,7,247.28131910224818
7,12,1,0,1,4,244.51727827905634
7,14,1,1,1,1,262.36019127927244
7,15,1,1,1,4,261.5389215768989
7,17,1,1,1,3,273.93732128639266
7,16,1,0,1,7,259.22912624306986
7,22,1,1,0,2,244.7244329539368
7,38,0,0,1,0,228.21264951250032
7,41,0,0,1,3,232.14778298489094
7,19,1,0,1,6,254.997752546885
7,25,1,0,1,5,246.15704275310313
7,42,1,0,1,4,247.25234471336708
7,48,1,1,1,1,258.80391009550806
7,31,1,1,1,6,262.06848042005595
7,53,1,0,1,4,244.70510705380738
7,14,1,0,1,7,260.0167736540933
7,36,1,1,0,2,244.1030544934627
7,42,1,1,0,1,241.9018321236314
7,45,1,1,1,2,263.26201225988353
7,46,1,1,1,2,260.258309920108
7,47,1,1,1,4,258.60849930912224
7,10,1,0,1,1,246.460970849891
7,40,1,0,1,7,240.22559106983107
7,46,1,0,1,0,240.57479796039206
7,47,1,0,1,3,241.317570805988
7,14,1,1,1,0,259.0309710162008
7,27,0,0,1,7,230.1047814555932
9,22,1,1,1,4,262.7299981733516
9,59,1,0,1,1,248.49951579241764
9,54,1,1,1,3,272.55095125764717
8,36,1,0,1,5,249.2350742130471
8,12,1,1,1,5,264.53322598761895
7,5,1,1,1,6,259.9804517306632
7,6,1,0,1,5,247.01422501115115
7,17,0,1,1,5,248.199522158836
7,18,1,1,1,5,266.6867009565141
7,3,0,1,1,3,248.48014308259175
7,7,1,0,1,4,250.95551778195198
7,17,1,0,1,2,246.84128822636129
7,18,1,0,1,6,255.86087211198162
7,21,0,1,1,6,248.32006170638024
7,23,1,1,0,5,246.00406938631377
7,36,1,1,1,3,259.98641875807294
7,8,1,1,1,7,267.23384215459623
7,41,1,0,1,6,248.5028077483533
7,55,1,1,1,6,272.8905688092364
7,9,0,1,1,6,249.92917098245584
7,46,0,1,1,2,247.78533273325257
7,49,1,0,1,1,243.4768734529371
7,11,0,1,1,6,247.35591358152226
7,24,0,0,1,2,232.54396429288477
7,34,1,0,1,2,248.34267646289007
7,46,0,1,1,5,250.04509827681477
7,18,1,0,1,2,245.27566981080793
7,22,1,1,1,5,261.506433002416
7,3,1,1,1,6,269.8263670789773
7,12,0,0,1,1,231.66296572818771
7,32,1,1,1,5,260.07773761377393
7,34,0,1,1,2,241.53147465107625
7,39,1,1,0,5,245.23440293167243
7,38,1,0,0,4,229.0785887928716
7,27,0,0,1,1,230.20878379410425
7,21,1,1,0,3,246.81601281774374
7,23,1,1,1,3,261.35764080463105
7,51,0,1,1,1,243.75636184116667
7,45,1,0,1,4,249.53520575270596
7,46,1,0,1,7,245.88591214156193
7,7,1,0,0,3,234.18018748595665
7,22,1,1,1,4,256.5240203564682
7,8,0,1,1,4,245.23724217479
7,25,1,0,0,6,230.00170214766877
7,37,1,1,1,7,256.3645175203962
7,51,1,1,1,6,261.76300743587814
7,29,0,1,1,2,244.66488485638425
7,30,0,0,1,4,231.16254785176721
7,47,0,0,1,7,241.6152175679528
7,18,1,1,0,0,247.35447594003847
10,0,1,0,1,4,249.55475988278164
9,57,1,1,1,7,276.36431320670044
9,50,1,1,1,2,261.7666673610431
8,13,1,1,1,5,266.4680423729169
8,57,1,1,1,6,263.5781256169228
8,15,1,1,1,2,264.2068979551032
7,17,1,1,1,1,263.165959201645
7,29,0,1,1,1,247.1752507375735
7,13,1,1,1,2,262.79177684075296
7,53,1,0,1,0,243.70509051236274
7,12,1,1,1,1,259.2134811007309
7,13,1,1,1,5,264.91887866795486
7,21,1,1,1,6,266.76439914397884
7,21,0,0,1,5,231.7481055952944
7,31,0,0,1,1,229.45903258792484
7,39,1,1,1,3,260.8231276408327
7,40,1,0,1,5,243.47636526917165
7,54,1,1,1,1,262.8838727051626
7,59,1,0,1,4,245.48466980989335
7,1,0,0,1,4,230.44537970743832
7,25,0,1,1,7,246.15395142275364
7,40,0,0,1,1,229.4806617646963
7,26,0,0,1,2,230.74149441031744
7,54,0,0,1,5,235.38294968544608
7,18,0,1,1,6,258.9975663511291
7,50,1,1,0,5,246.207346053228
7,33,1,0,1,7,261.0847080424608
7,10,0,1,1,3,251.65340512086289
7,46,1,1,1,7,274.124046019033
7,11,1,1,1,7,276.02866717877134
7,6,1,0,1,1,247.66793715031952
7,43,1,1,0,2,245.89294603770207
7,27,1,1,1,2,258.4323773161538
7,1,1,1,0,7,253.01822526775874
7,15,1,0,1,5,246.6675081355606
7,46,0,1,1,4,247.13064822241176
7,47,0,1,1,7,265.8227359583585
7,54,1,1,1,6,261.98030482491754
7,8,1,0,1,4,248.4222975857262
7,6,1,0,1,4,245.8628463527713
7,52,1,0,1,5,246.06258424056244
7,5,1,1,1,5,251.38542244047088
10,0,1,1,0,2,97.55570619294691
9,50,1,0,1,5,244.02640923798202
9,3,1,0,1,0,248.24300202541116
9,59,1,0,1,5,250.49762098234555
9,2,1,1,1,6,260.6499668177855
9,38,1,1,1,4,257.18808955542886
8,2,1,1,1,5,275.0444322449032
8,37,1,0,1,7,255.3584572446019
8,59,1,0,1,2,245.2145045371675
8,31,1,1,1,6,265.0320050522303
7,56,1,0,1,6,245.5773818203874
7,11,0,1,1,5,245.96643274589212
7,29,1,0,1,7,254.92512680644646
7,50,0,1,1,1,246.88551723086002
7,21,1,0,1,7,262.18626554549815
7,25,1,1,1,7,273.1618894155636
7,57,0,0,1,3,229.41309720639515
7,1,0,0,1,7,237.87684844466784
7,3,0,1,1,7,260.03751637165277
7,25,1,1,1,2,262.40862456835646
7,36,0,1,1,0,237.27608506700045
7,6,1,1,1,4,258.1224262433184
7,30,0,1,1,2,245.9092049036901
7,29,1,1,1,4,256.6015646409463
7,10,1,0,1,5,247.10709306002332
7,16,1,1,1,5,265.0298966709326
7,2,1,0,1,3,245.85471493457544
7,29,0,0,1,3,230.2905111428562
7,43,0,1,1,7,263.553517150683
7,48,0,0,1,4,229.34033510475857
7,50,1,0,1,3,244.53567252519662
7,51,1,0,1,1,245.59552356065942
7,10,0,1,1,6,247.00723074792808
7,29,1,1,1,1,258.5161349713739
7,55,1,0,1,4,250.17601249441807
7,53,1,0,1,6,245.34348308404887
7,32,1,0,1,4,246.64350853290298
7,34,0,1,1,0,240.6465359296572
7,4,1,1,1,2,259.00909033533674
7,6,1,0,1,3,249.40867496857445
9,6,1,1,1,6,262.3319804476298
9,38,1,1,1,0,254.2698803632279
9,57,1,0,1,3,249.3468964402915
8,9,1,1,1,6,268.35727565548996
8,44,1,1,1,6,267.482305568936
8,24,1,1,1,7,277.933810286606
8,40,1,1,1,1,262.68793473544395
7,45,1,0,1,2,248.30877985927248
7,46,1,1,1,5,265.543409309439
7,23,0,1,1,7,255.85346043156434
7,49,0,1,1,2,244.5305954722842
7,51,1,0,1,2,250.9989200378504
7,50,0,0,1,0,229.1697697471686
7,57,0,1,1,6,247.66073738562378
7,17,1,0,1,6,249.68996758847706
7,18,0,1,1,3,249.549660976159
7,27,1,1,1,7,272.5823189905793
7,9,0,1,1,4,246.8655468994314
7,55,0,1,1,2,248.51546710371682
7,8,0,1,1,0,245.48981101462562
7,22,1,1,1,1,259.9213698513076
7,32,1,0,1,2,257.27531935848486
7,33,1,1,1,1,259.06788005665885
7,47,1,1,1,6,269.030940724511
7,22,0,1,1,1,245.2518150492603
7,39,1,1,1,7,254.86677151980626
7,39,1,0,1,1,244.58215267136404
7,32,1,1,1,0,256.23247307222044
7,1,1,1,1,6,263.1757466814879
7,49,1,0,1,4,243.27699038152096
7,50,1,0,1,1,244.88215969637335
7,1,1,1,1,0,251.66310613426
7,3,1,1,1,1,263.1675759113602
7,13,1,0,1,2,249.20173544446942
7,45,1,0,1,7,260.9380358176379
7,48,1,1,1,0,257.22203279927703
10,0,0,1,0,7,250.95209700663696
9,48,1,1,1,7,280.8670164969185
9,40,1,1,1,0,255.61727137071188
9,8,1,1,1,2,262.1116539929214
8,24,1,1,1,6,265.1614874567923
8,27,1,1,1,1,260.7343055407119
8,18,1,1,1,2,265.957509708465
7,34,1,0,1,6,247.79575321250258
7,14,1,1,0,7,259.2537923848501
7,4,0,0,1,6,231.0776955691225
7,5,1,1,1,0,258.7373689157474
7,7,1,1,1,5,257.70061311535056
7,52,1,0,1,3,246.34565001731949
7,6,1,1,1,6,261.7563398370897
7,14,1,0,1,5,248.90315248895286
7,27,0,1,1,4,245.02843610230448
7,14,0,1,1,3,246.98457748992766
7,30,1,0,1,4,248.58923036438452
7,2,1,1,1,3,258.2899659965383
7,33,1,1,1,6,262.15311099004236
7,16,1,1,1,3,263.4277910309491
7,25,1,1,1,6,263.58212488272045
7,0,1,1,0,1,244.2676693122171
7,37,1,0,1,2,242.28140036279623
7,55,1,1,1,4,263.58587471392116
7,3,0,1,1,6,246.47453965036678
7,15,1,1,1,6,263.51713738432045
7,8,1,0,1,1,247.4790913574725
7,38,0,1,1,5,245.07465251838372
7,57,0,1,1,1,245.34535518022685
7,52,1,0,1,2,245.57336477734913
7,53,1,1,1,6,263.9102970278287
7,15,1,1,1,1,260.78686847961177
7,17,0,0,1,4,232.3351504687031
7,23,1,1,1,4,260.5958139274867
9,44,1,1,1,6,263.6157726456555
9,15,1,1,1,1,267.06914021141
7,2,0,0,1,5,238.13877377608125
7,16,1,1,1,6,266.6880099957166
7,18,1,0,1,0,246.06495943635113
7,32,1,0,1,5,247.95520996743764
7,33,1,0,1,4,245.43663137286998
7,50,1,1,0,3,259.46745441629116
7,7,1,0,1,2,247.43056890915213
7,16,1,1,1,2,262.7733732283029
7,35,0,1,1,4,243.2823209531701
7,37,0,1,1,2,242.81274377822842
7,20,1,0,1,6,246.3703456029301
7,9,0,1,1,1,248.14100171610121
7,44,1,1,1,7,273.7416912023854
7,5,1,1,1,7,260.6312619924766
7,54,0,1,1,7,261.868130089658
7,56,1,0,1,0,241.64391908297824
7,2,1,1,1,0,258.1725641831412
7,3,1,1,1,3,264.0855116436494
7,4,0,1,1,3,242.37443744084493
7,19,0,1,1,3,252.958199267544
7,16,1,1,1,4,261.87456353991934
7,32,1,1,1,4,258.6592802470642
7,39,0,1,1,0,239.90974321295192
7,24,1,1,1,1,260.16771677656976
7,22,0,1,1,0,243.53102576458443
7,33,1,0,1,3,246.35677046697901
7,42,1,1,1,0,258.2203443749616
7,44,1,0,1,5,248.1129392043853
7,45,1,0,1,5,249.90125480584393
7,58,0,0,1,7,241.94085033307545
7,29,1,1,1,3,258.6828152429492
7,30,1,1,1,1,263.380975444151
7,44,1,0,1,6,246.27924104896402
7,34,1,0,1,5,247.20733291702837
7,4,1,1,0,7,252.48169398540972
7,21,1,0,1,4,250.66286767572112
7,33,1,0,1,2,245.51060879692102
10,0,1,0,0,2,63.86615736361229
9,47,1,1,1,0,260.1772375963409
9,28,1,1,1,7,274.25530532935477
8,24,1,1,1,1,266.12328662846267
8,39,1,1,1,4,260.2201071518183
7,40,1,1,1,4,258.1700545658334
7,50,1,0,1,6,253.4077420651797
7,57,1,1,1,1,261.427535180943
7,6,1,1,1,5,262.44515073785686
7,38,1,1,1,0,252.10946384841327
7,23,1,1,1,0,256.1982497057778
7,53,1,1,1,2,262.0014793416282
7,57,1,0,1,3,247.00049915777822
7,46,1,1,1,0,256.8990547914999
7,10,1,1,1,4,263.6692856084138
7,13,0,1,1,3,244.59951328783205
7,15,1,1,1,5,265.4672392869879
7,3,1,1,1,0,261.3748272441526
7,10,1,1,0,0,247.10728340941517
7,36,0,1,1,1,245.2617070287305
7,12,1,1,1,7,263.7519413803771
7,36,0,1,1,3,241.79219238225207
7,29,1,1,1,2,259.79784486088846
7,14,1,0,1,2,249.89071935554364
7,36,0,0,1,1,229.40675741777684
7,58,1,1,1,7,269.66729404955584
7,28,1,1,1,0,256.3057813668982
7,31,1,1,1,7,270.79171501975924
7,58,1,1,1,3,263.3778658601465
7,38,1,0,1,1,245.32334288644063
7,7,1,1,1,2,260.85714431293917
7,17,0,1,1,6,251.44806632838424
7,26,1,1,1,1,260.70994377479354
7,29,1,1,1,6,260.13558855844457
7,58,0,1,1,7,257.02501349063505
10,0,0,0,0,2,232.27170128601497
8,21,1,1,1,5,268.14806384963015
7,38,1,1,1,7,275.2357047026469
7,48,1,0,1,2,244.21616030272372
7,55,1,0,1,2,247.1269072894871
7,2,1,0,1,1,246.16378504357272
7,38,1,1,1,1,260.69684450939866
7,43,0,1,1,5,244.6155600945203
7,11,1,1,1,5,262.97616233247373
7,5,1,1,1,2,258.9115939034625
7,6,1,1,1,7,276.39480326797093
7,59,0,1,1,0,241.63663375882453
9,54,1,1,1,6,259.6101837042702
8,29,1,1,1,4,261.73463962531446
7,39,1,1,1,1,255.24680739170105
7,11,1,0,1,6,242.6388552930476
7,33,0,1,1,4,243.89187482004962
7,34,1,1,1,3,261.30274240610044
7,49,1,1,1,5,262.41018910584245
7,38,1,0,1,2,245.63642992616224
7,56,1,1,1,1,263.4290472177638
7,26,0,1,1,6,246.56557778658652
7,27,1,1,1,3,261.1196007422249
7,2,1,1,1,5,257.6470529974987
7,25,1,0,1,7,245.2593934564331
7,15,1,0,1,4,247.02959772218006
7,59,0,1,1,5,244.87247361904022
7,59,1,1,1,6,265.6757266828218
7,3,1,0,1,7,244.01641271466806
7,52,1,1,1,3,260.59170340982473
7,36,1,1,1,1,257.58070704911665
7,16,0,1,1,7,247.56606547715813
10,0,0,0,1,5,168.68003825110316
9,53,1,1,1,6,270.4203336975705
7,23,1,0,1,1,248.71046199312366
7,53,1,0,1,1,245.11147815296565
7,56,1,1,1,6,264.9770827239698
7,57,1,0,1,5,244.8719502261677
7,43,1,0,1,3,249.52213981043175
7,9,1,1,1,6,262.63342089521177
7,10,1,0,1,2,241.45853125692034
7,11,1,0,1,2,243.30251779845685
7,12,1,1,1,4,257.8954347544234
7,13,1,1,1,4,262.6308702560175
7,31,1,1,1,4,258.55461833481775
7,33,1,1,1,5,262.5468051174434
7,19,1,1,1,3,263.3383950608239
7,20,0,1,1,5,246.91846608378114
7,50,1,1,1,7,268.83356336355877
7,15,1,0,1,6,247.7289642103087
7,47,1,1,1,5,258.62408892638166
7,55,1,1,1,5,262.28563571211157
7,45,1,0,1,3,250.7288651935992
7,36,1,1,1,5,262.7938649665454
7,42,1,0,1,2,250.3909185917456
7,43,1,1,1,7,274.47694062192005
7,14,1,1,1,6,263.0901392688528
7,15,1,0,1,1,246.75945748857262
7,25,0,1,1,4,244.74161084858974
7,40,1,0,1,3,243.3457989671733
7,25,1,1,1,3,260.17410238651166
7,35,1,0,1,3,245.7715090146486
7,32,1,1,1,6,260.1118164577198
7,49,1,1,1,2,265.7849193089859
7,10,1,1,1,1,261.27758054451357
7,22,1,1,1,3,262.055007545709
7,49,1,0,1,3,245.40799191326346
7,8,0,1,1,2,247.14807324859117
7,47,1,1,1,1,260.784827379815
7,59,1,1,1,3,268.01289709756844
7,55,1,0,1,1,248.58043114892666
7,59,1,0,1,5,245.1538901512634
7,42,0,1,1,4,247.65234490398086
10,0,1,0,1,3,45.85014629453201
9,31,1,1,1,2,264.4352309970235
7,48,1,1,1,6,258.50556785124047
7,7,1,1,1,1,256.33996063834167
7,59,1,0,1,7,256.8582588093912
7,35,0,0,1,4,230.71876725789068
7,10,0,1,1,2,247.91034406089614
7,31,0,1,1,0,239.5864736369345
7,34,1,0,1,3,247.85797470486085
7,42,1,1,1,4,264.6350786684858
7,20,1,1,1,6,265.6567073366968
7,25,1,0,1,4,245.30268227046167
7,9,1,1,1,5,269.4962380918602
7,45,1,1,1,7,279.8798910326335
7,39,0,0,1,6,230.42070911857422
7,40,1,1,1,3,259.83522466203976
7,18,1,1,1,3,267.0465673385465
7,31,1,1,1,5,259.7545774598781
7,27,1,0,1,4,248.33987975610367
7,1,1,0,1,2,245.206832932654
7,8,0,0,1,3,232.72320000380745
7,34,1,0,1,4,243.0284539803108
7,1,1,0,1,1,245.07387701119208
10,0,1,1,0,1,96.98915804160387
7,8,1,1,1,4,259.39601500276217
7,20,1,0,1,0,246.9645325016709
7,43,1,1,1,3,265.5457839234226
7,9,0,1,1,2,248.1825388498194
7,23,1,1,1,2,261.5783273721433
7,43,0,1,1,4,250.65757350826536
7,54,1,1,1,4,259.7087634143737
7,29,1,1,1,5,260.1552762013887
7,27,1,1,1,4,259.02298187103503
7,0,1,0,1,6,247.9111502091223
7,26,0,1,1,2,245.50118786058925
10,0,0,0,0,6,106.79890363494957
7,20,1,1,1,1,264.5489478178931
7,44,1,1,1,2,261.515962063358
7,35,1,1,1,1,259.7225756651692
7,9,1,0,1,3,247.52631750349227
7,12,1,1,1,5,259.6906659093502
7,16,1,0,1,1,246.8346978845545
7,32,1,1,1,2,260.3782521092003
7,35,1,1,1,3,261.6941314468407
7,26,1,0,1,3,246.65929838010683
7,28,1,0,1,3,245.24591881012313
7,5,1,0,1,3,249.55917993473633
7,23,1,1,1,5,262.1441160387626
7,48,1,1,1,3,272.31126006036516
10,0,0,1,0,3,211.8089017107209
7,43,0,0,1,3,231.86405178991777
7,27,1,0,1,1,246.7633853241483
7,43,1,0,1,6,260.97455160758255
7,49,0,1,1,6,244.1593861052279
7,5,1,0,1,1,245.22559552027508
7,16,0,1,1,3,248.01457778608258
7,4,1,0,1,1,244.3259447631563
7,48,1,0,1,0,241.43123460179442
10,0,1,0,0,1,107.3667885136111
7,0,1,1,1,7,275.38444159779374
7,1,1,1,1,2,261.1195201239075
7,44,0,1,1,6,248.50245376397464
7,2,1,0,1,0,241.5250415733322
7,6,1,1,1,1,258.513787165209
7,56,1,1,1,5,261.3491151824621
7,44,1,1,1,1,261.1499189120897
7,53,1,1,1,0,258.1540013170519
7,54,1,1,1,2,261.2625812612682
7,27,1,1,1,1,259.75803401656924
10,0,0,1,0,5,204.66227326683006
7,28,1,1,1,2,261.50696405421735
7,35,1,1,1,4,261.76045064783744
7,36,1,1,1,4,257.8820348451252
7,53,1,1,1,4,264.5205277972914
7,38,1,1,1,2,258.6120590802072
7,39,1,1,1,0,254.93428513474717
7,2,1,1,1,2,258.12057828395524
7,9,1,0,1,0,243.69498276069172
7,41,1,1,1,6,258.13988035889133
7,49,1,1,1,6,264.4704156857042
7,13,1,0,1,6,248.50979276240014
7,42,0,1,1,2,244.49639849665124
7,43,1,1,1,6,264.95857181815467
7,46,1,1,1,6,261.09310749814927
7,4,0,1,1,5,243.01497235872907
7,15,1,0,1,2,247.93126383146267
7,49,1,1,1,1,260.68840250024897
9,45,1,1,1,0,258.37972647068
7,12,1,1,1,6,258.7963928096241
7,58,1,1,1,5,263.85178110997265
7,40,1,1,1,0,256.3800751881617
7,46,1,0,1,3,244.6621184133505
7,39,1,0,1,5,247.56842622282943
7,26,1,1,1,6,260.1175801333238
7,55,1,1,1,2,262.5761052897253
7,56,1,1,1,4,264.11162070308535
7,39,1,1,1,4,255.00958194749944
7,0,1,1,1,0,256.31205984785925
7,9,1,0,1,7,257.147623496069
7,1,0,1,1,7,258.48769590827425
7,30,1,0,1,2,246.53942778120404
10,0,1,1,0,6,22.520834945277187
7,3,1,1,1,5,262.98693522546273
7,3,1,0,1,1,242.86278103932352
7,45,1,0,1,1,246.7609898623603
7,5,1,1,1,4,266.1008176322992
7,49,0,1,1,7,257.85532699469013
7,11,1,1,1,0,252.93317155459397
7,30,1,0,1,5,245.96718603070053
10,0,0,1,0,4,197.83075693209096
7,17,0,1,1,2,248.36040066002366
7,20,1,1,1,7,275.36292007670517
7,46,1,1,1,1,259.73166604196956
7,33,1,0,1,1,246.01487261494958
10,0,1,0,0,3,89.56570050648963
7,55,1,1,1,0,260.5400418625824
7,57,1,1,1,5,262.2854349176248
7,57,1,1,1,6,263.71752700724846
10,0,0,1,0,1,181.9578031624325
7,33,1,1,1,3,266.5055771722689
7,52,1,1,1,7,277.64930287673354
7,2,1,1,1,1,257.49803759042055
7,18,1,1,1,2,267.4314625199611
7,24,1,1,1,2,256.8107193046712
7,42,1,0,1,7,264.1186760187179
10,0,0,0,1,4,164.31796266101657
7,39,1,1,1,2,255.28302021177856
7,52,1,1,1,4,259.2131097213155
7,0,1,1,1,6,262.75592565681615
10,0,1,0,1,1,104.13349172592136
7,13,1,1,1,0,258.79252140472613
7,41,1,1,1,2,270.67676731450206
7,7,1,1,1,6,269.4295711250634
7,53,1,1,1,1,264.46599405432266
7,45,1,1,1,4,260.1853383343126
7,3,0,1,1,0,240.112974711049
10,0,1,1,0,7,174.4814143774174
7,24,1,1,1,6,261.27724752520294
7,28,0,1,1,3,247.8550589205633
7,31,1,1,1,0,252.34096722117152
7,49,1,1,1,7,278.715521809105
7,42,1,0,1,5,246.3395345907485
7,43,1,1,1,4,261.95476645021967
7,54,1,1,1,0,258.51588906717313
7,22,1,1,1,2,262.0578843758723
7,51,1,1,1,2,263.2540675536431
7,37,1,1,1,6,257.86102759631456
7,35,1,1,1,5,264.15479637877945
7,6,1,1,1,0,255.54222406112808
7,4,1,1,1,7,277.36360068751407
7,25,1,1,1,5,259.4367202588342
7,28,1,1,1,5,262.27544560502463
7,24,1,1,1,4,257.9840508343945
7,30,1,1,1,5,263.19179176749145
7,33,1,1,1,2,263.6914358045113
10,0,1,1,0,4,245.5734856277712
7,42,1,1,1,6,266.557952661087
7,13,1,1,1,6,273.83703969611935
7,38,1,1,1,5,261.7699100180984
10,0,1,0,0,5,259.9448248391329
10,1,0,1,0,2,12.082454909686431
7,3,1,0,1,4,245.05799121291665
10,0,0,0,1,0,26.578072269122632
10,1,0,0,1,6,11.222592003300033
7,52,1,1,1,0,260.13606860687247
7,53,1,1,1,3,266.9422810678136
10,0,1,0,1,0,39.8659694980852
10,1,1,0,1,1,14.720518322169589
10,0,1,1,0,3,57.75188153791213
7,35,1,0,1,1,243.60028684571262
10,0,0,0,0,0,60.77838366758836
10,1,0,0,0,1,33.12510295087232
10,0,1,0,0,6,125.34402333471978
10,0,0,0,0,1,163.74217074443908
10,1,0,1,0,5,16.41033352680175
10,0,1,0,1,6,141.1874616269834
10,1,0,1,0,1,36.56660982320017
10,0,1,0,0,0,21.464112883598332
10,1,1,0,0,2,92.2620764079826
10,1,0,0,0,7,122.21226952367496
10,0,0,0,0,3,141.03893096316418
10,0,0,0,1,2,176.2275284520735
10,0,1,0,1,2,100.9264165950604
10,1,0,0,0,5,37.53385707256747
10,0,0,0,1,3,188.20760809962306
10,1,0,1,0,7,21.370401566898302
10,1,0,0,1,3,20.727993841828923
10,0,1,1,0,5,99.24427192844546
10,1,0,1,0,4,22.07966786798118
10,1,0,0,1,1,107.55316892973434
6,56,0,1,0,3,207.52524502776353
6,57,0,0,0,5,187.93433606245878
6,58,0,0,0,3,189.4136146600945
6,59,0,1,0,1,201.27772150610858
6,39,0,1,0,0,199.58761399890895
6,40,0,1,0,3,212.09981441873822
6,41,0,0,0,0,184.92656253973732
6,42,0,0,0,4,184.56721628047137
6,43,0,0,0,6,185.99402717410268
6,44,1,0,0,6,215.2330719714825
6,45,0,0,0,0,184.10164427892087
6,46,0,0,0,0,186.45603792185796
6,47,0,0,0,4,186.5450719782477
6,48,1,0,0,6,205.57436205172155
6,49,0,0,0,5,187.972987946296
6,50,0,0,0,2,187.80285129198793
6,51,0,0,0,0,186.48168526544615
6,52,0,0,0,0,186.20948334255147
6,53,0,0,0,1,189.77830518775093
6,54,0,0,0,7,206.60797159724555
6,55,1,0,0,2,202.73503825667996
6,56,1,1,0,3,218.17575015672827
6,57,1,0,0,6,216.29242579599773
6,58,0,1,0,2,206.31119341614834
6,59,0,1,0,0,199.95154020868074
6,24,1,0,0,4,203.97515993537743
6,25,0,0,0,0,185.89237772753094
6,26,0,0,0,0,185.87609528871093
6,27,0,0,0,6,184.13244572723738
6,28,0,0,0,6,182.51514775028818
6,29,0,0,0,1,186.50443656072378
6,30,0,0,1,3,208.28945578792948
6,31,0,0,0,1,183.0778845109897
6,32,0,0,1,0,201.57537334948194
6,33,0,0,1,3,206.87099119765344
6,34,0,1,0,4,202.96294416980888
6,35,1,1,0,0,214.71075768437905
6,36,1,1,0,0,217.3566697930215
6,37,1,1,0,0,215.71739180708553
6,38,1,1,0,5,218.72884016154148
6,40,0,1,0,2,201.9319682677525
6,41,0,0,0,2,186.80121387869224
6,42,0,1,0,6,206.35630333187981
6,43,0,1,0,7,195.0684895911171
6,44,0,0,0,7,186.119834568371
6,45,1,1,0,0,216.59844380404817
6,46,1,1,0,0,216.0371352990155
6,47,1,1,0,0,217.02797065250255
6,48,1,1,0,1,215.4440271556015
6,49,1,1,0,7,228.34799318961183
6,50,1,1,0,6,217.63436335610476
6,51,1,0,0,7,200.26234450969193
6,52,0,0,0,1,188.02709620086725
6,53,0,0,0,0,185.6511310693675
6,54,0,0,0,0,186.49609393911436
6,55,0,0,0,4,186.39091899032456
6,56,0,0,0,6,188.84871124587997
6,57,1,0,0,4,202.44048873185233
6,58,1,0,0,0,197.96656593684355
6,59,1,0,0,4,202.68782446335064
6,23,0,1,0,1,201.74256709931598
6,24,0,1,1,3,222.7408483486002
6,25,0,0,0,6,193.99389253999146
6,26,0,0,0,2,187.3532661443871
6,27,0,0,0,0,184.2822337925745
6,28,0,0,0,2,185.49569410954535
6,29,0,1,0,0,200.91601530770376
6,30,0,1,0,0,200.36548353716728
6,31,0,1,0,7,210.82326949069707
6,32,0,1,0,0,200.55545967290823
6,33,0,1,0,0,202.50979885794303
6,34,0,1,0,0,201.74609130478524
6,35,0,1,0,0,202.73575598956597
6,36,0,1,0,0,202.24001956467643
6,37,0,1,0,1,201.51000177657068
6,38,0,1,1,1,219.62564333660782
6,39,0,1,0,7,196.2887379847917
6,40,1,0,0,7,211.9410698185074
6,41,0,0,0,6,196.50129670075847
6,42,1,1,0,7,230.6397327933876
6,43,0,0,0,1,183.32231357274242
6,44,0,0,1,7,196.78265985223862
6,47,0,0,0,0,183.424015507004
6,48,0,0,0,0,185.58148298653094
6,49,0,0,0,0,185.1657989614081
6,50,0,0,0,6,195.0114107715017
6,53,0,0,0,7,188.9329739980585
6,54,0,1,0,0,201.5191427134173
6,55,0,1,0,0,203.88310438033776
6,57,0,1,1,6,209.5198904208446
6,58,0,1,1,3,226.53987906434554
6,0,0,1,0,0,201.71459311640723
6,1,0,1,0,0,200.80472589852428
6,2,0,1,0,7,213.03905384263447
6,3,0,0,0,7,197.4953769603856
6,4,1,1,1,6,219.11127892124796
6,5,0,1,1,4,217.69164268384137
6,6,0,1,1,0,213.62250738359884
6,7,0,1,1,0,215.77525966271736
6,8,0,1,1,0,212.4651439481039
6,9,0,1,1,1,216.50298138539992
6,10,0,1,0,0,199.22465811290178
6,11,0,1,0,0,199.27187093799733
6,12,0,1,0,5,203.16263029486325
6,13,1,1,0,2,219.43484737784627
6,14,1,0,0,0,203.05074184359435
6,15,1,0,0,0,200.04987679707043
6,16,1,0,0,0,199.7054924563941
6,17,1,0,0,7,198.64705699530947
6,18,1,0,1,0,217.41480605563257
6,19,1,0,1,0,214.35962416319055
6,20,1,0,1,5,217.40857403839925
6,21,0,0,1,0,202.34399239819328
6,22,0,0,1,3,202.91723196598068
6,23,0,0,0,4,186.37795720717725
6,24,0,0,0,0,184.6755563222791
6,28,0,0,0,7,183.1412563035462
6,29,0,0,0,0,185.60577931147026
6,30,0,0,0,0,184.12099010080593
6,31,0,0,0,0,183.17956927408005
6,32,0,0,0,0,185.80319745178207
6,33,0,0,0,5,185.87318514829016
6,34,0,0,0,0,185.73835331004815
6,35,0,0,0,0,188.27303185641992
6,36,0,0,0,2,187.3506256421998
6,37,0,1,0,0,201.32369706866533
6,38,0,1,0,0,202.5112233898358
6,40,0,0,0,5,194.83895883810544
6,41,1,0,0,2,197.56304138203362
6,42,1,0,0,0,199.48966820964267
6,43,1,0,0,0,199.73701725948746
6,44,1,0,0,1,199.29658903915552
6,45,1,0,0,6,211.15809934775555
6,46,0,1,0,5,191.11761395487065
6,47,0,1,0,1,197.49054568893362
6,48,0,1,1,0,215.184453393638
6,49,0,1,1,1,217.85010480654861
6,50,0,1,0,0,201.84496786022268
6,51,0,1,0,0,200.9900432378655
6,52,0,1,0,0,201.91326060845222
6,53,0,1,0,3,202.9229317615524
6,55,0,0,0,5,188.16168312257957
6,56,0,0,0,4,193.40021612108205
6,57,0,0,0,0,186.85617122805235
6,58,0,0,0,6,192.23641535369526
6,59,0,0,0,0,186.20018714597998
10,1,1,0,1,5,142.8730333762327
6,4,0,1,1,0,215.02050184478082
6,5,0,1,1,0,214.99185036505907
6,7,0,1,1,3,217.93209126928224
6,8,0,0,0,1,185.64272601224766
6,9,0,0,0,2,184.64347765529897
6,10,0,0,0,1,185.09991818120665
6,11,0,0,1,0,198.26903126046406
6,12,0,0,1,1,207.70265702758354
6,13,0,0,1,5,204.30714251957556
6,14,0,0,0,3,187.18560662436823
6,15,0,0,0,5,187.68711742521126
6,16,0,0,0,0,186.2998652415138
6,17,0,0,0,6,179.95233383742215
6,18,0,0,0,2,188.44262009811027
6,19,0,1,0,1,200.7626000956305
6,20,0,1,0,1,199.33613442079542
6,21,0,1,0,0,200.17503486962474
6,22,0,1,0,0,200.06331165025713
6,23,0,1,0,3,200.70156134822722
6,24,0,0,0,1,184.20516206362674
6,26,0,0,0,3,188.38321087725183
6,27,0,0,0,7,173.5599322671893
6,28,0,0,0,0,185.04678056636334
6,32,0,0,0,6,186.84068422683828
6,37,0,1,0,3,206.1774100560792
6,38,0,0,1,0,201.31350040008334
6,39,0,0,1,5,202.63632526861227
6,40,0,0,0,1,187.2218042344533
6,42,0,0,0,6,184.97361429933233
6,43,0,0,0,0,184.30580153407794
6,44,0,0,0,5,186.67768227611023
6,45,0,0,0,6,186.26822531522816
6,46,0,1,0,3,202.47150796005212
6,48,0,0,0,4,184.95988764154325
6,49,1,0,0,0,200.1553899037624
6,50,1,0,0,5,202.88083701256616
6,51,0,0,0,3,186.95504329212912
6,53,0,1,0,1,204.44361424401572
6,57,0,0,1,7,216.68861998573604
6,58,1,0,0,7,202.1650420669293
6,0,0,0,0,5,189.63326933874583
6,1,0,0,0,5,188.01466891000126
6,2,1,0,0,0,199.95992134648077
6,3,1,0,0,1,200.0570594266139
6,4,1,0,1,0,204.83373298742154
6,5,1,0,1,4,217.34998871302633
6,6,0,0,1,1,201.95868224160623
6,7,0,0,0,4,186.06919096153206
6,8,1,0,0,0,199.7183530175266
6,9,1,0,0,6,206.70096046752022
6,10,0,0,0,7,186.87888648430553
6,11,0,0,0,2,186.1393006358324
6,12,0,0,0,7,179.51797904144507
6,13,0,0,0,1,185.74785271471308
6,14,0,0,0,0,185.84008638085368
6,15,0,0,0,0,187.48872907060937
6,18,1,0,0,0,200.12241477929345
6,19,1,0,0,0,200.24474688540224
6,20,1,0,0,4,203.50226709306662
6,21,0,0,0,1,185.31113573097832
6,22,0,0,0,0,186.69665336221578
6,23,0,0,0,6,186.8105657811232
6,27,0,1,0,2,200.5424291133805
6,32,0,0,0,1,186.62716919187537
6,33,0,0,0,0,186.04687217435475
6,35,0,0,0,7,187.8536607812939
6,36,0,1,0,4,202.73912885906412
6,37,1,1,0,3,215.00141425473205
6,38,1,0,0,3,204.59956283316518
6,39,1,1,0,7,220.5828482746649
6,40,0,0,0,0,187.25662015317403
6,41,0,0,0,4,187.380314652489
6,42,0,0,0,3,185.41130949411448
6,46,0,0,0,4,188.10016969371162
6,47,1,0,0,4,198.87766053479504
6,48,0,0,0,2,184.3583295104208
6,49,0,1,0,4,205.3599077311182
6,50,1,1,0,3,217.19958996233456
6,51,1,0,0,2,201.51594687901823
6,52,1,1,0,5,218.52457953360258
6,53,0,1,1,2,220.7694128017115
6,54,0,0,1,6,204.08758697680705
6,55,0,1,1,0,219.2219151826171
6,56,0,1,1,6,219.34773552114183
6,58,0,0,0,0,184.77028028525328
6,0,0,0,0,2,186.25418941205973
6,2,0,1,0,0,202.42713950309627
6,3,0,1,0,6,206.19455103917196
6,4,0,1,0,5,202.20759465600696
6,5,1,1,1,0,219.88562755341255
6,6,1,1,1,0,210.11848517578355
6,7,1,1,1,2,227.8319250526383
6,8,1,0,1,0,211.4134485493962
6,9,1,0,1,0,212.38966758786816
6,10,1,0,1,0,208.62283272691076
6,11,1,0,1,7,218.1906508005378
6,12,0,0,0,4,184.0666252456245
6,13,0,0,0,0,185.10695833052597
6,14,0,0,0,6,188.09282396309993
6,15,1,1,0,0,220.16598858616828
6,16,1,1,0,5,218.71843316510677
6,17,1,1,0,0,218.0910763239589
6,18,1,1,0,5,219.6524778910895
6,19,0,1,0,4,202.75209107363636
6,20,0,1,0,3,198.22847238778823
6,21,0,0,0,6,186.65159541730654
6,22,1,1,0,5,220.69718002157524
6,23,0,1,0,4,201.5202362395434
6,24,0,1,0,0,200.82348502005524
6,25,0,1,0,4,200.17420571010197
6,26,1,1,0,0,215.91695682413
6,27,1,1,0,6,215.13325827407198
6,28,0,1,0,3,202.24239466991907
6,31,0,0,0,6,183.23285733607457
6,32,0,0,0,2,187.01812246290928
6,37,0,0,0,0,188.42112862485854
6,38,0,0,0,5,189.9371624435657
6,39,0,0,0,0,186.32309734900943
6,40,0,0,0,2,186.47695788200335
6,42,0,0,0,0,184.9676021434671
6,44,0,0,0,6,186.9510609376398
6,46,0,0,0,3,185.82488952960853
6,48,1,0,0,2,202.72625280232464
6,49,1,1,0,3,215.37323844106928
6,50,1,0,1,1,217.00736854712264
6,51,1,0,1,6,217.0714081587535
6,52,0,1,1,2,218.53566288703044
6,53,0,0,1,2,201.88684110766394
6,54,0,1,1,5,218.67047171353352
6,58,0,0,0,2,190.4903675078801
6,0,0,1,1,5,219.10403978765814
6,1,0,1,0,5,203.33302862609634
6,3,0,1,0,0,200.65966907313182
6,4,0,1,0,0,201.84963092240875
6,5,0,1,0,3,198.9886468765231
6,7,0,0,1,7,194.35190978289995
6,8,0,0,1,0,200.16423083420284
6,9,0,0,1,7,203.06999854641194
6,11,0,1,0,5,202.41815837038362
6,12,0,1,0,0,202.0522273297679
6,13,0,1,0,0,201.6234659808234
6,14,0,1,0,7,197.09854904370502
6,15,1,0,0,2,204.73374701682314
6,17,1,0,0,2,202.06363077230978
6,19,0,1,0,0,198.8257989384852
6,21,0,0,0,0,185.8571397318822
6,22,0,0,0,2,187.3278995164641
6,23,0,0,0,1,185.77324294200704
6,24,0,0,0,2,184.25476960036883
6,27,0,0,0,2,186.55547870412437
6,29,0,0,0,5,185.87082931357835
6,30,1,0,1,0,190.21935652258216
6,31,1,0,1,0,218.80187902484602
6,32,1,0,1,0,216.394315450033
6,33,1,0,1,0,215.91516700535675
6,34,1,0,1,0,207.79425336206026
6,35,1,0,1,3,191.13105829303268
6,36,1,0,0,1,203.23512184749964
6,37,1,0,1,0,217.73277641350117
6,38,1,0,1,7,219.78380199043337
6,41,0,0,0,1,186.39074423459166
6,42,0,0,1,0,202.12663323091797
6,43,0,0,1,0,196.5336641753963
6,44,0,0,1,6,197.74265202235398
6,45,0,0,1,3,197.00943049698347
6,47,0,1,0,7,210.1982217117772
6,48,1,1,1,5,227.13674864393337
6,49,0,1,0,6,204.5448242835479
6,50,0,0,0,0,184.93543986561062
6,51,0,0,0,6,200.58780330180244
6,52,1,0,0,0,200.26757891004814
6,53,1,0,0,6,210.96971814883102
6,54,1,0,0,0,200.46860834507808
6,55,1,0,0,0,199.32091479100734
6,56,1,0,0,3,211.58404414786347
6,58,0,1,0,1,204.58195591412164
6,37,0,0,0,5,188.515452629597
6,38,1,0,0,2,204.1176490836121
6,40,0,1,0,6,201.9462092804007
6,43,0,1,0,5,201.77390944447086
6,44,0,1,0,7,204.18250418573268
6,45,0,0,0,3,187.80387720118588
6,47,0,0,0,3,190.0916560765636
6,48,0,0,1,0,201.55564641435112
6,49,0,0,1,5,202.82657198666814
6,50,0,0,0,4,187.64624655012352
6,51,1,0,0,1,201.54374927017273
6,52,1,0,0,4,202.80826892675043
6,54,0,0,0,3,190.77123007506896
6,55,0,1,1,4,220.81792080929205
6,57,0,0,1,5,194.26744385329104
6,58,0,0,1,5,211.4111180782286
6,59,1,0,1,3,221.10376350187363
6,23,0,0,1,3,199.78485672330402
6,25,0,0,0,2,186.04404676856086
6,28,0,0,0,1,185.17495427791317
6,33,1,0,0,0,203.24402301898465
6,34,1,0,0,2,204.9245290280539
6,36,1,1,0,7,214.52802338412658
6,37,1,0,1,2,217.62933744952943
6,38,1,1,1,0,220.5094758402093
6,39,1,1,1,1,218.67941964758236
6,40,1,1,1,3,220.65408863191482
6,41,1,0,0,0,198.68929197694996
6,43,1,0,0,2,201.89197395158834
6,44,1,1,0,0,214.16701161102563
6,45,1,1,0,7,228.66332881723218
6,46,1,0,0,0,196.97265234804365
6,48,0,0,0,1,186.93879975898577
6,52,0,0,0,3,195.29237024170902
6,54,0,1,0,3,197.7721707077494
6,55,0,1,0,3,206.01052652763025
6,59,0,0,0,4,187.42453158246275
6,19,1,0,0,2,202.192893882781
6,21,0,0,0,7,195.43048661948896
6,23,0,0,0,2,184.66136866951757
6,25,0,0,0,7,184.21412319474112
6,26,1,0,0,0,201.81262081459224
6,27,1,0,0,0,202.11865064675587
6,28,1,0,0,2,203.06440463889356
6,29,1,1,0,0,214.7735016912045
6,30,1,1,0,7,216.90963516336961
6,31,0,1,0,4,202.04203691422006
6,32,0,1,0,4,201.25911036023598
6,34,0,1,0,3,201.0653157071138
6,35,0,1,0,3,205.2527758571399
6,36,0,0,0,5,189.2310371213115
6,37,0,0,0,3,190.48519404966828
6,42,0,0,0,2,185.11044778591406
6,44,0,0,0,4,195.860313900707
6,45,0,0,0,4,187.8489700889015
6,48,0,0,0,7,183.89178445967596
6,52,0,0,0,4,188.5533404265208
6,53,1,0,0,1,203.09721348238585
6,55,1,0,0,5,200.47474740865235
6,56,0,0,0,1,188.00824107825278
6,59,0,0,0,2,189.0262645122202
10,1,0,0,0,6,60.76027346495504
6,4,1,1,0,5,219.79429349753394
6,6,0,1,1,3,217.66438310507766
6,7,0,0,0,0,185.36630817968242
6,8,0,0,0,0,185.92569137808647
6,9,0,0,0,0,184.43047680965878
6,12,0,0,1,7,201.07383008872304
6,17,0,0,0,7,179.84812013346152
6,19,0,1,0,6,204.36837137457132
6,20,1,1,0,0,215.28808054370188
6,21,1,1,0,0,218.03286621971338
6,22,1,1,0,6,221.05037485566965
6,24,0,0,0,7,184.55813572686287
6,25,1,0,0,0,202.15075802547253
6,26,1,0,0,7,211.3075620558989
6,29,0,0,1,0,199.7666734800922
6,30,0,0,1,0,200.8756823491867
6,31,0,0,1,0,201.65707339796666
6,34,0,1,1,0,216.84750033910257
6,35,0,1,1,0,217.21769728727946
6,36,0,1,1,4,218.0975000707425
6,37,0,1,1,1,218.36625963064478
6,39,0,1,0,6,202.2876941104347
6,41,0,0,0,3,189.14552685426003
6,44,0,0,0,0,186.66548315709954
6,52,0,0,0,6,187.74451189757943
6,53,1,0,0,7,202.08930053220942
6,55,0,1,1,2,222.10976029222712
6,59,0,1,0,7,214.7804565551471
6,6,0,0,0,2,186.0800019796318
6,9,0,0,0,1,185.89632530566908
6,10,0,0,0,0,185.08562648906576
6,11,0,0,0,1,186.60643713343356
6,14,0,0,0,5,186.29884299916546
6,15,0,0,1,0,202.87373698625626
6,16,0,0,1,0,205.3959874842118
6,17,0,0,1,0,197.83708819172836
6,18,0,0,1,0,201.39170227681385
6,19,0,0,1,4,202.38294474335225
6,20,0,0,1,0,201.27212241201696
6,25,0,1,0,6,203.51015987522769
6,28,0,0,0,5,185.3711393653516
6,29,1,0,0,0,200.6134238150593
6,30,1,0,0,1,201.0519038072075
6,31,1,0,1,5,218.2470447091674
6,36,0,0,0,0,187.42690038374627
6,37,0,0,0,4,188.01505859248024
6,38,0,0,0,0,186.82012358461233
6,39,0,0,0,6,188.56335022201444
6,41,0,0,0,5,185.33959570362427
6,45,0,1,0,0,199.03556426008322
6,47,0,0,0,5,183.8017153565925
6,49,0,0,0,4,188.15461787033
6,52,0,0,1,3,201.37653151185805
6,53,0,0,0,6,185.91756068063742
6,55,0,0,0,0,185.86792448262673
6,58,0,0,0,7,203.40429829238468
6,0,0,0,0,0,186.2322165286915
6,1,0,0,0,2,187.86167293555772
6,3,1,1,0,3,213.82799641876053
6,4,1,1,0,1,215.3295783270447
6,5,1,1,0,6,217.31643274102223
6,6,0,0,0,0,186.11556130694544
6,11,0,0,0,6,197.00685831161982
6,12,1,0,0,0,197.81989641616707
6,13,1,0,0,0,201.1081831429118
6,14,1,0,0,1,203.8475856727831
6,15,1,0,0,1,201.68089547099368
6,16,1,0,0,2,204.5563607836189
6,17,1,0,0,5,199.57332021256659
6,18,0,0,0,4,188.1690461000138
6,19,1,0,0,1,203.59296567309144
6,21,1,0,0,2,203.5015836980643
6,22,1,0,0,0,201.6798627279636
6,23,1,0,0,0,203.02232587756774
6,25,0,0,0,1,186.21684863825467
6,26,0,0,0,5,186.67059585592818
6,27,1,0,1,0,208.1055791416488
6,28,1,0,1,0,213.0068393965733
6,29,1,0,1,2,220.02048821936629
6,30,1,1,1,0,194.69496510012846
6,31,1,1,1,0,189.29928605643477
6,32,1,1,1,0,159.0928023536134
6,33,1,1,1,6,240.05101463690403
6,34,1,1,1,7,233.79861508637234
6,36,1,1,0,6,217.12129028313961
6,40,0,0,0,3,182.70432047494438
6,41,0,0,0,7,183.82206979154546
6,42,0,1,1,0,215.45942994915632
6,43,0,1,1,3,219.4258574669452
6,44,0,0,0,2,187.64230522565424
6,51,1,0,0,3,211.9030057043766
6,52,1,0,0,3,202.11367199807012
6,56,0,0,0,7,191.3915235957578
6,57,1,0,0,3,202.66077236866116
6,58,1,0,0,5,209.7895066002475
6,27,0,0,0,5,184.0809999810237
6,28,1,0,0,0,202.70425552491432
6,30,1,0,0,0,200.41731823864768
6,31,1,0,0,0,203.29020316214363
6,32,1,0,0,0,203.5917092312131
6,34,1,0,0,0,202.14344378765554
6,35,1,0,0,5,203.9315972351134
6,36,0,0,0,3,197.95776843649458
6,39,0,0,0,1,186.6058656982535
6,43,0,0,0,3,188.75002083827684
6,45,0,0,0,2,188.36558951482405
6,46,0,0,0,2,188.8542262290031
6,47,0,0,0,6,188.16593888114846
6,48,0,1,0,5,200.2919958826549
6,49,0,1,0,3,205.37878566162578
6,51,0,1,0,1,201.82957111861865
6,53,0,1,1,4,219.57065407687287
6,54,1,1,1,6,193.6508075009356
6,56,0,0,1,4,201.3525213261381
6,57,0,0,1,0,200.18024115247206
6,2,0,0,0,0,185.7562763002146
6,3,0,0,0,0,186.74097691568915
6,4,0,0,0,3,189.35146647222692
6,5,0,0,0,4,186.40356668264883
6,6,1,0,0,2,202.1513096620189
6,7,1,1,0,3,221.56381557912886
6,8,1,1,1,0,202.56241362010002
6,9,1,1,1,5,237.32780500772688
6,10,0,1,1,0,217.53465030389543
6,11,0,1,1,1,218.0853483380405
6,12,0,1,0,2,203.098578796193
6,17,0,0,0,4,187.13457732447785
6,18,0,0,0,3,194.71703921752132
6,19,0,0,0,0,186.50217098540543
6,20,0,0,0,1,186.642257625689
6,21,0,0,0,5,186.56274351842768
6,24,0,0,1,7,202.18248960397267
6,27,0,0,0,3,184.96008517519044
6,33,0,0,0,6,186.17508226055767
6,38,0,0,0,6,187.52781346058944
6,39,1,0,0,6,203.67924684319217
6,42,0,0,0,1,184.6040522684254
6,50,0,0,0,5,188.76307393158228
6,51,1,0,0,4,201.85631312749575
6,0,0,1,0,5,201.12374542392314
6,1,0,1,1,2,217.03027250906703
6,2,0,1,1,4,221.31893286297287
6,3,1,1,1,0,195.82472768786596
6,4,1,1,1,1,201.5968581992155
6,6,0,0,0,4,185.54550227407518
6,8,0,0,0,5,187.7294603407926
6,9,0,0,0,3,187.49259444506868
6,10,0,0,1,0,197.3325194569132
6,13,0,0,1,4,201.14383692265437
6,14,0,0,1,3,213.94798870274508
6,15,0,0,0,1,188.02607457257608
6,18,0,0,0,0,186.47099272960511
6,20,0,0,0,7,197.8092495300923
6,21,0,1,1,0,213.99609431726887
6,22,0,1,1,0,213.27738832707044
6,23,0,1,1,2,215.95841756819055
6,24,0,1,1,1,222.44355318627353
6,29,0,0,0,3,187.32305582662175
6,30,0,1,1,0,217.4432801691717
6,31,0,1,1,3,219.33058266177716
6,42,1,0,0,2,200.28370584269763
6,43,1,0,0,1,200.84596155848652
6,44,1,0,0,2,199.05057644289892
6,49,1,0,1,2,184.6394038453514
6,54,0,1,0,1,203.1760628473442
6,57,1,0,1,0,203.65197727157496
6,58,1,0,1,6,226.35321700723313
6,59,0,1,1,1,216.72082559231103
6,57,0,1,0,0,200.08141842370668
6,58,0,1,0,6,201.5738744294131
6,3,1,0,0,3,202.6579999427032
6,7,1,1,1,7,222.49509827965932
6,10,1,1,0,7,224.9496245386927
6,11,1,1,0,0,214.34014990501223
6,12,1,1,0,1,215.20456274138897
6,13,1,1,0,1,218.48607283130892
6,14,1,1,0,4,216.37938570120275
6,15,1,1,0,2,220.7879548619425
6,19,1,0,0,6,204.19841303449758
6,22,1,1,0,3,220.78418159332577
6,23,1,1,0,5,215.8672162268651
6,26,0,1,0,0,199.19197386576752
6,27,0,1,0,7,213.79941057898117
6,28,0,1,1,0,218.05293968727352
6,29,0,1,1,5,223.80012759593768
6,30,0,1,0,3,202.38483469282477
6,32,0,0,0,7,191.35612307359972
6,33,0,1,0,7,203.1491150157315
6,35,0,1,0,5,205.17296957632536
6,37,0,1,0,7,215.69719475929594
6,43,0,0,0,7,194.9980366407013
6,44,1,0,0,3,201.96865577564944
6,46,0,0,0,7,192.96101184203616
6,47,0,0,1,2,203.27960581225946
6,48,0,0,1,4,200.97508396841945
6,49,0,0,1,1,203.1446882645304
6,51,1,0,0,0,201.49724300739402
6,57,0,0,0,2,189.2851767045005
6,58,0,1,0,4,203.78744012407216
6,1,1,1,0,4,219.35005107873582
6,2,1,1,0,3,217.3533826286667
6,5,0,1,0,2,204.11230941165715
6,11,0,0,0,7,182.02753521787335
6,12,1,0,0,2,204.72142761623928
6,14,1,1,0,7,233.57802699444204
6,15,1,1,0,5,220.41806014378997
6,16,0,1,0,5,201.6388700359737
6,17,0,1,0,5,202.82678513489262
6,18,0,1,1,0,214.97262464497987
6,19,0,1,1,0,214.77562623648495
6,20,0,1,1,0,215.4564578174623
6,22,0,1,1,1,217.65081351369935
6,30,1,0,0,4,200.4430640184805
6,32,0,0,0,5,184.0017641679355
6,33,0,0,0,3,192.47687981818459
6,39,0,0,0,7,199.19553026313167
6,41,0,1,0,0,202.0480709592435
6,42,0,1,0,4,202.8374262799326
6,44,0,0,0,1,186.71900659320775
6,48,0,1,1,4,217.8802213384776
6,49,0,1,1,6,219.91020750753
6,50,0,0,1,0,202.05551535294308
6,51,0,0,1,4,204.98637209465622
6,52,0,0,1,0,198.18478002188482
6,53,0,0,1,0,200.2640353750035
6,54,0,0,1,0,202.18526293398037
6,55,0,0,1,6,198.80369672031466
6,56,1,0,1,0,206.89469122435122
6,57,1,0,1,2,219.1040811048829
6,34,0,0,0,6,182.5981874281606
6,39,0,1,0,2,203.28077468415307
6,40,0,0,0,4,187.15258407684323
6,42,0,0,0,7,184.83303884054874
6,46,0,1,1,3,221.3592478103422
6,47,0,0,0,2,189.00855854728212
6,48,0,1,0,2,204.18869902421378
6,55,0,0,0,2,188.8386437294475
6,57,0,0,0,7,202.39582027140034
6,15,0,1,0,0,203.54059033929065
6,16,0,1,0,0,200.52991308922535
6,17,0,1,0,2,204.1959624963538
6,18,0,1,0,2,203.547388960893
6,21,1,1,0,5,218.8187235829835
6,22,0,1,1,4,212.95451686756547
6,23,1,1,1,0,205.28670565795318
6,24,1,1,1,2,209.21418972251115
6,25,1,0,1,5,222.81185382846266
6,30,0,0,0,1,185.06523413270187
6,31,0,0,0,2,183.34208239959568
6,35,1,0,0,2,203.5620938198195
6,36,1,0,0,2,203.18906800863346
6,37,1,1,0,7,229.7676552585575
6,48,1,1,0,0,215.29651723183997
6,54,1,1,0,4,221.7223364476746
6,57,0,1,0,3,215.3065189163739
6,1,0,1,0,2,202.5941287781534
6,4,0,0,0,0,185.91334091984172
6,5,0,0,0,5,191.10699753636064
6,6,0,0,1,7,201.2931337620767
6,7,0,0,1,3,196.94440831363272
6,8,0,0,1,6,209.0036831334143
6,12,0,0,0,0,185.12972686781757
6,13,0,0,0,5,185.16348487166695
6,14,0,0,0,2,185.68915022565525
6,15,0,0,0,3,196.7971450404103
6,16,0,0,0,2,186.6149874614041
6,18,0,1,0,7,213.88418746044806
6,22,0,0,0,5,186.58354941855356
6,25,1,0,0,3,202.34005161315778
6,26,1,0,0,6,202.1215273565959
6,29,1,1,0,1,215.89983930463123
6,34,1,1,1,4,234.2212544519695
6,35,0,1,1,4,217.282273462014
6,36,0,1,1,5,220.85037118979741
6,38,0,1,0,4,202.51987140611672
6,40,0,1,0,5,200.98245535104135
6,41,0,1,0,1,201.16693529919212
6,42,0,1,1,7,218.8677248989958
6,51,1,0,0,6,204.510514566828
6,43,0,1,0,1,201.12563101857955
6,44,0,1,0,6,217.3977418015122
6,49,0,0,0,2,187.30572204825404
6,54,0,1,1,1,217.6768479603631
6,56,0,1,1,3,218.99477018584972
6,58,0,0,0,4,188.2903868448145
6,14,0,0,0,7,198.05040008247948
6,16,1,0,0,5,204.40401897758449
6,18,0,0,0,7,179.878773135943
6,20,0,0,0,0,187.113407339503
6,22,0,0,0,4,186.9362912798285
6,23,0,0,0,0,183.8083676827828
6,24,0,0,0,6,184.6292688211775
6,31,0,0,0,5,180.5399742327458
6,36,0,1,0,3,204.4811268745174
6,37,0,0,1,0,201.20021349644207
6,39,0,0,1,7,204.44762240335044
6,40,1,1,1,7,242.7569581907723
6,43,0,0,0,4,188.60653844477332
6,47,1,0,0,7,200.03000569929222
6,49,0,0,0,3,185.30947745974885
6,50,0,0,0,3,187.9455131839239
6,51,0,1,0,3,203.50814537897398
6,53,0,1,0,4,201.7551407672023
6,57,0,0,0,3,192.19552835548242
6,7,0,0,1,4,196.27347887233512
6,9,0,0,1,0,199.06854315201736
6,10,0,0,1,7,200.5757508898865
6,12,0,0,0,1,186.9342495137616
6,19,0,0,1,7,213.37535052881225
6,23,0,0,0,3,187.50042780488673
6,24,0,0,0,5,184.60929971448496
6,27,1,0,0,6,202.25965793236568
6,28,1,1,0,5,217.81110187705238
6,29,0,1,1,7,210.80414188589614
6,30,0,0,0,7,182.71840307412975
6,31,1,1,1,1,209.34868237626338
6,32,1,1,0,0,218.4361072852973
6,33,1,1,0,4,218.83540494261925
6,34,0,1,0,7,211.96074921386054
6,35,1,1,0,1,216.5564169787336
6,36,1,1,0,1,218.0118094331517
6,38,1,1,0,0,217.90107244757593
6,39,1,1,0,3,228.09687316543724
6,41,1,1,0,7,226.20135326564682
6,42,0,1,0,7,212.72190053120332
6,43,0,1,0,4,202.51220856301592
6,47,1,1,0,2,215.77028675183112
6,58,0,1,0,5,206.1483660676435
6,1,0,1,0,1,201.97533275415663
6,2,0,1,0,4,203.79239857736934
6,3,0,1,0,1,203.5911505971581
6,6,0,1,0,1,201.5918915738785
6,7,0,1,0,0,199.59368484920392
6,8,0,1,0,0,200.7885198377701
6,9,0,1,0,6,197.34974854383614
6,10,0,0,0,5,186.2501646469747
6,15,1,0,0,3,205.01118726030387
6,23,1,0,0,5,203.10413704725173
6,25,1,0,0,1,202.34538297956985
6,29,0,0,0,6,181.5278763197307
6,35,0,0,0,6,187.58676248289703
6,37,0,0,0,6,188.04458823089465
6,40,0,1,0,4,200.93906356202024
6,42,0,1,0,2,204.84711438630822
6,45,0,1,1,0,215.1544853395735
6,47,0,1,0,4,197.83793349881026
6,48,0,1,0,6,196.4495331642486
6,50,1,0,0,4,190.55474545333493
6,55,0,1,0,1,205.20936587166082
6,0,0,1,0,2,203.72853653364308
6,3,1,0,1,5,223.8796782793387
6,4,1,0,0,4,202.08627426773722
6,6,1,0,0,7,197.11301685670685
6,9,0,1,0,4,201.32282497834422
6,11,0,1,0,3,201.69863812752894
6,13,0,0,0,2,185.6636259351219
6,15,0,0,0,6,187.44285795720663
6,16,1,1,0,1,218.0560688167925
6,18,1,1,0,0,217.13750755892178
6,19,1,1,0,4,218.27614053859185
6,21,0,1,0,5,200.42902493857963
6,23,0,1,0,0,201.2165581889636
6,26,1,0,0,1,201.58444717958534
6,29,1,0,1,5,220.1438365212829
6,31,0,0,0,4,183.40331788638827
6,40,0,1,0,1,202.41495634159952
6,50,0,0,0,1,186.73427566953734
6,55,0,0,1,7,198.1171008128147
6,59,1,0,0,5,202.72582195980152
6,34,0,1,0,6,202.59645781261057
6,35,0,1,0,7,199.9844678388705
6,37,0,1,0,2,202.97493861898985
6,39,0,1,0,1,201.72703674343597
6,42,0,1,0,5,199.94251924000085
6,43,0,1,0,2,200.95354904751375
6,45,1,0,0,4,201.42025675697016
6,47,0,0,0,7,194.27055865331923
6,50,0,0,0,7,185.9931988321193
6,51,1,1,0,4,209.28581766693028
6,53,0,1,0,0,202.48924227157895
6,54,0,1,0,5,207.60972998992912
6,58,0,0,0,5,192.59429115754986
6,4,1,1,0,4,214.4515616573249
6,5,0,1,0,1,203.1395042835393
6,6,0,1,0,0,199.56971319513409
6,7,0,1,0,4,204.4026037835416
6,8,1,1,0,3,216.50360670287554
6,9,1,1,0,0,213.79807359205589
6,10,1,1,0,6,205.96827849539898
6,12,0,1,0,3,204.8778964721008
6,13,0,0,0,6,188.1881149342315
6,14,0,1,0,3,200.9356295027956
6,16,0,0,0,1,188.16783165158148
6,17,0,0,0,0,185.88105885269073
6,19,0,0,0,2,187.9527787428704
6,20,0,1,0,6,198.53316093035195
6,21,1,0,0,5,203.78389430965905
6,22,1,0,0,3,203.64423831124665
6,23,1,1,0,7,211.32859878830226
6,25,1,0,0,6,198.5959221863846
6,26,0,1,0,1,199.8481001941415
6,27,0,1,0,1,200.7646947987295
6,28,0,1,1,6,217.76920944948304
6,36,0,1,1,0,217.1110723343983
6,37,0,1,1,2,221.45030651410926
6,40,0,0,1,0,201.06711275977582
6,41,0,0,1,6,211.46865957873638
6,43,0,0,1,3,206.28103401783753
6,44,0,0,1,0,198.2000382585137
6,48,0,1,1,7,228.7643604450913
6,49,1,0,0,2,208.08462290591157
6,50,1,1,0,1,217.03525419410897
6,52,0,1,0,6,201.06971542235596
6,54,1,0,1,0,205.2996082768736
6,55,1,0,1,5,219.31935121368716
6,59,0,1,0,5,206.18272281543733
6,58,0,1,0,3,204.47643250566912
6,59,0,1,1,0,215.97525243670276
6,0,0,1,1,6,219.1513498944787
6,2,0,0,1,1,204.32387377173907
6,4,1,1,0,0,214.4766185536254
6,7,0,0,0,3,187.79285148156993
6,8,0,1,0,2,200.8377251636751
6,9,0,1,0,0,200.9566199169805
6,19,0,0,1,6,202.57799229767542
6,27,0,0,0,4,184.36768401989613
6,28,1,0,0,4,202.94016481561314
6,30,1,0,0,5,201.00460667959388
6,32,0,0,1,1,202.3979711640253
6,35,0,0,1,0,202.70113119985487
6,36,0,0,1,1,204.11480477022778
6,39,0,1,0,3,204.0394021478909
6,44,1,1,1,4,229.75368338618276
6,45,0,1,1,6,215.68036590448773
6,46,0,1,1,4,214.71685550257232
6,47,0,1,1,2,216.50078233643612
6,48,0,1,1,6,220.38884299586928
6,50,1,0,1,6,216.7850010816723
6,51,0,1,1,0,217.84459519167203
6,52,0,1,1,4,219.09309088926028
6,53,1,1,1,7,193.13796832772638
6,54,0,1,1,4,219.5931732724516
6,56,0,1,1,5,219.36474875468474
6,57,0,1,0,1,204.01686812699495
6,0,1,1,0,0,215.4519435290322
6,4,1,1,0,7,214.58992045283117
6,5,0,0,0,0,185.86422205418273
6,6,0,0,0,3,197.79258903147536
6,7,0,0,0,7,202.41070570834682
6,11,1,0,0,1,200.55165957238447
6,12,1,0,0,4,201.91392322151916
6,24,1,1,0,0,216.6481409976564
6,25,1,1,0,2,216.65205340043397
6,27,1,0,0,4,201.89979923919927
6,29,0,0,0,2,187.25882275202446
6,30,0,1,0,5,201.89852553221073
6,31,0,1,0,6,203.75080904112662
6,33,0,1,0,1,201.94308165780814
6,36,0,1,0,5,199.53961055978775
6,39,0,0,1,1,204.6590232176819
6,40,0,0,0,6,180.51495897257445
6,41,1,0,0,6,199.6820118158563
6,42,0,1,0,1,201.45264329690835
6,44,0,0,0,3,185.4928491472587
6,48,0,0,0,6,186.9902976150268
6,59,1,0,0,6,210.4183441937229
6,47,0,0,1,4,203.17067529320792
6,49,0,0,1,4,203.20835090849974
6,50,1,0,1,7,212.1084185719807
6,57,0,0,0,1,187.1842246949888
6,58,0,0,0,1,187.2602685877574
6,1,0,0,0,7,196.67948051382817
6,5,0,0,1,0,201.35206109791324
6,6,0,0,1,0,197.54789573312172
6,8,0,1,1,5,226.26687757312715
6,9,0,1,1,6,205.3004309574823
6,10,0,0,1,6,200.68341910546457
6,11,0,0,1,3,200.82401436367908
6,17,0,0,0,5,185.90731770962836
6,22,0,0,1,7,209.6172005415027
6,26,0,0,0,6,187.52963234177147
6,32,0,0,0,3,186.86179494470332
6,33,0,0,0,2,185.8943785068023
6,39,1,1,1,6,239.72396323003332
6,40,1,0,1,7,225.59373543042435
6,45,1,0,0,1,199.64455295869504
6,46,1,0,1,0,194.12983614643628
6,47,1,0,1,1,221.05012110161746
6,53,1,0,0,5,202.54405348663622
6,55,0,0,0,7,188.09882637315513
6,57,1,0,0,7,201.0914213946057
6,0,0,1,0,6,199.01075635167243
6,3,1,1,0,2,216.79555033137768
6,7,0,0,1,5,208.13394958834593
6,8,1,0,0,1,199.92134781995262
6,9,1,0,0,4,201.2946745037848
6,17,0,0,1,6,203.96109348700134
6,18,0,0,1,4,200.59661686675938
6,20,1,0,1,1,218.69658734073334
6,21,1,0,1,3,219.21185867265646
6,27,0,1,0,5,201.189271230813
6,35,0,0,0,5,187.07520393407322
6,36,1,0,0,4,203.67714311771712
6,37,1,0,0,0,202.82337935334326
6,39,1,0,1,0,217.77145237311882
6,40,1,0,1,3,218.32283455499842
6,43,1,0,0,3,198.99391171468338
6,49,1,0,1,5,216.84259265599093
6,56,0,1,1,1,219.22029768634124
6,57,0,1,0,6,206.38633600148034
6,59,0,0,0,7,200.9021700078687
6,33,0,0,1,1,202.40664324047322
6,35,0,0,0,4,187.71039760534657
6,39,0,1,0,4,202.00688104291552
6,41,0,1,1,4,217.640729645218
6,42,1,1,1,0,182.00296165242008
6,43,1,1,1,0,212.37305569902205
6,45,0,1,1,5,216.08441993199872
6,46,0,1,0,7,212.95048122941708
6,49,1,1,0,0,216.92921031432547
6,51,0,1,0,2,207.66504077077656
6,54,0,0,0,2,187.1760538258548
6,56,0,0,0,5,197.09142680109977
6,0,1,0,1,4,217.65199683752795
6,1,1,0,1,0,210.25241660305863
6,2,1,0,1,5,221.51714381441727
6,3,0,0,0,3,191.62627555543523
6,4,0,0,1,0,200.88037929371075
6,8,0,1,0,4,200.8107751130201
6,18,1,0,0,6,214.46511445564215
6,19,0,0,0,5,186.91110827746837
6,23,0,1,0,2,201.1069063504155
6,25,0,1,0,7,210.65706514523214
6,32,0,1,0,1,201.09097081968122
6,34,0,0,1,1,202.55703918902137
6,38,0,1,1,6,218.30100889026448
6,39,1,0,1,3,225.20240701417822
6,44,0,0,1,2,199.72767774168497
6,48,0,1,0,7,199.37617718379528
6,49,0,0,0,6,189.58328027448297
6,52,1,0,1,3,220.86309843190185
6,53,1,1,0,0,215.56844399878273
6,54,1,1,0,5,224.5829722792961
6,55,1,1,0,1,222.48598659680374
6,56,1,1,0,4,221.30373479231906
6,57,1,1,0,0,215.35695845045055
6,58,1,1,0,6,214.52157744561308
6,0,1,1,0,1,216.44524629486466
6,1,1,1,1,6,238.35569849694696
6,2,0,1,1,5,220.14796015172087
6,4,1,1,0,2,214.5399828932916
6,5,1,1,0,4,218.06211896399253
6,6,0,1,0,2,201.76155995637887
6,7,0,0,0,2,177.27323892333618
6,9,0,0,0,6,187.5107927595018
6,16,0,1,0,4,201.61164864551083
6,23,1,0,0,4,201.21414560370744
6,27,0,0,0,1,183.74987146986473
6,28,0,0,0,4,185.51496913914676
6,29,0,0,0,4,186.7475861639599
6,30,1,0,0,6,200.32454052752584
6,36,1,0,0,6,203.34971249258112
6,50,1,1,0,0,217.48468124092946
6,52,0,1,0,2,201.70441917170297
6,53,0,1,0,2,205.8293503205564
6,56,0,0,0,0,187.5396614928905
10,0,1,0,1,7,121.94309630406174
6,3,0,0,0,2,187.22517497949997
6,6,1,0,0,1,201.98394023507285
6,7,1,0,1,5,216.90547644515527
6,9,0,0,1,4,200.33607624908367
6,10,0,0,1,5,194.0393046700131
6,11,0,0,1,1,199.68575393034297
6,17,0,1,0,7,199.8458528547893
6,18,0,0,0,1,187.23861699303058
6,19,0,0,0,7,203.01090861150763
6,20,0,1,1,1,216.13989975944332
6,22,0,1,0,1,201.01370341337378
6,39,0,1,0,5,194.15874656678804
6,48,0,0,0,3,193.6541055324917
6,51,0,0,0,2,190.9818997289653
6,52,0,0,0,5,188.1727873831635
6,55,0,0,0,3,202.54159997285345
6,5,0,0,0,6,188.05063799469815
6,6,0,0,0,5,185.3543506422141
6,16,1,0,0,7,214.82247963987626
6,17,1,1,0,2,217.06424489530505
6,20,0,0,0,2,187.56665649507326
6,30,0,0,1,5,200.56615287707186
6,31,1,0,0,7,204.13735809360531
6,32,0,1,1,3,217.47144417481297
6,44,1,0,1,2,216.34357830729232
6,45,1,1,1,7,244.95639022953483
6,46,0,0,0,6,190.39782196236047
6,51,0,0,1,1,204.22759803458695
6,56,0,1,0,6,209.12670868082392
6,57,0,0,0,4,188.74928511848606
6,59,0,0,1,0,199.20009760624853
6,0,0,0,1,5,194.51447398925782
6,1,0,0,1,0,200.57186003769777
6,2,0,0,1,7,212.88849099695994
6,3,1,0,0,7,215.49600984230372
6,4,0,1,0,4,200.74622432184506
6,5,1,1,0,1,215.36457338059674
6,6,1,1,0,6,217.08142581800516
6,7,1,1,0,2,214.78607857290694
6,8,1,0,0,6,198.8563152283412
6,9,0,0,0,7,199.4865250083173
6,12,1,1,0,2,214.73917431729166
6,13,1,1,0,4,219.3301554377996
6,15,1,1,0,7,220.80318529681747
6,16,1,0,1,4,225.52055318322502
6,17,1,0,1,0,217.38814888743312
6,19,1,0,1,1,216.9105702190788
6,22,0,0,0,1,185.51984769100417
6,26,1,0,0,2,202.0314435223586
6,30,0,1,0,7,215.28839195761657
6,32,0,0,0,4,185.9171277321231
6,33,0,0,0,4,185.96712400448004
6,34,1,0,0,7,211.11330555611917
6,36,0,1,0,7,201.25250406159577
6,44,0,1,0,2,205.93316080968953
6,46,0,0,0,1,187.9828135270313
6,47,0,0,1,3,197.6880779402914
6,51,0,1,0,4,200.30612594294269
6,52,1,1,0,7,214.10578860838862
6,54,1,0,0,3,204.83492686247723
6,1,0,0,0,4,186.40317619472538
6,2,1,0,0,6,202.9038055963518
6,9,1,0,0,5,201.36637273580718
6,23,1,0,0,1,203.51246337347033
6,24,1,0,0,2,203.74350465746755
6,25,1,1,0,6,217.22825428816495
6,32,0,1,0,5,201.51788079412398
6,37,0,0,0,1,189.39790094809572
6,39,0,0,0,4,187.49436997685376
6,54,0,1,0,2,202.05077281972768
6,47,1,0,0,3,204.07440732253474
6,48,1,1,0,3,222.22725673894928
6,50,1,0,0,1,200.46670914328323
6,54,0,0,0,4,188.25251110807702
6,57,0,1,0,2,203.9595654819267
6,2,0,0,0,2,188.3581724171213
6,3,0,1,0,4,201.03903395579735
6,6,0,1,1,1,217.8191840407891
6,8,0,1,0,5,200.67373045862618
6,10,1,1,0,3,213.0640895931726
6,11,1,0,0,2,200.1465821661405
6,15,0,1,1,0,216.58684456247843
6,16,0,1,1,1,218.7764150329179
6,18,0,1,0,1,204.0165917498231
6,20,0,1,0,0,198.95091141204026
6,21,0,1,0,2,200.55060771768743
6,23,0,1,0,7,201.36713148350353
6,24,0,0,0,4,184.21993173123846
6,27,1,1,0,4,216.96299767134303
6,31,0,0,0,3,197.18703728000347
6,36,1,0,0,5,203.69524645515287
6,45,0,1,0,2,200.7934582532443
6,46,0,1,0,0,199.75441982238033
6,47,0,1,0,2,198.71285702268267
6,48,0,1,0,1,198.37384921519126
6,49,0,1,0,2,203.12607850302308
6,54,1,1,0,1,216.3653827595386
6,58,1,0,0,2,198.3694641176523
6,0,1,0,0,7,199.68557777033553
6,9,0,0,0,4,186.57815330420237
6,11,0,0,0,5,185.64604063322162
6,12,0,0,0,2,184.99987227057605
6,18,0,0,1,7,213.16482853241973
6,29,0,1,0,5,207.47766231648774
6,34,0,1,0,2,202.87213406624605
6,36,0,1,0,6,199.37633879619074
6,38,1,0,1,4,209.90379739713345
6,40,1,0,0,4,205.34048801889776
6,45,0,0,0,1,187.70608582091077
6,46,0,0,1,3,204.5723533725176
6,48,1,0,0,4,200.97564258502513
6,49,1,0,0,5,200.17887751774427
6,56,0,0,0,2,190.71310934745432
6,0,0,0,0,3,185.47871034569727
6,1,0,1,0,7,212.16900005024928
6,3,0,0,0,6,189.08237766828603
6,5,1,0,0,1,200.40748416635358
6,7,1,0,0,3,214.2285968616341
6,10,0,0,0,3,192.34229986541777
6,15,0,1,0,7,204.61884821976622
6,31,0,1,0,2,198.98564202329047
6,32,0,1,0,6,201.91291920776064
6,35,0,0,0,3,187.97751459849525
6,36,0,1,0,1,202.70420416400154
6,37,0,1,1,3,226.45717154084852
6,44,0,1,0,3,203.97465304674034
6,49,0,1,0,1,202.49302008845785
6,0,0,1,0,3,203.55546356035654
6,1,0,1,0,4,203.1666676450696
6,4,0,1,0,2,202.62142305254105
6,5,0,0,0,1,185.8485134734006
6,7,0,0,0,1,187.0070990274692
6,9,0,0,0,5,186.67000635425958
6,11,0,0,0,4,183.48215046186465
6,12,0,0,0,6,175.54911168631835
6,15,0,1,1,3,212.69131890094945
6,16,0,1,0,7,203.8944803493851
6,20,0,1,0,2,207.5861613565277
6,22,1,0,1,2,220.61422944480583
6,23,1,0,1,7,214.92908962226832
6,24,0,0,0,3,193.70870937968675
6,25,0,1,0,1,200.764496414635
6,27,0,1,1,1,217.17268324303876
6,28,0,1,0,6,202.4203994795644
6,31,1,0,1,3,218.8914451004641
6,34,1,0,1,5,222.17077495655226
6,38,0,0,0,7,199.38414659848922
6,46,0,1,1,5,216.56030080066583
6,50,0,0,1,7,198.3377787216345
6,51,0,0,1,7,204.5425228946042
6,53,0,1,1,0,217.02045366727023
6,54,0,1,1,3,221.0303511556284
6,34,1,1,0,0,215.95345468527665
6,38,1,0,0,5,204.56366669236948
6,40,1,0,0,5,203.37099412411123
6,42,0,1,0,3,203.09785674768912
6,43,0,1,1,4,219.30561384510057
6,46,0,0,0,5,188.10421883729256
6,49,0,1,0,5,201.82606880882784
6,50,0,1,1,0,218.0451137090108
6,51,0,1,1,6,215.30353886405877
6,59,0,0,0,3,192.10083089871122
6,1,0,1,0,6,203.43435107942446
6,4,1,0,0,6,211.10648748505972
6,6,1,0,0,0,200.2124657193087
6,8,1,1,0,6,227.08703156320814
6,10,0,1,0,7,213.7909484991582
6,11,1,1,0,1,215.26652014120853
6,12,1,1,1,0,204.93373080464437
6,13,1,1,1,0,198.70226514652677
6,14,1,1,1,0,205.35114464054624
6,15,1,1,1,0,175.3052837063253
6,16,1,1,1,0,213.22460360959215
6,17,1,1,1,0,227.1264672928669
6,18,1,1,1,0,225.86608145577847
6,19,1,1,1,0,231.25436396069094
6,20,1,1,1,0,219.42450623815256
6,21,1,1,1,1,209.18701825789333
6,22,1,1,1,0,224.9514759382527
6,23,1,1,1,3,236.10989648562355
6,24,1,1,0,6,216.64731276843773
6,28,1,0,0,1,202.57608218747987
6,29,1,0,1,4,214.57850553534718
6,31,1,0,1,4,218.66729976316066
6,32,0,0,1,7,193.98884950723348
6,33,0,1,0,4,202.5057606882751
6,34,1,1,0,5,217.4062671616009
6,35,0,1,0,1,204.73539286848316
6,37,0,0,0,2,182.56208042847803
6,38,0,1,0,5,203.7039472653593
6,39,0,1,1,5,222.3125922858789
6,40,1,1,0,0,215.0831971279065
6,41,1,1,0,5,215.72842282767823
6,51,0,0,0,1,190.451570589589
6,54,0,1,0,7,217.28052526076817
6,59,0,0,1,6,204.73920153457087
6,4,0,0,0,5,187.2085267758271
6,5,0,0,0,2,186.90546665771825
6,12,0,1,0,1,202.5668567596506
6,18,1,0,0,1,204.41773848740098
6,19,1,0,0,7,196.24068751008016
6,21,0,1,1,7,213.63942896966432
6,28,0,1,0,5,201.7603528785276
6,30,1,1,0,1,216.04148563676975
6,31,1,1,0,6,219.60059462723484
6,33,0,0,1,6,200.58544197600366
6,34,0,0,1,6,203.24751027486175
6,36,0,0,1,2,203.18695640461914
6,44,1,1,0,4,216.17926181926958
6,48,0,1,1,1,216.78460200066587
6,50,0,1,0,5,204.76199249645234
6,54,0,0,1,4,202.78408682439832
6,55,0,0,1,4,203.9060398119008
6,1,1,1,0,7,228.4220616197748
6,6,1,0,1,0,212.3809478789909
6,9,0,1,0,7,216.26460466092342
6,12,1,0,0,1,199.93930383768208
6,13,1,0,1,1,220.01100418920478
6,14,1,0,1,1,218.0579274648171
6,17,1,0,0,4,202.27438658280502
6,19,1,1,0,5,218.62121471754742
6,20,1,1,0,2,219.66834636006826
6,24,0,1,0,6,201.87741251210332
6,26,0,1,0,4,199.15641945774203
6,27,1,1,0,3,217.13907156252606
6,28,1,1,1,0,211.86921657877153
6,29,1,1,1,6,236.1211996901538
6,31,0,0,0,7,176.02304205570428
6,35,1,0,0,4,197.5531593912617
6,38,0,0,0,3,189.84548488753475
6,39,0,0,0,3,187.03219049142373
6,43,0,0,0,2,186.5826001791731
6,45,1,0,0,3,199.28172690915653
6,46,1,1,0,4,219.25713581352304
6,54,1,1,0,7,214.5492896398737
6,0,0,1,1,7,214.16567877661075
6,11,1,0,0,5,201.8351457551647
6,15,0,0,0,7,186.64863708063035
6,16,0,0,0,7,203.2470814192514
6,30,0,0,0,2,192.0294914361042
6,34,1,1,0,3,220.47329587496404
6,36,0,0,0,7,189.73852457687047
6,37,0,0,1,3,202.46220887061955
6,43,0,1,1,2,218.61886838870433
6,48,0,1,0,0,198.37203663005678
6,55,1,0,0,6,198.90915855761142
6,56,0,1,0,1,205.1127090194278
6,57,0,1,0,7,207.72252017647995
6,58,0,1,0,7,218.82380929196935
6,50,1,0,0,2,193.67943101538816
6,53,0,0,0,3,202.2722785378636
6,54,0,0,1,1,202.9252564312203
6,4,1,0,0,7,201.09122890645241
6,8,0,1,0,6,211.56893501665812
6,14,0,1,0,4,201.1330711952608
6,15,1,1,0,1,220.0731670787556
6,16,1,1,0,4,222.3664699821436
6,17,0,1,0,3,214.3324587092329
6,20,0,0,0,3,188.22752403012038
6,22,0,1,1,2,212.3657725867126
6,23,0,0,1,7,216.3256685432508
6,30,0,0,0,5,184.97306679028713
6,33,0,0,1,2,205.93624416271015
6,35,0,0,1,1,204.85949302869108
6,46,0,1,0,2,200.23228095066372
6,53,0,1,0,7,218.72385113574137
6,56,1,1,0,1,217.68699059057718
6,58,1,1,0,7,223.56417046021005
6,59,0,0,1,7,200.93230719481141
6,4,0,1,0,3,210.86402838295916
6,6,0,0,1,3,213.51587701155432
6,17,0,0,1,4,202.17724692951165
6,19,1,0,1,5,218.67406548939027
6,22,0,0,1,2,200.1761390355844
6,24,0,1,1,7,230.9669650065143
6,26,0,1,0,7,193.87375355272877
6,28,0,0,0,3,192.96128700402033
6,30,0,1,0,1,202.41009206874307
6,31,0,1,0,3,202.234988930493
6,33,0,1,1,5,225.99109081615993
6,34,0,1,1,7,230.69284241014037
6,35,0,0,0,1,187.54895699877437
6,40,1,1,0,5,218.74945123524842
6,41,0,1,0,4,203.69570970767336
6,45,1,0,0,0,200.05150493736693
6,47,1,0,0,2,201.57835908609425
6,59,0,0,1,5,209.68663076720182
6,4,0,0,0,2,188.07369250544457
6,7,0,1,1,5,216.46407076818704
6,9,0,1,0,5,203.42017426330003
6,14,0,1,0,2,203.61161940474224
6,18,1,0,0,5,204.0627826989651
6,29,1,0,0,7,213.8701446988303
6,33,0,0,0,1,186.3167601363903
6,38,1,1,0,6,214.16487496575246
6,43,0,1,0,3,211.4832354596126
6,45,0,0,0,7,205.251800892276
6,46,1,1,0,3,220.41562411717496
6,47,1,0,0,0,198.6370543419789
6,50,0,1,0,4,204.04200340697707
6,51,1,1,0,3,215.19185080469921
6,53,0,0,0,5,186.80619182165015
6,54,1,0,1,6,207.00542811971607
6,55,1,1,1,2,218.2261081774346
6,56,1,1,1,0,228.71384985052455
6,57,1,1,1,0,188.63174596442065
6,58,1,1,1,0,231.48337926543095
6,59,1,1,1,7,229.63549660792862
6,48,1,1,0,5,217.25797781077767
6,50,0,1,1,3,220.96055141806747
6,57,0,0,1,4,199.99330507644098
6,1,0,0,0,3,188.37906974683054
6,5,0,1,1,2,224.94257498190836
6,18,1,1,0,6,219.8288703843976
6,21,1,0,0,7,202.68891420292087
6,22,0,1,0,6,204.42037540082183
6,34,1,1,0,2,217.42992067074283
6,37,1,0,0,1,202.5613960358545
6,38,1,0,0,1,203.73196163147625
6,40,1,1,0,2,214.7255812964199
6,41,1,0,0,3,208.46108530988732
6,49,0,0,1,0,201.66010567506802
6,50,0,0,1,5,203.70151282074272
6,54,0,0,0,5,186.32780665008403
6,58,1,1,1,3,233.7438656126655
6,0,1,0,0,1,199.04668170176058
6,1,1,0,0,3,204.85780538005758
6,2,1,1,0,0,213.3688201572525
6,8,0,1,0,7,196.3345603987349
6,11,0,1,1,7,225.35859084169317
6,13,0,0,0,3,188.60391256025048
6,16,0,1,0,6,213.67626837254542
6,19,0,0,0,4,187.12895325657786
6,26,0,0,0,4,185.85983577154772
6,30,0,0,0,6,185.3049041002194
6,33,1,0,0,6,203.72444960433822
6,38,0,0,0,4,182.22848098472545
6,39,1,0,0,5,204.14415785776015
6,42,1,0,0,4,198.73393930293054
6,51,0,0,0,4,188.09656836480616
6,52,0,0,0,2,188.4181079241429
6,55,0,0,0,1,188.90426820070078
6,7,0,0,1,2,200.4851214696831
6,10,1,1,0,0,214.6095971748557
6,13,1,0,0,3,201.10009202334584
6,14,1,0,0,7,197.5701957264786
6,16,1,0,0,6,203.8600494066786
6,17,0,0,0,2,185.771096627847
6,27,0,1,0,4,201.01849344217612
6,33,0,0,1,0,200.87416114471685
6,34,0,0,1,7,199.75223239569036
6,35,0,1,0,4,202.84047654061484
6,40,0,1,1,0,217.880926091886
6,41,0,1,1,1,219.09573317106396
6,46,1,1,0,1,217.9468881991189
6,55,0,1,0,7,201.33510544058402
6,28,1,1,0,1,216.3989884181276
6,29,1,1,0,7,214.82516440579485
6,32,1,0,0,5,204.50483774615074
6,34,0,1,0,1,202.87763326886915
6,39,1,0,0,4,203.27417266370637
6,43,1,1,0,7,228.03569970533556
6,46,1,1,1,0,182.83845983900315
6,47,1,1,1,6,240.27382400839167
6,49,1,0,0,1,201.98324597148954
6,53,0,1,0,5,204.22195981428936
6,55,1,1,0,0,217.72213436559556
6,56,1,1,0,7,236.94801137061134
6,58,0,1,1,4,216.52671154129666
6,59,0,1,1,2,216.59478570017316
6,0,0,0,1,2,200.1198880705411
6,1,0,0,1,3,201.21856439608152
6,3,1,0,1,0,207.01638055715782
6,4,1,0,1,1,199.57789453985046
6,5,1,0,0,5,202.9587812387281
6,11,0,1,0,7,213.2525112895936
6,19,0,0,0,1,186.82286023466975
6,23,0,1,0,6,209.7667723254098
6,26,1,0,0,3,202.4518462665608
6,27,1,0,1,3,218.2679911954819
6,28,1,0,0,5,202.2680119928239
6,34,0,1,0,5,206.39115196063966
6,36,0,0,0,4,188.76705516918608
6,37,0,0,0,7,199.27751645850276
6,38,1,0,1,1,219.45213294263948
6,39,1,0,0,1,203.92318943452005
6,47,0,1,0,3,198.68398598468747
6,49,0,0,0,7,186.1753520051057
6,51,0,1,0,5,201.25420348807504
6,55,0,1,0,6,203.60980280947302
6,54,0,1,0,4,202.67264412216124
6,55,0,1,0,4,205.48794968176549
6,5,0,1,1,7,214.92054659747308
6,6,0,0,0,6,180.00171703616053
6,7,1,1,0,7,219.62258462247763
6,15,0,0,0,2,187.55492189795376
6,16,0,1,0,1,202.01098143228512
6,27,1,0,0,7,211.02623513024412
6,29,0,0,0,7,200.28644263162127
6,30,1,1,0,6,215.6711689197277
6,38,0,1,0,2,203.43637199726763
6,45,1,1,0,4,218.23580288806926
6,46,0,1,0,4,198.55496723127183
6,50,0,1,0,6,210.43711904922407
6,55,0,1,0,5,213.5607309644027
6,56,1,1,0,6,222.42391146310746
6,2,0,0,0,1,189.73988746219834
6,3,0,0,1,0,202.05827652372602
6,4,0,0,1,7,200.52385607838968
6,7,0,1,0,6,204.0976015476108
6,8,1,0,0,3,200.00216715441084
6,9,1,1,0,2,217.98356023261
6,11,1,0,1,6,218.64714062418645
6,12,0,1,1,0,216.20187827621245
6,13,0,1,1,6,215.3364191812629
6,14,0,1,1,5,218.1017615749863
6,16,0,0,0,4,187.51851692827282
6,18,1,1,0,3,228.75695853741746
6,22,1,0,0,1,201.63040141678295
6,23,1,0,0,7,196.11171313737148
6,30,1,1,0,3,215.6354671937775
6,31,1,0,0,3,203.2295833038834
6,32,1,0,0,7,213.50578845532687
6,36,0,0,0,6,188.36431487894365
6,41,0,0,1,0,198.26661504289618
6,42,0,0,1,2,202.6249452461127
6,48,0,0,1,2,197.4116338122445
6,54,0,1,1,0,218.70003680734897
6,59,0,1,0,6,198.68820572917176
6,45,0,0,1,0,198.49681382874348
6,51,0,0,0,5,189.4980569050126
6,54,1,0,0,4,200.92503182404823
6,0,0,1,0,4,201.18401986933588
6,1,1,1,0,6,217.12060439314916
6,2,0,1,0,1,203.9175144063005
6,3,0,1,1,5,220.53031732540146
6,10,1,0,0,0,199.7392952464582
6,12,1,1,0,0,214.64453020297938
6,13,1,1,0,7,230.26344978249762
6,17,1,1,0,5,217.81864250129317
6,18,0,1,0,3,203.71351963454822
6,19,0,1,0,2,201.96437667184102
6,20,0,1,0,4,200.1063522477928
6,21,0,1,0,1,200.52145366325598
6,22,0,1,0,3,196.01360106879335
6,25,0,1,0,3,203.68606915095378
6,29,0,1,0,4,200.86502175814456
6,31,1,1,0,5,219.57949529176145
6,33,1,1,0,3,210.30424002692916
6,34,1,1,1,0,234.07773026483275
6,35,1,1,1,2,214.8961657259947
6,36,1,1,1,1,215.29249229959032
6,37,1,1,1,5,226.08489322590432
6,38,1,1,0,2,218.43490744770187
6,40,1,0,0,2,206.7759637402849
6,41,1,1,0,2,218.11613536391047
6,48,1,0,0,0,201.87193754230012
6,59,0,1,1,5,215.7971115849547
6,5,1,1,0,5,217.47635293370388
6,8,0,0,0,6,184.3545841802961
6,9,0,1,0,3,201.06167567566015
6,16,0,0,1,7,204.02298047580703
6,17,0,1,1,2,216.21287138234024
6,24,0,1,1,4,213.01680159065006
6,25,0,1,1,3,218.78174390122322
6,28,1,0,1,2,208.93295356411917
6,31,1,1,1,4,218.55347983564718
6,35,1,1,0,5,219.25852710551618
6,36,1,1,1,0,184.5838502642135
6,41,1,0,1,1,210.95694154273465
6,42,1,0,0,6,199.94823566585464
6,44,1,1,0,7,230.98344098045737
6,52,0,1,0,3,215.0345302328455
6,55,0,0,0,6,183.93284105419949
6,57,0,1,0,5,204.72228442045753
6,58,1,1,0,0,214.42553707081663
6,59,1,1,0,7,231.0786418627437
6,2,0,0,0,5,190.08919321789992
6,11,0,1,1,5,220.87528953262375
6,13,1,1,1,5,232.202727018695
6,15,0,0,1,7,203.07016573603514
6,23,0,0,0,7,193.12369029303557
6,24,1,0,0,5,202.40895655967006
6,38,0,1,0,3,210.99546890933436
6,44,0,1,0,0,200.36961620233893
6,45,0,1,0,1,200.5916219891158
6,49,0,0,0,1,185.79421794604374
6,56,0,1,0,0,201.32349122146735
6,59,0,0,0,1,185.23070175994053
6,3,1,1,0,5,214.60957272414953
6,10,0,0,0,4,186.73654759149912
6,11,1,0,0,4,200.14644144083027
6,21,0,0,0,3,186.885871361644
6,32,0,1,1,1,217.87663827294787
6,36,1,1,0,3,217.7915752333848
6,40,0,0,0,7,182.83798285689733
6,49,1,1,0,4,216.64506446664598
6,52,1,0,0,2,202.1351891108577
6,53,1,0,0,3,201.65230344670113
6,43,0,0,1,6,212.8645489608273
6,44,0,0,1,5,210.70133216467048
6,53,1,0,1,0,210.68267763240664
6,55,0,0,1,5,209.32183251009064
6,56,1,0,1,1,219.47680229404813
6,58,1,1,0,4,218.34027872202762
6,14,1,0,0,3,209.81530682952578
6,25,0,0,1,0,202.63602984354227
6,26,0,0,1,0,203.69243432687327
6,27,0,0,1,1,204.66777639155208
6,28,0,0,1,5,200.5504794985221
6,31,1,1,0,3,219.36653549794832
6,42,1,0,0,7,198.44760900721286
6,59,0,1,0,4,201.21620485316805
6,0,1,1,0,5,218.43477724433365
6,1,0,1,1,7,236.75334835151963
6,2,0,1,0,6,203.46811829616684
6,4,1,0,0,5,202.49278862536252
6,12,0,1,1,5,217.36431235797028
6,13,1,1,0,0,216.99145513525545
6,16,1,0,0,3,206.9441215990853
6,19,1,0,0,4,203.27022246225545
6,20,0,0,0,4,186.87225588818544
6,21,1,0,0,6,210.29956278687067
6,23,1,1,0,6,207.22968209195378
6,25,1,1,0,7,227.1572651844284
6,26,0,0,0,1,186.55099789069047
6,31,1,1,0,1,219.3181039382645
6,32,1,1,1,2,155.32245958147755
6,46,1,1,1,1,199.96511631802318
6,48,1,0,1,0,201.44388327979743
6,59,0,0,0,5,189.58185384836221
6,3,0,1,1,7,217.80497678396745
6,6,0,0,1,6,201.95621473862667
6,7,1,1,1,6,215.6969894157033
6,8,1,0,1,1,215.3010925713987
6,13,0,1,0,3,203.1882353821641
6,18,0,1,0,6,200.03558812430404
6,20,1,1,0,4,217.98364233456104
6,22,0,1,0,2,200.17041470074022
6,24,0,0,1,2,202.50832898622943
6,25,0,0,1,5,208.29539991833246
6,30,1,0,0,2,201.19882035673209
6,39,1,0,0,7,203.5487626236879
6,43,1,0,0,4,201.90863444479328
6,45,0,0,0,5,187.03598090522274
6,46,0,0,1,5,201.4600286061181
6,47,0,0,1,5,204.3713753700383
6,54,1,0,1,1,215.0389645073707
6,55,1,0,0,7,220.38130616461794
6,0,0,0,0,7,198.78713937364688
6,10,0,1,0,1,200.15584129998788
6,13,0,1,1,1,216.14604365409167
6,20,0,0,1,5,203.32048180388898
6,24,0,0,1,4,203.11591494338296
6,25,0,0,1,1,203.9906653244734
6,28,0,1,0,0,201.69079384600917
6,30,1,1,0,4,215.54673987249407
6,40,1,0,0,3,205.8420874341364
6,48,0,0,0,5,188.09848477145545
6,57,1,0,0,1,201.15687132138024
6,2,1,1,1,0,154.70979678781953
6,3,1,1,1,7,240.8909510687891
6,7,0,0,1,6,196.42175658869235
6,9,1,0,0,2,201.15559661481808
6,11,1,0,0,6,190.59884288532916
6,13,0,0,0,4,185.85838350140955
6,18,0,0,0,5,187.0406169259138
6,29,0,1,0,3,201.30451561869424
6,30,0,1,1,2,218.72449449980104
6,32,0,0,1,5,203.7550279565357
6,38,0,0,0,2,185.70238288900003
6,47,0,0,0,1,184.92754760852543
6,49,1,0,0,7,201.43716349973624
6,53,0,0,0,4,188.6800623366923
6,54,0,0,0,6,186.36335159543626
6,36,0,0,0,1,188.0438998756441
6,54,1,0,0,6,193.75800316572244
6,59,0,0,0,6,192.20491138576335
6,2,0,0,0,6,190.80597757146893
6,5,0,0,0,3,185.7295378234352
6,6,0,0,1,4,199.19747256165826
6,8,0,0,0,3,199.11639452326273
6,9,0,1,0,1,199.87385261775444
6,11,0,0,0,3,186.1512666364598
6,28,1,0,0,7,199.4699797321691
6,29,0,1,0,1,200.44426803476665
6,30,0,1,0,6,195.87297398429922
6,39,0,0,0,2,187.08724924488706
6,42,0,0,1,1,201.465199348689
6,50,1,1,1,5,233.20019551027085
6,53,0,0,1,5,197.96394257153176
6,3,1,0,1,6,217.27956829613038
6,8,0,0,0,7,185.13586439830107
6,9,1,0,1,2,212.82228961637762
6,12,0,0,1,2,201.82315382442786
6,17,0,0,1,3,210.85087726713118
6,34,0,0,0,2,186.76257165864712
6,37,1,1,0,4,220.07941557836946
6,59,0,1,0,3,203.47260470255878
6,1,0,0,1,7,197.77508721525376
6,4,0,0,0,1,184.27828936324136
6,6,0,1,0,7,201.8038139737692
6,7,0,1,0,1,202.99877521336487
6,10,0,1,0,2,200.01421787644523
6,18,1,0,1,6,212.9201997830651
6,24,1,1,1,5,237.22450596420984
6,34,0,0,0,3,190.35765906188092
6,48,0,1,0,3,201.61533994821642
6,54,0,1,0,6,203.22168152189235
6,59,1,1,0,6,220.76880066070015
6,4,1,1,0,3,211.32206245022397
6,5,1,1,0,0,216.03286494846375
6,6,1,1,0,0,212.44888418264281
6,8,0,0,0,2,187.10845953450337
6,11,0,0,0,0,183.82142208818996
6,12,0,0,0,3,185.86905557212634
6,14,0,0,0,4,187.006406213599
6,15,1,0,0,6,212.13596073816726
6,17,0,1,0,4,202.48028242443866
6,18,1,1,0,4,218.67541850863262
6,24,0,1,1,0,219.86994829040972
6,37,0,1,1,5,219.41783272661715
6,38,0,1,0,1,202.60559586154466
6,40,0,1,0,7,202.12817182521152
6,46,1,0,0,7,212.65633220528832
6,59,1,0,0,2,202.08647180348493
6,0,1,0,0,0,198.8554183886273
6,1,1,0,0,5,200.88798899181313
6,4,0,0,0,7,176.23980138630984
6,10,1,0,0,5,201.02789428723293
6,14,0,1,1,3,219.17716074841735
6,25,1,1,0,3,220.27818994520862
6,26,1,1,0,4,215.9494510948022
6,27,0,1,0,6,201.0207887197012
6,33,0,0,1,7,212.85218032916595
6,34,1,1,1,3,234.28815476386978
6,35,1,1,0,3,219.1198587844276
6,36,1,1,0,4,216.0466977178763
6,41,0,1,0,2,202.8523628796872
6,50,0,1,0,1,202.27799686855835
6,51,0,1,0,6,201.24145569500365
6,52,0,1,0,4,203.86296117294756
6,56,1,1,0,0,215.6582856473751
6,57,1,1,0,2,218.0097340122836
6,4,0,1,1,4,216.00285478541778
6,5,0,1,1,6,219.05888994851102
6,6,1,1,1,1,229.19912680327968
6,22,0,1,0,7,195.98939468414335
6,25,0,0,0,5,186.26566740585403
6,31,0,0,1,1,202.90280485139976
6,33,0,0,1,5,203.87232834463364
6,35,0,1,0,2,203.63112384548373
6,50,0,1,0,3,203.12888333148385
6,56,0,1,0,4,201.89721125038372
6,58,0,1,1,5,221.54963694477914
6,2,0,1,0,5,203.98918839648698
6,4,0,0,0,6,195.0415474936556
6,10,0,1,0,4,201.79246015746656
6,17,1,0,0,3,212.68966378643765
6,24,1,1,0,5,216.69743600597297
6,30,0,0,0,3,174.2577735071477
6,43,0,0,1,4,201.88889558836726
6,44,1,0,1,0,213.71934780219132
6,45,1,0,1,0,203.3326495999569
6,46,1,0,1,4,209.35940604087253
6,47,0,0,1,0,199.78270680975368
6,48,0,0,1,1,202.1435297730026
6,0,0,0,1,7,190.72668964706588
6,1,0,1,1,5,212.57647391806205
6,2,1,1,1,3,235.31891706990285
6,4,1,0,0,3,201.75416761208777
6,10,1,0,1,1,215.8771475016057
6,16,1,0,1,7,212.94931974956796
6,18,1,0,0,7,201.45501145141137
6,20,1,0,0,3,204.4665676393386
6,21,1,0,1,1,217.6439359333087
6,22,1,0,0,4,202.19437474694354
6,29,1,0,0,4,204.22200691285138
6,38,1,0,0,7,204.4454973417282
6,51,1,1,0,1,217.9153409812334
6,57,0,0,0,6,190.91351242018283
6,0,0,0,1,1,199.82924196115712
6,1,0,0,0,0,185.0092222364194
6,3,1,1,0,7,212.283097417605
6,7,0,0,1,1,200.24779143020868
6,15,0,0,0,4,189.043629110461
6,17,0,0,0,1,186.00576035418413
6,21,0,0,0,4,186.39764981986954
6,23,0,0,0,5,186.3239484096888
6,51,0,0,0,7,189.94484942991852
6,57,1,0,1,1,215.05365900049185
6,44,0,1,0,4,204.75219223548322
6,45,1,1,0,1,216.797688218291
6,52,0,0,0,7,187.4186584354663
6,55,1,0,0,4,200.1210544009461
6,2,0,0,0,4,188.80072995157929
6,13,0,1,0,2,202.68631749429895
6,15,0,1,1,1,216.9637893082155
6,24,0,1,0,3,202.24938464835452
6,28,0,1,0,7,208.52324968641014
6,29,1,0,0,5,203.97445381802518
6,32,1,0,0,1,205.1611872239857
6,36,1,0,0,7,212.9159760890515
6,41,0,1,1,5,219.35109368427302
6,47,1,0,0,1,198.42797691949758
6,48,1,0,0,1,201.99992913418325
6,49,1,0,0,3,201.938045975163
6,0,0,0,0,4,187.79087215309633
6,4,0,1,0,1,202.09307794149927
6,20,0,1,0,5,200.1371244626381
6,22,0,1,0,5,201.20544440191205
6,24,1,0,0,0,200.64155644960013
6,39,1,1,1,3,233.29414858057004
6,46,0,0,1,1,204.58253645668768
6,54,0,0,0,1,188.87419830021557
6,57,0,1,1,0,216.7379758518428
6,5,1,0,0,7,201.08361872863915
6,6,0,1,0,6,201.43261481686628
6,10,0,0,0,6,182.39176828205856
6,15,0,1,1,2,217.17689022317293
6,16,0,0,1,6,212.87068585416728
6,18,0,0,1,6,195.37596409434522
6,21,0,1,0,3,208.38368150489163
6,24,0,0,1,0,201.54617106858055
6,37,1,1,1,7,195.71590648108003
6,49,0,1,0,0,200.64404846163526
6,52,0,1,0,7,200.29778624385955
6,53,0,0,1,1,207.23951977774286
6,3,1,0,0,0,200.71700935038893
6,4,1,0,0,0,201.4852899617332
6,6,1,0,0,5,205.46965906248604
6,7,0,0,0,6,188.98021730610384
6,15,1,0,1,3,222.18428383048388
6,18,1,1,0,1,220.14303424734857
6,19,1,1,0,6,219.20924503971935
6,20,0,1,0,7,195.67736863506684
6,26,1,1,0,6,215.52619157840738
6,36,0,1,0,2,210.66273271450086
6,51,0,0,1,6,215.93880812529252
6,53,0,0,1,6,193.9512550686383
6,54,1,1,1,3,241.22592972439296
6,56,1,0,0,7,198.7326152399633
6,59,0,0,1,3,203.67101743044205
6,0,0,1,1,0,218.20200525706264
6,1,0,1,1,0,219.49820681073194
6,7,0,1,0,7,214.73005901124912
6,8,1,0,1,5,218.14076251319312
6,12,0,0,0,5,195.54733441452333
6,13,1,0,0,6,200.4231800839331
6,17,0,1,0,0,201.28500299387406
6,19,0,1,0,3,202.61402421242298
6,26,0,0,0,7,198.79642256438697
6,27,0,1,0,0,199.94062023100548
6,28,0,1,0,2,202.21937217291074
6,39,0,0,0,5,188.55866913960486
6,56,0,0,0,3,191.5421487772952
6,8,0,1,1,1,216.21145128750447
6,11,1,1,0,6,227.04223375253767
6,16,1,1,0,6,225.54737410033863
6,17,1,0,0,6,198.10112598261117
6,27,1,0,0,1,202.33653317438075
6,31,1,1,1,5,203.35235331329824
6,58,0,0,1,1,203.39201991853523
6,8,0,0,0,4,184.8104784704854
6,11,0,1,0,2,198.2391813618484
6,13,0,1,0,6,207.89996593346635
6,19,1,1,0,0,216.91105478143388
6,38,1,0,1,5,214.89349557585746
6,47,0,1,0,0,197.4292736496852
6,0,0,0,0,1,186.39215369911068
6,3,0,1,0,3,207.00565167295912
6,13,0,0,0,7,200.0204704406813
6,15,0,1,0,1,203.25057192436708
6,19,1,1,0,3,223.6632865382348
6,21,1,1,0,1,218.63304093736636
6,24,1,0,0,7,207.84961538597062
6,28,1,0,0,6,214.22837966000165
6,34,0,0,0,5,186.63831588505082
6,43,0,0,0,5,186.62967623959983
6,44,1,0,0,4,200.9845580578895
6,45,1,0,0,7,195.82988819117529
6,7,0,0,1,0,200.1471883332156
6,8,0,0,1,4,202.35307982165773
6,9,1,0,1,1,212.8581250164959
6,18,0,0,0,6,187.0687382626155
6,30,0,1,1,3,218.01819434813333
6,42,0,1,0,0,198.97705550841192
6,44,0,1,1,5,218.66855693857556
6,54,1,0,0,2,207.24275993052908
6,57,1,0,0,5,203.05498771845777
6,34,0,1,1,5,219.90171945028914
6,36,0,0,1,4,203.9196154987238
6,37,0,0,1,4,202.32061001731478
6,49,1,1,1,0,194.67642994185024
6,1,0,0,0,6,191.3915001056344
6,4,0,1,0,7,200.63202833314898
6,8,1,1,0,2,214.97821631268306
6,22,0,1,0,4,200.58315147985863
6,40,0,0,1,4,202.76242810678752
6,41,0,0,1,2,199.2612236978616
6,46,1,0,0,4,201.45619228448638
6,52,1,0,0,5,203.28346174751445
6,56,0,1,1,7,216.9955035981402
6,8,1,1,0,5,218.0558035254237
6,10,0,1,1,6,217.20414515432856
6,15,0,1,1,4,217.30381741910827
6,16,0,1,1,4,219.5643751068042
6,18,0,0,1,1,201.57173577295885
6,30,0,1,0,2,201.19845850453797
6,35,0,0,1,4,201.49360969283725
6,36,0,0,1,0,201.5415808315724
6,50,0,0,1,1,203.84870868121348
6,57,1,1,0,6,229.90329191697947
6,59,0,0,1,4,201.56645575161
6,0,1,0,1,7,213.82288753499722
6,17,0,0,1,2,201.81898215976457
6,23,0,1,1,0,216.33835681274158
6,25,0,1,0,0,199.9384787987898
6,29,1,0,0,6,204.29119887297526
6,34,0,0,1,0,203.31210817525636
6,46,0,1,0,1,201.2094369626933
6,56,0,1,0,2,208.72798573507504
6,2,0,0,0,7,198.67890690938924
6,6,0,1,0,3,202.68096328658106
6,13,1,0,0,1,200.98022146688
6,43,0,1,0,6,202.43489255156388
6,44,0,1,0,1,204.13739727768143
6,45,0,1,0,6,202.444890246027
6,51,1,0,0,5,202.79332602600883
6,53,0,1,0,6,206.09251954446373
6,56,1,1,1,7,228.66748854332704
6,17,0,0,0,3,193.1325549820779
6,19,0,0,0,3,187.72124497334397
6,23,0,0,1,4,201.06350081888223
6,30,1,0,1,4,218.84688291171588
6,31,0,0,1,4,202.10884859555148
6,0,0,1,0,1,201.97695316923787
6,14,0,1,0,0,200.9204440619035
6,21,1,0,0,1,203.9620719921932
6,22,1,0,0,6,204.86214237718434
6,36,1,1,0,2,216.89162285509067
6,39,1,1,0,4,218.95534701997605
6,40,1,1,0,1,217.73098816003318
6,5,1,0,0,2,201.15605614839356
6,6,1,0,0,6,212.64681256635322
6,15,0,1,0,5,201.7169218380092
6,16,0,1,0,2,202.0296330781689
6,21,1,1,0,6,223.7489828518397
6,44,1,1,1,0,221.48192104145002
6,45,1,1,1,2,212.7733087341407
6,46,1,0,1,6,201.34145809000947
6,55,1,1,0,5,218.55630261360844
6,0,0,0,0,6,190.06023575867013
6,5,1,1,1,2,207.36202229903648
6,7,1,0,1,4,217.07759707545776
6,9,0,0,1,3,203.2353479686058
6,24,1,0,0,3,204.58207963075046
6,42,0,0,1,7,212.01960844126603
6,50,0,0,1,4,203.4081364905076
6,12,1,1,0,7,215.3709693781065
6,20,1,1,0,1,217.49352112954344
6,22,1,1,0,2,219.64019098677926
6,25,1,1,0,4,220.2213976388313
6,30,0,1,1,6,219.5054936440721
6,50,0,0,1,6,187.7630846300779
6,55,0,1,1,5,229.4035639048082
6,58,1,0,0,6,202.16214324713576
6,59,1,0,0,0,198.60142405169665
6,6,0,0,0,1,187.27689236522852
6,8,0,0,1,3,203.5445874263336
6,10,0,1,1,5,220.1685351497292
6,11,0,1,0,6,202.7706627025341
6,16,0,0,0,6,189.69124378951804
6,17,1,0,0,0,201.16858312306343
6,20,0,0,0,6,189.65190420079952
6,21,1,0,0,3,203.6177178859079
6,25,0,0,1,3,201.0198471718093
6,28,0,0,1,4,203.61715035303388
6,52,0,1,0,5,202.53805055666882
6,3,1,1,0,6,222.8867307634116
6,6,1,0,0,4,202.23796979550946
6,8,1,0,0,7,213.080231453522
6,9,1,1,0,5,217.67637959506644
6,20,1,1,1,3,233.75065699907273
6,25,0,0,0,4,185.82828828696992
6,27,1,1,0,5,213.88396080285287
6,54,0,0,1,2,204.0914422464188
6,55,0,1,1,3,220.3162727379232
6,5,0,1,0,5,202.65705794206414
6,7,1,1,0,4,213.2263092063148
6,16,0,0,1,2,206.8114143287448
6,18,0,0,1,5,201.5266175511979
6,29,0,0,1,3,200.42371255764218
6,44,1,1,1,3,235.86228334326867
6,45,1,0,1,7,223.0400829835664
6,6,0,1,0,5,207.8614351242595
6,12,0,1,0,4,203.82685326187868
6,22,1,0,0,2,203.47390549873472
6,43,1,1,0,2,216.64963661019442
6,44,1,1,0,5,215.90100486436236
6,45,0,1,1,7,218.7262153970806
6,46,1,0,1,1,213.2230380873316
6,50,1,0,0,7,202.05282366387098
6,54,0,1,1,2,219.35379542274006
6,57,0,0,1,3,199.9380152863335
6,58,0,1,1,1,216.13275042018725
6,2,1,1,0,5,215.1808211303884
6,3,1,1,1,4,205.27391729166027
6,4,1,1,1,2,190.77143987927107
6,5,1,1,1,3,235.70491964318
6,6,1,1,0,3,216.58957945220544
6,25,1,0,0,2,202.26180556489038
6,27,0,0,1,2,204.54828155545243
6,33,0,1,0,2,202.95358267809948
6,44,0,0,1,1,200.12086419280305
6,51,1,0,1,0,216.68529092467693
6,53,1,0,1,5,218.65426585580659
6,4,0,1,0,6,201.98398078765476
6,9,1,1,1,1,180.14307171182566
6,26,1,0,1,0,196.6783515080611
6,39,0,1,1,2,220.7187631135132
6,40,0,0,1,6,212.65924441136258
6,0,1,1,0,6,216.3433144576959
6,5,0,1,0,6,211.69650690468245
6,12,1,1,1,1,233.25725280754412
6,22,0,0,1,4,200.8135287113271
6,25,0,0,0,3,186.00953768006258
6,29,0,1,0,7,193.26460485965566
6,32,1,1,0,7,215.495351918363
6,34,0,0,0,1,186.05744065383783
6,38,0,0,0,1,186.8691616021697
6,54,1,1,0,2,221.5603061913891
6,55,1,1,0,6,212.06651708532638
6,57,0,0,1,2,200.025330754626
6,1,0,0,0,1,185.59177880361509
6,36,1,1,0,5,222.25924519827834
6,38,1,0,0,6,212.42544377883075
6,40,1,1,0,3,222.34758983836383
6,46,0,1,1,1,218.89720965917144
6,49,1,1,0,5,216.91634441549195
6,52,1,1,0,2,217.3984747841908
6,53,1,0,0,4,202.2191091250816
6,1,0,0,1,5,201.73323610648123
6,3,0,0,0,1,187.98229856249833
6,4,0,0,1,1,201.65212259317923
6,7,0,1,1,6,212.60376046781235
6,8,0,1,1,2,215.7108222728283
6,18,1,1,0,7,212.9949994368981
6,23,0,1,0,5,199.92394363845145
6,25,0,1,1,2,218.60835477921637
6,31,1,0,0,4,205.3468862810335
6,34,0,0,0,4,186.74862855975456
6,44,0,1,0,5,203.2739449883162
6,13,1,1,0,3,220.8286196141655
6,18,1,0,0,4,204.32772109310326
6,27,0,0,1,0,201.9849221574766
6,28,0,0,1,0,203.9591392942164
6,30,0,1,0,4,200.67617677955542
6,32,0,1,0,7,200.43567839654182
6,35,0,0,1,7,216.57001278517427
6,37,0,0,1,1,202.44883760369757
6,45,1,0,0,5,199.32456584854657
6,16,0,0,0,3,188.7927965909369
6,22,0,0,0,6,191.10330144707353
6,43,0,1,0,0,198.85888851851675
6,7,0,1,1,2,216.28689361584833
6,8,0,0,1,5,205.18288611349556
6,10,0,1,0,5,205.3315718727469
6,15,0,1,0,4,203.1167488471922
6,16,0,1,0,3,201.45734344253793
6,26,0,1,0,6,199.3502446376811
6,44,0,1,1,3,216.84293034351975
6,49,1,0,1,3,216.58843734763542
6,55,0,1,1,1,219.76776401321217
6,20,1,0,0,2,204.84328401329932
6,34,0,0,1,3,203.3091498139933
6,35,0,1,1,2,217.42822024132965
6,7,0,1,0,2,205.04705750065446
6,9,0,1,0,2,202.21548078970835
6,17,0,1,0,1,202.82645819058925
6,29,1,0,1,7,219.71113197028475
6,31,0,1,1,4,217.2080305236351
6,32,0,1,1,4,218.66031595157312
6,52,1,1,0,4,217.15092137785018
6,5,0,0,1,3,202.37737828241237
6,15,1,1,1,1,185.16624541090138
6,24,1,1,0,3,216.05939710304406
6,28,0,1,0,4,200.26681948531223
6,30,0,1,1,7,227.51352993806586
6,32,0,1,0,3,201.37879401954913
6,41,1,0,1,6,217.6628734032218
6,30,0,0,1,6,197.52872549888386
6,34,1,0,1,2,219.63844054358393
6,35,1,0,1,6,203.3880116141964
6,37,0,1,1,4,217.95456840756628
6,38,0,1,1,0,219.6873594890925
6,41,1,1,0,1,215.37342977848104
6,42,1,1,0,5,218.3829390052555
6,54,1,0,1,3,223.97720229452057
6,59,1,0,1,7,233.3848941215988
6,2,0,1,1,3,224.0128161507801
6,3,0,0,1,6,202.85165296322143
6,7,1,0,0,7,196.47666119689129
6,17,1,1,0,6,213.8777605907867
6,27,0,1,1,0,216.28208168446264
6,29,0,1,1,1,218.91126262352452
6,33,0,1,1,2,218.39098977201715
6,34,0,1,1,6,217.1957602295131
6,38,1,1,0,4,218.43775676338225
6,42,0,1,1,6,218.3037500819154
6,43,1,0,1,0,217.3698898557966
6,44,1,0,1,4,217.23752541574257
6,45,0,0,1,6,215.5781816142151
6,52,1,0,1,2,221.68195984530587
6,1,0,1,0,3,201.23006941436122
6,19,1,0,0,3,202.72552133986258
6,20,1,0,1,7,216.45458533248902
6,26,1,1,0,3,221.833603002296
6,27,1,0,1,4,203.38953147203577
6,31,0,1,1,2,219.84264522493228
6,32,0,1,1,6,224.9977076056296
6,41,1,0,1,0,203.88337851576577
6,42,1,0,1,0,191.11776409627362
6,51,0,1,0,7,200.42856885276828
6,5,0,0,1,7,201.4014296579029
6,6,0,0,0,7,185.65434421955564
6,21,1,1,0,2,218.53783140094183
6,44,1,1,0,6,212.78680602611274
6,50,1,0,0,0,200.4742754421052
6,1,1,0,0,4,201.70064085483406
6,19,0,0,1,1,201.55753943110395
6,25,1,0,0,7,202.14486214434262
6,27,1,0,0,3,201.27609176824083
6,28,1,0,1,5,210.23201641342524
6,32,0,0,1,2,203.9093604691231
6,56,0,0,1,3,202.7293625965947
6,22,1,1,0,4,219.88572759389695
6,35,0,1,0,6,211.6651364500989
6,42,1,0,0,3,207.38914661405926
6,46,1,1,1,5,230.27330914195693
6,0,0,1,1,4,217.6150046403552
6,4,1,0,1,3,229.14726469636256
6,5,1,0,1,0,208.3786965749239
6,8,1,0,0,4,200.92498619204665
6,16,0,0,0,5,190.06628343788338
6,54,0,0,1,7,213.91611690769273
6,4,0,1,1,1,217.7666515093297
6,9,0,1,1,5,212.73027215129562
6,10,0,1,1,1,218.37316001742312
6,11,0,1,0,4,199.59466258425823
6,28,0,1,0,1,201.92965789503128
6,29,0,1,0,2,200.35098374224276
6,34,0,0,1,2,202.90097122118658
6,35,0,0,1,6,205.85198850105095
6,36,1,0,1,3,220.33882388277615
6,38,1,0,0,4,204.93399716259097
6,46,1,0,0,6,199.8673448784163
6,29,0,1,0,6,200.00884168472373
6,30,1,1,0,0,215.61075133072714
6,42,1,0,0,1,202.2777504317986
6,43,1,0,0,7,214.47722413053825
6,53,0,0,0,2,190.0226353929423
6,55,1,1,0,2,218.70936751660048
6,57,1,1,0,1,217.04564438129347
6,18,1,1,1,2,231.83623465924603
6,19,1,1,1,5,232.51831863835076
6,22,0,1,1,5,210.39287742262704
6,31,0,1,0,0,201.69327572103631
6,34,1,1,0,1,216.36348051515844
6,3,0,1,0,5,202.64685863019398
6,10,1,0,0,6,206.53973694568603
6,12,1,0,0,5,202.96658917404426
6,30,1,0,0,7,211.27243532300412
6,32,1,0,1,2,211.54625239576987
6,34,0,1,1,2,219.04053034713948
6,51,1,0,1,2,222.12155623117823
6,52,1,1,1,7,245.33852743810934
6,56,0,1,1,4,222.4877892193022
6,57,0,1,1,4,217.42236223847544
6,59,1,0,1,0,215.8888887622894
6,0,1,0,1,1,216.62101595639618
6,1,1,0,0,6,212.3861505980116
6,3,1,0,1,1,213.75129484949815
6,4,1,0,0,2,200.0526878495369
6,7,1,1,0,6,216.3310367399225
6,20,0,0,0,5,187.40597325647948
6,24,1,0,0,6,202.9967027648258
6,29,1,1,0,6,209.40018488402706
6,0,1,0,1,0,204.40923933821534
6,1,1,0,1,5,221.37381617282807
6,3,0,0,0,4,187.5287598045388
6,6,1,0,0,3,202.0986460942987
6,7,1,1,0,5,211.64891612372946
6,19,0,0,1,0,202.3859442365162
6,42,1,1,0,4,214.82577697767132
6,57,1,1,0,4,217.00982258224917
6,10,0,1,0,3,200.4928984292153
6,14,1,0,0,6,204.05484211479532
6,21,0,0,1,2,202.3282150360897
6,25,0,1,0,2,203.8976438118541
6,48,1,1,0,7,216.62126477447927
6,53,1,1,0,6,208.7548662772489
6,8,0,1,1,3,218.34472371983045
6,13,0,1,1,7,221.88008788474522
6,16,1,0,1,0,217.12891738445026
6,44,1,0,0,0,198.89457271997202
6,46,1,1,0,7,231.11594892812985
6,10,1,0,0,7,197.82299902420908
6,21,0,1,0,7,197.31915719385333
6,22,1,1,0,1,215.85513995201205
6,26,0,1,0,5,198.96666148552282
6,27,1,1,1,3,213.85882714746694
6,28,1,1,1,6,234.8642095797563
6,31,1,0,0,1,204.03292500828866
6,32,1,0,0,3,204.8029213710572
6,41,1,0,0,5,198.15023164166067
6,55,0,1,0,2,208.96389873720804
6,59,1,0,0,7,200.43845259836235
6,14,0,1,1,1,217.26821017788777
6,34,1,0,1,1,219.671750209357
6,0,0,0,1,4,200.1051674823975
6,2,0,0,1,2,200.64429419889785
6,3,0,1,1,6,219.14760731697754
6,4,0,0,1,2,201.15153319941064
6,5,0,0,1,6,212.13694998686628
6,24,0,1,0,1,203.13357194165195
6,31,1,1,1,6,224.8133503224111
6,35,0,0,0,2,192.58525216521846
6,37,1,0,0,6,194.7562385410012
6,39,0,0,1,2,201.40175795251943
6,11,1,0,0,3,210.69093240369972
6,14,1,0,1,4,216.83318957424083
6,48,1,0,0,5,202.66645901087963
6,52,0,0,1,1,204.3286233133508
6,2,1,0,1,7,203.4608806635704
6,5,1,0,1,2,216.80343295184701
6,7,1,1,0,1,214.8479388342635
6,8,1,1,1,1,228.6091475814336
6,9,1,1,1,3,204.79491036028534
6,10,1,1,0,4,217.27645071515443
6,18,1,0,0,2,204.285703457819
6,19,1,0,0,5,211.21891206754538
6,20,1,0,0,0,200.6610360616862
6,26,1,1,0,2,215.96295532779698
6,33,0,0,0,7,185.0593715616288
6,34,1,1,1,5,234.12556249755994
6,37,0,1,0,4,203.01368702864536
6,38,1,1,0,3,218.1709817688381
6,39,1,1,0,0,214.81802039873278
6,41,1,1,0,4,217.01661367817832
6,45,1,0,0,2,202.11563219772148
6,52,1,1,0,3,219.5545968784824
6,15,0,1,0,6,216.2287116565868
6,28,1,0,0,3,190.333221905644
6,41,0,1,0,6,208.88015091066984
6,46,1,0,0,5,200.60205539420323
6,52,0,1,0,1,202.6670205100306
6,33,1,0,0,1,203.77714730508083
6,4,0,0,1,5,201.6741113483151
6,8,0,1,0,1,199.98113258003693
6,13,0,1,0,7,211.90629374127784
6,14,1,0,0,5,203.85188130765212
6,29,1,1,0,4,215.51668650690291
6,35,1,0,0,0,202.50959624196767
6,45,0,1,0,3,204.53715356818503
6,17,1,1,1,4,231.88023823165582
6,19,0,1,1,2,221.22669328876248
6,20,0,1,1,6,217.48255026928894
6,31,0,1,0,5,195.7630285045509
6,33,1,0,1,5,218.9115735533319
6,48,1,1,0,6,217.42777677275873
6,50,0,0,1,2,203.29476942719307
6,0,1,0,0,5,197.76670666923656
6,6,0,1,0,4,203.1949338429344
6,21,0,0,0,2,187.24884714777673
6,42,0,0,0,5,191.9362747421404
6,46,0,0,1,2,203.54779641418878
6,3,0,0,0,5,188.26280566644874
6,4,1,0,1,7,213.28620548606133
6,5,1,0,0,0,199.8453983197625
6,16,0,1,1,2,220.7185681497476
6,50,1,1,0,7,227.74314380161712
6,53,0,0,1,3,197.69262082838472
6,14,1,0,1,0,199.025171168729
6,18,1,0,0,3,205.2421251192402
6,26,1,1,0,7,215.73861874750227
6,34,0,0,0,7,188.23366885090903
6,49,1,1,0,2,216.38505411154037
6,51,0,0,1,2,204.54745251941515
6,52,0,1,1,0,217.46964699102358
6,53,0,1,1,3,221.61354026624042
6,8,1,0,0,2,200.84297310962887
6,9,1,0,0,3,201.12864284135634
6,13,0,1,0,4,203.2969708398762
6,24,1,1,0,1,216.12849504053798
6,29,0,1,1,3,218.4686682345567
6,31,0,0,1,7,202.97273051858576
6,32,1,0,0,4,204.91095089368167
6,50,1,1,0,4,219.011642178194
6,56,0,1,0,7,221.46076554803403
6,3,0,1,0,7,214.4801718858103
6,10,1,0,0,4,201.72482809484382
6,12,1,0,1,5,222.8483382358612
6,14,0,0,1,1,202.42675069874153
6,19,1,1,0,1,218.18153576007876
6,22,1,0,0,7,210.6751001507068
6,34,1,0,0,6,204.11521882754747
6,36,1,0,0,3,202.873832273878
6,37,1,0,0,7,201.54209019997484
6,39,0,1,1,1,220.18279989618787
6,56,0,0,1,0,201.60113363211454
6,57,0,0,1,6,200.02892974550394
6,14,1,1,0,3,222.5837206620895
6,15,1,0,0,7,204.0649986603424
6,23,0,0,1,1,200.18624320187425
6,27,0,1,0,3,200.63736502990108
6,37,0,1,0,5,197.9044358556571
6,38,1,1,1,1,235.94542637450283
6,39,1,1,0,2,219.69168690754373
6,40,1,0,0,6,207.5348502059614
6,47,0,1,0,5,201.20405998813
6,20,1,1,0,6,209.60483636582944
6,22,0,1,1,7,227.05362857356008
6,37,1,0,0,3,208.19628745056045
6,46,0,1,0,6,201.44048501047033
6,18,0,1,0,0,202.72363427920186
6,30,0,1,1,4,217.4897077516101
6,40,0,1,1,2,218.63431983254856
6,42,0,1,1,3,218.57059475972125
6,43,0,1,1,5,216.6176345830278
6,47,0,1,0,6,201.94235472508268
6,35,1,0,0,6,198.69352511523218
6,56,0,1,0,5,209.6048473407249
6,58,0,0,1,0,203.48475838169455
6,59,0,0,1,1,202.91800033734987
6,8,1,0,0,5,191.50331312406468
6,13,0,0,1,1,202.2369761356068
6,21,1,1,0,7,218.96485459209484
6,22,1,0,1,0,218.92679340854187
6,24,0,1,0,4,202.13553384000596
6,28,0,0,1,2,198.53857626891747
6,47,1,0,1,7,209.5772678441997
6,16,0,1,1,7,230.14340212281348
6,24,1,1,1,0,198.53584236171665
6,25,1,1,1,0,220.95855550545107
6,26,1,1,1,0,227.60234924618516
6,33,0,1,0,6,208.22909629386498
6,38,1,0,1,6,218.75375841604423
6,42,1,1,1,2,233.53961273097724
6,48,1,1,0,2,216.74352713721984
6,10,0,1,0,6,202.25319131463203
6,51,0,0,1,0,204.25876265023382
6,52,0,0,1,6,205.1982900564761
6,54,0,0,1,3,203.9427800752913
6,56,0,0,1,6,192.62671565471913
6,48,0,1,0,4,198.18513490025643
6,58,1,0,0,1,197.49530617814105
6,59,1,0,1,5,217.79671179885602
6,0,1,0,0,6,213.4689682199372
6,9,1,0,0,7,194.01034880410992
6,19,0,1,0,7,212.63857566851564
6,20,0,1,1,7,214.69943201900574
6,23,0,1,1,4,216.39068227707995
6,24,1,1,1,3,171.17860754211006
6,50,1,0,0,3,199.48909799958957
6,56,1,1,0,5,215.92898122086925
6,10,1,1,0,2,216.8943968987141
6,14,0,1,0,1,200.87447843431517
6,15,0,1,1,5,216.41038227922112
6,22,0,0,0,3,188.28562487547242
6,35,0,0,1,3,204.32768555926714
6,42,1,1,0,2,216.25987269617514
6,43,1,1,0,4,215.17707418697353
6,22,0,0,1,5,200.87629380328175
6,23,1,0,1,6,219.58153813763124
6,27,1,0,0,2,201.8585436497442
6,57,0,0,1,1,201.4304622617555
6,14,0,1,0,5,211.37961407693393
6,21,1,0,0,0,201.00027118060933
6,35,1,0,0,3,202.7351651647237
6,43,0,1,1,7,230.81845986535896
6,17,0,0,1,1,204.103956021452
6,19,1,1,1,1,232.4308346394573
6,21,1,1,0,4,218.32780034815966
6,30,1,1,1,1,234.89651450217377
6,33,0,1,1,7,214.0705268910932
6,42,1,1,0,0,214.61892284190608
6,53,0,0,1,7,200.79232413266263
6,58,0,1,0,0,200.49787595147222
6,24,0,1,0,7,213.59250607612475
6,26,0,1,0,2,200.57704480484725
6,30,1,0,0,3,198.86649915446398
6,32,1,1,1,4,212.24301948639643
6,36,0,0,1,6,200.5748741474518
6,37,0,0,1,7,201.9849607325165
6,38,0,1,0,7,200.26076032617644
6,45,1,1,0,6,213.6572456989906
6,52,1,1,0,1,216.07523394270774
6,53,1,1,1,6,233.5192361520327
6,55,0,1,1,7,219.71807449642225
6,12,0,1,0,6,203.41802378123631
6,14,0,0,0,1,185.63201090603232
6,40,1,0,1,0,214.88612633276279
6,41,1,0,1,5,216.10258153368028
6,0,1,0,0,3,204.05743976790106
6,42,0,1,1,2,222.37901610916074
6,47,0,0,1,6,210.8899217463153
6,54,1,1,0,6,220.96017914193084
6,9,0,1,1,7,218.00422776171254
6,33,1,0,0,3,213.0554689770231
6,42,1,0,0,5,198.6792958372921
6,28,1,1,0,2,218.22174096529093
6,46,0,0,1,7,215.34887532030353
6,56,1,0,0,4,200.41432134772094
6,0,1,0,0,4,200.47346056745894
6,8,0,0,1,1,202.7770938984159
6,14,1,0,0,4,204.71027609519592
6,17,1,0,0,1,202.099981690618
6,20,0,0,1,3,203.41866368950124
6,31,0,0,1,5,202.6668743060727
6,40,0,1,0,0,201.53143392323315
6,49,1,0,0,6,202.21549738914055
6,57,1,0,1,7,231.82159825685048
6,9,1,1,0,6,219.00807989705305
6,16,1,0,1,2,217.00212648869467
6,17,1,1,1,1,232.14975097708708
6,20,1,1,0,5,218.45149179558896
6,39,0,0,1,4,203.31264980427486
6,41,0,1,1,3,222.349998343675
6,46,1,1,0,6,219.60195124860851
6,57,0,1,1,2,217.38489906911786
6,58,0,1,1,0,216.15436851746182
6,8,0,0,1,7,203.3209687089241
6,17,0,1,1,1,216.0576659480463
6,22,0,0,1,6,203.313694105685
6,23,0,0,1,2,199.67487942637743
6,25,1,0,1,4,210.14382670593992
6,26,1,0,1,3,223.2355298025355
6,31,1,1,0,4,219.14551938453334
6,35,1,1,0,2,219.95436996166939
6,44,1,1,1,2,229.45254020689327
6,45,1,0,1,4,210.97463409365005
6,14,1,1,0,1,219.78844282613682
6,15,1,1,0,3,220.70469357948255
6,33,0,0,1,4,200.63903945535077
6,46,1,0,0,2,198.77824348334698
6,47,1,1,0,7,227.88012516162652
6,51,1,1,1,0,183.89559517095535
6,52,1,1,1,6,222.34603920370213
6,56,0,0,1,2,202.47371649469548
6,25,0,0,1,4,202.88360149539918
6,31,0,1,0,1,201.5285054655709
6,38,1,0,1,0,215.90880734177077
6,39,1,0,1,6,210.8826375329046
6,50,0,1,0,7,204.86670321886083
6,52,1,1,1,4,211.54039180893358
6,53,1,1,1,2,164.72853284668406
6,54,1,0,1,5,213.78915589936327
6,11,1,1,0,4,216.18936286512044
6,7,0,0,0,5,188.40953332141075
6,23,1,1,1,5,205.37927872732448
6,29,1,0,1,3,220.54957543046322
6,32,0,1,0,2,200.96251916126286
6,31,1,0,0,6,203.50269707078553
6,32,1,1,0,1,218.54779209131163
6,34,1,0,0,4,205.52193822029105
6,39,1,0,0,3,208.68616251501302
6,5,0,1,0,4,202.83081757573186
6,6,1,1,0,5,217.0884575579054
6,13,0,1,0,1,201.3139053526329
6,27,0,0,1,4,204.5910168156753
6,28,0,0,1,3,201.0311532641156
6,35,1,0,0,7,212.79234336526304
6,3,0,1,0,2,203.3595930368657
6,5,0,1,0,7,201.05335663850033
6,19,0,1,0,5,203.88483918054038
6,50,0,1,0,2,203.6308288054788
6,5,1,1,0,7,229.6262749193752
6,26,0,1,0,3,203.42624892451866
6,40,0,1,1,5,218.30302548613554
6,32,1,1,0,2,219.12573799347803
6,0,1,1,0,2,218.29466034340638
6,3,1,0,0,2,201.70361429394904
6,40,1,1,0,7,222.19635694013832
6,2,0,0,0,3,191.0152874103968
6,13,0,1,0,5,203.54317156038616
6,16,1,1,0,2,216.0245186709409
6,24,1,1,0,4,220.99838862184595
6,37,1,0,0,5,202.696705391933
6,9,1,0,0,0,200.4560537804964
6,10,1,0,0,3,200.38638012772316
6,11,1,0,1,3,217.51758619935248
6,25,1,0,1,6,220.1371975407107
6,30,0,0,1,7,199.64184357359764
6,41,1,1,0,6,210.0946823691629
6,45,0,0,1,2,196.8127210641779
6,46,0,1,1,6,216.4288161396058
6,10,1,0,0,1,201.73390012557394
6,27,0,0,1,7,214.95340141440596
6,32,1,1,0,6,228.3065422800037
6,33,0,1,0,5,202.671390002546
6,37,1,0,1,3,222.36639512328424
6,42,0,0,1,4,201.8022892894944
6,44,1,0,1,6,215.23942498576974
6,49,1,0,0,4,202.22454384259612
6,5,1,1,0,2,217.11129795855274
6,14,0,1,0,6,200.31449949744308
6,23,0,1,1,5,198.99433094813827
6,25,0,1,0,5,203.26374116578972
6,31,0,1,1,5,220.0004187504191
6,36,1,1,1,6,237.11596478748226
6,41,1,0,0,4,198.1839001145731
6,45,1,1,0,5,218.5517273840611
6,58,1,1,0,2,216.30795198683265
6,11,1,1,1,7,243.54852950928137
6,12,1,0,1,6,222.40449210831096
6,13,0,1,1,2,218.37774758670656
6,35,0,0,1,2,207.39722280774504
6,36,0,0,1,5,204.30503856992124
6,53,1,1,0,3,216.21405854521709
6,12,1,0,0,7,219.15411489797287
6,34,1,0,0,1,204.80906522368366
6,47,1,0,0,6,199.58777347885726
6,49,1,1,0,6,219.06603289785417
6,43,1,0,0,5,199.58254434140187
6,48,1,1,0,4,215.7933716139001
6,15,0,0,1,5,203.38135228823592
6,18,0,1,0,5,206.2784826901628
6,21,0,0,1,6,197.14925045882939
6,22,0,0,1,1,201.28160510476775
6,28,0,0,1,1,204.26802963201942
6,32,0,0,1,3,202.73697908023354
6,41,1,0,1,7,227.94600021943074
6,42,0,1,1,1,217.79931887457204
6,58,1,1,0,3,226.82337299457757
6,21,0,1,1,2,216.37217793575056
6,26,0,0,1,2,203.85482073466483
6,52,1,0,0,6,214.04729879327593
6,3,1,1,1,6,223.42762083298427
6,5,0,1,1,3,216.14896240255771
6,12,1,1,1,5,224.1741738666106
6,13,1,1,0,5,219.6076433445843
6,15,1,0,0,5,205.24487024018217
6,46,1,1,0,2,218.22655937294704
6,3,0,1,1,2,218.17909602464312
6,5,0,0,1,5,202.9006513925812
6,14,0,0,1,7,202.27967140932446
6,24,0,0,1,6,200.39104826717107
6,40,1,0,0,1,197.70404396607645
6,48,0,1,1,5,216.15410346549038
6,53,0,1,1,7,230.9852888569616
6,2,1,0,0,7,198.8883703082919
6,6,1,1,0,1,215.32293863626134
6,37,0,1,0,6,201.1190937252964
6,44,1,0,0,7,202.8051026577429
6,51,1,1,0,5,215.92732652109424
6,53,1,1,0,2,217.65792989233827
6,54,1,1,0,3,216.41266160213553
6,56,1,0,0,5,203.32959429743948
6,59,1,1,0,4,216.3610059062512
6,17,0,1,1,5,223.91179035886137
6,19,1,1,1,3,240.3327336921446
6,24,0,1,0,2,200.43781504644826
6,28,0,0,1,7,210.14797152969908
6,31,1,1,0,2,219.7398150107327
6,37,1,0,0,2,202.82159155465868
6,39,1,0,0,2,205.5146463806822
6,23,1,0,0,2,203.4724119012057
6,35,0,0,1,5,204.51915175677252
6,40,0,1,1,4,217.63234484559237
6,18,1,1,0,2,220.08319873411355
6,19,1,1,0,7,213.31888016200116
6,32,1,1,0,5,219.601584036907
6,49,1,0,1,0,202.25106289873173
6,50,1,0,1,3,223.89687381083692
6,53,0,0,1,4,199.62976261479858
6,57,1,1,0,3,216.84923578382475
6,11,0,0,1,6,199.46840644308347
6,12,0,0,1,4,200.2121677959412
6,13,0,0,1,7,200.73639615039164
6,16,0,0,1,4,206.44168528588662
6,19,0,1,1,6,217.8656879220688
6,23,1,1,1,7,224.05243918146834
6,36,0,0,1,3,211.02193965224217
6,39,1,1,0,1,215.64946528617548
6,47,1,1,1,4,133.32082857932784
6,59,1,1,1,0,225.4285219982046
6,0,1,1,1,6,232.50140352269992
6,2,0,0,1,4,202.77477944936135
6,22,0,0,1,0,198.82005135583736
6,29,1,0,0,1,203.63850650707545
6,34,0,1,1,3,221.97515240647408
6,48,0,0,1,5,201.1427088096426
6,50,1,1,0,2,218.0185895771615
6,51,1,1,0,2,220.87679873322912
6,13,1,0,1,3,210.0266438053721
6,34,0,0,1,4,204.99227995377717
6,41,0,1,1,2,218.84015697627285
6,51,0,0,1,5,203.90246234118396
6,58,1,1,0,5,219.07775985607924
6,0,1,0,1,6,215.4521626559376
6,22,0,0,0,7,186.4527425303046
6,1,0,1,1,1,218.05115569898578
6,7,1,0,0,5,201.12531097447356
6,16,1,1,0,3,223.37730348418927
6,17,1,1,0,7,229.20876373163406
6,18,1,0,1,7,227.24225524856993
6,21,0,0,1,3,197.99963713297817
6,28,1,1,0,7,227.1771320454531
6,10,1,0,0,2,201.59389997778084
6,13,1,1,0,6,219.3390956238569
6,22,0,1,1,3,217.1589137911465
6,56,1,0,0,0,200.45118999160047
6,17,1,1,1,7,233.39895775491433
6,29,0,1,1,4,218.96482911087503
6,31,1,1,1,7,242.91608830970867
6,41,1,1,1,2,211.36153484647517
6,42,1,0,1,3,209.61281593524868
6,55,0,0,1,2,204.2676175970393
6,56,0,1,1,0,219.35587941306986
6,2,1,0,0,4,203.70400697463538
6,5,1,1,1,1,229.06200785583704
6,10,1,1,1,6,234.43135223594004
6,11,0,0,1,2,201.01420997801543
6,12,0,1,1,6,216.95275297711342
6,18,0,1,0,4,204.25363049344696
6,27,1,1,1,7,227.83865073587054
6,28,0,1,1,4,217.2394620207827
6,43,0,0,1,1,204.55322478941503
6,56,1,0,0,6,198.55092915993643
6,1,0,1,1,6,208.32126850622893
6,5,0,0,0,7,177.7360442673224
6,12,0,1,0,7,212.5123585879211
6,17,0,1,1,4,215.22447203980056
6,19,0,1,1,5,217.23469695797655
6,29,1,0,0,2,203.78062822150898
6,30,1,1,0,2,215.51515803289527
6,38,1,1,0,1,218.2685099348443
6,43,1,0,0,6,199.80177332447226
6,53,1,0,0,2,203.2140860024131
6,3,0,1,1,3,214.6871105149122
6,7,0,1,0,5,206.2652655433978
6,11,0,1,1,3,219.38449342352007
6,13,1,0,0,2,201.77007656645813
6,29,1,0,1,6,220.39914531107456
6,32,1,1,1,6,241.5312623503725
6,33,1,1,1,3,201.66837549870309
6,34,1,0,1,4,219.57861853983366
6,36,1,1,1,5,200.06935122809287
6,45,1,0,1,6,211.88381743077716
6,0,0,0,1,6,197.6708278461442
6,2,1,1,1,1,194.58318457478723
6,38,1,1,0,7,217.19547769725406
6,52,1,1,0,6,231.20773749465266
6,7,1,0,1,6,213.0939540477745
6,11,1,1,0,2,216.94921322882934
6,59,1,1,0,0,214.6783904496613
6,3,1,0,0,4,202.48714328408963
6,4,0,0,0,4,186.15931086741332
6,11,1,0,0,0,200.24617741643414
6,17,0,1,1,3,206.84477758989956
6,29,0,0,1,7,197.28871928060644
6,51,1,0,1,1,215.6391196596811
6,55,1,1,0,7,215.5391363534334
6,6,0,1,1,4,215.85579727928456
6,58,1,1,0,1,217.51773632042824
6,19,0,1,1,4,214.84253513918193
6,20,0,1,1,3,224.29861141914182
6,46,1,0,0,3,203.90985735305307
6,58,0,0,1,3,203.08469978943668
6,59,0,1,0,2,203.99758823118933
6,32,1,0,0,6,204.0833885039694
6,32,1,1,0,3,220.1370143143706
6,33,1,0,0,2,203.81578933528016
6,23,0,0,1,0,199.93750889160611
6,25,0,0,1,7,197.98031026136078
6,26,1,0,1,6,217.69522489573907
6,27,1,0,1,5,218.61315901260272
6,39,0,0,1,0,200.58008903677614
6,51,1,1,0,0,216.20610216054027
6,54,1,0,1,4,209.93783247269192
6,15,1,1,1,6,206.53950825453205
6,26,1,1,0,1,215.70837625503594
6,27,1,1,1,1,193.10071242820734
6,32,0,0,1,6,213.7552504999832
6,40,0,0,1,7,205.9864151110939
6,46,0,1,1,0,215.92328641256017
6,19,0,1,1,7,215.54751724501142
6,21,1,0,0,4,202.43269452208597
6,24,0,1,0,5,201.1865972347237
6,29,0,0,1,5,207.25910038130513
6,59,1,0,1,6,220.4687325848127
6,20,0,0,1,2,201.0171467589772
6,21,0,1,1,4,215.29706015323535
6,25,1,1,0,5,219.85821539556943
6,35,1,1,0,6,226.09263116610245
6,49,0,0,1,6,202.93461999534435
6,50,1,0,1,0,179.388896189395
6,7,1,0,0,0,200.29774825136008
6,13,1,0,0,4,201.93663256877622
6,23,1,1,0,3,215.59254734172316
6,33,0,1,1,0,218.3813066448257
6,34,0,1,1,1,219.5574917633786
6,39,0,0,1,6,209.1331652678135
6,40,1,0,1,2,220.4659192755353
6,43,1,1,0,0,214.3795475167313
6,44,1,1,0,2,219.0577178563323
6,52,0,0,1,7,202.39984337397908
6,18,1,1,1,3,228.53001210424975
6,22,1,0,1,4,219.33663720179004
6,29,1,1,1,2,207.06501410225115
6,31,1,1,0,0,217.99552363359788
6,34,1,0,0,3,205.77319581242793
6,2,0,1,0,3,201.64320978675275
6,21,0,1,1,1,216.2388056351723
6,2,0,1,1,7,227.84001567593222
6,17,1,1,0,1,218.02706114257285
6,44,1,0,0,5,201.28887654339917
6,0,0,1,1,1,219.03421919754203
6,26,1,0,0,4,200.86805702224206
6,42,0,1,1,5,218.17523090663
6,48,1,1,1,0,220.2915348614676
6,49,1,1,1,7,225.90740767570907
6,20,0,0,1,4,203.29904521033805
6,21,0,0,1,4,201.60496631375037
6,47,0,0,1,7,203.37802241111854
6,33,1,1,0,6,218.7698416952723
6,37,1,1,0,1,217.37649114777966
6,12,1,1,0,5,224.90759951685078
6,25,1,0,1,0,212.2644038222231
6,56,0,1,1,2,218.84918288706757
6,11,0,1,0,1,200.43206282237097
6,15,0,1,0,2,203.46919043764174
6,19,1,1,1,4,231.65138223537065
6,24,1,1,0,2,216.48957519518515
6,30,0,0,0,4,185.24853191682337
6,54,1,0,0,5,202.51377522744002
6,2,0,1,0,2,202.5840947552401
6,26,1,1,1,6,236.8062210785835
6,30,0,0,1,1,201.03300287449858
6,37,0,0,1,6,198.61821115542722
6,8,1,1,0,0,216.55437103920994
6,8,1,1,0,4,217.00711058680298
6,57,0,1,0,4,203.0756434891809
6,59,1,1,0,3,216.21584617856809
6,6,0,0,1,2,201.4577561679629
6,22,1,0,0,5,202.33245825621805
6,39,1,0,1,4,217.9350730307365
6,47,1,1,0,1,215.3273502955049
6,5,0,1,0,0,198.1903907160212
6,10,1,1,0,5,216.4023998585719
6,12,1,1,0,4,216.86082194263935
6,15,0,0,1,2,203.7256384135597
6,19,0,0,0,6,184.70613505111777
6,36,0,0,1,7,204.4081195088326
6,54,0,0,1,5,203.59149381994735
6,18,1,1,1,4,214.33817614344963
6,1,1,1,0,5,216.5735703445728
6,18,1,1,1,7,246.85319480951713
6,27,1,1,1,0,222.490548734398
6,28,1,1,1,7,231.02239202374412
6,47,0,0,1,1,201.62666676779475
6,0,1,0,0,2,199.23641479747332
6,9,1,0,0,1,199.91226639954533
6,57,1,1,1,6,240.54056589693568
6,17,1,1,0,4,217.83736007746404
6,8,1,1,0,7,217.3327648949881
6,17,0,0,1,7,203.8784796644679
6,18,1,1,1,1,225.05940558817736
6,19,1,1,0,2,219.4141817283866
6,30,1,1,1,4,194.03287240242298
6,42,1,1,0,6,216.81375237820066
6,16,0,0,1,1,204.04085108953
6,24,0,1,1,2,221.77907520501807
6,5,0,1,1,1,217.2115567895291
6,3,1,1,0,4,216.3108588107025
6,17,1,1,0,3,220.84407300742967
6,42,0,1,1,4,217.46221627275085
6,47,0,1,1,0,216.05629547069972
6,5,1,1,1,7,224.6243911450091
6,10,1,1,1,4,230.73512266013387
6,11,0,1,1,6,221.89550809252344
6,21,0,1,0,6,200.5204551734433
10,0,1,0,0,7,94.43118988704963
6,21,0,1,0,4,200.33823112749613
6,36,0,1,1,6,208.6436302886744
6,37,0,0,1,2,205.77689549959607
6,39,0,0,1,3,204.35142851743166
6,52,0,0,1,2,206.5186688660387
6,58,1,1,1,6,233.7470206319485
6,10,1,0,1,5,222.0925621405848
6,12,1,1,0,3,215.97949886292417
6,29,1,0,1,0,214.88304271500974
6,30,1,0,1,2,218.68415934677452
6,43,0,0,1,2,204.45083167109533
6,44,0,1,1,6,216.94218236701835
6,25,1,0,0,4,203.25768887776448
6,38,1,1,1,6,230.68558846412242
6,19,1,1,1,7,230.4459806007936
6,36,1,0,0,0,201.90884923478774
6,17,0,1,1,7,215.19178494764483
6,25,1,0,1,3,219.68094814547402
6,41,0,1,0,5,202.059828230757
6,0,0,1,0,7,212.2331691069782
6,20,1,0,0,1,203.54288261799095
6,56,0,0,1,7,214.80273286482884
6,26,0,0,1,4,203.6890309796948
6,45,0,1,0,7,213.69257138587597
6,51,1,1,1,7,239.56870686367978
6,52,1,0,0,7,204.2772405831307
6,5,0,0,1,2,202.72425573787893
6,14,0,0,1,2,200.78148077803374
6,29,1,1,0,5,223.14078441041943
6,43,1,0,1,2,218.13485498851833
6,45,0,0,1,4,192.94979588333084
6,47,0,1,1,5,217.0875400562235
6,10,0,1,1,2,218.58615808678758
6,12,1,1,1,7,224.36196748176792
6,33,1,1,0,2,218.63056045372693
6,6,1,1,0,2,216.4225563025247
6,7,1,0,0,6,202.35406679347219
6,40,1,1,0,6,215.78112391843337
6,6,1,1,0,7,231.66275031050142
6,11,1,0,0,7,200.07819980791214
6,24,0,1,1,6,222.39169823455936
6,25,0,1,1,6,219.33803936767933
6,27,1,1,0,1,217.23345162656747
6,33,0,1,0,3,202.6966174190835
6,48,1,0,0,3,202.72598965749043
6,44,1,1,0,3,206.40951243894702
6,10,0,0,0,2,185.65258107510363
6,29,0,1,1,0,218.75904433171166
6,40,0,0,1,5,205.28934397819813
6,55,0,1,1,6,216.52365804404678
6,17,1,1,1,5,242.36074270632642
6,20,1,1,0,7,225.3816486229393
6,50,1,0,0,6,213.74209395362044
6,53,1,1,0,1,216.00863084674467
6,54,1,1,0,0,215.73076967895688
6,15,0,0,1,1,202.58224580143732
6,45,1,1,1,5,230.8715545540367
6,12,0,1,1,7,230.4363832666564
6,16,1,0,0,1,205.33418187882427
6,21,0,1,1,6,206.01237404038284
6,53,1,1,0,7,226.5523971791063
6,55,0,0,1,0,202.68020337664436
6,58,1,1,1,5,233.48766235865764
6,28,0,1,1,1,218.4103727133648
6,33,0,1,1,4,219.16138728728174
6,37,1,0,1,7,209.6054612850025
6,16,1,1,1,5,233.6435718764701
6,23,1,0,1,4,202.66165812340265
6,40,1,1,1,6,207.9509378434149
6,12,1,0,1,0,208.15911281249086
6,13,1,0,1,5,213.31786762416704
6,25,1,1,0,0,216.03845206773448
6,35,0,1,1,3,217.5181206695538
6,44,1,1,0,1,216.5226872996066
6,3,1,1,0,0,212.93335948398197
6,12,1,0,0,6,201.28915681219297
6,28,1,0,1,6,220.41953222858712
6,32,0,1,1,7,212.56729550065114
6,33,1,1,1,4,212.21225274987802
6,38,0,0,1,3,206.92716399374814
6,42,0,0,1,6,202.6213675061586
6,16,0,1,1,6,220.05674225770184
6,22,1,1,0,7,229.13605445387216
6,38,0,1,0,6,205.352479489177
6,47,0,1,1,3,218.07589016996934
6,44,0,0,1,3,200.2048158603461
6,1,1,0,0,2,200.95610104133343
6,2,1,0,0,2,203.83509206300258
6,4,0,1,1,6,216.9845453682593
6,11,0,1,1,4,219.48496576022976
6,1,1,1,0,0,215.02727436226857
6,24,0,0,1,3,206.40687420540738
6,28,1,1,0,3,217.82376873574538
6,37,1,1,0,5,219.79575081304552
6,41,1,1,1,4,230.47863768376442
6,42,1,1,1,4,229.77296259171308
6,45,1,1,1,3,222.823745474735
6,50,0,1,1,2,219.3478668634968
6,21,0,0,1,7,197.72247281570267
6,41,1,0,0,1,197.8659024696381
6,21,0,1,1,5,208.04617599631052
6,25,0,0,1,2,203.70181820456452
6,29,0,0,1,4,199.967355201388
6,40,1,1,0,4,215.44097933106502
6,41,0,1,0,3,202.41135855774348
6,47,1,0,1,4,195.17713237094995
6,48,1,0,1,1,218.12489328496488
6,3,0,0,1,5,205.0113498221975
6,41,1,0,0,7,200.30976681591164
6,48,0,0,1,7,209.4230862324201
6,52,1,1,1,0,174.5120284830156
6,53,1,1,1,4,205.0027044419689
6,9,0,0,1,5,203.52199146436013
6,10,0,0,1,3,206.24919056707068
6,49,0,1,0,7,209.0735243051102
6,13,1,0,0,5,208.65491130959683
6,5,1,0,0,3,202.99892325362202
6,10,0,0,1,4,200.12882468075566
6,57,1,0,0,2,200.75268051170872
6,12,0,0,1,3,198.38440948795272
6,50,0,0,1,3,208.18552949059253
6,48,0,0,1,3,203.00008820408888
6,23,0,1,1,3,222.50428377254906
6,57,1,1,0,7,217.6132803556064
6,58,1,0,0,4,199.97406241628937
6,5,1,0,0,6,212.31170163262533
6,24,0,0,1,1,201.94373772305246
6,35,1,1,1,0,210.5671066476979
6,37,1,1,0,2,219.1588595827279
6,48,1,0,1,5,219.93692085597814
6,51,1,1,1,6,191.25317656679132
6,2,1,0,0,3,206.67010707226592
6,11,1,0,1,1,217.4976878401845
6,40,0,1,1,6,219.1300760832709
6,51,0,1,1,1,219.40667945501673
6,55,1,0,0,1,201.02433822113562
6,0,1,1,0,7,213.961799037852
6,58,0,0,1,6,199.15485806141157
6,24,1,1,1,6,210.16301581753825
6,39,0,1,1,0,214.40678994518254
6,11,1,0,1,5,217.29487624466339
6,53,1,1,0,5,207.26469592015616
6,12,1,0,1,7,237.53784940909225
6,21,0,0,1,5,205.73785038500637
6,31,0,0,1,6,202.83031203945998
6,32,1,0,1,4,217.52908114067273
6,30,0,0,1,4,200.7375931344775
6,31,1,0,1,6,218.9217878033462
6,32,1,0,1,7,222.8778138057779
6,48,1,0,0,7,201.4911904290209
6,14,0,1,1,6,215.09689408532032
6,46,0,0,1,0,201.460229502083
6,1,1,0,0,0,199.30417680888428
6,39,1,0,1,5,215.24553278902724
6,52,1,0,1,4,215.7248089959205
6,53,1,0,1,4,218.34849591924035
6,34,1,0,1,7,227.7905893702154
6,18,0,1,1,1,216.30631913854347
6,38,0,0,1,5,205.93515889933138
6,51,1,0,1,3,216.99835389902574
6,52,1,0,0,1,202.79563060249603
6,14,1,0,0,2,204.15333304347547
6,27,0,0,1,3,204.40094284157664
6,42,1,0,1,4,195.1414773864591
6,25,0,1,1,0,218.4110459139834
6,26,0,1,1,3,218.66062526014997
6,28,0,1,1,7,213.8581400680341
6,43,1,0,1,7,230.33582667955662
6,56,1,0,0,1,201.72212964730736
6,47,1,0,0,5,198.78781726213361
6,2,1,1,0,4,217.32714106760545
6,6,1,1,0,4,217.7258601842461
6,24,0,0,1,5,201.63877838162927
6,22,1,1,1,7,239.18402245580694
6,26,1,1,0,5,209.8435967981041
6,29,0,0,1,2,200.02363898589329
6,30,0,1,1,5,211.98829036493157
6,41,0,0,1,3,202.09335288912965
6,50,0,1,1,1,219.8316792226922
6,52,0,1,1,7,219.49951258908743
6,41,1,0,1,4,214.12878605499435
6,44,0,0,1,4,198.65236545258833
6,43,1,1,0,1,214.29787744849588
6,1,1,1,1,1,229.45049957194965
6,4,0,1,1,2,217.3678169637391
6,37,1,1,1,0,217.43360684732434
6,5,1,0,1,1,215.28697244938368
6,12,1,0,1,2,207.57050353395857
6,22,1,1,1,5,219.13986969182355
6,52,0,1,1,3,220.47381892558266
6,55,0,0,1,1,203.6782129018713
6,20,1,1,0,3,221.61511897820097
6,21,1,1,1,7,248.15249503095762
6,33,1,0,0,4,203.47146946883728
6,1,0,0,1,1,201.7735861270129
6,37,1,1,1,4,212.69427563649728
6,39,0,1,1,3,223.35314921967546
6,54,1,0,0,7,202.48510563678872
6,1,0,0,1,4,201.49576794627288
6,2,0,0,1,6,205.26299339048413
6,18,0,1,1,2,216.5454122679729
6,31,0,0,1,3,210.35805637231127
6,38,0,0,1,7,210.9794970935513
6,15,0,1,1,7,231.66941567869108
6,25,1,0,1,7,215.67544173823123
6,26,0,1,1,4,217.74988034217014
6,58,0,1,1,6,214.4129439310165
6,17,0,1,0,6,201.58560471912892
6,36,1,0,1,1,212.54352929881222
6,37,1,0,1,6,201.99658020371186
6,42,1,1,0,1,213.86235622931454
6,49,1,1,1,4,175.29826691973614
6,50,1,1,1,1,147.9997924156048
6,38,0,1,1,3,223.9889712512881
6,58,1,0,0,3,201.02076702600417
6,10,0,0,1,2,198.07778245675834
6,23,0,1,1,1,216.40148764493364
6,39,1,1,0,6,220.62381001424689
6,45,0,0,1,7,197.32463102083906
6,52,0,1,1,5,226.78126761807636
6,15,0,1,0,3,203.76755997991467
6,40,1,1,1,5,224.10650274296557
6,59,1,1,1,5,193.5726673182716
6,1,1,0,0,1,200.54390481606228
6,24,1,0,1,0,203.02407105342928
6,23,0,0,1,5,200.4301532507427
6,45,0,1,1,4,215.55166383138322
6,1,0,1,1,3,217.89750154657355
6,33,1,0,0,5,203.54259581853313
6,32,0,1,1,0,217.17889997888847
6,2,1,0,0,1,201.5452643151917
6,42,1,0,1,6,225.7395872943814
6,51,1,1,1,5,221.78936482614202
6,49,0,0,1,2,203.17692473885623
6,56,1,1,0,2,221.8916187892553
6,58,1,0,1,0,216.94147001204706
6,59,1,0,1,4,218.2931547383892
6,43,1,1,1,2,216.78067041542897
6,47,0,1,1,1,214.83932164046354
6,55,1,0,1,6,226.37057092835326
6,57,1,0,1,3,214.08702166023738
6,11,0,0,1,7,199.62562264863303
6,37,0,0,1,5,202.29703926443193
6,12,1,0,0,3,203.24621972433417
6,16,1,1,0,7,231.8908369155715
6,50,0,1,1,4,219.8744425006828
6,13,0,0,1,3,211.26382733794946
6,39,1,1,0,5,220.4547944141239
6,23,0,1,1,6,216.4419589658615
6,27,1,0,1,7,226.8606424847093
6,19,0,0,1,5,202.47535827187716
6,40,1,0,0,0,198.80388991392664
6,58,0,1,1,7,220.540065937585
6,45,1,0,1,3,216.1362807195305
6,23,1,1,0,2,219.46406478895668
6,2,1,1,0,2,217.72849008980214
6,20,0,1,1,5,216.13594176211788
6,28,0,1,1,5,218.4381021643871
6,36,1,0,1,5,218.7536850412722
6,41,0,1,0,7,202.15817142709977
6,42,1,1,0,3,214.70752590777758
6,49,1,1,0,1,215.78279788271507
6,16,1,1,1,4,185.74985413677575
6,53,1,0,0,0,200.0247112850632
6,7,0,1,1,1,216.32229311634887
6,9,1,1,0,3,217.82280548119036
6,16,1,1,0,0,216.8112279300802
6,53,1,0,1,2,214.29444082155766
6,54,1,1,1,7,227.09288690431973
6,12,1,1,1,3,222.90819737591795
6,47,1,1,0,3,218.1532905397224
6,3,0,1,1,0,215.40661174930014
6,26,0,0,1,5,203.83911920172787
6,18,0,1,1,4,216.42060997416397
6,27,0,0,1,6,203.95938014002368
6,23,1,1,0,0,215.56038418343127
6,31,0,1,1,0,218.72050409855717
6,51,1,1,0,7,226.94877721257498
6,6,0,1,1,2,217.1677940822809
6,20,1,0,0,6,198.86825676504716
6,1,0,0,1,6,203.89438923261557
6,3,0,0,1,2,204.15809967116607
6,17,1,0,1,6,221.52255045520135
6,18,1,0,1,2,218.60691560869793
6,28,1,0,1,7,201.85565898153237
6,4,1,1,0,6,214.83891982759215
6,34,1,1,0,4,208.152868464617
6,43,0,0,1,7,208.10381069325226
6,45,1,1,0,3,212.49093050713077
6,59,0,0,1,2,202.120979244475
6,39,0,1,1,6,224.04868968844792
6,55,0,0,1,3,203.7568711402218
6,18,1,1,1,5,235.11071690270728
6,29,1,1,1,5,211.36420340906102
6,36,0,1,1,1,219.04972461945704
6,8,0,1,0,3,201.10233631523525
6,15,0,0,1,3,210.67199680029162
6,59,1,0,0,3,199.23096577336008
6,59,1,0,0,1,198.34200189539027
6,20,1,0,0,5,203.8048384194413
6,20,0,1,1,4,216.88616977632853
6,33,1,0,1,6,215.74390547302457
6,40,0,1,1,3,222.21040293418767
6,48,1,1,1,2,214.52962190177098
6,53,1,0,1,7,228.81358212525672
6,21,0,1,1,3,222.0391078275859
6,25,1,1,0,1,215.65314324506448
6,12,0,0,1,0,201.7469936334993
6,7,1,0,1,1,215.75922806725134
6,8,1,0,1,3,216.7928490173993
6,55,1,1,0,4,218.6805858549792
6,3,1,1,1,5,218.32020995458484
6,11,1,0,1,2,221.2441344428537
6,12,1,1,1,6,220.8068193506667
6,18,0,0,1,3,201.5547775596115
6,47,1,1,0,6,218.64182354420453
6,11,1,1,0,5,216.01370023986584
6,49,1,1,1,5,237.43198744196428
6,51,1,1,1,1,215.47820943846588
6,57,1,1,0,5,218.23418581998118
6,25,1,1,1,4,235.21872705954908
6,26,0,1,1,7,217.63692586162946
6,11,0,1,1,0,218.54385319475443
6,43,1,1,0,3,216.52081819525057
6,59,1,1,0,5,217.46337182944765
6,24,1,0,0,1,202.61886341884588
6,25,1,0,0,5,207.9351931675586
6,27,1,1,0,0,216.88819038432712
6,59,0,1,1,3,230.07477261363405
6,27,1,1,0,7,216.13969903063781
6,48,1,0,1,6,213.64447043805868
6,7,0,1,1,4,216.28268190674248
6,11,1,1,1,0,193.4644763425052
6,12,1,1,1,2,207.4499086565579
6,3,1,1,0,1,214.98659848012673
6,5,0,0,1,4,202.69421688858472
6,31,1,1,1,3,216.28042859963358
6,33,1,0,0,7,203.19405939452375
6,55,1,0,1,1,215.83583713235055
6,16,1,1,1,7,240.21590506997487
6,41,0,0,1,4,200.16969247097018
6,12,1,1,0,6,217.22463059646725
6,30,0,1,1,1,217.4606326470704
6,3,0,1,1,1,217.45988028225082
6,8,1,0,1,6,216.1125271785109
6,38,1,0,0,0,201.11639430713453
6,13,1,0,0,7,201.12953696815256
6,44,1,0,1,3,216.4775904995558
6,1,0,1,1,4,218.128144174718
6,48,0,1,1,2,220.7557824990402
6,49,0,0,1,3,208.70545057546605
6,2,0,0,1,3,204.8546951251826
6,17,1,1,1,3,234.06329748997416
6,40,0,1,1,1,218.5728866559084
6,29,1,1,1,3,212.78332380250362
6,28,0,0,1,6,204.83445301734292
6,34,1,0,0,5,205.7972656415821
6,51,1,0,1,7,209.6084678985543
6,55,1,1,0,3,218.8303168154936
6,37,0,1,1,0,218.28404945148358
6,38,0,1,1,2,219.75248158570457
6,39,0,1,1,7,231.14138979760978
6,59,1,1,1,6,230.1780982885501
6,27,1,0,1,2,208.8478178729681
6,28,1,1,1,5,231.71570804481487
6,43,1,1,0,5,218.2280778667264
6,4,0,1,1,3,222.38164566607884
6,5,0,0,1,1,202.52769732952498
6,6,0,0,1,5,201.68437664023645
6,28,1,1,1,2,229.55818906174434
6,17,1,1,1,6,234.15068632546743
6,38,1,0,1,3,227.95008836786937
6,39,1,1,1,5,234.10090678572675
6,15,1,1,1,7,241.02021302584794
6,25,0,1,1,5,219.16377826450076
6,52,0,0,1,4,203.01584526008247
6,42,0,0,1,5,201.0850249875275
6,4,0,1,1,7,209.83595772477508
6,32,0,0,1,4,203.16414754737576
6,1,1,1,1,7,229.02425070521497
6,12,0,0,1,6,201.16185768654992
6,14,0,0,1,4,201.01628441293147
6,21,1,1,0,3,217.58570222748617
6,45,0,1,0,4,201.5613884237855
6,51,0,1,1,2,219.09838721404248
6,56,1,0,0,2,199.90013017934575
6,2,0,0,1,0,201.3161174268024
6,3,0,0,1,1,202.68017704324762
6,10,0,0,1,1,200.54895367501052
6,54,1,0,0,1,200.708262719869
6,16,1,0,1,3,216.35535089970736
6,57,1,1,1,1,222.83732796700758
6,18,0,0,1,2,201.28468792318307
6,53,1,1,0,4,207.52323579729574
6,14,1,1,1,6,223.70299035648037
6,15,1,1,1,5,174.71735780142063
6,27,0,0,1,5,204.41694999287802
6,19,1,0,1,3,209.49420842299415
6,37,1,0,0,4,202.32206012894585
6,13,1,0,1,4,209.4283482525199
6,16,1,0,0,4,201.25553725046575
6,0,1,0,1,3,216.07756983539068
6,2,1,1,0,6,222.28663014670454
6,6,0,1,1,5,207.58187922184982
6,13,0,1,1,3,218.05302160182683
6,27,1,0,0,5,203.0673311998661
6,0,1,1,0,4,215.34872770186197
6,9,1,1,0,7,229.33726873727912
6,15,0,0,1,4,203.60682281500095
6,45,0,1,1,2,215.2935010209689
6,46,0,0,1,6,204.20082969401312
6,20,0,0,1,1,202.96269697958536
6,23,1,0,1,0,211.2029250432946
6,24,1,0,1,4,219.90028242209186
6,57,1,1,1,5,218.35479698838134
6,9,0,0,1,1,202.54619535366928
6,45,0,1,1,3,225.67773365568334
6,1,1,1,0,3,218.70016219772072
6,2,1,1,1,5,215.46559752848975
6,43,1,0,1,1,216.7540441914689
6,45,0,1,0,5,201.63047235393321
6,51,0,0,1,3,204.82897830307962
6,52,0,0,1,5,207.710989176716
6,40,0,1,1,7,219.29871724405274
6,43,1,1,1,4,226.60148877164602
6,44,0,1,1,0,215.44423613525018
6,57,1,0,0,0,199.16696373250588
6,7,1,0,1,2,217.3518026975478
6,9,1,0,1,6,212.0176202085558
6,10,1,1,1,1,216.52275769151555
6,28,0,1,1,3,221.12949545800151
6,40,1,0,1,6,221.46306607257264
6,46,1,1,1,7,246.3099029856335
6,0,0,1,1,2,219.02373673758686
6,7,1,0,0,1,199.77254314808192
6,2,0,0,1,5,203.0392138669775
6,26,0,0,1,3,203.60372367528382
6,29,0,0,1,6,196.77938468868206
6,30,1,1,1,2,208.03314691761358
6,32,1,0,1,6,222.52673193177984
6,20,1,0,0,7,214.8326919381604
6,29,1,0,1,1,221.2279221606941
6,52,0,1,1,6,218.50233868251067
6,11,1,1,1,2,199.58560543138483
6,12,1,0,1,4,212.96142626287713
6,13,1,0,1,2,202.88236399555188
6,14,1,0,1,7,211.16855973101627
6,49,0,0,1,7,203.3177558620336
6,10,1,0,1,3,217.8480214255609
6,9,0,1,1,4,216.28020805303277
6,10,0,1,1,7,225.91561301572992
6,47,1,0,1,2,198.64567244555332
6,48,1,1,1,1,227.75901039988938
6,9,1,1,0,4,219.0639862187172
6,3,1,0,1,7,217.24353393296772
6,31,0,1,1,6,209.02120464353544
6,0,0,1,1,3,228.5630203153218
6,11,0,0,1,5,204.53084681921464
6,18,0,1,1,5,216.2799634256734
6,38,0,0,1,6,206.78791022548114
6,8,1,1,0,1,215.00740175661664
6,9,0,1,1,3,224.22268174079971
6,26,1,0,0,5,201.15003923578064
6,23,1,1,0,4,216.60374974218928
6,41,0,0,1,5,202.72555004350815
6,7,0,1,1,7,228.76615898576412
6,31,0,0,1,2,202.2601933091646
6,32,0,1,1,5,210.53583591678876
6,48,1,0,1,3,221.1005445454535
6,11,1,1,0,3,212.04680577799874
6,34,0,0,1,5,202.6686007289097
6,3,1,0,0,5,205.77708869293645
6,45,1,1,1,4,219.20763347378957
6,5,1,0,0,4,200.31311154136253
6,45,0,0,1,5,199.839169209524
6,43,1,0,1,4,217.9900861981096
6,51,1,1,0,6,215.86502569803153
6,12,1,0,1,1,217.35193264786656
6,29,1,0,0,3,203.28868445374374
6,34,1,1,1,2,233.96230673303543
6,35,1,1,1,3,237.1343197120044
6,41,1,1,0,0,215.2395249724087
6,5,0,1,1,5,213.4538949678331
6,38,0,0,1,4,202.93434749006315
6,7,0,1,0,3,202.16159152537836
6,9,1,0,1,3,220.21309660776714
6,54,1,0,1,7,214.36832675672423
6,0,0,0,1,0,200.29770138639563
6,1,0,0,1,2,207.12124671114896
6,34,1,1,0,7,214.05841135161822
6,19,1,1,1,6,232.27760017337607
6,20,1,0,1,4,216.14256379323447
6,10,1,0,1,4,214.6348859224126
6,2,1,0,0,5,203.47662927135485
6,48,1,0,1,4,217.42488506062415
6,17,1,0,1,3,220.47020247704685
6,23,1,1,1,6,224.18122123276123
6,36,0,1,1,7,227.75760728218037
6,37,1,1,1,6,214.52259023449903
6,18,1,0,1,3,218.46338363486177
6,57,0,1,1,1,218.05040984876797
6,25,0,0,1,6,204.56862958793286
6,48,1,0,1,7,226.38980523912988
6,10,1,1,0,1,214.4030066137938
6,48,0,0,1,6,201.3498191333893
6,11,1,0,1,4,216.2831126120762
6,19,0,0,1,3,202.33401344624556
6,37,1,1,0,6,221.44258752710164
6,59,1,1,0,1,217.21902090935473
6,17,0,1,1,6,212.9033656870015
6,19,1,0,1,2,215.00455777457552
6,32,1,0,0,2,204.7182192007288
6,33,1,1,0,7,216.810939690453
6,27,1,1,1,4,229.84784897001327
6,31,1,0,0,5,210.0358247199737
6,52,1,1,1,2,197.87989613450932
6,2,1,0,1,0,174.32280543168267
6,3,1,0,1,3,216.83248336328123
6,15,1,1,0,6,229.0964133537821
6,48,0,1,1,3,220.54513622336486
6,7,1,0,0,4,201.18030902836705
6,23,1,0,1,5,205.75528186114477
6,33,1,1,0,1,217.89879624475446
6,20,0,0,1,6,203.13568126512433
6,26,0,0,1,1,203.17605024477106
6,13,0,1,1,4,216.12743138405577
6,4,0,0,1,3,210.30901047806378
6,9,0,0,1,2,201.75041126035177
6,20,1,0,1,3,219.681445626652
6,52,1,1,0,0,214.8820456415853
6,26,0,0,1,6,212.01180296687284
6,37,1,0,1,1,213.40969440074758
6,40,0,0,1,3,207.01398280287262
6,23,0,1,1,7,210.93209240932637
6,27,0,1,1,4,218.36653579656672
6,35,1,1,0,7,219.91400218778017
6,39,1,0,1,7,216.40178927350598
6,44,1,0,1,7,232.25975371705337
6,29,0,0,1,1,200.31534070219763
6,28,1,1,0,4,217.94742939072387
6,3,1,0,1,2,196.4323207902888
6,4,1,1,1,4,182.01048746433855
6,43,1,1,1,6,235.93423319614033
6,14,0,0,1,6,191.85232039321164
6,2,1,1,0,7,231.34822727821614
6,7,1,0,1,0,216.63532182443944
6,26,1,1,1,1,227.91670869680647
6,35,0,1,1,1,217.33199340134112
6,53,0,1,1,1,219.17561934572103
6,14,0,1,1,4,217.98696418806045
6,19,1,1,1,2,231.44731138068423
6,20,1,0,1,0,216.34383632715446
6,49,1,1,1,6,228.71592678604668
6,50,1,0,1,4,210.42887053884388
6,15,1,0,1,2,217.40259644457615
6,15,1,1,1,4,169.93895242138868
6,18,1,0,1,1,216.82972976736556
6,46,1,1,0,5,221.55849335619996
6,46,0,1,1,7,216.85265441745076
6,4,1,0,0,1,201.65499830435743
6,1,1,0,1,7,215.3690066081911
6,18,1,1,1,6,231.89116768665556
6,19,1,0,1,7,226.8060423433299
6,28,1,0,1,4,205.32377421431408
6,45,1,1,1,6,216.55049318584548
6,52,1,1,1,3,217.35031076882984
6,55,1,1,1,5,228.518002256423
6,18,0,1,1,6,223.70227492782595
6,4,1,0,1,5,209.11301242791134
6,13,0,0,1,6,203.90456937528307
6,5,1,0,1,7,226.4359429577588
6,49,0,1,1,2,217.61925437279407
6,41,0,0,1,1,200.40817371423358
6,50,0,1,1,6,222.43835399634384
6,3,0,0,1,7,212.7864276487478
6,4,0,0,1,6,196.4966912490579
6,33,1,0,1,1,213.0199871408455
6,49,0,1,1,5,218.83743273214253
6,6,1,0,1,6,214.00851409222605
6,42,1,0,1,1,210.00525385249648
6,53,1,0,1,6,219.59163563912858
6,58,0,0,1,2,202.57645157950097
6,24,0,1,1,5,221.01871589143715
6,46,0,0,1,4,201.84724465417662
6,20,0,0,1,7,220.14653263876295
6,57,0,1,1,3,230.0179663808808
6,45,0,1,1,1,215.0837189275852
6,25,0,1,1,4,219.15967940711465
6,26,1,0,1,1,215.83496344703494
6,19,0,1,1,1,216.03329330795853
6,41,0,1,1,0,216.18927130487992
6,56,1,1,1,4,229.46219870941385
6,58,0,1,1,2,216.46992135496063
6,59,0,1,1,6,211.29593125218688
6,37,1,0,1,5,218.30840842998202
6,46,1,0,0,1,199.67026958789532
6,57,1,0,1,5,217.52219786374764
6,11,1,1,1,6,211.01579210262184
6,14,0,0,1,0,201.35610600791213
6,26,1,0,1,4,201.41349361788318
6,8,1,1,1,6,240.08178471711895
6,31,1,0,1,2,209.81782239180032
6,53,0,1,1,6,214.77478416351676
6,1,1,0,1,1,216.42333338107107
6,21,0,0,1,1,202.07452592231294
6,40,0,0,1,1,203.95025240578445
6,25,0,1,1,7,227.99050350204686
6,55,1,0,0,3,195.52141839763286
6,28,1,0,1,1,212.4722857717723
6,7,1,0,0,2,201.16976998367926
6,34,1,1,1,1,223.13792449451037
6,13,0,0,1,0,201.77876156250568
6,8,1,0,1,2,205.53428354207915
6,23,1,0,0,3,208.9254596970017
6,29,1,1,0,3,215.76578187862177
6,39,1,1,1,4,231.3670002248466
6,20,0,1,1,2,216.20437173747405
6,46,1,1,1,3,226.7247143268712
6,14,0,1,1,0,214.97034801042105
6,45,1,1,0,2,217.6027059292541
6,23,1,0,1,2,193.69013176442417
6,57,0,1,1,5,217.3887533266626
6,50,1,1,1,4,94.13320550561113
6,17,1,0,1,1,217.8839481446158
6,25,1,0,1,1,217.9149433691128
6,47,1,1,0,4,216.7913002276863
6,1,1,0,1,3,218.066518087419
6,51,0,1,1,3,213.35275558777693
6,45,1,0,1,1,204.96605552335453
6,16,1,0,1,1,216.35497636198886
6,27,1,0,1,1,208.07745176968754
6,43,1,0,1,6,218.6407941136682
6,27,1,1,0,2,225.42145989641605
6,46,1,0,1,2,215.60112788967535
6,46,0,1,1,2,214.9732865011631
6,35,1,1,0,4,219.46664758525586
6,51,1,0,1,4,216.51240524864468
6,2,1,0,1,3,163.3302374622388
6,6,1,0,1,1,213.88216818274748
6,4,0,1,1,5,216.821458628074
6,11,1,1,0,7,217.59846284280226
6,9,0,1,1,0,216.03273424297842
6,18,0,1,1,3,216.09330471843904
6,54,1,1,1,4,211.3221430381458
6,59,1,1,1,4,215.68031883187186
6,27,0,1,1,3,218.501313778235
6,13,0,0,1,2,203.91097489793455
6,3,0,0,1,3,195.52412369511214
6,36,0,1,1,2,217.3691186031784
6,25,1,1,1,7,246.15686991912352
6,55,1,0,1,4,217.0352406294971
6,3,1,0,0,6,207.2327310627674
6,41,0,0,1,7,200.43079160988577
6,47,1,1,1,1,139.6650193726647
6,10,1,0,1,7,215.94980315322582
6,20,1,1,1,7,240.25442284235658
6,44,1,0,1,5,218.79358216408178
6,4,1,0,1,4,206.5532828455516
6,2,0,1,1,1,219.03745227060486
6,28,1,1,1,3,226.12638482983638
6,34,1,1,0,6,230.48223960808997
6,35,1,1,1,5,235.08458784419898
6,56,0,0,1,5,202.78221186687142
6,16,0,1,1,3,220.25794657114687
6,24,1,0,1,7,220.86728472951847
6,54,1,1,1,1,205.2044864522854
6,31,1,0,0,2,203.43871003128535
6,15,1,1,0,4,220.71348829826633
6,24,1,0,1,5,208.65092007301536
6,33,0,1,1,1,217.85715441731782
6,52,1,0,1,1,218.17264534485287
6,26,0,1,1,1,212.1411395082371
6,1,1,1,0,1,215.51463987875744
6,1,1,1,0,2,214.27023201441676
6,35,1,0,1,5,204.81113753471809
6,58,0,0,1,7,205.6536896792501
6,8,0,1,1,6,207.00747150758042
6,55,1,0,1,2,217.7844802995192
6,4,1,0,1,6,212.02624536063954
6,5,1,1,1,6,220.2088625582182
6,40,1,1,1,1,227.42420927510543
6,24,1,1,1,7,223.52979593274284
6,25,1,1,1,2,229.5372982212628
6,12,0,1,1,3,217.21440989948593
6,30,1,0,1,3,218.76478590577284
6,35,0,1,1,7,216.373324987794
6,36,1,1,1,2,213.6311966106005
6,59,1,1,0,2,217.0137496376753
6,16,0,0,1,5,205.42773256272514
6,19,1,0,1,4,217.058075497349
6,15,1,0,0,4,203.2797260015019
6,34,1,0,1,3,221.44593811034034
6,39,1,0,0,0,202.26428543059728
6,26,1,0,1,2,216.74255637656165
6,27,1,1,1,2,229.63301212812456
6,42,1,1,1,7,227.90332376042008
6,56,1,0,1,5,218.9871776095346
6,11,1,0,1,0,217.69256971971987
6,50,1,1,0,5,219.2876023686757
6,27,0,1,1,2,218.40555149292675
6,32,0,1,1,2,217.5810556203238
6,31,1,1,0,7,230.84371803508154
6,25,1,0,1,2,214.95763536797023
6,20,1,0,1,2,219.86779547678267
6,27,1,1,1,5,239.38632445140473
6,41,1,0,1,2,210.80166352909472
6,42,1,0,1,7,183.66816067316023
6,33,1,1,1,7,214.19037140540377
6,40,1,0,1,1,215.39519730114648
6,20,1,0,1,6,224.64610889923316
6,33,1,0,1,7,227.85880635951574
6,50,0,1,1,5,221.2304122914538
6,9,1,1,0,1,216.56740278183966
6,39,0,1,1,4,219.04111218281346
6,52,0,1,1,1,219.08363647611907
6,39,1,0,1,1,217.97711757539125
6,30,1,1,1,7,225.65704454187392
6,17,1,0,1,4,221.59671460406258
6,55,1,0,1,3,218.41413491646614
6,28,1,1,0,0,215.97540270837632
6,30,1,1,0,5,225.99665550306705
6,18,1,0,1,4,215.9296488286587
6,52,1,0,1,5,221.47253706488962
6,35,1,0,1,1,220.91627285256052
6,24,1,1,1,4,177.14496256554975
6,37,0,1,1,7,219.18375355435208
6,52,1,0,1,6,223.49215595400113
6,55,1,0,1,0,215.13741626743058
6,2,1,0,1,1,198.8411491015811
6,6,0,1,1,6,218.15290037038224
6,1,1,0,1,6,219.05746438007765
6,16,1,1,1,6,204.67812328200804
6,18,0,1,1,7,213.95435100728423
6,58,1,1,1,2,218.63715989097926
6,58,0,0,1,4,205.10471815951476
6,6,0,1,1,7,230.55404415059837
6,32,1,1,0,4,219.46550573358348
6,40,1,0,1,4,207.47556436940746
6,50,1,1,1,7,108.5810498025038
6,14,1,0,1,2,214.5480591055819
6,29,1,1,0,2,215.19568466688466
6,42,0,0,1,3,201.89056822655232
6,24,1,1,0,7,206.15402155316877
6,29,1,1,1,4,215.26630712423125
6,14,1,1,1,2,232.48768163418796
6,51,0,1,1,5,218.32993921420552
6,16,1,0,1,5,206.46980459831357
6,49,0,1,1,0,217.36951754907903
6,26,0,1,1,6,219.5298996247207
6,13,0,1,1,0,215.53422120200565
6,44,0,1,1,2,216.77967899711012
6,24,1,1,1,1,176.9076844261412
6,21,1,0,1,6,206.54284049488095
6,49,1,0,1,4,212.5446821447888
6,51,1,1,1,2,213.8626841908976
6,6,1,0,1,5,212.09380488340065
6,1,1,0,1,4,209.45830640227132
6,8,0,0,1,2,203.2592839700754
6,54,0,1,1,7,230.33934211447726
6,28,1,0,1,3,209.49055894315936
6,27,0,1,1,7,226.18387253444746
6,46,1,0,1,7,225.37767447038007
6,47,1,1,0,5,215.90959130877428
6,51,0,1,1,7,229.45939002912553
6,47,0,1,1,6,226.4710789024168
6,43,1,0,1,5,219.79125177773923
6,11,0,0,1,4,199.66968292305734
6,23,1,0,0,6,203.69923778223398
6,38,0,0,1,2,205.1423466029951
6,57,1,1,1,2,235.89332270401795
6,58,1,0,1,7,215.9422287717969
6,47,0,1,1,7,215.89604504859562
6,22,0,1,1,6,204.6690735370236
6,6,1,0,1,4,214.57613797963361
6,56,1,1,1,3,234.4521215186454
6,22,1,1,0,0,218.2016081183633
6,19,0,1,1,3,217.91445899330458
6,37,1,1,1,2,214.96999716233998
6,1,1,1,1,2,209.3719937635913
6,12,0,1,1,1,217.5037679249794
6,10,1,0,1,2,215.25236622138684
6,41,1,1,0,3,214.95218651333386
6,33,1,1,1,0,226.70652981385646
6,8,1,1,1,7,201.1815712278818
6,41,1,1,1,0,225.20345850780123
6,47,0,1,1,4,219.07897963274763
6,38,1,0,1,2,219.16029996059717
6,39,1,1,1,0,228.53480679855235
6,40,1,1,1,0,216.4009318336479
6,17,1,1,1,2,234.09886793845644
6,53,1,0,1,3,218.65934347966223
6,25,0,1,1,1,218.63227982256646
6,49,0,1,1,3,219.48506378698477
6,22,1,1,1,1,233.3398121012521
6,0,1,0,1,2,213.26804609066207
6,13,0,1,1,5,216.09528238827048
6,0,1,1,1,3,233.45333105826978
6,10,1,1,1,2,211.00604121367456
6,35,1,1,1,7,245.69296095721316
6,59,1,0,1,1,214.9274891637866
6,8,0,1,1,7,212.91330360350676
6,19,1,0,1,6,207.87264315663296
6,13,1,1,1,7,245.39028267273895
6,28,0,1,1,2,218.0957983608774
6,32,1,1,1,3,134.27844069525742
6,59,1,1,1,1,218.66188160916988
6,9,0,0,1,6,210.00780921744519
6,10,0,1,1,4,218.54843268632243
6,33,1,0,1,4,199.87164540422881
6,35,0,1,1,6,212.92898815383558
6,41,0,1,1,6,221.00032849816222
6,38,0,0,1,1,204.8729365863122
6,47,1,0,1,3,209.4647432890695
6,1,1,1,1,5,227.1412971356865
6,43,0,1,1,6,218.5945628293484
6,43,0,0,1,5,204.75435259509393
6,2,0,1,1,0,217.5944903420543
6,40,0,0,1,2,204.55828437210695
6,16,0,1,1,0,214.88542664064002
6,46,1,1,1,4,135.38432740619322
6,5,1,1,0,3,208.52984945722125
6,23,1,1,1,2,178.0092900385667
6,23,0,0,1,6,201.71205946114125
6,42,1,0,1,2,177.96863179722507
6,43,1,1,1,1,233.4107264237924
6,45,1,1,1,1,167.67291929000913
6,14,1,1,1,5,228.03991604581196
6,23,1,1,0,1,215.50992242915765
6,30,1,0,1,6,223.0925895535064
6,43,1,1,1,3,236.55211580091236
6,1,1,0,1,2,217.62973950711313
6,38,0,1,1,7,220.0826719762251
6,4,0,0,1,4,199.45768945584507
6,59,1,1,1,2,237.25050123220163
6,35,1,0,0,1,201.89796009062044
6,26,1,0,1,5,218.28758353267114
6,1,1,0,0,7,202.64762024886784
6,19,0,0,1,2,202.9934903236217
6,38,0,1,1,5,220.13445794918866
6,12,1,1,1,4,203.07953071565365
6,26,1,1,1,3,225.15935976105249
6,24,1,0,1,1,196.11253817616637
6,15,0,0,1,6,198.0554207847787
6,39,1,0,1,2,217.87318327756785
6,40,1,0,1,5,223.22314677263535
6,31,1,0,1,1,219.61755070405465
6,14,1,1,0,2,220.90495504746468
6,57,1,1,1,7,231.06668971835876
6,3,1,1,1,1,195.25819032258403
6,2,1,1,1,4,211.4961844981412
6,3,1,1,1,3,222.7623055064734
6,27,0,1,1,6,217.2725647326064
6,53,0,1,1,5,221.95721019325697
6,49,1,1,1,3,176.25421332792882
6,39,1,1,1,7,230.62360710721333
6,39,1,1,1,2,222.8703571620624
6,22,1,0,1,5,224.1767098891673
6,43,1,1,1,7,245.00203498157202
6,30,0,0,1,2,200.95145740601288
6,33,0,1,1,3,219.2375030430116
6,37,0,1,1,6,215.02775236821878
6,17,0,0,1,5,204.09438519898615
6,2,1,1,1,2,205.11823381840415
6,48,1,1,1,7,240.4954395906936
6,10,0,1,1,3,219.3172777826992
6,45,0,0,1,1,198.1447552818214
6,42,1,1,1,1,231.8352669785848
6,43,1,1,0,6,216.99354773932154
6,48,1,1,1,6,225.57060101244704
6,25,1,1,1,6,236.07418003358447
6,59,0,1,1,4,215.87434329891266
6,2,0,1,1,2,219.28256167311451
6,14,0,1,1,2,217.91627937175124
6,16,1,0,1,6,213.99538770492595
6,25,1,1,1,3,236.96460239444545
6,16,0,0,1,3,206.30370387935747
6,15,1,1,1,2,150.72957904573462
6,56,1,1,1,6,240.5457228554579
6,26,0,0,1,7,203.21967356066807
6,50,0,1,1,7,231.0696314852586
6,44,0,1,1,4,215.15239691328094
6,21,1,0,1,2,219.09393359046246
6,17,1,0,1,7,232.98259026052088
6,57,1,0,1,4,221.2248416527462
6,9,0,1,1,2,216.25071567936703
6,30,1,0,1,7,213.3296990907585
6,47,1,0,1,0,169.44192559878792
6,6,1,1,1,6,216.14818445659495
6,36,1,0,1,0,213.62144976685178
6,38,0,1,1,4,220.03323687035262
6,0,1,1,0,3,224.0665670624804
6,31,0,1,1,1,219.18482106050436
6,2,0,1,1,6,221.7907064106638
6,14,1,1,1,7,244.97914383076312
6,2,1,0,1,6,188.17333086114928
6,41,1,1,1,3,211.14999665519906
6,27,0,1,1,5,218.46049488265948
6,30,1,1,1,3,217.79428710610418
6,13,1,0,1,0,202.79200287871984
6,59,1,1,1,3,219.96091773236904
6,27,1,1,1,6,211.23591287064087
6,14,0,1,1,7,232.15096881935045
6,17,0,1,1,0,215.3400380583647
6,54,0,1,1,6,220.07200864335803
6,55,1,1,1,0,214.20981655503277
6,44,0,1,1,1,217.48264871378115
6,0,1,1,1,7,249.48614623960088
6,14,0,0,1,5,202.34202215580427
6,16,1,1,1,1,199.53801531613985
6,5,1,0,1,6,211.8176756083509
6,6,1,0,1,3,212.9659480706314
6,15,1,0,1,5,218.06710504463535
6,22,1,1,1,4,232.5812678099717
6,50,1,0,1,5,209.5499613347916
6,46,1,0,1,3,203.4976709589172
6,29,0,1,1,2,218.61810677410477
6,43,0,1,1,0,216.58463906715866
6,14,1,1,1,1,221.05146700164443
6,31,0,1,1,7,225.4193545327208
6,56,0,0,1,1,200.68901478939077
6,35,0,1,1,5,222.29103396248524
6,7,1,1,1,0,204.59649293292236
6,23,1,1,1,4,204.46643956910316
6,11,1,1,1,3,176.80407442593966
6,44,0,1,1,7,232.4056799831401
6,3,0,0,1,4,202.11283944667485
6,33,0,1,1,6,218.5168539205316
6,24,1,0,1,6,225.07137724536054
6,0,0,0,1,3,209.73077921517455
6,14,1,1,0,5,223.1766801994569
6,12,0,0,1,5,202.0362519813417
6,4,1,0,1,2,182.91754845659247
6,44,1,1,1,1,224.9258815531639
6,41,1,1,1,1,216.72123650906153
6,13,1,1,1,3,224.77891850285982
6,1,1,1,1,0,211.8420447757133
6,56,1,0,1,2,214.8564249665488
6,57,1,1,1,4,228.95594010431012
6,36,1,0,1,4,212.4217170275712
6,25,1,1,1,5,230.3519638852702
6,36,1,0,1,6,218.07632680762853
6,38,1,1,1,7,242.93974396673013
6,57,0,1,1,7,215.10388464189867
6,7,1,1,0,0,213.52403717149133
6,32,1,0,1,5,222.73686366358558
6,11,1,1,1,4,208.14518506665604
6,37,1,1,1,3,237.3881884429469
6,26,0,1,1,5,219.43371720296236
6,33,1,0,1,2,218.26172271417715
6,1,1,1,1,3,230.3949400924002
6,49,1,0,1,7,216.9166943034157
6,3,1,0,1,4,214.27664402149327
6,52,1,1,1,1,223.22547954011924
6,45,1,0,1,5,216.36694382740393
6,15,0,1,1,6,204.1448361257083
6,51,0,1,1,4,217.53897722030166
6,21,1,0,1,5,218.7027046110373
6,14,1,1,0,0,218.00727447970024
6,12,1,0,1,3,224.09738572268517
6,54,1,1,1,0,203.4759508386484
6,55,1,1,1,3,219.0434943008294
6,21,1,0,1,0,218.6268841539436
6,23,1,0,1,3,223.51233154549132
6,53,1,0,1,1,216.99977600120914
6,0,1,1,1,4,214.2269994473921
6,59,0,1,1,7,215.216589891866
6,48,1,1,1,4,229.2644534742682
6,33,1,1,0,5,223.11425549287287
6,36,1,0,1,7,228.0764616159329
6,58,1,0,1,2,217.74022318332862
6,41,1,0,1,3,216.37492734750703
6,50,1,0,1,2,201.87368710736007
6,7,1,1,1,3,231.2555786841719
6,13,1,0,1,6,204.70113557905512
6,49,1,1,1,1,182.87658768473025
6,28,1,1,0,6,218.0602012133277
6,7,1,1,1,4,223.64424445837938
6,18,1,0,1,5,218.07765492505732
6,58,1,0,1,5,217.84504869740755
6,22,1,1,1,2,233.94389588320777
6,27,1,0,1,6,218.00930604541645
6,38,1,1,1,2,221.85866725029777
6,58,1,1,1,1,205.39099475701278
6,28,1,1,1,4,227.16215006147937
6,43,0,1,1,1,217.21054017724575
6,17,1,0,1,5,222.65003689929645
6,36,0,1,1,3,218.9261048372496
6,33,1,0,1,3,220.8668977480133
6,8,0,1,1,4,215.24856709144478
6,22,1,1,1,3,232.61505987283482
6,32,1,1,1,7,214.44223249795547
6,44,1,1,1,6,237.16674360526744
6,2,1,1,1,6,218.63012844774562
6,36,1,1,1,3,208.9825578058278
6,21,1,1,1,3,228.11365626670585
6,12,0,1,1,2,216.66500368240858
6,58,1,0,1,3,216.28505520388038
6,29,1,1,1,1,218.868104361566
6,56,1,0,1,7,210.86986078477855
6,49,0,1,1,7,224.9734780211652
6,30,1,0,1,1,218.78192918585583
6,6,1,1,1,4,221.63213439275626
6,25,1,1,1,1,229.15116065089362
6,41,1,1,1,6,222.5113475921788
6,3,0,1,1,4,216.7942915545754
6,8,1,1,1,3,224.05710175675995
6,14,1,1,0,6,220.66015867581834
6,36,1,0,1,2,217.55032073561048
6,56,1,1,1,1,233.73829860111093
6,58,1,1,1,4,228.2623871545813
6,0,1,1,1,1,232.3878710955963
6,10,1,0,1,6,215.6848971606904
6,35,1,0,1,7,194.67432574662104
6,20,1,1,1,4,226.4039597582024
6,14,1,0,1,5,209.21392886361556
6,28,1,1,1,1,217.60835736231599
6,6,1,0,1,7,224.74751089412484
6,13,1,0,1,7,214.36923900102303
6,34,0,1,1,4,218.70312382713078
6,21,1,0,1,4,218.0805368349391
6,56,1,0,1,4,214.1583466273183
6,15,1,1,1,3,171.8297186760888
6,55,1,1,1,7,251.7412213144229
6,45,1,0,1,2,214.09144093328678
6,46,1,1,1,6,214.6324310439848
6,6,1,0,1,2,212.86729540093418
6,16,0,1,1,5,220.08791083151607
6,8,1,0,1,7,228.66227910363554
6,44,1,1,1,5,220.6239101300363
6,22,1,0,1,7,218.0633855424232
6,58,1,0,1,4,217.13773982143096
6,35,1,0,1,2,175.41490300094833
6,26,0,1,1,2,222.93018134969654
6,26,1,0,1,7,218.2228489472242
6,17,1,0,1,2,221.76995830975264
6,40,1,1,1,4,202.02914706798052
6,33,1,1,0,0,216.73459368075154
6,35,1,1,1,1,219.97788087553417
6,11,0,1,1,2,220.77998945772674
6,4,1,1,1,0,190.49269775669148
6,9,1,1,1,6,200.52373487827603
6,48,1,1,1,3,214.52982012383654
6,15,1,0,1,0,190.12118421493506
6,0,1,1,1,0,210.5871114272201
6,9,1,0,1,7,213.64678175626983
6,31,1,1,1,2,224.60733069307676
6,46,1,0,1,5,211.6945962897245
6,5,1,0,1,5,217.91627195078098
6,52,1,0,1,7,231.00218832070337
6,47,1,1,1,3,172.05721255114992
6,26,0,1,1,0,215.89476551977003
6,11,1,1,1,1,191.98962671653638
6,54,1,1,1,2,229.12456042926755
6,10,1,1,1,0,219.77215150133034
6,29,0,1,1,6,218.55252158198994
6,5,1,0,1,3,218.53954510986526
6,22,1,1,1,6,234.2931364604667
6,50,1,1,1,6,162.1472794330733
6,24,1,0,1,3,216.18193198910694
6,26,1,1,1,5,227.63168549142318
6,13,1,1,1,1,198.8921802106737
6,15,1,0,1,6,215.99580981519813
6,12,0,1,1,4,217.16349740421694
6,49,1,0,1,6,222.51807261786132
6,55,1,0,1,7,212.6739335590918
6,42,1,1,1,5,230.022360791918
6,2,1,0,1,2,162.79385167821488
6,3,1,1,1,2,214.18744756576973
6,35,1,0,1,0,153.44814880592045
6,31,1,0,1,7,212.55660559320623
6,4,1,1,1,7,207.54429923605602
6,36,1,1,1,7,215.81609491358176
6,47,1,0,1,5,204.60927525453621
6,37,1,0,1,4,217.5747239272608
6,45,1,1,1,0,229.45265579901522
6,14,1,0,1,6,199.34411815501446
6,1,1,1,1,4,224.61997980661786
6,43,1,1,1,5,236.17932463201862
6,29,1,1,1,0,212.79022789400898
6,11,1,1,1,5,222.73925763451646
6,38,1,1,1,4,217.54492580564064
6,14,1,1,1,3,203.4053245734618
6,13,1,1,1,2,212.74152649659828
6,24,1,0,1,2,220.18431285707865
6,10,1,1,1,5,235.5987008934361
6,21,1,1,1,2,201.90492612376403
6,22,1,0,1,3,211.88869689960305
6,44,1,1,1,7,246.8721440437528
6,55,1,1,1,6,230.1852799803559
6,9,1,1,1,0,164.81291508177304
6,34,1,1,1,6,243.1543846962087
6,30,1,0,1,5,218.15037239466008
6,42,1,0,1,5,170.13767437113484
6,57,1,0,1,6,222.00033126527927
6,10,1,1,1,7,241.08755770360784
6,2,1,1,0,1,215.5174552847174
6,58,1,0,1,1,214.82682499878305
6,20,1,1,1,5,220.12826982040477
6,32,1,1,1,1,190.4845481213657
6,22,1,0,1,6,209.02295163771726
6,53,1,1,1,3,215.0182629756299
6,48,1,0,1,2,216.65931853022133
6,43,1,0,1,3,218.43274871154915
6,49,0,1,1,4,213.38971939467532
6,32,1,0,1,3,227.05805821970168
6,16,1,1,1,2,226.55577971023777
6,0,1,0,1,5,215.47069363767392
6,22,1,0,1,1,218.40845688655142
6,20,1,1,1,6,229.17323644967658
6,41,1,1,1,5,218.91873541527093
6,16,1,1,1,3,232.11691670588053
6,57,1,1,1,3,228.05598696149445
6,35,1,1,1,4,218.65257224742368
6,33,1,1,1,5,217.22232934880014
6,38,1,1,1,5,226.26748668319496
6,32,1,1,1,5,182.83041698170305
6,23,1,0,1,1,207.2784310722203
6,50,1,1,1,0,148.10385104594258
6,55,1,1,1,4,228.78935393201218
6,41,0,1,1,7,231.68765097403326
6,56,1,0,1,6,200.20380922574643
6,21,1,1,1,6,217.9118483328906
6,58,1,1,1,7,249.55990562571913
6,40,1,1,1,2,209.42800544313397
6,53,1,1,1,0,188.17160032548085
6,2,1,1,1,7,209.45932041782737
6,10,1,1,1,3,221.9849058739756
6,56,1,1,1,2,234.26584629119697
6,8,1,0,1,4,212.65975851064195
6,42,1,1,1,6,244.98672277564435
6,29,1,1,1,7,226.43448448373226
6,30,1,1,1,5,185.9282830074848
6,32,1,0,1,1,222.02469524915648
6,6,1,1,1,3,237.42457287010342
6,41,1,1,1,7,241.61381632883896
6,13,1,1,1,6,216.83861015293985
6,52,1,0,1,0,214.29735624729943
6,47,1,1,1,0,174.3700794661866
6,34,1,0,1,6,222.91979299766982
6,42,1,1,1,3,235.9689857950762
6,55,1,1,1,1,233.96661984478476
6,46,1,1,1,2,180.59087374461296
6,56,1,1,1,5,227.0284915163436
6,9,1,0,1,4,207.17842877785472
6,49,1,0,1,1,212.30635237855887
6,0,1,1,1,2,221.97947995055011
6,7,1,0,1,3,217.0088740843534
6,5,1,1,1,4,230.73631831810198
6,51,1,0,1,5,214.6101869771588
6,35,1,0,1,4,186.0597231579854
6,9,1,0,1,5,213.1291659709101
6,13,1,1,1,4,182.76193046309538
6,38,1,1,1,3,221.57893996673613
6,26,1,1,1,7,236.37279721587265
6,4,1,1,1,5,197.13088651435027
6,7,1,0,1,7,225.9780223036211
6,15,1,0,1,7,228.36875150792304
6,30,1,1,1,6,226.54239382100985
6,14,1,1,1,4,226.4999853813015
6,35,1,1,1,6,232.2050590619336
6,59,1,0,1,2,220.5505777639647
6,0,1,1,1,5,223.05458069629393
6,51,1,1,1,4,192.98787613608943
6,2,1,0,1,4,165.937886340409
6,33,1,1,1,2,212.48963637742116
6,20,1,1,1,1,220.27141849307316
6,23,1,1,1,1,215.95818090576745
6,8,1,1,1,2,229.0919180565322
6,9,1,1,1,2,209.65877475046608
6,7,1,1,1,5,238.58662514982052
6,6,1,1,1,5,206.1324107564601
6,21,1,1,1,4,203.43727712465957
6,20,1,1,1,2,214.80629268493308
6,7,1,1,1,1,217.3870865925262
6,50,1,1,1,2,163.187404598753
6,51,1,1,1,3,175.6805600997121
6,56,1,0,1,3,228.10036422314832
6,54,1,1,1,5,226.91541935393482
6,53,1,1,1,1,196.96506975887866
6,6,1,1,1,2,221.2219949956503
6,21,1,1,1,0,210.02668467695713
6,54,1,0,1,2,214.78978895550233
6,36,1,1,1,4,193.61241936603733
6,47,1,1,1,7,187.77804812116605
6,50,1,1,1,3,196.53608852580595
6,44,1,0,1,1,215.80773388348996
6,49,1,1,1,2,190.1634393552258
6,15,1,0,1,1,216.03694194475932
6,47,1,1,1,2,135.42055199937042
6,47,1,0,1,6,212.81230561277772
6,47,1,1,1,5,176.20334047294514
6,8,1,1,1,4,219.84271694652196
6,14,1,0,1,3,226.99375783154431
6,9,1,1,1,4,205.7845058078089
6,8,1,1,1,5,194.64467692148855
6,15,1,0,1,4,220.00561307234778
6,37,1,1,1,1,216.07731526962064
6,21,1,1,1,5,202.983862099273
6,21,1,0,1,7,230.7408506162406
6,6,1,1,1,7,218.41014395055166
6,33,1,1,1,1,183.07755826579125
6,5,1,1,1,5,225.51693689705414
6,26,1,1,1,4,174.5010269371602
6,52,1,1,1,5,218.28127210943444
6,4,1,1,1,3,241.5428106152235
6,26,1,1,1,2,216.76527067858746
6,53,1,1,1,5,214.87796470839814
10,1,1,0,0,4,24.741205567713536
6,9,1,1,1,7,208.69036602776208
5,46,0,1,0,7,76.39178106138444
5,47,0,1,0,0,68.00025055474225
5,48,0,1,0,0,13.477356464950677
5,49,0,1,0,7,76.37143928776322
5,50,0,0,0,0,49.426963595407024
5,51,0,0,0,0,24.04869644172574
5,52,0,0,0,0,48.93488361654921
5,53,0,0,0,0,50.38495067300337
5,54,0,0,0,0,16.40723584300405
5,55,0,0,0,0,15.23467830236443
5,56,0,0,0,0,42.985446056240406
5,57,0,0,0,0,18.953277788382323
5,58,0,0,0,0,42.45297054016152
5,59,0,0,0,0,44.52013813878221
5,50,1,1,0,0,12.104623410315256
5,51,1,1,0,0,4.214448070941674
5,52,1,1,0,0,67.75138794754083
5,53,1,1,0,0,75.79722021528569
5,54,1,1,0,0,80.34755975846609
5,55,1,1,0,0,7.449390669642467
5,56,1,1,0,0,71.61146344015273
5,57,1,1,0,0,75.62996364160945
5,58,1,1,0,0,0.0
5,59,1,1,0,0,0.6398029909914025
5,40,0,0,1,0,30.729499976672223
5,41,0,0,1,0,83.885024691743
5,42,0,0,1,0,0.17929901173897167
5,43,0,0,1,0,0.14012500000000003
5,44,0,0,1,0,0.0
5,45,0,0,1,0,19.557405669871162
5,46,0,0,1,3,80.31379378657954
5,48,0,1,0,2,73.13037411910074
5,49,0,0,0,3,13.11944513107833
5,50,0,1,0,0,0.0
5,51,0,1,0,0,42.66134743240493
5,52,0,1,0,0,60.20302350555756
5,53,0,1,0,0,0.0
5,54,0,1,0,0,60.03095699472502
5,55,0,1,0,0,64.60376858303506
5,56,0,1,0,0,68.49917218430129
5,57,0,1,0,0,0.0
5,58,0,1,0,0,45.80039425413801
5,59,0,1,0,0,50.42811821615451
5,40,1,0,0,5,80.58652279918694
5,41,1,0,0,0,73.09984496334296
5,42,1,0,0,0,5.372190872725656
5,43,1,0,0,0,84.4380865941186
5,44,1,0,0,0,6.309362420079444
5,45,1,0,0,6,74.76798533925555
5,46,0,0,0,4,12.512773006807635
5,47,0,0,0,0,57.491408701834956
5,48,0,0,0,0,19.69101885239009
5,49,0,0,0,0,15.624288759103978
5,20,0,0,0,0,42.0492338596456
5,21,0,0,0,0,44.24457885871436
5,22,0,0,0,0,46.46010629261065
5,23,0,0,0,0,14.684435547932276
5,24,0,0,0,6,4.967903306758412
5,25,0,0,0,0,46.974596869590165
5,26,0,0,0,0,49.682865694043684
5,27,0,0,0,0,23.56933499189656
5,28,0,0,0,0,46.64661689598854
5,29,0,0,0,0,48.86301168612987
5,30,0,0,0,0,10.17403714850895
5,31,0,0,0,0,38.6963159637469
5,32,0,0,0,0,40.53811979865384
5,33,0,0,0,0,42.528406294304546
5,34,0,0,0,0,44.67427730447179
5,35,0,0,0,0,47.07526095684865
5,36,0,0,0,0,20.80197491656324
5,37,0,0,0,0,43.8082091613504
5,38,0,0,0,0,46.22945432823664
5,39,0,0,0,0,48.96051781871715
5,40,0,0,0,0,51.884636673024964
5,41,0,0,0,0,54.808760051371685
5,42,0,0,0,0,57.60198380881531
5,43,0,0,0,0,60.1525025702023
5,44,0,0,0,0,63.31364564989923
5,45,0,0,0,0,17.96914690589121
5,46,0,0,0,0,55.504469290703604
5,52,0,0,0,6,6.536480227647054
5,28,1,0,0,0,56.36728110255766
5,29,1,0,0,0,60.4608753687897
5,30,1,0,0,0,6.289268009393322
5,31,1,0,0,0,54.833519510358016
5,32,1,0,0,0,57.68201616867479
5,33,1,0,0,0,4.926106650012538
5,34,1,0,0,0,61.26256677517421
5,35,1,0,0,0,2.6136346459721165
5,36,1,0,0,0,64.61261266285078
5,37,1,0,0,0,68.25454394912227
5,38,1,0,0,2,7.584903723064215
5,39,1,0,0,0,76.26808633200103
5,42,1,0,0,2,-0.020000000000000004
5,46,1,1,0,3,84.21294012827713
5,47,1,1,0,0,69.73064457449303
5,48,1,1,0,0,73.8213697290336
5,49,1,1,0,0,78.15859957975731
5,51,1,1,0,3,84.58173727600794
5,52,0,1,1,0,53.21959563433097
5,53,0,1,1,0,65.13610188070697
5,54,0,1,1,0,70.16823860369772
5,55,0,1,1,0,0.39368000000000003
5,56,0,1,1,0,0.0
5,57,0,1,1,0,19.012748045596084
5,58,0,1,1,0,46.06547416440046
5,59,0,1,1,0,0.0
5,42,0,0,0,6,25.166037673518517
5,52,0,0,0,4,16.1322264262026
5,57,0,0,0,2,12.239563873759778
5,0,0,1,0,0,52.78429674006192
5,1,0,1,0,0,55.396073375486594
5,2,0,1,0,0,59.03421669385237
5,3,0,1,0,0,5.784549794663205
5,4,0,1,0,0,47.44986049858522
5,5,0,1,0,0,50.09857725788124
5,6,0,1,0,0,52.465633829596456
5,7,0,1,0,0,8.092914814953208
5,8,0,1,0,0,3.438454078351066
5,9,0,1,0,0,42.879843873171446
5,10,0,1,0,0,45.87333855993274
5,11,0,1,0,0,49.245048411938306
5,12,0,1,0,0,52.76718561732294
5,13,0,1,0,0,55.52684817243392
5,14,0,1,0,0,12.078826139783901
5,15,0,1,0,0,50.63261732679977
5,16,0,1,0,0,53.596486634820025
5,17,0,1,0,0,6.942566442076744
5,18,0,1,0,0,53.63620159234188
5,19,0,1,0,0,56.59915144109652
5,20,0,1,0,0,59.813828711512016
5,21,0,1,0,4,-0.05
5,22,0,1,0,0,1.7009739270452964
5,23,0,1,0,0,56.91797915263178
5,24,0,1,0,0,0.029277239037806307
5,25,0,1,0,0,52.996211117801685
5,26,0,1,0,0,56.33634968600495
5,27,0,1,0,0,60.13656462680124
5,28,0,1,0,0,63.28638307536514
5,29,0,1,0,0,16.45114497719583
5,30,0,1,0,1,14.239678532525573
5,31,0,1,0,6,58.006839491285916
5,37,0,0,0,2,15.464438103002994
5,38,0,1,0,0,62.49493356055992
5,39,0,1,0,0,65.97421116138608
5,40,0,1,0,0,68.38232437937218
5,41,0,1,0,2,71.56139674095978
5,42,0,1,0,0,64.09410656616794
5,43,0,1,0,0,67.01190199099523
5,44,0,1,0,0,69.29869714055887
5,45,0,1,0,0,72.0187038776768
5,54,0,0,0,4,19.761349545682673
5,55,1,0,0,0,62.122780646624506
5,56,1,0,0,0,14.45260764227295
5,57,1,0,0,0,63.64114570194769
5,58,1,0,0,0,6.566118851703948
5,59,1,0,0,3,9.4060904438732
5,48,0,0,0,3,61.833152291505485
5,50,1,0,0,0,6.527332639318019
5,51,1,0,0,0,62.93708542508802
5,52,1,0,0,4,65.38870518164478
5,0,0,0,0,0,46.89616377791627
5,1,0,0,0,0,49.92279831502686
5,2,0,0,0,0,1.0481292300857442e-06
5,3,0,0,0,0,42.93537416813179
5,4,0,0,0,1,1.9415799856441747
5,5,0,0,0,0,27.88793137435658
5,6,0,0,0,0,30.49426783337517
5,7,0,0,0,0,32.40393501588225
5,8,0,0,0,0,33.19030623316595
5,9,0,0,0,0,34.76855874421823
5,10,0,0,0,0,37.01600473668003
5,11,0,0,0,7,9.78720880019054
5,12,0,0,0,0,13.052491028998743
5,13,0,0,0,0,29.059741197900237
5,14,0,0,0,0,30.69306480933607
5,15,0,0,0,0,32.45978818791082
5,16,0,0,0,0,34.24915140831995
5,17,0,0,0,0,36.07126742690949
5,18,0,0,0,0,37.94514004515378
5,19,0,0,0,0,39.92453940348703
5,23,0,0,0,5,25.926013098459467
5,24,1,0,0,0,10.489857355239588
5,25,1,0,0,0,47.54330279060119
5,26,1,0,0,0,50.113712859442664
5,27,1,0,0,0,53.0198308320139
5,38,1,0,0,0,71.8295365994273
5,41,0,0,0,5,27.609229971254393
5,49,0,1,1,0,0.020632849611131678
5,50,0,1,1,0,21.24615881660846
5,51,0,1,1,0,38.5875096780031
5,54,0,1,1,4,-0.05
5,55,1,1,1,0,0.0
5,56,1,1,1,0,0.6144707820867665
5,57,1,1,1,0,0.0
5,58,1,1,1,0,0.0
5,59,1,1,1,0,10.211067020386832
5,4,0,0,0,0,5.723980419176822
5,11,0,0,0,0,39.51544261944895
5,24,0,0,0,0,44.98821522262391
5,26,0,0,0,2,27.5971436325079
5,30,0,1,0,0,55.62132384619202
5,32,0,0,0,7,12.67184011721291
5,33,1,0,1,0,63.10041095214207
5,34,1,0,1,0,68.22913280015383
5,35,1,0,1,0,72.54539035582316
5,36,1,0,1,0,0.03093856590541945
5,37,1,0,1,0,3.193436432534061
5,38,1,0,1,2,-0.020000000000000004
5,39,1,1,1,0,84.38143756641679
5,40,1,1,1,0,0.0
5,41,1,1,1,0,11.203782847422048
5,42,1,1,1,0,23.726766609380263
5,43,1,1,1,0,40.96808898932662
5,44,1,1,1,0,60.29446078423711
5,45,1,1,1,0,77.9572114141813
5,46,1,1,1,0,91.01292732862852
5,47,1,1,1,0,0.0
5,48,1,1,1,0,2.137548845743717
5,49,1,1,1,0,0.0
5,50,1,1,1,0,0.0
5,51,1,1,1,0,1.189232093426754
5,52,1,1,1,0,7.475450832942297
5,53,1,1,1,0,28.088501673716546
5,54,1,1,1,0,0.0
5,33,1,0,0,4,61.45528090346897
5,45,0,0,0,4,23.486559588558112
5,46,1,0,0,0,10.57300416972378
5,47,1,0,0,0,11.071426394566164
5,48,1,0,0,0,60.06801108089066
5,49,1,0,0,0,0.0012431937500000001
5,53,1,0,0,0,60.565611245247325
5,54,1,0,0,0,6.900913084042042
5,59,1,0,0,0,0.0
5,10,0,1,0,5,13.466836787921588
5,11,0,1,1,0,54.37012661121469
5,12,0,1,1,0,2.9331018324605953
5,13,0,1,1,0,68.25955152633951
5,14,0,1,1,0,72.62123000827556
5,15,0,1,1,0,0.0
5,16,0,1,1,0,0.033052568393865736
5,17,0,1,1,0,2.7349546571111176
5,18,0,1,1,0,15.72865442242654
5,19,0,1,1,0,0.0
5,20,0,1,1,0,13.013222350084384
5,21,0,1,1,0,0.0
5,22,0,1,1,0,0.0
5,23,0,1,1,0,0.0
5,24,0,1,1,0,4.886519353881873
5,25,0,1,1,0,24.395324189343054
5,26,0,1,1,0,46.42740693227517
5,27,0,1,1,0,65.10986148380667
5,28,0,1,1,7,78.33704283276745
5,29,0,0,1,0,0.23727424998198351
5,30,0,0,1,0,0.015802268542554565
5,31,0,0,1,0,67.93226466482633
5,32,0,0,1,0,71.00660601810948
5,33,0,0,1,0,6.636736681698781
5,34,0,0,1,0,6.421707626591043e-05
5,35,0,0,1,0,0.0018231748706731342
5,36,0,0,1,0,71.26239647809695
5,37,0,0,1,0,76.8497488313861
5,38,0,0,1,0,9.706763629793837
5,39,0,0,1,0,1.8648891431658716
5,55,0,0,0,1,14.51010370720253
5,47,0,0,1,0,80.45686412792607
5,48,0,0,1,0,1.0306044374072774
5,49,0,0,1,0,62.46748208714491
5,50,0,0,1,0,66.42998741443628
5,51,0,0,1,0,70.07489492173622
5,52,0,0,1,0,8.187712909053078
5,53,0,0,1,0,50.98706496723543
5,54,0,0,1,0,53.99860400473981
5,55,0,0,1,0,58.51690993510214
5,56,0,0,1,0,10.112818229426953
5,57,0,0,1,0,1.3433008549999998
5,58,0,0,1,0,0.0
5,59,0,0,1,0,57.91785508870853
5,0,0,0,1,0,60.9033864669198
5,1,0,0,1,0,63.59265065470278
5,2,0,0,1,0,0.3923500000000001
5,3,0,0,1,3,76.40364568810354
5,4,0,1,1,0,0.0
5,5,0,1,1,0,81.40261169757876
5,6,0,1,1,0,84.64984524505945
5,7,0,1,1,0,0.0
5,8,0,1,1,0,3.080887018269801
5,9,0,1,1,0,15.00855360835106
5,10,0,1,1,0,33.15463562442162
5,12,0,1,1,3,63.393695455911896
5,13,0,0,0,7,3.0216096268218298
5,17,0,0,0,7,11.066669769122012
5,18,1,0,1,0,1.6924323390674343
5,19,1,0,1,0,5.42540672252312
5,20,1,0,1,0,11.808619520181818
5,21,1,0,1,0,21.09545114844052
5,22,1,0,1,0,32.478150129307664
5,23,1,0,1,0,42.688383726036356
5,24,1,0,1,0,0.0
5,25,1,0,1,0,0.0
5,26,1,0,1,0,0.36305388494804874
5,27,1,0,1,0,3.446441148996842
5,28,1,0,1,0,0.0
5,29,1,0,1,0,0.06262377795488931
5,30,1,0,1,0,1.948558919518068
5,31,1,0,1,0,16.310988388134476
5,32,1,0,1,0,38.69223585780744
5,38,1,0,1,0,12.068779946241948
5,39,1,0,1,0,30.595824459203275
5,40,1,0,1,0,51.762340990447214
5,41,1,0,1,0,65.5611265833223
5,42,1,0,1,0,68.76177563271209
5,43,1,0,1,0,72.95445613544543
5,44,1,0,1,0,79.0801793336332
5,45,1,0,1,0,0.9516719806537556
5,46,1,0,1,0,33.128372187463036
5,47,1,0,1,0,63.18367025075283
5,48,1,0,1,0,82.06241413467804
5,49,1,0,1,0,0.0
5,50,1,0,1,0,2.1234950502148324
5,51,1,0,1,0,35.99581939813514
5,52,1,0,1,3,86.24883653429934
5,58,1,1,0,7,80.0920759268869
5,16,0,0,0,6,9.216352105917565
5,17,1,0,0,0,35.455985089468484
5,18,1,0,0,0,0.0
5,19,1,0,0,0,11.071499791874388
5,20,1,0,0,0,31.462688393026873
5,21,1,0,0,1,-0.005000000000000001
5,25,1,0,1,7,38.24957715420805
5,26,1,1,0,0,40.548586041812605
5,27,1,1,0,0,61.29528224053523
5,28,1,1,0,0,5.101377548545345e-05
5,29,1,1,0,0,18.50821817967936
5,30,1,1,0,0,49.534253535116385
5,31,1,1,0,0,71.44276853941092
5,32,1,1,0,0,77.27168484683335
5,33,1,1,0,0,81.59484047496358
5,34,1,1,0,0,0.15192840055517295
5,35,1,1,0,0,0.13805146848155495
5,36,1,1,0,0,0.0
5,37,1,1,0,0,85.19948586807135
5,38,1,1,0,0,0.021722789223665682
5,39,1,1,0,0,79.526847311675
5,40,1,1,0,0,84.37274318249415
5,41,1,1,0,0,89.06280772799184
5,42,1,1,0,6,91.53303342681403
5,56,0,0,1,3,61.8063416771361
5,36,0,0,0,3,13.85575072841766
5,44,0,0,1,3,85.17325245737395
5,52,0,0,0,7,10.89306041607907
5,44,1,0,0,7,90.01880120187846
5,42,0,1,1,0,15.899701158983152
5,43,0,1,1,0,0.004324620934375
5,44,0,1,1,0,4.651878395414499
5,45,0,1,1,0,28.032958172596807
5,46,0,1,1,0,63.34971191455608
5,47,0,1,1,2,85.06733093149754
5,48,0,1,1,0,72.1018947226771
5,56,0,1,1,2,69.48491936762302
5,58,0,0,1,1,67.64091120416134
5,34,0,1,1,0,73.26613449754457
5,35,0,1,1,0,1.1912009828952
5,36,0,1,1,0,0.0
5,37,0,1,1,0,5.7435152842664206
5,38,0,1,1,0,39.08472314759385
5,39,0,1,1,5,89.21783066187348
5,40,0,1,1,0,74.613185987839
5,41,0,1,1,0,0.5901538121605736
5,54,0,0,0,3,17.539340116492514
5,21,0,0,1,0,47.22883459499826
5,22,0,0,1,5,57.45442691725608
5,24,0,0,0,2,15.05984452597539
5,25,0,0,0,3,28.26128177994794
5,26,0,0,1,0,46.86168709802068
5,27,0,0,1,0,0.0
5,28,0,0,1,0,32.4104894318616
5,51,0,0,0,1,16.51028730050296
5,53,0,0,0,3,5.359881833752729
5,10,0,0,0,6,15.020827307082463
5,11,1,0,0,0,0.013041125
5,12,1,0,0,0,37.0600658691131
5,13,1,0,0,5,44.67835094454161
5,16,0,0,0,1,14.52015110068209
5,21,0,0,0,4,18.74146203305334
5,55,0,1,1,6,75.73496070197784
5,56,0,1,1,5,1.445
5,21,0,1,0,0,63.49488500677733
5,29,0,1,0,3,66.26645163848845
5,40,0,0,0,7,9.1890628048726
5,49,0,1,0,6,16.025111415053615
5,50,0,1,0,6,73.55252608561005
5,58,1,0,0,5,63.62827234121879
5,30,0,0,0,2,25.29364279236318
5,31,0,0,0,4,6.415236204200363
5,59,0,0,0,3,16.348819915316994
5,3,0,1,0,3,63.64992988053715
5,35,0,0,0,7,28.344698272697293
5,39,0,0,1,5,65.61517226699561
5,43,0,0,1,1,91.45724358109132
5,17,0,0,0,4,8.45044118755211
5,48,0,0,0,6,31.55574172155486
5,54,0,0,0,2,19.17158846445906
5,46,0,0,0,1,13.489506588282339
5,3,0,0,0,2,5.286698876333491
5,45,0,0,0,6,70.38968441217959
5,58,0,0,0,2,15.290541797065808
5,33,0,0,0,5,4.935334197954006
5,46,0,1,0,1,17.55198072483107
5,57,0,0,0,7,12.510041083521184
5,6,0,0,0,3,-0.025
5,18,0,0,0,7,7.895405135237727
5,30,0,1,1,0,6.322283192016396
5,31,0,1,1,0,76.40864794631861
5,32,0,1,1,0,0.0
5,33,0,1,1,0,68.88836970307003
5,35,0,1,1,6,78.01366735851072
5,36,0,1,1,6,24.765466304180837
5,22,0,0,0,2,17.452248306514125
5,27,0,0,0,7,11.664290094177336
5,49,1,0,0,4,61.8995303019341
5,43,0,0,0,2,34.92164181827755
5,49,0,0,0,4,9.724904988083285
5,27,0,0,0,2,53.09231896226562
5,54,0,0,0,5,53.69059367835395
5,1,0,0,0,5,5.840921999587092
5,3,0,0,0,1,7.77830067448699
5,5,0,0,0,4,1.4450964214658155
5,6,1,0,0,0,0.0
5,7,1,0,0,0,52.887487989415156
5,8,1,0,0,0,0.323645524576733
5,9,1,0,0,0,59.213044112726536
5,10,1,0,0,0,63.95683419215228
5,13,1,0,0,2,-0.020000000000000004
5,14,1,1,0,0,54.51148865394207
5,15,1,1,0,0,65.73218166787613
5,16,1,1,0,0,0.005397541992383799
5,17,1,1,0,0,59.82218126009468
5,18,1,1,0,0,63.168107855054444
5,19,1,1,0,0,67.07861651749025
5,20,1,1,0,0,71.69442776304656
5,21,1,1,0,6,75.67865522040574
5,22,1,0,0,0,0.0
5,23,1,0,0,0,54.60819162993824
5,24,1,0,0,5,61.921407243193165
5,35,1,0,0,5,65.24997236504468
5,50,1,0,0,5,72.21785374756311
5,6,0,0,0,7,-0.14250000000000002
5,33,0,1,0,0,0.0
5,34,0,1,0,0,70.54671429999223
5,35,0,1,0,0,74.01082527512858
5,36,0,1,0,0,5.8299024472039385
5,37,0,1,0,0,58.87193643750895
5,50,1,1,0,2,84.20914754484768
5,0,0,1,1,0,14.847722329832205
5,1,0,1,1,0,0.0
5,2,0,1,1,0,38.87852802768177
5,3,0,1,1,0,66.1514980719495
5,7,0,1,1,5,85.35774118062992
5,8,1,1,0,0,58.37731155561662
5,9,1,1,0,0,61.80030690929577
5,10,1,1,0,0,67.51000916484588
5,11,1,1,0,1,-0.005000000000000001
5,12,1,1,0,0,16.11692426949618
5,13,1,1,0,0,35.32553543642203
5,7,0,0,0,6,6.51133704206581
5,14,0,0,0,4,5.775317364736388
5,25,0,0,0,4,13.508585759551195
5,26,0,0,0,5,18.390912442693843
5,37,0,0,0,7,16.81128390442445
5,41,0,0,0,3,23.804497089056802
5,49,0,0,0,1,19.578794637942885
5,50,0,0,0,6,14.294122832976667
5,57,0,1,0,7,72.01601756530168
5,16,0,0,0,2,20.28790683183696
5,27,0,0,0,3,22.50367866289181
5,36,0,0,1,6,-0.07
5,38,0,0,1,2,80.55810695639369
5,46,0,0,0,5,10.047281185637484
5,56,0,0,0,7,13.305881210147191
5,28,0,0,0,4,10.053924322022953
5,34,0,0,0,1,9.077250470753913
5,46,1,0,0,7,80.26902297975546
5,47,1,0,0,5,78.75935591321075
5,9,0,0,0,1,10.746469789717313
5,10,0,0,1,0,53.04782512527433
5,11,0,0,1,0,55.816648419289194
5,12,0,0,1,0,0.14012500000000003
5,13,0,0,1,0,0.0
5,14,0,0,1,0,2.396808368244105
5,15,0,0,1,0,28.365322069422188
5,16,0,0,1,0,3.106641342163005
5,17,0,0,1,0,0.06363099214883529
5,18,0,0,1,0,4.593819709428883
5,19,0,0,1,0,19.485800854638995
5,20,0,0,1,0,35.002397791876206
5,32,0,1,1,2,81.21306936594893
5,45,1,1,0,0,83.74142855804911
5,43,0,0,0,3,30.194783331118487
5,47,0,0,0,5,6.068808624221103
5,57,0,0,0,4,45.28836191273713
5,40,0,0,0,2,15.11782515998609
5,0,1,1,1,0,37.48876438951043
5,1,1,1,1,0,115.13307824069825
5,2,1,1,1,0,122.58621830169152
5,3,1,1,1,0,6.74011261752644
5,4,1,1,1,0,7.633081549861432
5,5,1,1,1,0,0.0
5,6,1,1,1,0,0.039935624999999995
5,7,1,1,1,0,61.7243534642881
5,8,1,1,1,0,0.0
5,9,1,1,1,0,0.0
5,10,1,1,1,0,0.0
5,11,1,1,1,0,0.0
5,12,1,1,1,0,0.0013192964984375002
5,13,1,1,1,0,0.06903692700739572
5,14,1,1,1,0,0.8594488509773701
5,15,1,1,1,0,6.902502624982206
5,16,1,1,1,5,30.14582299808418
5,59,0,0,0,2,11.49068250487937
5,7,0,0,1,0,42.96214818635606
5,8,0,0,1,0,46.29986007247412
5,9,0,0,1,0,49.91138975879978
5,6,0,0,0,2,10.050287818476738
5,18,0,1,0,4,-0.05
5,33,0,0,0,1,3.360031764178487
5,20,0,0,0,7,14.907804476377924
5,39,0,0,0,1,19.069757805270804
5,41,0,0,0,2,27.689384481863076
5,44,0,0,0,5,31.588848030923305
5,4,0,1,1,1,71.56020909399768
5,22,0,1,0,3,67.36695804365513
5,23,0,0,1,0,48.755445027099555
5,24,0,0,1,0,56.53379054586784
5,25,0,0,1,0,0.30234888654663106
5,51,0,0,0,6,23.546869491807357
5,53,0,1,0,3,70.03678616202946
5,59,0,0,0,7,17.718333902191674
5,7,0,0,0,7,4.057233849843078
5,11,1,0,0,7,69.84195575115608
5,49,0,1,0,0,0.16350463062499998
5,52,1,0,0,1,12.161619577807691
5,53,1,0,1,0,12.225773132614261
5,54,1,0,1,0,59.34327521288588
5,55,1,0,1,0,0.0
5,56,1,0,1,0,0.0
5,57,1,0,1,0,82.34611697261795
5,58,1,0,1,0,87.23845305360935
5,59,1,0,1,0,87.82325996637542
5,0,1,0,1,0,0.0
5,1,1,0,1,0,0.46842968878013996
5,2,1,0,1,0,7.523410613349824
5,3,1,0,1,0,0.0
5,4,1,0,1,2,-0.020000000000000004
5,5,1,0,1,0,17.583792140773575
5,6,1,0,1,0,52.86787142854692
5,7,1,0,1,0,82.62022653930421
5,8,1,0,1,0,0.017824459259242406
5,9,1,0,1,0,1.5018969606675676
5,10,1,0,1,0,7.915172415374135
5,11,1,0,1,0,23.607777125584185
5,12,1,0,1,0,63.335468555543386
5,13,1,0,1,0,0.0
5,14,1,0,1,0,0.00036445697367070595
5,15,1,0,1,0,0.0053167398367437845
5,16,1,0,1,0,0.07187426604368802
5,17,1,0,1,0,0.3998536673029666
5,24,1,0,1,6,51.552853305135216
5,25,1,1,1,0,0.01474194687722876
5,26,1,1,1,0,0.12772840002890207
5,27,1,1,1,0,0.8576408394867292
5,28,1,1,1,0,4.616583310600393
5,29,1,1,1,0,18.5279605296158
5,30,1,1,1,0,48.808540697923306
5,31,1,1,1,0,68.71947636145912
5,32,1,1,1,0,0.002116640422224087
5,33,1,1,1,0,8.500219512056942
5,34,1,1,1,0,36.5968296751513
5,35,1,1,1,0,0.9458858273934199
5,36,1,1,1,0,38.4074826159316
5,37,1,1,1,0,55.80056200694888
5,38,1,1,1,0,71.20252849964733
5,57,1,1,1,4,9.265317887165892
5,5,0,0,0,2,0.7116149191756733
5,13,0,0,0,1,4.13025439213998
5,17,0,0,1,2,-0.020000000000000004
5,22,0,1,1,6,1.4300000000000002
5,23,1,1,1,0,3.1130771985061314e-06
5,24,1,1,1,0,0.0007759274371025621
5,54,1,1,1,2,1.4800000000000002
5,55,1,0,1,7,92.6622562785989
5,42,0,0,0,2,25.370879299305702
5,48,0,1,0,6,17.189207910926044
5,5,0,0,0,5,7.8610076155536515
5,29,0,0,0,1,3.4006993736325257
5,47,1,1,1,5,97.49488694409686
5,0,1,0,0,0,2.188195046009244
5,1,1,0,0,0,40.55576153457435
5,2,1,0,0,0,42.64131757584323
5,3,1,0,0,0,43.99534872329833
5,4,1,0,0,0,45.32117172997447
5,5,1,0,0,0,49.48487246968974
5,14,0,0,1,7,58.833069190296214
5,52,0,0,0,1,3.8836483069416063
5,36,0,0,0,2,25.541328783987517
5,1,0,1,1,1,47.317275626742486
5,4,0,0,1,0,16.20830738935022
5,5,0,0,1,0,27.129543001702817
5,6,0,0,1,0,37.037271417380396
5,13,0,0,1,3,71.81565461997174
5,51,0,0,0,5,24.150579371388346
5,54,0,0,0,6,17.40180497828228
5,4,0,0,0,6,46.074938388307416
5,30,0,0,0,7,50.06362098858135
5,33,0,0,1,7,71.39493610214551
5,44,0,0,0,3,39.182739181829454
5,52,1,0,0,6,20.895531884301974
5,55,0,0,0,5,47.716037565301086
5,57,0,0,0,1,16.852772113186983
5,2,0,1,0,1,0.5688258875
5,7,0,1,0,2,53.9421468837831
5,14,0,1,0,4,14.090265460738582
5,27,0,1,0,2,8.735381045933318
5,51,0,0,0,4,51.86341094339359
5,56,1,0,0,2,12.166331003997918
5,28,0,1,0,5,9.16300629033707
5,38,0,1,0,4,7.553145867867642
5,47,0,0,0,2,17.467419779006313
5,49,0,0,0,5,56.11227567243197
5,57,0,1,0,4,2.3204251586182885
5,14,0,1,0,6,58.515537882421626
5,21,1,1,0,7,2.9250000000000003
5,22,1,0,0,4,60.47263261481369
5,25,0,0,0,2,15.332739829602264
5,58,1,0,0,1,-0.005000000000000001
5,58,0,0,0,3,13.461087691196983
5,59,0,0,1,4,4.989152655049886
5,10,0,0,0,5,20.10435647592856
5,21,0,1,1,5,47.33390035865643
5,22,0,1,1,3,34.73501392757189
5,33,0,0,0,6,7.685144122130642
5,45,0,0,0,7,32.74683953961788
5,13,0,0,0,2,13.132602893986931
5,38,0,0,0,2,16.949543396390215
5,47,0,1,0,5,6.72124880277863
5,49,1,1,1,4,9.94637034623334
5,52,0,1,1,4,-0.049879453075
5,32,1,0,0,1,-0.005000000000000001
5,45,1,0,1,6,87.01906473845753
5,4,1,0,1,0,0.6718803655079377
5,13,1,0,1,6,67.30005047509643
5,23,0,1,1,3,69.78836578491939
5,41,0,0,0,6,20.76537728831236
5,46,0,1,0,0,26.585444339939745
5,58,0,0,0,7,28.85657794910236
5,24,0,1,0,7,60.45706379533192
5,54,0,0,1,5,1.9733544281899063
5,3,1,0,1,3,52.11466075598094
5,31,0,1,0,1,13.526178210303094
5,32,0,1,0,0,69.70646747686443
5,36,0,1,0,6,79.64765890200997
5,40,0,0,0,4,22.97132131464532
5,42,1,0,0,7,77.62142447512018
5,57,0,1,0,1,-0.005000000000000001
5,12,0,0,1,3,59.87826135231437
5,51,0,0,0,3,8.381587015993187
5,57,0,1,0,3,10.987437875371752
5,21,1,0,0,0,49.08691697243426
5,27,1,0,0,1,4.460396595574764
5,6,1,0,0,6,3.0611945071261344
5,21,0,0,0,1,-0.004600686391872948
5,26,0,0,0,1,11.740186794441948
5,56,1,0,0,5,65.02725949546681
5,44,1,1,0,0,62.5800851960723
5,4,0,0,0,4,2.4406643362336724
5,23,0,0,0,4,49.8614408161682
5,24,1,0,0,2,6.013668628258923
5,53,0,0,0,1,25.829368946921214
5,47,0,1,0,7,1.8756552120849415
5,18,0,0,0,4,7.4427564010045835
5,30,0,0,0,1,19.588985511764875
5,37,0,0,0,4,16.588098097212573
5,52,0,0,1,7,73.53659309807652
5,48,0,1,0,4,3.1595244340639166
5,52,1,0,1,2,-0.020000000000000004
5,54,1,1,1,7,66.3975068210454
5,8,0,0,0,3,8.551472756729495
5,15,0,0,0,3,11.592073545634825
5,17,0,1,0,2,56.56805525048922
5,22,0,0,0,5,8.190252005321799
5,27,0,0,1,3,57.20497063659093
5,53,1,0,0,1,3.9589329980366554
5,57,0,0,0,5,14.12541971167497
5,24,0,0,0,4,6.9205118629801206
5,25,1,0,0,3,-0.025
5,24,1,1,0,0,2.483429622003732
5,25,1,1,0,0,22.608712098367214
5,14,0,0,0,7,3.0728174025135053
5,3,1,0,1,2,-0.020000000000000004
5,8,1,1,1,7,84.83956676556988
5,40,0,1,0,7,2.3682819891134996
5,2,0,0,0,3,53.74011601741565
5,28,0,0,0,7,13.750722656335023
5,57,0,0,1,1,59.20438331681519
5,20,1,1,0,7,7.837920145101366
5,34,0,0,0,6,24.076758851143396
5,48,0,0,0,5,35.02549534663544
5,36,0,0,0,1,49.24007769123691
5,51,1,1,0,2,16.959892949052765
5,48,0,1,0,7,28.94363740894493
5,57,0,0,0,3,12.935095264969503
5,56,0,0,1,4,16.105328937355296
5,54,1,0,0,4,63.51837456739031
5,17,0,0,0,5,12.588777405773266
5,58,0,0,0,4,26.765487023506836
5,33,0,1,0,7,81.3327179082854
5,2,0,1,0,2,1.4800000000000002
5,14,0,0,1,5,1.445
5,15,1,0,0,0,0.0885594376511433
5,16,1,0,0,0,20.357287959931252
5,18,1,0,0,5,41.47473750052061
5,35,0,0,0,5,9.794490809561916
5,40,0,0,0,6,28.394643848448588
5,59,0,0,0,1,21.25509905593366
5,58,0,0,0,1,21.542603387905125
5,49,0,1,0,2,21.226300103643283
5,18,1,1,0,1,0.07954637205492476
5,25,0,0,0,1,18.48073471337037
5,28,0,1,0,7,24.440477110865167
5,38,0,0,1,3,13.709451018658552
5,44,0,1,0,3,2.2683833860382943
5,55,1,1,0,3,85.39149296563177
5,11,1,1,0,0,0.10439540225991353
5,51,1,0,0,5,9.279343953657161
5,41,0,1,0,1,5.774579340022124
5,25,0,0,1,3,62.77794867442857
5,27,0,0,0,5,22.21275720785495
5,31,0,1,0,3,28.15418886085364
5,45,0,0,0,5,22.701676573146468
5,37,0,0,0,6,19.07644781480574
5,54,0,0,0,1,12.82926951186098
5,39,0,0,0,3,18.567139405192542
5,36,1,1,0,4,1.4531733524374204
5,48,0,0,0,1,12.474531762008219
5,54,1,0,0,3,6.819486977852613
5,55,1,0,0,7,12.87651461760274
5,25,0,0,0,7,6.199634876290174
5,58,0,0,0,5,12.090416024397054
5,16,1,1,0,4,69.32345122981543
5,35,0,0,0,2,18.165598686193693
5,36,1,1,0,6,88.43766731558671
5,13,0,0,0,4,3.9730889789505115
5,14,1,0,0,0,32.7313646098786
5,21,0,0,0,3,23.7989130426752
5,44,0,0,0,2,32.955788859437696
5,59,0,0,0,4,14.022969098160297
5,35,1,1,0,3,80.39416897987385
5,49,0,0,1,6,-0.06451277672214549
5,40,0,0,0,5,11.440137174299416
5,49,0,0,0,6,21.37952754250162
5,0,1,0,1,3,82.15113005125242
5,9,0,1,0,1,-0.004724037217304871
5,28,0,1,0,3,15.239439814906426
5,53,0,0,0,2,11.970425843208227
5,34,0,0,0,5,23.64961697303356
5,40,1,1,1,5,96.29325047666111
5,58,0,0,0,6,11.61451809742076
5,41,0,0,0,7,25.337247282789093
5,11,0,1,0,1,8.686231906209315
5,59,0,0,0,5,26.790385088417064
5,29,1,0,0,3,-0.025
5,40,0,1,0,6,2.809017682967457
5,45,0,1,0,2,15.134226437473394
5,55,0,0,0,7,16.010234169865647
5,56,1,0,0,4,20.23104511969547
5,37,0,0,1,2,-0.020000000000000004
5,57,0,0,0,6,14.97221169775348
5,47,0,0,0,6,16.59184229129771
5,0,0,0,0,3,4.220248362071139
5,34,1,1,0,5,85.47504764656216
5,6,1,0,0,7,55.45104982077296
5,10,0,0,0,2,7.772961987003118
5,35,0,1,0,5,7.863954508897671
5,20,1,1,0,6,13.795080252068463
5,29,0,1,1,0,32.839918513311275
5,56,0,0,0,1,4.294718361608193
5,13,0,1,0,1,5.427205296198391
5,49,0,1,0,5,27.195720874490984
5,7,1,1,0,0,55.78586727156033
5,11,1,1,0,6,73.45177413712618
5,29,0,1,0,5,10.420490067368865
5,31,1,1,0,1,-0.004849500506472026
5,45,0,0,0,2,19.55527226896551
5,12,0,0,0,1,22.966598580955335
5,30,0,1,1,5,69.39148115492615
5,32,0,0,0,4,21.556799122634008
5,5,1,1,1,3,56.275538317254544
5,34,0,0,1,7,55.40056366087419
5,2,0,0,1,3,65.00470325278216
5,12,0,0,0,3,39.71287977492411
5,33,1,0,0,3,7.53356419471351
5,7,0,1,0,3,13.288658505950872
5,30,0,0,1,2,60.14448357424423
5,48,1,1,0,6,6.988630583624349
5,57,0,0,1,6,0.46592382777499997
5,16,0,0,0,4,3.0676719895457647
5,44,0,0,0,1,25.545180620317286
5,13,0,0,1,2,-0.020000000000000004
5,15,0,1,1,3,77.01489243060317
5,13,0,1,0,3,11.581609482326614
5,37,0,0,1,4,8.223244697281157
5,7,0,1,1,3,9.84576100845588
5,45,0,0,0,1,21.23163005957982
5,14,0,1,0,7,19.891679905684725
5,17,0,0,0,6,8.60304860713934
5,41,0,0,0,1,25.859071196815638
5,42,0,0,1,2,88.65533777020524
5,50,1,0,0,2,8.113364506456051
5,35,0,0,0,4,13.9298096131237
5,10,0,0,0,1,11.07704690537134
5,21,0,0,0,6,11.285584848017825
5,38,1,1,0,2,89.91099754119098
5,24,0,1,0,2,2.0810978420410744
5,30,0,0,0,5,10.003323248452599
5,2,0,0,0,7,1.304877274636081
5,32,0,0,0,3,24.159747183609184
5,38,0,0,0,7,11.48425761143655
5,56,1,0,1,3,83.84209580333595
5,56,0,0,0,6,5.4316288527182905
5,8,0,1,0,6,53.98069188873597
5,23,0,0,0,2,19.75251097285188
5,35,0,0,0,6,13.570493501920373
5,55,0,0,0,4,13.1837221075412
5,0,0,0,0,4,10.330827306031953
5,42,0,0,0,4,14.402247175473454
5,36,0,0,0,4,21.502940063733018
5,19,0,1,1,5,36.77735977892194
5,22,0,1,0,1,3.894714169540923
5,47,0,1,1,1,1.495
5,59,0,1,1,5,59.64293832869612
5,32,0,0,0,2,12.006530570685815
5,9,0,0,0,5,8.055608755434815
5,34,0,0,0,2,28.51083890691354
5,44,0,0,0,6,39.02585721335289
5,46,1,0,0,3,7.2557095067032575
5,22,0,0,0,3,26.24604297333103
5,37,0,0,1,7,1.6293585404723707
5,47,0,0,0,7,19.139266317444424
5,26,0,0,0,3,17.42351820797492
5,58,1,0,0,4,10.049701682464072
5,33,1,0,0,7,9.87652302968883
5,44,0,0,0,7,31.03716167741733
5,37,0,0,0,3,24.043311320696944
5,36,1,0,0,2,0.017262542814370434
5,47,0,0,0,4,26.857371615854596
5,0,0,0,0,7,5.358724218159068
5,49,0,0,0,2,17.12704196681161
5,14,0,1,0,2,5.090917510221393
5,44,0,1,0,7,1.4383118750000001
5,47,0,0,0,1,17.033735832652024
5,9,0,0,0,3,8.782658896423193
5,23,0,0,0,1,5.974372621438722
5,38,0,0,0,4,21.17051546201994
5,28,0,0,0,2,12.026606740845935
5,12,0,1,0,3,1.4807504615267044
5,20,0,0,0,2,16.11590172249547
5,52,0,0,0,3,15.002234687392823
5,20,0,0,0,3,13.790045678202649
5,21,0,1,0,6,9.430470149807496
5,0,0,0,0,6,12.100986158774207
5,1,0,0,0,3,20.375447650984942
5,13,0,1,0,7,26.098306809962747
5,29,0,0,0,5,3.045573456685484
5,49,1,0,1,7,96.96280056770246
5,37,0,0,0,5,20.30574059978117
5,6,1,1,0,0,12.99716345491569
5,1,0,1,0,5,-0.05500000000000001
5,2,1,1,0,0,0.046265799119771446
5,3,1,1,0,0,30.782268720367068
5,4,1,1,0,0,63.45411761144793
5,5,1,1,0,0,79.16216944667673
5,30,0,1,0,3,9.87938907755752
5,46,0,1,0,3,30.084882938044156
5,14,0,1,0,5,5.218651390459625
5,29,0,0,0,4,5.866311816803096
5,45,0,1,0,4,2.695466946371947
5,26,0,0,0,7,13.814277490113689
5,46,0,0,1,1,2.9440562817595004
5,56,1,0,0,7,22.084699355642503
5,0,1,1,0,0,24.443653119399208
5,1,1,1,0,0,50.78186963357595
5,34,0,0,0,3,18.57213795523686
5,47,0,0,0,3,24.69696498384874
5,15,0,0,0,1,11.517203414308508
5,39,0,0,0,5,20.92452405400835
5,58,1,0,0,7,11.54342079112699
5,59,1,0,0,7,73.35376822570916
5,28,0,1,0,1,17.184171187024123
5,22,0,0,0,4,15.03531715929931
5,1,0,0,0,7,2.198697347412316
5,2,0,0,0,4,0.6660155676492394
5,9,0,0,0,2,6.595565960882821
5,20,0,0,0,5,19.02651065387822
5,51,0,0,1,1,21.941436593744147
5,22,1,1,0,0,27.781679181218337
5,23,1,1,0,0,0.0
5,43,0,0,0,1,36.052125057647764
5,41,0,1,0,5,8.557560449544464
5,43,0,1,1,7,79.14654979825922
5,29,0,1,0,2,20.53327183294472
5,50,1,1,0,6,11.284226503195525
5,2,0,1,0,4,-0.05
5,38,0,1,0,6,2.4937986699862584
5,16,0,0,0,3,4.514230911805275
5,22,0,0,0,1,7.202039104237763
5,18,0,0,0,3,11.004598675596416
5,45,0,1,0,6,15.774470920336078
5,55,0,0,1,5,7.7619774868347875
5,38,1,0,0,7,8.964012353716823
5,6,0,1,0,6,12.718571819102076
5,49,0,0,1,5,3.9269803050790637
5,53,0,0,0,6,22.825020397734384
5,53,1,1,0,1,8.437738328171399
5,23,1,1,0,4,49.19187440245877
5,48,0,0,1,7,90.34276508115042
5,10,0,0,0,7,20.84491962333584
5,14,0,0,0,2,6.045195724072038
5,40,1,1,1,1,3.223996384636648
5,3,0,1,0,5,13.746676530239526
5,42,0,0,0,5,13.536706621490419
5,0,0,0,0,5,17.796071475441806
5,18,0,0,0,1,7.652100069486236
5,14,0,1,0,3,16.229448797597918
5,19,0,0,0,1,19.791425147846102
5,9,1,0,0,2,0.61359013066605
5,22,0,0,0,7,11.762176703073797
5,28,0,1,0,2,7.828306977309441
5,1,0,0,0,4,12.437291318056001
5,24,1,0,0,6,18.201084054277583
5,38,0,0,0,1,14.646403781098956
5,47,1,1,0,1,7.018852842757691
5,40,0,1,0,2,13.35420812180426
5,28,0,0,0,6,10.858413921820787
5,47,1,0,0,1,10.173767711324526
5,50,0,0,0,4,10.033650973207088
5,34,0,0,0,7,18.497073324638578
5,14,0,0,0,1,4.884508309435058
5,11,0,0,0,4,6.397420411262169
5,39,1,0,0,4,3.4075654189364943
5,12,0,0,0,6,14.86110404991189
5,45,0,0,0,3,32.6523131746074
5,46,0,0,1,7,2.389786185083766
5,15,1,0,0,5,53.12052611808999
5,30,0,1,0,2,5.4518380411513
5,40,1,1,1,2,1.4810208498511253
5,55,0,0,0,6,29.242525435858227
5,12,0,0,0,5,6.100653206054878
5,5,0,1,0,1,4.503184167348261
5,10,0,1,0,3,6.110637930162834
5,36,0,1,0,1,2.4652927227464057
5,35,0,0,1,3,38.743211658982766
5,38,0,0,0,3,22.787941310919766
5,35,0,0,0,1,12.589951461262771
5,32,0,0,0,1,28.181325211711794
5,58,1,0,0,3,6.59243845821451
5,3,1,1,1,6,130.7104785382215
5,4,1,1,1,3,107.55221108499245
5,37,0,0,1,1,17.34234690801087
5,51,0,0,1,3,20.56996461768725
5,51,0,0,0,7,9.071895930969198
5,49,0,1,1,5,84.19458762893225
5,7,0,0,0,4,0.11989427477162995
5,41,1,1,0,1,3.198570394788239
5,0,0,1,0,3,8.692890277568344
5,43,0,0,0,4,32.17336077579945
5,15,0,0,0,4,7.527995514470387
5,36,0,0,0,7,8.79323950209831
5,48,0,1,0,3,13.071386294966832
5,31,0,0,1,4,8.087884636167331
5,29,0,0,0,3,10.786321915525726
5,36,1,1,0,3,1.7669181252271233
5,51,1,0,0,1,8.570713324150994
5,59,1,0,0,2,-0.019987740578221586
5,6,0,1,1,6,1.541819810716238
5,23,0,0,0,3,11.344136099361148
5,48,0,0,0,4,14.45586753262652
5,59,0,0,0,6,19.886900220175008
5,1,0,0,0,6,8.922052609769315
5,19,0,0,0,6,16.429237208181597
5,55,1,0,0,2,16.163348436748137
5,55,1,0,1,5,9.975997929552014
5,3,0,0,0,5,-0.05500000000000001
5,43,0,0,0,7,8.242246922945581
5,33,0,0,0,3,13.785582162938894
5,53,0,0,0,4,31.320559684466694
5,12,0,1,0,7,5.619905123296155
5,28,0,1,1,1,1.4981507193846975
5,31,0,1,0,0,14.884072257761492
5,15,0,0,0,2,19.266580895029882
5,46,1,1,0,5,3.382942454563313
5,17,0,0,0,2,5.539201180459708
5,13,0,0,0,3,4.561385608563688
5,27,0,0,0,1,14.403192482301403
5,4,1,0,0,4,1.478400296073887
5,32,0,0,1,1,10.753118459034074
5,19,0,0,0,7,14.666306026953176
5,48,0,0,0,7,20.254608422455608
5,45,1,1,0,4,4.8056611322301706
5,19,0,0,0,2,12.456666814490605
5,15,0,0,0,5,7.516948752614795
5,11,1,1,0,7,3.207625
5,16,0,0,0,5,7.870714354640544
5,20,0,0,0,6,17.661868429522602
5,22,0,1,0,5,0.5387026329461467
5,49,0,0,1,4,-0.05249316277484303
5,3,0,0,0,4,23.13638493406086
5,42,1,1,0,4,7.875039491672146
5,15,1,1,0,6,7.590983943910713
5,25,0,0,0,6,7.441127823679964
5,26,0,1,0,6,2.696837661790641
5,27,0,0,0,4,16.781941745261094
5,57,0,0,1,5,5.2035845309989925
5,51,0,0,1,4,14.710460328986995
5,7,0,0,0,2,0.30537364111998316
5,6,0,1,0,4,13.748441917442127
5,56,1,0,1,7,15.999786830984483
5,50,1,0,0,3,2.427284866364038
5,10,0,0,0,3,10.768630169349615
5,52,1,0,1,0,0.0025117520437932268
5,33,0,1,1,4,0.234223004394132
5,11,0,1,0,5,1.3741274807994024
5,39,0,1,0,2,9.303665366541734
5,43,1,1,0,0,18.17774526355068
5,17,0,0,0,3,10.793329993598334
5,39,0,0,0,4,37.77999314985236
5,50,0,0,0,3,5.8001435002771675
5,48,0,0,0,2,18.64780429807118
5,20,0,1,0,6,7.996636687906154
5,24,0,0,0,1,19.05782154175194
5,53,0,0,0,5,20.10375420891697
5,55,0,0,1,3,9.951137888208827
5,31,0,1,0,5,18.543423727477258
5,55,1,0,0,6,10.695232269202961
5,46,0,1,0,5,14.407769086686692
5,9,0,1,0,5,7.2787086816876485
5,33,0,0,1,5,7.130436443620521
5,34,1,0,0,3,1.7140290718412523
5,7,0,1,0,5,22.997843435264702
5,22,0,0,0,6,26.83911111122072
5,31,0,0,1,3,2.4394069279869814
5,4,0,1,0,1,1.8053414982794764
5,5,0,1,0,6,8.148743702489558
5,46,0,0,0,3,17.080930677472594
5,31,0,0,1,7,13.829367478424722
5,52,1,0,0,5,9.73992162961771
5,0,0,0,0,1,16.49227165184701
5,50,0,1,0,4,3.1280985226969658
5,27,0,0,0,6,13.651132503523845
5,24,0,0,0,7,9.56817101307989
5,28,1,1,0,6,73.66958276444122
5,59,0,1,0,7,2.3641068526757794
5,30,1,0,0,6,65.99327088531949
5,43,0,1,0,6,1.5790679400792205
5,11,0,0,0,1,3.4833167160619336
5,5,0,1,0,7,11.402314095842144
5,14,0,0,0,3,6.62991741886505
5,29,0,0,1,1,54.787831039879805
5,24,1,0,0,1,11.376052866717284
5,50,1,0,0,1,11.149458573206289
5,14,0,1,0,1,18.506479987034382
5,36,0,0,0,6,27.636204910732744
5,10,1,1,0,3,4.704127674864214
5,12,0,1,0,4,3.152288902004882
5,33,0,0,0,2,31.548998122214414
5,11,0,0,0,2,8.59132300985306
5,39,0,0,0,2,13.736153126381886
5,37,1,1,0,2,2.767147605426124
5,52,0,0,1,1,12.283622832322504
5,7,0,1,0,7,13.991639515464449
5,47,1,0,0,4,10.724343011942977
5,21,0,0,0,5,17.179130517003646
5,52,0,0,0,2,16.95616119235888
5,50,0,0,0,5,23.9719085833496
5,8,0,1,0,7,1.53447560211883
5,41,1,1,0,4,3.120044931390031
5,39,0,1,0,1,5.852730565556158
5,32,0,0,0,5,24.02651207521787
5,57,1,0,0,2,10.077216475194948
5,26,0,0,0,4,27.97895488862469
5,49,0,1,0,4,17.093318106828924
5,40,0,0,0,3,27.27406205045989
5,42,0,0,0,7,21.832987463051047
5,9,1,1,0,5,9.827345206947678
5,42,0,0,0,1,16.053170113453064
5,11,1,1,0,5,3.4257989830015507
5,37,0,0,1,6,2.498583622801874
5,13,0,0,0,5,3.1494709145091693
5,25,0,0,1,7,1.4319739758955512
5,37,1,0,0,4,3.411712828573442
5,29,0,0,0,6,22.829808791432985
5,38,0,0,0,5,19.9968372925462
5,55,0,1,0,5,1.7328866247739303
5,26,0,0,0,6,27.87753351287594
5,19,0,0,0,4,13.750612710172588
5,55,1,1,0,1,6.819959879743881
5,10,0,1,0,2,8.356883625765452
5,31,0,1,0,2,27.243532348139915
5,47,1,1,1,7,17.78198182675573
5,23,0,0,0,6,25.24101973239859
5,53,1,0,0,3,3.06685948280491
5,13,0,1,0,6,11.426659032528974
5,41,0,1,0,0,18.688103108981036
5,55,1,0,0,3,12.659810143552784
5,54,1,1,1,1,5.091712881627884
5,48,1,1,0,5,11.995587535806722
5,46,0,1,0,4,27.064635813769904
5,38,0,0,1,1,15.936339191904949
5,49,1,1,0,5,5.978300118336296
5,16,0,0,0,7,9.218149974617603
5,43,0,1,0,7,12.095671420334964
5,6,0,1,0,2,22.839378580252397
5,7,0,0,0,5,7.075149492125601
5,43,0,0,0,5,26.495963938266627
5,48,0,0,1,2,1.940016220116636
5,15,0,0,0,6,8.972505507263147
5,30,0,1,0,7,2.779714400908672
5,5,0,1,1,3,5.470921294529217
5,39,0,0,0,6,14.815841102242121
5,28,0,0,0,1,12.864401522694985
5,6,1,1,0,7,81.1012773894323
5,37,0,0,0,1,4.73771828451849
5,49,0,1,0,3,7.659368128988187
5,11,0,0,0,6,12.689923605675721
5,30,0,0,0,3,17.43398921568817
5,54,0,1,0,1,6.218069212650521
5,8,1,0,0,5,59.155061599944226
5,31,0,1,1,3,5.3811951791023525
5,40,1,1,1,4,1.4612128246204996
5,39,1,1,1,6,2.9311798350161946
5,19,0,0,0,3,12.42763427039075
5,20,0,0,1,2,0.6131851817262511
5,2,0,0,0,5,18.37689550478701
5,31,0,1,1,4,1.9966787568716946
5,43,1,0,0,3,9.93447513061691
5,45,1,1,0,1,4.702532100980628
5,0,0,0,1,4,5.6492024064037665
5,6,0,1,0,7,19.442028893089233
5,55,0,0,0,2,5.403121773032565
5,52,0,0,1,2,18.242793102754636
5,46,0,0,0,2,8.956586896591295
5,57,0,0,1,3,2.9128955530453298
5,9,1,1,0,6,5.998806514211326
5,31,0,0,1,2,1.9862384927918784
5,17,0,1,0,7,1.4485394917037853
5,46,0,1,0,6,12.007867759184117
5,24,0,0,0,5,10.807575682183206
5,54,0,0,1,1,3.2788595821862145
5,15,0,1,1,7,2.9250000000000003
5,1,0,0,0,2,19.458636769359288
5,53,0,1,1,6,7.145535452775151
5,5,0,0,0,1,1.5203243227179768
5,10,0,1,0,1,5.5794202532193165
5,6,0,1,0,3,9.287196840019075
5,2,1,0,0,3,0.11512500000000002
5,7,0,0,0,1,3.62035174016556
5,37,0,0,1,5,9.247599519452168
5,58,1,0,0,6,2.1617938290350502
5,44,0,1,0,6,12.48030472987983
5,1,0,0,0,1,12.50802452434275
5,5,0,1,0,5,11.883474284185198
5,41,0,0,1,6,1.3257990161888762
5,5,0,0,0,3,3.9098286130236035
5,15,0,0,0,7,11.859782060845315
5,25,0,0,0,5,22.288225758239452
5,41,0,1,1,6,81.65441568879433
5,50,0,0,0,1,12.139951813111791
5,19,0,0,0,5,13.087350209014549
5,38,1,0,0,3,2.234107016287385
5,6,0,1,0,5,5.930543805276245
5,49,0,0,0,7,9.131682433110253
5,12,1,0,1,2,-0.020000000000000004
5,0,0,0,0,2,9.9477040374286
5,10,0,0,0,4,18.380208748623712
5,17,1,1,1,0,0.0
5,18,1,1,1,0,0.0
5,19,1,1,1,0,0.0
5,20,1,1,1,0,5.784665027141416e-17
5,21,1,1,1,0,9.592262587979716e-10
5,22,1,1,1,0,7.940635142230214e-08
5,17,0,0,1,3,49.319380603351775
5,18,0,0,0,2,24.72692078782633
5,22,0,1,0,6,9.475313434659906
5,9,0,1,0,6,2.9547260111144515
5,4,0,1,1,2,11.643636549512593
5,32,1,1,1,2,73.3828171646085
5,47,0,0,1,5,4.570258623460496
5,56,0,0,0,2,11.076967158357881
5,9,0,0,0,4,13.711932205230829
5,50,0,0,1,7,14.290769626455582
5,46,0,1,0,2,10.252815786859111
5,58,1,0,1,6,2.0942648384523532
5,53,0,0,0,7,16.565890789935363
5,18,0,0,0,5,9.16710487743328
5,5,1,0,0,6,3.888335989210495
5,8,0,0,0,4,6.540242137597881
5,55,0,0,0,3,15.725992421071272
5,4,0,1,0,5,12.492976232190166
5,9,0,0,0,7,5.666774689292532
5,29,0,0,0,7,21.43703970924737
5,32,0,1,0,6,3.3032807688321735
5,56,1,0,0,3,22.756073955285334
5,3,0,1,1,6,3.922043698760166
5,6,1,1,0,4,6.9439734883851845
5,12,0,0,0,2,7.215986427291309
5,8,0,1,0,1,5.371805216463233
5,40,0,0,0,1,19.220432156035514
5,39,0,1,1,0,0.044163900631863984
5,45,1,0,1,3,14.669386994109388
5,52,1,0,0,2,21.81937758471706
5,35,1,1,1,5,73.48415931504219
5,52,1,0,0,7,16.678442505928395
5,34,1,1,0,6,5.271561186559464
5,2,0,0,0,6,21.351313468014528
5,8,1,0,1,1,87.18251213562404
5,11,1,0,1,3,2.561270672669845
5,52,1,0,1,1,4.626985593949363
5,20,0,0,0,1,6.912624499140677
5,25,0,0,1,6,-0.133
5,28,1,0,1,4,19.232416397042144
5,2,1,1,1,4,3.9382370901012993
5,51,1,0,0,4,13.645753458941495
5,51,1,0,0,6,7.735136903777729
5,52,0,1,0,5,1.7135432909053514
5,55,0,1,1,3,11.263757057890286
5,6,0,1,1,1,11.08250051968432
5,3,0,1,0,7,7.2833984479473965
5,50,1,0,0,4,16.31528464085848
5,11,1,1,0,2,1.480000005117291
5,18,1,1,0,4,8.286485645020823
5,15,1,0,0,1,-0.005000000000000001
5,45,1,1,0,3,6.601393320431445
5,41,0,0,1,2,1.8471339925834291
5,44,0,0,1,4,0.7267971180499597
5,55,0,0,1,6,3.1165810837216963
5,15,1,0,0,6,2.9635875931082865
5,53,1,1,0,7,14.537981417941467
5,9,0,0,0,6,14.468685948494645
5,12,0,0,0,4,14.09049244144894
5,32,0,0,0,6,13.430795484404312
5,39,0,0,0,7,27.34389699890309
5,16,1,1,0,2,4.728427168389009
5,49,0,1,1,1,5.719434834376313
5,33,0,0,0,4,8.847221501838384
5,3,0,1,1,4,3.4704930177797118
5,4,0,1,0,2,5.225955923968142
5,47,1,0,0,3,9.542412422210916
5,41,0,0,1,7,4.830439815302853
5,35,0,0,0,3,16.401414271783892
5,57,1,0,0,7,12.362449583383999
5,30,0,0,0,6,18.330928406845658
5,41,1,1,0,5,4.672729025179573
5,54,1,0,0,7,3.1481237721108464
5,12,0,1,0,2,4.50297473841024
5,37,1,0,0,3,2.326865863694744
5,48,1,1,0,1,23.3017936841103
5,40,1,0,0,6,8.397035419587631
5,50,1,1,0,5,19.75974722563159
5,14,0,0,0,5,-0.05499976429563805
5,54,0,0,0,7,23.42222074487207
5,47,1,0,0,6,6.2362214036831105
5,6,0,1,1,3,9.963400851698417
5,23,0,0,0,7,9.309676086430692
5,36,0,0,0,5,30.95703276045854
5,2,1,0,0,7,5.587545891588118
5,31,0,1,0,7,22.268633700207495
5,4,1,0,0,1,2.5882165791641114
5,31,0,0,0,5,9.254614778927984
5,44,0,0,0,4,23.546055220933614
5,54,1,1,0,4,3.335056772541421
5,40,0,1,0,1,4.551572125448591
5,21,0,0,0,7,18.335861396581194
5,55,0,0,1,4,3.984604725027836
5,2,1,1,0,7,69.20483704820053
5,9,1,0,1,3,76.49478299787056
5,51,1,0,0,3,10.337602725491116
5,4,1,1,1,2,3.824009749505411
5,9,0,0,1,1,7.423984447069246
5,57,1,1,0,4,2.074613363940233
5,38,0,1,0,7,5.536224714132739
5,19,0,1,0,4,3.646635525878936
5,7,1,0,0,5,3.191182785046216
5,8,1,0,1,5,9.611837040247053
5,7,1,0,0,4,3.228858809947984
5,17,0,0,0,1,11.235176155878774
5,43,1,0,1,5,7.003568828662091
5,42,1,0,1,5,6.880453696119483
5,9,0,0,1,3,2.7730927365827385
5,32,1,0,0,3,-0.024999858514845007
5,56,0,0,0,4,12.305896798607666
5,1,0,1,0,1,7.9765491175432
5,11,0,0,0,5,6.183016979351219
5,16,0,0,1,1,59.94371905852879
5,0,1,0,0,4,63.098980034927834
5,36,1,1,1,3,5.420663956001879
5,2,1,1,1,7,6.520111160890583
5,13,0,0,0,6,12.3213839577583
5,46,1,1,0,1,16.23299871180538
5,8,1,1,1,2,1.4800000000000002
5,53,1,0,0,2,4.306217217329503
5,8,0,0,0,2,9.216919564828956
5,10,1,0,0,2,4.93567324877008
5,21,0,0,0,2,28.903159093513207
5,31,1,1,0,6,5.322444811641211
5,56,0,0,1,7,11.09652300872216
5,37,0,0,1,3,17.759005975656827
5,6,1,1,0,6,4.732994134119285
5,0,0,0,1,7,7.69458888497441
5,56,1,1,1,7,47.68365821625727
5,16,0,1,0,3,10.826953370032037
5,12,0,1,0,1,11.886838299321056
5,36,1,0,1,1,75.45959025474063
5,7,0,0,1,4,0.3189176577051698
5,9,0,1,0,7,4.14225771640473
5,35,1,1,0,4,13.027212280438306
5,32,1,1,1,3,6.801933418110392
5,41,1,0,1,2,1.2528959804514006
5,24,1,0,0,7,19.934792103038827
5,32,1,1,0,7,5.824415457564976
5,18,0,0,0,6,2.1506725640180626
5,29,0,1,0,6,13.924906467582854
5,32,0,0,1,5,4.002474562504324
5,43,0,0,0,6,44.5270963454179
5,42,0,0,0,3,25.316440878301975
5,31,0,0,0,6,10.981993134869477
5,9,1,0,0,1,2.558915342379345
5,18,0,1,0,7,3.6384590781198427
5,53,1,0,0,6,14.11118068116492
5,38,0,0,1,5,11.159011148127977
5,17,1,1,0,1,2.5203353822332737
5,7,0,1,0,4,12.742609936212686
5,15,1,0,0,3,0.2193007909949225
5,31,0,1,0,4,23.195183503260633
5,47,0,1,0,1,11.811154658892647
5,8,0,1,0,2,12.945865006048159
5,50,1,0,0,6,14.940170664537732
5,0,1,0,1,4,5.767887280434573
5,27,1,1,0,2,4.1010572499090285
5,13,0,0,1,7,5.868701966793169
5,50,0,0,0,2,12.465524178117832
5,45,1,1,0,7,18.1959437867295
5,6,0,1,0,1,7.817337832609618
5,52,0,0,1,6,1.425620764331809
5,5,0,1,0,3,11.235190605747102
5,52,1,0,0,3,5.293417605335346
5,8,0,0,1,7,3.6979613527346924
5,47,1,1,0,7,5.35482559258591
5,38,0,0,1,4,5.4868455048999145
5,8,0,0,0,6,11.168090119621693
5,38,0,0,0,6,17.95915458236616
5,7,0,1,0,1,7.534199351941467
5,42,0,1,0,7,4.860835777783151
5,6,1,1,0,5,4.700483302821325
5,58,0,1,1,4,1.8532343601751144
5,11,0,0,1,5,4.058430463632745
5,42,0,1,0,2,13.028443695812719
5,14,0,0,0,6,6.208723488075338
5,7,1,1,0,4,5.210096925784917
5,20,0,0,0,4,12.944607439340043
5,27,1,0,0,4,10.365582782823441
5,20,0,1,0,7,6.895338847539563
5,55,0,0,1,2,4.226539569579498
5,33,0,0,1,4,5.191548798158894
5,34,0,1,0,1,3.944880263302462
5,11,0,0,1,7,1.4250227878486095
5,55,1,1,0,4,5.711427880861905
5,6,0,0,0,4,1.9814772823665323
5,39,0,1,1,4,13.45419538907191
5,57,1,0,1,5,6.137236921615581
5,10,1,0,0,3,5.523580519592255
5,9,0,1,0,2,4.629339412207047
5,42,0,0,1,3,6.274437020125984
5,51,0,0,1,6,5.141573730170356
5,27,1,0,0,6,5.212287822612135
5,57,0,1,0,6,13.07189043587047
5,58,1,1,1,1,2.960034037777641
5,58,1,0,1,4,5.3553819567592305
5,41,0,0,0,4,36.29529232671593
5,28,1,1,0,1,0.009794724776783722
5,48,1,1,0,4,29.22223383919747
5,34,0,1,0,5,8.955269012590522
5,56,0,0,0,5,11.558960364518105
5,55,0,0,1,1,15.217034488623655
5,33,1,0,0,1,5.078017299277784
5,38,1,0,0,4,18.55304254625061
5,36,0,1,0,2,4.988544580703703
5,1,1,1,1,7,17.914220050227847
5,13,0,1,0,5,10.491856500763046
5,55,1,0,1,2,0.647307405933542
5,28,0,0,0,3,17.496207592647828
5,5,1,1,0,2,18.264169879537587
5,51,0,0,1,2,1.6149254802227195
5,29,0,0,0,2,7.412962875025714
5,22,0,1,0,2,4.9475017423325856
5,55,1,0,1,6,6.072415097974994
5,36,1,0,1,2,0.0015582729831373238
5,5,0,1,0,4,13.872332173111179
5,50,1,1,0,7,3.690890177854067
5,4,0,0,0,7,7.660499086216356
5,49,1,0,0,1,6.061580053694023
5,36,0,1,0,5,3.9218571592196145
5,41,0,0,1,4,5.454317445246112
5,28,1,0,0,4,6.036090901411901
5,0,0,0,1,1,11.863892097623403
5,33,1,1,0,5,12.47823234233904
5,39,1,0,0,5,1.622318029957814
5,32,0,1,1,5,5.478434229556311
5,10,1,1,0,2,24.42110590993777
5,15,0,1,1,2,10.445290314148817
5,37,1,0,0,6,5.704124244944137
5,11,0,1,0,3,14.995337899248039
5,5,1,0,0,2,8.226263703389577
5,9,0,1,0,4,5.339575613903648
5,32,0,0,1,3,4.746571125531955
5,7,1,1,0,5,1.445813054403255
5,33,0,0,1,6,1.308827815260125
5,43,1,0,1,1,7.5880992777976
5,8,1,0,0,7,18.102927712427636
5,5,1,1,0,6,9.96948369436106
5,10,1,1,0,7,8.751911216528503
5,8,0,0,0,5,9.540919686011453
5,24,1,0,0,4,9.572406337996156
5,47,1,1,0,6,17.9421959575643
5,56,1,0,0,1,19.518035471672807
5,5,1,0,0,7,8.013356798150294
5,50,0,0,1,1,6.969176086649468
5,12,0,1,1,6,7.175787871754881
5,31,0,0,1,6,4.950387543384896
5,1,0,0,1,3,6.703832576021421
5,36,0,1,0,4,4.857841041156619
5,52,0,0,1,3,12.432755581714666
5,46,1,1,0,4,14.337749266529848
5,46,1,0,0,1,13.09186484203001
5,50,0,0,1,2,8.511335333622563
5,4,0,1,1,7,7.126837247425636
5,54,1,0,0,5,12.037466635715504
5,42,1,1,0,1,0.18481115563340636
5,59,1,0,0,5,19.267642290597287
5,35,0,1,0,2,7.1031787838589295
5,56,0,1,0,1,16.312049420166783
5,52,1,0,1,4,4.758563026069692
5,38,1,0,0,6,13.667678941608145
5,12,0,0,0,7,13.320738114643817
5,18,1,0,0,1,0.39517204726021987
5,9,1,1,0,7,5.61096192274345
5,15,1,1,0,1,11.362046224739537
5,46,1,0,0,5,6.454557040786738
5,54,1,1,0,3,8.918886212078503
5,8,0,1,0,3,12.749851214128007
5,53,0,1,0,6,5.451225723154569
5,7,1,1,1,2,8.744343008527244
5,24,0,0,0,3,10.801714045020596
5,42,1,0,0,4,6.695631126173893
5,42,1,0,1,1,7.067506087375058
5,29,1,0,0,5,5.0501601855131275
5,50,1,0,0,7,5.307434933926942
5,5,1,1,0,5,8.528788454783998
5,44,1,1,1,1,8.441770921765936
5,30,0,0,0,4,13.266774066623695
5,29,0,1,0,4,12.253462043344488
5,23,0,1,0,3,4.933196224579251
5,5,0,0,0,7,0.7393645400500944
5,3,0,1,0,1,7.804732539137878
5,1,0,0,1,7,7.1049556910261344
5,8,0,0,0,7,6.519280812009434
5,33,1,0,0,2,11.950960220345333
5,33,0,1,1,1,6.206779211191409
5,9,1,0,1,4,1.9909210001379465
5,6,1,0,0,1,6.584763174481513
5,3,1,1,1,3,11.683225060706384
5,26,1,0,0,6,5.662666897948462
5,8,1,0,1,7,2.996586621863979
5,42,1,0,0,5,6.7883749595880705
5,4,0,1,1,3,9.550276733235897
5,57,0,1,0,5,1.1008520160078663
5,4,0,0,0,5,2.2227410707355686
5,52,1,0,0,0,5.374066334705721
5,57,1,1,0,7,6.648646971499485
5,17,0,1,0,1,0.5894592594305746
5,23,0,0,1,2,3.754712105701774
5,50,0,1,0,7,13.684913053045932
5,9,0,0,1,4,3.6980128012014895
5,57,0,0,1,4,10.755910649623186
5,50,0,0,1,6,1.446106075048469
5,49,0,0,1,1,7.012025718873969
5,28,0,1,0,4,10.747905749761994
5,3,0,0,0,3,14.353236808312714
5,34,0,1,1,7,7.6714998183828165
5,35,0,1,0,3,3.223761087723723
5,31,0,0,0,1,3.3532671672360688
5,53,0,1,1,3,7.560754467188068
5,0,0,1,0,6,5.797619793550388
5,34,0,1,1,5,5.508644424230808
5,48,1,1,0,2,6.899338585775069
5,43,0,1,0,5,3.201478280370256
5,48,1,1,0,3,13.43742307199265
5,31,0,0,0,7,4.108664023066818
5,58,1,0,0,2,-0.029905764715679902
5,57,1,0,0,3,6.928169204247219
5,50,1,1,0,1,0.00041136815777136976
5,39,0,0,1,4,1.3465896708912009
5,38,0,1,0,1,5.622354610483376
5,50,0,1,0,5,1.5881129424055858
5,33,0,0,0,7,16.017928346807718
5,37,0,1,0,3,6.756670861474447
5,49,1,1,0,4,8.006271740425495
5,37,1,1,0,1,14.864441980418043
5,39,0,1,1,6,12.695335158751814
5,38,1,0,0,5,12.426649877996812
5,31,0,0,1,1,5.019520588070917
5,24,1,0,0,3,0.47199460007371663
5,51,0,0,0,2,4.165691482610041
5,11,0,0,0,3,2.844816345936272
5,47,1,1,0,5,6.334271779139032
5,9,1,1,0,3,7.283620697234986
5,11,1,1,0,4,5.949589816340675
5,53,1,0,0,5,18.0396589592459
5,50,1,1,0,3,14.383906307959293
5,50,1,1,0,4,8.500577394853162
5,26,1,1,0,4,6.571030503085163
5,33,0,1,0,4,5.626682434806957
5,55,1,0,0,1,11.301700345620244
5,59,0,0,1,2,9.709413427055381
5,56,0,0,1,2,0.33519250502581843
5,40,0,1,1,2,7.476619474777322
5,6,1,1,0,3,8.680796178058811
5,56,1,1,0,1,6.580926391175524
5,14,0,1,1,2,7.832463612524117
5,57,1,0,0,6,9.194212772168743
5,13,1,0,0,0,2.179947943695101
5,34,0,1,1,1,15.990072228700535
5,43,1,0,0,1,7.6508512367310395
5,7,0,1,0,6,5.965711989788982
5,2,0,0,1,4,2.899753071017743
5,11,1,0,0,3,5.500245939011443
5,40,1,0,0,3,20.849164127971953
5,31,1,1,1,1,7.438251980599581
5,39,0,1,0,3,6.199195635062168
5,47,1,1,1,6,7.562000107852413
5,4,0,1,0,3,7.379966758716318
5,0,0,1,0,4,4.961071577506236
5,49,0,0,1,3,5.995993497708372
5,8,0,0,0,1,3.1421052644310627
5,53,0,0,1,2,4.725815232203327
5,15,1,0,0,2,0.9227245226021492
5,17,0,0,1,4,0.09945417347441476
5,13,0,0,1,4,4.991245453958213
5,43,1,0,1,6,9.130962948961768
5,1,1,0,0,2,5.482718978161813
5,15,1,0,0,4,4.403502883450517
5,14,0,0,1,4,1.3415976325299608
5,15,1,1,0,7,2.9250003305414993
5,7,1,1,0,1,8.003353824508606
5,42,1,1,0,2,8.315371966363525
5,44,1,0,0,6,7.626373338390652
5,46,1,1,0,7,16.86575340154574
5,51,1,1,0,7,24.467936887807404
5,21,1,1,0,4,7.278592580407461
5,5,1,1,0,4,6.389105950476154
5,0,0,0,1,6,2.585042843227818
5,45,0,1,0,7,6.587668222180695
5,56,0,0,1,6,11.716720920266093
5,5,0,1,0,2,12.027194408489006
5,43,0,1,0,4,7.448452320877557
5,8,0,1,0,4,3.8456448302370667
5,41,0,1,0,6,7.1582290229044645
5,48,0,1,0,5,7.226334804123221
5,54,1,1,0,7,10.547214931537543
5,46,1,1,0,6,9.464049646769295
5,47,0,1,0,2,15.90813203697982
5,24,1,0,1,2,3.4275027629729724
5,11,0,0,1,4,5.285956920407143
5,5,0,0,0,6,4.8082664389040985
5,41,0,1,0,3,9.3131502686756
5,4,0,0,0,3,4.464833807609383
5,11,0,0,1,6,4.887557378579718
5,59,0,0,1,5,11.953177133482459
5,2,0,1,0,5,16.79814512190279
5,16,0,1,0,2,4.655587258053059
5,53,1,1,0,4,6.414106274052671
5,16,1,1,0,7,10.622092002768227
5,49,0,0,1,7,8.15682322749307
5,36,0,1,0,3,5.6480943360947276
5,49,0,1,0,1,6.6752403843397445
5,58,1,1,0,3,1.4969404642367325
5,26,0,1,0,3,6.131332905254979
5,3,0,0,1,4,-0.05
5,15,0,1,0,2,6.094180887588587
5,57,1,0,1,3,8.79452668088519
5,1,0,0,1,1,7.22727523086857
5,3,0,1,0,6,5.751744266412247
5,31,0,1,1,2,7.681197058021079
5,50,0,0,0,7,5.775393271948049
5,2,0,0,0,1,14.400003993862539
5,46,1,0,0,6,15.638297485401347
5,40,0,1,0,5,12.655687658057397
5,38,1,1,0,1,7.120847931900851
5,1,1,0,0,4,6.590768331686585
5,36,1,0,0,4,7.449190742020872
5,34,1,0,0,4,5.743372671070734
5,33,0,0,1,3,17.374810187491754
5,25,0,1,0,2,5.898783695729475
5,34,0,0,0,4,17.54501091216242
5,2,0,1,0,3,7.1960615584127074
5,2,0,0,1,5,5.498934533896282
5,16,1,1,0,6,4.9951925270047735
5,51,0,0,1,5,13.681138361797846
5,25,0,1,0,6,6.013758543167397
5,49,1,1,0,3,8.48252727779298
5,30,1,0,0,3,4.990854410037493
5,30,1,1,0,1,4.6965073032122735
5,8,1,0,0,3,4.916488170146467
5,57,1,0,1,7,6.547219178125587
5,17,0,1,0,5,1.0030297917966708
5,15,0,1,0,3,6.256672545200439
5,58,1,1,0,5,11.712939092024495
5,41,1,1,0,3,10.082413363380201
5,40,0,1,1,3,8.366109873716344
5,39,1,0,0,7,7.853268510127688
5,55,0,1,0,1,5.920604641325626
5,53,0,1,0,1,5.15868801074356
5,5,1,0,0,4,3.9973694594620603
5,35,1,0,1,3,7.011897789391757
5,13,0,1,0,2,16.643887940663642
5,7,1,0,1,1,12.159404347608307
5,53,1,0,0,7,7.3259453615287216
5,59,1,0,1,4,20.54647751409572
5,3,0,0,1,2,12.83014104688361
5,49,1,1,0,6,7.507416370457363
5,28,1,0,0,7,7.466892204966278
5,10,1,1,0,6,8.865549853103795
5,46,0,0,0,6,12.614793187016044
5,58,1,1,0,1,0.22211467177751834
5,13,0,0,1,6,6.575078907273365
5,33,1,1,0,2,7.0569022513743835
5,29,0,1,0,7,6.988648063081357
5,25,0,1,1,6,1.4303659588877882
5,13,0,1,1,4,6.5940534084183415
5,10,0,0,1,7,5.176559074882882
5,2,0,0,0,2,9.402736212550085
5,3,0,1,0,4,4.344689829377096
5,43,0,1,0,3,17.245825733076078
5,5,1,1,0,1,7.663228230648975
5,49,1,0,0,7,7.667667870225944
5,52,0,0,1,4,4.642579269277199
5,6,0,0,0,5,2.8795674259445345
5,32,0,1,1,1,7.964074574110493
5,56,0,0,1,5,5.9256156032799865
5,4,0,0,0,2,4.890748046448513
5,31,1,0,0,2,6.718543862324373
5,3,0,1,0,2,6.22133435014393
5,57,1,0,0,1,6.131696391935417
5,46,1,1,0,2,8.57070374705295
5,35,1,0,1,5,7.628387248895979
5,37,1,0,0,1,12.703803818593821
5,41,0,1,1,3,8.379395810667754
5,12,0,0,1,1,4.182972356595187
5,41,1,0,1,4,7.919114792534656
5,44,0,0,1,5,7.918907448389494
5,36,0,1,0,7,7.612836898228711
5,9,0,1,0,3,10.743807154533071
5,48,1,1,0,7,17.40693067303688
5,7,0,0,1,5,5.581189875744835
5,19,0,1,0,1,5.543359047492813
5,55,1,0,0,5,10.185124475015602
5,53,0,1,0,7,8.964322509800708
5,54,1,1,0,2,15.823370094838877
5,14,0,0,1,3,4.42334978119113
5,59,1,0,1,6,4.298866178191097
5,3,1,1,1,7,14.220385655199161
5,6,1,1,0,1,5.249426612276268
5,13,1,0,1,7,5.739693958473777
5,22,0,0,1,2,5.539210316877797
5,16,1,1,0,1,5.643975211531982
5,16,0,1,0,5,5.222141510854742
5,59,0,1,0,1,0.8206275277019093
5,51,1,0,0,2,16.137169040109704
5,5,1,1,0,3,5.957569972673806
5,39,0,1,1,2,8.061298511726537
5,23,0,1,1,5,1.5614594060644293
5,46,1,0,0,2,12.665501390182783
5,51,1,1,0,5,7.2722515880525895
5,56,1,1,0,6,7.382060437950409
5,14,0,1,1,6,3.132957049338449
5,56,1,0,1,4,6.77866596763071
5,7,0,1,1,1,1.7317406214111113
5,10,0,1,0,4,4.596878224013525
5,43,0,0,1,4,7.91740716190472
5,58,0,0,1,3,6.473998128524878
5,34,1,0,1,7,10.247490669791985
5,4,0,1,0,6,15.955362580534114
5,49,0,0,1,2,6.150886242734671
5,35,0,1,0,1,6.982978855470636
5,46,0,1,1,3,8.830624040381286
5,38,0,0,1,7,9.015550541120483
5,38,0,1,0,5,7.512037425708001
5,13,0,0,1,1,6.195550251686488
5,44,0,1,0,4,13.274389827529692
5,56,0,1,0,4,6.571614547650636
5,12,0,1,0,6,5.4823440106122066
5,7,1,1,0,7,7.128360202566725
5,20,1,1,0,5,4.8856266864746765
5,2,0,0,1,6,6.5490553478154485
5,4,0,1,1,5,6.080663354523792
5,39,0,1,1,7,24.16870777719025
5,34,1,1,0,4,8.249350264598272
5,6,1,0,0,2,5.313649731858833
5,13,0,1,1,5,6.969990745721259
5,39,0,1,0,6,7.961906599457118
5,46,0,0,1,2,7.337464057392231
5,17,0,1,0,4,4.964387967671264
5,27,0,0,1,2,2.8632305862550083
5,31,1,1,1,4,8.947338770062993
5,59,1,0,1,2,8.73491739284987
5,54,1,1,0,1,15.342239826503757
5,13,0,1,0,4,5.240229971572646
5,44,0,0,1,1,8.270187685636364
5,34,0,1,0,4,7.027754750890772
5,54,1,0,0,1,5.936081298122158
5,7,0,0,0,3,4.172194009898778
5,45,0,1,0,5,14.17862461509203
5,55,1,1,0,6,8.875992657022733
5,5,1,1,0,7,5.762592829448678
5,14,0,1,1,3,7.769404025842391
5,38,1,0,1,1,8.700886837675665
5,34,1,1,0,1,6.982770762564758
5,56,0,1,0,7,7.563096999993585
5,4,0,1,1,6,9.009481428305495
5,53,1,0,0,4,7.0935425044315314
5,42,0,0,1,7,9.44722425951832
5,53,1,0,1,2,5.313495676857375
5,32,0,0,1,6,6.90627523280276
5,3,1,1,1,5,7.476373201792275
5,47,0,1,0,4,6.764170420557448
5,7,0,1,1,4,8.097673918970148
5,34,1,1,0,7,10.09790726942472
5,42,0,1,0,6,2.7396873862628683
5,40,1,1,0,4,8.473062574302832
5,40,1,0,0,7,7.00142734748801
5,30,1,0,0,7,6.986079170668751
5,16,0,1,0,1,5.20886011720652
5,9,1,0,0,4,7.33373486104544
5,23,0,1,0,6,5.745811891734981
5,11,0,1,0,4,4.661974252631033
5,43,0,1,0,2,7.704686584707523
5,32,0,1,1,3,7.052120945486104
5,42,1,0,0,6,7.87553520695779
5,35,0,1,0,7,8.698551863211389
5,15,1,1,0,5,6.553127333807412
5,46,1,1,0,0,6.595468389975827
5,17,0,0,1,5,4.991800352245638
5,32,0,0,1,4,7.381425446360412
5,8,0,1,0,5,3.944952909211731
5,40,1,0,0,4,6.625417064667431
5,56,0,0,0,3,4.246923453843836
5,3,0,0,0,6,4.265694267908937
5,49,1,1,0,7,10.670794800113894
5,35,0,1,0,4,7.260804239271518
5,33,0,0,1,2,6.935526416352187
5,4,0,1,1,4,4.760456109313903
