battery,t_bucket,arr,bp,fever,action,q
10,0,0,0,0,6,139.62084096670608
9,1,0,1,0,7,261.9704101289478
9,2,0,1,0,4,243.895464335819
9,3,1,1,0,4,259.19683285901556
9,4,1,1,0,6,257.9027830884869
9,5,0,1,0,3,250.29262325826437
9,6,0,0,0,6,235.10072811969508
9,7,0,1,0,2,244.44543733530878
9,8,0,0,0,4,228.476378687223
9,9,1,0,0,6,245.61026676066714
9,10,0,0,0,0,228.72649936491302
9,11,0,0,0,0,227.77898465932762
9,12,0,0,0,6,231.30177153738688
9,13,0,0,0,7,244.09090767199558
9,14,0,0,0,0,229.89834592231315
9,15,0,0,0,3,238.54876895168513
9,16,0,1,0,6,245.16494281805575
9,17,0,1,0,3,248.05933191769012
9,18,0,0,0,4,234.47725050807315
9,19,1,0,0,0,241.84289894803072
9,20,1,0,0,2,244.7235645879897
9,21,1,0,0,6,249.39518020371182
9,22,0,1,0,0,240.26487718318563
9,23,0,1,0,4,244.83482517373932
9,24,0,1,0,2,244.69738849325842
9,25,0,1,0,2,246.9401762297381
9,26,0,0,0,4,227.53132300806433
9,27,0,0,0,4,227.49625103672707
9,28,0,0,0,4,230.37190746661562
9,29,1,0,0,6,245.00768537357735
9,30,1,1,0,1,254.74872563545767
9,31,1,1,1,0,269.908111021939
9,32,1,1,1,1,270.33854155435915
9,33,1,1,0,0,257.19442544285266
9,34,1,1,0,3,259.53768408758526
9,35,1,0,1,3,256.8531266016732
9,36,1,1,0,2,258.95388520606025
9,37,1,1,0,1,256.5715175829869
9,38,1,1,1,0,271.6395412964534
9,39,1,1,1,0,269.12403117160414
9,40,1,1,1,4,270.47039569127793
9,41,0,1,1,4,256.0059425994828
9,42,1,1,1,6,275.4424304848226
9,43,0,0,1,7,239.09181195262195
9,44,1,0,0,1,244.87944466115408
9,45,1,0,0,7,259.9949958604418
9,46,1,0,0,5,241.6446782800414
9,47,0,0,0,1,230.14599846369492
9,48,0,0,0,6,233.45405395585797
9,49,1,0,0,4,241.6635992058209
9,50,0,0,0,5,229.73754173193151
9,51,0,0,0,0,223.02885237506496
9,52,0,0,0,0,225.74504063716472
9,53,0,0,0,3,231.01337887872563
9,54,0,1,0,7,259.39235689945116
9,55,0,0,1,5,238.43269094919037
9,56,1,0,0,5,242.42978231829142
9,57,1,0,0,7,258.3935776297654
9,58,1,1,0,3,261.0434311332569
9,59,1,1,0,2,255.33710652468142
9,0,1,0,0,2,239.76748141491356
9,1,1,1,0,0,256.7203329948552
9,2,1,1,0,5,260.811042429362
9,3,0,1,0,5,244.44211180112683
9,4,0,1,1,2,259.9012396627769
9,5,0,0,1,1,245.0156676916895
9,6,0,0,0,0,228.75543961025718
9,7,0,0,0,1,230.82961936255785
9,8,0,0,1,5,245.6182444444751
9,9,0,0,0,4,233.49337091776704
9,10,0,0,0,2,233.24242407697562
9,11,0,0,0,1,229.10011307666457
9,12,0,0,1,2,247.90417969864407
9,13,0,1,1,1,259.7546660039039
9,14,0,1,1,2,259.7910812580308
9,15,0,0,1,5,241.917641394697
9,16,0,0,0,3,234.89707124914406
9,17,0,0,0,4,228.4248651411707
9,18,0,0,0,5,234.1851327393386
9,19,1,0,1,3,263.40327197630444
9,20,1,1,1,7,293.7643268102396
9,21,0,1,0,3,242.49394928875532
9,22,0,1,0,6,245.74383184616403
9,23,1,0,0,2,246.45052281506855
9,24,1,1,0,5,263.5246613088752
9,25,0,1,0,0,243.25319338390122
9,26,0,1,0,7,254.61696316703342
9,27,0,1,0,5,249.58596094662903
9,28,0,1,0,3,253.5481093095117
9,29,0,0,0,2,235.5461526426705
9,30,0,1,0,4,245.53332353864002
9,31,1,1,0,7,257.7025940082941
9,32,1,0,1,1,262.60851862236905
9,33,1,0,0,1,244.56746097814658
9,34,1,0,1,5,258.890377619938
9,35,1,0,0,7,246.01522644109855
9,36,0,0,0,7,246.0220906810172
9,37,0,0,0,0,227.5401362942909
9,38,0,0,0,1,231.0170777778978
9,39,0,0,1,6,245.84708782625248
9,40,1,0,1,3,261.6485089850158
9,41,1,0,1,7,274.4404611481455
9,42,0,1,1,0,256.017241422939
9,43,0,1,1,7,255.2367162532508
9,44,1,0,0,2,246.55128632597498
9,45,1,1,0,4,256.8630361755922
9,46,0,1,0,3,244.1883495845805
9,47,0,1,0,4,242.3468928433488
9,48,0,1,0,7,254.79899118746084
9,49,0,0,0,5,231.19566618619274
9,50,1,0,0,7,255.69900115045135
9,51,0,0,1,3,239.91351419452405
9,52,0,0,0,1,228.13227710963082
9,53,0,0,0,6,233.8273972344559
9,54,1,1,0,1,255.77169869721413
9,55,1,1,0,3,260.5141967543589
9,56,1,1,1,3,270.6643386515885
9,57,1,0,0,5,242.60774944544437
9,58,0,0,0,2,232.49795873410096
9,59,0,0,0,7,245.51934884724437
9,1,1,0,0,2,240.38888520967907
9,2,1,0,0,2,242.95992166515987
9,3,1,0,0,6,247.6945940892056
9,4,0,1,0,0,241.77777447773974
9,5,0,1,0,1,244.73224439921452
9,6,0,1,0,5,244.60552380775522
9,7,0,1,0,0,243.53983279121613
9,8,0,1,0,6,248.87180744274715
9,9,0,1,0,4,245.3130532898488
9,10,1,1,0,7,276.90758596780285
9,11,1,1,0,1,260.43049693676494
9,12,1,1,0,4,257.3346587650733
9,13,0,1,0,1,241.86271960949162
9,14,0,1,0,4,245.46430753195472
9,15,1,1,0,7,276.6611515927123
9,16,0,0,1,6,254.0090572140282
9,17,1,1,1,3,274.78459189977775
9,18,1,1,0,2,257.53177175786954
9,19,1,1,0,6,263.97052164932535
9,20,0,0,0,1,229.65140476253342
9,21,0,0,0,3,227.48701241684577
9,22,0,1,0,2,245.36927939066624
9,23,0,0,0,5,229.1763559399295
9,24,0,0,0,3,230.82356126038087
9,25,0,0,0,4,229.56000061825793
9,26,0,0,0,2,228.6573530235542
9,27,0,1,0,4,243.06175637856876
9,28,0,1,0,5,245.14387962177346
9,29,0,1,0,3,248.60822622877868
9,30,0,1,0,0,242.4473887720687
9,31,0,1,0,3,253.53511542751673
9,32,0,0,0,6,234.40529400326525
9,33,1,1,0,4,256.0069074066158
9,34,0,1,0,2,240.10346501671881
9,35,0,0,0,4,231.779641817044
9,36,0,0,0,1,229.79925769474855
9,38,0,0,0,5,229.75537914965375
9,39,0,0,0,0,226.27852491939072
9,40,0,0,0,1,226.5156384032734
9,41,0,0,0,4,232.04633959041612
9,42,0,0,0,0,228.37538906370278
9,43,0,0,0,1,228.08550077931534
9,44,0,0,0,2,235.58113330161484
9,45,0,0,0,5,232.0948042656952
9,46,0,0,0,4,233.84265217710546
9,47,1,0,0,2,241.8688646413618
9,48,1,0,0,6,242.45609719281634
9,49,1,1,0,3,255.96245276307067
9,50,1,0,1,6,264.0746337449532
9,51,0,0,1,5,241.65152621814212
9,52,0,0,0,3,225.07651232334675
9,53,0,0,0,0,224.832201286103
9,54,0,0,0,1,227.7371279484453
9,55,0,0,0,4,231.58447406684974
9,56,1,0,0,6,239.95362278432395
9,57,1,1,0,7,260.7454216335288
9,58,0,0,0,7,232.489089142842
9,59,0,0,0,3,232.34892383597708
9,0,0,0,0,4,230.3433087010747
9,1,0,0,0,7,229.48746341044728
9,3,1,1,0,6,261.62928061887794
9,4,0,0,0,4,233.31753666677048
9,5,0,0,0,2,230.4871215041178
9,6,0,0,0,7,245.05229033781546
9,7,1,0,0,0,241.30456128903006
9,8,1,0,0,1,242.551735766978
9,9,1,0,0,3,244.17424611183716
9,10,1,0,0,2,246.06077906297628
9,11,1,0,0,0,244.46366623720147
9,12,1,0,0,5,244.56912217851175
9,13,0,0,0,0,228.83598462314433
9,14,0,0,0,2,231.82624387353528
9,15,0,0,0,2,232.4652647448445
9,16,0,0,0,6,236.84659545962913
9,17,0,1,0,2,245.68908120643982
9,19,0,0,0,7,236.97644478916484
9,20,0,1,0,1,245.32707369430756
9,21,0,1,0,7,256.0043635719208
9,23,0,0,0,4,229.86339827297266
9,25,0,1,0,6,249.82325979558516
9,26,0,1,0,0,243.93991346087932
9,27,0,1,0,1,245.27313556259764
9,30,0,1,0,1,243.39583736054374
9,33,1,0,0,6,244.43222495435845
9,34,1,0,0,3,243.49527002714882
9,35,1,1,0,2,263.1640912617215
9,36,1,0,0,2,240.63648279332094
9,37,1,1,0,7,258.6332635179173
9,38,1,1,0,1,256.82819747727206
9,39,1,1,0,0,258.196017438074
9,40,1,1,0,6,262.20300893925463
9,41,0,0,0,7,233.7025006428943
9,43,0,0,0,3,235.6521529698404
9,44,0,0,0,5,236.5878675847451
9,45,0,0,0,7,241.00847817790182
9,46,0,1,0,5,244.34069540850348
9,47,0,1,0,0,239.61742033056413
9,48,0,1,0,0,240.23946447632133
9,49,0,1,0,1,241.78099819236067
9,50,0,1,0,5,241.24203638380519
9,51,1,1,0,5,256.93675401305177
9,52,1,1,1,5,271.02689918265304
9,53,0,1,0,3,246.74250895774574
9,54,0,0,0,7,237.1685031524546
9,55,0,1,0,5,244.71752132201368
9,56,0,1,1,0,252.45380990973143
9,57,0,1,1,4,255.31991246946995
9,58,1,1,1,3,273.3209557192396
9,59,1,1,0,6,260.4477868732595
9,0,0,1,0,4,245.43815347785718
9,1,0,1,0,2,247.7824993821722
9,2,0,0,0,7,243.68839091218447
9,3,0,1,0,4,246.65378336883657
9,4,1,1,0,7,272.2252397145398
9,6,0,1,0,7,260.29139483155365
9,7,0,1,0,5,249.22916788360905
9,8,0,1,1,5,260.74914900831726
9,9,0,1,0,5,243.59385944398812
9,10,0,1,0,6,247.30163571453414
9,11,1,0,0,5,254.24311644101388
9,12,0,0,0,7,244.07793651555738
9,13,1,0,0,0,242.14308394170152
9,14,1,0,0,7,241.08189516820798
9,15,1,0,1,0,257.35125560660117
9,16,1,0,1,4,258.4189661132594
9,17,0,0,1,0,243.59544341232132
9,18,0,0,1,6,249.47441513566838
9,19,0,0,1,2,247.27331845254974
9,20,0,0,1,2,244.29200864484415
9,21,0,0,1,0,243.40270245546307
9,22,0,0,1,5,244.2812326589849
9,23,0,0,0,6,235.86245318913058
9,24,0,1,0,1,243.2025696411151
9,26,0,1,0,1,244.94693631177992
9,27,0,1,0,0,245.31303159496568
9,29,0,1,0,7,255.9320322021623
9,30,0,0,1,0,243.515139263571
9,31,0,0,1,6,248.371485011468
9,32,0,1,1,2,260.9432626844854
9,33,0,0,1,3,245.10316553856904
9,34,0,1,0,3,244.32810157899536
9,35,0,0,0,1,233.90469308827952
9,36,0,0,1,3,243.76449439664978
9,37,0,0,0,3,232.04799520773375
9,38,0,1,0,1,241.63730957297997
9,39,0,1,0,1,242.65770840032002
9,40,0,1,0,5,244.07912767866713
9,41,0,1,1,3,256.39937757427333
9,42,0,1,0,0,241.10553385790934
9,43,0,1,0,4,246.4459415696244
9,44,1,1,0,5,262.4390612178836
9,45,0,1,0,2,247.0804868000159
9,46,0,0,0,1,230.41487553000664
9,47,0,0,0,7,241.9377581969526
9,48,1,1,0,2,256.56326343272633
9,49,1,0,0,2,244.8589604083652
9,50,1,1,0,5,258.6263856128906
9,51,0,1,0,5,242.82935340120105
9,52,1,1,0,2,253.08223395866267
9,53,1,1,0,1,253.83943788940564
9,55,1,1,1,5,273.55165104697863
9,56,0,1,0,5,247.412749003935
9,57,0,1,0,6,246.02409298205654
9,58,0,1,0,5,245.33234848287935
9,59,0,1,0,0,241.53892604612147
9,1,0,1,0,0,239.46512489840987
9,2,0,1,0,7,248.06088043141568
9,3,0,1,0,2,243.70868114273753
9,4,0,0,0,0,230.66151280900934
9,5,0,0,0,7,242.48467158579584
9,6,0,0,0,5,236.04081844250499
9,7,0,0,0,5,232.84339613558538
9,8,0,0,1,1,244.201594390972
9,9,0,0,1,6,249.1915030532549
9,10,0,1,1,1,260.1593357946025
9,11,0,1,0,2,245.25739632796646
9,13,1,1,0,3,257.9128584358403
9,14,1,0,1,4,259.64807651633146
9,16,0,0,0,2,228.7968872205159
9,17,0,1,0,4,245.7915058942764
9,18,0,1,0,7,248.48817957112905
9,19,0,1,0,1,245.26437232495994
9,20,0,1,1,4,259.64920379241744
9,21,0,1,1,4,263.6912089969015
9,22,0,1,1,4,256.87192987656965
9,23,1,1,1,0,270.41424919706094
9,24,1,1,1,3,272.24149203970103
9,25,1,1,1,2,270.5586893423932
9,26,1,0,1,0,258.4531940399181
9,27,1,0,1,1,257.33254387142887
9,28,1,0,0,5,248.30541968552913
9,29,0,0,0,0,230.2480827099505
9,30,0,0,0,7,250.26631779802818
9,31,0,0,1,3,254.38337990610236
9,32,0,0,0,4,233.46685240334583
9,33,0,0,0,4,229.40053186779994
9,34,0,0,0,0,228.6310792193029
9,35,0,0,0,0,226.58070303954773
9,37,0,0,0,4,225.31297109076746
9,39,0,0,0,6,228.07020705442585
9,40,1,0,0,7,242.38932705734302
9,41,1,0,0,7,250.69581577011297
9,42,0,0,0,7,239.52535788382048
9,43,0,0,0,6,234.10831544456568
9,44,1,0,0,0,241.30423985173863
9,45,1,0,0,1,238.84052300423215
9,47,0,0,0,0,226.27375581790704
9,48,0,0,0,1,229.34360100084402
9,49,0,0,0,2,228.7410549398811
9,51,1,0,1,2,256.9419948416237
9,52,1,1,1,0,269.8402544072447
9,53,1,1,1,4,269.896196326305
9,54,1,1,1,2,269.4032648966571
9,56,1,1,0,1,255.70151733703617
9,57,1,1,0,6,273.9725735325321
9,58,1,0,0,0,243.11276602365587
9,59,1,0,0,6,248.44015850371323
9,0,0,0,0,7,246.53365404587635
9,1,1,0,0,4,242.84293165077074
9,2,0,0,0,1,227.00024623462943
9,3,0,0,0,5,235.5093474515825
9,4,0,0,0,5,232.0880495163499
9,5,0,0,1,2,242.7417036941566
9,6,0,0,1,3,245.08581446350797
9,7,0,0,0,2,229.00680319238813
9,8,0,0,0,6,229.0756568829537
9,9,0,0,0,0,230.4796066450827
9,10,0,0,0,3,235.20482012599706
9,12,0,0,0,1,232.4090627309825
9,13,0,0,0,3,237.2658390532671
9,14,0,1,0,5,246.24908105117066
9,15,0,1,0,0,242.2829813281187
9,16,0,1,0,1,240.98661948991776
9,17,0,1,0,6,245.790716247837
9,18,1,0,0,5,245.6706192950312
9,20,0,0,1,0,243.9073502678857
9,21,0,0,1,1,251.1517395746053
9,22,0,0,0,6,228.9277449630462
9,23,1,0,0,4,243.71213041289718
9,24,0,0,0,2,226.93504924856526
9,25,0,0,0,3,234.86116300410453
9,27,1,0,0,7,247.24303150098913
9,28,1,1,0,6,263.1888950204418
9,29,1,0,0,5,245.860180605388
9,30,0,0,1,5,245.266718356152
9,31,1,0,0,7,258.0100976864659
9,32,1,0,0,2,243.90371702872966
9,33,1,1,0,7,269.5005995992163
9,34,0,0,1,5,242.84529124338692
9,37,0,0,0,1,230.3546611982636
9,38,0,0,1,2,240.83467935115127
9,39,0,0,1,3,243.01589343099755
9,40,0,0,0,2,231.50908061683623
9,41,0,0,0,6,243.31445159764849
9,42,1,0,0,1,246.66361606087582
9,43,1,0,1,1,257.4225509666218
9,45,1,0,0,0,239.63310829150748
9,46,1,0,0,0,240.08009423643182
9,48,1,1,0,0,252.40801564410148
9,49,1,1,0,2,256.1314224106697
9,50,1,0,0,0,240.15797298947737
9,51,1,0,0,5,241.47390159524457
9,53,0,0,0,4,228.21955231107094
9,54,0,0,0,0,224.74645858481955
9,56,0,0,0,6,230.9101367415941
9,57,0,1,0,3,245.26991690476984
9,58,0,0,1,0,239.50058375408034
9,59,0,0,1,1,242.21960012018073
9,0,0,0,0,3,230.68954290721186
9,1,0,1,1,7,272.7037061175351
9,2,0,1,0,1,241.12743122913452
9,3,0,1,0,0,243.47809323706778
9,4,0,1,0,3,244.51843169334677
9,5,0,0,0,4,230.45579670080733
9,6,1,0,0,3,245.48517574141425
9,7,1,0,1,1,259.8436163992115
9,8,1,0,0,0,242.0956310725113
9,9,1,0,0,0,244.57656926143125
9,10,1,0,0,0,244.88511084309908
9,11,1,0,0,1,244.84538970885177
9,12,1,0,1,5,261.17930432738984
9,13,1,0,0,1,243.28373115089818
9,17,0,0,0,2,232.12267880337717
9,18,0,0,0,2,232.72534403034854
9,19,0,0,0,4,231.51448552429258
9,20,0,0,0,6,233.28605123684287
9,21,0,0,0,5,230.94008167960726
9,22,0,0,0,7,246.96703951089626
9,23,1,0,0,0,239.43079431615772
9,24,1,0,0,2,246.27476715959443
9,25,1,1,0,6,257.6757044325218
9,27,0,0,0,3,230.40835120122105
9,28,0,0,1,5,243.81314918043847
9,29,0,0,0,7,245.86502467634241
9,30,0,0,0,5,234.5130034457044
9,31,0,0,0,6,237.587031081811
9,32,0,1,0,2,244.57182233996963
9,34,0,0,0,7,235.75149279423692
9,35,1,1,0,6,271.1821847399061
9,36,0,1,0,7,257.14887526832854
9,37,1,0,1,5,255.72220650651568
9,38,0,0,1,4,243.6542190315788
9,39,0,0,1,2,241.80849283355641
9,40,0,0,1,2,241.6564902254486
9,41,0,1,1,6,256.3009560107296
9,42,0,0,1,0,239.8288063217323
9,43,0,0,1,3,249.66321993279226
9,44,0,0,0,6,237.4857890340915
9,45,1,0,0,6,244.9077072032047
9,46,1,1,0,4,253.30022312490257
9,47,0,1,0,1,241.2881612323322
9,49,0,1,0,6,248.87511454106007
9,51,1,1,1,5,273.2748341222293
9,52,1,1,0,3,254.7143575553755
9,53,1,0,0,7,255.06188093992006
9,54,1,1,0,3,260.3995886766057
9,56,1,0,0,2,244.02258105969386
9,58,0,1,1,7,275.14387303208423
9,59,0,1,0,7,255.06604201287885
9,1,1,0,0,6,254.06278251856608
9,2,0,0,0,5,236.3796155716433
9,3,0,0,0,1,229.07926944655296
9,4,0,0,1,5,249.60313348635069
9,5,0,0,0,1,230.35714648817276
9,7,0,1,0,1,245.15420908794124
9,8,0,1,0,0,241.0969246886924
9,9,0,1,0,0,240.22358231804
9,10,0,1,0,7,258.4473303795593
9,11,0,1,1,3,260.58572266865815
9,13,0,0,1,2,247.60627838715146
9,14,0,0,1,5,244.00171089926852
9,15,1,0,0,3,255.6147403026277
9,16,1,1,1,4,278.2471493830809
9,17,0,1,1,5,262.14928146900604
9,19,1,1,0,3,260.1400708002826
9,20,1,1,0,3,258.3980689525675
9,21,1,0,0,1,239.09626988343754
9,22,1,0,0,6,253.10694240150588
9,23,0,1,0,5,242.69977032555175
9,26,0,1,0,5,249.5300090701214
9,27,0,1,0,6,249.24051348083603
9,28,1,1,0,5,261.49644612511645
9,30,0,0,0,6,236.79312227100496
9,31,0,0,0,1,226.7815421978224
9,32,0,0,0,2,230.35459051853954
9,33,0,0,0,3,233.71956477340515
9,35,0,0,1,2,241.98253446158034
9,36,0,0,1,7,256.1421385455996
9,37,0,0,0,6,228.94667520467988
9,38,1,0,0,6,241.44828797155347
9,39,0,0,0,1,227.23005100493822
9,40,0,0,0,7,240.08021986146986
9,41,0,0,1,3,243.53890881154038
9,42,0,1,1,1,257.1910187518876
9,43,0,1,0,3,248.98662580966325
9,44,0,0,0,3,235.59887716823764
9,45,0,0,0,0,226.85972388124785
9,46,0,0,0,3,236.3911307537131
9,47,0,0,0,3,232.6508138615785
9,48,0,0,1,1,243.8911378325087
9,49,0,0,0,3,229.93344784785648
9,50,0,1,0,1,241.2220662715747
9,51,0,1,0,2,245.93787221529703
9,52,0,1,0,3,244.70575194819622
9,53,0,0,1,1,240.82183023840173
9,54,0,0,0,5,230.55492918196768
9,55,0,0,0,1,225.48102414461746
9,56,0,0,1,4,241.54875518322356
9,57,1,0,1,0,257.41238652005876
9,58,1,0,1,3,259.71505565883604
9,59,1,1,0,3,255.2493834293267
9,0,1,0,0,6,243.134404645546
9,1,0,1,0,6,251.5668116649686
9,2,0,0,0,6,236.9788209160012
9,3,0,0,0,2,227.3428133905074
9,4,0,1,0,2,244.16356490932904
9,5,0,0,0,3,236.51327798997895
9,7,0,0,1,4,245.45945479086816
9,8,0,0,1,7,259.055051590532
9,9,1,0,1,6,262.46531439008254
9,10,0,0,1,3,245.09319926993507
9,11,0,0,0,4,228.77679452903112
9,14,0,1,0,2,248.5780951955982
9,16,0,1,0,0,242.17210737256562
9,17,0,1,0,0,241.74427485265065
9,18,0,1,0,0,242.6328751212635
9,19,0,1,0,7,260.0844942504561
9,20,0,0,0,7,243.18435088055008
9,21,0,1,0,0,241.01587393030172
9,22,0,1,0,4,243.48071283451625
9,23,0,1,0,7,253.30827389326404
9,24,0,1,0,0,242.75486760704274
9,25,0,1,0,5,245.44158984201107
9,26,1,1,0,3,263.79720299179047
9,27,1,0,0,4,246.18734035518207
9,28,0,0,0,3,231.46884711728325
9,29,0,0,1,1,244.7752891379894
9,30,0,0,0,2,231.11391439001687
9,32,0,0,0,3,232.8079011632885
9,33,0,1,0,4,240.37099500855237
9,34,1,1,0,7,271.9782762008304
9,35,1,0,1,5,258.23194452609647
9,36,0,0,1,2,244.86977755415845
9,37,0,0,1,6,245.01499500902716
9,38,0,1,1,6,256.87475615528535
9,39,0,0,1,4,240.44639492879492
9,40,0,0,1,6,241.8105019009317
9,41,0,1,1,0,256.5027543725431
9,42,0,1,1,2,256.6019002201527
9,44,0,1,0,6,249.67507755983672
9,45,0,0,0,3,236.2512753243768
9,46,0,0,0,7,237.6862483875111
9,49,0,1,0,2,239.62905092356743
9,50,0,0,0,4,226.6080540632803
9,51,0,0,0,6,231.02002609557758
9,52,0,1,0,5,244.05132901746737
9,53,1,1,0,0,253.49600052709872
9,54,1,1,0,0,256.64106967871675
9,56,1,1,0,5,257.9096600884094
9,57,0,1,1,6,255.118221241558
9,58,0,0,1,3,243.18746922527782
9,59,0,0,0,5,234.43315754073186
9,0,0,0,0,5,230.54047116466234
9,1,0,0,0,0,227.89326075921784
9,3,1,0,0,3,244.87654028615066
9,4,1,0,0,5,246.76799517150843
9,5,0,0,0,6,237.76731329761512
9,8,0,1,0,1,242.75631438862462
9,10,0,1,0,4,244.5386857850185
9,13,0,1,1,3,265.73260821415016
9,15,1,1,0,1,260.53819347330136
9,16,1,1,0,4,260.1629389778918
9,18,0,0,0,0,229.06207062623125
9,19,0,0,0,2,235.21319258031835
9,20,0,0,0,5,234.69295052847625
9,21,0,0,0,7,246.7738677659231
9,22,0,1,0,5,243.14123147488237
9,23,1,1,0,3,258.9034867389397
9,24,1,0,0,5,242.75808344653902
9,25,0,0,0,1,227.4121592382105
9,26,0,0,0,1,230.0347531329605
9,28,0,0,0,7,240.63667256830323
9,31,0,0,0,5,229.92663509467943
9,32,0,0,0,1,227.73963658743799
9,33,0,0,0,7,239.62566845699797
9,34,0,0,1,1,242.48593817847348
9,35,0,0,0,2,231.71725023330336
9,37,1,1,0,4,256.2222396898051
9,38,0,1,0,0,239.89475939319343
9,39,0,1,0,3,244.46238291590112
9,40,0,1,0,6,247.19021372417086
9,41,0,0,0,2,234.52719593562804
9,42,0,0,0,6,232.9659889593408
9,43,1,0,0,4,245.15414628679733
9,44,1,0,0,7,260.5469386371679
9,45,0,1,1,2,261.40082377631444
9,46,0,0,1,3,245.5783336368697
9,47,0,1,0,2,248.12502794352682
9,48,0,0,0,0,226.39574579575395
9,51,0,1,0,3,244.93817730990975
9,52,0,1,0,0,241.24684070702958
9,53,0,1,0,6,245.04592153117017
9,55,1,0,0,6,243.41448330798522
9,56,0,0,0,5,226.26422815068975
9,57,1,0,0,4,243.46185077331742
9,58,1,0,0,3,242.67593495112877
9,59,1,0,0,7,262.0805300146634
9,0,0,0,0,2,227.69336694259033
9,1,0,0,0,2,231.30158541317172
9,4,1,1,0,1,258.36107862385614
9,5,1,1,0,7,270.61363537762816
9,9,0,1,0,2,246.55325640766773
9,10,0,0,0,7,243.49397022516513
9,12,0,0,0,0,226.32408271270586
9,15,0,1,0,1,242.83081435182999
9,18,0,0,0,6,238.42960874863212
9,20,0,0,0,2,232.76093602812202
9,21,0,0,0,6,235.9272822211028
9,22,0,0,0,4,232.39425810168413
9,23,1,0,0,7,265.00943642032996
9,24,1,1,0,2,260.42996614232266
9,25,1,0,0,6,251.82224883131278
9,26,0,0,0,5,228.9727939932984
9,27,0,0,0,0,226.46841009322327
9,28,0,0,0,6,234.44582223876824
9,29,0,0,0,3,235.74305886850135
9,31,1,0,0,4,242.86966677243583
9,33,0,0,0,0,226.82538118005158
9,34,0,0,0,2,234.41700041063535
9,36,0,0,0,6,235.25809724977094
9,37,0,0,0,7,244.36522195213988
9,38,0,0,0,4,227.37569233979508
9,40,0,0,1,0,240.22496029548972
9,41,0,0,1,0,241.42371135726592
9,42,0,0,1,1,242.8103360965081
9,43,0,0,0,7,240.64844608096195
9,44,1,1,0,0,254.8634284228133
9,45,1,1,0,7,259.99268337939395
9,46,0,0,0,0,228.6369285341329
9,47,0,0,0,6,234.84972701699158
9,48,0,0,0,4,231.0956249799755
9,49,0,0,0,6,235.57153562431967
9,51,0,1,0,4,241.84919180299107
9,54,0,1,1,4,259.6768317123289
9,55,0,1,1,0,254.66235521954917
9,56,0,1,1,2,259.74606804885343
9,57,0,0,1,3,245.31018399162485
9,58,0,1,1,2,254.02433414015007
9,59,0,1,1,5,259.1931585588023
9,0,0,1,0,1,243.1773933212522
9,3,0,0,0,3,231.46266132902014
9,4,0,0,0,6,237.62588026082028
9,5,1,1,0,0,256.8535926684053
9,6,1,1,0,4,257.5285650784946
9,7,1,1,0,3,260.92121457503464
9,8,1,1,0,3,262.9042486632294
9,10,0,0,0,4,233.04387290234044
9,11,0,0,0,7,242.96920585843534
9,13,1,0,0,5,245.5846056690707
9,14,1,0,0,3,244.37523732113942
9,15,1,1,0,5,262.9761546689116
9,16,0,1,0,4,243.3235131569051
9,17,1,1,0,5,260.4833171565813
9,18,1,1,0,3,256.11868421539947
9,21,1,1,0,6,258.48301781145045
9,24,0,0,0,0,226.64424299960262
9,25,0,0,0,7,245.07658865922636
9,26,0,0,0,7,239.56776036940343
9,29,0,0,0,5,236.52934766324304
9,30,0,0,0,4,231.4055425206586
9,32,0,1,0,5,242.58335918500492
9,33,0,1,0,3,243.30390595142066
9,36,1,0,0,5,243.07111380109956
9,39,0,0,1,0,238.7705230067205
9,40,0,0,1,7,256.1373785647525
9,41,1,0,0,0,242.52493699583644
9,42,1,0,0,4,244.256011567817
9,43,0,0,0,4,232.0164803597458
9,44,0,0,0,0,228.0503384496222
9,47,0,0,0,5,228.57570942573955
9,48,0,0,0,5,228.50805933577922
9,49,0,0,0,1,229.68202233814088
9,50,0,0,1,2,241.4802350434409
9,51,0,0,1,0,236.82475871710636
9,52,0,0,1,3,240.76795290060676
9,55,1,0,1,2,255.1764551416709
9,56,1,0,1,3,260.5984783765113
9,57,1,0,1,3,259.0168505229455
9,58,1,1,0,5,256.9791339059899
9,59,0,1,0,6,248.1582418450525
9,0,0,0,0,6,234.64140782182483
9,2,1,1,0,2,259.6590031705775
9,3,1,0,0,0,240.92343438374797
9,4,1,0,0,2,245.49573864178822
9,6,0,0,1,0,243.71448792583334
9,7,0,0,1,1,245.85898296379324
9,8,0,0,1,0,243.4172990296639
9,9,0,0,1,7,258.005548446452
9,10,0,1,0,3,242.98209608374677
9,11,0,0,1,2,250.6671349773816
9,12,0,1,1,1,259.9701084044704
9,14,0,1,1,7,264.109226473625
9,15,1,0,0,5,243.51112042590228
9,19,0,0,0,3,231.672695252124
9,21,1,0,1,5,259.15048912176076
9,24,0,0,0,5,227.7150196639074
9,27,1,1,0,3,269.18088412952045
9,28,1,1,0,0,255.64501785948465
9,29,1,1,0,0,255.44747221168564
9,30,1,1,0,6,270.6057881759225
9,31,1,0,0,0,243.221518670223
9,32,1,0,0,6,245.80187728535705
9,35,0,0,0,7,240.63214095616263
9,37,1,0,0,5,252.8333625753594
9,39,0,1,1,7,271.7055112518514
9,40,1,0,0,6,254.01868770032715
9,41,0,1,0,1,244.2473110181012
9,42,0,1,0,2,245.83588534700553
9,43,0,1,0,0,241.01436415897194
9,44,0,1,0,3,246.5203900893913
9,45,0,1,0,6,245.58421080095573
9,46,0,1,0,2,243.85162380502447
9,49,1,0,0,1,240.77707957084522
9,51,1,0,1,1,256.2811717027653
9,52,1,0,0,5,241.86344877017723
9,53,0,0,0,2,226.64828486756858
9,57,0,1,0,5,243.17508742498148
9,58,1,1,0,7,258.90209916910146
9,0,1,1,0,5,257.21828538935796
9,2,1,1,0,0,257.85844510720807
9,3,1,1,0,0,255.40815184542123
9,4,1,1,0,5,260.35797968534166
9,5,0,1,0,4,249.55966024124618
9,7,0,0,0,0,226.99055949594847
9,8,0,0,0,3,234.31569454322545
9,9,0,1,0,7,252.03185208960792
9,12,0,0,0,3,236.17099355482188
9,13,0,1,0,7,253.33438614564773
9,14,0,1,0,1,243.3900754427305
9,15,0,1,0,7,255.86757962203308
9,16,1,1,0,0,255.4283032210373
9,17,1,1,0,4,259.4482343257307
9,18,1,1,0,6,275.51719339077897
9,20,1,0,0,0,240.90244462040235
9,21,1,0,0,5,245.77969930290254
9,24,0,0,0,4,226.57527482794086
9,25,1,0,0,1,245.6747509552925
9,26,1,0,0,2,246.10234336133624
9,27,1,0,0,2,250.47939371302996
9,28,1,1,0,3,260.05946220242805
9,29,1,1,1,6,276.61258151190157
9,30,0,1,1,1,257.82978549507067
9,31,0,1,0,6,248.5563115322902
9,34,1,1,1,2,272.3961768503366
9,35,1,1,1,5,274.2322245091974
9,37,1,0,1,7,274.41214546457684
9,38,0,1,1,1,256.3733204187311
9,39,0,1,1,0,257.14139650021
9,40,0,1,1,0,256.2893525614282
9,42,0,1,0,3,249.95936695525828
9,43,0,1,0,2,245.00804000394086
9,44,0,0,0,4,231.64877613940916
9,45,0,0,0,1,228.83912203812145
9,46,0,0,0,5,233.83667477836673
9,47,1,0,0,4,244.79341535512532
9,48,0,0,0,2,231.5688293586481
9,50,0,0,0,1,227.57027462397326
9,53,0,1,0,7,258.28802245904404
9,54,0,1,0,3,244.3984676105042
9,55,0,0,0,2,227.66183602919716
9,56,0,0,0,1,227.84898907943668
9,57,0,0,0,6,235.1211953863187
9,58,0,0,0,3,237.22286814505918
9,59,0,0,0,4,229.69928757380032
9,2,0,1,0,6,258.4250505471003
9,4,0,0,0,2,232.06969332521624
9,5,0,0,0,5,235.5029359787047
9,7,1,0,0,4,244.01535726045608
9,8,1,0,0,3,244.01885015579728
9,9,1,0,1,0,258.70080127220524
9,10,1,0,1,5,264.3054615798491
9,11,1,0,0,2,246.2160254393839
9,13,0,1,0,4,243.42144282690967
9,14,1,1,0,5,258.3276381610558
9,16,0,1,0,2,243.12538180592418
9,17,0,0,0,6,236.5469509123609
9,21,0,0,1,7,259.34407002170025
9,23,1,0,0,3,245.1746611904708
9,25,1,0,0,7,261.86087046261974
9,26,0,0,0,3,231.69504796174246
9,29,0,1,0,0,242.42867962391045
9,30,0,1,0,3,247.9908652160555
9,31,0,0,0,4,231.1092081916389
9,32,0,0,0,5,230.53222137062482
9,33,0,0,0,6,235.58326434197986
9,36,0,0,1,4,239.23404265257855
9,37,1,0,1,6,258.38379517340155
9,38,0,0,1,7,255.01245459986035
9,39,1,0,0,3,247.490505782112
9,40,1,0,0,2,242.3895040906384
9,41,1,1,0,3,257.99325051568974
9,42,1,1,1,3,274.6294078627273
9,43,1,1,0,6,265.42537854326696
9,44,0,0,0,1,230.43150714153583
9,45,0,0,1,2,242.36038674295457
9,46,0,0,1,2,240.93486304392457
9,47,0,0,1,2,241.5027677433197
9,50,0,0,0,6,230.69687100745887
9,52,0,1,0,2,247.08561653738568
9,55,0,0,1,2,243.41748338871125
9,56,0,0,1,1,241.39334432658845
9,57,0,0,0,3,228.92772409083386
9,58,0,0,0,4,230.71294550939317
9,59,0,0,0,2,230.86894448623698
9,4,0,0,0,7,248.74522856866767
9,5,0,1,0,2,249.59819854058009
9,6,0,1,0,1,247.0925467669013
9,7,0,1,0,4,245.16082679384468
9,9,0,1,0,3,243.68144503125936
9,10,0,1,1,3,260.72242232973474
9,11,0,0,0,5,234.34711315130244
9,12,0,0,0,4,229.2956312080582
9,13,1,0,0,4,245.02700545339806
9,14,0,0,0,4,231.3480111248661
9,15,0,0,0,1,231.80637952482437
9,16,0,0,1,1,243.68135138962373
9,17,0,0,1,2,248.8043003221474
9,18,0,0,1,2,249.02958056146826
9,19,0,0,1,7,261.68271418152557
9,20,0,1,0,5,247.96398180227627
9,21,1,1,0,0,255.64238142994355
9,22,1,1,0,4,256.4453417329766
9,24,0,1,0,3,248.82657843076393
9,25,0,0,1,1,245.64553638923445
9,29,0,0,0,6,236.35285308033815
9,31,1,0,0,2,246.307563042166
9,32,1,0,0,3,247.0419631021726
9,33,1,0,0,2,245.82172499130218
9,35,1,0,0,2,246.87866269426127
9,36,1,1,0,1,259.50507417244785
9,39,1,1,0,6,270.70952712815136
9,40,0,1,0,7,249.00831454661505
9,41,0,0,0,3,232.3225419430275
9,42,0,0,0,1,228.65018595431116
9,45,0,0,0,6,235.86229029729148
9,48,0,1,0,1,242.2373131546231
9,49,0,1,1,1,254.71960298392855
9,50,0,1,1,6,254.35358609720723
9,51,0,0,1,1,240.73549471841108
9,56,0,1,0,7,258.6583742995979
9,58,0,1,0,0,242.6348951598169
9,0,1,0,0,3,240.4406521030307
9,1,1,0,0,3,245.29984239235148
9,2,1,1,0,1,260.8805496291865
9,4,0,0,0,3,229.22957184925005
9,6,0,1,0,4,245.14203765491095
9,8,0,1,0,5,248.51666600705795
9,9,0,1,0,6,259.3751375779104
9,12,0,0,0,5,235.28781725238514
9,14,0,0,0,6,236.49793365603227
9,18,1,1,0,0,257.3022592964496
9,21,0,0,0,2,226.91682420604974
9,23,0,0,0,7,245.14433772085252
9,24,1,1,1,0,267.6195390359179
9,25,1,1,1,0,266.94387248133603
9,26,1,1,1,6,270.0384134238389
9,27,1,0,1,0,258.6289147219872
9,28,1,0,1,0,257.4273922903476
9,29,1,0,1,4,260.83451895175597
9,31,0,0,0,2,230.55236008626022
9,32,0,1,0,4,243.74500619605553
9,34,0,0,1,6,242.58905154246548
9,35,1,1,1,3,273.83619167073175
9,36,1,0,0,0,241.9147220625134
9,38,0,0,0,6,232.19132487881848
9,39,0,0,0,3,233.97826110044292
9,40,0,0,1,4,243.5087069750857
9,42,0,1,0,4,245.24167701639684
9,43,1,1,0,4,259.7016035580142
9,44,0,1,0,1,241.47057546192036
9,45,0,1,0,1,242.58463900588126
9,47,0,1,1,1,256.43962635991056
9,49,0,1,0,7,260.04211262496256
9,51,0,0,0,3,229.13633697402776
9,53,0,1,1,1,256.95084877696183
9,54,0,1,0,2,243.12906750627562
9,57,1,1,0,2,260.06532125521414
9,58,1,0,0,4,242.86690182255327
9,59,1,0,0,4,241.36217497641184
9,1,1,1,0,7,273.9949260677456
9,2,1,0,0,1,243.5173757800206
9,3,1,0,0,1,244.08951260607884
9,4,1,0,1,7,281.7454192876382
9,5,0,0,0,0,227.82830174369306
9,6,0,0,0,2,232.01697125263365
9,7,0,0,0,6,235.23545910233787
9,8,1,0,0,4,243.4681181613965
9,9,0,0,0,6,235.63462405808627
9,11,1,1,0,5,262.0672657325497
9,12,0,1,0,7,245.41052290452603
9,13,0,0,0,4,233.1347494591929
9,15,1,0,0,2,247.49621118934272
9,16,1,0,0,2,245.3814245829212
9,17,1,0,0,0,241.7192091087278
9,18,1,0,0,2,242.60344389939294
9,19,1,0,0,5,242.7522046484026
9,21,0,0,1,3,248.29972327713898
9,25,0,1,0,4,244.40082621540068
9,32,0,1,0,3,251.13119951769102
9,33,0,0,1,1,241.73363880428343
9,34,0,0,1,0,238.41843261987532
9,35,0,0,1,1,242.81361168135203
9,37,1,1,0,5,257.6141085552565
9,40,0,0,1,1,243.40358093229355
9,41,0,0,0,5,231.71167003670442
9,43,0,0,1,0,239.05039243570383
9,44,0,0,1,6,244.9716915087091
9,45,1,1,1,4,272.2249995800879
9,46,0,1,1,4,258.13147102867646
9,47,0,1,1,3,257.59928070734895
9,49,1,0,0,0,239.47267382811117
9,50,1,0,0,5,245.01385441973974
9,52,0,0,1,2,241.07988397283881
9,53,0,1,1,6,256.8792043417245
9,54,0,0,1,4,239.095326576637
9,55,1,0,1,0,254.9062500628167
9,56,1,0,1,6,262.0066313312758
9,57,1,0,1,1,258.96334438558716
9,58,1,0,1,2,259.00814496906713
9,59,1,1,1,1,278.8270299900836
9,0,1,1,0,0,257.03888371740896
9,2,0,0,0,2,229.6518866054172
9,6,0,1,0,6,250.86152067688926
9,8,0,0,0,7,241.7704079806417
9,10,0,0,0,6,234.9722689969184
9,11,0,1,0,7,256.7365725763362
9,13,0,0,0,6,237.3105426389345
9,14,0,1,0,6,254.8510451061798
9,15,1,1,0,2,262.3138641279423
9,16,1,1,0,3,262.1765408017364
9,18,1,0,0,1,241.73111870254948
9,19,1,0,1,0,259.3720339918097
9,20,1,0,1,5,260.6354368242607
9,21,0,0,1,4,245.1989007645604
9,22,1,0,1,6,258.6248750168694
9,23,1,1,1,3,271.91090829949655
9,25,1,1,0,7,267.033599604108
9,28,1,0,1,6,257.5251073767885
9,29,0,0,1,4,244.74027271805633
9,30,1,0,1,3,260.03448780849357
9,31,1,0,1,7,255.35900494592767
9,32,1,0,0,5,244.05509269124838
9,36,0,0,0,3,235.1349445093242
9,37,0,1,0,2,245.6910064554945
9,38,0,0,0,7,243.62898726507822
9,39,0,0,1,7,256.7911195457161
9,41,0,0,0,0,227.64798925469498
9,43,1,0,0,2,246.6220991755539
9,45,1,0,0,3,245.36665607616249
9,46,1,1,0,1,256.0768941005441
9,47,1,1,0,4,257.919104542891
9,48,0,1,0,4,242.94454517841285
9,49,0,1,0,5,243.53060933805355
9,51,0,1,0,1,239.78785860087675
9,52,0,1,0,7,257.81107334893625
9,54,0,1,0,6,242.3389346520651
9,56,0,0,0,0,225.3174991750055
9,57,0,0,0,5,230.68096760245407
9,58,1,0,1,1,260.6407583496151
9,59,1,0,0,1,245.54341049486024
9,2,0,0,0,0,228.00230464868176
9,3,0,0,0,4,227.19907480533385
9,6,0,1,0,2,247.76102159362836
9,7,0,1,0,7,255.1915043817485
9,8,0,1,0,2,247.27842216647588
9,10,1,0,0,3,247.39741941660662
9,12,1,0,0,0,241.00082680453013
9,14,1,0,0,1,240.23020867742244
9,15,1,0,0,1,247.39501360366842
9,16,1,0,0,4,248.58469749124833
9,18,0,1,0,3,246.9804271716068
9,19,0,0,0,1,232.72390890297277
9,21,0,0,0,4,230.43023240400112
9,22,0,0,0,1,229.05107358613208
9,26,0,0,0,0,225.55005377086547
9,33,0,0,0,2,231.7669135511669
9,37,0,1,0,7,261.77601022072946
9,38,0,1,0,3,244.12774736925198
9,39,0,0,0,7,244.41670251345755
9,42,1,0,0,3,252.2023270244897
9,47,0,0,0,4,232.0552462490932
9,50,0,1,0,2,242.99153129631935
9,52,0,0,1,5,242.17487977376896
9,54,0,1,0,5,242.9946123096118
9,56,0,1,0,0,239.71730924636475
9,57,0,1,0,1,240.07074940629786
9,59,0,1,0,2,243.8832749258205
9,1,0,1,0,1,242.6417287902036
9,6,0,0,1,7,255.78808498278292
9,8,1,0,0,6,246.47800826536562
9,9,1,1,0,6,272.1889016535762
9,11,0,0,0,3,231.8060434080478
9,12,0,1,0,0,243.653980825467
9,15,0,1,0,5,248.0377120016953
9,16,0,1,1,7,257.59827354498816
9,17,1,0,0,3,251.50626988536348
9,18,1,0,0,0,241.5892526941739
9,19,1,0,0,6,256.6792775431571
9,20,0,1,0,6,245.87295659544037
9,21,0,0,0,0,226.29306125236175
9,24,1,0,0,3,250.33468688197354
9,28,0,1,0,4,243.6748064725607
9,32,0,1,0,0,240.96384154259388
9,34,0,0,0,3,232.00193269170944
9,38,0,0,0,0,227.47061387204838
9,40,1,0,0,1,242.69914823812448
9,41,1,0,0,5,243.94734348062295
9,42,1,0,0,5,250.72672885530395
9,44,1,0,0,3,247.20606609516756
9,45,1,1,0,1,253.51956284563107
9,46,1,1,0,6,259.67055381590444
9,48,0,0,0,7,242.40599359944756
9,49,1,1,0,5,256.1057175892292
9,50,1,1,0,3,263.6374651433431
9,51,1,0,0,0,239.38621181061558
9,52,1,0,0,1,238.0040318738347
9,53,1,0,0,0,239.82581775477013
9,54,1,0,0,3,239.55477642618013
9,55,1,0,0,0,240.5357428038467
9,56,1,0,0,3,244.9479093953326
9,57,1,0,1,7,272.93897597696906
9,58,0,0,0,6,234.02306109133013
9,0,0,1,0,5,243.96069559703483
9,1,0,1,0,5,244.41802262769542
9,3,1,1,0,1,256.9922257880058
9,4,1,1,0,4,260.26426092036496
9,7,0,0,0,3,238.74828372879963
9,8,0,0,1,3,245.5493120833248
9,9,0,0,1,5,248.41083138666067
9,12,1,0,0,7,253.26701743824282
9,13,0,1,0,0,242.1640144829169
9,15,0,1,0,3,243.36956061610928
9,17,0,1,0,5,243.94791687118155
9,19,0,1,0,0,241.879686069192
9,22,0,0,0,2,230.39154719587984
9,24,0,1,0,6,242.7412085615403
9,26,1,0,0,3,243.53568586205884
9,27,1,0,0,0,244.480776472235
9,28,1,0,0,0,243.69272125962317
9,29,1,0,0,2,245.63122627806283
9,30,1,0,0,4,244.19583658040588
9,31,1,0,0,5,247.18703948586392
9,32,0,0,1,6,241.5862798286379
9,33,0,0,1,4,244.57312443148797
9,35,1,1,1,7,284.39487319033714
9,36,0,1,0,4,241.75228178605983
9,37,0,1,0,4,240.14040758979093
9,41,1,0,1,2,258.7503783249847
9,43,0,0,1,5,238.93272492559646
9,45,1,0,0,5,245.89838246452672
9,46,0,0,0,2,228.84591819591014
9,49,0,0,0,0,225.2287159791788
9,51,0,0,0,1,225.94363797874328
9,52,0,0,0,7,231.9339591107704
9,53,1,1,1,0,265.8118657103127
9,55,1,1,1,2,273.5298263790717
9,56,1,1,1,0,269.9675333570606
9,57,1,1,1,2,271.7943324567124
9,58,1,1,1,7,272.4419461867565
9,3,0,1,1,3,263.1542918635388
9,4,0,1,0,1,243.32124000092762
9,5,0,1,0,0,244.7593654869344
9,6,0,1,0,0,243.74776706818722
9,7,0,1,0,3,251.42717363409486
9,14,0,0,0,1,229.8813326859096
9,15,0,0,0,4,231.48414868218526
9,16,0,0,0,4,232.84997623288967
9,18,1,0,0,4,242.4902415288798
9,19,0,0,0,5,234.63868484026926
9,25,1,0,0,0,244.86496386125106
9,26,1,0,0,5,243.44441441636823
9,27,0,0,1,3,253.3365645082006
9,30,0,1,0,2,242.92873158923638
9,31,0,1,0,2,244.38415361016757
9,34,1,0,1,1,255.6437671576374
9,35,1,0,0,3,248.6492406229813
9,37,1,0,0,3,250.79986181361318
9,38,1,0,0,3,246.5079693489267
9,39,1,0,0,4,241.03125774954
9,40,0,0,0,3,233.47605198007935
9,44,0,0,0,7,245.01638357819496
9,45,1,1,1,1,272.0559495423855
9,46,1,1,1,6,276.7793363074356
9,51,1,0,0,2,242.07091048928078
9,52,1,0,0,2,239.5181247558248
9,54,1,1,0,7,267.23390886100384
9,55,0,1,0,1,241.10487404673313
9,56,0,1,1,1,256.8501725686855
9,57,0,1,0,7,253.6862695023765
9,58,0,0,1,1,242.2518103290938
9,1,0,0,0,3,235.15976097140503
9,2,0,1,1,0,258.954197096452
9,3,0,1,1,4,258.3189463061057
9,4,0,1,1,3,264.5575037026024
9,6,1,0,0,2,246.81182486042894
9,7,1,0,0,3,245.3134912774487
9,9,1,0,0,1,244.38158791442348
9,10,1,0,0,4,243.57073360011384
9,11,1,0,0,6,250.90071090651355
9,12,1,0,0,2,242.73480932744
9,13,1,1,0,7,274.93248788457737
9,15,1,0,1,5,260.31363949095527
9,16,1,0,0,3,247.3864605911849
9,19,0,0,0,6,241.1604205035286
9,22,0,1,1,7,276.59136744658633
9,24,1,0,0,4,243.66309456876488
9,25,1,0,0,3,246.9108951372755
9,26,1,0,1,6,258.25626030100585
9,27,0,0,1,5,242.7047540610398
9,28,0,0,0,0,228.85336278257418
9,29,0,0,0,4,229.9829717657651
9,31,0,1,0,0,241.87741489337466
9,33,0,1,0,6,251.50160033211486
9,34,0,0,0,6,232.78870459038544
9,36,0,1,0,1,244.81343231324672
9,37,0,1,1,0,255.01912686911757
9,38,0,1,1,7,269.5169575664488
9,40,0,0,0,0,227.31270278922864
9,43,1,1,0,3,261.45500156454534
9,44,1,0,0,6,246.24528306830393
9,45,0,1,0,3,249.9486930960942
9,46,0,1,0,7,258.9361639979663
9,47,1,1,0,0,254.3437410792611
9,49,1,0,0,6,246.6257568080515
9,51,0,1,0,7,252.86303357209982
9,54,0,0,0,4,229.08454655289918
9,55,0,0,0,7,241.30305370619078
9,57,1,1,0,5,257.9150821907143
9,58,0,1,0,2,245.76254088913583
9,59,0,1,0,1,241.2871646384988
9,0,0,1,1,5,259.71102797502795
9,1,1,1,0,3,258.35769741066065
9,2,1,1,1,7,274.9805064436158
9,3,1,0,0,4,245.25194324376238
9,7,1,0,0,6,243.59759413405928
9,8,0,1,0,3,253.10218878898633
9,11,1,0,0,3,247.132381564582
9,12,1,1,0,1,258.65952805192217
9,14,1,1,0,2,259.60907760971287
9,15,1,0,0,7,243.46172465431604
9,16,0,0,0,5,234.18782508539485
9,17,0,0,1,1,246.35170027484418
9,18,0,0,0,3,238.47987846681613
9,20,0,0,1,5,246.60051686067294
9,21,1,0,1,2,255.50646820275932
9,22,1,1,1,6,277.3568397134137
9,23,0,0,1,0,243.26547714549642
9,24,0,0,1,7,260.1960110585609
9,25,0,1,0,7,261.29819358178213
9,26,1,0,0,4,240.09490043666548
9,27,0,0,0,1,229.42196565705478
9,31,1,1,0,3,259.0642111433728
9,32,1,1,0,3,260.32020354177916
9,33,1,1,0,2,256.60236485040855
9,34,1,0,0,1,240.7490234401069
9,37,1,0,0,0,241.39211319062971
9,38,1,0,0,5,244.0427575188719
9,39,0,0,0,5,230.60909491298727
9,40,0,0,0,5,231.6474008855446
9,41,1,0,0,2,245.81086177718223
9,42,1,0,0,0,241.8578813756731
9,43,1,0,0,0,242.46425493234437
9,46,0,1,0,1,245.82735028734638
9,47,0,1,0,3,243.63793675661898
9,52,0,0,0,2,226.61663141223192
9,55,0,0,0,5,232.80988412786618
9,56,0,0,0,3,229.26645840257706
9,57,0,0,0,1,227.06887179353706
9,1,0,0,1,2,244.5549901617309
9,2,0,1,1,6,272.6138263547705
9,3,0,0,1,6,253.07156249267945
9,4,1,0,1,6,264.9597998259218
9,6,0,0,1,2,244.329202681207
9,9,0,0,1,2,246.66365826995167
9,12,0,1,1,4,262.74751616126184
9,13,1,1,1,0,271.16780182463117
9,14,1,1,1,5,274.7469735197312
9,16,1,1,0,5,258.0831178411893
9,19,0,1,1,3,259.2196642915326
9,23,0,1,0,2,241.09886608583005
9,25,0,1,1,2,258.3038589556741
9,26,0,0,1,7,253.94444480604358
9,28,0,0,1,1,240.6387863278793
9,31,0,1,0,4,244.15336904611038
9,32,0,1,0,6,250.6395226089132
9,33,0,0,0,1,227.746560951833
9,34,0,0,1,3,254.7459125822053
9,35,0,0,0,6,231.10881723073896
9,37,1,1,0,0,255.83910575179365
9,38,1,1,0,3,260.9513285858511
9,39,1,0,1,7,268.42910207761133
9,40,1,0,1,1,258.0440405514261
9,43,1,0,0,5,243.40556010931147
9,48,1,1,0,6,262.6593571507646
9,51,0,0,0,5,227.9415061184947
9,52,0,0,0,4,225.58012828690457
9,53,1,0,0,4,240.97907815427024
9,55,0,0,0,6,235.124199814954
9,0,0,0,0,0,225.76478374984794
9,1,0,0,0,6,240.83027953108999
9,3,1,1,0,5,258.15684388615443
9,5,0,1,0,6,246.61131736228558
9,7,0,0,0,4,230.58698797346895
9,8,0,0,0,1,228.87816538207048
9,9,0,0,0,7,243.28698427352452
9,10,0,0,1,0,244.77931810659726
9,11,0,0,1,0,244.76710870647224
9,12,0,0,1,1,245.6169002506291
9,13,0,0,1,0,242.34292409810124
9,14,0,0,1,3,241.11342061303094
9,15,0,0,0,5,236.37200261631804
9,16,1,0,1,1,259.5783001061555
9,17,1,0,0,1,243.060255209833
9,21,0,0,0,1,231.60520203459217
9,24,0,0,0,1,225.88233657526746
9,25,0,0,1,4,243.72535033398466
9,26,1,0,1,1,258.39715911137944
9,27,1,0,0,1,243.39717926220484
9,28,1,0,0,4,247.41159252889696
9,29,0,0,0,1,231.16510942344703
9,30,0,0,0,1,230.3840643109686
9,32,0,0,1,0,243.56178603399073
9,33,0,0,1,2,243.76122438660377
9,34,0,0,1,7,241.60933498203332
9,35,1,1,1,0,273.5444293120659
9,36,1,1,1,1,274.36152382698486
9,37,1,1,1,1,271.30807237197695
9,38,1,1,0,0,256.20546636134407
9,39,1,1,0,1,257.42570692618216
9,40,1,1,0,5,262.80099287357876
9,41,1,1,0,7,261.0277315888249
9,42,0,0,0,3,234.0199200151955
9,43,0,1,0,7,248.60243723242985
9,45,1,0,1,0,258.33773293337384
9,46,1,0,1,3,261.0036732240341
9,47,1,0,0,3,242.23428814069365
9,48,1,0,0,1,242.1497326791675
9,50,1,0,0,4,242.60269516319102
9,53,0,1,1,2,256.2788448074916
9,54,0,1,1,6,256.8738356096175
9,55,0,0,1,7,241.12482463689284
9,56,1,1,0,3,268.29222685803006
9,59,0,0,0,0,228.4047739591511
9,1,0,0,0,1,228.2166658602362
9,2,0,0,0,4,230.03883062940983
9,7,1,1,0,5,258.1541949163668
9,11,0,1,0,0,240.69775265033059
9,12,0,1,0,5,246.82417858501822
9,13,1,1,1,7,289.97452880131533
9,15,0,0,0,6,235.04645222193543
9,16,1,1,0,2,259.7595987234865
9,18,1,0,0,6,251.33984433824168
9,22,0,0,0,5,233.8007798211096
9,23,0,0,0,0,227.4142254898434
9,26,0,1,0,4,248.06340818023943
9,27,1,1,0,4,260.7283427915258
9,29,0,1,0,1,241.9350247772047
9,30,0,1,1,4,259.6662977490801
9,31,0,1,1,4,258.7956027990579
9,32,0,1,1,0,253.52714855156773
9,33,0,1,1,3,259.98346949541894
9,34,0,0,0,1,227.5353940289735
9,42,1,1,0,0,257.236925126458
9,43,1,1,0,2,262.9591754584673
9,53,0,0,0,5,234.2134055913182
9,54,0,0,0,6,231.61572319055384
9,55,0,1,0,0,241.84389520399458
9,56,0,1,0,3,241.54075352891175
9,57,0,0,0,4,227.32342685716003
9,59,1,0,0,0,239.93374400928988
9,0,1,0,0,1,242.5990191668811
9,1,1,0,1,0,254.10408794649402
9,2,1,0,1,5,257.9508462466759
9,6,1,0,0,1,244.89784360563624
9,9,0,0,0,1,232.21393223137372
9,10,0,0,0,5,237.08802801809725
9,11,1,0,0,4,246.5410735026232
9,13,0,0,1,1,247.3569281225996
9,14,0,0,0,3,236.04313412711272
9,16,1,1,0,1,258.98813019806556
9,17,1,1,0,7,261.4940972697432
9,19,1,0,0,2,246.905928034629
9,20,1,0,0,1,241.11820128153013
9,21,1,0,1,1,256.17879320971537
9,22,1,0,0,2,244.05465824246158
9,23,1,0,0,1,240.49545218670002
9,28,0,1,0,1,242.35940146378408
9,30,1,0,0,3,245.57572093326772
9,31,1,1,0,1,259.04857537057967
9,32,1,1,1,6,273.4123902992919
9,33,0,0,1,0,241.26757656390544
9,34,0,0,1,2,240.02679706128936
9,35,0,0,1,7,243.56009572602818
9,37,0,0,0,2,231.54194259511485
9,39,0,0,0,4,228.7075175596647
9,42,0,0,1,7,256.90851764442425
9,43,1,1,1,1,273.0745930035865
9,48,0,1,0,3,245.89904050779248
9,49,0,1,0,0,241.8421584330847
9,50,0,1,0,0,238.34352242975166
9,51,0,1,0,6,244.2788290827509
9,54,1,0,0,5,241.62494513225678
9,55,0,0,0,3,230.58777269316906
9,56,0,0,0,4,225.25805704936803
9,57,0,0,0,2,229.54626208268084
9,58,0,1,0,3,248.70298243550798
9,0,0,0,0,1,224.84509624668473
9,1,0,0,0,5,234.68969962463436
9,5,1,0,0,0,244.52933092292093
9,7,1,1,0,0,257.56361537292946
9,8,1,1,0,2,261.57302573520263
9,9,1,1,0,4,260.3303758345467
9,11,0,0,1,3,246.3577523511704
9,12,0,1,1,3,262.3896759654022
9,14,0,1,0,0,241.4961348117732
9,20,1,0,0,5,244.57377334829567
9,25,0,1,0,3,246.77010447741
9,27,0,1,0,2,244.0406637586617
9,28,0,0,0,2,233.67451940829162
9,30,1,1,0,0,254.36908560388167
9,32,1,1,0,5,263.602877843234
9,34,0,1,0,5,244.21643259583857
9,35,0,1,0,3,244.24113447492113
9,41,1,1,0,5,259.08937888934713
9,43,0,0,0,5,234.12183110024074
9,44,1,0,1,7,258.031886439272
9,46,1,0,0,6,254.9610290153134
9,47,1,1,0,1,258.73872672194466
9,48,1,1,0,5,254.92236109222506
9,49,1,1,0,7,256.6385206794645
9,50,1,0,0,2,242.85715220065282
9,51,1,0,0,3,240.37909978345118
9,52,1,0,0,6,254.54582911168163
9,55,1,0,0,5,242.1253618635958
9,56,0,0,0,7,238.49367749619424
9,59,0,0,0,6,231.71289079074361
9,0,0,1,0,3,244.33968320068965
9,3,0,0,0,7,240.9820735528159
9,7,0,0,0,7,248.0347791716216
9,8,1,0,1,3,259.23909556287583
9,9,1,0,1,7,272.9815986617838
9,11,1,1,0,0,258.1281404264238
9,12,1,1,0,7,273.39622571185834
9,14,0,0,1,2,242.6591982067711
9,15,0,1,1,5,260.5115591180118
9,17,1,1,0,1,256.11126492919834
9,19,1,0,0,1,248.29998586739853
9,23,0,0,0,1,227.65607098651734
9,26,1,1,0,4,260.95920429839435
9,28,0,1,1,1,259.1755172375852
9,29,0,1,0,6,250.39247765607388
9,30,0,0,0,3,235.16399383648243
9,33,1,0,0,5,245.41280315206052
9,35,1,0,0,0,239.96821986324372
9,38,0,0,0,2,229.05352590568688
9,44,0,0,1,2,244.18406496242656
9,45,0,0,1,0,243.31171142582045
9,47,0,0,1,4,241.5168177113216
9,48,0,0,1,6,245.12614756219244
9,49,1,0,1,6,257.29663907897077
9,50,0,0,1,5,242.010116938771
9,51,0,0,0,4,224.69485659019347
9,56,1,1,0,0,254.65719311597397
9,57,1,1,0,3,259.3034462841933
9,58,1,0,0,7,255.94337840247235
9,59,0,1,1,6,258.88890386852063
9,0,0,0,1,7,258.6864945133301
9,3,1,1,0,2,259.6114171220699
9,4,1,0,0,0,241.62856731999838
9,5,1,0,0,2,250.06166207164557
9,6,1,0,0,4,245.8170875232922
9,10,0,1,0,0,242.58485174220314
9,11,0,1,0,6,249.68841740706048
9,13,1,0,0,2,244.2301418505533
9,14,1,0,0,4,243.0465368362044
9,15,1,0,0,0,244.08125097192126
9,20,0,0,0,4,230.57543848448748
9,21,1,0,0,7,260.474833738359
9,23,0,1,0,1,239.76524419385606
9,24,0,1,1,5,259.0776777637569
9,28,0,1,0,7,256.2302071923868
9,33,0,1,0,2,242.71482684852492
9,35,0,1,0,0,240.50115308140747
9,39,1,1,0,5,256.6410343394292
9,40,1,1,0,7,276.9172848733178
9,41,0,1,0,2,250.07564623469068
9,49,0,0,1,2,244.27283780685553
9,50,0,1,1,1,253.58040097756728
9,51,0,1,1,2,254.94808866845074
9,52,0,0,1,0,239.90448638733142
9,53,0,0,1,0,240.26153792097477
9,54,0,0,1,3,241.78808671739546
9,55,0,1,0,7,247.32298551507552
9,57,1,1,1,1,272.49707527115515
9,4,1,0,0,6,258.2465381462447
9,6,1,1,0,2,258.26503108117026
9,7,1,0,0,1,241.4299333993454
9,9,1,0,0,2,243.96220239582732
9,10,1,1,0,1,258.9173857791922
9,11,1,1,0,2,259.88311395557065
9,12,1,0,0,3,241.67095621039508
9,13,1,0,0,6,253.8565264657067
9,15,0,0,0,0,231.04723211717663
9,17,0,0,0,7,243.5493628812017
9,21,0,1,1,6,266.9023630321459
9,22,0,1,1,3,259.044979647478
9,27,0,1,0,3,251.3134705197027
9,28,0,1,1,6,262.51862320852433
9,29,0,1,1,1,257.8820434938764
9,32,0,0,0,0,227.15005568472978
9,33,0,0,0,5,234.48046537112833
9,35,0,0,1,4,240.5819808379244
9,37,0,0,1,5,242.45301768053204
9,41,0,1,0,4,245.47158019662285
9,45,0,1,0,4,243.05347974058054
9,46,0,1,0,0,241.45076547743693
9,47,0,1,0,6,243.34840184587185
9,50,0,0,0,3,230.9572975598843
9,51,0,0,1,4,242.7939362437211
9,52,1,0,1,5,256.30407928641466
9,53,0,0,1,5,242.18162572342268
9,54,0,0,0,2,229.58295415529628
9,55,0,1,0,2,244.93315613431426
9,6,1,0,1,4,262.29493436915715
9,7,0,0,1,6,245.38698079442756
9,8,0,1,1,4,259.1852751707612
9,9,0,1,1,0,258.47472829740275
9,10,0,1,1,0,255.86706669361112
9,11,0,1,1,7,275.55611927414003
9,12,1,0,0,6,245.7586391642144
9,13,0,1,0,6,249.2314445928408
9,14,0,1,0,7,249.5628448196802
9,15,0,0,0,7,242.6265659096589
9,16,0,1,0,5,244.39112249910937
9,19,0,1,0,6,249.19352136994195
9,21,1,0,0,4,240.41050921007843
9,25,1,0,0,5,251.47213351645522
9,31,0,1,0,5,251.41841188231848
9,33,0,1,1,6,256.90324056001975
9,34,1,0,1,0,257.2869268339342
9,40,1,0,0,5,244.75479036756107
9,43,0,1,0,6,261.5055373831108
9,47,1,0,0,0,237.44293606045213
9,48,1,0,0,2,239.92231931775729
9,49,1,1,0,6,267.67551149494307
9,51,1,0,0,7,254.4662132864476
9,52,0,1,0,1,242.14828728437809
9,53,0,1,0,2,243.1140971763534
9,54,0,1,0,4,243.85965407732732
9,55,0,1,0,4,245.25430259614765
9,57,0,1,0,2,245.59968142159056
9,58,0,1,0,7,259.8615400975478
9,59,0,0,1,7,245.90008568529544
9,3,1,0,0,5,247.84170322906388
9,6,1,0,0,7,257.8589373519526
9,10,1,0,0,5,247.16589193455067
9,17,0,0,0,0,230.08559436633078
9,18,0,0,0,7,249.83157984340087
9,20,0,1,0,7,259.8645878821702
9,22,0,0,0,3,225.05945887544505
9,23,0,1,1,5,257.42608085290266
9,26,0,1,0,2,240.03314372205836
9,27,0,0,0,2,231.82186169496492
9,29,0,1,0,4,245.8861881154297
9,30,0,1,0,6,250.91497469882512
9,32,1,1,0,4,257.7276913215298
9,33,0,1,0,7,261.34820600195627
9,34,1,0,0,4,243.70173453581228
9,35,1,0,0,6,254.52567308684618
9,37,1,1,0,2,259.1091626178076
9,38,1,0,0,0,241.6710942882667
9,39,1,0,0,2,245.04144960925709
9,41,0,1,0,3,248.1103770798102
9,45,0,0,1,1,243.71555273696606
9,48,0,0,1,4,242.3730034336365
9,49,0,0,1,1,241.14840143777752
9,54,1,0,0,4,241.86338942586403
9,57,0,0,1,7,249.24004982615327
9,58,0,0,0,1,231.2680360930233
9,6,1,1,0,1,258.9291383547477
9,7,1,1,0,7,262.6465807514001
9,9,0,0,0,2,235.91761141801632
9,10,0,1,0,5,250.74613610935342
9,11,0,1,1,0,258.85995302088867
9,12,0,1,1,7,276.17876572702227
9,13,0,0,0,1,233.4317181141117
9,19,1,0,1,2,259.0756550468626
9,22,0,0,1,6,243.0713741766541
9,23,0,0,1,5,242.8599564441235
9,24,0,0,0,6,232.00254208421558
9,25,0,0,0,2,235.6758760969129
9,31,0,0,0,0,228.47291221343028
9,34,0,0,0,4,228.74059059566827
9,36,1,0,0,1,244.70649253983368
9,38,1,0,0,1,241.2665464384252
9,40,1,0,0,3,247.15210881541176
9,41,1,0,1,6,260.7470727632376
9,42,0,0,1,4,241.62539861678673
9,45,0,0,1,4,241.34132079036354
9,46,0,0,1,4,241.00824780828765
9,54,0,0,0,3,230.0794071733658
9,1,0,0,0,4,227.3412620432199
9,4,0,1,0,5,249.2579531740334
9,13,1,0,0,3,245.91617300580646
9,14,1,1,0,7,263.64400899257515
9,16,1,0,0,1,245.70862046718725
9,17,1,0,0,7,262.13575945288204
9,18,1,0,0,7,258.3928120916701
9,22,1,0,0,7,245.09838989821367
9,24,0,1,0,5,245.30786041658664
9,25,1,1,0,3,256.80447672775307
9,26,1,0,0,7,258.19211883724876
9,27,1,1,0,1,258.96986988326097
9,28,1,1,0,4,261.75992721141665
9,34,0,1,0,0,241.1461583851792
9,35,0,1,0,7,256.7158779637838
9,36,0,0,0,0,228.3066690096492
9,42,1,1,1,7,280.00565055387057
9,43,0,1,0,5,245.14569386131603
9,44,0,1,1,7,255.37977156033185
9,48,1,0,0,5,240.46116210416798
9,50,0,0,0,7,243.3484325265397
9,53,0,1,0,4,239.6950530999555
9,54,1,1,0,6,260.40026061225535
9,56,0,1,0,6,248.3608929162491
9,57,0,0,0,7,240.32993471612934
9,2,0,1,0,5,241.3563620501372
9,6,0,0,0,3,234.05020510992105
9,9,0,0,0,5,235.3738840139252
9,10,1,0,0,1,245.61178120113857
9,15,0,0,1,0,241.8804462680778
9,16,0,0,1,2,245.07820802678833
9,18,0,0,1,1,245.0145226627285
9,19,0,0,0,0,229.20443805191331
9,22,1,0,1,5,257.8670613226627
9,24,1,0,0,0,243.58148885547803
9,25,1,0,0,2,248.24519096715093
9,32,0,0,1,2,242.76588766505125
9,34,0,1,1,2,256.17759629125743
9,35,0,1,1,5,254.88458228261715
9,36,1,1,0,5,257.06552560961563
9,37,1,1,0,6,272.1971024947754
9,40,0,1,0,1,243.11665181158568
9,42,1,1,0,3,260.0771664782678
9,43,1,1,0,5,262.3858928030858
9,44,0,1,0,7,258.1547571987219
9,45,1,0,1,3,258.0982358946167
9,50,1,1,0,7,271.6677997026468
9,55,1,1,0,2,259.5106672136258
9,56,1,0,0,7,254.69194028287444
9,59,0,1,0,4,245.36375119042836
9,0,1,1,0,1,260.4804420796809
9,1,1,1,0,5,261.07542613506814
9,4,0,1,0,4,240.90398644604858
9,6,0,1,0,3,248.70650240358404
9,9,1,0,1,5,262.88420494192235
9,11,0,0,0,2,229.98464060216048
9,14,1,0,0,6,257.07248159976865
9,17,1,1,0,2,258.29162166137183
9,18,1,1,0,7,264.0586019759748
9,20,0,1,0,2,245.59812523287076
9,21,0,1,0,5,246.02390684418583
9,23,1,1,0,5,255.8396761186981
9,24,1,1,0,4,261.01390439363337
9,25,1,1,0,1,255.61921428244327
9,26,1,1,1,1,277.36068860802493
9,27,1,1,0,6,267.388839616984
9,30,1,0,0,5,244.05228589975277
9,31,1,0,1,1,256.71116247103845
9,32,1,0,0,0,242.33815665092726
9,33,1,0,0,0,241.92782232111622
9,35,1,1,0,0,258.96835068428646
9,37,1,1,0,3,261.97099072665867
9,40,0,1,0,4,244.07554864425524
9,41,0,1,0,0,243.69626957690662
9,44,1,1,0,3,259.47760487927275
9,46,1,1,0,7,273.878112526283
9,48,0,0,1,3,243.12893383672673
9,49,0,0,1,5,246.40855633343338
9,51,1,0,0,6,243.40621837459875
9,56,0,1,0,1,241.72965311250599
9,57,0,1,1,5,256.31759051564416
9,2,0,0,0,3,236.0943615090615
9,12,0,0,0,2,233.69613542145177
9,17,0,1,0,7,259.6399061007971
9,18,0,0,0,1,232.05521738560708
9,22,0,0,0,0,225.2513743041477
9,25,0,0,0,6,234.8423721940897
9,26,1,1,0,7,262.5490080541722
9,27,0,1,1,3,263.88365351625066
9,30,1,0,0,1,243.6593942786863
9,31,1,0,1,4,256.05487485958633
9,33,1,0,0,7,255.7326592559374
9,35,0,1,0,2,247.14423965423978
9,36,0,1,0,2,246.0448295251362
9,37,0,1,0,1,241.29008115029265
9,38,0,1,0,6,243.39754810316117
9,42,0,1,0,6,251.09953619004145
9,47,0,0,1,3,243.99563946615285
9,50,1,0,0,1,242.20602032361325
9,51,1,0,0,1,241.40350652298105
9,52,1,0,0,4,240.68726189032787
9,53,1,0,0,6,244.84019225891709
9,54,1,0,0,6,244.57395520258115
9,57,0,0,0,0,223.96376167320653
9,5,1,0,0,1,248.22850639287324
9,6,1,0,1,7,261.67702894642645
9,13,1,1,0,4,260.2403258683837
9,14,0,1,0,3,251.17175606543992
9,19,0,1,1,7,269.28246541320624
9,22,1,0,0,5,243.88358729440284
9,23,0,0,0,3,234.44694203768432
9,24,0,0,1,2,246.0234022653658
9,25,0,0,1,7,257.5347695836333
9,28,0,1,0,6,249.17562058563016
9,35,0,0,0,5,233.06190349234546
9,37,0,0,1,7,260.29083778362724
9,38,0,1,0,5,244.7942135948166
9,39,1,1,0,2,260.4889698875661
9,40,1,0,0,4,243.07528988584366
9,41,1,0,0,6,246.43832434645304
9,42,0,0,0,4,232.2551831945745
9,43,0,0,0,2,232.67114150507157
9,46,1,0,0,7,243.39043896636693
9,50,0,0,1,3,253.18982249340044
9,56,1,1,0,7,257.4712155750205
9,2,1,0,0,5,245.39391738660942
9,6,1,0,1,3,276.583947840432
9,8,1,1,1,0,272.9908289676307
9,9,1,1,1,6,271.74376233103067
9,10,0,1,1,2,261.5144633011424
9,11,0,0,1,5,246.79270990894372
9,15,0,1,0,2,247.29371375687475
9,18,0,1,0,6,256.5596139853029
9,19,0,1,0,4,246.56439157714394
9,22,0,1,0,3,243.91136307542234
9,27,0,0,1,0,242.59682955399816
9,30,0,1,0,5,249.5102632765107
9,31,0,1,1,1,257.6436835878282
9,32,0,1,0,7,253.4948678547729
9,34,1,0,0,0,240.67979376346983
9,35,1,0,0,4,244.06468478021637
9,37,0,1,0,6,252.80455405531967
9,39,0,0,1,5,243.46323460929904
9,40,0,0,0,4,228.49932413249417
9,45,0,0,1,3,244.64043320007727
9,50,0,0,0,0,225.83518852213842
9,51,0,0,0,2,228.01554927835892
9,53,0,1,0,5,244.4145492463672
9,54,1,1,0,5,256.0893567124702
9,55,0,1,1,7,268.4357285981983
9,11,0,1,0,4,243.79083304534976
9,12,1,1,0,0,257.75135736052556
9,14,1,1,1,6,274.9750143566775
9,15,0,0,1,6,245.32904875331155
9,19,1,1,0,1,257.71731678037463
9,20,1,1,0,0,255.43808597412058
9,21,1,1,0,4,254.7188665952935
9,22,1,1,0,1,256.1504874528735
9,23,1,1,0,4,259.40428551611683
9,26,0,1,1,7,271.8714461554363
9,28,1,0,1,7,271.4218251040635
9,29,0,1,0,2,246.6097133454628
9,32,1,0,0,1,242.86739430379004
9,34,1,0,0,2,242.31808036270067
9,35,1,1,0,7,257.5586201244848
9,36,0,1,0,6,247.36026840328523
9,37,0,0,0,5,229.04718504382177
9,41,0,0,1,7,258.1587584270976
9,42,1,1,0,6,273.5890001050723
9,47,0,0,0,2,234.98553752144775
9,48,0,1,0,5,242.83209686456678
9,53,0,1,0,0,238.46759050937987
9,58,0,1,0,1,241.3048148947912
9,1,1,0,0,7,244.92490773757225
9,2,1,0,0,3,258.1807710960773
9,3,1,0,0,7,261.2027817015918
9,9,0,0,0,3,233.87232830331186
9,11,0,0,0,6,232.64491876051036
9,14,1,0,1,5,261.2978199234567
9,20,1,0,0,3,247.20083619121766
9,23,0,1,0,6,246.25295296063862
9,26,0,1,0,3,246.2021059388997
9,29,0,1,0,5,244.8405035895317
9,31,1,1,0,4,259.17013934583395
9,34,1,0,0,5,242.2205543997191
9,37,1,0,1,2,257.4577966484354
9,38,1,0,1,7,278.5455313205508
9,42,0,0,0,5,229.78819859007362
9,47,0,0,1,7,260.6511213743438
9,53,0,0,0,1,227.050783289163
9,55,1,0,0,3,244.55480530662112
9,57,1,1,0,0,253.5515963030382
9,59,0,0,0,1,230.2725574763131
9,2,1,0,0,7,251.19054734374097
9,6,0,0,0,1,232.57897007866893
9,8,1,0,0,7,243.66221942707978
9,9,0,0,1,4,244.64585561935925
9,10,0,0,1,5,250.95615037574024
9,12,0,0,1,6,250.7841220596279
9,13,0,1,1,0,258.84164260104694
9,16,1,0,0,0,243.65460195415176
9,17,1,0,0,4,245.77145389232655
9,19,1,0,1,6,262.4277233106595
9,20,1,0,1,1,259.4236787708421
9,21,1,0,1,0,255.3719318935088
9,22,1,0,1,7,268.813890792818
9,25,0,0,1,5,245.73502795640178
9,27,1,0,1,3,262.4505975807067
9,29,1,1,0,1,254.64357284772055
9,30,1,1,0,3,257.70246629293246
9,35,0,1,0,1,240.22242321579324
9,43,1,1,0,7,275.1245268922416
9,49,0,1,0,3,247.0112379171382
9,50,0,1,1,7,266.123122624302
9,52,0,1,1,2,258.42348907626484
9,54,0,0,1,7,257.141297799807
9,57,1,0,1,5,260.6054882875225
9,59,1,0,0,3,247.2564849042608
9,1,1,0,0,1,241.35331289683847
9,2,1,0,0,6,245.7152307749299
9,4,1,0,0,1,245.9823122625486
9,5,1,0,0,6,250.69955605587177
9,8,1,0,0,2,244.23763669439273
9,9,1,1,0,3,261.13481809076984
9,18,1,1,0,5,262.76345980337845
9,19,0,1,1,6,258.72700685306353
9,20,0,1,1,1,258.03715084719175
9,23,0,1,0,3,243.56323494850164
9,27,0,0,0,6,230.75076492487707
9,30,1,0,0,6,248.89328603121606
9,31,0,0,0,7,246.90797900325185
9,33,1,1,0,6,260.34843431815784
9,34,1,0,0,6,245.5415531225578
9,37,1,0,0,1,242.38436416272586
9,42,0,1,1,7,270.3084298611828
9,43,0,1,1,3,266.27476547083455
9,45,0,0,0,2,232.02307288255486
9,47,0,1,1,7,261.025917307877
9,48,0,1,1,1,256.9648151959069
9,50,0,0,0,2,226.2596213373181
9,51,0,1,0,0,240.0898873668791
9,54,0,1,1,1,256.4095990855871
9,57,0,1,0,0,239.68865459121966
9,58,0,1,0,6,252.47947957702044
9,0,0,0,1,4,244.11853977743735
9,1,0,0,1,6,245.4580120879252
9,2,1,1,1,6,286.93007486516467
9,3,1,0,1,7,261.3434811644006
9,4,1,1,0,2,258.2553009410612
9,7,1,1,0,2,257.07319991717526
9,8,1,1,0,5,259.325238975384
9,9,0,1,1,5,262.309394542945
9,11,1,1,0,3,258.2773509328971
9,14,1,0,0,0,239.91398923275287
9,16,1,0,0,6,252.00199284934826
9,25,0,1,1,1,257.82954293328834
9,36,0,0,0,5,235.1349652007367
9,41,0,0,1,5,244.984311155647
9,46,1,0,0,2,243.51947919971718
9,48,1,1,0,4,256.3190608111893
9,49,1,1,0,1,254.59049919007705
9,53,1,1,0,3,256.4917494956844
9,54,1,0,0,0,238.99881717871025
9,56,1,0,0,4,240.3706169206187
9,58,0,1,1,1,257.5032977353148
9,2,1,0,1,3,256.6694335877604
9,6,0,0,0,4,234.47819962643104
9,8,0,0,0,0,227.32870249672644
9,12,1,0,0,1,243.1269732520483
9,13,1,0,1,7,272.74502341739577
9,14,0,0,1,0,241.56670097565717
9,16,1,0,1,6,258.23076212521187
9,23,1,1,1,2,272.07366082308494
9,24,1,0,1,0,255.91487603561674
9,25,1,0,1,4,259.53861289076684
9,26,1,0,1,2,268.2103487198132
9,28,1,0,1,1,258.168380186625
9,29,1,0,0,1,245.01635299992836
9,32,0,0,1,4,242.9815879250358
9,33,1,0,1,1,257.88258702639274
9,39,0,1,0,7,255.7616736188697
9,41,0,1,0,7,259.6936270478583
9,54,1,0,0,1,240.1747058285908
9,57,1,0,0,3,246.45821976617503
9,58,1,0,0,1,242.58043988213254
9,59,1,0,0,2,243.21750999305948
9,0,1,1,0,6,270.1756575369517
9,3,0,1,0,3,245.98462047667385
9,4,0,0,1,2,248.14565916335235
9,5,0,0,1,4,246.60416160192477
9,6,0,0,1,4,245.50755956013182
9,9,1,1,0,0,256.5806852087898
9,10,1,1,0,0,258.9807706719432
9,11,1,1,0,6,261.20834933898954
9,13,0,1,0,2,249.0110878258337
9,19,0,0,1,3,244.90320588561383
9,21,0,1,0,1,243.22552549386708
9,22,0,1,0,7,261.62185809516996
9,24,1,0,0,1,244.81970847479238
9,30,0,0,0,0,228.49274645378978
9,32,1,0,0,4,243.38360665106563
9,36,1,0,1,1,257.3989645023226
9,37,1,0,0,2,247.49314419663762
9,39,1,1,0,3,256.42685242205516
9,44,1,1,0,6,260.91072632517944
9,49,0,0,1,0,240.98420124336653
9,50,0,0,1,0,240.80267721132617
9,52,0,0,0,5,229.38269380069315
9,53,0,0,0,7,241.08633859329788
9,54,0,1,1,0,254.98610907893664
9,55,0,1,1,2,257.95907951364853
9,56,0,0,1,0,240.65525842444677
9,57,0,0,1,6,254.75977639093526
9,58,0,0,1,5,241.84455502823727
9,0,0,0,1,5,245.36981294237867
9,8,1,1,1,3,274.7185310128075
9,9,1,1,1,0,271.6077898991984
9,10,1,1,1,0,273.81601502695736
9,11,1,1,1,3,275.46112960837536
9,12,1,1,0,5,258.9433922909398
9,13,0,1,0,3,250.10639690262633
9,16,0,1,1,6,271.40368935276047
9,17,1,0,1,2,258.3948495017366
9,18,1,0,1,0,255.54363961157068
9,19,1,0,1,4,258.3174173868274
9,22,1,0,1,1,258.0631285838227
9,25,0,1,1,4,258.4999918095078
9,26,1,1,1,7,270.1047108343532
9,28,1,1,0,2,262.25381264628095
9,29,1,1,0,2,257.7280419978738
9,31,1,1,1,1,276.8020201526246
9,32,1,1,0,0,255.5319058349158
9,33,1,1,0,1,256.40441313101917
9,34,1,1,0,0,254.7957380025287
9,35,1,1,0,4,257.8653267930794
9,37,0,1,0,3,243.41465229954127
9,39,0,0,0,2,232.05572840452635
9,44,1,0,0,4,242.8090414414596
9,46,0,0,0,6,241.8857952215057
9,50,0,1,0,4,239.2976231893973
9,53,0,1,0,1,239.15239785080598
9,54,0,1,1,5,257.7316906722547
9,55,1,1,0,0,254.9697815324885
9,56,1,1,0,4,256.5409944516557
9,58,1,1,0,2,258.31518013338723
9,7,0,1,1,3,262.05374448908964
9,13,0,0,0,2,234.46748637701836
9,17,0,0,0,3,232.3948410407269
9,18,0,1,0,4,247.43811191980944
9,19,0,1,0,2,251.68004884053204
9,27,1,0,0,5,244.1874404648716
9,28,0,0,0,1,230.8279122351749
9,34,0,0,1,4,240.17265184003523
9,45,0,1,0,7,260.6719504200961
9,50,0,0,1,4,242.06612316106043
9,51,0,0,1,2,239.51633415797832
9,54,1,0,1,3,254.44440902458288
9,57,1,1,1,4,272.4653391378437
9,8,0,0,0,2,229.12359385209334
9,15,0,1,1,0,256.98088511849664
9,16,0,1,1,0,257.3735459578058
9,17,0,1,1,2,261.51171581784473
9,18,0,0,1,0,245.15277328231633
9,19,0,0,1,4,243.7444033700215
9,22,1,1,0,2,258.27330630935506
9,24,0,0,0,7,242.69431803874215
9,28,0,0,0,5,229.79310061393014
9,41,0,1,1,1,256.44992243902607
9,47,0,1,1,0,255.124588278573
9,48,0,1,1,3,257.94082131801775
9,53,1,0,0,5,238.50326060387425
9,59,0,1,0,3,248.08223537511586
9,2,0,1,0,3,247.33547835408638
9,8,0,1,0,4,241.77966596311387
9,9,0,1,0,1,242.5613463100437
9,13,0,1,1,7,274.82201341859485
9,16,1,1,0,6,260.46144543259
9,18,0,1,0,2,244.24222986427225
9,20,0,1,0,4,245.67041179016442
9,21,1,1,0,1,255.05724921491222
9,22,1,1,0,3,260.7231429945762
9,23,1,1,0,7,258.148250714754
9,30,0,1,0,7,259.8032941866163
9,31,1,1,0,5,260.0767119259166
9,32,1,1,0,7,277.063965245873
9,34,0,1,0,1,245.50072707584192
9,35,0,1,0,6,245.0659184813447
9,40,0,1,0,2,245.74540021116005
9,44,0,1,0,2,246.26898414111525
9,50,1,0,0,6,244.91647630408178
9,55,1,1,0,5,259.2500292255863
9,58,1,0,0,5,245.40946135036447
9,0,1,0,0,4,243.2217455110028
9,4,0,0,1,7,259.6891195272165
9,10,0,0,0,1,229.75098792988462
9,14,0,0,0,5,231.5495908478339
9,26,1,0,0,1,241.76095793413884
9,29,1,0,0,0,244.0941971335626
9,30,1,0,0,0,242.99742631444397
9,36,1,0,0,3,254.10700086355962
9,38,1,0,0,4,244.5861318879863
9,40,0,1,1,1,261.7589967850431
9,44,1,0,0,5,246.23391481195875
9,49,0,1,0,4,241.37134895547152
9,56,0,0,1,2,241.8341574989679
9,57,0,0,1,0,243.62882726473657
9,8,1,0,1,4,259.1695071598847
9,11,1,1,1,4,275.8445087060441
9,12,0,1,1,2,262.0449743103762
9,13,0,0,1,7,260.4822773251385
9,14,0,1,1,5,261.3817967233835
9,16,0,0,1,0,241.79365036199357
9,17,0,0,1,4,244.20086306818388
9,19,0,0,1,5,242.74234750398287
9,22,1,0,0,0,242.2442509193824
9,24,1,0,0,7,243.62525172091273
9,33,1,0,1,4,256.838601672774
9,34,1,0,1,7,269.40632779862517
9,38,1,0,1,0,254.82875174770655
9,39,1,0,1,4,256.38183072705897
9,46,0,1,0,4,246.09132124280114
9,58,0,0,0,0,227.96808920565178
9,0,0,1,0,0,242.41669234777444
9,1,0,1,0,3,243.9323963805936
9,5,1,1,0,3,260.7235367649274
9,7,1,0,0,5,244.29712580563813
9,8,0,0,0,5,233.7834670374802
9,10,1,1,0,2,259.9325567327718
9,12,1,0,1,3,262.0388515745493
9,14,1,0,0,5,244.58424068868968
9,16,0,1,1,4,259.10320055866316
9,17,0,1,1,1,259.26833097523325
9,18,0,1,1,5,258.979830498991
9,19,0,1,1,4,260.0049615757818
9,34,0,1,0,4,241.00969608715076
9,39,1,0,0,7,253.59364905450482
9,43,0,0,1,1,241.25025653327413
9,50,0,0,1,7,242.69837971749834
9,52,0,0,0,6,236.58159018211248
9,59,0,0,1,2,241.72550276728822
9,0,0,0,1,0,244.52988387226486
9,1,0,0,1,4,242.1679944333897
9,2,0,0,1,7,245.1896963325605
9,8,1,0,0,5,253.70859316933178
9,11,1,1,0,4,258.2773045921952
9,13,1,1,0,1,259.5867193515509
9,14,1,1,0,0,259.52496484821245
9,15,1,1,0,4,262.3378139905048
9,24,0,0,1,5,242.3044822171393
9,25,0,0,0,5,232.9658272495865
9,26,0,0,1,1,242.1777553501487
9,35,1,0,0,1,241.67165099254535
9,41,0,0,1,4,245.2360458584886
9,46,1,1,0,3,255.19094397756072
9,47,1,1,0,2,254.93245247597466
9,51,1,1,0,3,260.84955602582016
9,52,1,1,0,4,254.51813048569832
9,56,0,1,0,2,243.77969701535957
9,2,0,1,0,2,244.53629135456418
9,3,0,0,0,6,234.33450517770837
9,5,1,1,0,1,259.9882142813437
9,6,1,1,0,7,276.7581592726008
9,10,1,0,0,7,244.6430215065287
9,15,1,1,1,2,277.20395303820055
9,16,1,0,1,2,259.6199782332661
9,17,1,1,1,1,272.6352566364438
9,18,1,1,0,4,256.7121368092148
9,19,0,1,0,5,247.11516797201332
9,23,0,0,0,2,232.9347014371192
9,24,0,1,0,7,261.99472998636185
9,25,1,0,1,7,260.32745536559185
9,37,1,0,0,7,258.00517296185524
9,46,0,1,1,2,254.9774458224005
9,51,1,1,1,7,286.75111779454585
9,8,0,1,1,7,271.275077853674
9,10,1,0,0,6,253.17401388400768
9,23,0,1,1,0,256.29628291918885
9,24,0,1,1,7,272.1254819712168
9,28,1,0,0,3,246.6725116992074
9,30,1,0,0,2,246.75790876400777
9,31,1,1,0,2,259.633399721616
9,35,0,1,1,4,258.858167371936
9,36,1,1,1,4,276.038864328421
9,37,0,1,1,6,258.0771349607622
9,38,0,0,1,5,245.14763920700878
9,44,0,1,0,4,240.94294169657098
9,56,0,0,1,3,241.57662258142537
9,58,0,1,0,4,244.21135803117662
9,0,0,1,0,2,242.64455179812433
9,3,0,0,0,0,225.848310705634
9,6,0,1,1,1,258.1016472060631
9,9,0,1,1,2,259.9680293716051
9,11,0,1,1,4,258.9136363174565
9,12,1,1,1,6,285.4455128262502
9,13,0,1,1,5,260.6097461114817
9,15,0,1,0,4,246.77941776575784
9,16,0,1,0,7,256.69667084936884
9,20,0,0,0,0,228.0313916902934
9,22,0,1,0,1,244.16627929203696
9,24,0,1,0,4,243.71462674665332
9,25,0,1,0,1,244.50877962325106
9,26,0,1,0,6,246.66197819425804
9,34,0,0,0,5,232.20139578635394
9,35,0,0,0,3,231.89878072078372
9,36,0,1,0,5,244.10646133669061
9,37,0,1,1,1,255.19673894905318
9,39,0,1,0,0,240.68328042419165
9,48,0,0,0,3,234.02015842342882
9,55,0,0,0,0,223.68530762283453
9,5,0,0,1,5,244.07359475986524
9,12,0,1,0,2,245.9494194460976
9,14,1,1,0,6,267.57891224987185
9,16,0,0,0,0,227.59007740611125
9,17,0,0,0,1,230.4847049905675
9,32,0,0,0,7,240.9291894184774
9,35,0,1,0,5,248.4339072984022
9,43,1,0,0,3,245.94617204148523
9,45,1,1,0,5,260.8933046052217
9,47,1,1,0,7,272.03285628137587
9,49,0,0,0,4,229.20046647988752
9,57,0,1,1,3,257.06746693526156
9,0,1,1,0,2,258.1804441982893
9,4,1,0,0,3,247.55014957033237
9,5,1,0,0,4,243.58039274360007
9,15,1,0,1,4,260.1478732830704
9,16,0,0,1,5,246.99235084617206
9,17,0,0,1,5,247.43233049003447
9,28,0,0,1,7,258.41601243439055
9,31,1,0,0,3,248.99712543037518
9,32,1,1,0,1,255.02309138979
9,33,1,1,0,5,257.5835610024551
9,34,0,1,0,7,243.03354917225641
9,38,1,0,1,4,258.108971309687
9,40,1,0,1,6,260.48547958606036
9,45,0,1,0,0,242.4887736095253
9,55,1,0,0,1,243.24594964687185
9,56,1,0,1,5,257.08921340054854
9,57,1,0,0,2,242.2991919202068
9,58,1,1,0,1,255.14343765377137
9,2,1,1,0,4,258.09180494852035
9,3,1,1,0,3,257.6966712016422
9,5,1,0,0,3,250.13811989552383
9,7,0,1,1,1,258.6882646276628
9,11,0,1,1,6,258.25513045321674
9,12,0,0,1,7,259.6829086613037
9,20,1,0,0,4,243.81035848339732
9,31,0,1,1,3,257.593357563893
9,33,1,0,0,3,243.98518363000227
9,34,1,1,0,5,261.68264770422263
9,43,0,0,0,0,227.88084274166752
9,46,1,1,0,2,254.81224738180356
9,47,1,0,0,1,239.35801440038958
9,48,1,0,1,7,275.2959103242864
9,49,0,0,0,7,237.5737745536485
9,50,0,1,0,6,244.14009348986693
9,57,0,0,1,1,241.71806295262076
9,4,0,0,0,1,234.41367712531115
9,12,1,1,0,6,258.7247130323444
9,16,1,0,0,7,258.44640479767764
9,21,1,0,0,3,244.63456832130686
9,23,1,0,0,6,244.17694656028314
9,24,1,1,0,3,264.47905978731427
9,26,1,1,0,5,272.51451123387363
9,30,1,1,0,5,256.32549743329497
9,31,1,1,1,2,279.29699220255765
9,32,1,1,1,5,274.56595991647475
9,40,0,0,0,6,232.37833610949605
9,42,0,1,0,5,246.63926931963923
9,46,1,1,1,5,274.01575035430756
9,47,0,1,0,7,254.32753583381356
9,48,0,1,0,6,246.59941200985642
9,52,1,1,0,5,253.4063688568749
9,54,0,1,1,7,268.9270887299223
9,55,1,0,0,2,244.67848319182428
9,0,0,1,1,4,260.7091170955997
9,1,0,1,1,0,256.3292860693276
9,2,0,1,1,3,258.0329814247711
9,6,0,0,1,5,245.66330993265979
9,7,1,0,1,2,259.3692636371836
9,8,1,1,1,7,285.48118448309293
9,12,0,1,0,1,244.65939572469122
9,13,0,1,0,5,248.84161452456593
9,18,0,0,1,5,244.27700972784945
9,31,0,0,0,3,232.87923044970051
9,45,1,0,0,4,244.39646747274946
9,46,1,0,0,4,241.8292948633392
9,49,1,0,0,5,244.53057184645925
9,50,0,0,1,1,240.22421394559763
9,51,0,0,1,7,253.74754182816395
9,55,1,1,0,7,275.7982414212283
9,56,1,1,1,1,270.0442324319492
9,0,0,1,0,7,257.5341912257436
9,1,0,1,0,4,240.28167769328542
9,5,1,0,0,5,246.25958657256297
9,7,0,1,0,6,248.12131943944186
9,24,1,1,0,6,263.1246475291218
9,29,1,0,0,7,259.8636701627502
9,34,0,1,0,6,254.8264207862541
9,37,1,0,0,4,245.84499089366332
9,41,0,0,0,1,230.62768201036266
9,42,0,0,1,2,241.7704957406273
9,43,0,0,1,4,241.5804251566857
9,46,0,0,1,5,241.9092123420349
9,1,0,0,1,1,245.6907309928081
9,5,1,0,1,2,259.5249933035953
9,6,1,1,1,1,274.28268050536013
9,7,1,1,0,4,258.5445057479903
9,10,0,1,0,1,244.14781123242747
9,11,0,1,0,5,243.87563417327306
9,20,0,0,1,7,247.41687715787114
9,26,0,1,1,2,260.50003032162795
9,27,0,1,1,4,264.2737100785185
9,36,0,0,0,4,232.55019144821944
9,55,0,0,1,3,241.15904346465197
9,5,0,1,0,7,258.12555009252264
9,6,1,0,0,5,249.13715352575406
9,7,0,0,1,0,244.8377712572555
9,13,1,1,0,6,261.7806184460175
9,15,1,1,0,6,261.59082078666876
9,17,0,1,0,1,241.7850159897309
9,21,1,0,0,2,239.61512045397822
9,22,1,1,0,0,255.6151992668286
9,28,1,0,0,2,247.99193791519286
9,31,1,0,1,3,260.21339400961074
9,40,1,1,0,3,262.21622722572084
9,41,1,1,1,7,283.6971067879375
9,42,1,1,0,2,258.6363951519833
9,45,1,1,0,6,269.9134548202376
9,46,1,1,0,0,254.77147669442303
9,48,1,1,0,3,254.2961898770737
9,2,1,1,1,4,272.66621602596473
9,12,1,1,0,2,257.36636330544013
9,13,1,0,0,7,245.43739498329285
9,20,1,1,0,6,257.57798948189514
9,27,0,0,0,5,230.7076170637185
9,28,1,0,0,7,262.25415419013717
9,30,1,1,1,7,285.01492415271025
9,34,1,0,0,7,257.3368720021611
9,35,1,1,1,1,274.29223923278664
9,36,1,1,0,6,268.0967697365362
9,51,0,0,0,7,237.06162746552658
9,52,1,0,1,1,255.78685181518082
9,53,1,0,0,3,244.06059685058852
9,54,1,0,0,2,242.30128639264655
9,56,1,0,0,0,239.50338503712516
9,57,1,0,0,0,243.07272757965086
9,59,1,1,0,0,255.92591510383164
9,1,1,0,0,0,241.17584627858605
9,31,0,1,0,1,245.10576238637447
9,36,1,0,0,4,242.12627014633884
9,38,0,0,0,3,235.2549592272407
9,41,1,1,0,6,269.34789607559514
9,42,0,0,0,2,231.81980901178972
9,47,1,0,0,6,248.94864412901146
9,49,0,1,1,7,269.586015537321
9,1,1,0,0,5,245.55309941277383
9,4,0,1,1,0,259.38099389398695
9,5,0,1,1,7,274.6353232869432
9,21,0,0,1,6,248.72066604309973
9,24,0,1,1,3,260.69517061899677
9,27,0,0,0,7,229.5533497403812
9,33,0,1,1,5,256.24925104520236
9,46,0,0,1,6,245.44674276716967
9,47,1,0,1,7,272.9691518199635
9,48,1,0,1,2,254.6027171238297
9,49,1,0,1,3,254.09265070653532
9,52,1,0,0,3,239.66431560979996
9,55,0,1,0,6,253.37007257493238
9,0,1,0,0,7,255.65046788238325
9,1,0,1,1,3,259.8399508344985
9,3,0,0,1,0,245.008512400066
9,4,0,0,1,3,247.0998472276559
9,11,0,1,0,3,245.1222486255797
9,19,0,0,1,0,241.97565505198966
9,23,1,0,0,5,247.0452678499682
9,29,1,0,0,3,248.17500861866546
9,41,1,0,0,4,245.02193556786355
9,45,1,1,0,2,256.59430855873927
9,48,1,1,1,6,274.82644612174545
9,50,1,1,0,4,256.43649051042786
9,53,0,0,1,3,242.33243249846447
9,54,0,1,0,0,238.79677677695258
9,55,0,1,0,3,246.44689091766284
9,57,0,0,1,4,245.26403650476334
9,2,1,0,0,0,241.57196636062838
9,5,1,0,0,7,258.206830596299
9,8,1,1,1,5,273.46996785595115
9,9,1,1,0,7,264.99258149735954
9,16,0,0,0,1,229.03402065405754
9,25,1,0,0,4,246.67994207435478
9,26,0,0,0,6,231.3808098554847
9,44,0,1,0,0,241.26106975401868
9,48,1,0,0,0,239.96772893080714
9,58,1,1,0,6,269.3098924104162
9,1,0,1,1,2,259.17413776925775
9,2,0,0,1,5,242.2257670468819
9,36,0,1,1,6,259.14998749171633
9,37,1,0,1,1,262.4457459452739
9,40,0,0,1,3,243.77168951651737
9,47,0,0,1,1,241.82236425649046
9,49,0,0,1,6,242.4206567754882
9,50,0,0,1,6,243.4472138218452
9,58,0,0,0,5,235.1489843269681
9,18,0,1,0,1,243.39227418733918
9,23,0,1,0,0,241.44257804903438
9,32,1,1,0,6,259.03366126006995
9,34,1,0,1,3,259.88250822074747
9,35,1,0,1,6,258.3667979783711
9,41,1,1,0,2,260.97456833146913
9,42,1,1,0,7,259.2997900866575
9,43,0,1,0,1,244.31957631279315
9,50,0,1,0,3,244.87121720064312
9,52,0,0,1,1,239.95710424673302
9,59,0,1,1,1,257.0182444894302
9,3,0,1,0,1,243.29104513110428
9,4,0,1,0,6,247.10291853769615
9,12,1,0,0,4,242.31880029694432
9,14,1,0,0,2,242.40453145481467
9,16,1,0,0,5,246.61836340323245
9,17,0,0,1,6,247.0847328148148
9,18,0,1,1,4,259.1388892469873
9,20,1,1,1,6,279.80428240858436
9,21,0,1,1,7,276.7746898847755
9,26,1,0,0,6,248.1659847553727
9,39,1,0,0,5,244.83396082258264
9,43,1,0,0,6,256.9524554287047
9,45,1,1,1,7,273.755406649982
9,46,1,0,1,4,256.98527955073433
9,48,0,1,1,5,260.40330146439624
9,50,1,1,0,6,257.44629566366285
9,53,0,1,1,7,271.61179739984823
9,7,0,0,1,2,246.5595627055044
9,16,1,1,0,7,273.43670998163145
9,22,1,0,0,1,244.95691573895087
9,23,1,0,1,3,259.2266846152662
9,33,0,1,1,2,256.6728836053657
9,34,0,1,1,7,272.6732813749034
9,38,1,1,0,2,259.86250341303753
9,42,1,0,0,2,246.6425746914894
9,44,0,1,0,5,248.2821519370718
9,45,1,1,0,3,260.6323048622629
9,46,1,1,1,1,271.1847196950065
9,47,1,1,0,3,261.2758718053155
9,48,1,0,0,3,243.13179681353293
9,51,1,1,1,4,270.88111852592147
9,52,0,1,1,7,270.67669508531344
9,54,1,1,0,2,255.8636049485545
9,56,0,1,0,4,244.32579787453426
9,15,1,1,0,0,257.76049901389865
9,17,1,1,0,6,269.9637873595115
9,20,0,1,0,0,240.86587321642614
9,21,0,1,0,2,241.76545303334154
9,29,0,0,1,5,245.8886198436182
9,36,0,1,0,0,240.5072620400571
9,41,1,0,0,3,254.68707091249433
9,42,1,1,0,4,258.5408293178128
9,51,1,1,0,7,268.97938052654746
9,58,1,0,1,6,260.15974912020846
9,59,1,0,1,4,258.5416780371148
9,0,0,0,1,6,246.296754438028
9,1,0,1,1,5,256.46677975895767
9,5,1,1,0,4,260.5882528805947
9,18,0,0,1,3,247.1257471910114
9,21,1,0,1,3,257.67213300582705
9,23,1,1,1,4,272.0131230022711
9,24,1,1,1,1,272.9474307935713
9,25,1,1,1,1,271.2941497225271
9,26,1,1,0,6,259.8311648975473
9,0,0,0,1,3,244.08455416294814
9,2,0,1,1,1,256.7621299978841
9,3,0,1,1,5,261.387002822723
9,15,0,0,1,1,243.76891813508206
9,21,1,1,0,3,255.77756408502572
9,25,0,0,0,0,229.18885185846125
9,38,0,1,0,4,239.534073201968
9,39,0,1,0,4,244.8668844718469
9,40,1,1,0,1,257.7620067152243
9,41,1,1,1,1,272.3150648545539
9,46,0,0,1,7,259.3054522375752
9,48,1,0,0,4,241.7880615480654
9,55,1,1,0,4,257.5609878471365
9,4,0,1,0,7,256.8277600144643
9,15,0,1,0,6,251.18894117285845
9,17,0,0,0,5,230.8149905150167
9,31,0,0,1,5,242.17090230799568
9,38,0,1,0,2,245.6879913553286
9,41,0,0,1,1,240.3510086035335
9,42,0,0,1,6,242.76513326727562
9,43,1,1,1,3,275.32575266516704
9,55,1,1,0,1,256.38969125469174
9,2,1,0,0,4,243.10595120586652
9,4,1,1,0,3,264.07641360315284
9,5,1,0,1,1,259.98449868229545
9,7,0,1,1,5,259.3221644986673
9,11,0,1,0,1,242.81970539180224
9,15,0,1,1,2,259.8677206604234
9,16,0,0,1,7,241.64581753545997
9,20,1,0,0,6,245.6332507093093
9,33,1,1,0,3,257.46543969348943
9,34,1,1,0,6,261.2869707491371
9,38,1,0,0,7,255.36159902319076
9,49,1,1,0,0,253.1382337031342
9,51,1,0,1,7,269.4236910065299
9,58,1,0,0,6,243.97883289033135
9,9,1,1,0,1,257.80102289251647
9,10,1,1,0,3,259.1573486809888
9,12,0,1,0,6,244.5611492592465
9,16,0,1,0,3,246.5585316486874
9,28,1,1,0,1,258.70437658104953
9,29,1,1,0,3,259.40768804640436
9,48,1,0,0,7,250.90546070664178
9,52,0,0,1,7,253.10550706459918
9,53,0,0,1,2,244.20557742023522
9,56,0,1,1,6,264.6675627552498
9,57,0,1,1,2,257.44856532796524
9,18,0,1,1,1,258.13909576347913
9,27,1,0,0,3,245.25264082635871
9,29,0,0,1,6,247.47998302488296
9,30,0,0,1,3,248.0707824234448
9,34,1,1,0,1,258.117575700869
9,37,0,1,0,0,239.04380393742784
9,40,1,0,1,2,260.30796950538104
9,41,1,0,1,4,260.8736844244557
9,42,1,0,1,5,256.72224397837016
9,45,0,0,0,4,229.9351306950473
9,6,0,0,1,1,245.746437603651
9,14,1,1,1,0,274.4966731839596
9,15,1,1,1,7,292.3837620602551
9,47,0,0,1,0,241.68853759551104
9,49,1,1,1,3,271.8988005043516
9,50,1,1,0,1,256.0955859549714
9,51,1,1,0,2,255.48554764834415
9,52,1,0,0,7,243.59697857797286
9,55,1,0,0,4,244.3520293648247
9,1,1,0,1,1,254.64221699018745
9,13,1,1,0,0,257.30889704557717
9,14,1,1,0,1,260.19398398463005
9,15,1,1,1,4,278.85200055156326
9,19,0,1,0,3,248.6637698756694
9,20,0,0,1,1,245.29327826474446
9,28,0,0,1,6,248.11196512376986
9,29,1,1,1,7,286.1456845193828
9,31,0,1,0,7,257.6480991199034
9,36,0,1,0,3,248.50803593780702
9,37,0,1,0,5,244.77168412315152
9,38,0,1,1,4,252.01339495452524
9,40,0,1,1,5,262.516732987361
9,5,1,1,0,5,264.4918334060938
9,21,0,1,1,3,262.49840903538546
9,24,1,1,0,0,255.92224024762797
9,39,1,1,0,7,260.1307619895055
9,42,0,0,1,5,242.2314194374945
9,0,1,1,0,7,277.1640004231106
9,2,0,1,1,5,257.23015283126466
9,9,1,1,0,2,259.60693982757624
9,13,1,0,1,1,258.94561525039524
9,17,1,0,0,5,245.7860674172416
9,20,0,1,1,2,259.32451197054445
9,31,1,0,0,1,243.968687911367
9,33,1,0,0,4,244.22317685016586
9,36,0,1,1,1,256.36261256191574
9,43,1,0,0,7,244.26039419086717
9,45,1,0,1,6,264.37555462213993
9,46,0,1,1,7,273.4191315143649
9,47,1,1,0,6,259.8340883182604
9,55,0,1,1,3,256.6137319052843
9,56,0,0,1,7,254.55188218899846
9,4,0,1,1,7,275.1483977797438
9,8,1,0,1,6,261.3938392524118
9,9,0,1,1,4,259.5970712249427
9,16,1,1,1,2,276.603408138391
9,17,1,1,1,7,286.240469329733
9,22,0,0,1,3,244.1314585763937
9,29,0,1,1,4,260.94122904936194
9,45,0,1,0,5,242.83432317686305
9,56,0,0,0,2,224.85319923725217
9,10,1,1,0,4,261.37914039857486
9,30,0,0,1,1,245.99814047697654
9,39,0,1,0,6,248.14516268254584
9,46,0,1,1,0,254.67738405053666
9,5,1,1,1,5,278.7653343027052
9,20,1,1,0,2,255.2816727042499
9,22,1,1,0,5,258.50941051524956
9,23,1,1,0,6,272.69174009066893
9,29,1,1,0,4,254.64638658202406
9,31,1,1,0,0,257.9242297067081
9,39,1,1,0,4,260.3211786293881
9,40,1,1,0,0,256.9407094169495
9,41,1,1,0,1,256.6628816906339
9,42,1,1,0,1,257.9642880529667
9,43,1,1,1,2,272.8255878036033
9,44,1,0,1,3,268.69841419496464
8,45,1,1,0,5,259.0312053278358
8,46,1,1,0,6,260.0348122672789
8,47,0,1,0,1,243.76336651735926
8,48,0,1,0,3,245.06452409282926
8,49,0,0,0,2,232.251738579943
8,50,0,1,0,5,246.49795633686333
8,51,1,1,1,6,274.73325365229255
8,52,0,1,1,7,266.83121891089445
8,53,1,0,1,0,253.61546314385944
8,54,1,0,1,2,259.1272291163836
8,55,1,0,1,2,259.75464504652166
8,56,1,0,1,0,256.9292314311148
8,57,1,0,1,5,258.5642275459148
8,58,1,0,1,3,258.94420263234224
8,59,1,0,1,6,261.3776537934126
8,0,0,0,1,3,245.9520877311778
8,1,0,0,0,7,232.08062281734402
8,2,0,0,0,3,228.33018029721774
8,3,0,1,0,0,244.88585002716889
8,4,0,1,0,6,247.10673340423824
8,5,0,1,0,6,245.99344930950227
8,6,1,0,0,4,246.92353339151276
8,7,0,0,0,3,230.89310855597174
8,8,0,0,1,4,246.66346964732986
8,9,0,0,1,3,245.46670217430827
8,10,0,0,0,6,229.95909750575797
8,11,0,1,0,4,246.26883353599695
8,12,1,1,0,4,261.72997362228085
8,13,0,1,0,2,245.01024100739812
8,14,0,0,0,0,229.60859123117586
8,15,0,0,0,1,230.5879557059985
8,16,0,0,0,7,243.75156297305648
8,17,1,1,0,4,262.3437619786805
8,18,1,1,0,1,263.1052761294898
8,19,1,1,1,0,274.96327966312435
8,20,1,1,1,5,281.01415345545627
8,21,0,1,0,3,249.15738444928948
8,22,0,0,0,5,232.02724122082208
8,23,1,0,0,2,247.62393902202
8,24,1,0,0,4,248.5266440561086
8,25,0,0,0,3,233.4366368941567
8,26,0,1,0,7,263.1295941690974
8,27,0,0,0,4,232.50816023952058
8,28,1,0,0,6,250.39190681916259
8,29,0,1,0,7,258.5565962710825
8,30,0,0,0,0,231.95508529718893
8,31,0,0,0,5,235.55726160886306
8,32,1,0,0,1,244.7187587329487
8,33,1,0,0,4,244.6254239280133
8,34,0,0,0,1,231.50471491384332
8,35,0,0,0,6,233.57164789013
8,36,0,0,0,0,231.77247215824087
8,37,0,0,0,2,234.58625584778562
8,38,0,1,0,7,261.10550675942153
8,39,1,0,1,5,263.73798693928603
8,40,0,0,0,4,231.4885786200702
8,41,0,0,0,6,230.41064302439955
8,42,0,0,0,3,229.5264194736206
8,43,0,0,0,7,240.1891304960878
8,44,0,0,0,0,230.36023553612256
8,45,0,0,0,1,229.83943977759242
8,46,0,0,1,2,245.78064401163763
8,47,0,0,1,5,243.4379835364433
8,48,0,0,0,3,230.30073563258108
8,49,0,1,1,1,259.90067696112965
8,50,0,1,0,4,242.29513023337543
8,51,0,1,0,5,245.6192703305386
8,52,0,1,0,2,245.88408518613048
8,53,0,1,0,1,244.5632393338402
8,54,0,1,1,0,257.7155249082417
8,55,0,1,1,5,260.7679283457597
8,56,0,1,1,6,259.1648480937797
8,57,0,0,1,5,243.07411930105638
8,58,0,0,0,5,228.09057589128335
8,59,0,0,0,5,230.3334066195468
8,0,1,0,0,0,243.48814328388082
8,1,1,0,0,3,244.73913368083498
8,2,1,1,0,6,260.9936520544394
8,3,0,0,0,2,228.97035358702513
8,4,0,0,0,7,230.64834449616126
8,5,1,0,0,7,244.8891669447128
8,6,0,0,0,4,230.82701157900823
8,7,0,0,0,7,231.4983305729326
8,8,1,0,0,1,244.96350679534928
8,9,1,0,0,1,246.13545047216542
8,10,1,0,0,5,253.03088552890887
8,11,1,0,0,7,254.76928712234425
8,12,0,0,0,2,227.78110356733447
8,13,0,0,0,7,242.45977105803567
8,14,0,0,1,1,248.13492158288764
8,15,0,0,0,6,242.67838582709027
8,16,0,0,0,5,230.48458888156298
8,17,1,0,0,2,246.11616260911526
8,19,1,1,1,3,279.85858237584176
8,20,1,1,0,7,270.94974569417576
8,21,1,1,1,4,281.61383249436363
8,22,0,1,1,5,272.20914623062436
8,23,0,1,0,5,250.15339255831793
8,24,0,1,1,1,264.04961723284566
8,25,0,1,0,0,247.33246527348217
8,26,0,1,0,4,248.23131530609737
8,27,0,1,0,7,262.64843863427626
8,28,1,0,0,2,250.35611098787086
8,29,1,1,0,0,260.131735830592
8,30,1,1,0,5,264.74740830022455
8,31,0,1,0,4,247.96975822609062
8,32,0,1,0,4,249.86239516702938
8,33,0,1,0,2,248.47609879803642
8,34,0,0,0,3,232.26194660344876
8,35,0,1,1,1,260.2305930850917
8,36,0,1,0,2,246.68843173426188
8,37,0,1,0,4,246.42012569309088
8,38,1,1,0,0,258.04351236692537
8,39,1,1,0,1,257.3163318986442
8,40,1,1,1,5,278.23923185541935
8,41,0,1,0,7,250.11770586987032
8,42,0,0,1,1,241.31913891356515
8,44,1,1,0,7,269.01179701203563
8,45,0,1,0,1,242.86487937644995
8,46,0,1,0,2,244.34873315560972
8,47,0,0,0,1,228.6690487503408
8,49,0,0,0,3,229.96067368194144
8,50,0,0,0,0,228.91921321676864
8,51,0,0,0,7,232.09639213508086
8,52,0,1,0,3,246.20435510731514
8,54,0,1,0,2,246.25588519759896
8,55,0,0,0,0,228.79638213982236
8,56,0,0,0,3,229.3993522935169
8,57,0,0,0,4,229.41814436316199
8,58,1,0,0,4,245.54302386274614
8,0,0,0,0,1,229.09808724844297
8,1,0,0,0,2,228.2027151446687
8,2,0,0,0,0,228.1182346657939
8,3,0,0,0,3,229.41639808064593
8,4,0,1,0,4,246.91715341903054
8,5,0,1,0,7,246.51984833248804
8,6,0,0,0,0,230.6732437529131
8,7,0,0,0,5,230.41687239794194
8,8,0,0,0,6,230.5512397894158
8,9,0,0,0,7,229.61643796843222
8,10,0,0,0,4,230.1486592345885
8,11,0,0,0,4,229.95889250798237
8,12,1,0,0,7,257.6822491403623
8,13,0,0,0,6,229.34439260350177
8,14,0,1,0,6,246.98605182311408
8,15,1,0,0,0,245.32410773584638
8,16,1,0,0,1,244.30305485179284
8,17,1,0,0,4,246.12246445535675
8,18,0,0,0,5,232.2087057827073
8,19,1,0,0,5,248.13568414598112
8,20,0,0,0,0,230.30998463056662
8,21,0,0,0,6,230.90812444261564
8,22,0,0,0,4,231.3974893332553
8,23,0,0,0,1,233.30344889636652
8,24,0,0,0,3,233.0783377785272
8,25,0,0,0,2,233.0457445362808
8,26,0,0,0,4,231.57589826287094
8,27,0,0,0,0,232.55107547785252
8,28,0,0,0,0,231.46096410672297
8,29,0,0,0,3,232.58859121099
8,30,0,0,0,6,231.70441847333797
8,32,0,0,1,2,249.11121801491134
8,33,0,0,1,7,262.382014965288
8,34,0,1,0,6,248.4407675418036
8,35,0,0,0,1,232.0713745993359
8,36,0,0,0,7,241.4436401769136
8,38,1,1,0,4,261.31101401265175
8,39,0,1,0,4,245.60913140913397
8,40,0,1,0,4,248.6885723039505
8,41,1,1,0,4,261.1841758328526
8,42,0,1,0,3,246.9840061251302
8,44,1,1,0,6,263.4945139728178
8,45,1,1,0,2,261.2969520644384
8,46,1,0,0,0,241.1782948071916
8,47,1,0,0,0,241.974908688272
8,48,1,0,0,4,242.48376794643752
8,49,1,0,0,7,252.4214767742657
8,50,0,0,0,4,230.4401979728304
8,51,0,0,0,6,231.75787012692686
8,52,0,0,0,0,231.7964291688944
8,53,0,0,0,4,232.22003587858688
8,54,0,0,0,7,236.6870451919749
8,55,0,0,0,1,231.378565687489
8,56,0,0,0,2,229.8307845844936
8,57,0,1,0,6,248.2341380862786
8,58,0,0,0,3,228.66856998474577
8,59,0,1,0,6,246.98234089940746
8,0,0,0,0,5,229.13303248413987
8,1,0,0,0,6,228.33804606164614
8,2,0,0,0,1,228.14494164682435
8,3,0,0,1,1,246.14680941712817
8,4,0,0,1,1,247.30509774092712
8,5,0,0,0,6,231.63208153484572
8,6,1,1,0,4,261.08835287751623
8,7,1,1,0,7,267.17472478404073
8,8,0,0,0,7,230.953431402841
8,9,0,1,0,6,245.52991212305918
8,11,0,1,0,1,246.16652928627994
8,12,0,1,0,6,246.15585840315964
8,13,1,0,0,0,244.30320208306586
8,14,1,0,0,7,255.96958507714737
8,15,0,1,0,3,247.55128476521594
8,16,0,0,0,6,230.19259271943062
8,17,0,0,0,4,230.14213011040354
8,18,0,0,0,4,232.1509666890506
8,19,0,0,0,7,244.37487569735742
8,20,0,0,0,4,230.48934432905844
8,21,0,0,0,1,229.89368648044035
8,23,1,0,0,1,248.25191558557142
8,24,1,0,0,3,247.35112350007276
8,25,1,0,1,6,264.42024546973204
8,26,0,0,1,4,252.65007653408807
8,27,0,0,1,7,264.52751448312716
8,28,1,0,1,1,262.3782475953137
8,29,1,0,0,6,247.09527283397415
8,30,0,1,0,7,263.0358408149013
8,31,0,1,0,7,264.22589251525244
8,32,0,0,0,0,232.61157196300374
8,33,0,0,0,2,233.7625201341325
8,34,0,1,0,0,245.5630577204538
8,35,0,1,0,3,246.76250823168778
8,37,0,0,0,4,232.64368876266212
8,38,0,0,0,3,232.3000003727656
8,39,0,1,0,2,245.91539800634547
8,40,0,0,0,7,236.29246923206415
8,41,0,1,0,4,244.35191765547248
8,42,0,1,0,0,244.91962816450277
8,43,0,1,0,1,247.24869140447962
8,44,0,1,1,3,263.8349235034962
8,45,0,1,0,6,249.62616531359913
8,46,0,1,0,5,246.95637649189476
8,47,0,1,0,0,245.28414056686566
8,48,0,1,0,4,242.72442207647646
8,49,0,1,0,7,244.49523532320202
8,50,0,1,0,2,245.73898781986182
8,51,0,0,0,2,230.90635264779627
8,52,0,0,0,1,231.4257037369307
8,53,0,0,0,3,231.4383762714403
8,55,0,1,0,4,243.05590081800193
8,56,1,1,0,1,258.36424964292263
8,57,1,1,0,6,260.5538895041637
8,58,0,0,0,1,228.77712664731067
8,59,0,0,0,2,229.5802909744449
8,0,0,1,0,3,246.1207340549709
8,1,0,1,0,6,243.4755807987772
8,2,1,0,0,3,247.61800272615525
8,3,1,0,0,6,245.2024702525764
8,5,1,1,1,1,275.8574620266596
8,6,1,1,1,6,280.3419735559564
8,7,0,0,1,7,247.96090914015582
8,8,0,1,0,1,244.43169229836556
8,9,0,1,0,4,244.4204393654346
8,10,1,1,0,5,262.2998332306127
8,11,0,1,0,2,245.96258673428088
8,12,0,0,0,1,227.48429838283047
8,13,0,0,0,1,228.96297205429408
8,14,0,0,0,2,229.7888346256684
8,16,0,1,0,1,246.47099749983465
8,17,0,1,0,0,247.6193611884336
8,18,0,1,0,0,246.1892299719259
8,19,0,1,0,3,247.28676039606535
8,20,0,1,0,7,259.28032168193505
8,22,0,0,0,3,243.5892107933606
8,24,0,0,0,5,232.0944481706205
8,25,1,0,0,7,257.1711778113123
8,26,0,0,0,3,231.89698352001648
8,27,0,0,0,7,251.23932212184758
8,28,0,0,0,6,232.0392319287087
8,29,0,1,0,1,245.48721049594815
8,31,0,1,0,5,249.93007022695744
8,32,0,1,0,3,252.09043560121538
8,33,0,1,0,5,250.34707470793154
8,34,0,1,1,6,263.1621933631723
8,35,1,0,1,4,263.14345727478616
8,36,1,0,1,6,265.30698779370636
8,37,0,0,1,5,247.59120135057879
8,38,0,0,0,6,231.0438737699261
8,40,1,1,0,2,261.72656309169804
8,41,1,0,0,6,245.9722239998593
8,42,0,1,0,1,245.02652888506717
8,43,0,1,0,5,247.07627589075574
8,44,0,1,0,4,243.63951920683002
8,45,0,1,0,4,242.95932062293062
8,46,0,1,0,7,248.15585620570937
8,47,0,1,0,7,247.31837348868876
8,48,0,1,0,1,244.13302391250437
8,49,0,1,0,5,244.5442558082077
8,50,0,1,1,0,252.50376410740228
8,51,0,1,1,5,256.57507585260515
8,54,0,1,0,6,246.7620733750006
8,55,0,0,0,3,233.08687726116352
8,56,0,0,0,5,230.72710900989128
8,57,0,0,0,1,229.85119391146605
8,58,0,0,1,5,244.1343983749694
8,59,0,0,1,3,247.56718149192494
8,0,0,0,1,4,246.5630346109976
8,1,1,0,1,3,259.0974125371843
8,2,1,0,0,1,246.74842902458786
8,3,1,0,0,7,245.23700345062656
8,4,0,1,0,7,246.57211197988295
8,5,0,0,1,4,245.91081223874318
8,6,0,0,1,1,248.15526461026982
8,7,0,0,0,6,230.77964646351742
8,9,0,1,0,1,245.53044013713958
8,10,0,1,0,2,244.7448498923307
8,11,0,0,0,5,229.19206847863188
8,12,0,0,0,0,227.36334703625724
8,13,0,0,0,3,229.25091964215818
8,14,0,1,0,7,257.5220030140432
8,15,0,1,0,4,247.58389703241804
8,16,0,1,0,2,246.02115487999563
8,17,0,0,0,5,230.1626185779589
8,18,0,0,0,2,232.02110457327905
8,19,0,1,0,4,247.926652322213
8,20,1,1,0,6,265.363059836082
8,22,0,1,0,4,250.48071688457483
8,23,0,1,0,1,248.29190033990866
8,24,0,1,0,5,251.126156846704
8,25,0,1,0,1,248.89201432094916
8,26,0,1,0,3,249.4013682091314
8,28,0,0,0,3,232.84540168438755
8,29,0,1,0,3,245.5696706718355
8,31,0,0,0,4,233.09769479046844
8,32,0,0,0,6,235.3024199130433
8,33,1,0,0,0,243.28428395832415
8,34,1,0,0,7,262.06748345623396
8,35,0,0,1,1,245.03541766466802
8,36,0,0,1,4,244.41025698623093
8,38,0,0,0,0,228.78781109537147
8,39,0,0,0,1,232.02557192330175
8,40,0,0,0,6,233.49921079354726
8,41,0,0,0,1,229.6580881235441
8,42,0,0,0,1,229.70775094294905
8,43,0,0,0,5,230.36350236274106
8,44,0,0,0,6,230.26968001313827
8,47,0,0,1,2,244.6499253922492
8,48,0,0,1,5,244.44011701006974
8,49,1,0,0,1,242.92462796171606
8,50,1,0,1,2,264.0222521759487
8,51,1,0,1,2,260.05390875765113
8,52,1,0,1,5,260.66835719027813
8,53,1,0,0,3,244.0096752770926
8,54,1,1,0,5,256.80328119703717
8,55,0,1,0,2,243.43969512377538
8,56,0,0,0,6,230.36728284944562
8,57,1,0,0,7,250.43133275274565
8,58,0,1,0,5,246.63587672955282
8,59,0,1,0,5,246.79253696719732
8,0,1,1,1,1,273.0765428132284
8,1,1,1,0,7,261.2221889844222
8,2,0,0,1,4,247.81346776142658
8,3,0,0,1,6,248.27462664675045
8,4,0,1,1,2,261.1640054973055
8,5,0,1,1,0,257.81444452592194
8,6,0,1,1,5,265.24102300967655
8,7,0,1,0,1,244.2064824168473
8,8,0,1,0,3,244.87391808749163
8,10,0,0,0,1,229.97988410184632
8,11,0,0,0,7,242.52919956933974
8,12,0,0,0,7,242.8966796625607
8,14,1,0,0,1,245.84876037014277
8,15,1,0,0,2,247.37205361606073
8,16,1,0,0,7,244.04302502554089
8,17,0,0,0,7,244.90250939908344
8,18,0,0,0,7,243.92056834826658
8,19,1,0,1,0,262.54991066858565
8,20,1,0,1,6,262.8293563720219
8,21,1,0,1,5,264.6337940066419
8,22,1,0,0,7,263.6276577944315
8,23,0,0,0,5,236.2222813492254
8,24,0,0,0,0,231.77730297946707
8,26,0,0,0,6,233.17923272766535
8,27,0,0,0,2,236.56365193311055
8,28,0,0,0,5,232.26795090678448
8,30,0,1,1,2,261.6349851639978
8,31,0,0,1,0,248.42952832431249
8,32,0,0,1,1,247.6478433328047
8,33,0,0,0,1,234.3392122844694
8,34,0,0,0,6,230.54140455726008
8,35,0,1,0,1,246.65026335193863
8,36,0,1,0,0,244.45059114687783
8,37,0,1,0,7,255.6970467543542
8,38,0,1,0,6,247.7540943266703
8,39,0,1,0,6,245.943229328808
8,42,0,0,0,6,229.54692800471327
8,43,1,1,0,4,258.10529686669287
8,44,0,1,0,0,241.1392144161166
8,46,0,0,0,1,229.3505070940291
8,47,0,0,0,2,229.66190302869362
8,48,0,1,0,7,251.05255762925668
8,49,0,1,0,1,243.53484357107328
8,50,0,1,0,1,241.25909173413663
8,51,0,1,0,1,244.2846716355512
8,52,0,1,0,0,242.24171298076737
8,53,0,1,0,6,252.01424244442634
8,54,0,1,0,4,242.8612036758369
8,55,0,1,0,6,243.89827336620215
8,56,0,1,0,2,245.24268186209747
8,57,0,0,0,3,232.34246978952098
8,58,0,1,0,0,242.78166876944502
8,59,0,1,0,3,246.202595677732
8,0,0,1,0,2,246.63299582187398
8,1,0,0,0,5,228.5769940915979
8,2,1,0,0,2,247.37907524802404
8,3,1,0,0,3,248.34424086041275
8,4,1,1,0,1,259.91983667616
8,5,1,1,0,5,262.90517135909676
8,6,0,1,1,1,263.97469426492233
8,8,0,1,0,4,243.98130018748188
8,10,0,1,0,0,245.00971601462257
8,11,0,1,0,0,246.33605012078615
8,12,0,1,0,4,246.05028763372098
8,13,0,1,0,7,245.42781548048637
8,14,0,0,0,6,239.74186934391406
8,15,0,0,0,7,230.12711844379993
8,17,0,1,1,4,261.09353305503
8,18,0,1,1,0,259.78981706060745
8,19,0,1,1,0,257.25160077033956
8,20,0,1,1,3,263.01718235531513
8,21,0,0,1,7,248.90502719704745
8,22,0,0,1,0,247.44983268231636
8,23,0,0,1,0,246.6810397194073
8,24,0,0,1,6,247.47905125177692
8,25,0,0,1,4,247.95029002923383
8,26,0,0,1,1,252.7661821482419
8,27,0,0,1,4,250.89632162440563
8,28,1,0,1,6,266.0979979620146
8,29,0,0,1,4,244.9127210682946
8,30,0,0,1,2,247.32172902662887
8,31,0,1,1,1,259.34748575873635
8,32,0,1,0,1,250.15595054990277
8,33,0,1,0,1,249.25338143881703
8,34,0,1,0,2,247.50819240011504
8,35,0,0,0,4,232.19487546216496
8,36,0,0,0,5,233.40639757360273
8,37,0,0,0,5,232.76036764391455
8,39,0,0,0,2,230.01352516457422
8,40,0,0,0,5,231.1086062885919
8,42,0,1,0,4,248.56220570489404
8,43,1,1,0,1,257.13940278404715
8,44,1,1,1,4,277.12395424187906
8,45,0,1,1,4,257.54490951696044
8,46,0,1,1,3,261.07596666458755
8,48,0,1,0,6,245.04624336344907
8,49,1,1,0,0,257.03641397304676
8,50,1,1,0,4,259.54620933204393
8,51,0,1,0,2,245.15434110149974
8,53,0,0,1,5,244.54977104899496
8,56,0,1,0,3,246.92997560551152
8,57,0,0,0,0,226.1156119654785
8,58,0,0,0,4,228.1183958606461
8,1,0,0,0,4,228.23546978372912
8,2,1,0,0,0,245.32140706074338
8,4,1,0,0,1,243.54310070248977
8,5,1,0,0,4,244.52198176303122
8,6,0,0,0,2,230.8240770718706
8,9,0,0,0,2,229.94874846183816
8,11,1,0,0,5,243.8598126553674
8,12,0,0,1,6,246.80545550327628
8,13,0,0,1,5,247.64265554391585
8,14,0,0,0,1,230.11337046547675
8,15,0,0,1,0,243.86679535390655
8,16,0,0,1,7,258.0316625007916
8,17,0,0,0,2,230.16413248022315
8,18,0,0,0,0,231.63667277222555
8,19,0,0,0,2,231.0824701858653
8,20,0,0,0,5,229.61375807083067
8,21,1,0,0,2,247.028801142937
8,22,1,0,0,3,247.97928503292033
8,23,1,0,0,7,248.0081151558828
8,25,1,1,0,3,265.1069338808181
8,26,1,1,0,6,274.23017767250917
8,28,0,1,0,2,247.513572117288
8,30,0,1,1,5,262.1926835062062
8,31,0,1,0,0,247.12193167323994
8,32,0,1,0,6,249.48206636344054
8,33,0,0,0,3,234.93789829698738
8,34,0,1,0,5,247.47809586668444
8,38,0,1,0,1,244.58817053226102
8,39,0,1,0,5,246.14383543874106
8,40,0,1,0,1,244.69465389246696
8,42,0,1,1,1,259.4229333428297
8,43,0,1,0,7,255.5963053906618
8,46,0,1,0,0,244.49067174095578
8,51,0,1,0,7,246.58556646348268
8,52,1,0,0,1,244.42292672732617
8,53,1,0,0,6,248.69585639108507
8,55,0,1,0,5,243.62899089019015
8,57,1,0,1,6,258.44679767019943
8,59,0,0,0,3,229.8054995301265
8,0,0,0,0,2,229.80213854022713
8,1,0,1,0,5,243.28774877941888
8,2,1,1,1,2,276.4024191822602
8,3,1,0,1,4,262.6656530584734
8,4,1,0,1,5,262.46488986055493
8,5,0,0,0,0,230.1897689225315
8,6,0,0,0,7,231.61454217922252
8,8,0,0,0,0,230.57807086497016
8,9,0,0,0,5,229.8201773430821
8,10,0,0,1,2,244.94868237183934
8,11,0,0,1,5,246.53051245908173
8,15,1,0,0,1,246.02272664864304
8,16,1,0,0,5,244.04972328609927
8,18,0,0,0,6,232.17427831953475
8,19,0,0,0,0,231.38739088687532
8,20,0,0,0,2,230.41118881837633
8,22,0,1,0,1,249.31926717587746
8,23,0,1,0,3,248.78785954593718
8,24,0,1,0,0,248.50625405343413
8,25,0,1,0,7,256.6490861717973
8,26,0,0,0,0,231.61957074597206
8,27,0,0,0,6,232.36253495373006
8,29,0,0,0,4,232.39267253552057
8,30,1,0,0,6,249.42478939243475
8,31,0,0,0,7,244.17834943968754
8,32,0,0,0,7,247.0881305868068
8,33,0,0,0,7,249.02648804463817
8,34,0,0,0,7,246.00045956229334
8,35,0,1,0,6,246.1062823828521
8,36,1,1,0,2,260.8837138105856
8,37,1,0,0,1,244.72552361544734
8,38,1,0,0,6,246.3891025037662
8,39,1,0,0,4,245.70608463592365
8,40,0,0,0,0,230.82214403743546
8,42,0,0,1,7,253.13431798674299
8,43,0,0,0,3,231.0126412956041
8,44,0,1,1,7,271.4538868750384
8,45,0,0,0,7,235.47995410644927
8,46,0,1,0,6,246.89629518463033
8,47,0,1,0,4,243.62698519578018
8,48,0,1,0,0,241.8251968848592
8,50,0,1,0,3,246.54481191953013
8,51,0,0,0,0,229.0013484222716
8,52,0,0,0,2,234.16421387816246
8,53,0,1,0,2,246.93428981194364
8,54,0,0,0,0,228.2577616352948
8,55,0,0,0,4,230.11684953576997
8,56,1,0,0,4,243.36694071057804
8,57,0,0,0,6,230.154099128287
8,58,1,1,0,3,261.421712776873
8,59,1,1,0,3,259.689701688579
8,0,1,1,1,6,276.302107831518
8,1,0,0,1,0,243.5385128995133
8,2,0,0,1,2,247.60736113313223
8,3,0,0,1,2,246.52454451861536
8,4,0,1,1,6,261.22204782835126
8,5,1,1,1,2,278.2951295731212
8,6,1,0,1,7,266.539309304969
8,7,1,1,0,5,263.11066685273113
8,8,1,1,1,7,284.2595678448416
8,9,0,0,0,3,229.976903571512
8,10,0,0,0,5,230.0502746768093
8,11,0,0,0,0,228.93580915630116
8,12,0,0,0,3,227.71089090204177
8,13,0,1,0,3,253.7563873375943
8,14,0,0,1,5,247.77084242388236
8,15,1,0,0,3,247.28334104273918
8,16,1,1,0,0,257.59754989930804
8,17,1,1,0,3,263.28756394380196
8,18,1,0,0,6,246.82215706670505
8,19,0,1,0,2,247.61722735452543
8,20,0,1,0,2,248.88457719893134
8,22,0,0,0,1,231.06935260186313
8,23,0,0,1,3,255.48589644122637
8,24,0,0,0,1,231.93836281508672
8,25,0,0,0,5,233.01105111368028
8,26,0,0,0,7,246.34440267692256
8,27,1,0,0,2,246.91731518678827
8,29,0,1,0,2,245.75154016085355
8,30,0,1,0,0,248.11524643165183
8,32,0,1,1,6,262.9700599371231
8,33,0,1,1,2,261.11786459918056
8,34,0,0,1,1,246.84807141301064
8,36,1,0,0,0,241.07132937838145
8,37,1,0,0,7,258.45141132964636
8,38,0,0,0,1,229.80091219918592
8,39,0,0,0,0,229.89489356906654
8,41,0,0,0,4,231.14260234213
8,43,0,0,0,1,230.2659849520939
8,44,0,0,0,2,230.48821552300495
8,46,1,1,0,1,259.97260596636113
8,47,1,1,1,5,276.0045004714274
8,48,0,1,0,5,244.8701492279771
8,49,0,1,0,0,242.55520922898472
8,52,1,0,0,7,253.0891763632186
8,53,1,0,0,4,243.94023725731705
8,54,1,0,0,5,241.82126370132164
8,55,0,0,0,7,236.31587569487348
8,56,0,0,1,1,242.30301644471805
8,57,0,0,0,2,230.25212203971117
8,58,0,1,0,3,246.74385143208224
8,59,0,1,0,7,250.97240766572847
8,0,1,1,0,1,259.88081148702025
8,1,1,1,0,6,261.1094224762022
8,2,0,0,0,5,229.08775512970453
8,3,1,0,0,2,245.63187327505386
8,4,1,0,0,4,246.5472591992577
8,6,0,0,0,1,230.42072974828173
8,8,1,0,0,6,248.10663059142394
8,9,0,0,0,1,229.3420649340565
8,10,0,0,0,0,229.84109455356264
8,13,0,1,0,5,245.5859720543281
8,14,0,1,0,0,247.00248677921812
8,15,0,1,0,6,251.7779277239376
8,17,0,0,1,1,247.74552107386359
8,19,0,0,0,1,229.76251135698433
8,20,0,0,1,0,244.09429673909125
8,21,0,0,1,0,245.79312153308925
8,22,0,0,1,1,249.44075166665948
8,24,0,0,1,1,247.7769122118665
8,25,0,0,1,1,245.8747684460794
8,28,0,1,0,5,246.74963122151615
8,29,0,1,0,0,245.60592986260806
8,30,0,1,0,1,247.87452345878214
8,31,0,1,1,3,260.81410636504114
8,33,1,0,0,6,255.98727861407636
8,34,1,0,0,0,243.77519146579155
8,35,1,0,0,3,248.13016108475372
8,36,1,0,0,5,246.21881527676868
8,37,0,0,0,1,232.0759394208545
8,38,0,0,1,5,248.50258668903453
8,39,1,0,0,3,248.14088236420042
8,40,1,0,0,5,246.37211535630345
8,41,0,0,0,0,228.4478836497914
8,42,0,0,0,2,229.6593458798765
8,44,0,0,0,3,232.9825716857137
8,45,0,0,0,4,231.09925510390076
8,46,1,0,0,6,247.06843417577366
8,47,0,1,0,2,247.21268425114803
8,51,0,0,0,4,231.8170778974397
8,52,1,0,0,0,243.03154138484012
8,53,1,0,0,7,250.5500269131521
8,54,0,1,0,1,243.6242405929293
8,55,0,1,0,0,241.62184031901185
8,58,0,0,0,0,228.4550242121838
8,0,0,0,0,6,229.79289203013695
8,2,1,0,0,4,246.68858610804645
8,4,0,1,0,1,245.96639904592806
8,5,0,1,0,3,246.66157922310117
8,6,0,1,0,0,247.32607160894466
8,7,0,1,0,0,243.68933599815296
8,8,0,1,0,0,244.56567292943961
8,10,1,0,0,7,246.69982487142713
8,13,0,0,0,5,229.1133106251202
8,14,1,0,0,0,245.52779466002076
8,18,0,0,0,1,232.58396186619836
8,19,0,0,0,3,231.1545343532425
8,20,0,0,0,3,230.44734222123748
8,22,0,1,0,0,246.58854771353313
8,24,0,1,0,3,250.29936069814227
8,25,0,0,1,3,245.3366383609262
8,27,0,1,0,6,247.7689457752762
8,28,0,1,0,1,247.37809561782862
8,30,0,1,0,6,250.73510204471438
8,31,1,0,0,7,262.8301995340975
8,33,1,0,0,5,246.1063460741509
8,34,0,0,1,2,246.3472373233525
8,35,0,0,1,4,247.65272458568433
8,36,0,0,1,7,258.48338741384856
8,37,1,1,0,0,257.6814604046999
8,38,1,1,0,1,261.45507631541454
8,39,1,1,1,5,273.4346130442684
8,40,0,1,0,7,254.1559792974741
8,41,0,0,1,0,240.57491146866874
8,42,0,0,1,6,245.50215287366996
8,43,0,0,1,1,244.57310459985234
8,44,0,0,0,5,232.8871413323304
8,45,1,0,1,4,258.5539645490158
8,46,0,0,1,5,247.34557894120456
8,47,1,0,0,3,243.30256998281862
8,48,1,1,0,6,258.7216714539644
8,49,0,0,0,1,228.75305578791819
8,50,0,0,1,0,242.4059543300995
8,51,0,0,1,5,242.0848931725162
8,53,0,1,0,4,242.6159279526864
8,56,0,1,0,5,247.35693948227518
8,57,0,1,1,7,264.48329220839827
8,58,0,0,1,3,249.49638717020196
8,59,0,0,1,7,250.97658769992722
8,0,0,0,0,3,229.71370418275202
8,2,0,0,0,4,229.0129118061254
8,4,1,0,0,2,246.64061706799572
8,7,0,0,0,0,230.64621260438412
8,9,0,1,1,4,256.21403681128004
8,10,0,1,1,0,259.20694156087035
8,11,0,1,1,2,260.511773357565
8,13,1,0,1,7,269.3889764526098
8,14,0,0,1,0,246.88450455126616
8,15,0,0,1,1,246.50055767035408
8,16,0,0,0,1,230.84781461800895
8,17,0,0,1,4,246.4785652930524
8,18,0,0,1,6,248.28920790320586
8,19,0,1,1,1,261.5159427237984
8,20,0,1,0,3,248.34987288755948
8,21,0,1,1,5,265.89669169383114
8,22,0,1,0,6,253.5708216887327
8,23,1,1,0,6,265.43315567113535
8,24,1,1,0,4,266.756941599909
8,25,1,1,0,6,265.1249449184521
8,27,1,0,0,5,248.62585520807727
8,28,1,0,0,7,258.8919221491544
8,29,0,1,0,5,245.40664845594364
8,30,0,1,1,0,254.10080296335767
8,31,0,1,1,4,262.02310649295777
8,32,0,1,1,5,265.04752285352595
8,33,0,1,0,0,246.12657903496165
8,34,0,1,0,1,245.49087556879454
8,35,0,1,0,2,249.37504591768737
8,37,0,0,1,3,244.7052953888235
8,39,0,0,0,3,235.47984958194533
8,40,0,0,1,5,249.61751784443035
8,42,0,0,0,7,240.49915632766368
8,43,0,1,0,0,241.75369572260078
8,44,0,1,0,3,245.78810121829267
8,46,0,0,0,7,239.4919415989308
8,47,0,0,0,6,231.82798709827512
8,50,0,0,0,7,240.4700793859128
8,51,0,0,0,5,232.07784808703335
8,52,0,0,1,5,246.8205655873425
8,53,0,0,0,6,232.38216052513965
8,54,1,1,0,3,262.0437392211112
8,55,1,1,0,4,260.85183824212305
8,56,0,1,0,6,246.61221542616923
8,57,0,1,0,5,247.61962893640936
8,58,0,1,1,0,258.09412550945126
8,59,0,1,1,1,258.32194760096843
8,0,0,1,1,5,262.691216550792
8,1,1,1,1,2,275.0086266456867
8,2,1,1,1,5,279.44966801804287
8,3,0,1,0,2,245.79805112801526
8,4,0,1,0,5,246.91266696895352
8,5,0,1,0,0,245.9089639612234
8,6,0,1,0,6,246.53324453734433
8,7,0,1,0,6,244.16027100369226
8,8,0,1,0,7,249.02408525000948
8,9,0,0,0,0,229.76120394417987
8,10,0,0,0,7,240.9560597085804
8,11,0,0,1,7,257.0314765812434
8,12,1,0,0,0,245.08130968738158
8,13,1,0,0,6,248.2796788736407
8,14,0,1,0,3,247.03275245525856
8,15,0,0,0,0,230.18718758010567
8,17,0,0,0,6,230.78618518771088
8,20,0,0,0,6,246.41699069819887
8,21,0,0,0,0,229.9008198889316
8,23,0,0,0,3,233.51119559791286
8,27,1,1,0,0,258.72559512836096
8,28,1,1,0,0,262.3835171531655
8,29,1,1,0,7,275.0081375691667
8,30,0,0,1,5,247.80794444873231
8,31,1,0,1,2,265.0229175681006
8,32,1,1,1,5,280.57216529117875
8,36,1,0,0,6,246.43094185610903
8,37,0,1,0,2,244.97106430214723
8,38,0,1,0,2,246.940906636138
8,39,0,0,0,5,230.75867895845315
8,40,0,0,0,2,231.16609239386267
8,41,0,1,0,1,245.85099247636285
8,43,0,1,0,3,247.23010267587193
8,44,0,0,0,4,231.7720760782979
8,45,1,0,0,6,247.07067846029366
8,46,1,1,0,5,258.15830580126766
8,47,0,1,1,6,262.27316729242
8,48,0,1,1,6,260.89725925348944
8,49,0,0,1,7,256.9193720015975
8,51,1,1,0,7,262.9085201953746
8,53,1,0,0,2,243.9661333419717
8,55,1,0,1,1,260.50750893278223
8,56,1,0,0,3,246.11344226981865
8,57,1,0,1,7,269.0716212999961
8,3,0,0,0,5,229.29390534138724
8,4,0,0,0,4,230.86693433142352
8,5,0,0,0,7,231.59459366350202
8,7,0,0,1,1,248.18742629199514
8,10,0,1,0,1,244.96563446464515
8,12,0,1,0,7,253.86762070252834
8,14,0,0,0,3,230.22873111151765
8,16,0,0,0,3,230.24958984771118
8,17,0,1,0,7,255.94527628148688
8,19,1,1,1,1,277.70948500969746
8,20,1,1,1,2,279.1102159836987
8,21,1,0,1,1,260.9167806059223
8,24,1,1,0,2,267.3392492092457
8,27,1,1,0,4,263.1452489597758
8,31,0,0,0,2,234.74733697072637
8,32,0,0,0,4,232.44026361660391
8,33,0,0,0,0,229.9261914558802
8,34,0,0,0,0,230.87247566398787
8,36,0,0,0,1,232.44913751402447
8,40,0,0,1,1,245.84230941206957
8,42,1,1,0,3,264.33647468118716
8,43,1,0,0,1,243.88108542966512
8,44,1,0,0,7,252.61888152513473
8,45,0,0,1,3,245.90378984534723
8,46,0,1,0,4,245.30339483038767
8,47,1,1,0,3,262.72492474744297
8,48,1,0,0,6,244.1699000027254
8,49,1,1,0,1,257.4014034847612
8,50,1,1,0,5,261.58964763048743
8,51,1,1,0,4,259.02859006794097
8,52,1,1,0,7,263.0026579606087
8,53,0,1,0,7,247.39723444318795
8,56,0,0,0,7,235.78540955252464
8,57,1,0,1,3,259.0377419146988
8,58,1,1,1,1,273.2172936182175
8,59,1,1,0,0,256.0422838413639
8,1,1,1,0,5,260.58744105338826
8,2,0,1,0,5,244.66439854229938
8,3,0,1,0,4,245.04515148993957
8,4,0,1,0,3,246.49922651450328
8,5,0,1,0,1,245.68943360200046
8,7,1,1,0,0,260.1219785212762
8,8,1,1,0,6,261.7024879177015
8,9,0,0,0,6,231.80439754786502
8,12,0,0,0,4,227.61175712283074
8,15,0,0,0,3,230.11225414752357
8,17,0,0,0,0,230.26978552692003
8,18,0,0,0,3,232.13709289814625
8,20,0,0,0,7,231.45837199928502
8,21,1,1,1,5,281.6322136319583
8,22,1,1,0,5,264.27891237460227
8,24,1,1,0,0,264.20675350371005
8,25,1,1,0,1,263.81831276605567
8,26,1,1,0,7,265.0105758273505
8,27,0,0,1,5,251.69252012470574
8,29,0,0,0,5,233.43915468796047
8,31,0,1,0,6,247.94349748683945
8,33,0,0,0,6,234.319680263327
8,39,0,0,1,2,245.31384899840725
8,40,0,1,1,7,258.74158664620734
8,41,0,0,0,5,231.03442200659572
8,43,1,1,0,7,265.64255343947383
8,44,0,1,0,2,246.2647865087455
8,45,0,0,0,0,228.8936371628717
8,46,0,0,0,6,230.98483428013657
8,47,0,0,0,0,226.90530722877864
8,48,0,0,0,6,233.45557112191506
8,49,0,0,0,0,228.6515511488335
8,51,0,0,0,3,237.25997207517202
8,52,0,0,0,3,234.23875402809352
8,53,0,0,1,0,242.25511997160953
8,54,0,0,1,1,241.96597770447102
8,56,0,0,0,4,229.91325272976667
8,59,0,0,1,2,244.31017023709438
8,0,0,0,1,0,243.1362201595129
8,1,0,0,1,1,246.81333426477414
8,3,0,0,0,4,229.10846536448852
8,5,1,0,1,0,260.9462609811248
8,6,1,0,1,4,264.66534166145993
8,7,1,0,1,7,262.3886703501648
8,9,0,0,0,4,230.068760181588
8,12,0,0,0,6,228.05439151699116
8,13,0,0,0,4,230.1806726089115
8,14,0,0,0,5,229.98655575074585
8,15,0,0,0,4,230.54893611785596
8,18,0,0,1,4,247.6229245971206
8,19,0,0,1,7,255.20110599271368
8,20,0,1,1,1,263.418302758766
8,21,0,1,1,2,262.9990429619836
8,22,0,1,1,6,266.2275359218302
8,23,0,0,1,4,247.424071320971
8,24,1,0,1,6,268.2745521441694
8,25,1,0,1,3,264.5000646722469
8,26,1,1,0,0,261.687215968219
8,27,1,1,0,3,263.5416736560634
8,31,0,1,0,1,247.79483937888165
8,33,1,1,0,1,261.69188009291435
8,34,1,1,1,4,278.5708459846129
8,35,1,1,1,5,275.33947016015844
8,36,0,1,0,3,250.32938935840113
8,37,0,0,1,1,243.30725492914175
8,38,0,0,0,5,231.89979750424706
8,40,0,0,0,1,230.8460808277091
8,41,0,0,1,3,250.11366419784284
8,44,0,1,0,7,248.98376788942542
8,45,0,1,1,6,262.52274271363297
8,50,0,0,0,6,230.05966601216858
8,51,0,1,0,0,240.31304596022127
8,55,0,0,0,2,229.64209477501893
8,56,0,0,0,0,229.77340318874585
8,59,1,0,0,4,245.56606850048283
8,2,0,0,0,6,228.74483519179398
8,3,0,0,0,7,240.41781458163766
8,6,1,1,0,0,260.2874494126714
8,8,1,1,0,4,262.557939173876
8,10,0,1,0,5,244.98714393618553
8,11,0,1,1,5,261.3548001306583
8,12,1,1,0,0,261.4923195630535
8,13,1,1,0,0,260.9705984076546
8,14,1,1,0,6,263.68237363195817
8,15,0,1,0,5,247.33914412103553
8,16,0,1,0,3,246.69366675819438
8,17,0,1,0,2,247.85964198893947
8,21,1,1,0,1,263.0900625389206
8,22,1,1,0,6,265.64416737291486
8,23,0,1,0,0,249.38701676477092
8,24,0,1,0,6,250.00265054193193
8,25,1,0,0,6,248.5912888122999
8,26,0,1,0,6,249.29600914954182
8,28,0,1,0,7,256.40429954926503
8,29,0,0,0,0,231.3851202684318
8,31,0,0,0,3,235.7408705489338
8,33,1,1,0,3,266.1148656599965
8,34,1,1,0,1,259.99977456286587
8,35,1,1,0,3,261.5314325249022
8,36,1,0,0,7,258.2032494863137
8,37,0,0,0,7,243.27279839328142
8,38,0,0,0,4,232.21798016582338
8,39,0,0,0,4,230.4020933329524
8,45,1,0,0,3,247.86869838443232
8,46,1,0,0,2,243.00601766024124
8,48,1,0,0,5,243.7136394937976
8,50,0,0,0,1,230.0435597969584
8,58,0,0,0,6,228.50358157653966
8,59,1,1,0,4,259.115904449134
8,0,0,1,0,7,252.18182363496786
8,1,0,0,0,0,228.3906834828461
8,4,0,0,0,2,230.46599489488787
8,6,0,0,1,7,248.13972836578114
8,9,1,0,0,4,247.06129787191492
8,11,1,0,1,6,262.6932362240834
8,12,0,0,1,2,246.7589186686415
8,13,0,1,1,0,260.5779547657934
8,14,0,1,1,2,261.29086208238357
8,16,0,0,1,4,246.70467587526508
8,17,1,0,1,2,262.8210132172731
8,18,1,0,1,6,260.17882145505354
8,19,0,0,1,1,248.14475858354373
8,22,0,0,0,6,231.58667546801698
8,23,0,0,0,4,233.55600679524122
8,25,0,0,0,4,233.07036499604436
8,26,0,0,0,2,231.8335289389316
8,29,1,0,0,4,247.38796219391276
8,31,0,0,0,6,233.48550283123632
8,33,1,0,0,3,246.12591122103927
8,34,1,0,1,6,272.13706317442694
8,35,0,1,1,2,263.60765902475003
8,44,0,0,0,7,232.9509572649697
8,45,0,0,0,6,232.24396174482905
8,46,0,0,0,3,231.04529082101382
8,49,1,0,0,0,242.0484746783456
8,50,1,0,0,5,242.32881575882286
8,51,1,0,0,4,246.2122523887306
8,52,0,0,0,6,233.8501056779078
8,53,1,0,0,0,241.65437863029885
8,54,1,0,0,3,242.64508390164548
8,55,1,0,1,6,258.5338312737417
8,56,1,0,1,5,261.86511124594426
8,58,0,0,1,1,242.90274762728112
8,59,0,0,1,6,244.20966434156733
8,2,0,0,0,7,228.7695818721798
8,4,1,0,0,0,242.1558461656067
8,5,1,0,0,5,245.32128213710595
8,7,1,1,0,2,263.46001434018126
8,8,1,1,0,3,262.19768483030066
8,10,1,0,1,1,260.7347654141763
8,11,1,0,0,0,244.078806559898
8,12,1,0,0,6,245.0025460194875
8,16,0,1,0,6,246.42901442294732
8,17,0,1,0,6,247.96479324334055
8,22,0,0,0,7,231.40004879706055
8,23,0,0,0,7,248.49136342544168
8,24,0,0,1,7,258.17903295104986
8,25,0,1,0,6,250.1489828636822
8,26,0,0,0,1,233.33249572694487
8,27,0,0,0,1,232.12511894780934
8,28,0,0,1,7,249.38963521971584
8,30,1,1,0,1,263.3201534474567
8,31,1,1,0,4,264.8871443409586
8,32,0,1,0,7,260.13917541352197
8,33,0,0,1,3,247.40567473630844
8,36,0,0,0,3,234.73845132430714
8,39,1,0,0,5,247.35477437958073
8,41,1,0,0,3,247.50956908329746
8,42,1,0,0,3,244.13062790083083
8,44,1,1,0,3,263.94133325220184
8,45,1,1,0,7,263.7906082663272
8,46,1,0,0,4,243.82866799150833
8,47,0,0,0,3,230.5443356809574
8,49,0,1,1,6,261.4420161543073
8,50,0,0,1,5,244.84475682681153
8,52,1,0,0,5,247.11652778768837
8,55,0,0,0,6,232.13843010462676
8,57,0,0,0,5,229.44396836842472
8,58,0,0,1,7,244.3940909369559
8,0,0,0,0,7,234.45954209056947
8,1,0,1,0,3,244.37843065106097
8,2,0,1,0,6,244.53110652987723
8,5,0,1,0,5,245.82085383261352
8,6,0,1,0,3,246.5426425911891
8,7,0,1,1,0,260.1395363545124
8,8,0,1,1,4,261.5339435661951
8,9,1,1,1,4,277.732437871054
8,10,0,1,1,6,261.1427828070985
8,11,1,1,1,7,282.99075650955564
8,12,1,0,1,0,260.4189092940579
8,13,1,0,1,5,262.2485073164229
8,16,0,0,0,2,230.08975539449716
8,18,1,0,0,2,247.46345465634133
8,19,1,1,0,4,261.5563543233072
8,21,1,1,1,1,276.4897804792725
8,22,1,1,0,3,264.8828030384748
8,24,1,0,0,6,250.24101596963942
8,26,0,1,0,2,249.5034442706846
8,27,0,0,0,3,236.82087151623682
8,30,0,1,0,3,249.4523259449915
8,31,0,1,1,7,258.7579426087941
8,32,0,1,0,2,249.6991817603302
8,34,0,0,1,0,243.4401369658525
8,35,0,0,1,3,246.97076164358506
8,37,1,0,0,3,245.73345127423215
8,41,1,0,1,4,259.39677294963724
8,42,0,0,1,4,244.2151986504108
8,43,0,0,1,7,249.8975008208899
8,44,0,0,0,1,231.44667254385004
8,46,0,0,0,5,231.10326876195845
8,48,0,0,0,1,230.32690836369395
8,49,0,0,0,4,230.63748868088314
8,50,1,0,0,1,242.02496597187323
8,51,1,0,0,1,245.22874080828615
8,52,1,0,0,3,244.91845086560036
8,53,1,1,0,3,258.66426961117077
8,54,1,1,0,1,257.4098534589776
8,55,1,1,0,5,259.92395739235036
8,56,1,1,0,2,259.6223259317503
8,57,1,1,0,1,259.36039758787683
8,58,1,1,0,6,260.65571991972314
8,59,0,1,0,1,246.18272160814234
8,0,0,1,1,4,262.6014172390195
8,2,1,0,1,0,258.2704293984129
8,3,1,0,1,7,265.11141193569927
8,4,1,0,0,5,246.33619650850142
8,5,0,0,0,1,232.00942765601573
8,7,0,1,0,2,244.35348986908645
8,9,0,1,0,0,245.3942222114126
8,11,0,1,0,5,246.21912087824563
8,12,1,1,0,7,261.86302038915085
8,14,0,0,0,7,230.23792346248436
8,15,0,0,1,4,245.50123653420286
8,16,1,0,1,6,262.9921913087116
8,17,1,1,1,2,279.0263508285349
8,18,1,1,1,2,280.37090286992657
8,19,1,0,1,5,263.18278523672683
8,21,0,0,0,7,244.2774714484639
8,22,0,0,1,2,248.6877685805169
8,23,0,0,1,6,247.69820751581744
8,24,0,1,1,3,264.8734701188613
8,28,0,1,0,4,248.04047095659007
8,30,0,1,1,3,265.1764113036406
8,31,0,0,0,1,233.05310918512757
8,32,0,0,0,3,232.30440300412482
8,35,0,0,0,3,233.84978423146214
8,38,0,0,0,7,238.65863961080734
8,39,1,1,0,2,260.52283060484416
8,40,1,1,0,7,270.0889554889341
8,42,0,0,0,0,229.33959365275027
8,45,0,0,0,3,231.04555524714684
8,47,0,0,0,5,229.40110183312157
8,52,0,1,0,5,243.09824670403285
8,54,0,1,0,0,239.4061053363146
8,57,0,1,0,4,247.2453124812615
8,58,0,1,0,2,246.28006067124005
8,59,0,0,0,4,229.4031593331516
8,0,1,0,0,3,243.53065780005926
8,1,1,1,1,3,277.16939682411277
8,2,1,1,1,1,273.3178737943202
8,3,1,1,0,0,259.2875798028384
8,4,1,1,0,2,264.21900962265397
8,6,0,0,0,5,231.0810702549537
8,7,1,0,0,7,244.86850656655278
8,18,1,0,0,4,246.81675811801438
8,19,1,0,0,3,248.1513872028901
8,22,0,1,0,2,250.1395866818014
8,24,0,1,1,4,261.648874371534
8,25,0,1,1,2,265.3961288243308
8,26,0,0,1,5,250.1883749513814
8,28,0,1,0,0,246.45445361141452
8,32,1,0,0,0,242.69423117097486
8,35,0,0,1,0,246.04881209753776
8,36,0,0,1,5,249.01123100982892
8,37,0,0,0,0,228.79183963563372
8,43,0,1,1,6,257.9691123792644
8,44,0,0,1,1,245.27765445849718
8,48,1,1,0,7,259.6203875522851
8,49,1,0,0,2,242.7787730978986
8,50,1,0,0,0,241.6508469326425
8,51,1,0,0,5,246.5694785716407
8,52,1,0,0,6,247.29335564757815
8,5,1,0,0,1,244.83486680539866
8,9,0,0,1,0,243.91071836776626
8,10,0,0,1,0,243.80140521924432
8,12,0,1,1,2,263.14670271907295
8,13,0,1,1,4,261.99132127629895
8,14,1,1,1,2,277.45965421107405
8,15,1,0,1,1,261.85900221827075
8,16,1,0,0,0,244.42810908476412
8,17,1,0,0,7,257.11052346297737
8,18,1,0,0,3,247.54889973582593
8,19,1,0,0,6,248.47453555113808
8,20,0,1,0,5,248.52061538278622
8,21,1,1,1,6,286.9604262433084
8,22,1,1,1,7,286.2622562212096
8,23,0,0,0,0,232.19565750039862
8,24,0,0,0,7,245.92837412422318
8,25,0,0,1,6,248.41954662674016
8,26,0,1,1,3,267.2285557191968
8,27,0,1,0,3,249.19744975904703
8,28,0,1,1,0,260.72598868857267
8,29,0,1,1,7,262.3785147017663
8,30,0,0,0,3,243.126058102507
8,34,0,1,1,1,262.1855012516643
8,37,0,0,0,3,232.20756145797338
8,41,0,1,0,5,244.5186570985471
8,42,0,1,0,7,256.5049256616426
8,43,0,1,0,2,246.04532966481915
8,47,0,0,0,7,235.83134838471318
8,48,1,0,0,0,240.61974206678298
8,51,0,1,0,6,250.71951274601352
8,54,0,0,0,4,231.56776908959523
8,56,0,0,1,6,243.12068216420718
8,58,1,0,0,1,243.8702814651472
8,59,1,0,0,5,245.72625778471965
8,0,1,0,1,5,257.94306356054244
8,1,1,0,0,6,244.3319929681177
8,2,1,1,0,3,261.0797123941907
8,3,1,0,0,0,243.83886452499874
8,5,1,0,0,2,244.52962516308904
8,6,1,0,0,5,246.79811655398163
8,8,0,0,0,2,230.69479066576469
8,9,0,1,0,5,245.6041180428009
8,10,0,1,1,7,266.18531798062736
8,13,0,0,0,0,228.83451045604124
8,16,0,0,0,0,230.36595690890212
8,19,0,0,0,5,231.76272697640368
8,23,0,0,0,6,233.2512901588826
8,28,1,0,0,0,247.26554526071902
8,29,1,0,0,2,246.99601086905807
8,30,1,1,0,0,260.18374130635306
8,34,0,1,0,4,247.13322839869758
8,35,0,1,0,7,261.5498397452381
8,36,0,0,0,6,232.95618938783656
8,40,0,1,1,5,259.95842301776287
8,41,0,1,1,4,259.7913859173681
8,42,0,1,1,2,260.72468764927885
8,43,0,0,1,4,242.50835144118378
8,44,1,0,1,0,258.78415631937884
8,45,1,0,1,7,268.571929913657
8,46,0,0,0,2,231.33174832505625
8,47,0,0,0,4,230.17109983400374
8,48,1,0,0,3,244.10819593196072
8,51,1,0,0,6,245.3175881004236
8,52,0,1,0,6,245.60196646648654
8,54,0,1,1,1,258.73001436736064
8,55,0,1,0,3,243.88820548180527
8,56,0,0,1,5,243.32491392421178
8,59,0,0,0,6,230.04936971636852
8,2,1,0,0,5,247.3691004096766
8,5,1,0,0,0,244.39271833309917
8,6,1,0,0,2,246.7872182481613
8,7,1,1,0,3,263.7986821444312
8,8,1,0,0,0,247.59210494239952
8,9,1,0,0,7,246.89299588948612
8,11,0,0,0,1,229.37454949111975
8,15,0,1,0,0,246.19041698533945
8,16,0,1,0,5,246.86619166553285
8,17,0,1,0,4,247.01072737768422
8,18,0,1,0,5,247.41582823499994
8,19,0,1,0,6,248.78116694774764
8,20,0,1,0,1,248.03737761965942
8,21,0,1,0,6,248.06357403914015
8,23,1,0,0,5,247.32603446363737
8,26,0,0,1,0,248.4540035064195
8,27,0,0,1,0,245.98045858988615
8,28,0,0,1,6,258.6882986832516
8,29,0,1,1,1,260.7134829034601
8,30,0,1,0,5,249.4291479453753
8,31,0,1,0,3,248.02368778603574
8,33,0,1,1,4,261.5354526287889
8,36,0,0,1,1,243.59779121724668
8,41,0,0,0,7,245.64364103024678
8,43,0,0,1,3,241.267403540948
8,45,1,0,0,1,246.97512960183678
8,47,1,0,0,2,241.68396359824345
8,48,1,0,0,7,251.55530110282743
8,55,1,0,0,5,244.09588857767685
8,56,1,0,1,2,261.12499080150906
8,57,1,1,1,3,274.9536997944678
8,0,0,1,0,1,240.5641807006907
8,1,0,1,0,7,244.38800508624422
8,2,0,1,0,3,244.72399331208604
8,3,0,1,1,4,262.11422238517173
8,4,0,1,1,3,262.81255067556253
8,5,0,1,1,2,261.963479204832
8,6,0,0,1,0,246.60593058465835
8,9,0,1,0,7,245.48000051447997
8,11,0,1,1,4,261.5735823208165
8,12,0,1,1,5,263.4179214796548
8,14,0,1,0,1,246.8020849291914
8,15,0,1,1,3,267.23112086425556
8,17,0,1,0,1,246.9104784439079
8,20,1,1,1,0,277.6077779376362
8,23,0,1,1,5,267.7641306679301
8,25,1,1,0,5,264.6820111067097
8,30,0,0,0,2,232.01212526721682
8,32,1,1,0,1,262.9401638833503
8,33,1,1,0,7,276.27334025809375
8,34,1,1,0,0,257.26526267222846
8,35,1,1,0,4,262.74691379353317
8,36,0,1,0,5,247.32714901025096
8,37,0,1,0,1,245.09768186013036
8,38,0,1,0,5,246.27358911782505
8,39,0,1,0,1,242.31160799168677
8,44,1,0,0,3,243.7217191440508
8,46,0,0,0,4,231.3040483647725
8,49,0,0,0,7,229.79247403851303
8,50,1,0,1,0,259.2539472759595
8,51,1,0,1,1,259.635489471972
8,55,1,0,1,4,257.53157241426146
8,57,1,0,0,1,244.5702770446893
8,58,1,0,0,0,244.85205709319382
8,4,0,0,0,6,231.91181814872235
8,6,0,0,1,3,248.56046746242095
8,8,0,0,0,5,230.6223982795152
8,12,0,1,0,0,246.34480598016495
8,13,0,1,0,1,244.80998104535112
8,16,1,0,0,4,244.1751787684012
8,20,0,1,0,0,246.58744779739678
8,21,0,1,0,2,248.34431613016295
8,23,0,1,0,7,265.52014401389647
8,24,0,0,1,2,246.42654502211525
8,25,0,0,1,2,247.55791107382527
8,27,0,0,0,5,232.6633361670476
8,28,0,0,1,1,248.7120885516232
8,29,0,0,0,2,231.41990301407452
8,30,0,0,0,4,231.84120305012613
8,32,0,0,1,0,245.95418308922888
8,33,0,0,1,1,244.30890255375525
8,34,0,0,0,5,230.71678464027823
8,36,0,1,1,0,257.1882383575987
8,37,0,1,1,7,269.67338338594345
8,38,0,1,0,3,246.35296412885137
8,41,1,0,0,7,253.94482631996746
8,42,0,0,0,5,230.10285805818552
8,45,1,0,0,0,241.98446739566475
8,46,1,0,0,5,246.74712003258915
8,47,1,0,0,7,251.17791468508975
8,48,1,1,0,4,258.9957570274499
8,50,1,1,0,6,266.5916180502612
8,51,1,0,0,0,243.92155500576675
8,53,0,0,0,1,230.33452881679415
8,54,0,0,0,5,232.23299220450565
8,57,1,0,0,5,244.86310609627964
8,58,0,0,1,4,244.2642236798587
8,59,0,0,1,4,245.97427998602768
8,0,0,0,1,5,246.63881418332966
8,1,1,0,0,7,245.4710206761942
8,3,1,0,0,5,245.51796899110775
8,4,1,0,0,3,245.8732516278146
8,5,1,0,0,6,245.068173808371
8,6,0,1,0,5,246.95038141531907
8,8,1,1,0,2,261.61108662085763
8,10,1,0,0,6,246.34367310633658
8,11,0,1,0,7,246.29255226405513
8,13,0,0,0,2,229.44318547420562
8,14,0,1,0,2,247.080345909649
8,15,0,1,0,7,247.43443922705103
8,17,1,0,0,1,247.07817110166388
8,19,1,0,0,4,248.83638168650157
8,21,1,1,1,3,281.6761595681153
8,25,0,0,0,6,234.35780035511453
8,27,1,1,0,2,263.7713480852839
8,30,1,0,0,4,248.33578619852173
8,32,0,0,0,2,232.61998505024246
8,33,0,1,0,4,248.6265575102269
8,34,0,1,0,7,263.9938654457082
8,38,0,1,0,4,246.58456503119402
8,39,0,1,0,7,257.50356551685866
8,45,1,1,0,1,257.6989623049611
8,47,1,0,0,6,245.62564096335058
8,50,0,1,1,4,253.8729326884567
8,57,0,0,0,7,238.22311450999763
8,58,1,1,0,7,265.51259551552687
8,1,0,1,0,1,244.34403220630767
8,2,0,1,0,1,244.85787155126638
8,3,0,1,1,6,263.4675042721365
8,10,1,0,0,3,246.31937168148096
8,11,1,0,0,3,243.84641420262798
8,12,1,0,0,2,245.129917702467
8,13,1,0,0,5,248.3668853233766
8,16,0,0,0,4,230.86083455507662
8,18,1,0,0,0,247.60952155201096
8,19,1,0,0,7,257.33032379635193
8,20,1,0,0,3,249.3433299733481
8,21,1,1,0,2,265.7856892940425
8,22,1,0,0,4,248.9145190312032
8,25,1,0,1,4,264.30563487364213
8,26,0,0,1,2,250.24723579634087
8,28,1,0,1,2,264.0342935733604
8,29,1,1,1,4,275.3027203018011
8,30,0,1,1,6,262.15939191300066
8,31,1,0,1,0,262.63032469781893
8,32,1,0,1,5,266.57781757374045
8,34,0,0,0,4,230.84215532929966
8,35,1,0,0,6,247.8930695183647
8,41,0,1,1,3,263.08463839128837
8,48,0,0,0,2,230.4841398254028
8,52,0,0,0,7,238.39188215162358
8,54,0,0,0,2,231.82923669123755
8,56,0,1,1,4,257.3685616010916
8,57,0,1,1,0,258.8096307297949
8,58,0,1,1,6,269.1238217548293
8,0,0,0,1,7,246.7465693893058
8,2,0,0,0,2,228.22145115519734
8,4,0,0,0,5,230.20809276509362
8,5,0,0,0,5,232.07454120116472
8,7,0,0,0,2,229.92825108196024
8,12,0,1,0,1,246.66044640766506
8,14,0,1,1,1,262.0101761494786
8,16,1,1,0,7,266.988942480031
8,20,0,0,1,7,255.31747162180457
8,21,0,0,0,2,229.8773274175364
8,22,0,0,0,0,231.3879713848006
8,25,0,0,0,1,234.28729522006313
8,27,1,0,0,1,249.07194915239924
8,29,0,1,0,6,245.77020146970017
8,32,0,0,0,1,233.71699244001573
8,36,0,1,1,1,260.147592476516
8,37,0,1,0,6,246.59185959315244
8,44,0,1,0,6,246.04241809958174
8,45,1,1,0,4,256.8443427771353
8,48,0,0,0,0,229.46445635290038
8,49,0,0,0,6,229.86008438872673
8,50,0,0,0,2,229.79213652346965
8,53,0,1,0,0,240.93627131668228
8,55,0,1,0,7,248.84701124855417
8,56,1,1,0,5,263.40356333688294
8,58,1,1,0,0,257.3511069070028
8,59,1,1,0,2,258.7176795647204
8,1,1,1,0,4,261.11443536984393
8,2,0,1,0,4,245.0138355576078
8,3,0,1,0,1,245.00941810896688
8,6,0,1,0,1,247.7846816997522
8,7,0,1,1,1,263.1198982367932
8,8,0,1,0,2,244.46508611665567
8,11,0,0,0,2,229.36487174050515
8,13,0,0,1,4,247.83522043905018
8,18,0,1,0,3,246.56906628515821
8,29,0,0,0,7,234.76359417608546
8,30,1,0,0,3,248.83104616581392
8,34,1,0,0,5,248.88160024358302
8,35,1,0,0,1,244.33107820816028
8,39,0,1,0,3,248.84837097082394
8,41,0,1,0,0,241.38745016700307
8,42,0,1,0,2,247.73440982416815
8,45,1,0,0,7,254.3255173545995
8,46,1,0,0,1,243.69791779694197
8,48,0,0,0,7,230.34010894443065
8,50,1,0,0,2,244.70952437902713
8,51,1,1,0,5,261.82907651198076
8,52,1,1,0,2,259.4633522466601
8,53,1,1,0,5,256.52238190669465
8,54,0,1,1,7,261.96920376176985
8,58,0,0,0,2,228.4588097247234
8,59,0,0,0,0,230.03228913033345
8,1,0,1,0,0,243.2298147572812
8,3,0,1,1,3,261.91112220082175
8,5,0,1,0,4,246.2339989284344
8,6,1,1,0,5,260.91339321696626
8,7,0,1,1,7,263.6444901200308
8,10,0,1,0,4,244.8600604877884
8,11,1,1,0,2,262.30216098432436
8,20,0,0,1,2,246.8913571308381
8,21,0,1,1,7,273.45522068887453
8,22,0,0,0,2,231.37702194809032
8,25,0,1,1,7,276.3809390192551
8,26,0,0,0,5,231.63916950099602
8,30,0,0,0,5,231.55258382101104
8,33,0,1,1,3,266.2371301648388
8,34,0,1,0,3,249.10789751511427
8,35,0,1,1,3,265.8848825555023
8,38,1,1,0,2,261.14637812831177
8,39,1,1,0,6,271.9661352601779
8,41,0,0,0,2,231.15667482748512
8,42,0,1,0,5,248.2191941310498
8,57,0,0,1,4,239.9754925222304
8,58,0,0,1,6,242.99108502752054
8,59,1,1,1,4,278.06242546436397
8,1,0,1,1,7,265.34714108608006
8,2,0,0,1,3,247.53956126369962
8,3,0,0,0,1,229.54897879741597
8,4,0,0,0,3,231.27712020751952
8,5,0,0,0,2,232.207346279624
8,8,0,1,1,1,263.5685805078794
8,9,0,1,1,5,260.0862784789306
8,10,1,1,0,4,261.50031325845816
8,18,0,0,1,3,248.21987091721817
8,19,0,1,0,0,246.38073058912536
8,20,0,1,0,6,248.59557296103296
8,21,0,1,0,7,264.12458493634807
8,22,0,1,1,7,265.2765624840355
8,29,0,0,0,6,239.56762199672406
8,30,0,0,0,7,231.34066425781293
8,31,0,0,0,0,232.58550212353126
8,32,0,0,0,5,234.28912085167815
8,36,0,0,0,4,232.50399211789818
8,39,0,0,0,7,230.97130715239507
8,42,0,0,0,4,231.46117998476294
8,43,0,0,0,6,231.7399184937441
8,44,1,1,0,2,262.18667552297194
8,50,1,1,1,6,274.6641226375398
8,51,0,0,1,3,243.86595369002208
8,52,0,0,1,0,241.85853009463386
8,53,0,0,1,6,244.56787927981026
8,54,0,0,1,2,242.28206761396837
8,55,0,0,1,2,248.40114930109982
8,56,0,1,1,0,257.36649183622507
8,58,0,1,0,6,245.713694304041
8,0,1,0,0,7,249.62812425417252
8,1,1,0,0,4,245.11859144948573
8,6,0,0,0,3,230.44260167122923
8,7,0,1,1,4,259.725579260732
8,12,1,0,0,4,245.47083431820693
8,19,0,1,0,7,259.59145949555517
8,20,1,1,0,0,264.4244469519571
8,21,1,1,0,0,260.6311622303079
8,22,1,1,0,1,261.97932162563444
8,23,1,1,0,3,265.059046473149
8,26,0,0,1,7,261.4735642740904
8,27,1,0,0,3,250.3957017194258
8,28,1,1,1,7,288.6830403853163
8,33,1,0,0,2,246.04979931035427
8,34,1,0,0,3,249.03892073180583
8,39,0,0,1,3,243.37010756694002
8,49,0,1,1,0,253.8999854862168
8,50,0,1,1,6,260.3845280117104
8,51,0,0,1,2,243.67493710414993
8,52,0,0,1,1,245.83161936164774
8,54,1,0,0,6,246.01283377124133
8,56,1,0,0,1,243.14210144866092
8,58,0,0,0,7,235.62719244526735
8,59,0,1,1,2,257.78062689501115
8,3,0,0,0,0,229.4677770503055
8,10,0,0,1,7,245.3977425444879
8,11,1,0,0,1,243.8067071199687
8,17,1,0,0,0,246.09578772460873
8,19,1,0,0,2,247.96842558828283
8,21,1,1,0,6,274.45054594262984
8,24,1,0,0,5,248.5915705584639
8,28,1,0,0,5,249.60259457515076
8,30,1,1,0,6,267.3403164239912
8,31,1,1,0,0,260.01370190317095
8,32,1,1,0,2,263.4969850760183
8,34,1,0,0,1,246.4849730825976
8,37,1,0,0,6,245.83123891426374
8,38,1,0,0,5,248.87346743375258
8,42,1,0,0,7,252.47280071883495
8,43,0,0,0,0,230.28098624788456
8,45,0,1,0,7,243.6520051151359
8,46,1,1,0,7,268.67384015795824
8,48,0,0,1,0,240.4736864523042
8,54,1,0,1,3,257.279448747246
8,55,1,1,1,1,272.40879376214707
8,59,0,0,0,1,230.03593544198029
8,1,1,0,1,4,259.7977346099948
8,2,1,0,1,4,260.5629550246782
8,3,0,0,1,5,246.48289180956533
8,4,0,0,0,1,231.25056894597046
8,10,0,1,0,6,245.2825544936225
8,16,0,1,0,7,260.92244425459415
8,18,0,1,0,7,254.40562297571228
8,22,1,1,0,0,261.11146187766883
8,24,0,0,0,4,231.89493585521117
8,29,0,1,1,0,260.4759675617965
8,30,0,1,1,4,258.5292767297164
8,32,0,1,1,7,265.47307671505143
8,37,1,1,0,3,261.4986554346781
8,39,1,1,0,3,258.3280655255608
8,40,1,1,0,1,258.4834430224131
8,43,0,1,0,6,245.96536942387849
8,44,1,0,0,6,248.0730791929177
8,47,0,1,0,6,247.26088667137694
8,50,0,1,0,0,241.75524470489594
8,53,0,0,0,2,232.6107120432464
8,4,0,0,0,0,230.98274454853203
8,5,0,0,0,4,231.59577983268073
8,7,1,0,0,6,245.5649983587811
8,9,0,1,0,2,245.47726367963517
8,10,0,1,0,7,254.32044592751922
8,11,0,0,0,6,229.70112916731355
8,13,0,1,0,6,245.32592636498342
8,17,0,0,0,1,230.04600505661278
8,19,0,0,0,6,231.08792278779572
8,21,0,1,0,0,248.94627511739571
8,22,0,1,0,3,250.69335441488434
8,24,0,0,1,0,243.82375949900774
8,25,0,0,1,7,255.11337919489648
8,26,1,0,0,4,250.53400932753812
8,27,1,0,0,0,249.10684485722396
8,28,1,0,0,4,249.74533168579654
8,30,0,1,0,2,248.197266368377
8,33,0,0,0,4,233.7597097346735
8,35,0,0,0,0,230.99808018827554
8,37,1,0,0,2,245.3314432731858
8,38,1,0,0,3,246.74321352610522
8,39,1,0,0,0,242.65953033338826
8,40,1,0,0,3,246.34391800420036
8,41,1,0,0,0,244.1114111924175
8,42,1,0,0,0,241.26067098353155
8,43,1,0,0,7,249.2675864524573
8,49,1,1,1,4,273.00117308478195
8,50,0,1,1,7,266.851437539063
8,51,1,1,0,2,259.5420440359167
8,52,1,1,0,1,255.67820184947658
8,53,1,1,0,1,255.9087177681738
8,54,1,1,1,5,276.58870224058603
8,58,1,0,0,3,245.1966568894918
8,59,1,0,0,7,255.23831778391283
8,0,0,1,0,6,246.48654428340467
8,2,0,1,0,7,245.31186554120544
8,8,1,0,0,2,248.03807372497337
8,9,1,0,0,0,246.87632325259722
8,10,1,0,0,2,246.2398775501366
8,11,1,0,0,6,243.85857744819842
8,20,0,1,1,0,260.2160502502684
8,22,0,1,0,7,260.5638724582202
8,23,0,1,0,4,249.40229879871063
8,24,0,1,0,7,264.2183812352775
8,28,1,1,0,2,262.4403893916241
8,29,1,1,0,2,265.6355184208707
8,30,1,1,0,7,272.091291997395
8,31,1,0,0,5,248.90061837665064
8,35,0,0,0,7,245.9976653686282
8,37,0,0,0,6,231.44214706864722
8,38,1,0,0,4,245.2343976937525
8,39,0,0,0,6,230.9530288719074
8,41,0,1,0,2,244.86574487108203
8,47,0,1,0,3,246.9230344266371
8,52,0,1,0,4,246.99423765641563
8,54,1,1,0,0,257.09533783804807
8,55,1,1,0,1,256.70893133002016
8,56,1,1,0,7,265.93752476863847
8,0,0,1,1,0,260.6456062341325
8,7,0,0,0,4,230.0561389376947
8,9,0,1,0,3,248.4120653251217
8,10,0,0,0,3,230.37856658218436
8,11,0,1,0,6,245.7802372647499
8,13,0,0,1,6,247.93649422429485
8,14,0,0,1,7,260.3380117113916
8,15,1,1,1,7,286.3525941966124
8,18,0,1,0,4,247.5355154873879
8,19,1,1,0,1,262.53218355588155
8,24,1,0,1,7,276.3575799995821
8,29,0,0,0,1,231.74954997613088
8,30,0,0,0,1,232.60233263287165
8,37,0,1,0,3,246.6577553261076
8,38,0,0,0,2,231.69048353957757
8,43,1,0,0,0,244.2773136029339
8,48,0,1,1,2,259.18376390357287
8,49,0,1,1,7,266.8732114087196
8,51,0,1,0,4,245.22432029194144
8,56,1,1,0,6,262.14754214130943
8,57,0,1,0,1,247.20764233979767
8,5,0,0,1,7,252.32262456348485
8,10,0,0,1,3,244.9796449369745
8,12,0,0,1,0,246.1528050374957
8,20,1,0,0,5,251.43644629802097
8,21,0,0,0,5,230.30924323063365
8,25,0,0,0,0,233.37954781628093
8,29,1,1,0,5,265.4091204249268
8,30,1,1,1,5,277.9723419697113
8,31,1,1,0,2,263.0625107064035
8,32,1,1,0,4,263.89372168835274
8,33,1,1,0,0,262.1788676096868
8,34,1,1,0,3,264.65397710881484
8,35,1,0,1,5,263.7494865199869
8,39,0,1,1,4,258.83811895645044
8,40,0,1,1,4,260.64810090644414
8,41,1,1,1,5,276.3787586313084
8,42,0,1,0,6,247.7079317464474
8,48,0,0,0,4,230.3987669270714
8,50,1,0,1,6,267.74913796375154
8,51,0,1,1,1,256.27854360642266
8,52,0,1,0,1,242.08610302695269
8,55,1,1,0,3,258.1027182317164
8,57,1,1,1,4,274.78875946520765
8,58,0,1,1,1,258.46045421811164
8,5,1,1,0,4,263.0839349791734
8,7,0,1,1,5,264.4588715160481
8,13,0,0,1,1,246.38706598795454
8,14,0,0,1,3,248.13924727506333
8,18,0,0,1,7,256.1504541581994
8,20,1,1,0,5,265.25517596450896
8,25,0,1,0,2,248.62934204099312
8,27,0,1,0,5,249.68788021432619
8,28,1,1,0,3,262.52382166950713
8,29,1,0,1,7,280.9879031882292
8,32,0,1,0,5,252.3329660554972
8,33,1,1,0,4,263.87171068113
8,35,0,0,0,2,232.84382123693254
8,40,1,0,0,2,244.4965866898314
8,41,1,0,0,1,245.35081372378107
8,42,1,0,0,6,248.65416035304622
8,43,1,0,0,3,247.88236762576977
8,44,1,1,0,5,255.6567948345894
8,46,1,1,1,0,272.31995720500333
8,47,1,1,1,6,276.111201106426
8,48,0,1,1,0,256.201886177656
8,49,0,1,1,3,262.33664841120947
8,50,0,0,0,5,229.98483375018003
8,54,0,0,0,3,232.1754063322569
8,59,1,0,0,1,242.96120102023315
8,0,1,0,1,1,257.8176057007061
8,1,1,0,0,2,245.33505342010662
8,4,1,0,0,7,245.95914696339642
8,6,0,1,1,7,269.00038257468196
8,7,1,0,0,4,245.91160006243265
8,13,1,0,0,7,255.97952918654963
8,17,1,0,0,6,246.56908781300692
8,18,1,1,0,7,269.79869781339255
8,22,1,0,0,5,248.89029320632807
8,23,0,0,1,1,248.4128614586797
8,26,0,1,0,5,249.49994995452806
8,27,0,1,1,0,262.5151603565125
8,28,0,1,1,1,263.37858858117875
8,32,0,1,1,2,262.20841867260486
8,33,0,1,1,1,261.20183030782573
8,38,1,0,1,0,257.28701255766873
8,39,1,0,1,3,261.44288904681883
8,44,0,1,1,2,259.7009622064039
8,45,0,0,1,6,245.86834279907583
8,46,0,1,1,1,257.1874430160326
8,53,0,1,1,4,259.1184855373296
8,54,1,1,1,4,277.325724526069
8,55,1,1,1,4,272.86728179656905
8,56,1,1,1,3,277.8723384638234
8,3,1,0,1,1,259.4968063326739
8,7,1,0,0,0,245.6078302663663
8,10,0,1,0,3,245.11580022559767
8,13,1,1,0,1,262.48546761725976
8,14,1,1,0,4,264.33509737860777
8,15,0,1,0,2,248.3727619717182
8,16,0,1,0,0,246.4959536425117
8,19,0,1,0,1,247.9596166257796
8,20,0,1,1,4,261.11817658738624
8,26,1,1,0,3,265.34523741762024
8,32,1,0,0,6,248.95483583628095
8,33,1,1,0,5,265.87245561384674
8,35,0,1,0,4,246.05083375139264
8,40,0,0,1,3,244.72247170194942
8,41,0,0,1,4,244.9687006141911
8,44,0,0,1,6,244.13520145621288
8,45,0,0,1,0,242.30005356881776
8,46,0,0,1,1,244.6968786818398
8,50,0,0,0,3,229.85179367198634
8,59,1,0,0,3,245.11578992388138
8,0,1,1,0,4,257.652786145732
8,2,0,1,1,7,260.84318902405903
8,3,0,1,0,7,245.26741917809582
8,5,0,0,0,3,231.6643154291822
8,6,0,0,0,6,230.46167218756835
8,8,0,1,0,5,244.45703578311742
8,9,1,1,0,4,260.7913314409496
8,10,1,1,0,7,267.70982661523834
8,13,1,1,0,6,263.21754118113205
8,16,1,0,0,3,244.31758400463028
8,18,1,1,1,4,277.6393823040625
8,19,1,1,1,6,281.06714267829693
8,20,1,0,1,2,264.07246304791636
8,21,1,1,1,0,270.87077230544224
8,22,1,1,1,6,279.05968786307227
8,27,0,1,0,1,248.83056284480935
8,28,0,1,0,3,247.28291047332334
8,29,0,0,1,6,249.91873738716933
8,30,1,0,1,5,260.04706699862805
8,31,1,0,0,0,246.66105397417886
8,32,1,0,0,2,247.51912049549622
8,38,0,0,1,7,252.66753611526832
8,42,1,1,1,5,277.61357433663284
8,45,0,1,0,5,243.8821564638434
8,46,1,1,1,5,274.9160174035814
8,47,0,1,1,4,258.5127583899238
8,48,1,1,1,1,273.4209153670705
8,0,1,1,0,3,263.6477189563367
8,4,1,1,0,6,265.0139529411962
8,10,0,1,1,3,263.04077047054966
8,20,0,1,0,4,248.3412671921854
8,21,0,1,0,5,250.3916538830671
8,25,1,0,0,1,248.68264193811046
8,26,1,0,0,7,261.6246122814662
8,27,0,1,0,0,248.1337652240692
8,31,0,1,1,2,260.26196140286953
8,34,0,1,1,2,263.47377914602896
8,37,0,1,0,0,244.03098731163107
8,40,1,1,0,6,262.5494883624983
8,52,0,0,0,5,234.06012281258313
8,54,0,0,1,6,250.7107895408721
8,55,1,0,1,7,270.2628959748739
8,58,0,1,0,1,246.2233748076153
8,59,0,1,1,4,259.76041180856623
8,0,0,1,1,3,259.9192525578562
8,4,1,0,0,6,250.40233204455717
8,6,1,0,0,7,247.59237881808087
8,7,1,1,0,4,261.0913680269774
8,11,0,0,1,6,246.846738356507
8,12,0,1,1,3,263.21013700632875
8,13,0,1,0,0,245.19363368529497
8,14,0,1,0,4,246.75938458413043
8,25,0,1,1,4,263.83914110560863
8,26,0,1,1,7,274.3299686440275
8,28,1,0,0,3,249.46057562746563
8,29,1,0,1,6,266.0525254285435
8,31,0,0,1,6,248.17869184232356
8,32,0,1,1,3,275.19374219554675
8,35,0,1,0,5,247.5079495325379
8,36,1,1,0,7,270.4228764448446
8,37,1,0,0,5,244.29903130802677
8,41,1,0,0,5,246.20890361985087
8,43,0,0,1,0,241.6606848589605
8,44,0,0,1,0,239.648523195217
8,45,0,0,1,4,243.60183340439946
8,47,0,0,1,7,250.50358683685695
8,48,0,0,1,4,241.5886524092696
8,49,0,0,1,0,242.42420025172999
8,50,0,0,1,4,245.66774121972156
8,51,0,0,1,0,240.9294147779228
8,56,0,1,0,0,242.44123608414296
8,57,0,1,0,2,244.0443915168795
8,59,0,1,0,2,246.97744803319662
8,1,1,0,1,2,257.5194877779016
8,3,1,1,0,3,259.94044329725455
8,4,1,1,0,5,264.4970297565622
8,7,0,1,0,4,243.83906115305587
8,26,0,1,0,0,249.5061129257174
8,28,0,0,0,1,232.3127253739412
8,30,1,0,0,0,247.74061852733385
8,31,1,0,0,4,248.40736727095873
8,33,0,0,0,5,233.39938066564568
8,34,0,0,1,4,248.902108654447
8,35,1,0,1,7,273.33497058221593
8,36,1,0,0,2,244.50944047100194
8,37,1,1,0,4,262.12078529145924
8,41,0,1,1,5,261.8257267479471
8,45,0,0,0,5,231.72598782884683
8,53,0,0,0,0,228.35915352785102
8,54,0,0,0,6,231.99510051034733
8,55,1,1,0,7,264.9830200637036
8,56,0,0,1,4,240.19572335363236
8,58,1,0,0,6,245.72165289437336
8,0,0,0,0,4,229.60700576552227
8,1,1,0,0,0,245.2358258531725
8,2,1,0,0,6,247.99645261002357
8,5,1,0,0,3,244.95009863218598
8,7,1,0,0,5,245.95182162888537
8,8,0,0,1,1,247.89360597865542
8,12,0,1,0,2,246.22335943921863
8,17,1,1,0,1,260.0050272410679
8,18,1,1,0,2,263.04827706737854
8,19,1,1,0,7,271.9660362514761
8,21,0,0,0,3,230.00532394350154
8,22,0,0,1,6,250.1254382470711
8,23,0,0,1,5,247.32173735661814
8,24,0,0,1,5,247.59157954665807
8,25,1,0,1,7,273.592356462221
8,28,0,0,0,2,232.21323145354248
8,35,1,0,0,7,258.79157497364264
8,36,0,1,1,6,262.7368533659504
8,37,0,1,1,6,261.3471865235023
8,38,0,1,1,3,260.32536204601513
8,46,0,1,1,0,257.1004721122796
8,47,0,1,1,3,262.0279914941929
8,50,1,0,1,4,264.6801542055993
8,51,0,0,1,6,246.79218716548493
8,59,1,0,1,0,253.78600160922542
8,0,1,0,1,0,255.43635086631227
8,1,1,0,1,5,259.86953900404677
8,6,1,0,0,0,244.0657809478078
8,8,1,0,0,4,247.65569835329413
8,11,1,1,1,0,276.9690163889905
8,12,1,1,1,6,278.6079601155296
8,13,1,1,1,0,271.8155334536113
8,14,1,1,1,0,271.98611097258026
8,15,1,1,1,0,272.003854502405
8,16,1,1,1,0,273.90025806078313
8,17,1,1,1,4,279.8871751603635
8,18,0,1,1,1,262.0865481569574
8,23,0,0,1,7,247.46507961821166
8,36,1,0,0,4,246.80839212543285
8,39,0,1,0,0,244.60419667254874
8,40,0,1,0,0,240.0086653716446
8,41,0,1,0,3,244.42229054787475
8,43,1,0,0,6,246.41809975370563
8,44,1,1,0,0,255.88234429603213
8,49,0,1,0,3,242.51000774344564
8,52,0,1,1,2,258.1760983259452
8,53,0,0,1,1,242.21800183880856
8,55,1,0,0,2,244.31881546925752
8,56,1,0,0,2,244.6395121397039
8,59,1,1,0,6,261.7012052639099
8,0,0,1,0,0,242.6188904692648
8,6,1,1,0,7,260.81513508132315
8,13,0,1,0,4,245.07601980347764
8,15,0,1,0,1,247.3015597764666
8,18,1,1,0,0,258.98445987155617
8,19,1,1,0,6,261.4134191342866
8,21,1,1,0,7,267.5712367304353
8,51,0,0,0,1,230.6456605390674
8,56,0,0,1,2,241.95545248677286
8,57,0,1,1,6,260.39113512304044
8,59,1,0,1,2,259.49396983601594
8,0,1,0,1,6,257.7724288920709
8,1,1,0,1,7,263.3188099147582
8,2,0,1,0,2,244.22898387199655
8,3,0,1,0,5,245.41775689853898
8,4,0,1,0,0,246.24123879352408
8,7,1,1,0,6,263.0369123204406
8,12,0,0,0,5,228.15427366323888
8,34,1,0,0,4,247.27866087083262
8,37,1,0,0,4,243.69846914059326
8,38,1,0,0,0,242.808398344426
8,46,1,1,1,6,276.7861408207972
8,47,0,1,1,1,259.8737728288215
8,48,0,1,1,4,258.5861437415249
8,49,1,1,1,2,275.0526737989239
8,50,1,0,1,1,259.8472472704941
8,52,1,0,1,6,258.1224749629167
8,53,0,0,1,7,251.23555859629076
8,57,0,0,1,6,240.5267439988738
8,58,0,0,1,0,242.3163215997079
8,6,0,0,1,6,248.26441423745229
8,7,0,0,1,5,248.13644088039052
8,8,0,0,1,5,247.61809702273683
8,10,0,0,1,6,244.58520352195566
8,11,0,1,1,7,261.0438391893496
8,12,0,0,1,4,246.0401660969892
8,16,0,0,1,2,245.8835235873051
8,18,0,1,1,4,265.7135689443221
8,19,0,1,1,4,262.33273332345016
8,25,1,1,1,1,278.33686716349376
8,26,1,1,0,1,263.6460287714589
8,27,1,1,1,0,272.8766157098206
8,28,1,1,1,1,276.5853090847029
8,29,1,1,0,1,263.24233989406713
8,31,1,1,0,7,265.0126181019493
8,32,0,0,1,3,252.34814186240973
8,40,1,1,1,7,295.0044685568528
8,41,0,0,1,5,245.6369361162119
8,42,0,0,1,0,240.58505398054987
8,44,0,0,1,4,245.65136464372412
8,45,0,0,1,5,245.13799407198684
8,46,0,0,0,0,229.23749068107148
8,51,1,0,0,7,246.2469938640523
8,56,0,1,0,4,247.24514777938913
8,0,0,1,0,5,245.15761006726675
8,1,1,1,0,3,263.43549298734905
8,2,1,1,1,0,275.6655219175044
8,3,1,1,1,0,272.8977695027623
8,4,1,1,1,1,274.3105836454372
8,5,1,1,0,2,263.01012416652713
8,7,0,1,0,3,248.4561427865384
8,9,1,1,0,6,267.69227578970373
8,11,0,0,0,3,229.360394707358
8,13,1,1,0,5,263.1336722321067
8,18,0,1,0,2,247.36808386010367
8,20,1,0,1,4,264.4205527738424
8,21,1,0,1,2,262.3489593911865
8,22,1,1,1,0,275.9599672480597
8,23,1,1,1,3,279.28854883815825
8,32,1,0,0,7,248.8601716028112
8,40,0,1,1,3,263.7389587202366
8,43,0,0,0,4,229.10098201547677
8,47,1,0,0,5,245.99753427155034
8,0,1,1,0,2,259.6255614003834
8,3,1,1,0,1,261.37589554308386
8,4,1,1,1,2,279.14054869527735
8,5,1,0,1,6,263.68228761827476
8,6,0,0,1,2,248.17232215507047
8,7,0,0,1,4,248.0141498238861
8,8,1,0,1,6,265.50345069214416
8,9,1,0,1,3,259.67040284290715
8,10,1,1,0,1,262.4246635152484
8,11,1,1,0,7,262.3015742933954
8,18,0,1,0,1,246.17317204834526
8,21,0,1,0,1,249.40173400729515
8,22,0,1,0,5,250.6538331547974
8,33,0,1,0,7,265.47587850280235
8,47,1,1,0,6,262.7377345992042
8,49,1,0,0,3,245.43303321172974
8,50,1,1,0,7,261.6321744127497
8,53,0,0,0,7,239.12133445699814
8,54,0,1,0,5,246.02249663735128
8,1,0,1,1,4,259.93946242573605
8,2,1,1,1,4,277.02316523636455
8,3,0,1,1,7,262.44674290035994
8,15,0,1,1,5,263.70649230722034
8,16,0,1,1,1,261.9640604723945
8,19,0,1,1,5,263.0000963669981
8,21,1,0,0,7,247.71895624391536
8,22,1,1,1,5,281.9970415604963
8,23,1,1,0,7,278.9045380334673
8,27,1,1,0,1,262.07482759946066
8,28,1,1,1,5,279.56774198064727
8,32,1,1,0,3,264.3458471537366
8,34,1,1,0,6,264.72175624335324
8,36,1,0,0,3,245.35495755190476
8,38,1,1,0,3,261.4900918979034
8,44,1,1,1,7,287.3846481437608
8,45,0,1,0,3,243.71285116839587
8,55,0,1,1,3,265.46419291935916
8,58,0,1,0,7,252.13047803435128
8,0,1,0,0,2,243.4484247372587
8,5,0,1,1,6,262.6859668415121
8,6,0,0,1,5,246.07954263780363
8,11,1,0,0,2,243.5597204265771
8,12,1,1,0,2,261.68847833117115
8,18,1,0,0,5,246.94141001630524
8,22,1,1,1,4,279.4179991166858
8,23,0,1,1,4,264.97654652440207
8,24,1,1,1,1,278.4942655095984
8,25,1,1,0,0,261.15807243132787
8,26,1,1,0,4,263.4928631013441
8,31,0,1,0,2,248.30086528362287
8,37,0,1,1,1,260.81004130354063
8,38,0,1,1,6,260.1142332470181
8,39,0,0,1,1,245.53214559136111
8,41,0,0,0,3,231.18629632517465
8,46,0,0,1,4,245.32152944368445
8,47,0,0,1,1,243.45832975202643
8,51,0,1,0,3,246.79167359628988
8,1,0,0,0,1,228.35594916723844
8,8,1,1,0,0,260.9821978324183
8,9,1,1,0,0,260.8749849114326
8,11,1,1,0,0,261.9976759353055
8,20,0,0,0,1,230.5495058499402
8,32,1,1,0,0,261.7165780164824
8,38,0,0,1,4,244.1663830079314
8,43,0,0,0,2,231.3373228211075
8,47,1,1,0,0,254.29770855123323
8,49,0,1,0,4,244.80321322271743
8,52,0,1,1,3,261.9566566915359
8,55,0,0,0,5,231.7557623230051
8,0,0,1,0,4,246.1670570343062
8,4,0,1,0,2,246.80245612153374
8,13,1,0,0,1,247.77691099105405
8,20,0,0,1,1,246.54803515905883
8,25,0,0,0,7,245.1871985091488
8,27,1,0,1,0,260.1895206112604
8,28,1,0,1,5,265.8853394359816
8,34,0,0,1,3,248.8301471748341
8,35,0,0,0,5,234.13104719608373
8,40,1,1,0,3,258.7173903651406
8,41,1,1,0,5,258.6989764646047
8,42,1,1,0,6,265.98994235929445
8,44,0,0,1,7,253.28579152363068
8,49,0,0,0,5,234.65950869649532
8,53,0,1,1,3,256.80016771397726
8,56,1,0,0,0,241.84713995068023
8,59,1,0,0,2,245.25760613037852
8,2,1,0,0,7,247.12651031875563
8,3,0,0,0,6,229.18764835361398
8,8,1,0,0,5,248.05802194147702
8,9,1,0,1,7,261.1116693743168
8,13,0,0,1,0,247.924767849548
8,17,0,0,0,3,230.79209102660843
8,26,0,1,0,1,249.3079267002063
8,27,0,1,0,4,248.52592377490245
8,28,1,1,0,7,262.3774491226792
8,54,1,0,0,4,245.5392703038019
8,3,1,0,1,3,263.77644354670826
8,6,1,1,0,6,263.463822900758
8,7,1,0,0,1,245.36054628812656
8,21,0,0,0,4,230.48177644052726
8,29,1,1,0,3,266.3030233346491
8,35,1,1,0,0,258.6433985260318
8,36,1,1,0,6,263.8694067142513
8,37,1,0,0,0,242.04448813379167
8,40,1,0,0,4,244.25147804730548
8,54,1,0,0,2,245.1138432037303
8,55,1,1,0,2,260.50306862473633
8,56,1,0,0,5,246.26143990454963
8,0,1,0,1,7,257.58299488841374
8,3,0,0,1,0,246.0765814428441
8,4,0,0,1,4,247.27619406479639
8,5,1,0,1,5,261.51423224093855
8,6,1,0,1,0,259.8498111976121
8,7,1,0,1,1,263.81556710117616
8,8,1,0,1,0,255.2289330881066
8,9,1,0,1,0,258.8089612661985
8,10,1,0,1,2,263.4169185992552
8,11,1,0,1,3,262.74478933267517
8,17,0,1,0,3,247.61796616173635
8,18,0,0,1,0,246.67112038532687
8,19,0,0,1,5,248.22519721995872
8,25,0,1,0,5,250.88954686051653
8,33,0,0,1,0,246.88725124010242
8,36,0,0,0,2,233.21025907737163
8,39,1,0,0,1,243.46500664825865
8,43,0,1,1,0,258.18022271648397
8,44,0,1,1,1,257.02758975219945
8,49,0,1,0,6,251.97724598450557
8,56,0,0,1,0,240.49654020693245
8,58,1,0,1,7,260.9118189465195
8,59,1,0,1,4,258.80900036000713
8,1,0,0,1,5,245.7676738857616
8,2,0,0,1,1,246.9046471615168
8,17,0,0,1,3,249.93845287018706
8,20,1,0,0,1,250.57381988939113
8,21,1,0,0,0,246.9367152488738
8,24,0,0,0,6,232.07090851234406
8,25,0,1,0,4,248.29368723859463
8,26,1,1,0,2,265.1910026883277
8,27,1,1,0,6,269.62408881057564
8,37,1,1,0,6,261.7622888992476
8,39,0,1,1,5,257.9223069279131
8,44,1,1,1,0,271.5606091062241
8,45,1,1,1,6,276.90651887031026
8,46,0,0,1,7,248.79453522699436
8,51,1,0,0,2,247.20808196409013
8,52,1,1,0,5,259.2196393820594
8,53,0,1,0,5,246.2796248158429
8,54,0,1,1,5,259.65899543170457
8,55,1,1,0,6,263.99080347041024
8,57,1,1,0,5,259.2352904935175
8,16,0,0,1,6,246.49907339280853
8,17,1,1,1,0,273.9468921223557
8,19,0,1,1,7,272.24442596576773
8,20,1,1,0,2,265.73040710479273
8,28,0,0,0,7,242.3884413793103
8,33,0,1,0,3,249.6838655579228
8,36,0,1,0,4,243.53530404895912
8,41,0,1,0,6,243.7022174022484
8,45,0,0,0,2,230.98336198511996
8,54,0,1,0,3,246.49291606139082
8,1,0,0,0,3,228.06257169868786
8,6,0,1,0,7,247.00219659206255
8,11,0,0,1,1,246.61147124446876
8,15,1,1,0,5,262.8000375258858
8,29,1,0,0,3,247.52700981503583
8,34,1,1,0,2,264.18445865057583
8,35,1,0,0,5,247.97795707720013
8,43,1,1,1,3,271.28100255180976
8,51,0,0,1,1,244.7984066225504
8,53,0,1,0,3,247.4442563714336
8,58,1,1,0,4,259.9815786263752
8,8,0,1,1,0,254.85877247507713
8,9,0,1,1,7,264.93642128011146
8,23,0,0,0,2,233.12838424287156
8,28,1,1,0,1,262.01134150837794
8,39,1,1,1,0,275.78269981379486
8,42,1,0,0,5,247.01251624664417
8,46,1,1,0,4,261.3462051157283
8,59,0,0,0,7,235.44708451168316
8,1,1,1,1,6,280.652770587002
8,2,0,0,1,7,248.28138818767178
8,9,1,1,0,3,261.2110323892992
8,14,0,1,0,5,246.43143782976182
8,23,0,1,0,6,252.06021966435307
8,24,0,1,0,2,250.31421390368655
8,27,0,1,0,2,248.86128009953526
8,28,0,0,0,4,232.66927769651775
8,33,0,1,0,6,249.41407654560086
8,35,1,1,0,5,261.78428718744516
8,40,0,1,0,2,247.5944621309747
8,46,0,0,1,0,243.6696959062385
8,47,0,0,1,0,240.3373268391233
8,48,0,0,1,2,242.69480624086424
8,49,0,0,1,4,241.35069329690435
8,53,1,0,0,5,244.9789964231903
8,54,1,0,0,1,240.2392862999161
8,57,0,1,1,2,257.6955558812409
8,5,0,0,1,1,246.27153452426154
8,11,1,1,0,5,261.63277367316255
8,16,1,0,1,1,260.4796847910836
8,18,1,1,0,5,263.4170453077279
8,20,1,0,0,0,245.82228427092036
8,21,1,0,0,3,255.91282480480183
8,23,1,0,0,3,247.54839203325375
8,24,1,0,1,2,264.75619073271844
8,26,1,0,1,1,261.9180839374374
8,27,1,0,0,7,259.93024720649356
8,36,1,1,0,5,261.70469865565906
8,42,1,0,0,1,243.97536301196004
8,43,1,0,0,2,245.71843524180554
8,45,1,1,0,3,260.2065171522597
8,46,1,0,0,3,245.27761023188063
8,47,1,1,1,4,273.73780776842807
8,49,1,1,1,0,268.1784235804071
8,51,0,1,1,2,256.6822235247822
8,56,0,1,0,7,249.41939640973015
8,1,1,0,1,0,258.9741223221981
8,2,1,0,1,2,261.15688249383913
8,3,1,1,1,5,279.7495971249382
8,11,0,1,1,0,260.6165782547338
8,12,0,1,1,7,267.96352039001323
8,21,1,0,0,1,248.287468103189
8,22,1,0,0,0,246.40214277546812
8,23,1,0,0,0,246.7248673143781
8,26,1,0,0,1,248.67727343868114
8,27,1,0,0,6,249.54566036536832
8,44,0,1,0,1,242.1708935158775
8,45,0,1,0,0,243.04613797498018
8,1,0,0,1,7,246.91732023945704
8,5,0,1,0,2,246.48265662895324
8,13,0,0,1,3,248.04080301007227
8,19,0,0,1,4,246.41244273037535
8,20,0,0,1,5,247.77164892010313
8,30,1,1,1,1,279.53540617822875
8,32,1,1,0,6,264.7571106754844
8,33,1,0,0,7,246.4688027915514
8,36,0,1,1,4,263.6576835010463
8,37,1,1,1,0,269.5674078262368
8,38,1,1,1,6,272.85198614530213
8,39,1,0,1,7,263.96110360223315
8,40,0,0,0,3,230.9265744451945
8,52,1,0,0,2,246.75166923207505
8,3,0,0,1,7,246.06026094514255
8,15,0,1,1,4,263.5450710831612
8,25,1,1,0,7,274.63761231337435
8,26,1,0,0,6,251.95761191595795
8,33,1,1,0,2,264.9919792774297
8,36,1,0,1,4,260.79413286154147
8,37,1,0,1,7,258.0001592968912
8,40,0,1,0,5,247.06985035948722
8,41,1,1,0,6,262.1790808059026
8,45,0,1,0,2,243.67103113292671
8,49,1,0,1,6,261.8564345007784
8,50,0,1,1,3,261.5767542340745
8,8,0,1,0,6,244.3588367150696
8,11,0,0,1,2,247.1695299118295
8,14,1,0,0,2,245.7768295811119
8,16,1,1,0,4,259.98874797841273
8,18,0,0,1,5,248.66001882435083
8,21,0,0,1,6,248.9436264483492
8,22,1,1,1,2,279.44950656546655
8,23,1,1,1,2,278.6191984151441
8,24,1,0,1,4,266.5724046214437
8,25,1,0,1,5,264.1086561950301
8,34,0,0,1,7,263.0800716126938
8,39,1,0,1,0,257.0432518096512
8,40,1,0,1,1,260.5360662489665
8,49,0,0,1,3,246.5682397245387
8,52,0,0,1,3,247.83668049606283
8,55,0,0,1,0,241.45476634921127
8,58,0,0,1,2,244.16715747318355
8,0,0,1,1,7,263.200531547471
8,1,1,1,0,2,260.51899356320126
8,4,1,1,0,0,258.6558815570745
8,6,0,1,0,2,246.58767198355807
8,12,0,1,0,3,245.86843921777768
8,15,1,0,0,5,246.53495766245175
8,19,1,1,1,2,279.8808632380221
8,23,1,1,1,6,282.48416896921935
8,24,1,0,1,5,264.39424899419123
8,25,1,0,0,2,248.50101754005124
8,30,1,0,1,7,273.03721567097307
8,35,1,0,0,4,248.2886621154443
8,49,1,0,0,5,240.62163821405485
8,50,0,0,1,2,245.4269335424714
8,1,0,1,1,6,262.4064916632122
8,4,0,0,1,5,248.82452601264015
8,5,1,0,1,2,262.02274096243724
8,6,1,1,1,2,273.17944946982954
8,7,1,0,1,2,263.8844737093083
8,8,1,0,1,5,264.6037482829224
8,13,1,1,0,4,262.39628219073796
8,24,0,0,0,2,232.10203209212457
8,30,0,0,1,7,255.51022956001583
8,31,1,1,0,6,273.13064509439033
8,32,1,1,0,7,275.19560954097324
8,37,1,0,1,6,257.30692035510344
8,38,0,0,1,6,247.225599156891
8,39,0,1,1,2,259.91789479126624
8,54,1,1,0,2,259.8198484234217
8,6,1,0,0,6,246.36386598696382
8,16,0,1,0,4,247.03487982369955
8,18,1,1,0,6,264.7229390909712
8,19,0,1,0,5,247.82751066701138
8,21,0,1,0,4,248.84043720737887
8,35,0,1,1,5,265.25205351576733
8,43,1,0,1,2,264.32894776483255
8,44,1,0,1,5,261.8165328286618
8,45,1,0,0,5,246.5886986643687
8,46,1,0,0,7,251.24525515437432
8,53,1,1,0,0,255.82820908449236
8,55,1,0,0,3,243.897300542121
8,58,1,1,1,5,274.19689454919364
8,7,0,0,1,0,245.5544955533335
8,8,0,0,1,7,248.43715594671326
8,11,0,1,0,3,252.70268358401933
8,17,1,0,1,0,255.44991708795854
8,18,1,0,1,4,262.61945202627163
8,19,0,0,1,0,245.9012434396571
8,20,0,0,1,3,247.91131692098998
8,22,1,1,0,7,268.61606940251073
8,26,1,0,0,2,250.24214688748364
8,34,0,1,1,3,260.9125356044506
8,43,1,1,0,3,261.7448511680331
8,44,1,0,0,0,242.4301672571134
8,47,1,0,0,1,242.45308137184628
8,50,0,0,1,3,244.8641296398517
8,51,0,1,1,6,264.75747740872293
8,52,0,0,1,6,246.746889322916
8,56,0,0,0,1,229.77940246438249
8,0,0,0,1,2,246.48679124312162
8,9,0,0,1,7,251.7251744044779
8,15,0,1,1,0,260.61715461204676
8,16,0,1,1,4,264.7452227305998
8,17,1,1,1,6,276.9082562093076
8,19,1,0,1,6,262.8833481718383
8,20,0,1,1,7,271.03299782150106
8,21,1,0,0,4,248.20465907680608
8,27,0,1,1,2,263.6038025271526
8,28,0,0,1,3,249.59060578467393
8,33,0,0,1,5,247.24211069744987
8,34,1,0,1,3,262.1306365881199
8,38,1,0,0,1,245.89739804585457
8,41,0,0,1,2,244.29782406498194
8,43,0,1,1,5,260.49142421443577
8,55,0,1,1,7,265.0372508506695
8,56,1,1,0,4,262.6892653755709
8,57,0,1,0,0,242.9365495634705
8,59,1,1,0,7,265.40495779856235
8,11,1,1,0,4,262.29096911851803
8,12,0,1,0,5,246.8169821567114
8,14,1,1,0,7,271.09542841236197
8,17,0,1,0,5,247.27649440190447
8,26,1,1,1,4,276.89394218843546
8,27,0,1,1,7,275.0287480593912
8,30,0,1,0,4,247.9169600738585
8,41,1,0,0,4,246.51789855402578
8,51,1,0,0,3,246.36530877661764
8,52,1,0,1,0,257.9880804847238
8,53,1,0,1,5,260.52800575875966
8,3,1,0,0,1,244.0776351788033
8,7,1,0,0,3,245.58506927967682
8,19,1,0,0,1,248.0786360074085
8,30,0,0,1,0,243.7679843233761
8,32,0,0,1,4,247.0188847516789
8,33,1,0,1,6,269.92391773185125
8,35,0,1,1,4,266.76489305092457
8,37,0,0,1,6,247.83843336137625
8,38,0,1,1,1,260.4107370169138
8,43,1,1,1,7,272.0962066338119
8,48,1,0,0,2,242.06817709784394
8,3,1,0,1,2,262.21167113161414
8,4,1,1,1,4,277.7226801151162
8,8,0,0,0,1,230.86799742834262
8,16,1,1,0,2,260.4332773147458
8,18,1,1,0,3,262.7915199855383
8,22,1,0,0,6,248.6136181303245
8,25,1,1,0,4,266.1079910535502
8,26,1,1,0,5,265.4771594388375
8,50,1,1,0,1,256.9379090347777
8,51,1,1,0,1,257.9912525401254
8,52,1,1,1,2,273.9177239159097
8,53,1,0,1,6,260.5379933154641
8,55,1,0,0,7,250.70579329321538
8,58,1,1,0,5,258.82830338456955
8,0,0,1,1,2,261.4397234736604
8,7,0,1,0,7,244.00974822111576
8,8,1,0,0,7,249.03647251822457
8,10,0,0,0,2,229.90746116796586
8,12,0,0,1,3,246.7179863856811
8,15,0,0,0,2,230.19427469133484
8,33,1,1,0,6,265.68868970149913
8,45,0,0,1,1,243.11129933398334
8,46,0,0,1,6,244.98861296258238
8,47,1,0,1,1,256.16847601836184
8,48,1,0,1,2,258.1733009620445
8,49,1,0,1,5,260.5919865065735
8,54,1,0,0,7,244.6922611181957
8,55,1,0,0,0,242.1371874158441
8,57,1,0,0,4,244.9996292071666
8,14,1,1,0,2,264.42016841701036
8,15,1,1,0,4,262.2262601808881
8,16,1,1,0,6,260.2955673617832
8,24,1,1,0,7,275.18317447744926
8,28,1,1,1,0,270.8921518405954
8,29,1,1,1,7,276.9107695098376
8,31,0,0,1,2,248.45202770718956
8,32,0,1,1,4,263.71450190337606
8,36,1,0,0,1,244.1828244302789
8,37,1,0,1,4,257.1086926546311
8,38,0,0,1,2,246.4718622801304
8,39,0,0,1,5,246.6316850577429
8,44,1,1,1,2,276.7304996939499
8,45,1,1,1,1,274.20023910886306
8,0,0,0,0,0,228.80311849791858
8,10,1,1,0,2,261.336231660393
8,20,1,0,0,6,251.70662462021272
8,22,1,0,0,1,248.5800328342127
8,25,1,1,1,5,280.1127734551534
8,31,0,1,1,6,267.2428870425862
8,34,0,0,0,2,231.0249931722443
8,40,1,0,0,0,243.18441336973524
8,43,1,1,0,6,261.8942456227377
8,47,1,0,0,4,244.50990623379442
8,56,1,1,0,3,258.7886215519273
8,57,1,1,0,3,262.36403405784944
8,15,0,1,1,7,263.95634962925703
8,20,1,0,1,1,262.08835601121007
8,24,0,1,0,1,248.5692811732115
8,37,0,1,0,5,248.19011182531887
8,38,0,1,0,0,242.42846371198186
8,57,1,0,0,6,245.14257626043315
8,1,0,0,1,2,246.95420965955708
8,2,0,0,1,0,242.9625684493179
8,15,0,0,0,5,230.21287675459422
8,24,0,1,1,5,264.80687657283596
8,25,0,1,1,6,262.3307815047433
8,26,0,1,1,1,264.54047999120155
8,31,1,0,1,1,262.5056850674828
8,32,1,0,0,4,248.6000647761128
8,39,1,1,0,0,255.56349820790416
8,41,1,1,0,3,262.58041510491626
8,43,1,1,0,0,257.02798129556925
8,44,1,1,0,4,257.7799551952972
8,59,0,1,0,0,242.84327814126368
8,1,0,1,0,4,244.31013223188543
8,8,0,0,0,3,230.66308570520738
8,10,0,0,1,4,244.94154360321116
8,11,0,0,1,3,246.6052210801774
8,12,0,1,1,0,259.83899906536374
8,13,0,1,1,3,260.36572537439463
8,19,0,0,0,4,231.42614257674165
8,22,0,0,1,4,249.63700177940984
8,23,1,0,1,1,264.34265768887127
8,44,1,0,0,5,246.95618801609044
8,46,1,0,1,7,271.2873194880499
8,53,0,1,1,7,255.464151782827
8,54,1,1,0,6,261.3752677522323
8,57,1,1,0,0,257.9458379484485
8,59,0,1,0,4,244.0103956724862
8,1,0,1,0,2,244.0949090613555
8,3,0,1,0,3,246.3789250758757
8,4,0,0,1,0,243.41594481366153
8,5,0,0,1,3,248.64126684916096
8,9,0,1,1,6,259.86575265354884
8,15,0,0,1,2,245.11629456415065
8,17,0,0,1,7,247.86480485573307
8,28,0,0,1,4,247.85054916455016
8,29,0,0,1,3,250.41444463285882
8,32,0,1,0,0,247.94344010293094
8,36,1,1,0,1,259.7379305424545
8,39,1,0,0,2,245.41135874424833
8,40,1,0,0,7,245.9503499561348
8,44,0,1,0,5,245.705014451547
8,57,1,1,0,7,270.45574822958986
8,7,0,0,0,1,230.40136142010104
8,12,0,1,1,1,261.96327193926834
8,14,0,0,1,6,248.25485585543487
8,16,0,0,1,3,247.2668690744741
8,38,1,1,1,2,272.53286063594766
8,42,1,1,0,2,258.9824537958756
8,44,1,1,0,1,255.44219476084172
8,45,1,1,1,7,285.3358547751
8,54,0,0,0,1,228.9806405054843
8,7,1,1,0,1,260.7054839228475
8,8,1,1,0,1,261.26955226966504
8,13,1,0,0,4,248.69117575206266
7,15,1,0,0,3,251.52565398757216
7,16,1,0,0,3,245.77999660179472
7,17,1,1,0,0,262.4193148801834
7,18,1,1,0,3,266.51519615183696
7,19,1,0,0,1,245.47821404363583
7,20,1,0,0,6,249.48205439778073
7,21,0,1,0,2,246.79315216532007
7,22,0,1,0,2,247.02449898115987
7,23,0,0,0,5,230.58661527396444
7,24,0,0,0,0,227.72697382661102
7,25,0,0,0,2,231.57281317469608
7,26,0,1,0,3,246.4448861320956
7,27,0,1,0,2,244.86530994439772
7,28,0,1,0,1,242.25861241489523
7,29,0,1,1,1,259.44817413797654
7,30,0,1,1,2,257.29211606673607
7,31,0,1,1,0,255.71817211073403
7,32,0,1,1,4,257.0251303482031
7,33,1,1,1,4,276.5957246195346
7,34,1,1,1,6,270.99965567587844
7,35,0,0,1,1,243.65309133728715
7,36,0,0,0,6,234.28764936386872
7,37,0,0,0,4,226.05543106471586
7,38,0,0,0,6,231.2767052828489
7,39,0,1,0,3,241.69971079576007
7,40,0,0,0,4,227.45306895279262
7,41,0,0,0,2,229.47231645576284
7,42,0,0,0,7,242.8463225849474
7,43,0,0,0,0,226.84197222096623
7,44,0,0,0,1,231.54069135475154
7,45,0,0,0,0,229.4734019467933
7,46,0,0,0,2,232.30201611069668
7,47,0,0,0,1,230.79113601454034
7,48,0,0,0,0,231.18814516232328
7,49,0,0,0,7,247.59274226717625
7,50,1,0,0,7,262.9586248470074
7,51,1,0,0,4,248.21721201015941
7,52,0,0,0,5,236.13285429324074
7,53,1,0,0,0,241.43421960439846
7,54,1,0,0,1,244.94060353253855
7,55,1,0,0,2,245.47602475500867
7,56,1,0,0,6,248.09292750988527
7,57,1,0,0,7,256.09315551447355
7,58,0,0,0,1,230.9483996633875
7,59,0,0,0,6,235.0648623534738
7,0,1,1,0,0,257.7534289072771
7,1,1,1,0,1,258.00505935593844
7,2,1,1,1,1,270.3024434148119
7,3,1,1,0,2,257.1170050893867
7,4,1,1,0,6,259.48593969891084
7,5,0,0,0,1,228.56326427200855
7,6,0,0,1,1,242.71345907986077
7,7,0,0,1,7,257.73513707453895
7,8,1,0,0,7,257.1902427728174
7,9,0,1,0,1,242.97720372031063
7,10,0,1,0,5,248.16283821428587
7,11,1,1,0,2,262.3033794046751
7,12,1,1,0,2,260.8401509556142
7,13,1,0,0,3,249.46864859771566
7,14,1,0,0,5,246.0315071567994
7,15,0,0,1,3,249.12739205950945
7,16,0,0,0,5,232.55703452764715
7,17,1,0,0,5,248.65899290051385
7,18,0,0,0,7,248.66190868815167
7,19,1,1,0,1,261.16207500860537
7,20,1,1,0,2,260.3261790161416
7,21,1,0,0,0,242.1267499983304
7,22,1,0,0,0,243.16823205954432
7,23,1,0,0,2,247.24516965812487
7,24,1,0,0,4,245.11754689061047
7,25,0,0,0,1,228.65741346455104
7,26,0,0,0,2,228.93159307220023
7,27,0,0,0,4,233.42850367735016
7,28,1,0,0,1,241.25917842927421
7,29,1,0,1,7,271.5224959093991
7,30,0,0,0,1,227.00358827799465
7,31,0,0,1,6,247.41252620671696
7,32,1,1,1,4,274.1185484642514
7,33,0,1,1,0,251.95625721156193
7,34,0,1,1,2,255.10455378993655
7,35,0,0,1,4,242.0508856939233
7,36,0,0,1,0,242.59878624266304
7,37,0,0,1,5,245.69624186915163
7,38,0,0,0,7,236.99067398067166
7,39,0,0,0,6,229.64473353578612
7,40,0,0,0,1,227.4414210253833
7,41,0,0,0,4,229.9396065870286
7,43,0,0,1,4,245.30691982625606
7,44,0,0,1,5,247.8742308555873
7,45,0,0,1,0,245.1580136260732
7,46,0,0,1,6,250.00163124685733
7,47,0,0,1,4,245.50310317426772
7,48,1,0,1,0,256.57935319547465
7,49,1,0,1,3,261.2383319704789
7,50,1,0,0,6,247.12500308401866
7,51,1,0,0,7,259.7286191678299
7,52,0,1,0,2,246.97652489158443
7,53,0,1,0,4,245.6420049729761
7,54,1,1,0,2,261.5715613120944
7,55,1,0,0,0,243.5911573618902
7,56,1,0,0,3,245.45626856861853
7,57,1,0,0,3,243.74086896956263
7,58,1,0,0,4,249.20732087112304
7,59,0,0,0,2,230.51590159334046
7,0,0,1,0,1,243.49354925235986
7,1,0,1,1,2,259.1082745097546
7,2,0,0,1,1,241.3095506011212
7,3,0,0,0,1,227.8652062876233
7,4,0,0,0,0,226.86860990280843
7,5,0,0,0,4,226.04261609933457
7,6,0,0,0,1,232.42114019632416
7,7,0,0,0,2,229.06277440378705
7,8,0,0,0,1,228.32564667538708
7,9,0,0,0,1,227.74588304145271
7,10,0,0,0,5,230.09961210578922
7,11,1,0,0,4,246.5179409037408
7,12,0,0,0,4,232.35160900185681
7,13,0,0,0,2,234.68787371653812
7,14,0,0,0,5,234.44031548176832
7,15,0,0,0,4,236.59733974978414
7,16,0,0,0,7,246.7166935152532
7,17,0,0,1,0,241.71788298162164
7,18,0,0,1,1,245.29888305760346
7,19,0,0,0,4,234.05084584276716
7,20,1,0,0,4,247.05285119860156
7,21,0,0,0,5,240.12267487075988
7,22,1,0,1,5,262.661748312241
7,23,0,0,1,3,247.38436422590493
7,24,0,1,0,4,244.3074851334498
7,25,0,1,0,1,245.7629249655405
7,26,0,1,1,0,257.6299060486015
7,27,0,1,1,4,256.9570529597349
7,28,0,1,1,2,262.1718531800984
7,29,0,0,1,3,243.17757558552415
7,30,0,0,0,5,232.8797839060804
7,31,1,0,0,1,244.60161244686194
7,32,1,0,1,5,258.51951597175963
7,33,0,0,0,3,227.18345502179508
7,34,0,1,0,5,247.45573643845069
7,35,1,1,0,1,256.45970086715965
7,36,1,1,0,7,271.32087690290973
7,37,0,0,0,3,228.9073120353874
7,38,0,1,0,4,244.62484520886204
7,39,0,1,0,1,243.24067846238637
7,40,0,1,1,4,257.4503305669532
7,41,0,1,1,2,258.52296199685946
7,42,0,1,1,5,263.6279908718796
7,43,0,1,0,0,243.64372159562134
7,44,0,1,0,1,245.27162651517494
7,45,0,1,1,5,260.11316588253857
7,46,0,1,0,3,246.64012416915685
7,48,0,0,0,5,233.0145471638435
7,49,0,0,0,3,236.81252913271393
7,50,0,1,0,6,247.11116702892787
7,51,0,0,0,3,230.8694459418021
7,52,0,1,0,0,244.29554880802488
7,53,0,1,0,1,244.39176473447804
7,54,0,1,1,1,260.37836181130564
7,55,0,1,1,1,259.6042241763622
7,56,0,1,0,0,244.20794027437768
7,57,0,1,0,1,246.0354111903625
7,58,0,1,0,6,246.86225903494864
7,59,0,0,0,3,232.8061593590351
7,0,0,1,0,6,243.37917246224367
7,1,1,1,0,7,267.6799729290859
7,2,0,0,0,5,232.2728482138681
7,3,0,0,0,2,230.03396767787075
7,4,0,0,0,5,234.09123142605426
7,5,0,0,0,6,228.09398158886165
7,6,0,0,0,2,233.23497096490155
7,8,0,0,0,3,233.23888364710183
7,9,0,1,0,6,244.8281162165292
7,10,1,0,0,7,256.1325969158878
7,11,0,1,0,4,246.21387456374927
7,12,1,1,0,4,260.4867294974616
7,13,0,1,0,5,245.59635934465337
7,14,1,1,0,3,264.47723560055414
7,15,1,1,1,5,276.0506476614089
7,16,0,1,0,7,245.67103887588286
7,17,0,0,0,6,239.02859902483428
7,18,0,1,0,6,253.3910915502469
7,19,1,0,0,4,249.8299588100192
7,20,0,0,0,6,238.91806391906493
7,22,0,1,0,1,242.03280890650038
7,23,0,1,0,0,243.8693169451761
7,24,0,1,0,7,257.09324536765973
7,25,0,1,0,7,256.13779113006956
7,26,1,0,0,0,243.41740230482114
7,27,1,0,0,1,244.93225078999095
7,28,1,0,0,4,243.52528182436504
7,29,1,0,0,3,242.97384556597524
7,30,1,1,0,7,269.655581691159
7,31,0,0,0,2,226.31545615549956
7,32,0,0,0,5,230.73858039227318
7,33,0,0,0,1,228.14518308463983
7,34,0,0,0,6,225.4141740366401
7,35,0,1,0,2,241.6109024854392
7,36,0,0,0,5,228.34363122059594
7,37,0,0,0,5,228.85102365319443
7,38,0,0,0,5,229.30863088916308
7,39,1,0,0,3,241.4219610407779
7,40,1,1,0,0,257.96051385464074
7,41,1,1,0,1,259.7825371731176
7,42,1,1,1,6,280.12473203730366
7,43,0,0,1,7,245.11950366395826
7,44,1,1,0,3,261.85853270207684
7,45,1,0,0,4,246.92015126390828
7,47,0,1,0,2,246.28176361699562
7,48,0,0,0,6,232.93570327600014
7,49,0,0,0,5,234.63730665725797
7,50,0,0,0,3,235.16148608967342
7,51,0,1,0,1,242.141611141765
7,53,0,1,0,0,246.91373405621957
7,54,0,1,0,2,248.31209626942356
7,55,0,0,0,2,235.45009930654942
7,56,0,1,0,3,247.4248171690719
7,57,0,0,0,0,228.8849131019167
7,58,0,0,0,7,241.58231193330127
7,59,0,1,0,4,244.87922992062252
7,1,0,0,0,0,227.2782692956672
7,2,0,0,0,2,228.20167884387394
7,3,0,1,0,2,244.71126245468545
7,4,0,1,0,1,241.39115865353662
7,5,0,1,0,3,244.81187115325903
7,6,0,1,0,6,244.713237068355
7,7,1,0,0,2,245.52702669972962
7,8,1,1,0,7,256.85257205143097
7,9,0,1,0,7,253.94266841659604
7,10,1,0,0,5,244.10333206599168
7,11,0,0,0,5,234.65303389814906
7,12,0,0,0,3,233.40331439666016
7,13,0,0,0,7,244.62601560706025
7,14,0,1,1,1,260.50859581328683
7,15,0,1,0,1,245.3234481793773
7,16,0,1,0,4,246.00699219079442
7,17,1,1,0,4,262.24335469730744
7,18,1,1,0,5,264.03435166262534
7,19,0,1,0,7,255.6710813631304
7,20,1,1,0,4,261.7008972406796
7,21,1,1,0,1,258.8301126375675
7,22,1,1,0,6,272.1200783793612
7,23,0,0,0,3,228.55984006829345
7,24,0,0,0,6,233.4567675828657
7,25,0,0,0,4,228.90812773582175
7,26,0,0,0,1,229.20876195251475
7,27,0,0,0,7,241.2656148895945
7,28,1,1,0,2,260.4159891713568
7,29,1,0,0,1,243.68431990817996
7,30,1,0,0,0,241.26850402593513
7,31,1,0,0,7,259.51452745768
7,32,1,1,0,2,268.514923277456
7,33,1,1,0,1,258.1080907386787
7,34,1,1,0,7,273.60376307723476
7,35,1,0,0,3,241.57329456169643
7,36,1,1,0,6,260.1196560968056
7,37,1,1,0,3,257.6392069964311
7,38,1,0,1,6,260.3293677632486
7,39,1,0,1,6,261.1257314924339
7,40,0,1,1,1,256.6833370193776
7,41,0,1,0,1,243.11401983440422
7,42,0,1,0,7,257.8560461284374
7,43,0,0,0,5,229.7624768577536
7,44,1,0,0,1,244.48419171204614
7,45,1,0,0,5,248.48971663933406
7,46,1,0,0,0,244.60767440302135
7,47,1,0,0,1,243.0000299171449
7,49,1,0,1,2,259.305910030896
7,50,1,1,1,3,271.9363102360665
7,51,1,1,0,6,269.5400144785706
7,52,0,0,0,1,230.0704382596391
7,53,0,0,0,4,231.04227938994487
7,54,1,0,0,0,244.96804956682777
7,55,1,0,0,4,245.98995372492251
7,56,0,0,0,3,229.3814375398981
7,57,0,1,0,0,243.34266567200103
7,58,0,1,0,2,244.99589589149124
7,59,0,1,0,0,243.98219852690139
7,0,0,1,0,5,244.3154988685751
7,1,0,1,0,4,243.23022296442684
7,2,0,1,0,1,241.3711883125474
7,3,0,1,0,7,254.0820518890332
7,4,0,1,0,3,245.92228656703296
7,5,0,1,0,0,240.7010402126266
7,6,0,1,0,4,240.55320808936563
7,7,1,1,0,4,255.1916952594587
7,8,0,1,0,4,241.76700350905566
7,10,0,0,1,5,246.6319954317578
7,11,0,0,0,0,227.962648758659
7,12,0,0,0,2,233.1801987842352
7,13,0,0,0,0,230.25096277271214
7,14,0,0,0,2,230.97023705921887
7,15,0,0,0,3,233.36736719298702
7,17,0,0,0,7,248.71067862195582
7,18,0,1,0,1,248.80768685199052
7,19,0,1,0,0,244.28979386718112
7,20,0,1,0,3,249.5376467049254
7,21,0,0,0,1,232.44399684618918
7,22,0,0,1,5,245.88524456217044
7,23,0,0,1,0,242.7170065655584
7,24,0,0,1,7,262.22486843269826
7,25,0,0,0,6,230.02122374423166
7,26,0,0,0,6,235.443404444988
7,27,1,1,0,1,259.3027864090222
7,28,1,1,0,7,273.4614341006091
7,29,1,0,0,0,241.01660046291178
7,30,1,0,0,6,240.21868341166106
7,31,0,1,0,5,244.68627797621951
7,33,1,0,0,1,242.15523727071042
7,34,1,0,0,2,239.60511302160037
7,35,1,1,0,6,258.0527652422477
7,36,0,0,0,4,230.0452152549291
7,37,0,0,0,2,226.68619238996754
7,38,0,0,0,4,229.57103135777078
7,39,0,0,0,4,229.82138562795078
7,42,0,0,0,5,226.77612687963293
7,43,1,0,0,1,243.78606620239
7,44,1,0,0,0,244.3734198462966
7,45,1,0,0,1,244.90775220317204
7,47,1,0,0,3,247.03283843536283
7,48,1,1,0,3,263.8759998642808
7,49,1,0,0,1,245.03259424788774
7,50,1,0,1,5,259.7785764715753
7,51,0,0,0,0,230.9204998046193
7,52,0,0,0,2,232.04051613315096
7,53,0,0,0,3,234.41839044155634
7,54,0,0,0,6,229.93780714435837
7,55,1,1,0,0,258.1765396212295
7,56,1,1,0,0,258.03036017681325
7,57,1,1,0,1,260.08070417580643
7,58,1,1,1,7,287.4630445123935
7,59,0,1,1,3,260.4519145898393
7,0,0,0,0,5,229.34492468828347
7,1,1,0,1,6,256.0297612059383
7,2,1,0,1,1,259.45408311967014
7,3,1,0,0,6,253.09341029335988
7,5,0,0,0,3,233.1600569148283
7,6,0,0,0,0,227.0272598748739
7,7,0,0,0,5,230.60495726764188
7,8,0,0,0,2,229.96426129825693
7,9,0,0,0,7,239.11377053994335
7,10,1,0,0,4,246.35055535220002
7,11,1,0,0,2,241.62115830243656
7,12,1,0,0,6,258.81518607689804
7,14,0,1,0,5,248.2746171052432
7,15,0,1,0,2,248.0965254102831
7,16,0,0,0,3,236.6294696126796
7,17,0,1,0,7,259.3990536958329
7,18,0,0,0,3,235.32798147928807
7,19,0,1,0,2,250.2643412867921
7,20,0,0,0,7,243.97072415117975
7,21,0,1,0,3,245.8274896303195
7,22,0,0,0,2,231.2424884676441
7,24,0,0,0,1,228.6505455498705
7,26,0,0,0,4,229.23099725099527
7,27,0,0,0,3,230.159053874362
7,28,0,0,0,1,231.38482156035883
7,29,0,0,0,4,228.37741591400268
7,30,1,0,0,1,240.27997360666149
7,31,1,0,0,2,244.39312056001512
7,32,1,0,0,7,253.6069167287583
7,33,1,0,0,3,243.78834850193402
7,34,1,0,0,0,240.01947339214482
7,35,1,0,0,7,252.22262472176592
7,37,1,0,1,6,259.4635067265686
7,38,1,1,1,1,275.43530728407524
7,39,1,1,0,5,259.9169152686373
7,40,0,1,0,5,247.73968315377144
7,41,0,1,0,3,243.22812633389714
7,42,0,1,0,1,243.63610335943258
7,43,0,1,0,6,246.5186968886962
7,44,0,0,0,5,240.5225288427035
7,45,1,0,0,3,247.93420840673085
7,46,1,0,0,6,247.06035559706805
7,47,0,0,0,4,233.23056913897355
7,51,0,1,0,6,252.8313702768404
7,52,1,1,0,6,262.20687466096376
7,53,0,0,0,1,231.36743007942025
7,54,0,0,0,4,230.82555280984263
7,55,0,0,0,1,230.4436186509659
7,56,0,0,0,5,229.4744613163665
7,57,0,0,0,1,229.97911834282363
7,58,0,0,1,5,247.4189872825158
7,59,1,0,0,3,247.39233084571083
7,0,1,0,0,6,245.01743443898894
7,1,0,0,0,3,233.7071606498664
7,2,0,0,1,0,242.32222570465754
7,3,0,0,1,7,259.7054469684319
7,4,0,1,1,7,267.5876471174265
7,6,0,1,1,2,260.0268147902418
7,7,0,0,1,4,242.20754242958182
7,8,0,0,1,7,262.20017201481414
7,9,0,0,0,2,230.27350978066147
7,10,0,1,0,1,244.52544504859543
7,11,0,1,0,7,262.02745225085863
7,13,0,0,0,1,231.96780985456212
7,14,0,0,1,7,263.3588891352989
7,15,1,0,0,5,249.94248878508893
7,17,0,1,0,5,248.99991374332376
7,18,0,1,0,7,262.3279995607283
7,20,1,0,0,5,245.52261339169078
7,21,0,0,0,7,243.65147383455766
7,22,0,0,0,3,230.87515085755334
7,23,0,0,0,2,227.69087349963885
7,25,1,1,0,2,259.75204209283277
7,27,1,0,0,2,246.6338193345083
7,28,1,0,0,3,246.90771169098088
7,29,1,1,1,6,273.9896171230073
7,30,0,0,1,6,242.86244992903505
7,31,1,0,1,6,268.6898855358466
7,32,0,0,1,1,244.6231633706057
7,34,0,0,0,4,226.5766636133301
7,36,1,1,1,1,272.07168330525826
7,37,1,1,0,6,263.1002212239978
7,39,1,0,0,1,240.94865508099883
7,40,1,0,0,3,244.4724467583374
7,41,1,0,0,2,244.0459531021691
7,42,1,1,0,3,271.67933049468775
7,43,1,1,0,0,258.05279918057056
7,44,1,1,0,5,262.4796293920628
7,45,0,1,0,1,245.62318786324772
7,46,0,1,0,1,247.8942334204396
7,48,0,1,0,2,244.96314870260602
7,49,0,1,0,0,243.71184192587083
7,50,0,1,0,0,242.55336828340978
7,51,0,1,0,0,242.27805516293262
7,52,0,1,0,4,245.55628474003487
7,54,0,1,0,3,245.71164870543936
7,55,0,0,0,0,228.92195923330553
7,56,0,0,0,0,227.59408434453522
7,57,0,0,0,5,230.94840569809304
7,58,1,0,0,7,260.39393881555293
7,0,0,1,0,2,243.67473279921543
7,1,0,1,0,7,255.7409162336824
7,2,0,1,1,2,259.0636769782833
7,3,0,1,1,5,262.91639223505933
7,4,0,1,0,5,244.00721961365653
7,5,1,1,0,2,257.3186153640915
7,6,1,1,0,2,257.2863732472967
7,7,1,1,0,6,258.10244785953495
7,8,1,0,0,5,245.7103185833941
7,9,1,0,0,5,245.6474007864449
7,11,1,0,0,3,243.99961640545868
7,12,1,0,0,0,245.75329240990342
7,13,1,0,0,7,260.12744231581746
7,14,1,0,0,3,250.02837498401166
7,15,1,1,0,1,257.7327688068289
7,16,1,1,0,3,265.1404461182063
7,17,1,0,1,1,261.09530786603045
7,18,1,0,0,3,246.38211484810773
7,19,1,1,0,0,258.94405596055867
7,21,1,0,0,5,246.0972922199792
7,22,0,0,0,4,231.7233633125917
7,23,0,0,0,1,226.84853493600912
7,25,0,0,0,0,227.12074777037432
7,27,0,0,0,1,230.6234719292215
7,28,0,0,0,5,230.0494072952302
7,29,0,0,0,3,227.55930726134838
7,30,0,0,0,6,230.91672561797697
7,31,1,0,0,0,241.71770192427874
7,32,1,0,0,0,242.59116363294842
7,33,1,0,0,2,248.61749448450027
7,35,1,1,0,2,258.87685922504636
7,38,0,1,0,6,247.55123463994494
7,39,1,1,0,1,260.2629254742505
7,40,1,1,1,2,275.74872771256327
7,41,1,1,1,5,276.9850287281996
7,42,0,1,0,3,245.01467975331497
7,44,0,0,0,3,230.98880232371573
7,45,0,1,1,0,256.49651352147
7,46,0,1,1,6,261.5154552649014
7,47,1,1,1,1,274.5572825755741
7,49,1,1,0,6,272.1551750693253
7,50,0,0,0,0,229.11406685169393
7,51,0,0,0,4,232.06761315332633
7,52,0,0,0,7,237.22880928999814
7,53,1,1,0,5,263.9150370887006
7,55,0,0,0,6,232.52511865185232
7,57,1,1,0,0,259.0162582050289
7,58,1,1,0,2,260.90411823282284
7,59,1,1,0,1,258.31984138669907
7,0,1,1,0,4,259.16664210012044
7,1,0,1,0,6,245.02820379439342
7,2,0,1,0,6,246.48049225962248
7,3,1,0,0,2,244.12413448546013
7,4,1,0,0,4,242.94238114315218
7,5,1,0,0,0,241.5492896787221
7,6,1,0,0,0,240.2606841396688
7,7,1,0,0,6,246.6114306115046
7,8,0,0,0,7,232.3527918626657
7,9,0,0,0,3,233.1623696956643
7,10,0,1,0,6,246.6649902913754
7,11,0,1,0,5,247.22109112308868
7,12,0,1,1,1,260.73753053046204
7,13,0,1,0,0,242.88825992291004
7,14,0,1,0,3,251.66069756493255
7,15,0,1,1,4,263.46698279546393
7,16,1,1,1,6,280.7864790674858
7,18,0,0,1,4,247.05951071140646
7,19,0,0,1,2,248.64659899623106
7,20,0,1,1,1,260.19379568065204
7,22,0,1,0,5,245.3918555715297
7,24,0,1,0,6,247.53803690377575
7,25,0,1,0,6,245.24081768271955
7,26,0,1,0,5,248.52673235182655
7,27,0,1,0,3,245.12167740531402
7,29,0,0,1,6,257.2789237850775
7,30,0,0,1,2,243.03991539015877
7,31,0,1,1,4,256.5480281410542
7,32,0,1,1,5,258.0676074639364
7,33,0,1,1,6,259.77572109958754
7,34,0,1,1,3,267.06732747036824
7,36,0,0,0,3,226.09384083251692
7,37,0,1,0,0,241.65844683056045
7,39,0,1,0,7,254.73498183364757
7,40,0,1,0,0,242.03471438188427
7,42,0,1,0,0,241.63750865387547
7,43,0,1,0,7,261.1297009813868
7,44,0,1,0,3,247.86925035914157
7,45,0,0,0,7,246.50242647521267
7,47,0,1,1,4,260.7013892978029
7,48,1,1,1,5,270.27724623611874
7,49,1,1,0,4,261.8388907483961
7,50,0,1,0,7,260.81766215171575
7,51,0,1,0,5,243.83025613346283
7,52,1,1,0,2,262.54385970905327
7,54,1,1,0,3,262.40327313508806
7,55,1,0,0,5,247.6236118946225
7,56,0,0,0,6,231.2486476795163
7,57,0,1,0,6,246.57652160673507
7,58,0,0,0,5,232.2558644378724
7,59,0,0,0,4,231.3473188197099
7,0,1,0,0,2,243.10058177682643
7,1,1,1,0,3,260.9519513254022
7,2,1,1,0,3,260.10491175650543
7,3,1,0,0,5,244.92370014476023
7,4,0,0,0,7,243.77149678068076
7,5,0,1,0,7,245.01141586365043
7,7,0,1,1,0,255.18111428273346
7,8,0,1,1,2,261.2028816084948
7,9,0,1,1,5,258.9600843431355
7,10,1,1,0,3,263.1994813916026
7,11,1,0,0,6,256.6701160897464
7,12,0,1,0,5,245.01695999930666
7,13,0,1,0,2,248.93259786137438
7,14,0,1,0,2,248.47013294735916
7,16,0,1,1,7,260.1086741583238
7,18,0,0,0,1,233.07317513482124
7,19,0,0,0,0,232.890284788484
7,20,0,0,0,5,236.1788923368857
7,21,1,0,1,7,278.6562533095117
7,22,0,1,0,4,243.0050565021967
7,25,0,0,0,7,240.20002053914374
7,27,0,1,1,7,273.9544579999702
7,28,0,0,0,6,234.422912804297
7,29,0,0,0,1,228.44395041081046
7,30,0,0,0,4,225.24440013875264
7,32,0,0,0,6,230.41309868581516
7,33,0,1,0,4,244.01548376207532
7,34,0,1,0,4,243.66558648970985
7,35,0,1,0,1,243.63483295787714
7,36,0,1,1,5,259.06063090125167
7,37,1,1,0,4,258.0439510952524
7,38,0,1,0,0,242.36584925458916
7,39,0,1,0,5,244.55276722165758
7,40,1,1,0,4,258.7549448301417
7,41,1,1,0,0,257.0586368694204
7,42,1,1,0,5,261.4482769510937
7,43,0,1,0,5,243.26944157402815
7,44,0,1,0,7,260.2013553912568
7,45,1,1,0,2,262.00855020636413
7,46,1,0,0,1,246.21153568816908
7,47,1,0,0,2,249.31745747265535
7,48,1,1,0,1,260.1646573702615
7,49,1,1,0,3,261.0306649024029
7,51,1,1,0,5,260.95303444754796
7,53,1,0,0,7,262.57190039592683
7,54,0,1,0,1,244.50046061930686
7,55,0,1,1,7,277.99089905320636
7,56,0,1,1,1,258.76261857739917
7,57,0,1,0,3,251.7010504825879
7,58,0,0,0,2,230.65813530605104
7,0,0,1,0,3,244.79176606556322
7,1,0,1,1,0,255.57019421144915
7,2,0,1,1,1,256.47495137948584
7,3,0,1,1,2,259.7750715960931
7,4,0,0,1,1,241.35728560015895
7,5,0,0,0,5,226.91077093239034
7,6,1,0,0,6,245.34898199743188
7,7,0,1,0,2,240.25665654849004
7,11,0,1,1,1,257.1847175256705
7,12,0,1,0,4,244.8169976634577
7,13,0,1,0,6,251.51814931635278
7,14,0,0,0,1,231.1387654908311
7,15,0,0,0,7,244.38864468828174
7,17,0,1,0,4,248.06037773640458
7,18,0,1,0,2,252.6713277505524
7,19,0,0,0,6,239.10540435642207
7,20,0,0,0,4,232.30525925147217
7,21,1,0,0,7,262.27536950068003
7,22,0,0,0,7,246.55057822807163
7,23,1,0,0,6,245.09292038388273
7,24,0,0,0,5,231.66239753069132
7,25,0,0,1,7,244.22566517018876
7,26,0,0,0,5,229.97860459981797
7,29,1,0,0,2,245.06738003432213
7,30,1,0,0,4,239.48013008489968
7,32,0,1,0,2,242.5631561725087
7,33,0,0,0,5,230.77008262987854
7,34,0,0,0,0,226.6187963429834
7,35,0,0,0,7,240.54752027847658
7,38,0,1,0,5,244.83124036064194
7,39,0,1,0,6,245.47038347128782
7,40,0,1,0,4,243.0662774771618
7,41,0,1,0,4,244.49837776985362
7,43,1,0,1,3,264.3546037849698
7,44,1,0,0,7,259.082406443719
7,45,0,0,0,6,235.00347278911826
7,46,0,1,0,2,247.66767483443815
7,48,0,0,0,1,234.1334606122878
7,49,0,0,0,4,230.529558750023
7,50,1,0,0,2,250.69222772903527
7,51,1,1,0,7,260.7069127923347
7,53,1,0,0,2,243.74991376401326
7,54,1,0,0,2,244.28192998110578
7,55,1,1,0,4,259.81398692828395
7,56,0,1,0,5,253.04585527209258
7,58,1,1,0,6,260.2810862391969
7,6,0,1,0,3,245.36446851287204
7,7,0,1,1,2,261.5751636446823
7,9,0,0,1,2,246.1420156929765
7,10,0,1,1,6,260.8298745779581
7,11,0,0,1,5,242.33274347502783
7,12,1,0,0,2,246.42373307745478
7,13,1,1,0,4,257.9330485506552
7,14,0,1,0,0,245.51261184133116
7,15,0,1,0,7,261.4667656531193
7,16,1,1,0,6,275.2589485173529
7,19,0,1,0,6,250.81164740107445
7,20,0,0,0,2,235.61726827367565
7,21,0,1,0,7,258.4762102603988
7,22,1,1,0,2,260.36846382905253
7,24,1,0,0,5,244.1621838319551
7,25,0,0,0,5,233.61224889302304
7,26,1,0,1,4,256.2169717879332
7,27,0,0,1,1,243.5446527993812
7,28,0,0,0,2,230.91281223526616
7,29,0,1,0,4,245.66581852650023
7,30,0,1,0,6,247.48106487480737
7,31,0,0,0,6,230.76082682944937
7,32,0,0,0,0,226.00636757089111
7,33,0,0,0,4,231.91910059447946
7,35,0,0,0,0,225.82041582858815
7,37,0,1,0,4,241.87027611399293
7,38,1,1,0,5,260.4336254501314
7,39,0,1,1,3,257.9213803188856
7,41,0,0,0,7,246.92299139784174
7,43,1,1,0,2,260.6166296589734
7,44,1,1,0,6,262.04901349345477
7,45,0,0,0,1,234.35919134038087
7,46,0,0,0,5,229.44662936785946
7,47,0,0,1,6,247.46467173463938
7,48,1,1,1,2,276.51922898239314
7,49,1,0,1,1,259.2534470344277
7,50,1,0,0,4,245.68481853704162
7,53,1,0,1,3,263.1354318583901
7,55,1,0,0,7,258.91675742969187
7,56,0,1,0,2,246.98479239903654
7,59,0,0,0,0,228.06626302928748
7,0,0,0,0,1,229.73997986016818
7,3,0,1,0,3,242.7499098881243
7,6,0,1,0,2,239.440906202413
7,7,0,0,0,4,228.22527583792447
7,8,1,0,0,2,248.49485874729154
7,9,1,1,0,3,256.6089333894243
7,10,1,1,1,3,271.8651143164427
7,11,1,1,1,2,276.2083843122949
7,12,1,1,1,2,271.73938078847686
7,13,1,0,1,5,260.40977302149633
7,14,0,0,0,0,229.66073200957257
7,16,0,0,0,2,232.1305749808208
7,17,0,0,0,0,232.78795243045533
7,18,0,0,0,0,232.3481978923257
7,19,0,0,0,2,234.99368340563927
7,20,0,0,0,1,232.8563827154232
7,21,0,0,0,0,230.81023728043556
7,22,0,0,0,6,236.61697622392703
7,23,0,0,0,7,242.80302388390993
7,27,0,1,0,6,247.59969923104478
7,28,0,0,0,7,239.65026357169356
7,31,0,1,0,2,244.02419725476244
7,32,0,1,0,4,242.73502766289835
7,33,0,1,0,0,243.1783167943166
7,34,0,1,0,2,245.3274990387742
7,35,0,0,0,2,227.36578534261173
7,36,0,1,0,2,243.24501039746485
7,40,1,1,0,6,262.334994975313
7,42,0,0,0,3,229.91552685483038
7,44,0,1,0,5,245.89607193528695
7,45,1,1,0,7,277.86741946420926
7,46,1,1,0,3,264.9161171964457
7,47,1,1,0,7,274.0548846701047
7,48,0,1,0,7,248.2917985326413
7,49,0,1,0,5,248.97606825939653
7,50,0,1,0,4,243.22876757845202
7,51,0,1,0,4,244.04008963439972
7,53,1,1,0,6,266.21080324151126
7,55,1,1,0,3,263.3239584375673
7,56,1,1,0,7,273.5881487192631
7,57,0,0,1,1,243.08154531783566
7,58,0,0,0,3,231.38809154222395
7,59,0,1,0,5,246.82541154142706
7,0,0,1,0,0,242.1814628178134
7,2,1,1,0,7,274.1905354611583
7,3,0,0,1,3,242.7641283203499
7,5,1,0,1,7,269.25916786383186
7,6,1,1,0,4,256.84690460702654
7,7,0,1,0,4,242.36687351060576
7,8,1,1,0,1,257.92847795183627
7,9,1,1,1,2,273.92591610278055
7,10,1,0,1,4,256.4609067857917
7,11,0,0,1,1,247.440265147156
7,12,0,0,0,5,230.35321748926665
7,13,1,0,0,2,249.47532544737555
7,15,1,0,0,1,246.43942812279667
7,16,1,0,0,2,245.30856725873392
7,17,1,0,0,2,246.85495455160358
7,18,1,0,0,6,259.6753299950871
7,19,0,1,0,1,246.31378539911827
7,20,0,1,0,4,246.0609212964393
7,21,1,1,0,6,263.74442912896717
7,22,0,1,0,0,241.93281171882208
7,23,0,1,0,4,244.51924266397177
7,24,0,1,0,5,247.09359147616897
7,25,0,1,0,2,244.83537099742335
7,29,1,1,1,4,272.3265112827392
7,30,0,1,1,6,258.2238432289027
7,31,0,1,1,5,257.8601996242175
7,32,0,1,0,5,244.9158728245676
7,33,0,1,0,7,258.81842119580284
7,34,0,0,0,7,240.49540099395358
7,35,1,1,0,3,265.6238714785644
7,37,1,0,0,5,244.87929834079338
7,38,0,0,0,0,227.45292511220677
7,40,1,0,0,0,240.43074968199377
7,41,1,0,0,1,242.22305356232107
7,42,1,0,0,3,242.66408457320034
7,43,1,1,0,3,264.23832610717204
7,44,1,1,0,1,260.3877295353833
7,46,1,1,0,6,262.56184569031177
7,47,0,0,0,7,248.05637017778233
7,48,1,1,0,6,263.2404283866699
7,51,0,0,0,7,246.0226340608444
7,52,1,1,1,4,275.8915934266221
7,53,0,1,1,0,260.7731318561259
7,54,0,1,1,2,265.84067651165117
7,55,0,1,1,6,263.1083514788377
7,56,0,1,1,6,260.08489469025096
7,57,0,0,1,6,245.86502209667913
7,58,0,0,1,4,244.44965309481876
7,59,1,0,1,0,257.4364927632337
7,0,1,0,1,6,260.02785306932014
7,1,0,1,1,5,261.0799979182652
7,2,0,1,0,5,244.00292459918896
7,5,0,0,1,2,243.40183485282438
7,6,0,0,1,0,242.8395143743214
7,8,0,1,1,0,256.31493158318426
7,9,0,1,1,6,260.78277336909343
7,10,0,0,1,7,256.91456096138035
7,11,0,0,0,6,234.76190856355453
7,12,0,0,0,0,229.7289929143586
7,13,0,0,0,6,234.44998002536676
7,14,1,0,0,7,258.43461685486704
7,16,1,0,0,1,245.844543007956
7,17,1,0,0,0,245.13129668246654
7,19,1,0,0,3,247.55124075693408
7,20,1,1,0,6,263.05374931034424
7,22,1,1,0,7,258.08600863678964
7,23,1,1,0,5,260.5307929416093
7,24,0,1,1,4,256.7336412987538
7,25,0,1,1,1,261.1832450907625
7,27,0,0,1,7,257.3472890531938
7,29,0,1,0,7,258.26627345883327
7,30,0,0,0,3,227.52786559119852
7,31,0,0,0,3,238.5147815880487
7,32,0,1,0,7,256.6661653633546
7,34,1,0,0,1,241.4194329601381
7,37,1,1,0,1,256.5512987613816
7,39,1,1,0,7,267.3278463800028
7,41,0,1,0,0,242.53429516063525
7,42,0,1,0,4,243.0055193404358
7,45,1,1,0,3,263.8200587997762
7,46,1,0,0,2,246.43048197713534
7,47,1,1,0,0,260.4802251086521
7,48,1,1,0,2,264.15267405756305
7,50,0,0,0,6,234.9148232335873
7,52,1,1,0,7,275.04961979868057
7,54,0,1,0,0,244.5587383254553
7,55,0,1,0,7,260.7537570372243
7,57,0,0,0,4,230.19161150545546
7,58,0,0,0,6,235.24651389106918
7,2,0,1,0,0,241.20574765966938
7,3,0,1,0,1,240.6195390818145
7,4,0,1,0,4,242.78796127454845
7,5,1,1,0,7,272.77846769735436
7,6,1,0,0,2,242.2546396648941
7,7,1,1,0,7,269.2628674580131
7,8,0,1,0,7,243.9524586873669
7,9,1,0,0,0,241.73972096211838
7,10,1,0,0,3,246.3921006312341
7,14,0,1,0,7,250.8027728338115
7,15,0,0,0,5,235.92723949966148
7,16,1,0,0,4,245.00153150779676
7,17,1,0,0,7,260.9907173210452
7,18,1,0,0,7,246.48383495195833
7,19,0,1,1,4,259.46977661748724
7,20,0,1,1,3,263.68989775243193
7,21,0,1,0,1,241.87712646454816
7,23,0,1,1,2,257.88772428021355
7,25,0,1,0,3,244.35598664790695
7,26,0,0,1,3,247.55992593390712
7,27,0,1,0,0,239.84756130397386
7,28,0,1,0,2,241.84791873623527
7,31,0,1,1,1,257.99931757544465
7,32,0,1,0,6,248.5720794621605
7,34,0,1,0,1,242.2662695207552
7,35,0,1,1,6,257.61660882134936
7,36,0,0,1,4,243.57562617935855
7,37,0,0,1,7,250.47264798175098
7,38,0,0,0,2,230.67845138310875
7,40,0,1,0,6,247.83545467368273
7,42,0,1,0,5,243.40499745016842
7,46,1,0,0,4,246.9370619025701
7,47,0,0,0,0,230.16580439440187
7,48,0,0,0,7,243.94117539661764
7,49,1,0,0,6,247.18304195315517
7,50,0,0,0,1,233.13798334561048
7,52,0,1,0,3,252.2320387955917
7,53,0,0,0,2,233.6240914059907
7,55,0,1,0,5,245.7258882208501
7,56,0,1,1,5,258.91730688534983
7,57,0,1,0,7,261.22703634921834
7,58,0,1,0,4,244.36538834428546
7,59,0,1,0,7,259.36986767795554
7,1,0,0,0,4,232.31992218655674
7,2,1,0,0,0,241.1416255328706
7,4,1,1,0,7,269.2939226873882
7,5,0,1,0,2,243.22439783196006
7,6,0,0,0,4,226.7359719863276
7,8,1,1,0,5,257.71504196441
7,9,0,1,0,5,246.8433244806531
7,10,0,1,0,4,244.7427069899914
7,11,0,1,0,0,246.06352683549616
7,12,0,1,0,2,250.36202963566984
7,13,0,0,0,5,236.60462113048465
7,14,0,0,0,7,245.9810212362923
7,16,0,1,0,1,246.21374322626116
7,20,0,1,0,1,245.3223032976839
7,23,0,0,0,0,227.02563390035115
7,24,0,0,0,2,231.15140442239928
7,26,1,0,0,4,245.41215660403444
7,27,1,0,0,5,247.96628880921352
7,29,0,1,0,3,250.11108158496216
7,30,0,1,0,4,242.8664392367179
7,31,0,1,0,7,257.8662735630283
7,32,0,0,0,3,228.47399963481672
7,33,0,0,0,7,241.83487203671336
7,34,0,1,0,6,245.40832056924415
7,35,0,1,0,3,242.19685046858257
7,36,0,1,1,4,256.3959172922308
7,37,0,1,1,1,256.66944094761925
7,38,0,1,0,2,247.41025750850363
7,39,0,0,0,2,229.9981462956007
7,41,0,0,0,6,231.36397104620815
7,43,0,1,0,2,243.65926605452552
7,45,1,1,0,1,259.2827772712625
7,46,1,1,0,0,258.6298372083611
7,47,1,1,0,1,260.3312788256033
7,49,1,1,0,1,258.7868288773974
7,50,1,1,0,1,259.6379801061825
7,51,1,1,0,1,260.7101899938161
7,52,1,1,0,5,260.7443336731851
7,53,0,1,0,5,249.65608326376545
7,56,0,0,0,1,228.99913324280973
7,1,0,1,0,3,246.8447064880594
7,2,0,0,0,3,227.33216582871066
7,3,0,1,1,3,269.71396153425036
7,4,0,1,0,0,239.9023291444958
7,7,0,1,0,7,260.94638627798287
7,8,1,0,1,3,257.6134175877275
7,9,1,1,0,0,255.8424964153521
7,10,1,1,0,7,264.070220096935
7,11,0,0,1,0,242.67041021445215
7,12,0,0,1,7,259.45079480335767
7,16,0,0,0,6,235.69778072798923
7,17,0,0,0,5,235.2985329346419
7,21,1,0,0,1,246.24515010026937
7,22,1,0,0,4,244.60425857641462
7,25,1,0,0,1,243.47049045686967
7,27,1,0,0,3,244.33650498964843
7,28,1,1,1,0,268.2192940225335
7,30,1,1,1,7,292.92847864610656
7,35,0,0,0,4,224.42691312901752
7,36,0,0,0,7,237.790900367682
7,37,0,1,0,3,254.84773452527693
7,40,0,0,0,6,238.89221567460535
7,43,0,1,1,7,266.7762405881237
7,44,0,0,1,0,246.6115813846249
7,45,0,0,1,4,247.74845303008422
7,46,1,0,1,1,259.7111841422124
7,48,1,0,1,2,260.2317326267917
7,49,1,0,1,7,268.7368175019568
7,52,0,1,0,5,243.8568632159663
7,53,1,1,0,2,259.5100064017156
7,55,1,1,0,1,261.2843954089361
7,56,1,1,0,1,260.1861573964192
7,57,1,1,0,3,264.1182159087124
7,58,1,1,0,7,271.72649081935475
7,59,0,1,0,1,243.99379554318608
10,0,0,1,0,2,210.11404034730484
9,3,1,0,0,2,244.50526839558884
9,8,0,1,1,0,258.50455893736387
9,11,0,1,1,1,257.30918794923565
9,12,0,1,0,4,246.821804239548
9,21,1,1,0,2,257.4256226892147
9,23,1,1,0,2,258.2099800008712
9,26,1,1,0,0,259.34323221476797
9,28,1,1,1,3,272.8606158708117
9,34,1,1,0,4,258.6033434396452
9,46,0,1,1,3,259.2648339851968
9,53,0,0,1,7,255.2682856698321
9,54,0,1,0,1,242.5287866377485
9,55,0,1,1,1,256.42655640534576
9,2,1,0,1,2,270.4621833190843
9,3,1,1,1,5,274.9581067866663
9,8,1,1,0,4,259.34463693528335
9,17,1,0,1,5,270.9639351398634
9,18,1,0,0,3,241.43541296426247
9,19,1,1,0,7,277.3581061930688
9,28,1,0,0,6,251.006432778544
9,29,1,1,0,6,260.8374159476531
9,32,1,0,0,7,258.22090292801846
9,35,1,0,1,1,255.79828115208002
9,38,1,1,0,5,260.3245631710984
9,44,0,0,1,1,242.77179170932308
9,1,1,1,0,1,258.46666238629604
9,2,1,1,0,7,277.1270883181993
9,5,0,0,1,0,242.4712978648936
9,8,0,0,1,6,245.03423899801703
9,9,0,0,1,3,249.61360497727566
9,14,0,0,1,7,255.49308365566085
9,18,0,0,1,4,247.38703365575498
9,36,1,1,1,6,277.3939356647827
9,37,0,1,1,4,257.6619295687666
9,38,1,1,1,2,270.76410795094574
9,39,1,0,1,1,255.79111861199183
9,53,0,1,1,5,257.07685902774375
9,59,1,0,1,2,257.3818820116202
9,0,1,1,1,1,272.0243652087736
9,1,1,1,0,6,260.6392316182118
9,16,1,0,1,3,257.9490662707129
9,28,1,0,0,1,244.8996672411742
9,29,1,0,1,2,261.09242361002003
9,30,1,0,1,0,253.741083215035
9,49,1,0,0,3,243.41897135098517
9,50,1,1,0,2,257.0857107665397
9,59,0,1,1,3,257.27927492964517
9,0,0,1,1,1,259.11251253066376
9,3,1,0,1,4,263.68991697934416
9,4,1,0,1,2,262.69703566902143
9,5,1,0,1,3,260.35686552446634
9,6,1,1,0,5,259.07035318366763
9,9,0,1,1,6,263.15564660098374
9,10,1,1,1,3,276.00825898765083
9,18,0,1,1,6,260.75154555509823
9,28,0,1,1,0,255.5088030074946
9,30,0,1,1,3,258.1863682914051
9,38,1,1,0,6,263.0459244704112
9,6,1,0,0,6,247.17888381766204
9,12,1,1,1,2,273.7738494334536
9,13,1,0,1,6,260.855904275604
9,15,0,1,1,1,260.36769626732877
9,25,0,1,1,0,257.81608776974576
9,33,1,0,1,6,257.84482645745925
9,40,0,1,0,3,257.5022145170356
9,42,0,1,0,7,262.7586697785164
9,50,1,1,1,7,290.82800536680844
9,1,1,1,0,4,257.3771009179762
9,10,1,1,1,6,276.5647495230051
9,11,1,0,1,7,272.8948982055248
9,29,0,1,1,0,256.79490485436935
9,30,0,1,1,6,259.7142200103699
9,31,0,0,1,0,241.08029693350886
9,39,1,1,1,7,287.6198357966874
9,42,0,1,1,3,257.9654338073197
9,52,0,1,0,4,243.02136119762133
9,10,1,1,0,6,261.6936996724803
9,12,1,0,1,0,258.93299794089074
9,13,1,0,1,4,259.98832519349725
9,14,1,0,1,0,260.77672136245565
9,15,1,0,1,1,261.96134957029335
9,35,1,0,0,5,243.35462034412078
9,36,1,0,0,6,246.60119719495046
9,5,1,1,0,6,265.3895081717421
9,8,0,1,0,7,256.75235742887185
9,10,0,0,1,4,248.55086566475384
9,11,1,0,1,6,260.62668211247694
9,15,0,0,1,2,243.31909247575078
9,17,0,1,1,3,261.72759502314716
9,18,0,1,1,7,270.83159665234314
9,27,1,0,0,6,256.97711013249904
9,31,1,0,0,6,250.98748903893755
9,2,0,1,0,0,242.21515866968704
9,11,1,0,1,5,262.69714410051637
9,20,0,0,0,3,232.62644758617827
9,24,0,0,1,1,243.8673299600491
9,28,0,0,1,2,247.60772667800677
9,29,0,1,1,6,258.78092548021647
9,30,1,1,1,2,276.78479148533137
9,36,1,0,0,7,244.59374824994757
9,39,1,1,1,6,276.03817182414144
9,40,0,1,1,7,274.8961596303651
9,54,1,1,0,4,254.48134366268516
9,0,1,0,1,5,261.0766087025415
9,6,0,1,1,3,259.0893407622377
9,20,0,0,1,6,257.03698602153344
9,21,0,1,1,0,258.75463558901174
9,22,0,1,1,0,257.80110104946306
9,23,0,1,1,7,269.59996363456196
9,28,0,1,0,0,242.08694034681832
9,33,0,0,1,7,255.45714803475383
9,36,1,1,0,0,254.0684354272261
9,44,0,1,1,2,257.2489403754545
9,45,0,1,1,5,261.7425752502412
9,6,1,0,0,0,243.2767741729238
9,15,1,0,1,6,260.5858565069387
9,16,0,0,1,4,242.58822857749954
9,18,1,0,1,2,257.18661710041937
9,20,1,1,1,3,278.0066938739391
9,37,0,0,1,0,238.55543397004703
9,38,0,0,1,0,239.9183275422792
9,42,0,1,1,5,257.18347805033545
9,48,1,1,1,3,272.007811926131
9,3,1,1,0,7,273.6613858168793
9,10,0,0,1,6,247.65436777815597
9,16,0,1,1,2,257.5295581066504
9,20,1,0,0,7,259.599359298385
9,28,0,1,1,2,261.01719538992484
9,29,0,1,1,5,257.7088489480172
9,32,1,1,1,0,271.9498283179156
9,33,1,1,1,2,275.8245983390023
9,36,1,0,1,3,257.6038812444531
9,5,0,0,1,7,258.9060804627211
9,26,1,0,1,3,259.54849442143495
9,33,0,1,1,0,253.67497289172104
9,34,0,1,1,5,256.15340414001315
9,36,1,1,1,0,271.7562466504729
9,37,1,1,1,4,274.4538406952592
9,39,0,1,1,4,256.9479761989552
9,51,1,0,0,4,241.50616446581742
9,6,0,1,1,7,269.6497539943412
9,23,1,1,1,1,272.7504645082169
9,45,0,1,1,6,261.9719906256963
9,47,0,1,1,4,259.8750743729187
9,48,0,1,1,2,259.42619206134174
9,49,0,1,1,4,255.45754759458498
9,50,0,1,1,0,253.8525191198667
9,51,0,1,1,1,256.1666499063765
9,8,0,1,1,6,258.9288150110576
9,13,0,0,0,5,231.69494730129404
9,21,0,1,0,6,242.11016546197558
9,24,1,0,0,6,246.3918600208459
9,27,0,1,0,7,260.91408004665703
9,35,0,1,1,6,259.6314062964522
9,53,1,0,1,7,272.8811550668319
9,0,0,0,1,2,245.22492230930428
9,1,0,0,1,3,247.82550822623034
9,3,0,0,1,1,244.62660713056638
9,30,0,1,1,7,272.9087745368127
9,33,0,1,0,0,240.17619636755867
9,38,0,1,1,0,253.18769081062746
9,41,0,1,0,6,249.12829083992872
9,50,0,1,1,4,254.49579935762594
9,51,1,1,1,2,273.42273277277354
9,52,1,1,1,4,270.70032123947624
9,1,0,1,1,4,257.6446187099597
9,7,0,0,1,7,260.33119861441065
9,8,1,1,0,0,256.1287009440289
9,42,1,0,0,6,251.1421559238142
9,50,0,1,0,7,252.09596725199106
9,2,1,1,0,3,259.70208476490814
9,3,1,0,1,5,262.6174724562768
9,7,1,1,1,6,279.7124188571055
9,8,0,0,1,2,248.65869255745534
9,13,0,0,1,5,246.4147911880355
9,45,0,0,1,6,244.0090413240191
9,46,1,0,1,7,274.56337327186816
9,48,1,1,0,7,274.9840012264632
9,51,1,1,0,0,255.30175061948944
9,52,1,1,0,6,253.46934561704148
9,5,0,1,1,5,261.4151861361653
9,6,1,1,0,0,257.09250504054756
9,9,1,0,0,4,246.18635191235873
9,19,1,0,1,1,260.2544843162282
9,20,1,0,1,3,260.35675765802796
9,22,1,1,1,7,292.620520952276
9,23,0,1,1,2,262.22684386722244
9,33,0,1,0,1,243.24654785510353
9,36,0,0,1,5,240.74412855689243
9,52,1,0,1,7,269.79539509093894
9,57,0,1,0,4,241.30845676004594
9,1,1,0,1,4,258.3490208425549
9,2,0,0,1,0,239.92405902010765
9,3,0,0,1,2,248.717559686506
9,4,0,0,1,1,246.67717855737897
9,7,0,0,1,3,249.69753929394753
9,15,0,0,1,3,242.33656371836614
9,26,0,0,1,4,244.23654748402055
9,28,0,0,1,0,242.09683168081662
9,29,0,0,1,3,246.7812895333298
9,36,0,1,1,2,257.2306025979999
9,38,1,0,1,5,260.6258500205549
9,41,0,0,1,6,243.05970559956904
9,42,1,1,1,4,275.24190402218517
9,43,0,1,1,2,256.3381304754049
9,44,0,0,1,7,245.13632823945568
9,47,0,0,1,6,243.41016317873283
9,48,1,0,1,1,255.43212783339035
9,6,0,1,1,0,257.1631696605541
9,7,0,1,1,0,255.67204721510078
9,8,0,1,1,1,257.00504366876334
9,19,1,1,0,5,256.83310137068787
9,25,0,1,1,7,268.8506795976237
9,36,1,1,0,7,272.58115439777384
9,48,0,0,1,7,257.84311192763494
9,24,0,0,1,3,247.31587039293606
9,37,0,1,1,3,259.63988246306525
9,43,0,1,1,4,255.97833016174314
9,44,1,1,1,6,271.79134888037714
9,45,0,1,1,4,258.03730109783504
9,46,0,1,1,1,257.01362165319154
9,48,0,1,0,2,243.5224848625026
9,31,0,0,1,4,241.1707827118356
9,35,0,0,1,0,240.74535610194206
9,36,0,0,1,0,239.60167608345697
9,37,0,0,1,1,239.6677854294344
9,46,1,0,0,3,242.64700206642726
9,47,1,1,0,5,257.8826209711475
9,0,0,1,0,6,248.65773825000886
9,22,1,0,0,3,245.08940305992564
9,25,1,0,1,0,256.75862945851145
9,27,1,0,1,6,259.2348499774976
9,32,0,1,0,1,241.9197366694294
9,36,1,1,1,2,277.84455200270975
9,37,1,0,1,3,260.0262583317621
9,42,1,0,1,0,256.74043047892775
9,43,1,0,1,4,261.4706698603306
9,55,1,0,1,5,256.72958119418513
9,57,1,1,0,4,259.8040796663649
9,3,0,1,1,2,259.5143636325943
9,5,1,0,1,5,262.39551623960654
9,29,1,1,0,7,269.0019826541313
9,38,0,0,1,6,245.731741326151
9,44,0,1,1,1,255.58359679862528
9,50,1,0,1,4,254.74448626910055
9,52,1,0,1,3,256.94156092240354
9,53,1,1,0,7,268.4067585940997
9,59,0,0,1,0,241.77647457188357
9,2,0,0,1,4,243.01796884688272
9,11,0,0,1,4,249.1762344611315
9,12,0,0,1,5,245.2518909748322
9,13,0,0,1,4,245.34847778127138
9,21,1,0,0,0,240.33652252364405
9,39,1,0,0,0,240.06952694787822
9,49,0,1,1,2,254.3901693954373
9,50,0,1,1,5,253.42441188741182
9,58,1,1,1,5,272.46212675568165
9,4,1,0,0,4,245.1566501812485
9,9,1,0,0,7,258.5545246571736
9,32,1,1,0,2,260.3354271805852
9,53,1,1,0,4,253.5714486977885
9,2,0,0,1,2,242.78016496697686
9,8,1,0,1,2,260.0941982778647
9,12,1,1,1,0,272.5891430283713
9,13,1,1,1,1,275.3999323382764
9,14,1,1,1,2,275.05701689112095
9,15,1,1,1,0,274.78118775928243
9,16,1,1,1,5,277.1676838299667
9,45,1,0,1,4,259.07046160522606
9,4,1,0,0,7,245.7568943612646
9,5,0,1,1,6,263.7710458425193
9,7,0,1,1,2,259.5395445589169
9,8,0,1,1,3,258.71729477606067
9,10,0,1,1,4,258.83325607778403
9,16,0,0,1,3,243.2163999275016
9,3,0,1,0,6,247.4922854400169
9,31,0,1,1,6,258.5866706311392
9,33,1,1,1,1,275.08414723404627
9,38,0,0,1,3,243.86695491517202
9,43,0,1,1,5,255.27849502036804
9,44,0,1,1,3,271.2767976731933
9,45,0,0,1,7,257.30911929893193
9,49,1,1,0,4,256.11135433381645
9,57,0,0,1,5,246.69785783720147
9,58,1,0,0,2,242.3288045204342
9,18,1,0,1,7,272.7468508270974
9,19,0,0,1,1,244.143242968313
9,22,0,1,1,1,258.23603869130363
9,28,0,1,1,7,271.31566669417987
9,40,1,0,0,0,240.59405139668598
9,47,0,1,0,5,241.36688618276122
9,51,0,1,1,7,273.9401789685934
9,53,1,0,0,2,241.9031176518943
9,15,1,1,1,1,277.2385206768571
9,22,1,0,0,4,247.6291219866643
9,27,1,1,0,7,272.1717298029538
9,29,1,0,0,4,248.3179684195525
9,42,0,1,1,4,256.48926342190794
9,49,1,1,1,5,269.9263799245906
9,50,1,1,0,0,254.65707653321462
9,51,1,1,0,1,255.44462536786554
9,52,1,1,1,1,269.70183460636883
9,53,1,1,0,6,257.79237762227433
9,5,0,0,1,3,246.43760063805112
9,6,0,1,1,2,260.20397489790486
9,7,0,1,1,4,257.813823781593
9,10,1,1,0,5,262.9679700376785
9,17,0,1,1,6,258.99878158940237
9,18,0,0,1,7,260.15822562160696
9,19,1,0,0,7,249.10347856904886
9,25,0,0,1,0,239.3466979054722
9,26,0,0,1,5,243.17664351455034
9,36,1,0,1,0,256.7527019039577
9,5,0,1,1,3,262.1787651973865
9,18,0,1,0,5,249.1815526543422
9,36,1,1,0,4,259.7936922191408
9,38,1,1,0,4,260.0529328825689
9,52,0,1,0,6,242.40276654745577
9,0,0,0,1,1,243.3935532656854
9,3,1,1,1,0,269.68095804506606
9,4,1,1,1,3,274.12313751541313
9,35,0,1,1,7,272.7786833476299
9,38,0,0,1,1,242.56320648856263
9,10,0,1,0,2,246.10628691912044
9,27,1,0,1,5,260.0750681379636
9,32,0,1,1,6,260.93116178939135
9,35,0,0,1,3,244.09020954403155
9,51,1,1,1,0,267.7493291861989
9,52,1,1,1,6,269.9928443361729
9,53,1,0,1,0,253.88314024505425
9,54,1,0,1,6,252.5398546798391
9,55,1,1,1,1,271.2833526044258
9,1,1,1,0,2,258.4206488811169
9,27,1,1,0,0,257.96916647326896
9,28,1,1,0,7,274.56989965820236
9,41,0,0,1,2,244.60420223844022
9,54,0,0,1,5,242.4384836976189
9,55,1,0,0,7,255.16528970643185
9,3,0,1,1,0,257.9468706006412
9,4,0,1,1,6,261.8958943991646
9,13,1,1,0,2,258.6227787907245
9,30,1,0,0,7,258.2555621098905
9,31,0,0,1,2,240.18335757099067
9,32,0,0,1,3,240.88601328881148
9,51,0,0,1,6,247.29552930376252
9,52,0,0,1,6,242.68720337312013
9,6,1,0,1,5,262.1517303843261
9,13,1,1,1,3,274.7264293032717
9,17,1,0,0,6,248.3295882902242
9,37,1,0,1,0,256.2005605332839
9,38,1,0,1,3,258.1013490685029
9,40,1,1,0,2,259.7223599704456
9,44,1,1,0,1,257.72085068195315
9,48,0,1,1,6,260.6525532549228
9,49,1,0,1,2,253.2704778719068
9,50,1,1,1,5,278.83547591052684
9,2,1,1,0,6,257.46008228117887
9,12,0,1,0,3,250.7228054285417
9,14,0,0,1,6,241.62816601015834
9,17,0,1,1,4,259.3712444476644
9,20,1,0,1,4,260.83237070790165
9,21,0,0,1,5,247.6002562036011
9,29,0,0,1,2,244.9202112856105
9,35,1,0,1,2,257.30550307618535
9,47,1,0,1,5,258.0748170878497
9,49,1,0,0,7,253.23516230945293
9,51,1,1,0,6,259.22424754241126
9,8,1,1,1,1,274.9325917337954
9,9,1,1,0,5,260.5418757617438
9,36,0,0,0,2,232.7753173750101
9,40,1,1,1,6,268.63942086247357
9,41,0,1,1,7,273.90450152759973
9,45,0,1,1,3,272.86512761598175
9,57,1,0,1,6,259.08782577613556
9,58,0,1,1,4,256.64708807084827
9,59,0,1,1,2,259.59441428658533
9,5,0,1,1,4,258.14266642913356
9,6,0,1,1,6,261.86851356994805
9,17,1,0,1,7,263.7770356010648
9,31,1,1,0,6,268.30307059493197
9,35,0,1,0,4,239.04286717974654
9,50,1,0,0,3,244.1398825030871
9,52,1,1,0,7,266.8288705495304
9,6,1,1,0,3,260.7988119346761
9,7,1,1,1,3,277.61029182448124
9,10,0,1,1,7,263.2032065967662
9,14,0,0,0,7,244.8506391539267
9,30,1,1,1,6,270.92008612403805
9,32,0,1,1,4,257.8737857579924
9,37,0,1,1,5,258.60321712997563
9,40,0,1,0,0,243.16978345630397
9,58,0,1,1,3,259.21672225818287
9,10,1,0,1,4,260.4273445360507
9,11,1,0,1,1,258.3810970551962
9,16,0,0,0,7,248.23399945489822
9,36,0,1,1,5,257.4509538593572
9,44,1,1,1,7,271.18591045772723
9,0,1,0,0,5,246.51836010434985
9,14,1,1,1,1,275.5675838399718
9,20,0,1,1,7,275.6064246982919
9,23,1,0,1,4,256.66330400257846
9,25,0,0,1,2,242.96924923682286
9,26,0,1,1,1,258.75519591496686
9,44,0,1,1,6,257.1439599211757
9,20,1,1,0,4,257.87322674502053
9,45,1,0,1,1,260.9872655633465
9,47,1,0,0,7,257.4926910767718
9,55,1,1,0,6,262.136764854288
9,59,1,1,0,7,272.34414664322617
9,7,1,0,0,7,254.6338445866414
9,15,0,0,1,7,260.5463424615112
9,29,1,0,1,5,263.076033526331
9,36,1,1,0,3,261.5144989961726
9,37,1,1,1,0,267.94395803374914
9,38,1,1,1,1,270.92184001496935
9,44,1,0,1,6,258.4263119349643
9,1,0,0,1,0,239.1221400332492
9,3,0,0,1,7,259.6557423034514
9,20,0,1,1,0,258.7114973289408
9,21,0,1,1,2,263.35278091295396
9,22,0,0,1,2,243.45577674035582
9,23,0,0,1,6,242.00350348334104
9,37,1,0,0,6,249.91303935729965
9,45,1,1,1,0,272.421741466213
9,5,0,1,0,5,247.42004939012747
9,20,0,0,1,4,243.73798960061904
9,23,0,0,1,1,243.1278834903727
9,34,0,1,1,4,256.6376497719256
9,36,0,1,1,3,259.4653842132667
9,1,1,0,1,3,255.64627866891928
9,11,1,1,0,7,270.01661833791485
9,12,1,0,1,1,258.4430607302592
9,33,0,1,1,7,273.11160823254687
9,43,1,0,1,2,261.50158547922194
9,44,1,1,1,4,271.85203425038685
9,46,0,0,1,1,243.77308970560446
9,30,0,0,1,7,258.44263412409754
9,56,1,0,0,1,241.44699778232558
9,57,1,0,0,6,241.37550729917453
9,40,0,1,1,2,260.76658518261326
9,43,1,1,0,0,257.36525269594125
9,44,1,1,0,2,259.83932520236067
9,47,1,0,0,5,249.794608634836
9,13,1,1,0,5,262.97819083964146
9,24,1,1,1,2,270.6550268064737
9,25,1,1,1,7,282.335431394779
9,57,1,1,1,7,288.9302906046636
9,11,1,1,1,2,276.8439220448499
9,17,1,1,0,3,257.92909027036626
9,26,1,0,0,0,241.8897112211972
9,46,1,0,0,1,240.17150471034284
9,49,0,1,1,3,256.6320185053437
9,53,1,1,0,5,254.97484117197308
9,58,0,1,1,6,257.95399513419903
9,59,0,0,1,6,242.32300966306167
9,1,1,1,1,2,273.94862895689727
9,43,1,0,0,1,244.56663843962795
9,46,1,0,1,5,260.41606372927066
9,59,1,1,0,1,257.52964039963143
9,2,1,1,1,3,273.55510537350483
9,39,1,0,0,1,241.63837765939172
9,31,0,1,1,5,257.0653541138545
9,35,1,1,0,3,263.5260992272451
9,57,1,0,0,1,244.7513654513044
9,25,0,0,1,6,245.29094949027464
9,26,1,1,1,5,270.2199605844544
9,27,0,1,1,7,270.7134254758671
9,29,0,1,1,2,258.1912490818825
9,31,1,1,1,6,280.45018227603197
9,32,0,1,1,5,260.0686826206464
9,44,1,1,0,4,259.25166288066686
9,51,0,1,1,0,253.82742749371812
9,52,0,1,1,5,255.90613943962245
9,7,0,1,1,6,264.4226881397533
9,12,1,1,1,7,274.09398687430064
9,22,0,0,1,0,241.86879023645636
9,23,0,0,1,4,243.46833074278658
9,24,1,0,1,7,269.7801916439002
9,31,0,0,1,7,245.94155049910205
9,39,1,1,1,4,274.37039535050906
9,40,0,1,1,4,256.30147422425995
9,4,0,1,1,4,261.10026623033707
9,27,0,0,1,1,243.12699082467603
9,39,0,1,1,6,261.41941545435
9,41,0,1,1,2,256.28183036527827
9,59,1,0,1,0,257.4910641039436
9,4,0,1,1,5,259.2872250638064
9,28,0,1,1,3,261.1574140644556
9,35,1,0,1,7,272.0207444799352
9,41,1,1,0,0,255.24585111333255
9,53,0,0,1,4,241.0435274536711
9,54,0,0,1,6,244.7698025590485
9,55,0,0,1,1,238.01966286955593
9,57,0,1,1,7,267.72337835543277
9,23,0,1,1,3,260.49445994499814
9,24,0,0,1,6,247.1101665279807
9,25,1,1,1,5,271.40457066738685
9,27,1,1,0,5,263.21686186967173
9,28,1,1,1,1,271.2789810737558
9,52,0,1,1,6,256.57849338145917
9,56,0,1,1,7,275.8369268058743
9,19,1,0,0,3,248.11509802606957
9,20,1,1,0,7,275.9105554659985
9,21,1,0,1,4,259.0293361272589
9,40,1,1,0,4,261.62899660391736
9,42,1,1,0,5,261.70508402472177
9,15,1,0,0,6,248.91158014353562
9,21,1,1,0,7,271.73163710981976
9,34,1,1,0,2,257.7338464333157
9,39,0,1,0,2,242.76277807379273
9,53,1,0,1,4,253.7608053369931
9,54,1,0,1,5,255.0374168983982
9,1,0,0,1,5,248.60692049150288
9,11,1,0,0,7,257.03636820892785
9,31,0,0,1,1,240.53563439616372
9,35,0,0,1,6,240.19916725620945
9,36,1,1,1,7,286.0946507715959
9,48,1,1,0,1,252.96896687830028
9,49,1,1,1,1,269.5915542540585
9,50,1,1,1,3,273.4022476964278
9,56,1,1,1,7,279.5667030381021
9,3,0,0,1,4,248.25941000865012
9,3,1,1,1,6,276.8530328170013
9,46,1,1,0,5,253.9843376625775
9,47,1,1,1,7,285.242091572657
9,48,0,0,1,0,241.8311393213395
9,49,0,0,1,4,243.1936481058437
9,52,0,0,1,4,238.90429754757542
9,54,1,0,1,7,267.3534905577355
9,0,1,0,0,0,240.99901977267953
9,12,0,0,1,0,245.98975494824435
9,23,0,1,1,6,265.5822953659882
9,24,1,0,1,1,256.1119046959635
9,25,1,0,1,6,259.8070056338326
9,26,1,0,1,7,260.9845083833538
9,2,1,0,1,4,257.00419538115557
9,3,0,0,1,3,244.56832875993467
9,20,0,1,0,3,247.9824179268255
9,30,0,0,1,4,243.66186292891095
9,32,1,0,1,6,259.9876989415923
9,39,1,0,0,6,248.30637900224352
9,45,0,1,1,0,255.7347795584925
9,47,0,1,1,2,257.17404153855125
9,41,0,1,1,5,257.78135333865043
9,46,1,1,1,4,270.48472373515744
9,8,1,0,1,5,259.1777087080812
9,10,0,1,1,5,259.2479052074639
9,20,1,1,0,1,258.29696553384815
9,30,1,0,1,1,257.1141016842585
9,38,1,1,1,4,270.44614532790575
9,21,0,0,1,2,243.74215281213196
9,27,0,0,1,6,245.58146274114932
9,28,0,1,1,4,259.78370135355624
9,29,1,1,1,1,271.93546232992946
9,30,1,1,0,7,265.6925786648334
9,55,1,1,1,0,265.0276547320906
9,59,0,1,0,5,246.52146799728231
9,9,0,0,1,1,243.54134804263086
9,12,1,0,1,2,264.3776510998368
9,13,1,0,1,2,262.7294301786479
9,15,1,0,1,7,279.26922343915066
9,16,1,0,1,0,256.4843431440232
9,17,1,0,1,0,257.2815324925366
9,18,1,0,1,5,258.9203511124403
9,55,1,0,1,7,270.2453179241237
9,8,1,1,0,1,255.66636461848066
9,27,0,0,1,2,242.8336951697401
9,28,0,1,1,5,259.94781471093717
9,30,1,1,0,2,258.53953523818586
9,44,1,1,0,7,270.6253154550137
9,51,0,1,1,5,257.20307698975427
9,20,0,1,1,6,260.08380796839845
9,30,0,0,1,2,244.0596624577266
9,31,0,1,1,7,272.6183620679498
9,32,1,0,1,2,255.92218684708692
9,39,0,0,1,1,241.1782042615888
9,11,0,1,1,2,258.92896010555046
9,52,1,0,0,0,238.05926403330278
9,54,1,1,1,0,269.736161130158
9,55,1,1,1,7,287.12225896144787
9,24,1,0,1,6,256.55690849025814
9,26,0,0,1,3,245.87723611459643
9,32,1,0,1,7,262.82881137303565
9,41,1,1,1,4,271.9256106563254
9,43,0,1,1,6,257.23156514653743
9,44,0,0,1,4,245.59158567489246
9,49,1,0,1,0,250.58302048243888
9,50,1,0,1,7,255.18927609339704
9,7,1,1,0,6,268.4387305656361
9,16,1,1,1,6,278.93858850851757
9,17,0,1,1,7,274.08438964349614
9,21,0,1,0,4,246.2902734587046
9,26,1,1,1,2,269.44992459647386
9,28,1,0,1,2,257.4649263214061
9,8,0,1,1,2,257.9632758571442
9,9,0,1,1,1,262.6116870727591
9,29,1,1,1,0,268.08350992312563
9,30,1,1,1,0,273.97332710521823
9,31,1,1,1,4,281.20808523141466
9,32,0,1,1,3,259.26296736318363
9,35,1,0,1,0,255.76984045875204
9,36,1,0,1,4,255.4269322662151
9,21,0,1,1,1,263.0470087197162
9,40,1,0,1,5,262.99186415621693
9,59,1,1,1,7,271.18513209466363
9,19,1,1,1,7,285.54031214713444
9,30,0,1,1,5,262.34480032383567
9,54,0,0,1,0,234.57335764930332
9,55,0,0,1,0,238.58166639181778
9,58,0,0,1,4,239.36682391963743
9,0,0,1,1,6,266.93955926925537
9,2,0,0,1,6,255.93059537024263
9,3,0,1,1,6,276.17392605840917
9,6,1,1,1,5,274.90148916660945
9,11,0,0,1,7,259.05325573670916
9,28,1,1,1,5,272.4825421204308
9,59,1,0,1,6,257.9355618060067
9,0,1,1,1,5,275.64690423987537
9,1,1,1,1,4,273.04668798146855
9,2,0,1,1,2,259.3250032339888
9,12,1,0,1,7,275.7984050914952
9,19,1,1,0,4,259.24797992978415
9,56,0,0,1,5,241.91054119964798
9,1,0,0,1,7,259.95660867156835
9,14,1,1,0,4,260.09187633738145
9,22,1,1,0,6,261.91704687097035
9,28,0,1,0,2,245.37727816484585
9,18,1,1,1,6,280.8168720424546
9,20,1,1,1,2,278.8292537761945
9,35,0,1,1,1,255.50115449497284
9,38,0,1,0,7,253.13638898577932
9,43,1,0,1,7,272.8200452774015
9,51,1,1,0,4,256.00514289528587
8,55,0,1,0,1,243.014114776899
8,59,1,0,0,0,239.66647977359517
8,0,1,0,0,1,243.39989706943138
8,1,1,0,0,5,245.3127513558209
8,9,0,1,1,1,259.9633333105228
8,11,1,0,0,4,243.48762068323657
8,19,1,1,0,0,261.72566079711294
8,31,1,0,0,1,247.70614703158608
8,32,1,0,0,3,248.24392611341432
8,33,1,0,1,1,259.37860251721435
8,34,1,0,0,6,249.13150402221834
8,40,1,0,1,6,272.28340133821223
8,41,0,0,1,6,253.37346490264355
8,42,0,0,1,2,245.1341873715646
8,54,1,1,1,1,274.5665459597972
8,55,1,1,0,0,257.2688967371356
8,58,1,0,0,7,250.37780606402788
8,0,1,1,0,7,259.6449810474939
8,7,1,0,0,2,244.9066197568446
8,9,1,0,0,3,246.06230646098817
8,10,1,1,0,6,261.9945302968355
8,13,1,0,0,2,248.16728671424573
8,15,1,1,0,3,261.57350379729155
8,18,1,0,0,1,247.37714731140807
8,23,0,1,0,2,249.52856394803015
8,26,1,1,1,0,269.4741751358155
8,27,1,1,1,4,271.88499779536585
8,28,1,1,1,2,280.9129855582745
8,29,1,0,1,4,264.7126264207803
8,30,0,0,1,3,247.42546271329027
8,33,0,1,1,5,262.88210113647807
8,37,0,0,1,2,245.10751921034532
8,39,1,1,1,1,273.6856630243003
8,43,0,1,0,4,243.55405730752744
8,45,1,1,0,0,257.6551221986209
8,49,1,1,0,5,261.0005581019246
8,54,0,1,0,7,249.30729315779138
8,56,1,0,0,7,255.21737900927704
8,0,1,0,0,4,242.94300353356084
8,12,1,1,0,6,268.1426326077649
8,14,1,0,0,5,245.36030022282463
8,26,0,1,1,2,267.033549187389
8,36,0,1,0,1,245.6261278683376
8,40,0,1,0,3,248.21008719279104
8,52,1,0,0,4,248.41044256765903
8,56,0,1,1,7,262.5581546879081
8,57,0,1,0,7,253.47751111892927
8,59,0,1,1,5,262.98705966972136
8,8,1,0,0,3,247.1134328733958
8,19,1,1,0,5,261.77708441931355
8,32,1,1,0,5,264.6418340034773
8,48,0,0,0,5,230.4568901329235
8,50,1,1,0,2,261.12487977156496
8,3,0,1,1,0,259.2655773609208
8,4,0,1,1,5,262.4695058398234
8,5,1,1,1,3,279.96911676280786
8,17,1,0,0,3,246.74997883177883
8,21,1,1,0,4,267.83120979249486
8,30,1,1,0,2,263.3988799463256
8,36,0,1,0,7,257.10904517781603
8,40,1,0,1,0,260.7461807611734
8,41,1,0,1,0,256.02392551903836
8,42,1,0,1,2,259.6353015226096
8,44,1,0,1,6,260.9860512051797
8,45,0,1,1,5,257.54939246114884
8,11,0,1,1,6,261.12121020751755
8,22,1,1,0,2,261.57096390717777
8,25,1,0,0,4,247.89593422396467
8,42,1,0,1,7,270.7400917838139
8,43,1,1,1,4,274.048592402571
8,45,1,0,0,4,245.8486984927612
8,54,1,0,1,0,257.6959874773039
8,57,0,1,1,1,259.6852626209627
8,2,1,1,0,7,265.00129612192524
8,10,1,0,0,0,245.6835986353332
8,20,1,0,0,7,261.3151219221728
8,44,1,0,0,1,245.1452867083265
8,58,1,1,0,2,259.8276386093225
8,0,1,1,1,7,280.1627545820423
8,6,1,1,0,2,260.66543903951765
8,15,1,0,1,0,258.15433181089145
8,20,1,0,0,2,251.76781162185432
8,21,1,0,0,6,248.23090344071895
8,26,1,0,0,0,248.7711271026602
8,40,0,1,1,0,257.19131233629525
8,41,0,1,1,1,259.2735659213814
8,55,0,0,1,4,247.9021269436076
8,1,0,1,1,1,261.2426516067297
8,21,0,1,1,4,262.76347233517237
8,22,0,1,1,1,264.9043507945179
8,35,1,1,0,2,259.3515983946056
8,41,1,1,0,0,260.0504604648883
8,59,1,1,0,1,257.4827402392685
8,1,1,1,1,0,271.2607349736992
8,2,1,1,1,3,278.3452777829285
8,3,1,0,1,0,260.5539403707275
8,4,1,0,1,2,263.63275984202755
8,6,1,0,1,5,264.8757515917094
8,8,0,0,0,4,231.74405128220727
8,10,1,0,1,5,263.23762242395946
8,14,1,1,0,0,260.723626767918
8,19,1,1,0,3,261.9762585100522
8,23,1,1,0,2,265.3796818536664
8,24,1,1,0,1,264.5666588161571
8,29,1,1,1,0,272.3748713527385
8,30,1,1,1,2,277.06342859435
8,31,1,1,1,1,275.7724309296195
8,36,0,0,1,3,247.67151689998047
8,39,0,0,1,7,251.97759671852492
8,48,1,0,1,4,257.54610281997935
8,52,1,0,1,2,258.00174531263
8,53,1,1,1,2,270.9608944357713
8,57,1,1,0,4,261.0499081238712
8,3,0,0,1,4,246.34988971322102
8,4,0,0,1,3,249.49166271194338
8,12,1,0,0,3,245.03473691584756
8,14,1,0,0,6,245.6612501809473
8,19,0,1,1,6,262.35593433356104
8,20,1,1,1,1,281.02535002153405
8,23,0,1,1,2,264.9207352527229
8,39,0,0,1,6,246.5102666558662
8,46,1,1,0,2,259.3890637785063
8,51,0,0,1,4,244.20539911933747
8,54,1,0,0,0,238.82653633470048
8,55,1,0,0,4,245.39941230369766
8,6,1,0,0,1,245.20678579893456
8,22,1,0,1,5,263.22181971942535
8,36,0,1,1,5,262.4328088127899
8,37,1,1,0,2,259.01771088225286
8,40,1,0,0,6,250.19027845017968
8,42,1,1,0,5,264.0154816123631
8,46,1,1,0,0,257.0914422516362
8,47,1,1,0,1,259.59379695426435
8,48,1,1,0,1,254.01186428093743
8,49,1,1,0,2,259.3942012015214
8,5,0,1,1,4,261.10887738280223
8,6,1,1,1,4,274.1505279300533
8,14,0,1,1,7,262.196056221728
8,17,0,0,1,6,247.82768064073036
8,31,1,0,1,5,266.2651776839258
8,0,1,0,1,3,257.5347748940663
8,1,1,1,0,1,260.55137966935473
8,2,1,1,0,5,260.77902840090314
8,7,0,1,0,5,244.2041211975434
8,17,1,1,1,7,289.68335893021697
8,37,1,1,0,5,261.71919477006134
8,40,0,1,0,6,251.19169112545228
8,44,1,0,1,4,257.50822186757205
8,45,1,0,1,5,260.73858066775966
8,50,0,1,0,6,246.1201482087617
8,53,1,1,0,4,255.48753860734772
8,3,1,1,0,2,261.30164445236636
8,5,1,1,0,1,260.28039810146385
8,15,1,0,0,4,246.93407885584176
8,30,0,0,1,4,245.7668664835744
8,32,1,1,1,0,268.97087056517677
8,33,1,1,1,4,275.14430357811995
8,34,1,1,1,3,280.3495893848737
8,35,1,0,0,2,248.12233936550484
8,43,1,1,0,5,262.0901940224387
8,55,0,0,1,6,249.15976579845778
8,56,0,0,1,3,243.4481073584077
8,59,0,0,1,1,246.99510702665438
8,2,0,1,0,0,245.04379111354694
8,3,0,1,0,6,245.97076180013394
8,13,1,0,0,3,247.30515831191394
8,14,1,1,1,5,276.91753677239365
8,24,0,1,0,4,251.01873051807144
8,25,0,1,0,3,247.98899322889196
8,27,0,0,1,3,251.33265995922085
8,32,1,0,0,5,254.61153551935317
8,39,1,1,0,5,260.85438763076723
8,42,1,0,0,4,243.8194773318059
8,51,0,1,1,0,254.82823149809516
8,53,0,0,1,2,244.23017392664758
8,54,0,0,1,4,246.34468422057913
8,55,0,0,1,5,244.6667080197626
8,58,1,0,1,5,256.8033435316726
8,2,1,1,0,0,257.62471909605034
8,12,1,0,0,5,244.82121435254624
8,36,0,1,1,3,261.0707165311353
8,40,0,1,1,1,258.3761215206042
8,49,0,0,1,5,247.9941661989995
8,50,1,0,0,3,245.46093240560063
8,55,1,0,0,6,240.23120055341894
8,58,1,0,0,2,244.80247388991475
8,7,0,0,1,2,248.9829218426492
8,8,0,0,1,2,247.67680056269728
8,9,0,0,1,1,244.73533910548622
8,15,1,1,0,0,259.56804533360315
8,16,1,1,0,5,260.48827449169096
8,29,0,1,0,4,245.87793350074537
8,48,1,0,0,1,243.489578195095
8,49,1,0,0,6,247.41836343107042
8,50,1,0,0,7,257.03587952620427
8,5,0,0,1,0,245.6715383424783
8,6,0,0,1,4,248.24631600983068
8,7,1,0,1,4,261.0433660831797
8,8,1,0,1,1,265.5090824078266
8,9,1,0,0,5,246.8093046310609
8,10,0,0,1,5,246.82495517738494
8,17,1,0,0,5,246.9922848082039
8,41,1,0,0,2,246.20335078093288
8,45,1,0,0,2,243.50498228922507
8,50,1,1,0,3,260.60029193151087
8,0,1,0,0,5,243.34452651376404
8,15,1,1,0,1,261.5932988388327
8,30,1,1,1,0,273.18948275836215
8,31,1,1,1,3,278.83461881331937
8,37,0,1,1,2,258.6085727191775
8,50,1,0,1,5,264.61626811838477
8,51,1,0,1,4,261.3877751190345
8,54,0,0,1,3,243.61592131260417
8,0,1,0,0,6,243.61674161975532
8,3,1,1,0,5,260.18751263293893
8,4,1,1,0,7,267.30932113443333
8,5,0,0,1,2,249.42314198492647
8,6,0,1,1,2,263.0272637414805
8,8,1,0,1,2,263.5468815058347
8,12,1,0,0,1,244.89036478405737
8,14,1,0,0,3,245.90807245086043
8,24,0,1,1,6,265.7915369946867
8,43,1,0,0,4,246.87286729663904
8,47,1,0,1,0,256.1549561947487
8,49,1,1,1,7,275.1658434584493
8,54,0,1,1,6,265.36793929726394
8,55,0,0,1,3,248.88423318097603
8,4,1,1,0,4,261.98837486840034
8,6,0,1,0,4,246.09186716524812
8,11,1,0,1,1,262.20226093919877
8,35,1,0,1,2,264.8985165003546
8,36,1,0,1,1,259.3997128353677
8,42,1,0,0,2,243.81310301732597
8,45,1,1,1,3,274.2565508313112
8,47,1,1,0,7,268.5621070003307
8,57,1,1,0,2,258.6185514067831
8,59,1,0,1,7,267.2429642203059
8,8,1,1,0,5,261.77123582546676
8,22,0,1,1,0,264.27031423287417
8,23,0,1,1,0,262.72399430470216
8,24,0,1,1,2,263.1917145539522
8,25,0,1,1,5,262.9365475995212
8,27,1,1,0,5,263.8455227195789
8,28,1,1,0,5,262.43689190547155
8,32,0,0,1,6,250.67489051622843
8,48,0,0,1,3,247.99179086147257
8,17,1,0,1,4,262.7099179312416
8,19,0,0,1,6,248.09138939735791
8,29,1,1,0,6,267.1098064198135
8,39,0,0,1,0,242.7907696575797
8,53,1,0,1,7,269.4797107879063
8,14,0,1,1,0,257.6291471447193
8,16,0,1,1,7,270.39441276975475
8,36,1,1,0,0,258.64279671804957
8,40,1,1,0,5,259.7421196882667
8,41,0,1,1,7,271.91139294377496
8,43,0,0,1,5,245.01236048161164
8,44,1,0,0,2,243.64160893662694
8,0,1,1,0,0,257.13050949716984
8,1,1,1,0,0,259.9048575527728
8,15,0,0,1,6,247.01395175944407
8,16,0,1,1,5,264.39270462037877
8,17,1,1,0,5,262.27791087336226
8,18,0,1,0,6,247.61507730900175
8,24,1,0,0,7,255.29264439796566
8,26,1,0,1,7,270.67338437643707
8,40,1,0,0,1,244.6659724912446
8,46,0,1,0,3,249.40259622945467
8,2,1,1,0,4,260.54603782706147
8,20,0,0,1,4,244.9342378815172
8,21,0,0,1,5,249.5336422866402
8,40,0,0,1,2,248.71991441521763
8,43,0,0,1,2,240.50748354642374
8,44,0,0,1,3,248.69584147936908
8,47,1,0,1,3,259.4423908293463
8,38,1,1,0,7,259.85375856581726
8,49,0,1,0,2,243.84834047023787
8,6,1,1,0,3,258.9938971425203
8,17,0,0,1,5,247.46167045850854
8,30,1,0,0,2,249.1151776226711
8,6,1,1,1,0,273.88081549699547
8,7,1,1,1,7,280.4321678239234
8,14,1,1,0,1,263.37619522091916
8,15,1,1,0,2,261.45291918673075
8,34,1,0,0,2,246.16220019082007
8,38,0,1,1,5,266.1642485651523
8,0,1,1,1,5,274.4009628220576
8,7,0,0,1,6,247.1467627822753
8,8,0,1,1,3,265.1957786470382
8,14,1,1,1,3,277.86177902684096
8,16,1,1,0,3,260.5555491913341
8,28,1,1,0,4,262.325068884652
8,32,1,1,1,6,283.023604307206
8,36,0,0,1,0,240.8312054688597
8,37,0,0,1,0,242.89448944240533
8,45,0,0,1,2,241.9290918135307
8,48,0,1,1,1,256.7736587135645
8,56,0,1,1,3,259.56062126916015
8,9,1,0,1,2,261.44978888514
8,10,1,0,1,6,262.93480876036887
8,11,0,0,1,0,244.56918770619734
8,12,0,0,1,7,253.91926841964653
8,20,1,0,0,4,251.30462609730648
8,26,0,1,1,6,266.0873244018088
8,27,0,1,1,5,263.8425114409438
8,29,0,1,1,3,259.60125932147446
8,35,0,1,0,0,243.57211193147435
8,8,0,1,1,7,267.26229900220716
8,10,1,0,0,4,246.40384246915767
8,12,0,0,1,1,246.30692981130295
8,24,1,1,0,3,268.3842989507316
8,28,0,1,0,6,248.10903321954797
8,29,1,0,0,5,246.63746899958792
8,40,1,0,1,3,260.628043342888
8,45,0,0,1,7,250.40785670345244
8,56,1,1,0,0,258.26312191884494
8,17,0,1,1,7,272.27476566501844
8,21,1,0,0,5,247.55535333809968
8,35,0,1,1,7,276.1619977600493
8,37,1,1,0,1,258.34857166619565
8,14,1,0,1,1,262.5875129069539
8,16,1,0,0,2,244.31645666141932
8,24,1,1,0,6,267.61196598204714
8,40,1,1,0,0,259.4374550964242
8,15,1,0,1,2,263.2164187715395
8,16,1,0,1,7,266.48128862790304
8,24,1,0,0,1,248.92484917453257
8,25,1,0,1,1,262.45569857402484
8,31,0,1,1,0,258.6864533299195
8,38,0,0,1,0,241.79964698943772
8,40,0,0,1,4,247.10721411500543
8,44,0,0,1,5,247.33135536064995
8,25,1,0,0,5,248.20331744345864
8,30,1,0,0,1,248.2588538632468
8,48,1,1,0,5,256.57261732231933
8,52,0,0,0,4,234.20375474798212
8,13,1,0,1,4,262.07474021193525
8,38,1,0,1,6,263.0012593553078
8,39,0,1,1,1,260.56553498395994
8,59,1,1,0,5,261.1702152655199
8,11,1,1,0,1,261.40620709354704
8,52,0,1,0,7,251.69325054647032
8,4,1,1,0,3,264.97800414066796
8,13,1,1,0,2,262.3754791190846
8,15,1,0,0,6,246.98606537645156
8,14,1,0,1,5,262.60524368184963
8,17,0,0,1,0,245.3546653131341
8,18,0,0,1,1,248.61204877089912
8,21,0,0,1,4,247.66413468221512
8,22,1,0,1,4,261.8742962261271
8,23,1,0,1,5,263.9492122684992
8,25,0,0,1,0,247.20671998818048
8,26,0,0,1,3,252.85184756129374
8,31,0,0,1,5,248.75371112826434
8,35,1,1,0,7,272.6500363185907
8,55,1,1,1,6,270.84859383529846
8,1,1,0,0,1,245.42600927908305
8,16,0,1,1,0,260.4450020978171
8,17,0,1,1,5,264.3718350053628
8,20,1,1,0,3,267.6878087033147
8,23,0,1,1,1,267.3107136792384
8,28,0,0,1,5,249.22692605458596
8,42,0,1,1,3,263.55141428491794
8,0,0,1,1,1,257.9244269946211
8,11,1,1,0,6,262.06327782999693
8,16,1,1,1,4,275.70795928062955
8,17,0,1,1,6,264.0556855907998
8,19,0,0,1,3,248.26351369258177
8,20,0,1,1,5,262.7457650057204
8,24,1,0,0,0,246.8923484877096
8,28,1,1,0,6,268.9878665528713
8,35,0,0,1,5,246.80461568777557
8,47,1,1,0,4,260.1199765334453
8,50,1,1,1,4,271.71555503169543
8,51,1,1,1,2,272.5174493396159
8,53,0,1,1,5,259.1600188195737
8,18,0,1,1,6,266.03025860162387
8,30,1,0,1,4,261.2166606846816
8,32,1,0,1,0,255.2457497529808
8,33,1,0,1,7,262.19514154619077
8,39,1,0,1,2,260.34596206155845
8,40,1,1,1,0,272.1656431186502
8,41,1,1,1,4,275.00696308136514
8,42,1,1,1,2,277.9980230840182
8,43,1,0,1,1,265.6152725099456
8,49,0,1,1,5,256.99887356807244
8,57,0,1,0,3,248.60805385712956
8,20,1,1,1,6,275.99523660881874
8,43,0,0,1,6,247.39191076652438
8,1,0,0,1,4,245.1412847353693
8,12,1,1,0,3,262.3264158548611
8,16,1,1,0,1,259.7677685681597
8,17,1,1,0,2,260.89499397318696
8,39,1,0,0,6,248.06835904639692
8,49,1,0,1,1,262.99931314289597
8,53,1,1,1,4,271.2781909038804
8,57,0,0,1,7,249.7926828813537
8,19,1,0,0,0,247.43583015860628
8,22,1,1,0,4,263.07475825486154
8,38,1,1,0,6,271.95253871414707
8,47,1,1,0,5,259.0033265409235
8,54,1,1,0,7,264.0848942763162
8,0,1,0,1,2,257.966522612704
8,1,1,1,1,7,284.00335467374896
8,31,0,0,1,3,248.06919142017816
8,53,1,0,1,3,261.0789913940811
8,57,0,1,1,4,258.62358841656754
8,58,0,1,1,7,264.48914183359494
8,39,1,1,0,4,259.7744403798685
8,51,1,0,1,3,261.99641726576436
8,55,0,1,1,4,257.60656034897124
8,56,1,1,1,0,271.9411833906175
8,4,0,0,1,6,248.9704992716301
8,5,0,1,1,7,261.30051435781564
8,31,0,1,1,5,258.79635784122155
8,33,0,0,1,6,247.45167148025357
8,36,0,0,1,2,247.52955696175158
8,9,0,1,1,2,259.5251894210059
8,12,0,1,1,6,263.74202484374314
8,13,1,0,1,0,260.57634283800604
8,14,1,0,1,2,262.9054007771455
8,16,1,1,1,7,283.9713888520929
8,17,1,1,0,7,270.7862811104577
8,37,1,1,1,3,274.8745692593379
8,55,0,1,1,0,256.47142621256245
8,58,1,0,0,5,245.71986941669078
8,10,1,0,1,0,258.5159402899808
8,11,1,0,1,0,257.75874172039175
8,12,1,0,1,4,263.01190103668796
8,19,1,1,0,2,262.1209800233126
8,27,1,1,1,3,278.62878881834274
8,29,1,1,1,2,276.1344059601172
8,37,1,1,1,7,285.51505955763304
8,38,1,1,1,7,283.2502779038578
8,5,1,1,0,3,262.9155814770326
8,13,0,0,1,7,258.88079026730577
8,27,0,1,1,6,262.8605711985275
8,28,0,0,1,0,249.64611606248994
8,29,0,0,1,5,250.54696032430448
8,34,1,1,0,5,264.62213540654517
8,41,0,1,1,0,257.84132901544484
8,52,0,1,1,5,258.97401828956913
8,23,1,0,0,6,255.6541775678118
8,29,0,0,1,1,249.24534590077883
8,41,1,1,0,2,263.43164200872906
8,48,0,0,1,1,246.15436295040894
8,2,1,1,0,2,260.83789950665016
8,17,1,1,1,5,277.25025765093613
8,18,1,1,0,4,263.4658708476301
8,28,1,1,1,4,274.40335790051074
8,45,0,1,1,1,257.40952333256007
8,46,0,1,1,4,258.1681608210448
8,56,0,1,1,2,259.0571281799597
8,14,0,1,1,6,262.21706076680584
8,29,1,0,0,7,256.9795971239023
8,38,1,0,0,2,246.0706216336538
8,47,0,0,1,4,247.8433354874954
8,49,0,0,1,2,244.97475876384527
8,53,0,0,0,5,232.0470197949281
8,57,1,0,0,3,244.893152888379
8,8,0,0,1,3,248.0439105142551
8,13,1,1,0,7,263.37193644776283
8,6,1,0,0,3,246.10398696157543
8,10,1,0,0,1,246.2684128613587
8,15,1,1,1,6,275.12127795588725
8,16,0,1,1,2,265.20234383837425
8,17,0,1,1,0,262.1310380967074
8,23,1,1,1,1,276.15350285631865
8,24,1,1,1,7,291.3959904491981
8,58,1,1,0,1,259.96742910796934
8,0,1,1,0,5,259.8939820615535
8,35,1,1,0,1,257.6604485110295
8,36,1,1,1,3,281.2750489115506
8,48,1,0,1,7,266.1634872055597
8,50,1,0,0,4,244.96800420466542
8,9,1,0,0,6,249.52989455440473
8,25,1,0,0,3,249.3473627183598
8,26,1,1,1,1,276.5046224741283
8,33,1,1,1,5,274.54226396028196
8,34,1,1,0,4,261.01707491150995
8,49,1,1,0,3,258.8812772235259
8,53,1,0,0,1,242.6391725679141
8,56,1,0,0,6,246.03398848295183
8,58,1,1,1,7,276.19916193003974
8,5,1,0,1,7,265.1495101919554
8,8,0,0,1,6,248.64827703540948
8,10,1,1,1,5,277.31386182744404
8,12,1,1,0,1,260.7227247202579
8,13,1,1,0,3,265.6907670571102
8,15,1,0,0,7,259.1042082886909
8,16,1,0,0,6,253.97688580267618
8,24,1,0,0,2,248.6393344437666
8,29,1,0,1,0,255.94619414498823
8,34,1,1,1,5,279.4211384374579
8,36,0,1,0,6,249.78814394395886
8,49,1,1,0,7,259.01416309903226
8,56,0,1,0,1,244.07585872724343
8,14,1,1,0,3,264.41587565399004
8,46,1,1,0,3,258.9686617069606
8,49,1,0,1,0,261.56950409451673
8,51,1,0,1,6,257.9446336798257
8,19,1,0,1,1,265.04824887111056
8,22,1,0,0,2,248.79583730425492
8,30,0,0,1,6,247.6247325530849
8,14,0,0,0,4,229.78291178938017
8,31,1,0,0,3,248.65770426806168
8,34,1,0,1,2,261.85447709445754
8,35,1,0,1,3,261.90174958480856
8,45,0,1,1,0,255.50474524412388
8,57,0,0,1,2,244.13424544776058
8,59,0,0,1,5,247.2568795408384
8,2,1,0,1,7,265.9111055756865
8,4,0,1,1,1,262.4238271958227
8,15,1,1,1,2,274.84933437599375
8,16,1,0,1,3,262.41860343276716
8,49,1,1,0,6,259.40356874489646
8,57,0,0,1,0,241.30562546746236
8,1,0,1,1,3,262.6282975056374
8,17,1,1,0,6,262.7896644994565
8,23,1,1,0,4,265.65819524569787
8,26,1,0,0,5,250.415036294375
8,40,0,0,1,0,242.59655720326208
8,42,0,1,1,5,259.74916833345617
8,46,0,1,0,1,246.26498177201762
8,50,0,1,1,1,255.66769553794174
8,52,0,1,1,0,253.6028637446091
8,53,0,1,1,6,257.60735987848807
8,57,1,0,0,0,242.82381698901648
8,59,1,0,0,6,246.05292643827266
8,9,1,1,0,5,260.7001567974451
8,10,1,1,1,3,275.6076664722542
8,27,0,0,1,1,250.75953609665882
8,37,0,1,1,5,261.33289418991416
8,42,1,1,0,4,262.57751012351815
8,4,1,0,1,6,260.7529242113715
8,9,0,0,1,4,242.60120061587995
8,14,1,0,1,0,262.71881319411904
8,19,1,0,1,2,262.88058553508296
8,57,1,0,1,0,252.11107786569866
8,58,1,0,1,1,258.59127562577856
8,15,0,0,1,5,247.03204105511526
8,28,1,0,0,1,249.44030958503376
8,31,1,1,0,3,265.03002301476687
8,33,1,0,0,1,243.8584488065046
8,38,0,0,1,3,244.09066876012884
8,59,0,1,1,6,260.58767611048194
8,3,1,1,0,7,264.5662759082708
8,5,1,1,0,6,262.8893580571181
8,21,1,1,0,3,266.6695748918306
8,38,1,0,0,7,258.07260511215196
8,42,0,0,1,5,244.41355478417287
8,45,1,0,1,3,259.07300804484623
8,3,1,0,0,4,245.2665131054032
8,40,0,1,1,2,260.6377652003759
8,42,1,1,1,4,271.4529822910127
8,43,0,1,1,7,272.22392137103924
8,47,1,1,0,2,255.8080476795783
8,15,0,0,1,7,255.71668761907466
8,26,0,1,1,4,263.6803209039711
8,49,1,0,1,3,261.7734183380086
8,17,0,0,1,2,247.33837722509665
8,19,1,0,1,7,262.57716027804923
8,23,0,1,1,3,267.09139074310315
8,47,0,1,0,5,245.5290000865972
8,48,1,1,0,2,258.025870963872
8,49,1,0,0,4,241.9860437675305
8,53,0,1,1,2,255.7459977528236
8,57,0,1,1,5,262.3659035124363
8,1,0,0,1,3,247.0423057956553
8,41,1,1,1,0,273.8823421219775
8,42,1,1,1,3,275.9367793742772
8,7,1,1,1,4,277.8701708742419
8,22,0,0,1,5,249.4500884143762
8,24,1,0,1,0,261.84783713158276
8,25,1,0,1,2,263.6337072635339
8,31,1,0,0,2,248.78710020475268
8,37,0,0,1,7,254.75066160796402
8,42,1,1,1,6,277.5715005442462
8,44,1,0,1,3,265.97079534322563
8,45,1,0,1,0,258.5693774648547
8,51,0,0,1,7,256.455718328923
8,55,0,1,1,2,262.1686746540224
8,12,1,0,1,6,262.90525465692156
8,14,1,0,1,6,266.15767582008647
8,48,0,1,0,2,245.21181101490956
8,51,1,1,0,6,267.2695029420828
8,0,0,1,1,6,263.52983127050123
8,1,0,0,1,6,248.42074857141105
8,12,1,1,0,5,261.39534902895946
8,22,1,0,1,2,264.28896725533997
8,24,1,0,1,3,267.17268666280984
8,34,1,1,1,7,290.93201223826327
8,53,1,0,1,2,259.6353592780313
8,54,1,0,1,4,257.9407677355219
8,12,1,0,1,5,264.274433422387
8,30,1,1,0,4,262.8957630660697
8,41,1,1,0,1,261.21813522706304
8,45,1,1,0,6,258.336943422951
8,53,0,1,1,0,254.57192735777323
8,55,0,1,1,1,258.3149178648652
8,3,1,1,0,6,260.8642131531799
8,9,1,1,0,7,261.0213967923093
8,42,1,0,1,5,257.40137690963155
8,48,1,1,0,3,257.05727762520803
8,53,1,1,1,0,271.46349486031465
8,31,1,0,1,4,264.6698819616304
8,41,0,1,1,6,262.12627465508535
8,49,1,1,0,4,258.2440751891967
8,54,1,0,1,5,258.0358769279693
8,18,1,0,1,5,259.9405368517964
8,32,1,0,1,6,269.9918989081907
8,33,0,1,1,6,264.98234147349024
8,56,1,0,1,4,260.75610702408306
8,8,1,0,1,7,265.50354988261313
8,15,0,0,1,3,247.43918453846467
8,50,0,0,1,7,246.61083265718065
8,6,0,1,1,4,265.37699205024364
8,7,1,1,1,1,277.3510815819337
8,11,1,0,1,5,262.37806463077163
8,28,0,1,1,4,263.1295389757828
8,29,1,1,1,5,282.9123582773163
8,31,1,1,1,5,278.28408789174443
8,52,0,0,1,4,246.063133709601
8,5,0,0,1,6,250.22802210760838
8,7,1,1,1,2,278.3924185896611
8,32,0,0,1,7,262.0819470700247
8,40,1,1,1,1,277.3568675250082
8,43,1,0,0,5,246.57210366368295
8,54,0,0,1,7,246.72060681043342
8,25,1,1,0,2,262.9279964202035
8,55,1,0,1,0,257.11379737925466
8,56,1,0,1,1,258.8503699245659
8,13,0,1,1,1,260.2257265181656
8,14,0,1,1,5,261.2066268750011
8,40,1,1,0,4,259.99851664646053
8,43,1,1,1,6,281.88156604972914
8,48,0,0,1,6,246.72266249973669
8,49,1,1,1,1,273.02869701161427
8,18,0,1,1,2,265.6734998714274
8,26,1,0,1,2,264.8869488004576
8,27,1,0,1,6,274.2060155958519
8,28,0,1,1,7,271.3383864052968
8,36,1,0,1,0,251.975369177505
8,39,1,1,1,2,273.8186415292798
8,40,1,1,1,2,279.89489129962345
8,41,1,0,1,5,263.7415840936311
8,46,1,0,1,5,261.53027855028097
8,8,1,1,0,7,261.72075089596115
8,42,1,1,0,1,258.8652139145678
8,57,0,0,1,1,242.2386794300027
7,5,0,0,0,2,229.8074217735879
7,8,1,0,1,0,253.9546724542525
7,9,1,0,1,1,256.4332613681483
7,10,1,0,0,2,243.2737735421093
7,14,0,0,1,6,249.9072240166437
7,15,1,0,1,3,260.2361109234315
7,16,1,0,0,6,248.0658650719418
7,18,0,0,0,4,235.0449193516244
7,23,0,0,0,4,229.22896858556624
7,24,1,0,0,0,243.32621183229384
7,25,1,0,0,7,255.35270575778682
7,26,0,0,0,3,231.82092240362982
7,27,0,0,0,2,229.9948431789194
7,28,0,0,0,3,234.2890373600209
7,29,0,0,0,5,232.8459809825924
7,31,1,0,0,6,246.03893993579743
7,32,0,0,0,2,229.60143368925497
7,35,0,1,0,5,244.4864534226339
7,36,0,1,0,5,242.6360331672884
7,37,0,1,0,1,242.97512745514047
7,38,0,1,1,6,257.59029167860024
7,40,0,0,0,2,227.96865419069454
7,43,0,1,1,1,260.9098436312974
7,45,0,1,0,5,251.11792444506378
7,46,0,1,0,6,259.1063860804734
7,47,0,0,0,5,234.87438760329493
7,48,0,0,1,7,255.82745658708066
7,49,0,0,1,1,244.87234587012063
7,50,0,0,0,7,247.56046438668758
7,51,1,1,1,4,275.39855618357177
7,52,1,1,1,6,278.3841564788996
7,53,0,0,1,5,246.2164041039332
7,54,1,0,0,4,244.47851297952135
7,55,0,0,0,3,232.1785522080429
7,58,0,0,0,0,228.74677622184655
7,2,0,1,0,2,244.2166564162037
7,3,0,0,0,6,229.63330220588398
7,4,0,0,0,3,230.13810048231005
7,5,0,1,0,6,254.0281408875228
7,8,1,0,0,3,245.75939586055307
7,9,1,0,0,6,247.4973096239029
7,10,1,0,0,1,241.1522450164399
7,12,1,1,0,1,256.7696706821442
7,13,1,1,1,6,292.3579201485101
7,14,0,0,1,4,249.47817340741264
7,15,1,0,1,0,258.89649329935503
7,16,1,0,1,6,261.6603666126125
7,18,1,0,1,0,260.46086244150183
7,19,1,0,1,4,265.0723329729549
7,20,0,0,1,1,248.3757509622345
7,22,0,0,0,5,232.81953079204317
7,23,0,0,0,6,230.13217257415832
7,26,0,0,0,0,228.22003674512078
7,29,0,1,0,6,245.6069693652001
7,30,1,0,0,2,242.83860951331314
7,31,1,0,0,3,244.20216565321329
7,32,1,1,0,0,258.081745814118
7,33,1,1,0,0,256.70333953431077
7,34,1,1,0,4,260.85050822280107
7,35,1,1,0,5,257.60165391835704
7,36,0,1,0,7,255.12347905600447
7,37,0,0,0,6,228.89984275099613
7,38,1,1,0,1,259.65222890512626
7,40,1,1,0,5,260.3715292686377
7,41,0,1,0,2,242.5316844413999
7,42,0,0,0,2,229.1276406509211
7,43,0,0,0,2,227.7002504959112
7,44,0,0,0,4,230.16260671618107
7,46,0,0,0,3,230.2249261821391
7,47,0,1,0,6,254.56743735844006
7,48,0,0,0,4,231.39511331002868
7,49,0,0,0,1,230.68960984603675
7,53,0,0,0,5,234.4727152350024
7,54,0,0,0,2,231.67932857737247
7,55,0,0,0,7,243.8357544101559
7,56,1,0,0,5,244.68003865041015
7,57,1,0,1,3,259.360798308923
7,59,1,1,0,4,259.05226238288304
7,0,1,1,0,5,260.4018760738634
7,1,0,1,1,3,258.73896845341756
7,2,0,0,0,4,231.3755687215981
7,3,1,0,0,4,242.84667898150184
7,5,0,1,0,5,243.14857180993303
7,6,1,1,0,5,260.05960388473443
7,7,0,1,0,6,242.44284696858668
7,8,1,1,0,6,269.59043417614834
7,9,0,0,0,0,228.52540568874656
7,10,0,0,0,0,228.31204201737606
7,11,0,0,0,4,232.0757474359545
7,15,1,1,1,7,292.4640271052999
7,17,0,0,0,3,236.56672757172763
7,18,0,1,1,5,261.6727769528848
7,19,0,1,1,5,261.48817677704665
7,21,1,1,0,2,263.0583926119691
7,22,1,1,0,5,259.4310485369804
7,23,0,1,0,7,257.93047363883915
7,24,0,1,0,3,245.19728345525513
7,25,0,1,0,4,245.40741380664466
7,26,0,1,0,4,245.87620292302438
7,28,0,0,1,4,246.5781812773011
7,29,0,0,1,5,245.6695959196974
7,30,0,0,0,7,244.3113456377316
7,36,0,0,0,1,231.03565284251846
7,37,0,0,1,0,240.52352802576326
7,38,0,0,1,2,242.2291663316013
7,39,0,0,1,3,245.68779735467552
7,41,0,1,0,5,246.63184054780427
7,43,0,1,0,3,243.7221669249365
7,44,0,0,0,0,229.53133447277432
7,46,0,0,0,0,230.6979645719544
7,51,0,0,0,6,233.02618808334185
7,52,0,0,0,6,233.37470299718606
7,55,0,1,0,1,245.47313110127007
7,56,0,1,0,7,256.24634964612596
7,57,0,1,0,2,244.8431151955345
7,58,0,1,0,3,249.2561450701712
7,1,0,0,0,2,229.3800979429708
7,5,0,1,0,1,244.8823776296628
7,6,0,1,0,5,243.7894138475954
7,10,1,1,0,6,273.339145316607
7,11,0,0,0,7,243.01133461732118
7,14,0,1,0,4,247.62313356360124
7,18,0,1,0,3,251.4438006740017
7,19,0,0,0,3,237.15486354937298
7,20,0,0,1,4,244.95305545369368
7,21,0,0,1,6,246.84515792425736
7,22,1,0,1,1,263.02624397722894
7,23,1,0,0,7,258.72085702127083
7,25,1,1,1,7,288.34030787790107
7,27,1,0,0,4,244.30302805951925
7,31,0,1,0,1,242.49817155386634
7,35,0,0,0,5,229.64732426371052
7,38,0,0,1,3,249.22037838116438
7,39,0,1,0,0,243.4236590562269
7,44,0,1,0,2,247.29673972862244
7,45,0,0,0,3,229.60731095143626
7,46,0,1,1,5,263.10288326007424
7,47,0,1,0,0,243.6008165017325
7,49,0,0,1,5,248.15336868019736
7,50,0,0,0,4,231.0647756878059
7,52,1,0,0,4,249.49585126426084
7,53,0,0,0,6,232.43649776395924
7,55,0,1,0,4,243.91654131429502
7,56,0,1,0,6,246.38870897404374
7,58,0,0,0,4,232.38013359358368
7,59,0,0,0,1,229.07792698624058
7,0,0,0,1,6,242.15722543472802
7,1,0,0,1,5,243.57687278995232
7,2,1,0,0,3,244.58808167833124
7,3,1,0,1,2,254.3421566396418
7,4,1,0,1,5,257.1307711799802
7,5,0,0,0,0,227.20533673429304
7,6,0,0,0,6,232.71715111492148
7,7,1,0,0,0,244.77200463772465
7,8,1,0,0,0,241.71861129889552
7,9,1,0,0,2,244.7858177241736
7,11,1,0,1,5,256.16240665297255
7,12,0,0,0,1,230.37819860068853
7,13,0,0,1,7,244.37919925970428
7,14,0,0,0,6,233.7809055329128
7,15,1,1,0,0,257.9917209496
7,19,0,1,1,3,258.76543554870847
7,20,0,0,1,5,249.40242300903284
7,21,0,0,1,5,244.89301306670882
7,22,1,0,0,5,243.6355107182564
7,23,0,0,1,1,246.10045567725183
7,25,0,0,0,3,233.37887034277017
7,26,0,0,1,4,243.947762067007
7,27,0,0,1,0,241.66754530149393
7,28,0,0,1,6,247.51253803146668
7,29,0,0,1,7,245.67971224375822
7,30,0,1,0,2,245.70472036979461
7,31,0,1,0,0,241.03089824177707
7,36,1,0,0,4,244.7130571978298
7,37,1,0,0,2,243.64032065005793
7,38,1,1,0,0,257.2251285216003
7,39,1,1,0,3,260.17002258417637
7,40,1,0,0,2,243.5255441681554
7,42,1,1,0,0,259.0472655643924
7,43,1,1,0,7,275.4337560566774
7,44,1,0,0,3,248.69609457329872
7,45,1,0,0,7,257.6706031417039
7,47,0,0,0,3,237.9468282224561
7,48,0,1,0,5,246.91792305546414
7,49,0,1,0,4,245.04419434842367
7,52,0,1,0,6,247.03508033742156
7,53,0,0,0,0,229.84376846324446
7,54,0,0,0,0,230.3014903773787
7,57,1,1,1,1,275.59740748926805
7,58,1,1,0,5,260.7052038697241
7,1,0,1,0,2,244.28490270857486
7,2,0,1,0,7,256.035282240867
7,3,1,0,0,3,247.20076712723846
7,4,1,1,0,0,254.9012272424583
7,5,1,1,0,1,256.73650151948067
7,6,1,1,0,1,258.0819867283658
7,9,1,0,0,1,242.18257500794283
7,11,1,1,0,1,259.4495761592726
7,12,1,1,1,5,275.2611985022696
7,13,1,1,0,3,269.5948596635636
7,14,1,1,0,5,259.836177932992
7,15,0,1,0,3,252.3199487174501
7,18,1,0,1,7,274.19099994112304
7,20,0,1,0,2,249.60571843299198
7,21,0,0,0,6,233.20921192775216
7,25,1,1,0,7,272.55101840511367
7,26,0,1,0,1,246.7948122205707
7,27,0,1,1,5,262.34480275518507
7,28,0,1,0,6,249.36847051804804
7,30,0,1,0,0,242.3546937974788
7,32,1,0,0,2,242.34465412596722
7,34,1,0,0,5,242.8920225775663
7,35,0,0,0,3,226.66946029092608
7,37,0,1,1,4,255.42610962492887
7,38,0,1,1,2,258.1677354233498
7,39,0,1,1,2,256.7527775526587
7,40,0,0,1,2,248.6624986966173
7,41,0,0,1,1,244.71490799770177
7,44,0,0,0,6,232.59199822094322
7,52,0,0,0,0,228.3968438561991
7,54,0,0,0,3,238.3740903210788
7,55,0,0,0,5,233.61998212229972
7,57,0,0,0,3,235.1735066726215
7,0,0,0,0,2,231.42940690809874
7,1,0,0,0,1,232.02708143209105
7,7,1,0,0,4,243.3841623839601
7,9,0,0,1,3,247.36594872873064
7,11,0,1,0,2,245.21932667539858
7,13,1,0,0,1,247.45619839762014
7,16,0,1,0,2,245.36222598285133
7,18,1,0,0,2,247.81731017928405
7,20,1,0,0,2,249.27851014306782
7,21,1,0,0,4,245.58980633726333
7,26,0,1,0,2,247.84449486649962
7,32,0,1,0,3,248.15707969975784
7,33,0,1,1,2,259.91483924684707
7,34,0,0,1,0,241.07912684206957
7,35,0,0,1,3,243.3162666364429
7,37,1,0,1,4,256.33019395019164
7,39,0,0,0,1,227.66444829783092
7,40,0,0,1,3,247.85322767378332
7,44,0,1,0,6,250.8694095015477
7,46,1,1,0,7,272.2295657972769
7,48,1,0,0,3,248.00836833410713
7,49,1,0,0,0,242.9086172261506
7,52,0,0,0,3,234.98287169826176
7,55,0,1,0,2,247.8125874620588
7,4,0,0,0,2,234.03002263927746
7,8,0,0,0,4,230.1787105131085
7,10,0,1,0,2,246.043927827877
7,11,0,1,0,3,246.4153717122602
7,14,1,0,1,1,260.3512808559802
7,18,0,0,1,5,246.2347985025114
7,24,0,0,0,4,230.75780442024458
7,29,0,0,0,6,228.7845318495773
7,32,0,1,1,2,258.1666008683491
7,33,0,0,1,7,255.32422985345795
7,34,0,1,1,6,254.36726264294467
7,35,0,1,1,7,267.7576037444611
7,36,1,0,0,6,246.87948588539817
7,40,0,0,0,5,228.6892966379341
7,43,0,1,1,3,264.23613748648165
7,45,0,1,1,2,259.5412133759163
7,46,0,1,1,7,272.9074250717828
7,47,0,0,1,5,247.33632185716777
7,48,1,0,1,4,259.8505522756692
7,49,1,0,1,5,258.28750535743796
7,51,0,0,0,5,232.71179715501137
7,52,1,0,1,7,260.97535207367355
7,54,0,1,0,6,251.6205449454062
7,55,1,1,0,7,275.51381488477307
7,0,0,1,0,7,256.7915980784672
7,1,1,0,0,0,238.95821352005925
7,2,1,0,0,6,244.3512280106403
7,4,1,0,0,3,247.95986635079572
7,5,1,0,1,0,255.65844019443617
7,6,1,0,1,2,260.3283844581577
7,7,1,0,1,5,265.96320849811616
7,10,0,0,0,1,230.57537381891655
7,13,0,0,1,2,243.34679195369915
7,14,0,1,1,5,259.7455121738087
7,15,0,1,1,5,262.04720742615666
7,17,0,1,0,3,248.0207069321341
7,18,0,1,1,1,260.0832321144871
7,19,0,1,0,3,251.26181472022927
7,22,0,0,0,1,230.8093886685678
7,24,0,1,0,1,245.9563359052466
7,29,0,0,0,2,227.3275267934933
7,31,0,0,0,1,227.78215950222182
7,32,0,0,0,7,238.0619961941059
7,33,0,0,0,0,228.01875244120754
7,36,1,0,0,5,245.76113442151836
7,37,1,0,0,1,244.3408812559934
7,38,1,0,1,1,259.7964936311553
7,39,1,0,0,4,243.30167279718955
7,40,0,0,0,7,228.14765695264805
7,41,1,1,0,6,262.03922098096007
7,45,0,0,0,5,234.81604109662263
7,46,0,0,0,7,242.81483075417825
7,48,0,0,1,2,245.15645479614616
7,49,0,0,1,2,242.4580397939334
7,50,0,1,1,5,263.2709780336337
7,53,0,1,0,2,248.14863155938102
7,58,0,1,1,6,259.7589391924122
7,59,1,0,1,6,268.66727276198975
7,0,1,0,1,2,259.8568907844791
7,1,1,0,1,4,255.00561687419977
7,4,0,1,0,2,241.93060433240427
7,9,1,1,0,4,259.97133232406867
7,12,0,1,0,7,262.2956970946925
7,14,1,0,1,5,263.3016409237111
7,15,1,0,0,4,248.16426662902632
7,19,0,1,0,5,247.19239253804102
7,21,0,1,0,0,242.35202715721866
7,27,0,0,0,5,232.62588790315797
7,31,0,0,0,5,232.00149078457758
7,33,1,0,0,0,242.24381887158705
7,34,1,0,0,7,254.5344529283438
7,36,0,0,0,0,225.71561257055865
7,37,0,0,0,7,242.8776326692638
7,38,0,1,1,0,252.7456486208022
7,39,0,1,1,7,256.2104669825681
7,41,0,1,0,7,258.12194715330304
7,46,1,0,1,2,256.0963049549751
7,47,1,0,1,4,257.5042795525228
7,48,0,0,1,6,248.39410813196497
7,49,0,0,1,7,260.6388758636462
7,51,0,1,0,3,244.4791607702066
7,54,0,1,1,4,265.01385535799375
7,55,0,1,1,4,260.80941544116195
7,56,1,1,1,0,275.7255976418511
7,57,1,1,1,6,279.0629531314929
7,58,0,0,1,3,246.08160564771288
7,59,0,0,1,7,258.7756102507792
7,0,0,1,0,4,245.1881294777024
7,1,1,1,0,0,256.63438273103833
7,2,1,1,0,5,259.9870157211519
7,3,1,1,0,4,257.66943479758123
7,4,1,1,0,2,260.0073178308356
7,6,1,0,0,1,240.7244406831013
7,8,0,0,0,0,227.82936744977033
7,9,0,0,0,5,233.39638435681468
7,11,1,0,0,5,246.6989198669457
7,12,1,0,0,1,244.0490927770615
7,17,1,1,0,5,262.94883612209435
7,18,1,1,0,2,263.8347003280868
7,20,1,1,0,7,274.42708554944375
7,23,1,0,0,4,245.28115574815345
7,24,1,0,0,2,245.59530077634597
7,25,1,0,0,5,246.41998724853093
7,29,0,0,0,7,241.03093482847717
7,31,0,1,0,3,243.94144609618257
7,32,0,0,1,4,245.51296174989932
7,33,1,0,1,3,263.0505171721088
7,34,1,1,0,0,256.6342640016662
7,35,1,1,0,7,260.4830506502643
7,38,1,0,0,0,241.08669605723048
7,40,0,0,0,3,230.18449582582306
7,41,0,0,1,7,253.66556656344915
7,42,1,0,0,0,242.9865911159498
7,43,1,0,0,2,245.2038026533018
7,44,1,0,0,4,243.65678754751133
7,46,0,0,1,0,245.74611469311594
7,47,0,0,1,2,248.44015190750355
7,48,0,0,1,3,244.7416101961937
7,49,0,0,1,3,247.6963764413792
7,57,0,0,0,7,241.78178005974985
7,1,1,0,0,6,250.93869040579318
7,2,1,1,0,4,260.3313743613977
7,7,0,0,0,1,226.4628678764725
7,10,0,0,0,7,234.64787071318278
7,13,1,0,0,0,243.90536448369997
7,15,0,1,0,0,243.54290390853612
7,21,0,1,0,5,243.7656753284944
7,24,0,1,0,2,244.31434273773968
7,28,0,1,0,3,245.07338471051605
7,31,0,0,0,7,228.29986579309065
7,32,1,1,0,1,257.03365379348503
7,33,1,1,0,6,267.5851969986608
7,36,1,0,0,1,244.9637988360035
7,37,1,0,0,6,248.2536630736478
7,42,0,0,0,6,229.1626489364261
7,44,0,0,0,2,230.08040207560072
7,45,0,1,0,4,245.85220179677373
7,46,0,1,0,4,248.68210063058277
7,48,0,0,0,3,234.8212273698789
7,50,0,0,1,4,243.25260613271527
7,51,0,0,1,2,247.70022340894718
7,52,0,1,1,2,257.84884829791764
7,53,0,0,1,3,245.95601659572932
7,54,0,0,0,1,231.73762534621457
7,55,0,0,1,0,243.49432807686304
7,56,0,0,1,0,240.6808442075814
7,57,0,0,1,3,249.32352998299123
7,58,0,1,0,0,244.2854094927292
7,59,0,1,0,6,247.70914997510926
7,1,0,1,0,5,248.89118983081505
7,2,0,1,1,3,257.201567838593
7,7,0,0,0,6,229.46692830516102
7,9,1,1,1,5,273.1843703198417
7,12,1,0,0,4,243.7420861546712
7,16,1,0,0,0,245.8737725665684
7,17,1,0,0,4,248.89243755754282
7,19,1,0,0,0,242.31579882444527
7,22,0,1,0,3,247.48607805262088
7,27,0,0,0,0,229.28725654451608
7,30,0,0,1,7,256.12142081327215
7,33,0,1,0,6,244.0242371465218
7,35,1,0,0,2,241.59860246614534
7,36,1,0,0,2,243.1464005873933
7,40,0,0,1,6,249.47645602780185
7,41,0,0,1,6,244.94444215393463
7,42,0,0,1,0,241.366005866835
7,43,0,0,1,3,246.38625214891908
7,47,0,0,0,6,236.5396532716045
7,49,1,1,0,5,261.00858777521734
7,50,0,1,0,5,244.95309625828995
7,54,0,1,0,4,247.84487308391712
7,56,1,1,0,4,260.64254496683265
7,57,0,1,0,5,244.4889815555856
7,58,1,1,0,0,255.42551767034263
7,0,1,1,0,1,256.7964254630264
7,1,1,1,0,5,257.60838444177057
7,3,0,1,0,4,242.35472329662073
7,4,1,1,0,5,257.99205780727726
7,6,0,1,0,7,259.5742733304835
7,8,0,1,1,4,257.1794684864624
7,9,0,1,1,0,257.4958285507135
7,10,0,1,1,5,261.32932763482313
7,13,0,1,0,4,248.7219322173774
7,16,0,1,0,0,244.82134967376268
7,17,0,1,0,2,249.000158942101
7,19,0,0,1,5,247.41654036521857
7,22,0,0,0,0,228.49523200908345
7,24,0,0,0,7,241.62538915770915
7,28,1,1,0,6,262.245298378957
7,30,0,0,1,5,244.30085504471094
7,31,0,0,0,4,227.29475874903622
7,35,0,0,0,6,232.3397946927033
7,36,0,1,0,0,240.01935197286338
7,39,0,0,0,7,241.13438691455372
7,40,0,1,1,2,257.0910652834887
7,41,0,0,1,4,245.41348860409374
7,42,1,0,1,0,259.7697189035284
7,43,1,0,1,2,263.18270022662205
7,44,1,0,1,4,262.71716482996675
7,46,1,0,1,6,261.15962718237995
7,47,0,1,1,0,257.7772063966468
7,48,0,1,1,1,258.4616887744684
7,49,0,1,0,1,247.27994980365895
7,50,0,1,0,1,245.3221125187788
7,51,0,1,0,2,243.2532691740623
7,52,0,1,0,1,243.903498458755
7,53,0,1,0,6,252.6011888104045
7,55,0,1,1,0,260.1279009854586
7,57,0,1,1,1,258.4563372691853
7,0,0,0,0,6,229.58765443727688
7,2,0,0,1,4,242.33230577792787
7,5,0,1,1,7,276.12458569371074
7,6,0,1,1,7,273.4606833356194
7,7,0,1,0,1,241.8661284196555
7,8,0,1,0,0,240.91688547115643
7,12,0,1,0,6,252.6965710610736
7,13,0,0,0,4,233.3666138748805
7,14,1,0,0,4,245.68004132177376
7,17,0,1,1,0,260.04844303172746
7,20,0,1,0,0,243.04803000554924
7,22,0,0,1,3,244.8663825389023
7,28,0,0,0,4,232.62844276635798
7,30,0,1,0,5,244.34087487244673
7,31,1,1,0,4,260.2538164079675
7,32,0,1,0,1,244.00777103514915
7,33,0,1,0,1,243.17072605735146
7,34,0,1,0,7,259.67783998690555
7,35,1,0,0,0,242.24072411120426
7,37,1,0,0,4,244.20708144010536
7,38,1,0,0,4,242.61797924548154
7,40,1,0,0,7,250.81503088368063
7,41,1,1,0,4,261.06419574617075
7,43,1,1,0,1,262.04061066636643
7,44,1,1,0,4,263.15481063702435
7,45,1,1,0,5,261.2318725306078
7,50,1,0,0,1,245.43468172938944
7,51,1,0,0,2,247.594115360049
7,54,0,0,1,4,247.53522753637475
7,55,0,0,1,7,260.7988773609565
7,56,1,1,0,6,260.6997564722407
7,58,0,0,1,2,244.88981367564512
7,0,0,0,0,0,228.19457222935506
7,4,0,0,0,6,234.91175794104313
7,7,0,0,0,3,231.07158168876109
7,8,0,1,0,1,242.84243734368758
7,10,0,1,1,7,263.93089929095174
7,17,1,1,0,7,283.88730098516635
7,18,1,1,1,2,277.3031132998967
7,19,1,0,1,2,262.2813998451088
7,20,1,0,1,6,261.10473108435525
7,21,1,1,1,6,275.77530915074624
7,22,0,1,1,1,259.1958805295098
7,24,0,0,0,3,230.58112089049303
7,26,1,0,0,6,247.041694636062
7,29,0,1,0,0,243.09797736602027
7,31,0,1,0,6,245.11843986787719
7,32,1,1,0,6,262.26630347153724
7,34,0,0,1,4,243.81483583433885
7,35,0,0,1,5,242.97586307511523
7,39,0,1,0,4,243.7186657188947
7,40,0,1,0,1,244.72434591743513
7,41,0,1,0,6,244.17010982950734
7,42,0,0,0,0,226.7775928414767
7,43,0,0,0,6,238.16746354344463
7,45,0,0,0,4,235.18371143549783
7,46,1,0,0,5,248.30836336319166
7,49,0,0,0,0,230.59405358386275
7,51,0,0,0,2,228.94558270945424
7,53,0,1,0,7,251.01801093504005
7,55,1,0,0,6,244.47180320983531
7,59,1,0,0,7,255.0916423901824
7,0,0,1,1,3,258.24150272873027
7,4,0,0,0,4,229.8712028954476
7,8,0,1,0,6,253.4834696730332
7,9,0,1,0,2,244.64160866866789
7,11,1,1,0,7,261.2643019987415
7,12,0,1,0,1,248.6458277276758
7,13,0,1,0,3,247.51447797384705
7,20,0,1,0,5,248.39789391087862
7,21,1,1,1,2,275.4319713296765
7,22,1,0,1,7,276.4874980699288
7,23,0,0,1,6,246.67972108961354
7,24,1,0,1,4,258.1427447136188
7,25,0,0,1,3,246.1766085293614
7,38,0,0,0,1,228.27056902232542
7,42,1,1,0,4,261.73011910330814
7,43,0,1,0,4,245.04427493547908
7,47,0,1,0,4,246.70258146887764
7,49,0,0,0,2,236.5715567408961
7,54,0,1,0,7,260.9701851665752
7,56,0,0,0,2,228.3828380049919
7,59,0,0,0,7,241.2320798316769
7,0,0,1,1,6,257.8892684532175
7,1,0,0,1,1,241.59959871398902
7,3,0,0,0,3,233.42283803389904
7,7,1,0,0,7,255.16170496299355
7,18,0,0,0,5,234.47757510514802
7,21,0,0,0,2,234.13988649475317
7,25,0,1,0,5,245.50182575059927
7,26,0,1,0,6,244.7842944371022
7,27,0,1,0,7,257.805911748404
7,28,0,0,1,5,246.37015841986033
7,30,0,1,1,0,257.03321891921627
7,41,1,0,1,2,262.0050887440264
7,42,1,0,1,3,263.86095504348725
7,43,1,1,1,4,276.85979348780097
7,44,1,1,1,2,278.70260200771145
7,45,1,1,1,5,279.5186724798179
7,52,0,1,0,7,260.0345927784253
7,1,1,0,0,3,242.57510726506356
7,2,1,0,0,2,243.0445670977983
7,3,1,1,0,6,259.1916825670687
7,5,1,0,0,2,244.21355523037855
7,6,1,0,0,7,254.91030361596245
7,8,0,1,0,5,245.871014433187
7,12,0,0,0,7,246.1606587261712
7,14,1,1,0,6,264.2027405417587
7,15,0,0,0,2,233.72849725324915
7,17,1,0,0,6,249.32753591933584
7,21,0,1,1,5,262.2154855417516
7,23,0,1,0,5,247.33612892300368
7,25,1,1,1,6,274.1384456356859
7,26,0,0,1,0,239.74350063742753
7,34,1,0,1,7,272.8124241808231
7,39,0,0,0,3,231.23242440619015
7,42,0,1,0,2,245.28259663190948
7,45,0,0,0,2,232.71554131082104
7,46,0,1,0,5,248.7074217967921
7,47,0,1,0,5,248.27633995784132
7,48,0,1,0,0,243.15300060391098
7,49,0,1,0,2,247.19645796557597
7,50,0,1,0,2,245.95892181440638
7,51,0,0,0,1,230.52403731021764
7,52,0,0,0,4,229.64966372214218
7,57,0,0,1,2,241.75715317730865
7,58,0,1,1,0,258.2073265472223
7,59,0,1,1,0,254.09188474039385
7,1,1,0,1,7,267.79094216405394
7,3,0,0,1,0,241.51792278756778
7,4,0,0,1,0,242.34519879674485
7,5,0,0,1,7,255.1656470658902
7,7,0,0,0,7,243.20506124179502
7,9,1,0,0,3,243.91432298185214
7,10,1,0,0,6,246.67621085053003
7,11,1,0,0,0,243.06623560017215
7,12,1,0,0,5,246.05593863547662
7,17,1,1,0,1,263.3307860942821
7,19,1,1,0,5,262.64729873514165
7,27,0,0,1,6,243.20888903523374
7,28,0,0,1,0,244.76255771571311
7,34,1,1,1,5,273.4776002355753
7,37,1,0,0,7,253.9956309880186
7,42,0,0,0,4,229.74230541932639
7,43,1,0,0,3,245.88153180107372
7,44,1,0,0,6,247.92629159792114
7,48,1,0,0,1,244.41767683090004
7,52,0,0,1,0,239.66174129764957
7,53,0,0,1,6,249.82410562927478
7,54,1,0,1,0,258.80508600372946
7,55,1,0,1,4,261.86359234110176
7,56,0,0,1,4,244.19673731784115
7,59,1,1,0,2,258.70087316876686
7,0,1,0,0,7,257.10031738644795
7,10,0,0,0,4,229.88349511595675
7,13,1,0,0,4,247.95536922051545
7,15,1,0,0,0,242.6455334829134
7,20,0,0,0,3,236.51058026353832
7,23,1,1,0,1,259.7962514761356
7,24,1,1,0,5,257.0568619806585
7,25,0,1,1,7,272.90123563185847
7,26,1,1,0,0,256.8213188088147
7,27,1,1,0,0,258.87554669015014
7,28,1,1,0,3,259.5522160803148
7,29,1,1,0,4,259.33312894201003
7,30,1,1,0,0,256.8423433334345
7,31,1,1,0,1,258.75716926852135
7,32,1,1,0,5,256.87629687834914
7,36,1,1,1,4,271.7941187663008
7,37,0,1,1,2,256.89756100240874
7,38,0,1,1,7,268.4289632112367
7,40,1,1,1,5,272.0961194983296
7,49,0,0,0,6,235.95416071502044
7,50,1,1,0,4,259.01138687060416
7,56,0,1,0,4,246.39431248980384
7,1,0,1,0,1,241.45485081744383
7,4,1,1,0,3,259.40324403633787
7,5,1,0,1,3,256.7768786927027
7,11,0,1,1,5,262.06524612741555
7,12,1,1,1,3,272.34227450663235
7,13,1,1,0,2,258.9954653664898
7,15,1,0,1,7,275.2099902691511
7,17,0,0,0,4,235.2657589052646
7,31,0,0,1,4,243.52095528482252
7,32,0,0,1,7,259.756185869427
7,33,0,0,0,2,229.00030799363907
7,35,0,1,1,1,255.52323607638203
7,37,0,1,0,6,244.56543401563133
7,38,0,1,0,3,244.61042679922545
7,44,1,1,1,5,279.5436886102208
7,45,0,1,0,3,247.1903032029705
7,46,0,1,0,7,247.69778789958355
7,49,1,0,1,6,260.89621029862127
7,50,1,0,1,6,261.62905461076724
7,51,0,1,1,5,259.07210438153015
7,52,0,1,1,5,264.25593719880965
7,55,0,0,1,6,248.5170189409762
7,56,0,1,1,0,258.3581269820994
7,57,0,1,1,4,259.467375863779
7,58,0,1,1,4,260.85864108016625
7,59,0,1,1,7,271.74587766876584
7,0,1,1,0,6,260.17148442790796
7,1,1,0,0,1,242.3304817205809
7,2,1,0,0,4,243.50510403457545
7,4,0,1,0,6,255.82677037500434
7,6,0,0,0,3,233.82021463827263
7,8,0,1,0,3,248.0343717823499
7,10,0,1,0,0,242.5625236948111
7,14,1,0,0,0,244.41272210077386
7,15,1,0,0,6,247.36759245380324
7,16,1,0,0,5,245.36349626769046
7,17,0,0,0,2,235.05253281442378
7,21,1,0,1,0,258.52062779375075
7,23,1,0,0,1,245.78698890753077
7,29,0,0,1,4,245.6780948189861
7,33,1,0,1,5,260.7604518074761
7,35,1,0,0,6,242.3219977698355
7,36,0,1,0,3,244.23297669393776
7,39,0,0,1,7,258.6498726632942
7,41,1,0,0,6,242.61514533057408
7,47,1,0,0,0,241.07879614702077
7,51,1,0,1,1,262.24770763415717
7,52,1,0,0,0,243.90369094926436
7,53,1,0,0,6,247.91048186224072
7,57,0,0,1,0,241.9169605769536
10,0,0,0,1,4,188.45542983474624
9,12,0,1,1,0,261.1022976579748
9,23,0,0,1,7,257.26755441190494
9,39,0,1,0,5,247.2213960964723
9,33,0,0,1,6,245.37119297511657
9,40,1,1,1,1,269.4547441003433
9,44,1,1,1,2,272.5830797771109
9,59,1,0,0,5,243.2921277933789
9,22,0,1,1,5,261.36796365760637
9,23,1,1,0,0,255.8759579746543
9,25,1,1,0,2,258.3861094360609
9,37,0,0,1,2,240.12342715810516
9,55,0,1,1,4,255.52283802038693
9,7,0,0,1,5,245.45742796136216
9,24,1,1,0,7,275.58926103448135
9,5,1,1,0,2,260.83346612203945
9,9,1,0,0,5,246.47471487260663
9,13,0,0,1,6,249.65257458846892
9,16,1,0,1,7,274.6677470405473
9,9,1,1,1,7,289.84427834858195
9,22,0,0,1,4,242.24495462695867
9,32,0,0,1,7,256.5252786194077
9,35,1,1,0,1,260.3366633295765
9,37,1,1,1,5,273.8712101551443
9,41,1,0,0,1,242.38140653884093
9,42,1,0,1,7,259.46941817301524
9,43,1,1,0,1,258.36835273091987
9,44,1,1,1,1,271.5834218235768
9,45,1,1,0,0,254.34587712555484
9,6,0,1,1,5,257.9975173325671
9,7,1,1,0,1,259.03141706649456
9,8,1,1,0,7,277.24684559977277
9,15,1,0,0,4,244.52830380368093
9,26,1,1,0,1,261.78232464876726
9,27,1,1,1,2,274.37143887648136
9,40,0,0,1,5,241.84900115302614
9,43,1,1,1,0,271.59470230307454
9,45,1,0,1,5,257.9679659009481
9,49,0,0,1,3,245.47870318269753
9,44,1,0,1,4,258.92306241008305
9,9,1,1,1,3,272.37486008614104
9,10,1,0,1,2,263.3498331225366
9,23,0,0,1,3,244.9251255897413
9,33,0,1,0,5,243.7954102391612
9,53,1,0,0,1,241.29451348261335
9,19,0,1,1,5,260.67490101782795
9,15,1,1,0,3,263.8082363559125
9,2,0,0,1,3,242.1706642252837
9,31,1,0,1,0,255.17932222241527
9,32,1,0,1,0,254.00546154228047
9,29,0,1,1,3,258.2550581988268
9,38,1,1,1,5,270.1468497320122
9,52,0,1,1,1,255.24500271595682
9,59,0,0,1,3,255.8569091053435
9,0,0,1,1,2,259.77927519462855
9,15,0,1,1,3,260.6520402233563
9,51,0,1,1,6,258.32801367890147
9,42,0,1,0,1,242.67766798663703
9,43,0,0,1,6,242.83289818698185
9,49,0,0,1,7,257.26337800542996
9,59,1,0,1,3,257.8592527705166
9,30,0,0,1,6,243.2947676919705
9,31,1,0,1,6,264.0596684594151
9,33,1,1,1,6,275.32833000805203
9,37,0,0,1,3,241.6137278400311
9,0,1,1,1,0,270.6531719095225
9,1,1,1,1,5,271.7867711856716
9,10,1,0,1,7,265.86432588880416
9,4,1,0,1,3,265.1516676558358
9,5,1,1,1,2,279.6204494742431
9,6,1,1,1,0,274.92413812055986
9,26,1,0,1,4,257.9748551271948
9,29,1,1,0,5,259.4010852376208
9,36,0,0,1,6,242.4388258133424
9,33,1,0,1,0,255.24921492674537
9,33,1,0,1,5,257.8658842901004
9,39,1,0,1,0,256.82314194510406
9,41,1,0,1,1,260.33905407697733
9,44,1,1,1,0,271.9405456152786
9,45,1,1,1,3,270.6632880138424
9,46,1,1,1,7,291.3235987745614
9,11,0,1,1,5,259.8396837316142
9,24,0,1,1,4,258.60036925956325
9,25,1,1,1,6,272.77006949261715
9,27,1,0,1,2,262.44982316116295
9,28,1,0,1,3,256.68014652619695
9,58,0,0,1,6,243.38122437785375
9,59,1,1,1,4,269.6608665942406
9,0,0,1,1,0,256.5064551172922
9,33,0,0,1,5,245.82815641465527
9,42,1,0,0,7,258.04852094282774
9,50,1,0,1,3,258.16724650876
9,23,1,0,1,7,272.5642607327204
9,48,0,0,1,2,242.88496008855392
9,19,1,1,0,2,261.6443625854746
9,22,1,1,0,7,271.8685700469893
9,48,0,1,1,4,255.02305732127132
9,49,0,1,1,6,256.3716452153815
9,50,0,1,1,3,254.0256258424057
9,0,1,1,1,2,272.1251388453767
9,1,1,1,1,3,271.81202322315033
9,10,0,0,1,7,257.1015665685617
9,11,1,0,1,4,265.2848976801402
9,16,1,1,1,0,271.0386981098479
9,17,1,1,1,2,273.6613418573012
9,42,1,0,1,6,255.48040573065072
9,20,0,1,1,5,260.68063147516494
9,38,1,1,1,6,271.51420107661124
9,53,1,1,0,2,254.72021340563037
9,3,1,0,1,3,260.14152102866444
9,18,1,1,1,1,276.83473046179057
9,35,1,1,1,6,274.17320887653335
9,38,0,1,1,3,257.5431378236649
9,52,1,0,1,2,257.6246076369688
9,53,1,0,1,5,254.01817644022248
9,0,1,1,0,4,257.636385421454
9,34,0,1,1,3,258.34957921832495
9,11,1,1,1,6,287.8932506311789
9,23,1,0,1,0,254.21179780640287
9,16,0,1,1,1,257.49465267990155
9,45,1,0,0,2,244.0199202295482
9,19,1,1,0,0,258.317293035342
9,20,1,1,0,5,259.91488206809777
9,39,1,0,1,6,255.508313505213
9,26,0,1,1,3,261.83789582189866
9,13,0,0,1,3,250.82801248556538
9,20,1,1,1,4,276.6380574537556
9,29,1,0,1,0,254.34453550096205
9,30,1,0,1,5,258.58124060277595
9,40,1,1,1,2,271.5598440332047
9,9,0,1,1,7,272.50679580930876
9,14,1,1,1,4,274.2519607174231
9,15,0,1,1,7,270.6120227113105
9,56,0,0,1,6,240.73601650758349
9,57,1,0,1,4,258.1815464756857
9,58,1,0,1,5,257.76398876215217
9,1,1,1,1,7,289.20742410975726
9,7,0,1,1,7,273.3765049900087
9,11,0,0,1,1,246.008206752452
9,14,1,0,1,1,260.17604476550247
9,7,1,0,0,2,243.51054829513157
9,0,1,1,0,3,258.48193662670667
9,4,1,1,0,0,258.4657645925056
9,16,0,1,1,3,260.02018330717885
9,39,0,1,1,2,258.03974801622155
9,40,0,1,1,6,262.0146940590448
9,47,1,1,1,4,271.7585457992309
9,48,0,1,1,0,253.8529599294427
9,53,0,1,1,3,258.6716051685011
9,55,0,1,1,6,258.99984301189187
9,2,1,0,1,6,257.26715216005425
9,6,1,0,1,2,261.7218470757249
9,7,1,0,1,5,260.23944404783447
9,27,0,1,1,5,262.43256406987325
9,30,1,1,1,1,271.01440971343567
9,36,1,0,1,7,269.57257460912814
9,45,0,0,1,5,242.68658930435313
9,39,0,1,1,5,257.96114847356876
9,41,1,1,0,4,260.1646020866319
9,10,1,0,1,3,261.47832797968505
9,14,0,0,1,1,241.8136866796901
9,22,1,1,1,2,275.35974276634886
9,24,1,1,1,7,286.8963339513842
9,28,1,1,1,2,273.6825619730002
9,47,0,1,1,6,256.05473815453786
9,50,0,1,1,2,253.88723888469846
9,51,0,1,1,3,260.4535893971489
9,23,1,1,1,5,272.18150973367847
9,34,0,1,1,6,257.11934727808335
9,13,0,1,1,2,260.78247932698014
9,15,0,0,1,4,243.81391085853792
9,22,1,1,1,5,275.23619360712735
9,25,1,1,0,0,255.09309912830466
9,30,0,1,1,0,257.3769598806683
9,31,0,1,1,2,259.2762137837853
9,34,1,0,1,2,259.0896771322793
9,43,1,0,1,5,261.7436344799526
9,57,1,1,0,1,255.83858185057204
9,1,0,1,1,1,256.3153470173091
9,14,0,1,1,4,259.95099701412374
9,15,1,1,1,3,278.324860944928
9,26,0,1,1,6,261.87115405868707
9,34,0,1,1,0,253.16979473435703
9,36,0,0,1,1,242.6706073987173
9,51,1,0,1,3,256.07369092771887
9,8,1,1,1,4,274.4951516190546
9,10,1,1,1,1,274.60600964965215
9,44,0,1,1,5,254.98450829387497
9,54,1,0,0,7,261.18298640682605
9,9,1,0,1,4,262.47362367067063
9,10,1,0,1,6,274.84894214986934
9,19,1,0,1,5,259.48372384471975
9,59,1,1,0,5,255.82830532933627
9,12,1,0,1,6,262.4944084718557
9,42,0,1,1,6,256.51779967772677
9,44,1,0,1,0,258.08667303940274
9,45,1,0,1,7,261.2113984885154
9,53,1,0,1,6,254.68277636422198
9,54,1,0,1,4,253.60906192216228
9,55,1,0,1,3,254.28910027763914
9,9,0,0,1,0,243.32973774593063
9,2,1,1,1,0,271.9900992582759
9,3,1,1,1,7,291.61376014292875
9,6,1,1,0,6,261.02840063782634
9,24,1,1,0,1,259.2998717141165
9,27,1,0,1,7,279.4879675709751
9,34,1,1,1,7,282.58415345233266
9,36,1,0,1,6,255.56826633446389
9,44,0,0,1,3,257.69440800787663
9,18,1,0,1,4,259.5355833671456
9,54,1,0,1,2,255.2325076611169
9,0,0,1,1,3,262.25369451528786
9,11,1,0,1,3,261.3573002968486
9,13,1,0,1,3,259.8463835965605
9,25,0,1,1,5,260.4820878935869
9,10,0,0,1,1,246.5425479767705
9,14,0,1,1,6,258.75561645690766
9,2,0,1,1,4,259.20146424874076
9,3,0,1,1,1,257.8640820111552
9,10,1,0,1,1,262.8504395623637
9,29,0,0,1,7,259.87324902953355
9,37,0,0,1,4,243.4360839669531
9,44,0,0,1,5,246.09392458670462
9,1,1,0,1,6,262.6223085804959
9,9,1,0,1,2,259.204785442727
9,14,1,1,1,7,290.62868576322677
9,28,1,1,1,6,272.3924712191381
9,35,0,1,1,0,255.82849954901437
9,41,0,1,0,5,242.6491374324267
9,44,1,1,1,3,285.86578065882145
9,58,0,0,1,7,257.7454934780528
9,0,1,0,1,6,260.41370912372827
9,5,1,0,1,4,262.26398733674796
9,12,1,1,0,3,257.0931878953585
9,54,1,0,1,1,253.78976676651644
9,58,1,0,1,0,259.33460432906463
9,59,1,0,1,1,256.89462117811917
9,48,0,0,1,5,243.84789833986878
9,55,0,0,1,6,249.92324545229036
9,56,0,1,1,5,261.749494141456
9,2,0,1,1,7,260.73003910288423
9,22,0,0,1,7,260.40373471211274
9,53,1,1,1,6,274.4671275898778
9,54,0,1,1,2,254.7223068960795
9,3,0,0,1,5,249.13388840954252
9,4,1,0,1,0,260.0305771918057
9,8,1,0,1,1,257.964844478213
9,3,0,1,1,7,262.4492152072919
9,16,0,1,1,5,260.93334496422256
9,54,0,0,1,1,241.54108570012275
9,19,0,1,1,2,258.28591977602673
9,59,1,1,1,6,270.3682730828689
9,3,1,0,1,1,258.8428427230754
9,20,1,0,1,7,277.6608814179716
9,50,1,1,1,0,267.560640331162
9,59,0,1,1,4,259.9098000640689
9,18,1,0,1,6,259.6013734323753
9,24,0,1,1,2,258.92125356592175
9,32,1,0,1,3,261.9081100583139
9,17,1,1,0,0,257.71206132405445
9,19,1,0,0,4,244.09217744965653
9,24,0,0,1,4,242.82994993715104
9,35,1,1,0,5,259.6877054050005
9,52,1,1,0,1,252.17877933278618
9,14,1,1,0,3,265.25390274517713
9,17,1,0,0,2,244.66754015151085
9,23,1,0,1,2,255.71919071191684
9,46,1,0,1,1,258.41577185686157
9,47,1,0,1,3,257.75368849634305
9,20,1,0,1,0,257.293719398229
9,23,1,0,1,5,257.7801159636049
9,38,1,0,0,2,244.2482408447558
9,54,0,1,1,3,258.0137311282537
9,57,0,1,1,0,254.79711896288347
9,58,0,1,1,5,259.44330817879813
9,11,1,1,1,7,276.0016988588449
9,8,1,1,1,2,273.4730701699407
9,23,0,0,1,2,241.920821401603
9,24,0,1,1,1,257.81021311844387
9,3,0,1,0,7,259.13126736354525
9,36,1,0,1,5,258.1974342509691
9,38,1,0,1,1,256.87555343815944
9,43,0,0,1,2,239.46455377700545
9,57,1,1,1,6,274.94269672625677
9,45,1,0,1,2,268.10892491206135
9,49,0,1,1,0,251.69407314205168
9,52,0,1,1,0,256.0246642732567
9,53,0,1,1,4,255.8272966006132
9,6,1,1,1,2,274.537506196881
9,7,1,0,1,3,261.8640436305537
9,30,1,0,1,2,256.6352283017521
9,3,1,1,1,2,275.3652027584992
9,27,1,1,0,2,262.5495202523024
9,34,1,0,1,6,261.64812129305847
9,38,1,1,1,3,284.64918445380954
9,41,1,0,1,5,260.47089404427305
9,58,0,1,1,0,255.1167472964029
9,30,0,1,1,2,257.2292688949269
9,33,1,0,1,3,257.56030171333555
9,37,1,0,1,4,256.39369337218545
9,43,0,1,1,1,254.972223060481
8,16,0,0,1,1,246.46674618045424
8,18,1,0,1,2,258.9836226705901
8,30,1,0,1,6,261.6100931849574
8,4,1,0,1,0,261.5154976589169
8,6,1,0,1,2,262.6974258836642
8,10,1,1,0,0,261.1095502700545
8,20,1,0,1,5,264.16425403369624
8,26,1,0,0,3,249.92173270151272
8,27,1,0,1,2,266.8874575248501
8,28,1,0,1,4,264.5210609959426
8,32,1,0,1,3,267.97920377391097
8,46,1,0,1,1,261.47095093298304
8,51,1,0,1,0,257.35420244057275
8,52,1,0,1,1,257.7222791809117
8,7,0,1,1,2,264.38023046716745
8,28,0,1,1,2,264.8622869608028
8,30,1,0,1,2,260.80099999339467
8,38,0,0,1,1,244.55685478352672
8,52,0,1,1,4,254.77214186281222
8,53,1,1,1,6,278.30627455790244
8,56,0,1,1,1,256.9751621307707
8,2,1,1,1,6,280.67711021765933
8,3,1,0,1,5,260.98295576266565
8,35,1,0,0,0,243.96357441179595
8,3,1,1,0,4,261.18996002912183
8,5,1,1,0,0,259.41255670840667
8,14,0,1,1,4,261.94303792908227
8,15,0,1,1,2,258.05248291387045
8,18,1,1,1,7,285.1519431811154
8,30,0,0,1,1,245.80335358470052
8,33,1,0,1,3,262.1791756960354
8,35,1,1,1,1,273.20483966964326
8,36,1,1,1,0,267.1269290298135
8,50,1,0,0,6,245.09743627954182
8,58,0,1,1,3,261.4151491612078
8,9,1,0,1,1,258.90521409318757
8,23,1,1,0,0,262.9208992093412
8,28,0,0,1,2,249.47163334037634
8,52,1,1,0,3,261.809668251617
8,10,1,1,0,3,262.5102437910376
8,13,1,0,1,2,261.6129883800511
8,14,1,0,1,4,263.0883194007598
8,15,1,0,1,3,263.24575902494405
8,26,0,1,1,0,260.82128880316486
8,29,1,0,0,1,247.04983535432567
8,30,1,0,1,1,261.5591576262227
8,57,1,0,1,1,256.43616479217945
8,26,0,0,1,6,252.22382454422876
8,27,0,1,1,4,262.55579804491606
8,47,1,1,1,2,274.000073779346
8,48,1,0,1,6,257.32793955411296
8,3,1,1,1,2,280.36943670299394
8,4,1,0,1,7,267.89368559562445
8,12,0,1,1,4,262.3322465930369
8,13,0,1,1,2,262.1636997490005
8,30,1,0,0,5,248.84249675504697
8,40,1,0,1,4,262.255341441258
8,23,1,1,0,5,266.19436403742714
8,48,1,0,1,3,261.98946151747884
8,31,1,0,0,6,248.27714762005604
8,21,1,0,1,7,271.12494736491556
8,39,0,1,1,3,262.49488558037996
8,54,0,1,1,2,263.65318473657413
8,58,0,1,0,4,245.83707430995463
8,27,0,0,1,2,250.682763177302
8,31,0,0,1,1,247.60642769298022
8,46,1,0,1,2,261.42189046309755
8,47,1,1,1,1,270.9275898120334
8,48,1,1,1,7,280.0937956714552
8,1,0,1,1,2,261.1852593302059
8,23,1,1,1,0,273.050125581767
8,24,1,1,1,4,277.9015626827529
8,31,1,0,1,3,266.25626918248355
8,32,1,0,1,1,259.97341620234874
8,54,0,0,1,0,243.94627224367687
8,59,0,1,1,0,257.5909093532984
8,3,1,0,1,6,262.0306451266602
8,9,1,1,0,2,261.00368669892447
8,42,0,1,1,6,264.75582792946994
8,43,1,0,1,4,262.3523528782473
8,1,0,1,1,5,261.04220044881936
8,2,1,1,0,1,260.7554623629471
8,12,1,0,1,1,263.4459959722136
8,11,1,0,1,7,267.01047799372543
8,30,0,1,1,7,278.02591497870424
8,56,1,0,1,6,267.87824931442947
8,30,1,1,1,7,289.02591516447336
8,10,0,0,1,1,245.2195621659671
8,18,0,0,1,2,247.3389352192262
8,23,0,1,1,6,268.0913613397768
8,26,1,0,1,0,263.8142553969556
8,27,1,0,1,5,266.3342372196497
8,29,0,1,1,4,260.6241877116303
8,35,1,0,1,1,262.08363672961144
8,46,0,0,1,3,251.05907436515108
8,53,1,1,1,7,272.7620940111937
8,4,1,0,1,4,261.5099170919592
8,13,1,1,1,5,279.4361237524797
8,14,1,1,1,6,278.9676246245897
8,24,1,1,1,6,279.36929443996524
8,25,0,0,1,5,249.619608388735
8,16,1,1,1,1,277.9520659509844
8,2,0,0,1,5,247.21346916479146
8,4,1,1,1,0,271.85293669992905
8,6,1,0,1,1,262.534974378286
8,15,1,1,0,6,262.43724352540164
8,23,1,1,1,7,292.79005199126453
8,25,1,0,1,0,258.00697203098275
8,26,1,0,1,5,263.19639735951006
8,29,1,0,0,0,247.00833572194531
8,30,1,0,0,7,259.63115178107125
8,58,1,0,1,4,259.8106118594719
8,1,0,1,1,0,253.65984024159658
8,2,0,1,1,5,260.60349262235826
8,4,0,0,1,7,258.0665864194659
8,9,1,1,1,7,285.8782860556127
8,22,0,0,1,3,249.48970680456728
8,32,0,0,1,5,249.2530878050663
8,33,0,0,1,4,247.3250038539946
8,34,0,0,1,5,251.3931562536057
8,35,0,0,1,2,246.5757654826237
8,6,1,1,0,1,260.1427795272834
8,19,0,0,1,2,245.82512960098566
8,21,0,0,1,1,248.19909147199627
8,29,1,1,0,4,265.7177861107509
8,46,1,0,1,4,262.5146542438098
8,21,0,0,1,3,257.0653222116449
8,58,1,0,1,6,257.44117349088305
8,59,0,0,1,0,243.28383516692702
8,7,1,1,1,5,278.98073157806715
8,11,1,1,0,3,262.27954961009357
8,16,0,0,1,0,244.76703959844295
8,35,1,1,1,7,289.25458874451743
8,58,1,0,1,2,260.1574432509137
8,59,1,0,1,1,256.9483098024955
8,31,1,1,0,5,264.92715412690836
8,39,1,0,0,7,253.68588978431887
8,20,1,1,1,7,286.92477497633257
8,32,0,1,1,0,260.70287331429654
8,33,0,1,1,7,275.60127212679123
8,1,1,0,1,1,257.5717199450134
8,10,0,1,1,1,263.26718738337496
8,28,1,0,1,7,275.919472949271
8,31,1,1,0,1,262.1309902729193
8,36,1,1,0,4,264.69105520602665
8,38,1,1,0,5,261.7601705980428
8,52,0,1,1,1,257.6658113254614
8,21,0,1,1,0,259.49966384507957
8,52,1,0,1,3,258.69367746379135
8,53,1,1,1,3,271.245173122007
8,8,1,1,1,2,279.13459623927446
8,41,1,1,0,7,271.4285185604908
8,45,1,0,1,2,260.3119437211995
8,46,1,1,1,2,274.4065682060884
8,42,1,1,0,7,272.2945838859457
8,48,1,1,1,0,270.12478128166066
8,53,0,0,1,3,244.43286653653163
8,5,0,0,1,5,246.22495234432492
8,27,0,1,1,1,263.94182596395797
8,43,1,1,0,2,262.2821839577975
8,53,0,0,1,4,242.9673656103487
8,54,1,0,1,7,257.296792843396
8,13,1,1,1,4,275.7157619878931
8,14,1,1,1,4,275.58413828322944
8,16,0,1,1,3,264.15573809619525
8,36,1,1,1,4,277.17709106636784
8,31,1,1,1,2,277.8445243567431
8,50,0,1,1,2,256.7587573905417
8,9,1,0,1,4,257.606576281394
8,20,1,0,1,7,275.51774588506834
8,35,1,1,1,4,272.50881691290726
8,39,0,1,1,0,257.0578497207099
8,46,1,1,1,3,277.44514197662835
8,53,1,1,0,2,256.05586009620487
8,12,0,0,1,5,246.40000031523851
8,16,0,0,1,5,246.21410916406217
8,26,0,1,1,5,265.7539138682108
8,44,1,1,1,3,280.07800298376117
8,45,1,0,1,6,258.30662273366914
8,47,0,0,1,3,244.4678837909897
8,27,1,0,0,4,248.06275738944487
8,29,0,0,1,2,250.2523819359343
8,54,1,1,0,4,257.15891401724537
8,57,1,0,0,2,244.65076819911883
8,3,0,1,1,1,257.57012167232614
8,5,1,1,1,0,273.08704397264376
8,6,1,1,1,7,274.43581523924973
8,8,0,0,1,0,247.686246487341
8,38,0,1,1,2,260.0814907133467
8,53,0,1,1,1,254.91778381278624
8,9,1,1,0,1,260.8323741270214
8,24,0,0,1,3,247.3839613163509
8,49,0,0,1,6,244.45864131253268
8,58,1,0,1,0,256.56732748656793
8,20,1,1,1,3,280.1671977128417
8,50,0,1,0,7,256.5604087211382
8,57,1,1,1,6,272.92457109350784
8,1,1,1,1,1,276.199595730951
8,10,0,1,1,5,263.4092376989273
8,0,0,0,1,1,246.143165156694
8,31,1,0,1,7,273.3864314451313
8,38,0,1,1,0,258.4735683045433
8,39,0,1,1,7,272.02309780453294
8,11,1,0,1,4,260.7737852635203
8,31,1,1,1,7,277.5366381714861
8,13,0,1,1,5,259.95788647616627
8,49,0,1,1,2,257.58126822577526
8,50,0,0,1,6,250.8561043263618
8,52,0,0,1,7,257.13201447014984
8,8,1,1,1,4,281.1764477286792
8,9,1,1,1,1,281.93331085021475
8,42,0,0,1,3,242.78269741780073
8,12,1,1,1,4,277.8506606260759
8,13,1,1,1,6,283.3260878886737
8,17,1,0,1,5,263.28500348271973
8,31,1,1,1,6,289.5323196213404
8,40,0,0,1,6,245.54648036554008
8,43,1,1,1,0,272.8389397822251
8,15,1,0,1,7,270.33030576503535
8,22,0,0,1,7,262.51003484191824
8,34,1,1,1,6,278.82691220493496
8,36,1,1,0,3,262.75459941659426
8,54,1,0,1,6,265.31623005274156
8,34,0,0,1,6,250.73877343580733
8,36,0,0,1,6,249.42268719274153
8,56,0,1,1,5,262.94592290861965
8,7,1,1,1,3,279.82569298473715
8,30,0,1,1,1,262.65838270846393
8,34,1,1,1,2,276.1157522241057
8,35,1,1,1,3,277.429505299854
8,2,0,1,1,3,261.02420081629793
8,24,0,1,1,7,275.50959998420103
8,38,1,0,1,1,258.89923853356726
8,47,0,1,1,7,267.9166344352414
8,58,1,1,1,4,273.8912889346308
8,59,1,1,1,0,267.86307890573556
8,5,1,0,1,4,263.25729996794985
8,21,0,1,1,3,265.1584215176416
8,33,0,0,1,2,247.45539776092116
8,39,1,1,0,7,260.49042014588264
8,23,1,1,0,1,264.4455806804527
8,48,0,1,1,5,257.7151139002757
8,9,1,0,0,2,245.35783363593615
8,36,1,1,1,5,280.3345754583961
8,37,0,1,1,3,260.26381499378795
8,4,0,0,1,2,247.3566391082859
8,37,1,1,1,6,275.7660142055382
8,6,0,1,1,0,260.8822151552157
8,8,0,1,1,6,265.6146079766499
8,11,0,1,1,1,261.09305651674373
8,42,1,1,0,0,257.13225842324096
8,14,1,0,0,4,245.81886562048382
8,37,0,0,1,4,242.29921230372295
8,38,1,0,1,7,273.3834697431062
8,59,1,0,1,5,258.8245033305302
8,9,0,1,1,0,257.8973133015322
8,22,1,1,1,3,279.312744749098
8,37,1,0,1,1,257.73122692516586
8,9,0,0,1,6,244.72789268766874
8,10,1,1,1,0,274.54791446017737
8,35,0,0,1,7,257.4410939606058
8,16,1,0,1,5,262.29885213051125
8,5,1,1,0,7,265.87108085905544
8,55,1,0,0,1,241.465004806257
8,55,0,0,1,7,252.29837386002956
8,9,1,1,1,6,278.9520969396271
8,22,0,1,1,2,265.9999495110283
8,37,0,1,1,4,260.29064966228407
8,42,1,0,1,3,257.6808074326011
8,53,1,1,1,5,271.4017821995752
8,57,0,1,1,3,259.51440417235773
8,4,1,1,1,3,274.55243178916504
8,22,1,1,1,1,278.2400886897076
8,35,1,1,1,6,279.67048614908845
8,36,0,1,1,2,260.3819650553368
8,44,1,1,1,1,273.56816051997487
8,19,1,1,1,7,293.8444813676546
8,46,1,0,1,0,255.58645079408456
8,47,1,0,1,6,262.5227808904001
8,35,1,1,0,6,262.1035011126619
8,53,1,0,1,4,258.0221218620869
8,54,0,0,1,5,244.19188830376024
8,17,0,1,1,2,263.2640660943516
8,47,1,0,1,4,257.1310453260364
8,48,1,0,1,1,255.99607667016653
8,14,1,1,0,5,264.03661917892305
8,19,0,1,1,3,262.55375629163115
8,41,0,0,1,1,243.7721970915826
8,50,1,1,0,0,257.77370765567343
8,52,1,1,0,6,265.4055482614448
8,18,0,1,1,3,264.5087036557269
8,25,1,0,0,0,248.5604995833219
8,39,1,0,1,6,269.74540565094924
8,42,1,0,1,1,257.3572639025147
8,50,0,1,1,5,257.8164775307829
8,13,1,1,1,1,276.8212261893166
8,56,0,0,1,7,253.8702137621368
8,33,1,0,1,5,262.35897523333847
7,53,1,0,0,5,247.94602650060884
7,56,1,0,0,1,241.10225135740103
7,57,1,0,1,0,256.28157535340074
7,58,1,0,1,4,259.05891654149036
7,59,0,0,1,1,244.993873060601
7,0,0,0,0,7,242.38947373546628
7,1,0,0,1,0,240.99353399037614
7,6,0,0,1,3,246.75201473460157
7,12,0,0,1,4,242.86825231887755
7,13,0,0,1,1,242.14148855589002
7,14,0,0,1,3,253.88600610030673
7,15,0,0,0,0,231.25757266940036
7,17,0,0,1,4,244.43441803309986
7,18,0,0,1,3,254.26538321782124
7,20,0,0,1,3,250.21588833453058
7,21,0,1,1,4,258.96034226926236
7,22,1,1,1,5,274.53344976735247
7,23,1,1,1,6,277.6486775822867
7,24,0,0,1,5,246.66138858965772
7,35,0,1,1,0,256.99861316355856
7,36,0,1,1,7,269.14641615707467
7,37,1,1,0,0,256.56681418656694
7,38,1,1,0,3,257.3793826468473
7,40,1,0,1,7,258.4672085590559
7,44,0,1,1,7,273.7965109825038
7,46,0,0,0,6,235.32675275999614
7,47,0,1,0,3,250.4760887846075
7,48,0,0,0,2,234.5844058385214
7,50,0,0,1,5,254.4765219992194
7,51,1,0,1,7,276.3313005807773
7,53,0,1,0,3,258.8653212876061
7,59,0,0,1,0,239.32343907125062
7,0,0,0,1,0,238.09196044171495
7,4,0,1,0,7,245.36654601019464
7,10,0,1,1,4,260.5052109263419
7,11,0,1,1,7,260.71919412776725
7,14,0,0,0,3,231.73684765385363
7,15,0,0,1,4,248.82600701849546
7,16,0,0,1,2,245.34397642718227
7,19,0,0,1,1,247.61149103099993
7,21,0,0,0,3,232.86622327554912
7,23,0,1,0,6,247.15897482439937
7,28,0,0,0,0,228.0845155757581
7,31,1,0,0,4,243.46511828984126
7,34,0,0,0,1,227.33003135175997
7,35,0,0,0,1,224.86166708250028
7,37,0,0,0,0,225.94016978524357
7,40,0,1,1,5,258.0625373231067
7,46,0,1,1,0,260.31138415283044
7,47,0,1,1,2,263.3982746086521
7,48,0,1,1,6,260.33768024958096
7,51,1,0,1,6,261.05504696389727
7,55,0,1,0,3,246.8146445743932
7,57,0,0,0,6,233.09855934237103
7,59,0,0,0,5,232.4465499139831
7,0,0,0,0,4,229.6116480403026
7,1,1,0,0,4,242.22128626646446
7,2,0,0,0,1,228.76829311151812
7,12,0,0,1,6,250.4467705669194
7,13,0,0,1,0,243.6362255624063
7,20,1,0,0,3,246.4551553758604
7,29,1,0,0,4,241.55082886501103
7,30,0,0,0,2,233.1760757961378
7,33,0,1,0,3,251.4255219439659
7,36,1,1,0,5,258.83052535713927
7,41,0,1,1,5,261.57726993695667
7,46,0,0,1,7,261.5250073313674
7,47,1,1,0,2,263.6417290085757
7,48,1,0,0,6,246.72240433604696
7,49,1,0,0,2,247.44132821001674
7,50,1,1,0,3,262.1438494391579
7,51,1,0,1,4,260.00853889723237
7,52,0,0,1,1,244.85659009140477
7,54,0,0,0,7,245.11773018017612
7,55,1,1,1,7,291.4944965453665
7,57,1,1,0,2,261.7324327616572
7,58,1,0,0,0,244.14810807183719
7,59,1,0,0,5,244.67193606196358
7,3,0,1,0,0,239.1241907899177
7,5,0,1,1,5,258.1378335608654
7,6,0,1,1,3,259.7852933054878
7,8,0,0,0,5,232.66402194279527
7,10,0,0,0,2,234.09583680929268
7,11,0,0,0,3,234.11559966570664
7,14,1,0,0,2,246.02741854964165
7,16,1,1,0,7,260.56899451368594
7,17,1,0,1,2,263.1344467836422
7,18,1,1,1,4,279.2143407737826
7,19,0,1,1,7,269.96607230063074
7,20,1,0,0,0,244.06811197102795
7,22,1,0,0,1,243.76880912258264
7,24,1,0,0,7,244.84671075350622
7,25,0,0,1,4,243.78627595835187
7,26,1,0,1,6,261.0796174867149
7,29,0,0,1,0,243.14805630018742
7,30,0,0,1,0,241.37478929394217
7,31,0,0,1,7,258.2955508899812
7,33,1,1,0,7,276.3559046121751
7,34,1,1,0,5,263.61750906378967
7,36,0,1,0,6,242.0575888048083
7,38,0,0,0,3,231.17938193771548
7,40,0,0,0,0,227.22874143977373
7,41,0,0,0,1,226.48384058316555
7,43,1,1,1,6,290.0537484696634
7,44,0,1,1,2,262.43380495573274
7,45,0,1,1,3,260.9794281094988
7,50,0,0,1,6,244.6771011802724
7,51,0,1,1,2,259.18837454113
7,52,0,0,1,3,253.46719753119814
7,0,1,0,0,1,243.10083689964463
7,3,0,0,0,4,232.57083830619607
7,6,1,1,0,3,259.8198232539092
7,7,1,0,1,0,257.373955709213
7,8,1,0,1,6,261.2347528691541
7,9,1,0,1,2,257.0797325806534
7,10,1,0,1,0,252.33218266030096
7,11,1,0,1,7,266.99496137547436
7,12,1,1,1,7,284.3220082557661
7,13,1,0,1,6,271.0811972923368
7,15,0,0,0,1,235.28649419130298
7,16,0,0,0,0,229.60612203874993
7,18,0,1,0,0,244.14640345010926
7,24,1,1,0,0,256.5457201869727
7,25,1,1,0,4,260.3970180741261
7,33,0,1,0,5,245.18438164252248
7,34,0,1,0,3,244.05602393455607
7,35,0,0,1,7,249.25408395274923
7,41,0,1,1,3,261.5003111587641
7,42,0,1,0,6,244.5338979374106
7,45,0,1,1,6,262.1994143517245
7,47,0,0,1,7,258.0539703198733
7,49,1,0,0,3,247.19478472718552
7,50,1,1,1,6,276.3737627291924
7,51,0,1,1,7,270.5785049948962
7,53,0,1,1,6,264.1473978732828
7,54,1,1,1,7,290.4973008568721
7,56,0,0,0,4,228.471267123975
7,7,1,0,0,5,243.80762393578115
7,11,0,0,0,1,229.46073002467313
7,17,1,0,0,1,248.17873021848538
7,21,1,1,0,4,258.6630210186961
7,28,1,0,0,7,255.8686781133763
7,32,1,0,0,3,242.6174849643666
7,33,1,1,1,1,273.263250908866
7,34,1,1,1,1,271.10071930529864
7,36,1,1,0,2,261.70238072048664
7,37,1,1,0,5,258.48094788263865
7,38,1,1,0,4,259.9756980133947
7,44,0,1,0,4,247.8942679726665
7,45,0,1,0,6,258.648044695376
7,50,0,1,0,3,251.76003726379014
7,51,0,0,1,6,247.75692301709026
7,52,0,1,1,3,264.0693853950228
7,54,0,1,0,5,247.4928928352675
7,56,1,0,0,2,245.40999821766613
7,57,1,1,0,4,259.8979963222243
7,2,1,1,0,0,256.09078843438044
7,4,1,0,0,1,241.1858068318027
7,5,1,0,0,3,246.98724057749482
7,7,0,1,1,7,256.2998911834316
7,9,0,0,0,4,229.36082941288035
7,12,0,1,0,0,244.44965975917376
7,13,0,1,0,7,261.57249406851344
7,17,0,0,1,7,262.03188757219567
7,18,0,1,1,2,261.59788335795446
7,19,0,0,1,0,243.8028656288214
7,30,1,1,0,2,258.19335661197107
7,31,1,0,0,5,243.7666846772667
7,33,0,0,1,3,246.9431125067016
7,34,0,0,0,3,230.06855753923742
7,46,0,0,0,4,233.4003080171261
7,50,1,0,0,5,250.5695798461052
7,54,1,1,1,0,272.247485275865
7,55,1,1,1,0,274.51392199666685
7,56,1,1,1,4,274.8302004628928
7,57,0,1,1,3,262.97027814566593
7,58,0,1,0,7,255.6084691247026
7,59,1,1,1,6,276.30815939087387
7,1,1,0,1,1,255.32238924528667
7,2,1,0,0,7,255.95065646103143
7,17,0,1,1,4,260.1638728997066
7,18,0,1,1,0,257.3870558750187
7,21,0,0,0,4,231.54107924172374
7,22,1,0,0,6,246.17404690405658
7,23,1,0,0,0,242.78399811532205
7,30,1,0,0,3,240.35514795461467
7,36,1,0,0,3,244.90736783934076
7,41,1,0,0,5,244.72548024626195
7,48,0,1,1,2,260.69518404625336
7,49,0,1,1,0,257.0925521224829
7,50,0,1,1,7,273.47093908535703
7,54,0,0,1,0,244.06590080869387
7,56,0,0,1,2,245.76297795226344
7,57,0,1,1,7,274.08301234925653
7,0,0,0,1,1,244.46592565634452
7,1,0,0,0,5,231.95786975425978
7,2,0,0,0,6,230.07114844863045
7,11,0,0,0,2,232.52022549585143
7,12,0,1,0,3,249.6394416446548
7,17,1,0,0,3,248.33489879681332
7,20,1,1,0,0,257.854221621752
7,21,1,1,0,0,256.4356985456521
7,22,1,1,0,4,258.59107768295854
7,23,0,1,0,3,244.54761247242865
7,25,0,1,1,0,257.7621041797707
7,26,0,1,1,1,259.4367533889885
7,33,1,1,0,2,259.5098861618496
7,36,1,0,0,7,254.69809531601004
7,37,1,0,0,3,244.6296999417099
7,38,1,0,0,2,243.71973469835885
7,41,1,1,1,3,275.6864725662475
7,42,1,0,0,2,243.61918788348225
7,50,0,0,0,5,237.34932314660125
7,0,0,0,0,3,231.00361208759304
7,1,0,0,1,4,242.76590923590257
7,2,1,0,1,2,257.6766169436918
7,3,1,0,1,3,256.6821828639959
7,4,1,0,0,2,241.03825803530273
7,5,1,0,0,1,241.2459272646281
7,6,1,0,0,3,243.14705946486157
7,7,1,1,1,7,274.884898432697
7,8,1,0,0,6,247.08168563324304
7,13,0,0,1,6,253.71458452515648
7,14,1,1,1,1,273.55050771422117
7,15,1,1,0,2,262.87662280711316
7,17,0,1,0,1,245.751214302777
7,19,0,0,1,3,259.12403290956155
7,20,0,1,0,7,254.16706066895637
7,22,0,1,1,4,257.3064552161651
7,23,0,1,1,7,273.74857210515995
7,30,0,0,0,0,226.08227158409417
7,35,0,1,1,2,257.02134502865533
7,36,0,0,1,3,243.41913876561446
7,38,0,0,1,5,244.73117754208795
7,39,0,0,1,1,244.96765473552662
7,41,0,0,0,5,230.72957667803286
7,42,1,0,0,4,244.12894154921707
7,45,1,0,1,4,263.0089966317543
7,46,0,0,1,1,249.02567124016866
7,53,0,0,0,7,240.7354919746629
7,3,0,1,1,7,262.60247924780253
7,4,0,1,1,2,254.05442995537692
7,5,0,0,1,6,243.7986189614239
7,10,0,0,0,3,236.03195903907118
7,12,0,0,0,6,235.18496236915087
7,14,1,1,0,1,262.1517665798161
7,15,1,1,0,3,262.58622395946713
7,19,1,0,1,1,261.1954810472262
7,26,1,0,1,7,272.0704515189326
7,27,0,1,0,5,245.45006807910488
7,28,0,1,0,4,241.81121801169323
7,34,1,1,0,2,259.29330585646545
7,35,1,0,0,5,243.32738761956008
7,36,1,0,1,2,259.9124479459367
7,37,1,1,1,2,275.5791264519803
7,38,1,0,1,5,263.5518851087585
7,39,0,0,1,5,242.0647709088622
7,40,1,0,1,2,256.63442497497226
7,42,1,1,1,1,275.822867155652
7,54,0,0,0,5,229.36972482872727
7,56,0,0,1,3,246.79719029339012
7,57,0,0,0,2,230.76961191685442
7,0,1,0,0,5,244.81634192295004
7,4,1,0,0,6,243.1645210204998
7,6,0,0,0,7,241.50163250397642
7,9,0,0,1,4,244.4074464597958
7,11,0,0,1,6,246.32748202749244
7,12,0,0,1,3,247.69189243919098
7,15,1,1,0,5,262.9561313445572
7,16,0,1,0,5,246.80933578290663
7,17,0,1,0,6,250.44753730215933
7,21,0,0,1,2,246.3273172507291
7,22,0,1,1,2,259.22211317853123
7,24,0,0,1,3,247.62889092534428
7,25,0,1,0,0,243.5408553993873
7,28,1,0,0,6,247.7154972769535
7,29,1,0,0,5,241.64475789197206
7,39,0,1,0,2,243.36851352473312
7,41,1,0,0,0,242.84087191242742
7,43,1,0,0,6,247.34769764120034
7,44,1,1,0,0,259.70139553451344
7,46,0,1,0,0,246.30759208134276
7,47,0,1,0,7,250.23780899628466
7,50,0,1,1,6,261.2755572505625
7,51,0,1,1,4,259.8937794645709
7,56,0,0,0,7,250.53449124831877
7,58,0,1,1,2,261.21590878764636
7,2,0,0,0,7,238.77123839417067
7,3,0,0,0,0,228.69792437110738
7,5,0,0,0,7,239.44080971989152
7,8,0,0,0,6,237.86419969784606
7,11,1,0,1,3,255.40278194915788
7,14,1,1,0,2,261.8174093131266
7,18,0,1,0,4,249.43156189496983
7,19,1,1,0,2,259.8796860580621
7,20,1,0,0,1,242.72003988539194
7,21,1,0,1,4,258.4066534595564
7,22,1,0,1,2,262.4442890313503
7,23,1,0,1,4,261.0194421407735
7,27,0,1,0,1,242.70723933938154
7,29,0,1,0,1,245.45981119072587
7,30,0,1,0,1,243.13582391601742
7,33,0,0,0,6,226.63155295528264
7,38,0,1,0,7,252.9297911357422
7,39,1,0,1,1,260.2566732367675
7,42,1,0,0,1,245.12040890912053
7,46,0,0,1,4,249.2151722566595
7,47,0,0,1,1,248.65051043210775
7,49,0,1,0,6,250.97099083831816
7,51,0,1,0,7,245.5608501974426
7,52,0,1,1,1,259.74555261522346
7,57,1,1,0,6,267.2608658051878
7,1,0,0,0,7,244.12984921999157
7,5,0,1,1,2,259.4906752218224
7,6,0,1,1,1,259.49209273021916
7,13,0,0,1,4,244.99552096143483
7,14,0,0,1,5,251.46318354844774
7,15,0,0,1,5,246.22694618002845
7,18,1,0,0,4,248.65186888721001
7,21,1,0,0,6,246.72724839050835
7,23,0,1,0,1,243.68750083239425
7,24,0,1,1,5,259.60555758709694
7,33,1,1,0,3,259.4612692800221
7,35,1,0,0,4,243.41073226638133
7,41,1,0,1,3,266.10640856911186
7,43,1,0,0,7,255.11522152816826
7,44,1,0,0,2,244.29427732537945
7,49,0,0,1,0,240.47482013324358
7,53,0,0,1,0,243.29099428897263
7,54,0,0,1,7,268.43372130584135
7,56,0,1,0,1,246.24623921897114
7,59,0,1,1,4,257.8903234331336
7,0,1,1,1,4,277.98783248034556
7,1,1,1,1,2,275.3921925482316
7,7,1,1,0,0,255.4508854261104
7,8,1,1,0,2,257.4805583530468
7,9,1,1,0,1,256.56736964868696
7,10,1,1,1,0,271.519173957277
7,11,1,1,1,7,278.3363595932792
7,12,1,0,0,7,245.85888354041262
7,14,0,0,0,4,233.76578409348977
7,16,0,0,1,7,259.1588439137509
7,17,1,1,0,6,265.1025866866689
7,23,1,0,0,3,248.17218807469203
7,24,1,0,0,1,244.6974554564277
7,25,1,0,0,3,247.40999327045614
7,26,1,0,0,1,246.25197588369406
7,27,1,0,0,7,247.26545710342654
7,29,0,1,0,2,245.86241563407808
7,33,1,0,0,5,244.5365898679545
7,40,0,0,1,0,246.16395430161043
7,41,0,0,1,0,243.64359034780554
7,42,0,0,1,3,244.29623798843738
7,45,0,1,0,2,248.03866669912614
7,48,0,1,1,3,262.75710161978935
7,52,1,0,0,7,259.86464060891547
7,56,1,0,0,0,241.36665940858063
7,58,1,0,0,3,247.91482628424785
7,59,1,0,0,0,242.44838120498144
7,0,1,0,0,0,241.16299764919694
7,6,1,1,0,0,255.28593254032717
7,7,1,1,0,2,258.01547611732747
7,9,1,0,0,4,243.5996063377914
7,16,0,1,0,3,247.1505315575088
7,33,0,0,1,1,243.88179156550547
7,36,0,1,0,4,242.76432438365163
7,37,0,1,0,2,243.1699359887913
7,39,1,1,1,5,271.5661848964307
7,41,0,0,0,0,227.75491784736917
7,43,0,0,0,3,230.51031338023807
7,44,0,0,1,6,248.4948438050337
7,45,0,0,1,3,248.80256052328323
7,47,0,0,1,3,248.66477781619025
7,56,1,0,0,4,244.07148375516664
7,58,1,0,0,6,248.7910531824746
7,1,1,0,0,2,244.77657262401328
7,7,1,0,0,3,244.91337311594296
7,11,0,1,1,6,259.49167000250424
7,13,1,0,1,1,258.15445012315837
7,14,1,0,0,6,249.8337074734656
7,15,1,0,0,7,258.46762424217
7,18,0,0,0,2,235.4458248158454
7,20,0,1,0,6,251.8446064983207
7,29,1,1,0,6,264.87105224884965
7,30,1,0,0,5,239.60264713215668
7,34,0,0,0,5,232.28653941762983
7,40,0,1,0,7,254.36195486814637
7,42,1,1,0,6,260.31290221435347
7,49,1,1,0,0,258.00876996492224
7,50,1,1,0,7,274.0565872299501
7,53,0,0,1,7,257.62731654379627
7,55,0,0,0,4,228.98297400571866
7,57,0,0,1,7,244.19058049566516
7,0,1,0,0,3,246.04848235121298
7,8,1,1,0,3,258.1733714448365
7,9,1,0,1,3,267.0111408455174
7,11,1,0,0,1,242.50346381556938
7,17,0,1,0,0,245.75713929648714
7,22,1,1,0,3,260.3477263135234
7,30,0,1,0,7,257.78397854867944
7,34,1,0,0,4,240.59732770057857
7,37,1,0,0,0,240.78123447210612
7,41,1,0,0,4,243.0060768870518
7,42,1,0,0,7,243.68776575144827
7,46,1,1,0,2,259.8702935250885
7,50,0,1,1,2,262.47978066579435
7,51,0,0,1,3,247.2344488541028
7,54,0,0,1,2,245.6144666821546
7,4,1,0,0,7,252.8182538935713
7,9,1,0,1,0,255.09737552291836
7,10,1,0,1,6,258.3239329626373
7,12,1,0,1,2,257.6980821265883
7,13,1,0,1,2,260.9218618839294
7,14,1,1,1,4,274.416992886722
7,15,0,1,1,3,265.45143574713796
7,16,0,0,0,4,233.5225309572254
7,27,0,0,1,5,243.35367852134735
7,28,0,0,1,1,244.49594063239468
7,36,0,0,0,2,227.25190010716145
7,42,0,0,1,5,245.72480509626922
7,53,1,0,1,6,264.24990295725456
7,54,1,0,1,6,260.5865457753438
7,55,0,0,1,5,247.3326839210401
7,56,1,0,1,6,256.1211788561804
7,57,1,1,1,2,280.1540481233191
7,58,1,1,1,4,276.7702786902114
7,59,1,1,1,2,276.00148566335184
7,0,1,0,1,3,264.169752187736
7,3,0,1,0,6,247.07636635974205
7,6,1,0,1,1,260.31878701598947
7,16,0,0,0,1,232.992747330601
7,18,0,0,0,6,235.07684800364777
7,19,0,0,0,7,247.93806168610885
7,23,0,1,0,2,245.89372193929822
7,28,1,0,1,6,260.4702144805015
7,29,0,0,1,1,246.03156210178304
7,40,0,1,0,2,244.02975534450178
7,41,0,0,0,3,229.81758199080306
7,48,0,0,1,0,244.28741722866087
7,51,1,0,0,0,245.02950882262616
7,55,0,1,0,6,244.48594248695295
7,59,0,1,0,3,246.5491169877282
7,5,0,1,1,1,258.64725060082844
7,7,0,1,1,5,256.2241525052069
7,12,1,1,0,7,274.7357345477642
7,24,1,0,0,3,244.01518092642655
7,26,1,0,0,3,246.83349316959132
7,31,1,1,0,5,261.5215852652532
7,32,0,1,1,1,259.788367721537
7,35,0,1,0,6,243.0916441567358
7,39,1,1,0,4,259.0577541534036
7,49,0,1,1,3,263.1901663538665
7,53,0,0,1,4,245.56130154969767
7,54,1,0,1,7,270.8796261415563
7,57,0,0,1,4,245.32373250225976
7,2,0,0,0,0,226.93827060653973
7,23,1,1,0,3,262.3775772168048
7,25,0,0,1,6,252.02572939148467
7,26,0,1,1,2,258.4214687028232
7,27,0,0,1,2,244.15313747266927
7,31,0,0,0,0,226.8244048023234
7,35,0,1,0,7,253.1431503033382
7,39,1,0,0,2,243.34069959596496
7,40,1,1,0,3,258.93608451975473
7,43,0,0,0,7,231.9840792773689
7,47,0,0,1,0,242.6952976607356
7,48,0,0,1,4,244.87496882981975
7,52,0,1,1,4,261.77069224420705
7,53,0,1,1,5,264.0036040946487
7,56,0,0,1,7,260.1411436477793
7,57,0,1,0,4,244.00603151827897
7,0,1,0,1,5,261.23512891019305
7,7,1,1,1,6,287.24642237239266
7,8,0,1,1,7,271.33516934407385
7,9,0,1,1,2,260.4286807902266
7,10,0,0,1,6,247.22234943831933
7,11,0,0,1,2,248.06987759115262
7,12,0,1,1,0,254.55665915043036
7,13,0,1,1,6,262.176824787235
7,33,0,1,0,2,244.17699374858043
7,35,1,1,0,4,258.09666071359743
7,40,1,0,0,4,244.64156978799244
7,48,1,0,0,0,242.20547819023741
7,52,1,0,0,1,246.40277162978003
7,2,0,1,1,0,256.98538638558324
7,8,1,0,1,5,260.5998090609874
7,18,0,0,1,2,247.80824501430627
7,19,0,1,1,1,259.0418729212727
7,21,0,1,1,3,264.68552825572976
7,27,0,0,0,6,231.75149054496163
7,28,0,1,0,7,256.1112642299853
7,30,0,1,0,3,246.42007666701238
7,45,1,1,0,0,260.6993026801895
7,46,1,1,0,5,263.41488642711334
7,47,0,1,0,1,246.71449225682684
7,48,0,1,0,6,247.7490549114651
7,53,1,0,0,4,246.13657430455407
7,57,1,1,0,5,263.2662803848766
10,0,0,0,1,3,251.84852762471255
9,21,1,1,0,5,260.8448576456658
9,13,0,1,1,6,263.5449170044909
9,14,0,1,1,1,258.8951355410211
9,26,0,1,1,5,263.62359992401656
9,58,1,0,1,4,258.4965950418487
9,59,0,0,1,5,241.7145428311339
9,28,0,0,1,3,244.53743722432128
9,39,0,1,1,1,257.2401489672826
9,57,0,0,1,2,247.00085521370656
9,0,1,0,1,0,256.5313157808202
9,2,1,0,1,0,256.3503385290651
9,3,1,0,1,2,259.7265716007983
9,4,1,0,1,1,264.1848675483807
9,50,1,0,1,1,255.99783658731025
9,51,1,0,1,6,256.08419140619594
9,9,1,1,1,5,272.4170479410843
9,29,0,1,1,7,271.37051451185914
9,18,1,0,1,3,260.21373303623665
9,0,1,0,1,1,256.0048134146473
9,16,1,0,1,5,258.71770339353884
9,33,1,0,1,7,268.5881168844988
9,47,1,1,1,3,269.73511947077657
9,44,0,0,1,0,241.77694323532216
9,4,0,0,1,0,245.09205636502995
9,7,1,0,1,4,259.90858220753614
9,43,1,0,1,6,260.9261776852299
9,53,0,1,1,0,253.42271976518734
9,58,1,0,1,7,274.70501223692617
9,12,0,0,1,3,251.66650475176422
9,26,1,1,0,2,259.9628739262058
9,52,1,0,1,0,253.09239238213866
9,54,1,0,1,0,253.6121538805154
9,57,0,1,1,1,255.65527388696154
9,5,0,1,1,0,258.74828348771456
9,23,0,1,1,4,258.6550149033496
9,24,1,1,1,6,273.72029838290473
9,26,0,1,1,4,258.7295128359892
9,27,1,1,1,0,269.74947162483824
9,25,0,0,1,3,245.04716544369404
9,26,0,1,1,0,257.4495252381607
9,31,1,1,1,3,282.94172553488875
9,46,0,1,0,6,250.42567323106437
9,56,1,1,1,6,270.20415018524767
9,32,0,0,1,5,243.8897619778573
9,57,1,1,1,5,275.29309091761303
9,8,1,0,1,0,256.539690127256
9,21,1,1,1,2,273.54230044520824
9,45,0,1,1,7,258.5830213681694
9,20,0,0,1,3,245.49719030350923
9,25,0,1,1,6,259.91577568399157
9,52,0,1,1,3,256.29220694131885
9,0,0,1,1,7,259.7529898995535
9,33,1,1,1,4,272.57275932243675
9,39,0,1,1,3,258.1318618109971
9,4,1,1,1,1,273.88347012750137
9,8,1,0,1,7,274.09353568038136
9,18,1,1,0,1,258.3731905316468
9,36,0,1,1,0,255.4189291608933
9,37,0,1,1,7,271.01634162288065
9,48,1,0,1,6,258.3357371995746
9,55,0,1,1,5,258.2201965293936
9,2,0,0,1,1,243.93234291727737
9,58,1,1,1,6,273.9790628295047
9,6,0,0,1,6,244.43283387984525
9,45,0,1,1,1,255.18994465738197
9,38,0,1,1,5,258.7896646099712
9,48,1,0,1,3,256.8473124521333
9,4,1,1,1,6,288.5515442464447
9,25,1,1,0,5,257.926018875877
9,29,0,0,1,0,243.54406420258977
9,12,0,0,1,4,247.51023270627041
9,46,0,0,1,0,240.5020830280118
9,56,1,0,1,1,256.97008785696426
9,56,1,1,1,2,270.065744326232
9,1,0,1,1,6,257.46781146660425
9,17,0,1,1,0,258.1666839909042
9,26,0,0,1,2,240.36327277892389
9,34,0,1,1,1,256.90765210741824
9,22,1,0,1,4,258.47085930340586
9,5,0,0,1,6,245.54372114408616
9,21,0,1,1,5,261.9451340367137
9,56,1,1,0,2,256.45066499484244
9,21,1,1,1,6,275.9387338724358
9,22,1,0,1,2,257.8300219275239
9,23,1,1,1,6,274.7706856250312
9,48,1,0,1,0,254.26761958963306
9,50,1,0,1,5,255.0960475791133
9,40,1,1,1,3,271.6616541829896
9,47,1,0,1,2,257.85401294403164
9,48,1,1,1,4,272.40029091705617
9,49,1,1,1,2,269.9413698088784
9,52,1,1,0,0,252.60038794732833
9,0,1,0,1,2,256.67323105763643
9,22,0,0,1,1,244.68457904920137
9,44,0,1,1,0,254.23068948893825
9,53,1,0,1,3,253.6692581048319
9,4,0,0,1,4,245.1298383441832
9,18,1,1,1,4,278.6098259039198
9,19,0,1,1,0,258.4202481857492
9,20,1,0,1,6,259.8624939205568
9,5,1,1,1,4,276.95296502352096
9,58,1,1,0,0,254.77836269790257
9,14,1,0,1,2,263.2305411846308
9,15,1,0,1,2,260.4241830457817
9,17,1,0,1,3,258.0501213772992
9,40,1,0,1,7,276.27804118531674
9,39,1,0,1,2,257.3312187063631
9,53,1,1,1,7,284.26848816724873
9,54,0,0,1,2,238.17470908292916
9,7,1,1,1,0,270.1076222097722
9,9,1,1,1,4,272.31098720450734
9,25,1,1,0,4,258.422714987574
9,31,1,0,1,5,257.0287188985503
9,39,1,0,1,3,258.17067684619155
9,42,1,1,1,1,275.15804934137986
9,29,1,1,1,4,272.9785326003875
9,59,1,1,0,4,255.74214994704818
9,25,1,0,1,1,261.6183781552907
9,32,1,0,1,5,272.08829102196233
9,39,1,1,1,1,274.60201599761166
9,11,1,0,1,2,261.31476923084375
9,29,1,0,1,3,268.4022581647748
9,42,0,0,1,3,242.67836293914092
9,14,1,0,1,3,261.2008114705976
9,23,1,1,0,1,257.86373850266443
9,35,0,1,1,3,263.7778707496968
9,37,0,1,1,2,259.2868891838683
9,24,0,0,1,0,242.75554415895698
9,27,0,1,1,2,259.45131006588656
9,10,0,1,1,6,269.54176246771596
9,17,1,0,1,4,259.9890596753435
9,29,1,0,1,6,265.24134455160447
9,46,1,0,1,0,256.70039072942654
9,55,1,1,1,3,272.656927158925
9,18,0,1,1,3,263.2407209109164
9,24,0,1,1,6,260.40033035613527
9,5,1,0,1,0,260.66979150709756
9,6,1,0,1,1,262.6301109355772
9,18,1,1,1,3,280.054711351813
9,24,1,0,1,2,256.94419897468106
9,32,1,0,1,4,258.84468192270384
9,10,1,1,1,4,274.8336813752743
9,26,0,0,1,6,249.50470054525974
9,21,1,1,1,1,277.4681697445253
9,43,0,1,1,0,251.74117307045634
9,14,0,1,1,3,268.39270917244977
9,30,1,1,1,3,271.363349590032
9,4,0,1,1,1,258.27070562436666
9,18,1,0,1,1,256.2053814086104
9,11,1,1,1,1,272.03869956308716
9,35,0,1,1,2,258.2214372982414
9,38,0,1,1,2,255.2176318779227
9,6,1,0,1,0,260.03951166018885
9,7,1,0,1,7,278.6704041709656
9,27,0,0,1,4,244.08776749953617
9,28,0,0,1,4,241.5840121085888
9,30,1,0,1,7,270.3632311776172
9,32,0,0,1,1,246.49945157354438
9,1,1,0,1,5,256.32026706501347
9,22,0,1,1,2,259.44146689669674
9,59,0,0,1,4,241.72531197202392
9,13,1,1,1,2,274.7705590948699
9,19,1,0,1,7,274.77472231197555
9,35,0,0,1,5,249.7931510607518
9,2,1,0,1,7,262.15607340658977
9,34,1,0,1,4,260.0682733128767
9,36,0,1,1,4,256.8744659859215
9,37,1,1,1,3,275.4321562823848
9,22,1,1,1,4,274.15598906911913
9,9,1,1,1,2,272.3417889846318
9,10,1,1,1,5,276.6253684369544
9,47,1,0,1,4,259.1922336247347
9,53,0,0,1,6,241.6989454897239
9,54,1,1,1,1,269.88445295502066
9,25,0,1,1,3,260.86113655171596
9,29,1,0,1,1,260.9322422297335
9,30,1,0,1,4,256.78814581664705
9,49,1,0,1,1,253.31904961984435
9,2,1,1,1,1,273.0252542652613
9,47,0,1,1,5,265.8505171803498
9,49,1,1,1,4,270.82897253379144
9,41,1,1,1,5,272.5407254934545
9,50,1,0,1,2,254.42575374875136
9,8,1,1,0,6,262.2280773012754
9,42,1,0,1,1,255.89459430199358
9,15,0,1,1,4,260.64012638937027
9,17,1,1,1,6,273.98669193350725
9,19,1,1,1,3,273.3787385656555
9,54,1,1,1,6,269.2373764579898
9,17,1,0,1,1,257.47039051040537
9,40,1,0,1,0,259.71031094597214
9,0,1,0,1,7,272.3635948445991
9,27,0,1,1,1,260.22351792140324
9,46,1,1,1,3,276.2964285396762
8,29,0,0,1,7,266.1191964178513
8,44,1,0,1,2,260.2831899966483
8,47,1,0,1,7,261.0182868135639
8,50,1,1,1,0,271.5495092672368
8,51,1,1,1,3,274.7035902091686
8,5,0,1,1,3,261.5061545582227
8,40,1,0,1,7,261.54704196781427
8,18,1,0,0,7,259.59106728854573
8,23,1,0,1,3,263.91946504731857
8,27,1,0,1,3,267.06572804419204
8,23,1,0,1,6,262.8349356586761
8,43,0,1,1,3,257.4159043907298
8,23,1,0,1,0,262.12704777722
8,34,1,1,0,7,276.3480561187319
8,2,0,0,1,6,246.69884113459352
8,3,1,1,1,6,278.5041939005723
8,11,1,0,1,2,262.82750566761496
8,12,1,0,1,7,262.79654642103054
8,29,0,1,1,2,258.5785276103037
8,32,0,1,1,1,266.8125845605096
8,44,0,1,1,0,254.6598528463837
8,45,0,1,1,3,256.4388706136222
8,57,1,0,1,4,257.50114947355377
8,19,0,1,1,2,263.21694234109145
8,26,1,0,1,6,264.4772688518536
8,29,0,0,1,0,244.52812623641253
8,39,0,0,1,4,246.34989287365752
8,55,0,0,1,1,246.4410417547601
8,9,0,0,1,2,245.36437879366815
8,27,0,0,1,6,251.82823245127264
8,28,0,1,1,3,264.5455249719103
8,1,1,0,1,6,259.29332691035
8,4,1,1,1,6,275.8273553728769
8,43,0,1,1,2,258.7072567777968
8,44,0,1,1,6,261.97542729344
8,26,1,0,1,3,264.12888579243406
8,38,1,0,1,2,264.97280828259414
8,41,1,0,1,1,259.86793214570434
8,7,0,0,1,3,247.66527394976606
8,21,0,1,1,1,263.87296154570186
8,23,0,1,1,7,277.14916450017824
8,44,0,1,1,4,261.9581281806561
8,45,0,1,1,7,259.49835370062607
8,59,1,1,1,6,278.0947025226753
8,12,1,1,1,3,277.47917366652763
8,42,0,1,1,0,256.2591854451448
8,51,1,0,1,7,261.0495673883559
8,27,0,1,1,3,265.4536536216619
8,44,1,0,0,4,247.9472514375493
8,31,1,1,1,0,277.321847892915
8,32,1,1,1,1,280.0028799801509
8,35,0,1,1,0,256.87102997207967
8,42,0,1,1,4,257.51711568221845
8,6,0,1,1,6,265.4137583721755
8,14,0,1,1,3,264.4958224852995
8,7,0,1,1,6,265.2742494654784
8,23,1,1,1,5,279.37907739375385
8,43,1,0,1,3,263.9254781195193
8,30,1,0,1,0,259.8415226011151
8,36,1,1,1,1,273.91744135752026
8,41,1,1,1,2,274.69604461556753
8,37,1,0,1,5,257.09760183147483
8,4,0,1,1,0,256.5012428526652
8,44,0,1,1,5,263.28270631133404
8,13,1,0,1,6,262.17173013895047
8,15,1,1,1,1,273.69683166122286
8,16,1,1,1,3,281.15242416087005
8,44,0,0,1,2,241.3710906371697
8,46,0,1,1,5,258.0126580423484
8,23,1,0,0,4,248.1820473918404
8,34,1,0,1,7,263.17051977295205
8,59,1,1,1,1,273.1567419195997
8,33,1,0,1,0,259.09360776010544
8,37,1,1,1,5,276.7658800166918
8,2,0,1,1,6,258.54814792384525
8,13,0,0,1,2,247.41430594514728
8,28,0,1,1,5,264.7100547585625
8,29,1,1,1,6,275.5467737352358
8,41,1,1,1,1,276.321318638072
8,46,0,1,1,7,261.66899663166276
8,56,1,0,1,3,261.37554074082396
8,25,0,1,1,1,262.79149046939364
8,40,0,0,1,7,258.7572876148442
8,2,1,0,1,5,262.4324196474884
8,24,1,1,1,2,279.3965240947686
8,25,1,1,1,3,282.6674274101686
8,43,1,1,1,5,271.3373487930278
8,48,1,1,1,3,272.32286315374836
8,54,1,1,1,0,269.32601846836656
8,55,1,1,1,2,273.0096204676553
8,54,0,1,1,4,259.6976314866295
8,18,0,1,1,5,264.94358579281106
8,39,0,1,1,6,262.03602831778556
8,51,0,1,1,4,255.75566718431332
8,52,1,1,1,5,275.22593763292156
8,2,1,0,1,6,263.0290124499095
8,52,1,1,1,4,270.3040024149036
8,54,0,1,1,3,262.13244058983344
8,36,1,0,1,7,276.12398265378386
8,46,1,0,1,6,259.34544037357546
8,47,0,0,1,6,249.3438689211996
8,52,1,0,1,7,267.8640674795981
8,56,1,1,1,5,279.0628684292298
8,37,0,1,1,0,256.59910000164075
8,41,0,1,1,2,258.75438740399886
8,48,0,1,1,7,264.88999667841983
8,51,1,1,1,0,273.0488780482051
8,53,1,1,1,1,271.57453333839703
8,8,1,1,1,5,280.37412961868654
8,27,1,1,0,7,263.90803099220994
8,11,0,1,1,3,261.4057048610862
8,20,0,1,1,2,261.02741010285655
8,35,0,1,1,6,265.41531281100265
8,51,1,1,0,3,262.07051469826746
8,6,0,1,1,3,264.88951087472765
8,7,0,1,1,3,264.8363198876946
8,22,1,0,1,0,262.5817005287755
8,23,1,0,1,7,280.62723236347045
8,14,0,0,1,4,245.9574377503266
8,19,1,0,1,3,262.9669053268871
8,35,1,1,1,0,276.26517283016614
8,47,1,1,1,0,267.4484192353685
8,48,1,1,1,2,273.4514411375113
8,14,0,0,1,2,246.27857433671318
8,27,1,0,1,4,267.05106002580646
8,48,0,0,1,7,246.98378234699328
8,12,1,1,1,1,275.9111107814307
8,18,1,0,1,0,259.25889935533473
8,21,1,1,1,7,281.65682544640555
8,32,1,1,1,4,278.6306424029718
8,7,1,0,1,6,262.1965686978936
8,14,1,1,1,7,284.99848282768465
8,57,1,1,1,0,269.87646223359485
8,12,1,0,1,2,263.2182239435981
8,17,1,1,1,3,278.0155228957807
8,47,0,1,1,0,255.84734922096743
8,39,1,1,1,6,274.10145014592194
8,0,1,1,0,6,259.01383013898055
8,24,1,1,0,5,267.4670993593693
8,33,1,1,1,2,274.54493370393124
8,34,1,1,1,0,271.28093724140314
8,43,0,1,1,4,258.3469075886733
8,10,1,0,1,7,263.71392546568694
8,11,1,1,1,1,278.0281987866674
8,13,1,1,1,2,276.8922619835371
8,37,1,1,0,7,270.5175802367296
8,3,0,1,1,2,261.03709967800705
8,4,0,1,1,4,260.1636010060113
8,39,1,1,1,4,271.6019642707951
8,43,1,1,1,1,273.07436484032417
8,6,1,1,1,1,274.102732202591
8,15,1,1,0,7,272.1919424441503
8,46,0,1,1,2,257.9626684549072
8,58,1,1,1,3,275.7430090500981
8,59,1,1,1,7,290.0067184212261
8,54,1,1,1,2,276.4471040363995
8,30,1,1,0,3,264.8072466414193
8,10,0,1,1,2,260.72666550309646
8,24,0,1,1,0,261.2277111695089
8,49,1,0,1,2,261.83717278312736
8,29,1,0,1,5,264.7387607455053
8,43,1,0,1,6,264.50698818118116
8,53,1,1,0,6,264.6769456911898
8,18,1,0,1,3,262.11843362781934
8,20,1,1,0,1,265.08231453083056
8,57,0,0,1,3,240.49130849863178
8,26,1,1,1,6,284.069200012342
8,33,1,0,1,4,260.2516814501389
8,34,1,0,1,1,263.18616910310914
8,22,1,0,1,1,262.17976615750194
8,50,1,1,1,7,283.5194905781482
8,31,1,1,1,4,278.56280745090805
8,0,1,1,1,3,276.6546886989397
8,55,0,1,1,6,263.09790172429547
8,47,1,1,1,3,277.22706095933364
8,41,0,0,1,7,246.33858463604292
8,18,0,1,1,7,277.0252051775219
8,2,0,1,1,2,260.06934629075175
8,3,0,0,1,3,246.311170424164
8,16,1,1,1,2,277.384607514053
8,17,1,1,1,1,277.7110212051063
8,18,1,1,1,5,279.01400271737396
8,25,0,1,1,3,263.327820417754
8,50,0,0,1,1,244.68478825446888
8,2,0,1,1,1,259.3237135027621
8,21,1,1,0,5,266.22522019849765
8,43,1,1,1,2,271.8416652979321
8,48,1,1,1,6,270.4470031936055
8,49,0,1,1,4,256.0519572677753
8,52,1,1,1,6,276.725914748421
8,36,1,1,1,6,278.8534504608877
8,27,1,0,1,1,263.65399563096685
8,36,1,0,1,3,261.6442007635681
8,37,1,0,1,2,263.0814591610925
8,38,1,0,1,4,259.0047367793194
8,21,0,0,1,2,246.44325943694838
8,27,1,1,1,6,278.28798298812
8,49,1,0,1,7,277.01050621356205
8,39,1,0,1,1,262.0367658453372
8,34,0,1,1,7,275.66057331628656
8,29,1,0,1,2,263.67023521704937
8,47,1,0,1,5,257.49347314475335
7,17,0,0,1,2,248.39036264383122
7,20,1,0,1,0,259.43831968353715
7,21,1,0,1,1,257.0692678113977
7,25,1,1,0,0,253.62017691975117
7,26,1,1,0,1,257.30493149780534
7,27,1,1,0,5,263.2349492626997
7,29,1,1,0,0,257.0273129902049
7,30,1,1,0,1,257.90018538504364
7,32,0,1,0,0,242.32277149137155
7,36,0,1,0,1,241.16329594105284
7,45,1,1,1,6,279.1613885075383
7,46,1,1,1,3,278.66749262910935
7,50,1,1,0,0,257.2975648612764
7,51,1,1,0,0,258.276536636489
7,1,0,0,1,7,252.91977636037473
7,3,1,0,0,7,243.03442360589884
7,19,1,1,0,6,267.9016569716545
7,22,0,0,1,4,244.3395617456283
7,23,1,0,1,6,265.7378340356107
7,24,0,0,1,1,244.63832585833904
7,36,1,1,0,1,258.7437732645127
7,37,1,1,0,2,256.95436110251705
7,38,1,0,0,3,242.495959539466
7,41,1,1,0,7,271.35042535111677
7,48,1,0,0,4,243.8083303588702
7,59,0,1,0,2,247.8158281599099
7,5,0,0,1,3,244.081157059903
7,9,0,0,0,6,235.2577110964324
7,22,1,1,0,1,257.3660479970297
7,23,1,1,0,0,256.74187311246925
7,34,0,1,1,4,254.00748393737845
7,35,1,1,1,6,274.5474146550607
7,36,1,0,1,0,255.96023899396894
7,37,1,0,1,5,257.9964962891234
7,41,0,1,1,4,261.22344039982096
7,47,0,0,0,2,233.14059559380675
7,49,0,1,0,7,261.3260773481527
7,53,0,1,1,2,263.5029578597243
7,54,0,1,1,7,278.1886036522284
7,55,1,0,1,3,262.14976833145096
7,59,1,0,1,5,258.6255332069653
7,1,1,1,1,6,285.2767914563291
7,2,1,0,1,7,273.2540900486209
7,3,0,0,0,5,227.88955602874265
7,17,1,1,0,2,264.0171470396489
7,18,1,0,0,5,247.78004998117385
7,19,0,0,1,6,249.51540464641184
7,22,0,1,1,0,255.9315302620912
7,23,0,1,1,5,262.0594698217352
7,24,0,1,1,3,256.7905052450698
7,25,0,1,1,2,261.77288998942174
7,35,0,1,0,0,240.87284425121783
7,40,1,1,0,1,259.16016174797767
7,47,1,0,0,6,256.95714344786325
7,50,1,0,0,0,243.6165508249394
7,55,1,0,0,1,244.57484020137622
7,59,1,1,0,5,259.24840010181464
7,2,0,1,0,4,242.60442600444247
7,9,0,1,1,4,258.15376793082913
7,10,1,1,1,6,285.72408262014926
7,11,1,1,1,4,273.5693342385868
7,12,0,1,1,7,275.32378545768046
7,13,1,1,1,5,275.62893340621065
7,14,0,1,0,6,255.78748065807576
7,15,0,0,0,6,235.990290176127
7,19,0,0,0,5,236.84372960083374
7,24,0,0,1,4,243.52046018806647
7,25,0,0,1,5,246.5005269220054
7,29,1,0,1,2,260.02092137383903
7,30,1,0,1,0,254.08205864525132
7,31,1,0,1,3,259.2472330304067
7,32,1,0,1,2,262.34873710526483
7,33,1,0,1,4,257.5520263176219
7,34,0,0,1,1,244.9005970927498
7,48,0,1,0,4,248.30518694333466
7,51,1,1,0,3,262.884675258843
7,56,0,0,1,1,246.02282818647674
7,2,1,1,0,2,259.3406815350637
7,9,0,1,0,3,246.24055238961515
7,16,1,1,1,2,279.2341526526793
7,17,1,1,1,4,275.37056012339684
7,18,0,1,1,7,277.5493914912779
7,19,0,0,1,4,248.26883743079435
7,30,1,0,1,4,261.792208624923
7,32,0,0,1,2,246.34558810297202
7,39,1,0,1,2,260.0183545982274
7,40,1,1,1,6,273.7014504049321
7,41,0,1,1,6,261.86465170713046
7,42,0,0,1,2,243.33204975539846
7,43,0,1,1,6,271.51785323906284
7,44,0,1,1,0,255.83042602204503
7,46,0,1,1,2,261.61374647070926
7,53,0,0,1,1,243.779030221184
7,57,1,0,0,2,248.97874759691655
7,58,1,0,0,5,247.339206381372
7,25,1,0,0,4,242.62737117768427
7,29,1,0,0,7,246.81477266635272
7,31,0,0,1,1,243.05492293531142
7,32,0,0,1,6,245.45499064907474
7,34,0,1,1,7,254.71988020538427
7,35,1,0,1,3,263.3227834010611
7,38,1,0,0,6,251.24604530866088
7,43,0,0,0,1,229.9422388461436
7,47,1,0,0,7,245.71768691974427
7,54,0,0,1,5,247.81312338911593
7,0,0,1,1,5,259.9738145205025
7,1,0,1,0,0,241.2652473911908
7,10,0,1,0,3,248.70992704868667
7,17,0,0,0,1,230.76617746477257
7,21,0,0,1,4,245.78063166325995
7,32,1,0,1,1,260.2859482027425
7,34,1,0,1,4,259.07445459245105
7,35,0,0,1,0,241.88886533861333
7,36,0,0,1,6,243.84083073002662
7,39,1,1,1,0,269.17041829421595
7,44,1,0,1,0,258.76644233698346
7,45,1,0,1,2,263.30841626515684
7,46,1,1,1,6,277.53747841459506
7,48,0,0,1,1,244.80972448406513
7,58,1,0,1,2,261.29422349121637
7,59,1,1,1,0,270.5678944842394
7,0,1,1,1,7,289.48362083267875
7,4,0,0,1,3,244.1931674814321
7,5,0,1,0,4,242.95476296420756
7,7,0,1,0,0,240.85128302211746
7,13,0,0,0,3,232.52287068540508
7,27,0,1,0,4,245.20501204319555
7,32,0,0,0,4,228.30278195790942
7,34,0,0,1,3,244.89690562741774
7,37,0,0,0,1,227.6424236867774
7,42,1,0,0,6,259.8393533527339
7,48,1,0,0,5,245.06224233495269
7,54,1,0,0,7,257.21844746771137
7,55,0,1,1,3,264.10291715247905
7,19,1,0,0,2,250.11841632816268
7,23,1,1,0,7,272.2734585075601
7,24,1,1,0,7,272.2483069213894
7,27,1,1,1,1,273.20356487738906
7,28,1,1,1,2,274.93357874172676
7,31,1,1,1,3,275.5944673977824
7,33,0,1,1,4,256.78669902688034
7,35,0,0,1,6,243.43205645448148
7,36,0,0,1,7,257.8812468799252
7,38,0,1,0,1,243.06220632722582
7,40,0,0,1,4,244.8955502990684
7,55,0,0,1,4,245.34180580281074
7,56,0,0,1,6,247.06723733237533
7,57,0,1,1,5,260.14973838425647
7,8,0,1,0,2,243.3563415427639
7,10,0,0,0,6,241.8182700110203
7,18,0,1,0,5,247.54950436767743
7,38,1,0,0,7,247.24463270505032
7,39,0,0,0,5,227.36560691980762
7,40,1,0,0,1,244.62094442933673
7,45,0,1,0,7,250.33679251753676
7,49,1,0,0,5,247.4889162426204
7,58,1,1,1,6,276.372494302301
7,0,1,1,1,5,277.1958406284421
7,2,0,1,0,3,244.98055218148798
7,9,1,1,0,5,256.9549459972029
7,10,1,1,0,5,263.3541102343472
7,13,1,1,0,1,260.25784004878585
7,25,1,1,0,3,260.09400025140707
7,26,1,0,0,2,247.3557546243817
7,27,1,1,0,4,259.18620021508656
7,30,1,1,0,6,258.4450515470429
7,39,1,0,1,0,253.2594109063779
7,40,1,0,1,0,256.8781335771539
7,42,1,0,1,5,265.19346114760367
7,8,0,0,1,3,245.0806672384291
7,9,0,0,1,0,242.46212309677472
7,10,0,0,1,1,244.9690364303524
7,18,1,0,0,1,246.95025509715285
7,26,1,0,1,3,261.8578969104955
7,32,0,1,1,3,259.8290158978678
7,44,0,1,1,6,260.9599360669764
7,46,0,1,1,4,260.617608708874
7,47,0,1,1,1,262.6189429080582
7,51,0,0,1,5,245.42936407625666
7,55,0,0,1,1,247.4342130039511
7,59,1,0,0,6,244.7926994420456
7,6,0,1,0,0,239.7300364366896
7,12,1,1,0,6,263.15108593062644
7,15,0,1,0,6,248.75847182549495
7,18,1,0,0,0,245.33122545616558
7,20,1,0,0,7,261.5808985192653
7,32,0,0,1,0,242.73080818798113
7,34,0,0,1,7,244.47052979632252
7,36,0,1,1,0,251.25571547866048
7,39,0,1,1,6,266.9869180525432
7,41,1,1,1,0,273.7127629597217
7,43,1,0,1,4,263.0167498007518
7,44,0,0,1,3,250.73673236184638
7,47,0,1,1,3,264.2610795033245
7,49,1,0,0,4,249.8900855218628
7,52,0,0,1,7,244.7997767999276
7,53,0,1,1,4,258.64803777917376
7,54,0,1,1,6,267.12330373258027
7,55,0,1,1,2,263.45454588044515
7,4,0,0,0,1,228.02861719096424
7,6,0,1,0,1,240.83010588481048
7,9,1,1,1,4,273.8332886857458
7,11,1,1,1,1,275.4471025285132
7,17,1,0,1,7,279.3739640818387
7,23,1,1,0,6,259.541273683043
7,24,1,1,0,6,262.6270643227296
7,28,0,1,0,0,242.40851702849707
7,31,1,1,0,3,261.32062426629085
7,37,0,0,1,1,243.92714149856465
7,41,1,0,0,7,258.19084489842885
7,50,1,0,0,3,247.46963500378638
7,51,1,1,0,2,261.8034077312734
7,52,1,1,0,1,261.1681166746453
7,53,1,1,0,1,259.4159423602485
7,54,1,1,0,0,258.7630362046994
7,59,1,0,0,1,245.23577008577783
7,4,1,0,0,0,239.6659030737864
7,9,0,1,1,7,260.7539988873665
7,19,0,0,0,1,231.74007186991432
7,26,1,1,0,2,259.2879378725945
7,27,1,1,0,2,262.13013667830376
7,30,1,1,0,3,258.51855876654054
7,32,1,0,0,1,242.5970601529745
7,33,1,0,0,6,247.38823856056024
7,37,0,0,1,3,244.92613419214587
7,51,0,0,1,1,246.137855652219
7,55,1,1,1,5,274.7873659661809
7,56,1,1,0,3,262.74121411467536
7,10,1,1,0,4,261.9195505362509
7,11,0,1,0,6,247.80996954292226
7,13,1,0,0,5,248.4564363244988
7,16,0,0,1,5,246.75056833040946
7,18,1,1,0,1,263.508495806263
7,19,1,1,0,7,275.87931136277155
7,24,1,1,0,3,256.3978778715954
7,27,1,0,0,0,243.96895436656055
7,34,0,0,0,2,225.47862181872563
7,39,1,0,0,6,244.32607597781882
7,40,1,1,0,2,257.11539066862395
7,41,1,1,0,5,263.49925348419185
7,43,1,1,0,5,261.4459157898772
7,45,0,0,1,7,258.84391378750536
7,46,1,1,0,4,263.30202678697424
7,47,1,1,0,5,263.56787219032714
7,48,1,1,1,0,273.5529818670449
7,49,1,1,1,7,293.2991664468946
7,58,0,1,0,5,244.10084627880752
7,59,1,1,0,7,259.31560454468865
7,3,1,1,0,7,271.1620889926471
7,10,0,0,1,4,244.73045887893113
7,13,0,0,1,3,245.3740469481057
7,23,1,0,1,3,267.4644884638846
7,31,1,1,0,7,274.3024434562736
7,36,1,1,0,3,259.64196896378735
7,38,1,0,0,1,243.83550206797855
7,44,1,1,0,7,273.2940334413819
7,45,1,1,0,6,262.3841786435354
7,5,0,1,1,6,259.45142291155713
7,18,0,1,1,6,264.79230604806367
7,22,1,1,1,3,274.95118090416815
7,27,1,1,0,3,264.78534628676357
7,54,1,1,0,6,262.2146945124805
7,3,0,0,0,7,243.21943752936414
7,4,0,0,1,6,254.86358648881944
7,6,0,0,1,2,246.57089584659127
7,7,0,0,1,3,251.08368157687258
7,9,0,1,0,0,243.0183992833133
7,21,0,0,1,1,244.2452239294905
7,32,1,0,0,6,244.04949526869802
7,36,1,1,0,0,255.61477853404568
7,42,1,0,1,1,258.8657717632515
7,43,1,0,1,5,262.7659813076858
7,44,1,0,0,5,246.29578317848936
7,56,1,0,0,7,257.82660406448997
7,57,0,0,1,5,242.602031660444
7,1,1,0,0,5,243.07835160506568
7,29,1,1,0,7,258.6984440579855
7,40,1,0,1,3,260.1401727111497
7,41,1,1,1,2,277.69888857710333
7,42,1,0,1,4,263.1021196835099
7,47,1,1,0,3,263.64184915075145
7,48,1,0,0,2,242.21804131410462
7,54,1,0,0,5,245.61344199068006
7,55,1,0,0,3,247.64007011290204
7,0,1,1,1,2,276.16223059110735
7,2,0,0,1,5,242.61223014435458
7,4,0,0,1,4,244.0731634069463
7,5,1,0,1,1,257.64494653984497
7,18,1,0,1,5,259.8779711892963
7,30,1,1,0,5,260.13864241325103
7,1,0,1,1,1,257.99791146467453
7,4,0,1,1,4,254.14200418428442
7,6,0,0,0,5,235.40542914384633
7,12,1,0,0,3,248.54979561280985
7,13,1,0,0,6,248.7192305530173
7,16,1,1,0,1,260.7795493714271
7,18,1,1,0,7,269.13973528393507
7,21,0,0,1,7,259.05675551148033
7,22,1,0,1,0,260.7476233825514
7,24,0,0,1,0,240.98598749711624
7,26,0,0,1,6,246.23386032943313
7,27,1,0,1,6,260.3600144590646
7,28,0,1,1,5,261.29862963437387
7,32,0,0,0,1,228.10797049448306
7,38,0,1,1,3,262.9761560291204
7,45,1,0,0,2,248.6395037605389
7,48,1,1,1,6,275.7205109117227
7,50,1,1,1,2,275.98051578588706
10,0,1,0,1,7,74.84733046697892
9,12,0,1,1,5,262.25683124634304
9,47,0,0,1,5,243.94910768438822
9,30,1,1,0,4,255.05270269235425
9,17,0,0,1,3,246.6981833550904
9,5,0,1,1,1,262.4364881179439
9,19,1,1,1,6,272.6748871781515
9,27,0,1,1,0,259.31420096887456
9,34,1,1,1,6,269.1275903500104
9,55,0,0,1,4,240.05551910531386
9,48,1,1,1,5,273.14339830410563
9,20,1,1,1,5,273.57830639996337
9,18,1,1,1,5,277.25642091146904
9,24,1,1,1,5,274.945073940177
9,26,0,0,1,0,240.43976574982815
9,31,1,0,1,2,257.21921708446376
9,45,1,1,1,2,273.7923652253507
9,12,1,1,1,4,273.97053086664215
9,40,1,1,1,7,280.27905502903803
9,11,0,0,1,6,249.0752715539596
9,17,1,0,1,6,261.7932137996808
9,21,1,0,1,6,261.20550890274507
9,10,0,0,1,2,247.20018353408983
9,32,0,1,1,7,271.5851330140012
9,53,1,1,1,1,268.1303774889288
9,0,1,1,1,6,285.23025969213495
9,8,1,1,1,6,274.3396090822546
9,43,1,0,1,0,255.44036938588764
9,44,1,0,1,1,257.9815480902722
9,33,1,1,1,5,273.1720322875508
9,14,0,0,1,4,243.8806442793064
9,35,1,0,1,4,258.21082500213504
9,13,1,0,1,0,260.40544921844497
9,50,1,1,1,6,275.2084885904704
9,49,1,0,1,5,256.2160143445974
9,19,0,0,1,6,243.95145669335773
9,21,1,1,1,3,274.67198666992505
9,58,1,1,1,1,271.50807346674884
9,42,1,1,1,2,275.3365220136783
9,58,1,1,0,4,255.17586953878438
9,14,1,1,1,3,274.46772839440473
9,47,1,0,1,0,256.1324745272238
9,49,1,0,1,4,253.18532381697233
9,51,0,1,1,4,254.87482828262665
9,54,1,1,1,5,269.7443644296097
9,51,1,1,1,1,267.08049206772415
9,27,1,1,1,5,276.4701434164299
9,44,1,1,1,5,271.49601573869387
9,12,0,1,1,6,262.8046030880685
9,46,1,0,1,6,261.2216969406622
9,27,0,1,1,6,262.9936200140081
9,28,1,1,1,4,272.56593703711354
9,56,1,1,1,5,269.85689347810717
9,4,1,0,1,4,264.03995715722937
9,33,0,1,1,4,257.02121197970393
9,34,1,1,1,5,269.51237318378344
9,46,0,1,1,6,257.9889880027091
9,13,1,0,1,5,262.21551898463207
9,29,1,1,1,5,275.08262512989654
9,26,1,1,1,4,270.1751019404504
9,56,1,1,0,6,260.80203186068627
9,20,1,0,1,2,258.26680963462746
9,22,1,1,1,1,274.8854898755048
9,27,0,0,1,7,250.24773954702889
9,22,1,0,1,0,257.67715962407067
9,24,1,0,1,3,258.048523125135
9,7,1,0,1,0,255.50802924835241
9,9,1,0,1,1,259.08916960315514
9,54,1,1,1,7,270.55065834988454
9,55,1,0,1,4,256.84328167835105
9,56,1,0,1,4,259.2799343115225
9,51,1,0,1,0,254.27638885622403
9,52,1,0,1,4,256.37979747718066
9,4,1,1,1,7,278.6137024917356
9,48,1,1,1,0,266.74214021547306
9,49,1,1,1,0,270.34024529931554
9,50,1,1,1,4,273.4018613778614
9,37,1,1,1,7,287.66058888369133
9,45,1,1,1,6,288.2030433167993
9,46,1,1,1,0,268.7070521432645
9,31,1,1,1,5,281.1601459009917
9,40,1,1,1,5,271.3120381979044
9,56,1,1,1,4,269.86386545796466
9,1,1,0,1,7,274.21493617002085
9,26,1,0,1,5,262.80608615759706
9,53,1,1,1,3,271.55582494689435
9,50,1,1,1,1,274.0156538209623
9,14,0,1,1,0,259.0671448800984
9,4,1,1,1,2,277.9598819213711
9,33,1,1,1,0,267.6761662352717
9,34,1,1,1,0,269.2634840481702
9,36,0,1,1,7,273.83061541137175
9,35,1,1,1,4,274.28613797091276
9,21,1,1,1,4,277.1261086098992
9,24,0,1,1,0,257.2301387261126
9,7,1,0,1,6,262.38572310865294
9,9,1,1,1,1,272.03026984749295
9,11,1,1,1,5,274.15602609821974
9,31,0,1,1,0,257.21340271323606
8,51,1,0,1,5,263.77140537528106
8,58,0,1,1,4,262.325606230903
8,48,1,1,0,0,253.99566387001803
8,17,1,0,1,1,262.8269262530095
8,25,0,1,1,0,262.08013596037773
8,6,1,1,1,3,278.180681122419
8,50,1,0,1,7,282.00791351018984
8,52,0,1,1,6,262.5206073918826
8,0,1,0,1,4,255.01187430522333
8,59,1,1,1,2,278.0558096052858
8,13,0,1,1,6,261.6955465208076
8,16,1,0,1,0,260.8553181648931
8,48,1,0,1,5,259.67470260384596
8,47,0,1,1,5,261.74339922822674
8,51,1,1,0,0,256.35917310269997
8,52,1,1,0,0,253.69241477641833
8,33,1,1,1,0,271.80131259501627
8,38,1,0,1,5,261.5634784112101
8,52,0,0,1,2,242.81545328119643
8,40,1,0,1,2,259.0807433184588
8,32,1,0,1,2,262.8356977499613
8,33,1,1,1,1,276.15304653584735
8,8,0,1,1,5,265.3894338605203
8,53,1,1,0,7,257.8749869682504
8,29,0,1,1,6,262.6372223226321
8,33,1,1,1,3,284.85201998683124
8,35,0,0,1,6,246.4737309362896
8,58,0,1,1,5,261.69843736256934
8,19,1,0,1,4,262.77557262111867
8,56,1,0,1,7,264.5819250729991
8,24,1,1,1,5,279.3811961975009
8,9,0,0,1,5,245.3176810690828
8,10,1,0,1,4,264.2451622484838
8,11,0,0,1,4,246.3944607546564
8,23,1,0,1,2,262.0606536454952
8,7,1,1,1,6,280.00682757403035
8,8,0,1,1,2,264.7407625741808
8,17,1,0,1,6,261.81798288436016
8,18,1,1,1,6,280.951831269726
8,14,1,0,1,7,263.0944863242626
8,3,1,1,1,7,284.88425708255613
8,57,1,0,1,2,256.5189551881509
8,59,1,0,1,3,261.20792327016306
8,10,1,1,1,7,282.61904520906864
8,29,1,1,1,3,277.3659354754536
8,0,0,0,1,6,248.78019608783424
8,44,1,0,1,1,259.7986488670416
8,38,0,1,1,7,260.28519402684555
8,2,0,1,1,0,258.6600045758391
8,36,0,1,1,7,268.8666303671736
8,43,0,1,1,1,256.951627934968
8,33,0,1,1,0,259.5303265115612
8,34,0,1,1,4,262.538669983264
8,7,1,0,1,3,264.98931968713777
8,10,0,1,1,4,263.4894972186204
8,3,0,1,1,5,258.2454785998975
8,8,1,0,1,4,259.38698640645583
8,42,1,1,1,0,266.3487737582765
8,28,0,1,1,6,264.73058916006585
8,22,1,0,1,3,261.4776450837133
8,2,1,0,1,3,261.2312060668802
8,40,0,1,1,6,272.7992676660804
8,46,1,0,1,3,264.6217143722489
8,1,1,1,1,5,276.3119452629109
8,15,0,1,1,1,263.88290110047944
8,35,1,0,1,0,259.15161927512094
8,44,1,1,1,5,280.69485058246477
8,57,1,1,1,5,273.067140075469
8,21,1,0,1,6,262.2890827350719
8,3,1,1,1,1,278.24305148134147
8,5,1,1,1,6,280.0268048460367
8,52,1,0,1,4,258.0836215705391
8,32,1,0,1,4,266.59887127710255
8,34,0,1,1,0,261.58674051269674
8,17,0,1,1,3,261.27260288909497
8,23,1,0,1,4,262.55602631713793
8,31,1,0,1,6,265.77954462777575
8,26,1,1,1,5,276.6465600091991
8,45,0,1,1,2,257.10847788283087
8,46,0,1,1,6,263.26007751865575
8,42,0,1,1,7,274.2292875124788
8,48,0,1,1,3,258.4334100516402
8,20,0,0,1,6,246.26430631380165
8,18,1,0,1,1,261.2379258588951
8,36,1,0,1,5,263.2530761343421
7,51,1,1,1,0,270.1717592693649
7,52,1,1,1,7,293.2473941499506
7,58,0,1,1,5,261.52140133701266
7,15,0,1,0,4,248.62466657625293
7,26,0,0,0,7,241.47994881725737
7,29,0,0,0,0,227.2857701938553
7,31,1,0,1,5,259.34500678360644
7,36,1,0,0,0,243.18600933277617
7,39,1,0,0,7,255.97485042321776
7,50,1,1,0,5,261.52325466224966
7,51,1,1,1,3,280.5589387547555
7,14,0,0,1,1,246.9182349284814
7,19,0,1,1,0,257.3263166438082
7,21,0,1,1,7,274.56872563464196
7,34,1,0,0,6,241.8210787368427
7,39,0,0,0,0,225.39453090729148
7,43,0,1,1,2,262.04787835586575
7,44,0,0,1,4,247.5293037082356
7,49,0,1,0,3,248.7545409443228
7,58,0,0,1,0,243.96293114163615
7,59,0,0,1,4,242.38203180150012
7,0,1,0,1,4,258.5261078716445
7,2,0,0,1,7,254.42477864730694
7,24,1,0,0,6,257.3464806396289
7,35,1,1,0,0,257.7968564249071
7,53,1,0,0,3,246.2456617929803
7,54,1,1,0,5,260.1344243508484
7,58,1,1,0,4,259.82323654860915
7,15,0,1,1,6,261.1650717967011
7,21,0,1,0,6,244.92829530678372
7,40,0,1,0,3,247.2615293076189
7,44,0,1,0,0,245.42448747833703
7,49,0,1,1,2,259.5701297333054
7,50,0,0,1,1,242.82132009936313
7,58,0,1,1,3,265.03774274821717
7,28,1,1,0,1,258.4705652803472
7,31,0,1,0,4,244.00737219865601
7,57,1,0,0,1,243.9380960319543
7,58,1,0,0,1,244.5358605465258
7,18,1,1,0,6,275.8505326778393
7,20,0,0,0,0,230.41618424563433
7,24,0,1,0,0,241.56804255818713
7,26,0,1,0,7,259.5733480004503
7,28,0,1,0,5,242.9624898372247
7,34,1,0,1,1,259.95325615727893
7,35,1,0,1,0,257.3045723191577
7,38,1,0,1,7,268.7634379080861
7,58,1,1,0,1,258.06279442823586
7,59,1,1,1,5,275.67370625963804
7,0,1,1,0,2,260.091733450689
7,4,0,0,1,5,243.3881904423772
7,6,0,0,1,6,254.9066873541121
7,9,0,1,1,3,271.40367968633944
7,12,0,0,1,1,246.0628677614401
7,19,1,0,0,6,257.1016416434476
7,26,0,0,1,1,246.61575788067222
7,32,1,0,1,3,262.942369207119
7,42,1,1,1,3,278.7651962412374
7,53,1,0,1,4,261.6024069080466
7,59,0,0,1,3,246.1040631955335
7,21,1,0,1,5,265.3676977304965
7,28,1,0,0,0,241.25352116411534
7,46,1,0,0,3,247.49764779189115
7,48,1,0,0,7,256.8922675855694
7,52,0,0,1,2,245.4805319198038
7,54,0,1,1,5,263.88432646587455
7,58,0,0,1,7,259.0365280368235
7,2,1,0,0,5,245.45225940790516
7,6,1,0,0,5,243.42693456779242
7,17,1,1,1,2,275.4427299183865
7,18,1,0,1,3,259.6295592626331
7,19,1,1,1,1,274.52012635124925
7,20,1,1,1,7,291.4955796438703
7,28,0,1,1,3,261.69756864833977
7,30,0,0,1,1,242.11491968730988
7,34,1,0,0,3,241.85374588969518
7,35,1,0,1,7,271.67934236264347
7,41,1,0,0,3,243.36221060323896
7,52,1,0,0,5,248.72467116739136
7,0,0,1,1,7,268.2846469281253
7,7,0,0,1,6,244.87324058067708
7,9,0,1,1,1,260.1825577422773
7,19,1,0,0,5,248.3529890664578
7,26,1,0,0,5,245.0734293946283
7,32,1,0,0,5,242.7597691376784
7,33,0,0,1,0,242.44197105490701
7,36,0,1,1,1,258.6830799028267
7,37,0,1,0,5,244.05420917605397
7,41,1,0,1,1,260.467203963198
7,55,1,1,0,5,262.23651408887275
7,7,0,1,0,5,242.79999328381783
7,15,0,0,1,6,246.23087504846401
7,16,1,0,1,4,261.6089157124376
7,17,0,0,1,3,249.38523954030836
7,39,1,1,0,2,261.33094185396607
7,40,1,1,0,7,272.38324802521703
7,45,1,0,0,6,250.2046425985532
7,48,0,1,0,3,257.7403353629885
7,54,1,1,0,1,258.3138460831241
7,6,0,0,1,7,244.04540375683337
7,8,1,1,1,1,272.6689252000293
7,9,1,1,1,3,272.8263708584119
7,10,1,0,0,0,240.21280482081477
7,16,1,0,1,2,262.05278996712
7,17,1,0,1,6,263.36609499465726
7,19,0,0,1,7,251.70325897726883
7,23,1,0,0,5,248.36602382275564
7,26,1,1,0,6,260.03718542583533
7,34,0,0,1,2,246.04410511098777
7,36,1,0,1,4,256.5137670369119
7,38,1,0,0,5,246.07075063150774
7,39,0,0,1,2,243.73661100308652
7,41,1,1,1,1,273.947573055194
7,48,0,0,1,5,247.0217921251783
7,1,0,0,0,6,233.61148733974179
7,7,0,1,0,3,244.21390197262812
7,38,1,1,0,2,256.5153020131989
7,43,0,0,1,1,244.7856001695164
7,55,1,0,1,7,263.15712980664534
7,58,1,0,1,1,259.508082998587
7,9,1,1,0,6,262.13612626915085
7,13,0,0,1,5,243.8631530040677
7,21,0,1,1,1,260.89334040835286
7,22,0,1,0,6,246.21915519623917
7,30,0,0,1,3,242.62084830632787
7,38,0,0,1,4,245.89612724155072
7,39,0,0,1,6,244.66554426537098
7,40,1,1,1,4,273.58606845684096
7,51,0,0,1,7,264.35163943264183
7,52,1,0,1,4,257.64570263759254
7,53,1,0,1,2,262.56717099213756
7,55,1,1,1,4,278.5940532122142
7,57,0,1,1,2,261.7102329474781
7,59,1,0,1,4,257.943182126055
7,0,0,0,1,7,255.16572288211734
7,1,1,1,0,4,254.58184229064224
7,3,1,1,0,5,260.04618360204614
7,9,1,0,1,6,256.6684548758589
7,10,1,1,1,2,273.6257875754998
7,11,1,0,1,1,257.426908558755
7,20,1,0,1,1,255.9747882644591
7,23,0,0,1,7,257.6665729878068
7,52,1,0,1,6,272.3985099624657
7,12,1,1,1,6,270.7856250154678
7,13,0,1,1,7,272.92197785114894
7,20,0,1,1,7,277.2975039574196
7,21,0,1,1,2,263.0419475367032
7,22,0,0,1,6,246.55458572010184
7,23,0,1,1,3,258.45702777445314
7,25,0,1,1,5,261.5224548753359
7,26,1,1,0,7,268.92003008955066
7,42,1,1,1,5,279.1622824525673
7,47,1,1,0,6,264.2683182479137
7,16,1,1,1,3,291.38080554538243
7,29,0,1,1,0,258.5764729894255
7,47,1,0,0,5,249.59676502362444
7,49,0,0,1,4,243.44156750047023
7,50,0,0,1,0,243.90048165787647
7,52,0,0,1,5,244.7361494386421
7,53,1,0,0,1,243.9321629134808
7,54,1,0,0,6,245.474594025335
7,3,0,1,0,5,241.22689652558012
7,31,0,0,1,0,242.86487046271654
7,38,0,0,1,6,243.62736687913429
7,39,0,1,1,0,254.25146373525064
7,42,0,1,1,6,270.82836744146823
7,44,0,0,1,7,259.6132868098148
7,45,0,1,1,4,258.40700327689774
7,49,1,1,1,2,280.14767812443847
7,50,1,0,1,2,271.7510858364161
7,51,1,0,1,2,260.44239783184736
7,56,1,1,1,3,276.785308821077
7,57,1,0,0,4,245.5143954339714
7,14,0,1,1,3,262.07837693922284
7,30,0,0,1,4,243.76394396410262
7,31,0,0,1,3,244.01819149623196
7,33,0,1,1,5,258.69086220831207
7,35,1,1,1,1,274.5757789471434
7,52,1,1,0,4,262.4197252604307
7,54,1,1,1,3,274.5240020366757
7,2,1,0,1,4,259.7443773710483
7,3,0,0,1,5,243.51570117375837
7,6,1,1,1,6,289.20961595503263
7,8,0,0,1,6,244.94612275543736
7,9,0,0,1,1,244.54896573989413
7,12,0,1,1,5,264.2758924307829
7,15,0,1,0,5,253.40965724650215
7,16,1,1,0,2,262.30710647337895
7,20,0,1,1,2,258.38272426409264
7,21,0,0,1,3,247.89952565252386
7,28,0,0,1,3,245.66542353429404
7,30,1,1,1,2,276.5811418535797
7,32,0,0,1,5,247.25854229930326
7,33,1,0,1,1,261.59684457807117
7,42,0,1,1,4,260.4351297208184
7,43,0,1,1,4,260.88027244478576
7,58,0,0,1,1,244.41014934721116
7,8,0,1,1,3,258.9547492493565
7,10,0,0,1,0,241.23029700943576
7,11,0,0,1,4,244.84885493891352
7,13,1,0,1,7,261.33578783974497
7,33,1,1,0,4,261.33479047486287
7,42,1,0,0,5,243.26354571739
7,46,0,0,0,1,230.68326449138962
7,1,0,0,1,2,242.97904985033037
7,7,1,1,0,5,261.7874450107702
7,8,0,1,1,1,258.4274246071195
7,10,1,1,0,1,260.0263747675645
7,13,1,1,0,6,259.97478130845764
7,21,0,1,1,6,264.9839909144606
7,28,0,1,1,7,271.0888382167938
7,29,1,0,0,6,252.09354844331196
7,36,0,1,1,6,259.99025556031984
7,38,1,1,1,3,273.3004638808775
7,41,1,1,0,2,261.4377065594545
7,43,1,1,0,4,262.03458094517094
7,44,1,1,0,2,261.9084174804787
7,2,1,1,0,1,256.3939925776089
7,8,1,1,1,3,271.7950809720752
7,15,1,1,0,6,274.0687781452708
7,18,0,0,1,0,243.72263145476103
7,48,0,1,1,7,273.31552131249043
7,50,0,0,0,2,230.76771786546468
10,0,1,1,0,7,133.92801958919023
9,9,0,1,1,3,265.54599389522866
9,38,1,0,1,2,259.3233311295115
9,34,1,1,1,1,271.4947984833433
9,38,1,0,1,6,256.9439866869795
9,42,1,0,1,3,268.01327923323714
9,47,1,0,1,1,255.93064902246255
9,51,1,0,1,4,254.57418713231078
9,18,1,1,1,2,276.63906422044596
9,19,1,1,1,1,273.4036450657238
9,22,1,0,1,3,260.426264192863
9,6,1,1,1,7,275.27873173611016
9,27,1,0,1,4,256.59247141247175
9,29,1,0,1,7,263.847426060081
9,48,1,0,1,5,258.0332924998633
9,40,0,1,1,3,260.35128199596653
9,28,1,0,1,5,257.8225004315003
9,27,1,1,1,3,275.0596216702194
9,24,1,0,1,5,257.241029690985
9,59,0,1,1,0,256.1143896543318
9,14,1,0,1,6,261.24084564618784
9,59,0,1,1,7,270.1497946753639
9,18,1,1,1,7,295.2128272308308
9,52,0,1,1,4,257.2079575114893
9,6,0,1,1,4,259.36013073106085
9,46,1,0,1,2,260.38241256684597
9,55,1,0,1,6,254.7013750040723
9,24,1,0,1,4,256.3296246680586
9,25,1,0,1,2,257.4836186180923
9,32,1,1,1,3,273.0983234191515
9,19,1,1,1,0,273.5184659312767
9,30,1,1,1,5,272.3196141764181
9,56,1,0,1,7,275.02654028018094
9,28,1,0,1,4,257.73224753887234
9,22,0,1,1,6,260.2257610365164
9,43,1,1,1,7,286.903163063318
9,53,1,0,1,2,253.75020515110236
9,57,1,1,1,0,267.06287155444545
9,13,1,1,1,6,274.8994085648924
9,44,1,0,1,5,258.2244061589786
9,49,0,1,1,5,256.3575612538275
9,17,1,1,1,5,273.7963427541947
9,18,1,1,1,0,270.47101081886814
9,8,0,0,1,4,245.07460183372197
9,46,0,1,1,5,256.3617243365297
9,52,1,0,1,6,255.95369887482124
9,42,1,0,1,2,260.76542798376295
9,5,0,1,1,2,260.177440624508
9,26,1,1,1,3,270.339241019014
9,5,1,1,1,3,278.3888661408148
9,25,1,0,1,5,260.45420269443537
9,38,1,1,1,7,272.8845391697817
9,40,1,1,1,0,268.0249501524248
9,41,1,1,1,2,273.57244243347446
9,56,0,1,1,4,256.04305552376525
9,28,1,1,1,7,291.1912148472459
9,58,0,0,1,2,241.71026750032775
9,13,0,1,1,4,262.22278096087945
9,15,1,1,1,6,279.6122553393914
9,16,1,1,1,1,274.0595169677351
9,29,1,1,1,2,274.83249400495794
9,30,1,0,1,6,256.1627475990762
9,53,1,0,1,1,253.82653510287233
8,8,1,1,1,3,282.95370704590954
8,9,1,1,1,2,278.6544858345715
8,11,1,1,1,5,277.9693780710883
8,10,1,1,1,1,278.6135645656856
8,5,1,1,1,5,279.99550821303455
8,23,1,1,1,4,280.5790866531215
8,47,1,0,1,2,257.80124481277204
8,6,1,0,1,6,264.00478898916214
8,51,0,1,1,7,259.24811016941703
8,22,0,1,1,3,266.15938796034214
8,31,0,0,1,4,248.5358323715103
8,38,1,1,1,3,272.5014013704637
8,51,1,1,1,7,287.3342205581334
8,0,1,1,1,0,271.9349073582932
8,7,1,0,1,5,264.7830080782305
8,12,1,1,1,0,276.7930376710132
8,13,1,1,1,3,278.8465138603073
8,16,0,1,1,6,265.1376512420494
8,5,1,1,1,7,288.89596306174013
8,36,1,0,1,2,260.92372193433835
8,40,1,0,1,5,260.232713590329
8,43,1,0,1,7,280.37933061509284
8,49,1,1,1,3,274.4863697622958
8,17,0,1,1,1,264.31416007275016
8,21,0,1,1,6,263.86586554834975
8,18,1,1,1,0,277.7606279845889
8,20,1,1,1,4,277.31682995534663
8,42,1,0,1,4,256.77947599046445
8,43,1,0,1,5,262.5217977505625
8,55,1,1,1,7,282.69432431736794
8,57,1,1,1,1,272.38528666728746
8,5,0,1,1,1,261.13744853475987
8,51,0,1,1,3,259.0447353831668
8,41,1,0,1,2,258.90501611729246
8,54,1,1,1,3,278.73769419584664
8,13,1,1,1,7,280.5115719030633
8,4,0,1,1,7,266.17204204706326
8,21,1,0,1,0,259.4195633639318
8,22,1,0,1,6,270.1510566139718
8,20,1,0,1,3,265.3386502472984
8,49,1,0,1,4,259.9328046895045
8,9,1,1,1,5,280.7516437496185
8,2,1,1,1,7,280.06533330586643
8,25,1,1,1,6,279.51775891861854
8,26,1,0,1,4,263.779082357543
8,33,1,1,1,6,274.5935402649835
8,22,1,0,1,7,262.97636608539966
8,26,1,1,1,7,277.1071574878432
8,27,1,0,1,7,267.2809560924995
8,5,1,0,1,1,264.55206550835777
8,32,1,0,1,7,278.71955401856155
8,22,0,1,1,4,266.77922043347013
8,28,1,0,1,3,265.47729054080946
8,55,1,1,1,0,271.68964704494164
8,56,1,1,1,6,277.31491081332604
8,58,0,1,1,2,258.2668479322283
8,59,0,1,1,3,259.65355514362477
8,52,1,1,1,3,276.4259166380807
8,37,1,0,1,3,258.14253548412955
8,16,1,1,1,5,279.66294248675564
8,50,1,1,1,2,272.17757046190343
8,35,1,1,1,2,276.89284481380946
8,37,1,0,1,0,257.4178524472325
8,15,1,1,1,5,277.33042048197285
8,8,1,0,1,3,264.7759420314538
8,50,1,0,1,3,266.2526328797989
8,2,0,1,1,4,259.4678544286808
8,19,1,1,1,4,278.0159417720034
7,43,1,0,0,4,245.9735585964533
7,3,0,0,1,1,241.286119249307
7,5,1,0,0,7,254.11059305584757
7,11,1,1,0,4,258.8520339041942
7,20,0,0,1,0,243.86651397999466
7,35,1,0,0,1,242.3611642883345
7,40,1,1,1,0,268.81129947400217
7,42,1,0,1,7,271.19447073373664
7,51,1,0,0,5,249.63860952963364
7,54,1,0,1,1,259.3360719434853
7,0,0,1,1,2,258.7410920027527
7,5,1,0,0,6,243.17506026214238
7,9,1,1,0,7,271.88858859000123
7,12,1,1,0,3,261.74880323333645
7,15,1,1,0,4,259.02783132997155
7,20,1,0,1,2,261.61140687248457
7,21,1,1,1,5,279.73746551303213
7,24,1,1,1,5,277.8153868415648
7,37,1,0,1,3,258.5106379997013
7,39,1,1,0,6,262.50071274017665
7,42,0,0,0,1,228.2447902987254
7,43,0,0,0,4,226.8924771614473
7,45,0,0,1,5,248.40315658449256
7,52,1,1,1,5,278.69771380530045
7,53,1,1,0,7,276.8594257364316
7,9,1,0,0,7,259.24087148701483
7,14,0,1,0,1,246.18655720942837
7,59,1,1,0,3,260.5514666861657
7,16,0,0,1,1,245.33698628673423
7,34,0,1,1,1,254.94911625472156
7,35,0,1,1,4,256.7028733763974
7,36,1,1,1,6,277.1735927262812
7,39,1,0,1,7,267.703431240315
7,53,1,1,0,3,261.35726078170325
7,13,0,1,1,0,258.90901235900327
7,15,0,1,1,0,255.97429238795493
7,21,1,0,0,2,243.35466023886485
7,50,1,0,1,4,259.4735182210244
7,52,0,1,1,0,260.4317595436834
7,53,0,1,1,3,264.3674360038483
7,7,1,1,0,3,260.5195138737195
7,8,1,1,1,2,270.3541756729066
7,19,1,1,1,0,273.14944872033215
7,20,1,1,1,6,276.30689853811225
7,36,1,1,1,7,286.28824269606656
7,40,1,0,0,6,253.00989149720718
7,42,1,1,0,7,261.3390188767786
7,45,1,0,0,0,244.5940346318459
7,48,1,1,0,5,263.5416690645781
7,12,0,0,1,0,238.27279251510265
7,22,1,1,0,0,255.72795472865604
7,35,0,1,0,4,242.7926937777063
7,36,1,1,0,4,257.42827062070234
7,38,1,1,0,6,260.0698648083238
7,50,1,1,1,0,264.34816436159787
7,52,1,1,1,0,272.0039392525818
7,53,1,1,1,0,270.1878904206228
7,54,1,1,1,5,275.281085102368
7,56,0,1,1,7,277.45023931695243
7,0,1,0,0,4,245.88105059131868
7,3,1,1,0,3,259.28573550285756
7,5,1,1,0,3,257.4023296243836
7,8,1,0,1,7,272.7571269248684
7,31,1,1,0,2,261.36487946433783
7,37,1,0,1,2,257.80336111564213
7,38,1,1,1,6,276.51300832571656
7,1,1,1,0,2,260.39974520374216
7,14,0,0,1,0,242.98984021377336
7,23,1,1,1,5,274.64741681685365
7,26,1,1,0,3,260.935214638042
7,28,1,0,0,5,244.89320874939085
7,33,1,1,0,5,261.81063112016636
7,47,1,1,1,6,276.41823357647263
7,51,0,0,1,0,242.89130290138004
7,58,0,1,0,1,243.1889538976733
7,59,0,1,1,2,256.974160058362
7,0,0,0,1,2,243.63182123817097
7,5,1,0,0,5,243.66097505543766
7,17,1,1,1,0,272.7252873294111
7,18,1,1,1,1,275.5430839060282
7,22,0,0,1,7,260.58211213583695
7,26,0,1,0,0,242.41076768387956
7,28,1,1,1,6,275.55079508468134
7,29,0,1,1,6,259.88161322887976
7,30,0,1,1,7,273.6505313019708
7,44,0,0,1,2,247.05948451970363
7,46,0,0,1,3,250.3281960291835
7,48,0,1,0,1,245.04420190735814
7,50,0,1,1,0,257.2774564401854
7,52,0,1,1,6,263.658577802695
7,53,1,1,1,4,276.4178818816207
7,6,1,1,1,0,268.72759700358915
7,8,0,0,1,1,243.78203830107125
7,17,0,0,1,1,247.78116961277442
7,22,0,1,1,3,268.9797060859513
7,27,0,1,1,1,258.02782593402037
7,31,1,1,0,6,264.2434380426864
7,48,1,1,0,4,261.63187155573803
7,54,1,1,1,2,277.2152061934063
7,58,1,0,0,2,244.8643833598303
7,59,1,0,0,4,245.0145056109444
7,19,1,0,1,0,257.7580927504693
7,39,1,0,0,0,241.338720884385
7,54,1,0,0,3,245.72916553948966
7,4,1,1,0,4,257.11090921333584
7,8,0,0,1,4,244.8965462284339
7,11,1,0,1,4,257.4587597629212
7,12,1,0,1,4,257.3535530030258
7,15,1,0,0,2,250.35724246633802
7,25,1,0,0,0,242.2331404372719
7,30,1,0,1,7,275.841416008085
7,51,0,1,1,6,258.80492963919903
7,59,1,1,0,0,256.9131039924574
7,10,0,1,1,2,258.2761725858399
7,25,0,1,1,3,261.63721634539183
7,28,0,1,1,0,258.0641466522434
7,29,0,1,1,4,260.06098141108833
7,30,1,1,1,0,269.9471142340776
7,31,1,1,1,7,277.41088738990516
7,38,0,0,1,1,244.58658979573516
7,46,1,1,1,7,283.57984886161984
7,52,0,0,1,6,244.07311165753777
7,53,0,1,1,1,262.2549842929674
7,59,1,0,1,2,258.61203536321716
7,1,0,1,1,4,258.0552033851058
7,2,0,1,1,4,258.4693085635162
7,3,1,1,1,7,288.8154626345407
7,9,0,0,1,5,245.84204966854182
7,25,1,0,1,0,256.2505421790903
7,40,0,0,1,1,246.48235376564998
7,55,1,1,0,6,263.0919182807849
7,5,1,1,0,0,256.5282175496744
7,7,1,1,1,2,273.14231000241585
7,11,1,1,0,6,258.24572164061914
7,25,1,0,0,6,247.90983086554564
7,50,1,1,0,6,259.5744297525357
7,4,0,1,1,3,258.0184859901142
7,18,1,1,0,0,259.06751173916547
7,41,0,0,1,2,246.31735733192778
7,43,1,1,1,5,276.11852600282646
7,56,1,0,1,7,267.58739843527445
7,13,1,1,0,5,261.1132564702448
7,22,0,0,1,1,246.25929048955774
7,6,1,1,1,1,274.7043026718518
7,12,1,1,0,5,261.0261748853176
7,32,1,0,1,4,261.53859913861544
7,33,0,0,1,5,243.1604554577002
7,41,0,1,1,0,256.550078807498
7,42,0,1,1,3,260.42091733674243
7,0,1,0,1,1,256.8686509485478
7,17,0,1,1,5,263.70630136623095
7,29,0,0,1,2,245.79352517327266
7,37,1,0,1,7,263.7114071544018
7,38,1,0,1,2,261.0982923572799
7,39,1,1,1,7,271.33977627472075
7,4,1,1,1,2,266.33101584536763
7,51,1,1,0,4,260.49176295324634
7,5,1,0,1,2,259.3332324566788
7,6,1,0,1,5,260.5217839499018
7,9,0,1,0,4,243.4702840719237
7,16,0,1,1,1,261.14855593852445
7,27,1,0,1,7,262.4885468305034
10,0,0,0,0,5,196.48800190536537
9,29,1,1,1,3,276.12413549374895
9,47,1,0,1,6,257.2622469998518
9,11,1,0,1,0,260.48105608791
9,59,1,1,1,3,269.5095326511485
9,14,1,0,1,7,275.9839981930604
9,33,0,1,1,1,257.30968946416806
9,17,0,0,1,7,256.9878216940459
9,41,1,0,1,3,262.2407749086381
9,38,1,1,0,7,274.5732314655582
9,32,1,1,1,4,275.6298489366862
9,32,0,1,1,1,258.1014225776419
9,41,1,1,1,6,272.4341949522551
9,58,1,1,1,2,277.6619027005251
9,1,1,1,1,1,272.45228602516823
9,23,0,1,1,1,258.06978357545125
9,20,1,1,1,1,273.75293529061537
9,27,1,1,1,1,274.89010618135853
9,18,0,1,1,0,257.2392341448646
9,4,1,1,1,0,274.53542264494837
9,5,1,1,1,1,275.2244677782067
9,36,1,0,1,2,258.3714730177724
9,37,1,1,1,6,275.17600591904903
9,5,1,0,1,7,277.58572744657533
9,52,1,1,1,3,270.8012768767262
9,15,0,1,1,6,259.5033354799269
9,35,1,1,1,2,274.46879114889884
9,47,1,1,1,0,270.0895726633353
9,48,1,1,1,2,271.7278185704671
9,2,1,0,1,1,259.03137173957896
9,3,1,1,1,1,273.75692585969716
9,48,1,0,1,4,256.7519233967828
9,51,1,1,1,6,273.7017285504863
9,4,0,0,1,6,247.135345175699
9,1,1,0,1,2,256.30248664510526
9,39,1,1,1,5,273.28388950688
9,41,1,1,1,0,270.7517248927379
9,43,1,1,1,6,275.647568123289
9,43,1,1,1,5,273.5270562236204
9,44,1,0,1,2,257.5055280054642
9,45,1,1,1,5,273.4364858977337
9,47,1,1,1,6,271.34494099099504
9,0,1,1,1,4,272.48374173109505
8,20,0,1,1,6,261.6834781842102
8,34,1,0,1,0,258.5467039982988
8,17,1,0,1,3,262.3530195897818
8,39,1,1,1,7,287.9623128249369
8,16,1,0,1,4,261.8699976068037
8,29,0,1,1,5,268.1922129831657
8,57,1,1,1,2,273.9347636819398
8,11,1,1,1,4,278.8414992097104
8,23,0,0,1,2,247.57464247493752
8,6,1,0,1,3,264.76083795430714
8,38,0,1,1,4,260.62551316630135
8,47,0,1,1,2,257.5570705836696
8,59,0,1,1,7,263.706402818089
8,42,1,1,1,7,286.5123562909596
8,51,1,1,1,4,273.82902426385647
8,52,1,1,1,1,273.2712383666159
8,51,1,1,1,1,273.1258560586612
8,45,1,1,1,2,274.3279203688992
8,2,1,0,1,1,261.8766656732764
8,12,1,1,1,2,278.00925940564093
8,13,1,0,1,3,261.87255789918294
8,9,1,0,1,6,259.99256623563383
8,18,1,0,1,7,269.6548103385736
8,41,1,1,1,7,286.1426429072664
8,24,1,1,1,0,275.8676232356449
8,9,0,1,1,3,260.08278582408497
8,46,1,1,1,1,276.3534670480687
8,3,1,1,1,3,277.1262652579262
8,17,1,1,0,0,260.72912691653204
8,4,1,0,1,3,262.06692949506373
8,42,1,1,1,1,274.5123138875388
8,53,1,0,1,1,258.67476259677244
8,34,1,0,1,5,261.6068288358904
8,5,1,0,1,3,265.6425160975548
8,1,1,1,1,4,273.9062385322417
8,38,1,0,1,3,263.1148703241922
8,49,0,0,1,1,244.74989555414655
8,29,1,0,1,3,265.32978127414117
8,20,1,1,0,4,265.6396382547688
8,15,0,1,1,6,262.1334886818731
8,37,1,1,1,1,271.62667697306233
8,28,1,0,1,0,264.9044171273784
8,34,0,1,1,5,262.779273899813
8,56,1,1,1,2,276.39689374824627
8,29,1,0,1,1,265.92304629262594
8,34,1,0,1,4,260.8840761914149
8,21,1,1,1,2,278.1036439839773
8,27,1,1,1,1,273.8697354615008
7,43,1,0,0,5,248.27847045549385
7,44,1,0,1,7,263.72016475258613
7,50,1,1,1,1,273.3683934651742
7,55,0,0,1,2,248.4591478145997
7,56,0,1,1,3,264.40057200881483
7,57,0,1,1,0,258.69946186335005
7,3,0,1,1,6,260.1770424264628
7,7,0,0,1,5,245.5863025629552
7,16,1,1,0,4,259.8569372257562
7,41,0,0,1,5,246.0248799144225
7,44,0,0,0,7,231.92242274593315
7,10,0,1,0,7,254.13779747185941
7,13,0,1,0,1,245.7610421544447
7,16,0,0,1,4,246.39692772459568
7,20,0,0,1,2,244.88282854336848
7,29,1,1,0,1,258.77353640497006
7,7,0,0,0,0,225.84377632814315
7,23,0,0,1,2,244.88361262440245
7,24,0,1,1,0,256.1490749935415
7,57,1,0,0,0,244.05463967521814
7,1,0,0,1,3,243.44819960901387
7,12,1,0,1,5,263.136238012133
7,14,0,1,1,6,259.0498719935253
7,16,0,1,1,0,257.152315809455
7,17,0,1,1,3,273.48000845040934
7,18,0,0,1,7,245.48832824002108
7,36,0,0,1,1,242.82620983069418
7,51,1,0,1,5,262.84371159125317
7,58,0,1,1,1,260.4499631724997
7,9,0,0,1,6,245.0679422629081
7,21,0,0,1,0,244.0633638211591
7,31,0,0,1,2,244.77043474882038
7,33,0,0,1,6,245.77777410450736
7,36,1,0,1,3,260.2148824941311
7,40,0,1,1,6,257.9558357663148
7,41,0,0,1,3,247.06399111394788
7,43,1,0,1,0,257.99685018563486
7,44,1,0,1,3,270.8789641961906
7,50,0,0,1,7,244.36255207893208
7,1,1,0,1,0,256.5072970638675
7,2,1,0,1,5,259.8238964232748
7,4,1,0,1,2,255.5787612404872
7,5,1,1,1,2,273.8810288651376
7,14,1,1,0,0,257.0042034886932
7,21,1,1,0,7,276.81978631969645
7,6,1,1,0,7,270.332585817145
7,13,1,0,1,3,259.01443271240265
7,16,0,1,1,5,258.49620627293046
7,19,1,1,0,4,262.4212572901171
7,20,1,1,0,3,261.44513166303034
7,22,0,1,0,7,259.1885076204091
7,42,0,0,1,1,245.99570096525773
7,56,1,1,0,2,262.07988296246515
7,16,0,1,0,6,256.96222789065473
7,41,1,1,0,3,264.3605609894458
7,43,0,0,1,0,243.49604574713376
7,46,0,0,1,2,249.29562033624873
7,52,1,1,0,3,262.2601657716421
7,58,0,0,1,6,247.00567958678317
7,4,1,0,0,5,243.15283142908893
7,8,0,0,1,0,243.92658059615297
7,9,0,0,1,7,260.6427743175913
7,7,0,0,1,1,244.35129598150442
7,34,1,1,0,6,262.95952975386984
7,55,0,1,0,0,242.73887538853245
7,5,1,0,0,4,242.09112247944657
7,6,1,0,0,4,241.7803226072587
7,23,1,0,1,5,262.7467554219472
7,26,1,0,0,7,259.34894703315445
7,56,1,0,1,3,261.5205984839206
7,27,1,1,1,4,272.86681437204277
7,46,1,0,1,3,261.5923272576367
7,47,1,1,0,4,261.2622036526217
7,32,1,1,0,3,257.0477453699786
7,51,0,1,1,1,259.8131880270261
7,22,0,1,1,5,258.5143103595451
7,37,0,0,1,6,243.5866073082004
7,42,0,1,1,2,261.22392655414905
7,8,1,0,1,1,259.1138372274877
7,46,0,0,1,5,249.430639129679
7,38,0,0,1,0,241.48538223531713
7,41,1,0,1,4,260.0431385993923
7,47,1,0,1,3,259.30346765256695
7,52,1,0,0,2,250.3422593700446
7,6,0,0,1,5,247.40279196303484
7,16,1,1,0,0,260.9108522061249
7,20,1,1,0,5,263.52766562674293
7,32,0,1,1,6,258.8244217818014
7,59,0,0,1,6,245.99934516691954
7,4,1,1,1,4,266.71100120925234
7,5,1,1,1,5,273.8392563372191
7,8,1,0,0,4,245.54120327225135
7,27,0,1,1,2,260.6511796969886
7,31,1,1,1,2,277.0394971423085
7,1,1,1,1,4,275.1531300449626
7,2,0,1,1,6,258.4459535773714
7,4,1,1,1,5,290.3962229765515
7,14,1,1,1,0,272.5733930621221
7,15,1,1,1,0,273.45984713778887
7,17,0,1,1,6,258.54782180908046
7,18,0,1,1,4,260.5527437065567
7,19,1,1,1,5,275.2935823006093
7,23,1,1,0,2,257.1531218763946
7,25,1,1,0,5,261.5534375845511
7,34,0,1,0,0,242.25515981438662
7,48,1,0,1,1,258.6094762720905
7,16,1,0,0,7,260.75047518495376
7,19,0,1,0,4,246.43843441415163
7,29,1,1,0,3,257.2840207305417
7,30,1,1,1,5,279.62019126655446
7,37,0,1,0,7,242.5577399095796
7,43,0,1,0,1,243.47873490346348
7,45,1,1,0,4,262.65928271547784
7,53,0,0,1,2,245.1008194795992
7,54,0,0,1,1,245.4938175627648
7,11,1,1,0,5,270.61145187654586
7,21,1,1,0,3,262.01830268897044
7,27,1,0,0,6,254.87310770950535
7,31,1,1,0,0,256.6879585256995
7,23,0,1,1,1,260.53350307131177
7,45,0,1,0,0,244.38312758001211
7,2,1,1,1,6,270.85990926505116
7,3,0,0,1,2,242.36044334799098
7,14,0,1,1,2,258.39548691138435
7,20,1,1,0,1,260.58179389500845
7,21,1,1,1,7,289.93698699003653
7,37,1,1,1,4,270.47027718243186
7,32,1,0,0,4,242.20667090267008
7,45,1,0,1,0,256.9276783216804
7,47,0,1,1,6,262.18153398079596
10,0,0,1,0,4,240.90532344557076
9,28,1,1,1,0,270.05458383447194
9,12,1,0,1,4,262.6794433001282
9,3,1,1,1,4,277.06309444474863
9,58,1,1,1,4,272.45575425159797
9,52,1,1,1,2,270.06351225106647
9,7,1,1,1,4,276.08487385254415
9,47,1,1,1,1,269.7499689008802
9,56,1,0,1,0,257.10783213743116
9,9,1,0,1,3,259.83548064290574
9,48,0,1,1,7,274.0578597477085
9,19,0,1,1,1,257.71268889797824
9,47,1,1,1,2,269.8794739619914
9,56,1,0,1,2,261.22202491111693
9,40,1,0,1,4,259.5608641431774
9,42,1,0,1,4,256.1748177365763
9,43,1,0,1,3,260.8159104082407
9,43,1,1,1,4,273.10247337602317
9,5,1,1,1,6,276.34871699507215
9,12,1,1,1,1,272.88504291624605
9,55,1,1,1,4,273.5730077126872
9,24,1,1,1,4,272.01457472595075
9,10,1,0,1,0,258.67913809984236
9,59,1,1,1,2,269.8842772693853
9,18,0,1,1,2,260.051268278528
9,34,1,1,1,3,269.85436933500097
9,15,1,1,1,5,278.6895275774436
9,52,1,1,1,7,282.94149329027965
9,7,1,1,1,2,277.2395740324124
9,25,1,1,1,4,271.8181505289205
9,42,1,1,1,5,275.4759195439526
9,17,1,1,1,4,273.7767246517965
9,26,1,1,1,0,269.97723209671636
9,44,0,1,1,4,254.93606296699295
9,41,1,0,1,0,255.07527673019825
9,19,1,1,1,2,273.75406105047205
9,20,1,1,1,0,270.4246958833397
9,37,1,1,1,2,275.21770245558196
9,56,0,1,1,3,259.09149577864224
9,15,1,0,1,3,260.11794901059443
8,59,1,1,1,5,281.21289799212707
8,16,1,0,1,2,263.4479834188667
8,13,0,1,1,7,266.44106584502777
8,17,1,0,1,7,274.2774210637535
8,30,1,1,1,3,280.0225024856088
8,4,1,0,1,1,259.44759585454864
8,58,1,1,1,2,274.48666370270763
8,55,1,0,1,3,260.01581131037506
8,21,1,0,1,4,263.85596811953735
8,30,1,1,1,6,280.03289485859034
8,55,1,0,1,5,258.9078347003505
8,9,1,0,1,5,261.31932923010237
8,33,1,1,1,7,274.45388169317073
8,48,1,0,1,0,258.08354312045776
8,59,1,1,1,3,277.790717137397
8,50,1,1,1,1,272.86495198911024
8,5,0,1,1,5,261.36888846049266
8,14,1,0,1,3,262.82467712808636
8,55,1,1,1,3,274.82250745133535
8,41,1,1,1,6,276.51274492276343
8,0,1,1,1,4,271.4930871122318
8,19,1,1,1,5,282.16556160289184
8,35,1,0,1,6,262.1798612825047
8,41,1,1,1,3,279.20273539214213
8,10,1,0,1,3,263.5968619196488
8,41,1,0,1,3,264.61290162442356
8,21,1,0,1,3,262.6202664867104
8,45,1,1,1,0,269.63694394413096
8,33,1,0,1,2,260.99064161414094
8,12,1,1,1,5,278.4473758716239
8,43,1,0,1,0,259.0016800164662
7,30,1,0,0,7,257.2467286193599
7,39,1,1,1,3,271.4435958697104
7,59,0,1,1,5,263.36548798991345
7,5,0,0,1,4,241.4314806557534
7,14,1,1,0,4,261.7304894067527
7,18,1,0,1,4,259.96500992274366
7,42,0,0,1,4,243.4509510936348
7,43,0,0,1,2,249.1182198158472
7,44,0,0,1,1,248.1992372376431
7,7,1,0,0,1,242.83605018127352
7,15,0,0,1,2,244.0265131803013
7,18,0,1,1,3,265.5081446294636
7,25,1,0,1,7,258.31603931759463
7,29,0,1,1,3,260.97763919263105
7,41,1,1,1,4,275.9698667702303
7,42,1,1,1,7,290.51283871233727
7,49,0,0,1,6,245.08088724285227
7,5,0,0,1,0,241.33632572220495
7,7,1,0,1,4,263.9950224614356
7,9,1,1,1,1,275.0811799339437
7,22,1,1,1,4,270.63445752632106
7,27,1,0,1,5,264.81931259911397
7,28,1,0,1,1,256.5069219380268
7,30,1,0,1,5,261.1521216612165
7,30,1,1,0,4,259.427320285668
7,43,0,0,1,5,246.34275256664395
7,49,1,1,1,3,279.1360514201091
7,50,1,1,0,2,264.0675068863585
7,2,0,0,1,6,242.77471869233636
7,6,0,1,1,5,261.358416657719
7,13,1,1,0,0,258.64746702784055
7,19,1,1,1,2,278.28122620052176
7,41,1,0,1,6,260.6288456520174
7,43,0,0,1,6,252.03561434646176
7,49,1,0,0,7,259.6248215844763
7,50,1,0,1,0,258.29518929982805
7,0,0,1,1,1,256.73770939269946
7,3,1,1,0,0,256.85811212342816
7,4,1,1,0,1,260.1922877666525
7,7,1,0,1,3,264.3067305500548
7,12,0,0,1,2,245.0800948759366
7,15,0,0,1,0,243.219445885534
7,28,1,1,0,0,256.49257631437547
7,33,0,1,1,7,275.15246721881454
7,14,1,0,0,1,247.36288125747114
7,16,1,1,0,5,262.366587384157
7,34,0,1,1,5,254.91803091793548
7,54,1,1,0,4,262.64393538071016
7,3,1,0,0,0,240.57584703745826
7,14,0,0,1,2,247.8670295125208
7,22,1,0,1,6,263.55583495218997
7,23,1,0,1,0,258.5559558119162
7,24,1,0,1,3,262.9498009437004
7,29,1,0,1,5,257.36249671800135
7,31,0,1,1,6,259.4665487892909
7,55,0,0,1,3,248.03559085181206
7,59,1,1,1,4,273.77076810563744
7,22,1,0,1,3,264.3019228993143
7,57,1,0,1,6,260.09963342203446
7,10,1,0,1,5,257.95299019531615
7,58,1,1,0,3,261.03684391916727
7,15,1,1,0,7,262.0289192279532
7,16,1,0,1,0,260.28497532265004
7,49,1,1,0,7,263.44734290889284
7,53,1,1,1,7,279.0840912918969
7,0,0,1,1,4,257.68960446959596
7,7,0,1,1,4,256.25303140079876
7,36,0,1,1,2,258.94343968897164
7,52,1,0,1,3,260.3364786980448
7,1,1,0,0,7,245.7554802400174
7,21,1,0,0,3,247.52104986469044
7,23,1,1,0,4,258.4971381834714
7,33,1,0,0,7,255.95397310468692
7,49,1,1,0,2,261.38104086646484
7,56,1,0,1,0,256.8488319535718
7,26,0,0,1,2,245.31976680181472
7,59,0,0,1,2,245.5971855043795
7,8,0,0,1,5,249.02143547368487
7,13,0,1,1,5,260.19084681510907
7,14,0,1,1,7,275.2784782040052
7,20,1,0,1,5,258.8767399550507
7,22,1,0,1,4,260.31172482581866
7,24,1,0,1,1,259.983697833644
7,9,1,0,1,7,257.1668849691308
7,22,1,0,0,2,247.3697867090378
7,24,1,0,1,6,259.39576438320785
7,25,0,0,1,0,244.0238018980847
7,26,0,0,1,7,262.10175089961507
7,42,0,1,1,1,260.4409854489463
7,11,1,1,0,3,261.1362734482267
7,28,1,1,0,4,260.57482772613037
7,37,1,1,1,3,271.85839209912444
7,47,1,0,0,4,247.4832419244177
7,52,1,0,0,6,249.35056268731665
7,56,0,1,1,4,258.7357951538142
7,15,0,1,1,1,259.48922633628433
7,50,1,0,1,7,260.07305397095297
7,58,1,0,1,7,270.37049410951795
7,59,0,0,1,5,245.0916212641701
7,4,0,1,1,1,254.07562491091045
7,12,1,0,1,3,261.7434826493693
7,20,0,1,1,4,259.3568124902127
7,21,1,1,1,0,266.8457870661542
7,23,1,1,1,3,275.76257884462973
7,30,1,0,1,3,262.3029425359194
7,39,0,0,1,4,242.49725646227682
7,40,1,0,1,4,257.3810457455581
7,7,0,1,1,3,256.0632674958315
7,14,1,1,0,7,275.97581713604666
7,39,1,0,1,5,260.9612820077641
10,0,0,1,0,0,34.80281113154952
10,1,0,1,0,3,7.8953324221016885
9,51,1,0,1,5,255.85957893285567
9,55,1,0,1,1,255.4103436252495
9,17,1,1,1,0,273.73071857923895
9,7,1,1,1,1,276.6512606453092
9,3,1,0,1,6,277.9621655028554
9,5,1,0,1,6,262.9541832166045
9,27,1,1,1,4,273.3326569313256
9,39,1,1,1,3,277.25848960645493
9,36,1,1,1,5,275.4772785175972
9,48,1,1,1,7,292.20984598609914
9,49,1,0,1,7,267.67325025706504
9,0,1,0,1,4,258.3419101970408
9,16,1,1,1,7,288.9360708007896
9,1,1,1,1,6,273.2307950966817
9,7,1,1,1,7,295.65289077885967
9,10,1,1,1,2,274.03590456749305
9,11,1,1,1,0,270.3718162085955
9,0,1,0,1,3,260.76999203869343
9,54,1,1,1,3,280.594623119266
9,5,1,1,1,7,290.3356361721269
9,51,1,1,1,3,272.89434660818563
9,22,1,1,1,3,278.32322656109255
9,23,1,1,1,7,285.84308604139903
9,21,1,1,1,5,275.87430330902555
9,1,1,1,1,0,269.20665613983755
9,23,1,0,1,1,255.50505344835358
8,15,1,1,1,4,276.8084450518809
8,13,1,0,1,1,261.8455219597282
8,45,1,1,1,5,276.19958035966727
8,3,1,1,1,4,275.52466510643626
8,11,1,1,1,2,277.9206450078101
8,52,1,1,0,4,258.2431068008135
8,56,1,1,1,7,274.52623472956515
8,8,1,1,1,1,275.2040255470471
8,25,1,1,1,0,271.2615725407693
8,44,1,1,1,6,277.84381155559544
8,28,1,1,1,6,280.3588157577268
8,30,1,1,1,4,273.74577082986184
8,48,1,1,1,4,270.349348791243
8,44,1,0,1,7,270.8810036604141
8,32,1,1,1,3,284.20207462387987
8,52,1,1,1,7,283.0674442855555
8,29,1,1,1,1,276.13735704744624
8,45,1,0,1,1,256.6372370229669
8,27,1,1,1,2,275.2653566226931
8,37,1,1,1,2,275.2764202660639
8,25,1,1,1,7,288.0588094113206
8,32,1,1,1,7,295.60461621661926
8,41,1,0,1,6,261.54057252087813
8,49,1,1,1,6,289.994428027622
7,2,0,1,1,7,271.30833074222414
7,36,0,1,1,3,259.73103485330716
7,38,1,0,1,0,260.29184261613824
7,39,1,0,1,4,260.7428287944053
7,46,1,0,0,7,258.7797159892703
7,53,1,1,0,4,262.7840950130284
7,16,1,0,1,5,262.3503655932982
7,27,0,0,1,4,242.12998842867754
7,28,1,0,1,2,258.20906224517165
7,30,1,1,1,4,278.5929486615306
7,31,1,1,1,6,286.1419960186172
7,32,0,0,1,3,243.52850052182652
7,1,0,1,1,7,274.2386564184467
7,3,1,1,1,3,274.34101852819157
7,48,1,1,0,0,258.0075622458702
7,50,1,0,1,1,257.88673510660703
7,52,1,0,1,2,258.753883127828
7,55,1,1,1,6,275.42604692296726
7,56,0,1,1,2,258.94156348811646
7,59,0,1,1,1,258.3445486522136
7,33,0,1,1,1,258.2490845959289
7,59,1,1,0,6,271.21828393530114
7,7,0,0,1,0,243.0946761522503
7,37,1,1,1,6,271.7569979104732
7,46,0,1,1,3,261.58677661724766
7,50,0,1,1,3,262.41539163174957
7,17,1,1,0,3,264.84683428257836
7,19,1,1,0,3,263.48008793801694
7,29,0,1,0,5,249.4636649479025
7,30,1,1,1,6,279.9272120433301
7,32,1,1,1,6,275.4415429062599
7,33,0,1,1,3,258.23273491719186
7,14,1,1,1,3,278.1732754854123
7,16,1,0,1,7,276.79425395933816
7,25,1,1,1,2,273.654433314305
7,26,1,0,1,1,257.48748550322955
7,42,1,1,0,2,260.2720621736351
7,43,1,1,0,6,263.5098327327926
7,51,1,0,0,6,246.2241781723474
7,0,0,0,1,5,243.05246138111573
7,25,1,0,1,5,257.73406250601545
7,2,0,0,1,3,241.73945565602529
7,3,0,1,1,1,257.7456488779352
7,29,0,1,1,5,259.9946813044513
7,0,1,1,0,3,262.0251679825332
7,7,0,1,1,1,256.6552238759731
7,11,1,1,1,6,278.1405342603576
7,23,0,0,1,5,247.34227559098642
7,40,0,0,1,5,248.82064828007964
7,47,1,0,1,6,259.23151337930824
7,1,1,1,0,6,260.3167793121024
7,5,0,0,1,1,241.95826167884357
7,22,0,0,1,2,245.06929872726408
7,40,1,0,0,5,244.0145449322458
7,55,1,0,1,6,274.3753680601228
7,7,0,0,1,2,242.2539529580181
7,19,0,1,1,2,259.82886729487836
7,50,1,0,1,3,258.7814551047388
7,1,1,1,1,7,276.73775631014996
7,26,0,1,1,6,260.99482042089164
7,27,0,0,1,3,242.8674178892813
7,42,1,1,0,1,259.9730977934375
7,3,1,1,1,2,273.79673625051544
7,4,1,0,1,1,257.15116722894265
7,6,1,1,0,6,261.14993855264163
7,37,0,0,1,4,244.29177999013717
7,39,0,0,1,0,241.30616208534101
7,6,0,0,1,4,245.73989274560614
7,25,0,1,1,6,260.7805488831003
7,26,1,1,1,6,273.14443805005686
7,37,1,1,0,7,264.9081623114881
7,45,1,0,1,5,266.1666009285696
7,50,0,1,1,4,259.93343128542597
7,11,0,0,1,7,248.97836826760536
7,15,0,1,1,7,278.9211423119493
7,54,0,0,1,3,251.8108259827573
7,8,1,0,0,1,241.8499787506137
7,23,1,0,1,2,264.6436868427641
7,24,1,1,1,2,277.28730210130595
7,25,1,0,1,6,258.14349979753695
7,26,1,1,1,4,276.02453066815826
7,27,1,1,1,7,274.7206701460945
7,55,1,1,0,2,257.3341247212977
7,36,0,0,1,5,243.47746301825103
7,54,0,1,1,0,258.70579132725567
7,22,1,0,0,3,244.7032852761913
7,28,0,0,1,7,254.71425847531927
7,52,0,0,1,4,244.74934018054034
7,56,0,0,1,5,246.91958291865978
7,16,0,0,1,3,248.57490363199014
7,31,1,0,1,2,261.831204918843
7,32,1,0,1,6,262.81802001366844
7,54,0,1,1,3,262.5839026293113
7,11,0,1,0,1,244.48242211273617
7,47,1,0,1,1,257.74680499396175
7,51,1,0,0,3,248.47420128332666
7,59,1,0,0,2,246.74200650207356
7,47,1,0,1,0,257.3218578273578
7,48,1,0,1,5,261.2861633918049
7,56,1,1,0,5,262.383569311644
7,4,0,0,1,7,244.21569479960985
7,33,1,0,1,0,258.1319340728662
7,37,1,1,1,1,271.56033170813373
7,38,1,1,0,7,269.92035723862875
7,40,1,1,1,3,274.02925007060537
10,0,1,0,0,4,68.07625408324951
9,41,1,1,1,3,275.12615499698256
9,16,1,1,1,3,277.72966909402834
9,42,1,1,1,0,270.84518166081756
9,59,1,0,1,7,274.2005830756228
9,32,1,1,1,2,272.57126104992443
9,21,1,1,1,7,286.8149456120797
9,0,1,1,1,3,272.6382917744811
9,23,1,0,1,6,256.6423873077042
9,13,1,1,1,4,275.1300605115433
9,33,1,1,1,3,275.40435059371015
9,7,1,1,1,5,277.5899041356471
9,34,1,1,1,4,270.88380712443967
9,4,1,1,1,5,276.8642212841157
9,21,1,1,1,0,272.90463350741766
9,53,1,1,1,2,270.59765570036205
9,39,1,0,1,5,255.82797651976492
8,58,1,1,1,0,276.7389154297084
8,15,1,0,1,4,262.8260283290806
8,20,1,0,1,0,259.6855810146966
8,18,1,1,1,3,279.0618300410153
8,7,1,1,1,0,276.6723903584623
8,40,1,1,1,4,278.6822819991072
8,48,1,1,1,5,270.89846961358177
8,11,1,1,1,6,278.99924943939163
8,18,1,1,1,1,273.36949634507675
8,38,1,1,1,0,271.493801168688
8,40,1,1,1,3,282.2263832500397
8,6,1,1,1,5,275.06571376875377
8,26,1,1,1,2,277.08080620285716
8,9,1,1,1,0,276.2157225023896
8,9,1,1,1,3,281.91567623228633
8,14,1,1,1,1,275.9596112503181
8,46,1,1,1,7,283.59902599939744
8,8,1,1,1,6,282.89462065269316
8,32,1,1,1,2,275.58900422998846
7,55,1,1,1,3,276.8190197278345
7,56,1,0,1,1,259.7778001653377
7,58,1,0,1,0,256.2467056083784
7,59,1,0,1,7,263.43692368729586
7,0,1,1,0,7,271.9778503864529
7,39,1,1,0,0,257.7644370637604
7,57,1,1,1,0,273.7011550755175
7,14,0,1,1,0,259.3225908197831
7,16,1,1,1,1,275.24465955483316
7,26,1,0,1,0,258.83560684867643
7,6,0,1,1,6,259.6816901494446
7,7,1,0,1,2,262.1482117737113
7,12,1,0,1,6,261.6135624413741
7,19,1,0,1,5,262.0931673201053
7,0,0,1,1,0,257.2690630389123
7,13,0,1,1,2,261.54163418348145
7,23,1,0,1,7,279.19009892891387
7,47,0,1,1,5,260.80326265894007
7,3,0,0,1,6,244.69364624007306
7,4,0,1,1,5,253.99365896350585
7,6,0,1,1,0,251.83815186192106
7,8,0,1,1,6,259.22196844999473
7,10,1,0,1,7,274.34384856028987
7,31,1,0,1,1,259.21807625145067
7,57,1,1,1,3,280.0314977830927
7,59,1,0,1,1,258.0783709698841
7,1,1,0,1,3,257.76874949004247
7,11,1,1,0,0,257.89858866318826
7,20,1,0,1,7,275.744602263979
7,45,0,0,1,2,247.90816195195103
7,10,0,1,1,1,259.74537680894184
7,32,0,1,1,7,267.50546886594947
7,57,1,0,0,5,244.70053871064465
7,48,1,1,1,4,268.59179375042385
7,49,0,1,1,1,260.9182311585737
7,29,1,1,0,5,268.98440860907596
7,33,0,0,1,4,244.19696778158936
7,51,1,0,0,1,244.4987224443126
7,6,1,0,1,0,260.46608299174324
7,7,1,0,1,7,279.92590993711866
7,10,0,1,1,3,275.78705469519963
7,15,1,0,1,2,260.5271971588079
7,26,1,1,0,5,258.5800785428362
7,27,1,1,0,7,274.18133872573605
7,59,0,1,1,6,261.5540350043846
7,12,0,1,1,2,258.4934011057956
7,18,1,0,1,6,262.53240387732
7,20,1,0,1,3,259.98318959933073
7,22,1,1,1,2,276.14822731284283
7,23,1,1,1,2,274.7389027042979
7,25,1,1,1,4,273.05628799075487
7,26,0,1,1,4,260.4679032886022
7,32,1,1,0,4,257.09810612504623
7,46,1,0,1,4,261.14468670509603
7,10,0,0,1,3,246.79681902878625
7,13,1,1,1,7,277.4944310715457
7,29,1,0,1,6,259.5538972407034
7,1,0,1,1,6,260.3328150653587
7,13,1,1,0,7,260.7188150141888
7,29,1,0,1,1,258.71991501122204
7,33,1,0,0,4,242.21248026609064
7,50,0,1,1,1,260.2219282163689
7,55,0,1,1,5,262.4154320562364
7,27,0,1,1,0,257.1109507208503
7,28,0,1,1,6,261.57914799871605
7,29,1,1,1,0,275.74874452605616
7,32,1,1,1,7,287.8757970829876
7,25,0,0,1,2,244.7832134363505
7,37,0,0,1,2,242.78670710364526
7,51,0,1,1,3,260.82542802672737
7,4,0,1,1,6,256.3210332390801
7,10,1,0,1,1,258.02320251855974
7,22,1,0,0,7,261.62468283728015
7,27,0,1,1,6,263.407766800328
7,28,1,1,1,3,273.7273029331672
7,46,1,0,1,5,262.28100741431933
7,47,1,0,1,5,259.2464624423556
7,4,0,1,1,0,254.73524251045853
7,26,1,1,0,4,257.89603005749836
7,42,0,1,1,7,260.1495062385306
7,58,0,1,1,7,276.0221876747446
7,7,1,1,1,3,273.1672827957983
7,18,1,0,1,2,261.5187014485692
7,44,0,1,1,3,264.3013264784254
7,24,1,1,0,4,258.621240534109
7,25,1,1,0,6,258.0384729089954
7,46,1,0,1,7,271.688117986903
7,56,1,0,1,2,258.998183981276
7,57,1,1,1,5,278.62816880161097
7,2,1,1,0,6,261.09696831194253
7,7,1,1,0,1,257.4390817651667
7,20,0,0,1,7,262.0209831862007
7,41,1,0,1,0,259.2297801103872
9,54,1,1,1,4,269.74184440421266
9,32,1,1,1,7,288.61333576598435
9,6,1,0,1,6,261.6719485547971
9,20,0,1,1,3,258.4295523000167
9,59,1,0,1,5,259.69447475456906
9,53,1,1,1,5,274.3961151461784
9,19,1,1,1,4,273.9707311991454
9,47,1,1,1,5,269.98028615922806
9,19,1,1,1,5,273.82715045940665
9,10,1,1,1,7,287.18739477842985
9,4,1,1,1,4,274.0284551324702
9,49,1,1,1,6,271.0857275999129
8,55,1,1,1,5,272.1733864422271
8,58,1,1,1,6,279.1510215356679
8,15,1,1,1,3,276.7645956031184
8,10,1,1,1,2,274.82696613703297
8,38,1,1,1,1,270.0048307939614
8,49,1,1,1,5,274.3671766943061
8,51,1,1,1,5,275.90204179582565
8,37,1,1,1,4,272.41181934913095
8,46,1,1,1,4,273.94740241696917
8,15,1,0,1,6,264.0736287470947
8,24,1,0,1,1,263.3734444222173
8,7,1,0,1,0,262.511688465854
8,30,1,0,1,3,261.74517081184285
8,42,1,0,1,0,259.6698069918516
8,56,1,1,1,1,274.3649132049257
8,4,1,1,1,7,281.91579846738995
8,38,1,1,1,4,274.0584435274427
7,39,1,1,1,6,280.3412314272696
7,16,0,0,1,0,244.7373254327639
7,24,0,1,1,7,268.1317601926796
7,37,0,1,1,6,257.32370146991974
7,21,0,1,0,4,244.48154744106222
7,26,0,1,1,5,263.1722634041684
7,31,1,0,1,7,260.5925143782282
7,1,1,1,1,3,276.7698113055932
7,16,1,0,1,3,264.16912808199663
7,34,1,0,1,5,260.8577229881174
7,11,1,0,0,7,246.56802093377075
7,42,1,0,1,2,260.29663818990144
7,53,1,1,0,0,259.130188179224
7,5,0,0,1,5,245.51584290589327
7,12,0,1,1,4,262.4006633847405
7,14,0,1,1,4,261.6311532528104
7,24,1,1,0,2,260.7015297892263
7,33,0,0,1,2,243.04178822390506
7,37,1,0,1,1,255.24503063203804
7,3,0,0,1,4,241.94444291404807
7,21,1,0,1,6,266.04882054292534
7,26,1,1,1,2,275.43579256693954
7,27,1,0,1,0,257.5721310626306
7,28,1,0,1,4,260.18561598889755
7,32,1,0,1,7,275.3425699721914
7,40,0,1,1,0,257.38328794165545
7,41,0,1,1,7,273.90070426434175
7,45,0,1,1,1,259.5811366431355
7,16,0,0,1,6,247.92901667083686
7,17,0,0,1,5,244.79601275913183
7,42,1,0,1,6,263.7655940847287
7,44,1,1,1,7,281.16813849140493
7,50,0,0,1,2,244.43976236628353
7,5,1,1,0,4,257.14750685632276
7,14,1,0,1,6,275.42610392313105
7,15,0,0,1,1,246.41859415886125
7,28,1,1,1,4,275.2690375429401
7,0,1,1,1,0,272.1703273223735
7,1,1,1,1,5,277.04163546511904
7,11,1,0,1,6,258.5554464370767
7,17,0,1,1,7,264.7065167503491
7,24,1,0,1,5,260.7998790994785
7,58,1,0,1,6,260.94798717316405
7,6,0,1,1,4,257.4249534703962
7,25,1,1,0,1,256.3049090551296
7,26,1,1,1,1,273.27196600894825
7,2,0,1,1,5,259.15863752940794
7,56,1,1,1,5,279.2944875935714
7,48,1,1,1,7,286.1575948877294
7,24,1,1,0,1,256.9589591106957
7,12,0,1,1,6,261.72508554279204
7,8,1,1,0,0,255.70512585489058
7,12,1,1,1,0,271.00592644298183
7,13,1,1,1,4,276.6345720380114
7,39,1,0,0,5,242.92120819290128
7,45,1,0,1,6,264.5874533611683
7,52,1,0,0,3,248.10138516694246
7,31,0,1,1,7,272.0643406247724
7,48,1,1,1,3,274.2791257375392
7,5,1,1,1,3,272.98674037448905
7,28,0,0,1,2,245.9994779229076
7,29,0,1,1,2,260.3611273303701
7,26,0,1,1,3,261.51490556470526
7,34,0,0,1,6,251.93925652955187
7,4,1,1,1,1,269.44475742665566
7,57,1,0,0,6,249.3435565355848
7,5,1,1,1,6,274.9222835768359
7,30,1,1,1,3,279.7220322586287
10,1,0,1,0,2,123.7095901468894
9,0,1,1,1,7,273.13493558866844
9,2,1,1,1,5,271.70763047497076
9,30,1,1,1,4,271.65927541699324
9,6,1,1,1,4,274.7938712578462
9,50,1,0,1,0,251.8437609609428
9,3,1,1,1,3,274.96801124635607
9,57,1,0,1,2,258.82243783535773
9,5,1,1,1,0,271.34281413813727
9,6,1,1,1,3,275.00041397527383
9,21,1,0,1,7,269.9595692836076
9,48,1,1,1,1,270.6812692830528
9,59,1,1,1,0,268.52856223491915
9,3,1,0,1,0,258.8950138279601
9,4,1,0,1,5,261.8639388466402
9,39,1,1,1,2,274.15516521009874
9,46,1,1,1,2,274.78764529803357
8,54,1,1,1,6,285.8897261185895
8,12,1,1,1,7,279.8999019063225
8,36,1,1,1,7,290.94847935416794
8,45,1,1,1,4,276.78351017298274
8,54,1,1,1,7,279.52175691599155
8,38,1,1,1,5,275.3586717210843
8,56,1,1,1,4,274.1038224253966
8,24,0,0,1,4,247.83869019264182
7,21,1,1,1,1,273.20003782222994
7,2,1,0,1,6,260.50846779530616
7,19,1,0,0,7,262.4359367787097
7,29,1,0,1,0,259.5124477317155
7,43,1,0,0,0,242.98783232396647
7,43,0,1,1,0,257.081248124903
7,3,1,1,1,6,275.73192331020306
7,12,1,1,0,0,256.6424362791531
7,21,1,0,1,2,264.33631905491654
7,43,1,1,1,3,278.63264700428715
7,7,1,0,1,6,267.6396263942984
7,22,1,1,1,0,270.9011043176224
7,23,1,1,1,4,273.5643990100418
7,31,0,1,1,2,261.3934347696358
7,34,1,1,0,1,259.3929974056633
7,38,1,1,1,5,273.7461980460118
7,52,0,1,1,7,274.4456729107931
7,20,1,0,1,4,260.78082631767836
7,49,0,1,1,4,258.16959937445847
7,50,1,1,1,4,272.3572665677809
7,48,1,0,1,7,266.67719054539253
7,52,1,1,0,0,259.95613827701186
7,2,0,0,1,2,241.47946753246634
7,3,0,1,1,0,252.58116211277684
7,7,0,1,1,6,269.9118078686987
7,56,1,1,1,7,292.7493476584586
7,6,1,0,1,4,259.8454357369125
7,10,1,1,0,0,256.85009268293203
7,23,0,1,1,0,254.97279291737928
7,25,0,1,1,4,259.17009115334605
7,51,0,0,1,4,246.7188651675636
7,28,1,1,0,5,259.31481275273075
7,37,1,0,1,0,258.088934698812
7,38,1,0,1,3,263.387394927625
7,17,1,1,1,5,287.92787747928884
7,45,0,0,1,1,247.648915420032
7,21,1,1,1,4,273.0288615649083
7,22,0,1,1,7,258.7305857669302
7,24,0,0,1,2,246.87519864778125
7,0,0,0,1,3,244.29709509405788
7,31,1,0,1,0,258.97725983431184
7,44,1,0,1,6,263.10510028319874
7,45,1,1,1,0,260.9561985368503
7,46,1,1,1,5,275.7572582088642
7,10,0,1,1,0,255.2799724446105
7,11,0,1,1,0,258.4201942202361
7,39,0,1,1,5,259.4731978682118
7,30,0,1,1,4,257.14182605660983
7,31,1,1,1,4,273.6003820477016
7,34,1,1,1,2,270.1916915428145
7,35,1,0,1,6,259.58031144876827
7,40,1,0,1,6,258.1877283555266
7,30,0,1,1,3,257.96259514266984
7,36,1,1,1,2,270.7782036606781
7,40,1,0,1,1,256.01235228802847
7,32,0,1,1,0,257.9544651196576
7,2,1,0,0,1,241.7933726515186
9,49,1,1,1,7,282.44237131302947
9,27,1,1,1,7,288.684828270213
9,33,1,0,1,2,255.9639651741014
9,6,1,1,1,6,287.003161835554
9,31,1,1,1,7,299.86011418268083
9,33,1,1,1,7,291.91690608449653
9,25,1,1,1,3,271.7682416266792
9,25,1,0,1,3,267.60314695213725
9,22,1,1,1,0,268.4425873785983
8,15,1,0,1,5,263.78459474220006
8,54,1,0,1,1,257.6218350490918
8,31,0,0,1,7,262.4031450670652
8,27,1,1,1,5,275.8852615448279
8,50,1,1,1,5,274.9454810059424
7,42,0,0,1,7,256.10876835537937
7,17,1,0,1,4,257.2676787307247
7,10,1,0,1,3,257.29183930993963
7,13,1,0,1,4,260.2201831309239
7,28,1,0,1,3,260.5846566181497
7,35,1,0,1,2,260.7378347363229
7,41,0,1,1,1,261.1340189575032
7,51,0,1,1,0,258.2290791418144
7,34,0,0,1,5,245.1026886311035
7,6,1,0,1,7,269.45364559101915
7,24,1,0,1,0,253.06430262691543
7,48,1,0,1,3,260.47603667270687
7,54,0,0,1,6,246.6069786558268
7,43,1,0,1,6,270.76558942843604
7,45,0,1,1,7,272.04992380818226
7,22,1,1,1,1,271.71431027210724
7,16,1,1,1,0,269.5907195378146
7,30,1,1,1,1,280.3453772164027
7,50,0,0,1,3,244.41223961100883
7,20,0,0,1,6,249.86987025445717
7,48,1,1,0,7,275.27482974185915
7,10,0,0,1,2,245.25992084197514
7,11,0,0,1,3,257.20779874648673
7,19,1,1,1,7,293.17718862914126
7,47,1,1,1,0,268.31031018153465
7,1,1,0,1,5,255.45195130115206
7,28,1,0,1,0,255.11667580857247
7,49,1,1,1,1,272.90089791725353
7,6,1,0,1,6,258.66004502371123
7,3,1,1,1,0,273.9801928815212
7,4,1,1,1,3,275.27176829459717
7,19,1,1,1,6,281.67416361660077
7,23,0,1,1,6,262.62733370581157
7,32,1,1,0,7,257.105149590129
7,40,1,0,1,5,264.47009289528296
9,12,1,1,1,3,275.2134896952143
9,50,1,1,1,2,273.036398079683
9,59,1,1,1,5,269.41230101469296
9,57,1,1,1,3,272.49881613201705
9,58,1,1,1,0,265.33333893167776
8,10,1,1,1,6,275.85649184035117
8,52,1,1,1,0,266.3884099887425
8,26,1,1,1,3,276.5479918267911
8,12,1,0,1,3,263.20336609921003
8,25,1,1,1,2,278.6892185459345
8,39,1,0,1,4,261.457924141319
7,0,1,0,1,0,254.78651242727187
7,22,1,1,1,6,275.8584472357865
7,20,1,1,1,2,278.90153651402784
7,24,0,1,1,1,258.30797413290225
7,19,0,1,1,6,261.500750267
7,22,1,1,1,7,284.34762476975
7,29,1,0,1,4,259.35714065797276
7,31,1,0,1,4,259.3567903395024
7,45,0,0,1,6,247.92063250542822
7,53,0,1,1,7,275.190699636666
7,35,0,0,1,2,243.28891716183654
7,42,0,1,1,0,260.110642196463
7,43,0,1,1,5,259.1762130154751
7,8,1,1,0,4,258.80806592843487
7,50,1,1,1,5,285.70919351071467
7,24,0,1,1,2,256.27347364332354
7,59,1,0,1,3,258.5645518683524
7,16,1,1,1,7,281.0483531479407
7,31,0,1,1,3,259.16309245209226
7,53,1,1,1,3,277.23213427146516
7,36,1,0,1,1,259.6919247927627
7,39,1,1,1,2,270.73230335910455
7,40,1,1,1,1,272.61176572874814
7,44,0,1,1,5,265.3573754714973
7,43,1,1,1,7,278.0540153499154
7,32,1,1,1,2,275.3940956759973
7,3,1,0,0,1,240.8479960821308
7,30,0,1,1,1,258.82935317341196
7,18,1,1,0,4,263.2440133981914
7,26,0,0,1,5,249.2578101611798
7,32,1,1,1,0,273.1233498839646
7,33,1,1,1,3,279.27628430171603
7,13,1,1,1,0,271.8786635332215
7,17,0,0,1,6,245.34558703138455
7,18,1,1,1,5,278.3073190097209
7,37,0,1,1,0,253.03251400895005
7,47,1,1,1,4,274.0687624418773
7,5,1,1,1,7,287.5779041767187
7,18,1,1,1,7,291.6426916126737
7,33,1,0,1,2,260.4809336222107
7,7,1,1,1,1,270.02495821546233
7,13,1,0,1,0,258.06360125586434
7,17,0,1,1,2,260.72208884697653
7,4,1,0,1,3,256.30350575441594
7,36,0,0,1,2,242.49437914840206
10,0,1,0,1,4,106.38597861437684
8,50,1,1,1,3,273.2336521248116
8,57,1,1,1,7,279.1318948274707
8,28,1,1,1,3,280.01973427776886
8,47,1,1,1,7,282.49991649071205
7,52,1,1,1,3,274.34155195935506
7,53,1,0,1,5,262.59061404277617
7,17,1,1,1,1,277.3912884592254
7,36,1,1,1,0,267.9968566174835
7,38,1,1,1,0,265.2014434721741
7,11,0,1,1,2,259.4041552010294
7,39,1,1,1,4,270.2991954895377
7,34,0,1,1,0,254.19777699864375
7,11,0,1,1,4,257.80035597817044
7,21,1,1,1,3,275.4361682599872
7,39,0,1,1,1,256.1866485446879
7,43,1,1,1,1,272.43992514283985
7,24,1,1,1,4,272.88578153954774
7,28,0,1,1,4,259.5639083295178
7,29,1,1,1,5,274.25294001604857
7,36,1,0,1,6,260.19876870444193
7,47,0,1,1,7,276.38471062867995
7,57,1,1,0,7,273.7809406353383
7,35,0,1,1,5,258.95290996288685
7,9,1,0,1,4,257.0918135427855
7,34,1,1,1,0,271.8568544418646
7,40,0,1,1,7,265.7089224682591
7,54,1,0,1,4,259.9275462130381
7,1,0,0,1,6,242.36004074494392
7,13,0,1,1,3,259.9708540256061
7,12,0,1,1,3,264.0023560897871
7,18,1,1,1,3,277.86654945891564
7,52,1,0,1,1,258.0923860133023
7,58,1,1,1,5,275.51749696025405
7,16,1,1,1,4,272.21221798271347
7,29,1,1,1,2,274.5399008199507
7,35,1,1,1,5,273.95562687033873
7,15,0,1,1,2,262.433464882225
7,16,0,1,1,3,271.19022039254355
7,16,1,0,1,1,262.50125807365555
7,0,1,0,1,7,271.962640420472
7,5,1,1,1,1,274.0146117998118
7,11,1,1,1,0,264.13013403237284
7,57,1,0,1,2,258.2259374274402
10,0,1,1,0,3,166.8496471869243
8,27,1,1,1,7,282.2844653495845
8,4,1,1,1,5,275.23535848637823
8,8,1,1,1,0,278.0380733770153
8,36,1,1,1,2,273.72352985835624
8,10,1,1,1,4,275.7322938853694
8,24,1,1,1,3,280.1119808960907
7,54,1,1,0,7,276.66834293884926
7,29,1,0,1,3,259.10913801274825
7,31,0,0,1,5,245.18959370959584
7,28,1,0,0,2,243.82878474015587
7,9,1,1,1,6,274.58715853152535
7,51,1,0,1,0,256.675497530028
7,58,1,1,1,3,276.0181891542841
7,21,1,1,0,5,262.59834472782666
7,38,0,1,1,1,257.7887971724718
7,26,1,1,1,5,273.1450339053039
7,29,0,1,1,7,274.5405603221536
7,41,1,0,1,5,260.76649173246653
7,47,1,1,1,3,272.52688470927353
7,4,1,0,1,7,268.55916532322897
7,25,1,0,1,1,257.34775201490277
7,27,1,1,1,0,271.1887428591533
7,10,1,1,1,4,271.6929607624251
7,29,1,1,1,3,274.16777364979083
7,46,0,1,1,1,261.5595837192875
7,54,1,1,1,6,273.7809341248339
7,2,1,1,1,4,272.74532698208867
7,3,1,0,1,0,253.54847408269535
7,4,1,0,1,6,256.6105491413396
7,13,0,1,1,1,258.6338074989464
7,40,0,0,1,7,257.08871952795573
7,44,1,0,1,2,258.4794437782257
7,30,1,0,1,2,262.1768215998973
7,32,1,1,1,5,273.7062164187354
7,45,1,1,1,1,265.62194011259237
7,20,1,1,1,5,280.831398931555
7,9,1,1,0,2,258.7715245598523
10,0,0,0,0,0,64.53198269070191
10,1,0,0,0,0,0.32151284936997016
10,2,0,0,0,2,15.593943758666201
9,12,1,1,1,5,274.07014556042054
9,2,1,1,1,2,272.3602678905431
8,16,1,1,1,6,278.97304270025546
8,42,1,0,1,6,255.48712258012392
8,5,1,1,1,4,276.43992871521397
7,57,0,1,1,6,265.5202531650491
7,16,0,1,1,2,259.7043586837689
7,33,1,1,1,6,279.7230172269808
7,39,1,0,1,3,260.8887042317666
7,2,1,0,1,3,260.99430383759443
7,20,0,1,1,5,259.84541962118266
7,44,1,1,1,0,274.16855019836566
7,5,1,0,1,4,257.2178744911359
7,8,1,0,1,4,259.5841698018548
7,57,1,1,1,7,290.85026585107255
7,32,1,0,1,0,258.39544608130325
7,0,0,0,1,4,240.43289332028073
7,48,0,1,1,5,259.9392319901756
7,49,0,1,1,6,260.1380855597114
7,57,1,0,1,1,259.0010350234094
7,58,1,0,1,3,259.08853315321653
7,21,0,1,1,0,254.83417459831784
7,38,0,0,1,7,245.89255000824485
7,23,0,0,1,4,245.28733357498464
7,17,1,0,1,5,263.86172015899905
7,48,1,0,1,6,261.25436162107775
7,14,1,0,1,0,257.7676241888616
7,46,1,1,0,1,261.5392668679343
7,44,1,0,1,5,260.3552525004279
7,19,1,0,1,3,260.58070472147006
7,27,0,1,1,3,262.276408915437
7,31,1,1,1,0,268.92394859225317
7,51,1,1,1,2,277.5957941387126
7,52,1,0,1,5,260.87445897814524
7,53,1,0,1,7,277.05299720490916
10,0,0,1,0,5,174.3318241839772
9,13,1,1,1,5,275.7342259766218
8,39,1,1,1,3,275.28300130286976
8,0,1,1,1,2,269.7372808561929
7,14,1,1,1,6,277.54035333332877
7,15,1,1,1,4,273.9491782892404
7,16,1,1,1,5,278.01264265785653
7,28,1,1,1,7,287.01842914091503
7,14,1,0,1,3,264.3655097008053
7,15,1,0,1,1,259.3544170501323
7,7,1,1,1,0,266.1489536997304
7,26,1,0,1,2,259.3262635692449
7,28,0,1,1,1,259.3201749219762
7,13,0,1,1,4,259.30371281389006
7,15,1,0,1,6,261.22476899276603
7,25,1,0,0,2,244.37180916531483
7,22,0,0,1,0,243.09754168990662
7,1,1,0,1,2,258.22775752920194
7,2,1,1,1,0,269.34624071769116
7,3,1,1,1,4,271.00268429323194
7,14,1,1,1,7,296.91518934711075
7,35,1,1,1,2,274.6145046500264
7,37,0,1,1,5,258.18956931206037
7,17,1,0,1,3,267.0173969164828
7,8,0,0,1,2,246.26027242076063
7,12,0,0,1,5,246.55989978840617
7,38,0,1,1,4,255.06962004062316
7,59,1,1,1,7,292.2194449128323
7,35,1,1,1,4,273.2828272616051
7,53,1,1,1,5,289.3917333683656
7,15,1,1,1,2,276.3044616038958
7,27,1,1,1,5,271.97091615056746
7,15,0,0,1,7,257.35906735001134
7,42,1,1,1,2,279.4699019264726
7,43,1,0,1,1,262.26825756642563
7,45,1,1,1,7,287.98559941072614
7,54,1,0,1,3,262.9472600620827
7,3,1,1,0,1,260.18476417894595
7,18,0,0,1,6,244.27233210035067
7,19,1,0,1,7,276.43737820495073
7,48,0,1,1,4,258.6783167879208
7,59,1,1,1,3,276.3545999050125
7,32,1,1,1,3,276.1254588014993
7,39,1,1,1,1,271.5022220830892
7,55,1,1,1,1,277.6494649966734
7,34,1,0,1,0,256.6679980480295
7,35,1,0,1,1,259.41593474267285
7,21,1,0,1,3,264.3786120872025
7,47,1,1,1,2,275.4335788411952
7,47,1,0,1,7,266.42095799618994
7,11,0,1,1,3,271.9595685637767
7,24,1,1,1,6,275.60155747848864
7,5,0,1,1,3,260.0916964360876
7,30,0,1,1,5,257.9231399179348
7,25,1,0,1,4,263.94819740884924
7,8,0,1,1,5,259.64788508045
7,45,1,1,1,4,254.03286679312075
7,19,1,1,1,4,276.7198678439626
7,29,1,1,0,2,258.5204239359763
7,49,1,0,1,4,258.0952969054249
7,7,1,0,1,1,261.92931341966334
7,23,1,0,1,1,264.54983035852723
10,0,1,0,0,0,15.31381697897655
10,1,1,0,0,3,5.253158294749912
9,55,1,1,1,6,276.2028673928792
7,23,1,1,1,0,267.56448219994036
7,24,1,1,1,1,276.4344670206372
7,58,1,1,1,1,271.9440587431279
7,35,1,0,1,5,260.1080555203714
7,34,1,1,1,7,281.6363222059389
7,8,1,1,1,4,271.14861458810026
7,35,0,1,1,3,256.3169237171154
7,9,1,0,1,5,260.02245883984284
7,27,1,1,1,6,274.7897795739515
7,12,1,1,1,1,271.918918679238
7,48,1,1,1,1,268.80877967927717
7,42,1,1,1,0,272.4938877500616
7,10,1,1,0,2,259.4796428578756
7,20,1,1,1,3,276.06477200767864
7,22,0,1,1,6,259.7925525298149
7,58,1,1,1,0,275.10594584378657
7,4,1,0,1,4,257.15283485970343
7,51,1,1,1,7,294.4937946154073
7,53,1,0,1,1,260.4507403060874
7,55,1,0,1,2,256.82512630411765
7,56,1,0,1,5,259.18680004626236
7,37,0,1,1,3,258.97711075160015
7,34,1,0,1,3,261.4175704254721
7,42,0,0,1,6,244.46243653254854
7,55,1,0,1,1,259.7031594619555
7,3,0,1,1,4,256.93784792957285
7,6,1,1,1,3,276.70681872432243
7,14,1,0,1,4,264.31686741212485
7,58,1,1,1,2,274.91465860078574
7,5,1,1,1,0,268.94917916186836
7,6,1,1,1,4,269.7072690723468
7,56,1,1,1,6,276.5827175910856
7,5,0,1,1,4,260.7321792206618
7,15,1,1,1,1,269.62101250577393
7,27,1,0,1,4,259.2434835012794
7,17,0,1,1,1,260.1718693126599
7,26,1,0,1,5,262.1610229949506
7,24,0,0,1,6,246.3320959327547
10,0,0,1,0,6,256.92233958112524
8,40,1,1,1,6,280.32684270378655
7,55,1,1,1,2,273.8010095446077
7,20,0,1,1,0,259.17462881906374
7,5,1,1,0,6,256.7616608743059
7,25,1,1,1,1,269.39211227827695
7,15,1,1,1,3,279.5027237180479
7,27,1,0,1,2,263.90594021726884
7,37,1,1,1,0,270.4049787953924
7,38,1,1,1,7,283.68169413256425
7,52,1,0,1,0,258.06905300591177
7,38,1,0,1,4,259.6943141169543
7,34,1,1,0,3,259.74716471707126
7,23,0,1,1,4,259.7314746884987
7,24,0,1,1,6,258.19904755435795
7,17,1,1,1,7,275.7378387275962
7,41,1,0,1,7,261.1538696402026
7,11,1,1,1,3,278.083140375989
7,37,0,1,1,7,261.94178670631226
7,28,1,0,1,7,273.01701872604514
7,33,1,1,1,5,278.91693172273597
7,24,1,0,1,7,274.2768138918267
7,23,1,1,1,7,284.44609909369075
7,53,1,1,1,2,276.86706641720014
7,54,1,0,1,2,261.78117539138293
7,55,1,0,1,0,256.9663798623114
7,25,1,1,1,3,274.2025135481059
7,33,1,1,1,7,291.2328880179084
7,25,1,1,1,0,271.00973068899975
7,26,1,1,1,7,287.1460559771494
7,33,1,1,1,0,268.61826239543825
7,43,1,1,1,0,273.5332154903563
7,44,1,1,1,3,280.0958783540922
7,41,1,1,1,7,281.3972861135151
7,49,1,1,1,0,270.32088682715516
7,16,0,1,1,4,257.74441467833867
7,19,1,0,1,6,266.6178452093767
7,20,0,1,1,6,262.11705382795776
7,32,1,1,1,1,273.07605253851153
7,46,1,1,1,0,269.76014266306584
7,2,1,1,1,2,270.23029620148844
7,3,1,0,1,6,256.90649059384845
10,0,0,0,1,6,162.37160734619354
8,11,1,1,1,3,279.5916838944471
8,41,1,0,1,7,275.0029270540963
7,8,1,1,1,0,269.2912706711027
7,9,1,1,1,0,271.76887679900847
7,13,1,1,1,3,276.66274168280984
7,2,1,1,1,7,281.5431465528113
7,52,1,1,1,2,275.8279674886487
7,53,1,1,1,6,276.6049030217497
7,44,0,1,1,4,257.7741591402184
7,14,1,0,1,7,263.25297129948007
7,27,1,1,1,3,282.4448460929474
7,30,1,0,1,6,263.07814948563856
7,34,1,0,1,6,261.7196850171217
7,14,1,0,1,2,262.31773045094195
7,18,1,0,1,1,259.80401647620977
7,3,1,0,1,7,265.73197580232164
7,56,1,1,1,1,276.0961709444661
7,6,1,0,1,3,262.3988595955186
10,0,1,0,1,5,254.7848448340502
8,34,1,1,1,1,276.0396963615206
7,27,1,1,0,6,261.9861709809084
7,44,0,1,1,1,261.33804178696556
7,47,1,1,1,5,275.14602834342014
7,40,0,1,1,3,257.95698108314383
7,20,1,1,1,1,277.5297421948592
7,0,1,1,1,6,277.41606999863313
7,36,1,1,1,5,277.97270026265556
7,45,1,0,1,1,259.43588026723035
7,26,1,1,1,0,268.3984872739163
7,10,1,1,1,7,275.7883362874615
7,35,1,1,1,3,274.6245746408905
7,44,1,1,1,4,274.5948398565372
7,4,1,1,1,7,275.4761874124501
7,8,1,0,1,2,260.12564705899547
7,34,1,1,1,3,272.35544118000666
7,3,1,0,1,1,253.80502091704417
7,24,1,1,1,0,270.56265875090645
7,8,1,1,1,5,270.85211680861875
7,38,1,1,1,2,273.63290706629067
7,28,1,1,1,5,274.87207045975333
7,54,1,1,1,1,274.6369810781598
7,2,1,1,1,3,272.18260335124245
7,3,1,0,1,5,255.56994562406223
7,44,1,0,1,1,261.040986952979
7,25,1,0,1,2,255.6521989603868
7,26,1,1,1,3,274.7391372495952
7,27,1,0,1,3,272.8304585350494
10,0,0,0,0,4,228.70195559267466
9,27,1,1,1,6,278.208329541718
7,49,0,1,1,5,259.7419025494646
7,17,1,0,1,0,256.2497508580285
7,43,1,1,1,2,271.99474814043134
7,44,1,1,1,1,275.66068119263116
7,49,1,1,1,4,277.4019294920945
7,1,1,1,1,0,264.66650100320464
7,12,1,0,1,7,277.49390365766277
7,52,1,1,1,1,274.0275019142881
7,48,0,1,1,0,256.887756425766
7,49,0,1,1,7,272.2978855520701
7,2,1,0,1,0,252.35252171708316
7,4,1,1,1,0,261.7741854015067
7,45,1,0,1,3,270.2544362833134
7,10,1,0,1,2,256.1908572116415
7,11,1,0,1,2,255.65741087617354
7,12,1,1,1,4,269.4041323625049
7,25,0,0,1,1,243.33992078906053
7,5,1,0,1,6,258.4794729505842
7,3,1,0,1,4,256.2056376571473
7,14,1,1,1,2,274.59855654625676
7,53,1,1,1,1,273.0322108955133
7,28,1,1,1,1,272.4589310067943
7,24,1,1,1,3,276.3856167452829
7,3,1,1,1,1,273.87311187381994
7,7,1,1,1,4,274.5936006539906
7,34,1,0,1,2,261.41228494642695
7,43,1,0,1,7,264.36526502637247
7,51,1,0,1,3,263.774292961026
7,2,1,1,1,5,271.0469412351064
7,6,1,1,1,5,276.1971109123194
7,49,1,1,1,5,279.8354283923459
7,54,1,0,1,5,260.0509091214612
7,10,1,1,1,5,272.96896671057044
7,51,1,1,1,1,280.0339194728452
10,0,1,0,0,2,74.6722253377622
7,12,1,0,1,1,261.89949415558476
7,19,1,1,1,3,278.25821352117714
7,4,0,0,1,2,244.65393703469468
7,28,1,0,1,5,260.30476766325097
7,57,1,0,1,7,273.77036345494423
7,13,1,1,1,1,274.51953593197305
7,11,1,0,1,0,254.69587771695
7,46,1,1,1,2,274.7675562668613
7,5,0,1,1,0,258.41691327129485
7,35,1,1,1,0,271.64738406562276
7,7,1,1,1,5,272.12931458703275
7,58,1,0,1,5,260.278689468542
9,36,1,1,1,3,277.27678880089627
7,27,1,1,1,2,274.8905720840979
7,36,1,0,1,7,267.7026620104707
7,5,1,1,0,5,257.334069912427
7,31,1,1,1,1,270.7057853222824
7,26,0,1,1,7,276.8897237253166
7,29,1,1,1,1,271.5907928405407
7,5,1,1,1,4,272.8963332994541
7,31,1,1,1,5,276.57200192139635
7,56,1,0,1,4,258.4245549656893
7,8,1,1,1,7,281.450550418739
7,15,1,0,1,5,264.23766699064635
7,9,1,1,1,7,290.9848066038124
7,57,1,0,1,4,257.6452279255601
7,18,1,1,1,6,278.5389715757182
7,39,0,1,1,4,256.89181151964635
7,41,1,1,1,6,278.30067461502284
7,59,1,1,1,1,275.4582416606325
7,0,1,1,1,3,276.21461779522105
7,56,1,1,1,2,276.23255525544505
7,1,1,1,1,1,273.1164892775191
7,57,1,1,1,4,279.9604732394429
7,53,1,0,1,0,257.14053649852497
7,35,1,0,1,4,259.6480042596507
7,36,1,0,1,5,260.2590291689975
10,0,1,1,0,1,256.4089636829168
8,25,1,1,1,4,276.37750481654064
7,3,1,1,1,5,274.23230582870315
7,25,1,0,1,3,258.3190990997256
7,37,1,1,1,7,271.99890157473544
7,6,1,1,1,2,276.2787525416443
7,54,1,1,1,4,275.00179385459376
7,18,1,1,1,0,272.894430027893
7,34,1,1,1,4,270.0333729967043
10,0,0,0,0,3,179.1922281632973
7,14,1,1,1,5,275.88102352554023
7,44,1,1,1,6,286.31054886223006
7,46,1,0,1,0,254.1968729604119
7,6,1,1,1,7,276.62818686835806
7,17,1,1,1,6,275.1102863493799
7,23,1,1,1,1,273.61323236409504
7,24,1,1,1,7,287.5770881249716
7,29,1,1,1,7,283.4477047798797
7,45,1,1,1,3,278.6258901322504
7,51,1,1,1,5,281.9416310101076
7,16,0,1,1,6,259.2007949024333
7,45,1,1,1,2,264.64091648614374
10,0,1,0,0,1,103.23874193180465
7,27,1,0,1,1,262.35512768497296
7,33,1,0,1,6,260.9178882970771
7,38,0,1,1,5,256.60694942992785
7,46,1,1,1,1,273.1833666680949
7,15,1,0,1,4,259.999917598227
7,55,1,0,1,5,262.7064363650774
7,11,1,1,1,5,284.09544546639626
7,33,1,1,1,2,275.97822398398023
7,20,1,1,1,0,272.63015907810194
7,49,1,0,1,0,254.66062935711702
7,46,1,1,1,4,277.82790554610204
10,0,0,0,1,0,29.844359651146075
10,1,0,0,1,4,101.1958310842905
7,30,1,0,1,1,261.5360086633791
7,33,1,0,1,7,272.906879075827
7,49,1,1,1,6,280.6565624884017
7,37,1,1,1,5,273.21271727211627
7,17,1,1,1,3,275.4494663209009
7,5,1,0,1,5,258.18759078217505
7,38,1,1,1,4,271.26147064517534
7,25,1,1,1,5,273.84712738666974
7,4,1,0,1,0,256.01458917873157
7,45,1,0,1,7,266.3910614662705
7,57,1,0,1,5,258.2595370287881
10,0,1,0,0,5,116.88131527901808
7,36,1,1,1,3,273.51517600061794
7,47,1,1,1,7,290.7474195740119
7,47,1,0,1,2,257.69790276316115
7,15,1,1,1,6,275.99519207596956
10,0,1,1,0,6,99.57772776202428
7,35,1,1,1,7,288.5727009166137
7,20,1,1,1,4,277.2190143523759
10,0,0,0,0,7,173.57983927936905
7,8,1,1,1,6,272.77003798659155
7,40,1,1,1,7,284.83874391302913
7,12,1,0,1,0,255.8523663401532
7,51,1,1,1,6,281.92282193858284
7,24,1,0,1,2,256.19615517944294
10,0,0,1,0,7,247.0965246048681
7,50,1,1,1,7,276.9474127517663
10,0,0,0,1,1,191.99715520176113
10,0,1,0,1,3,143.5909709452835
7,10,1,1,1,1,271.8067541160473
10,0,1,1,0,5,152.4578350767424
10,0,0,1,0,1,197.95655179889647
7,0,1,1,1,1,275.37003701038617
10,1,1,0,0,5,81.39095303582404
7,42,1,1,1,4,278.61541286386023
10,0,1,0,1,6,65.12511936085232
7,4,1,1,1,6,275.3432454158758
10,0,0,0,1,2,183.1607820639878
10,0,0,0,0,2,182.4525096855553
10,0,1,0,0,7,288.1802050061397
10,0,0,0,0,1,126.44444888131471
10,0,0,0,1,7,156.80208214950864
10,0,0,0,1,5,171.37968303076065
7,13,1,1,1,2,276.6720481497937
10,0,1,0,1,0,25.855471700821422
10,1,1,0,1,0,3.5861841375924906
10,2,1,0,1,1,17.904894853407246
10,0,1,0,1,1,117.17759082700053
10,0,1,0,0,6,87.07933982540197
10,2,1,0,1,3,42.569049802651534
10,0,0,1,0,3,178.27412103000663
10,0,1,0,0,3,151.95627192023886
10,1,1,0,0,7,23.327182036487503
10,1,0,1,0,1,20.53306716112723
10,1,0,0,1,2,21.358182574935782
10,0,1,1,0,0,6.347911389586027
10,1,1,1,0,5,67.5936072870532
10,1,0,1,0,5,21.5544441631988
10,1,1,0,1,7,98.57616658207138
6,55,0,0,0,4,202.6752860717742
6,56,0,0,0,7,212.56209711572367
6,57,0,0,0,2,203.8974643270982
6,58,0,0,0,0,201.72438710554525
6,59,0,0,0,1,202.77538422188175
6,32,0,0,1,0,216.02138825890754
6,33,0,0,1,0,219.37624653439588
6,34,0,0,1,7,234.5501934014501
6,35,1,1,0,4,237.02816104444813
6,36,0,1,0,0,217.4124907154199
6,37,0,1,0,0,216.03813542391214
6,38,0,1,0,6,229.71170613176108
6,39,0,1,0,2,218.50706395809294
6,40,0,1,0,1,216.92686044231166
6,41,0,1,0,0,213.7971717495957
6,42,0,1,0,0,212.23394850375902
6,43,0,1,0,0,212.22784696099063
6,44,0,1,0,0,214.50580536813183
6,45,0,1,0,0,214.68042432880821
6,46,0,1,0,0,216.07077771332135
6,47,0,1,0,6,217.6498219443565
6,48,0,0,0,2,203.13762509886817
6,49,0,0,0,7,213.06363810416207
6,50,0,0,0,0,203.15804308853697
6,51,0,0,0,5,210.6647854879318
6,52,0,0,0,1,204.2170148733433
6,53,0,0,0,0,201.58846022146858
6,54,0,0,0,7,217.76351319221064
6,55,0,0,0,3,204.3210330961218
6,56,0,1,1,5,236.73747757299498
6,57,0,1,0,0,216.5914451812027
6,58,0,1,0,0,214.27502477998493
6,59,0,1,0,3,218.94022829063212
6,0,0,0,0,5,196.5052249881104
6,1,0,0,0,1,199.086756354633
6,2,0,0,0,5,204.4557037573759
6,3,1,0,1,5,232.16430976502434
6,4,1,0,1,3,241.5697020644912
6,5,1,1,0,3,234.49745294152106
6,6,1,0,0,0,214.8159773280116
6,7,1,0,0,6,217.36159514929219
6,8,0,1,0,0,215.99282725512245
6,9,0,1,0,0,216.2919493883564
6,10,0,1,0,5,217.07611785582947
6,11,0,1,0,4,215.29585375741507
6,12,0,1,0,0,213.5951563330786
6,13,0,1,0,0,215.77559481755833
6,14,0,1,0,5,219.65071731967168
6,15,0,1,0,0,216.0761854107416
6,16,0,1,0,5,218.98124042363995
6,17,1,1,0,1,233.48142597105362
6,18,1,1,1,0,238.5893161725922
6,19,1,1,1,6,256.3883713217006
6,20,0,1,1,4,228.1646203441698
6,21,1,1,1,1,169.81043807059606
6,22,1,1,0,0,230.10444308987283
6,23,1,1,0,0,230.64124821951617
6,24,1,1,0,0,228.1635087830497
6,25,1,1,0,2,232.00637260218608
6,26,1,0,0,0,213.25444709777022
6,27,1,0,0,7,226.05046851805324
6,28,0,0,0,0,200.55598832330293
6,29,0,0,0,4,202.33942747995516
6,30,0,0,0,7,202.64383287824074
6,31,0,1,0,0,216.83618623334615
6,32,0,1,0,0,218.16258989057638
6,33,0,1,0,3,221.73004027169765
6,34,0,1,0,6,222.5830350957922
6,35,0,0,0,2,203.24404041993793
6,36,0,0,0,0,201.87283875512702
6,37,0,0,0,7,218.79319063296336
6,38,0,0,0,4,196.10554587461792
6,39,1,0,0,2,217.0398812183666
6,40,1,0,0,0,212.9240827891621
6,41,1,0,0,0,211.6655706571049
6,42,1,0,0,0,213.3495097355609
6,43,1,0,0,6,227.01480050765915
6,44,0,0,0,0,199.12916180190697
6,45,0,0,0,4,203.07421725738217
6,46,0,0,0,4,200.9717919482259
6,47,0,0,0,0,200.57944175357733
6,49,0,0,0,2,205.69669520332448
6,50,0,1,0,0,215.38233786316184
6,51,0,1,0,0,216.6263420071311
6,52,0,1,0,0,219.68810230993267
6,53,0,1,0,0,215.8956300035448
6,54,0,1,0,6,221.33949620442417
6,55,1,0,0,7,213.38642451831882
6,56,0,1,0,0,216.43237532997526
6,57,0,1,0,5,207.7399232180122
6,59,0,1,0,6,221.78243200428116
6,0,1,0,0,0,212.4694955831427
6,1,1,0,0,0,212.7717955528629
6,2,1,0,0,0,215.01364854077553
6,3,1,0,0,3,219.60222782713436
6,5,1,1,1,7,254.44548037545778
6,6,0,0,1,0,211.8029251543982
6,7,0,0,1,7,213.03035589397157
6,8,0,0,0,0,199.87804338469087
6,9,0,0,0,3,202.65947965021792
6,10,0,1,0,2,218.84683560624666
6,11,0,0,0,0,199.86882044367997
6,12,0,0,0,0,200.42410780467515
6,13,0,0,0,4,203.85575183527646
6,14,0,0,0,2,203.80584240673306
6,15,0,0,0,2,202.816025906134
6,16,0,0,0,5,201.3179526944429
6,17,0,0,0,0,201.67004560014183
6,18,0,0,0,4,206.26275710899876
6,19,0,0,0,0,198.45305864028245
6,20,0,0,0,0,197.8742718948671
6,21,0,0,0,2,200.19905686661153
6,22,0,1,0,5,216.01355311509695
6,23,0,1,1,2,221.44605315008675
6,24,0,0,1,3,220.22665962649438
6,25,0,0,0,2,201.08954216415475
6,26,0,0,0,0,199.9785749119899
6,27,0,0,0,4,201.68488101121937
6,28,0,0,0,7,211.72471986858176
6,29,0,0,0,0,200.66441478098875
6,30,0,0,0,0,203.0076312436181
6,31,0,0,0,0,201.9153271398843
6,32,0,0,0,7,200.4614041268728
6,33,1,0,1,4,234.8238349517233
6,34,0,0,1,2,221.78953935287865
6,35,0,1,1,0,233.93040234156516
6,36,0,1,1,6,235.07185509304517
6,37,1,0,1,3,232.77850251428322
6,38,1,1,0,0,231.36840648723762
6,39,1,1,0,4,230.31861981460366
6,40,1,1,0,4,231.62151990978532
6,42,0,1,0,5,219.81439376083847
6,43,0,1,0,6,214.5396863054788
6,45,0,1,0,1,215.81352176374688
6,46,0,1,0,5,220.4185794785671
6,47,0,1,0,5,217.71586106543174
6,48,0,1,0,2,214.28499455262383
6,49,0,1,0,0,216.72623481888894
6,50,0,1,0,4,218.51944656688124
6,51,0,1,0,1,219.34601017466525
6,52,0,1,0,4,221.8146763360073
6,53,0,1,0,5,221.25173664833187
6,54,0,1,0,5,219.44349518783778
6,55,0,1,0,1,218.4589659284884
6,58,0,1,0,6,222.7085975426906
10,1,1,0,0,0,0.0
10,2,1,0,0,6,23.861449484198918
6,12,1,1,0,7,245.1334493593102
6,13,0,0,1,6,210.82909278358366
6,14,0,0,1,0,212.54281969342736
6,15,0,0,1,7,212.26194917641618
6,16,0,0,0,7,215.57146903152022
6,17,1,0,0,3,220.43733317557545
6,18,1,1,0,6,233.71905629426112
6,21,0,0,0,5,205.48656702123833
6,22,0,0,1,4,214.81270469899113
6,23,0,0,1,2,216.14097322332833
6,24,0,0,1,6,226.00941978869722
6,25,0,1,1,7,230.7184692120681
6,26,0,0,0,3,202.88434039450766
6,27,0,1,0,0,212.6485821606023
6,28,0,1,0,0,213.75592078486156
6,29,0,1,0,2,216.86554844108738
6,31,0,0,0,6,213.4376754060533
6,32,0,0,0,0,204.64305380607067
6,33,0,0,0,3,207.36240964079963
6,34,0,1,1,6,248.63080369612354
6,35,1,0,1,4,219.85239018818416
6,36,1,0,1,7,248.64785268994666
6,37,0,1,0,7,239.06508725720096
6,38,1,0,0,0,215.9457580986361
6,39,1,0,0,0,217.18183002907898
6,44,1,0,0,1,216.34156860258858
6,45,1,0,0,0,214.0261304687289
6,46,1,0,0,7,228.19656088280968
6,47,1,0,0,2,219.248932162843
6,48,1,0,0,0,216.5013449446049
6,49,1,0,0,6,220.9161119882405
6,50,0,0,0,1,206.8234958774606
6,51,0,0,0,0,204.75134419069835
6,52,0,0,0,0,203.79929321985065
6,53,0,0,0,1,202.59851868012356
6,54,0,0,0,1,201.6014303324438
6,55,0,0,0,0,200.75496550403352
6,56,0,0,0,0,200.63175594696253
6,57,0,0,0,1,201.2700099118438
6,0,0,0,0,4,200.84536783962113
6,1,0,0,0,0,199.03362191791152
6,2,0,0,0,3,204.6044363001438
6,3,0,1,0,0,214.40986930121426
6,4,0,1,0,0,213.42153296977273
6,5,0,1,0,3,220.35204644282393
6,6,0,0,0,4,203.45328952514905
6,7,0,0,0,3,200.977732123673
6,8,0,0,0,6,202.52442309346267
6,9,0,1,0,4,216.85910869318965
6,10,0,1,0,7,225.79571308783957
6,11,1,0,0,1,219.18100486779326
6,12,1,0,0,2,213.70509283951657
6,13,1,0,0,0,215.06567552831183
6,14,1,0,0,1,215.02428872547003
6,15,1,0,0,0,215.58235607591573
6,16,1,0,0,6,219.47505823576603
6,17,0,1,0,0,216.23686910820996
6,18,0,1,0,2,223.1190343861241
6,19,0,1,0,0,214.80911959240953
6,20,0,1,0,5,219.76070257804668
6,21,0,1,1,1,230.19769318062382
6,22,0,1,0,0,213.12209107838214
6,23,0,1,0,5,208.69205430973417
6,24,0,1,0,1,213.39941543786182
6,25,0,1,0,0,214.813878962347
6,26,0,1,0,4,213.78489423371806
6,29,0,1,0,5,216.2050230853681
6,30,1,1,1,0,218.94799306740433
6,31,1,1,1,0,198.14811346866276
6,32,1,1,1,0,222.96196306558426
6,33,1,1,1,0,211.6898313066668
6,34,1,1,1,6,244.09040133388058
6,35,0,0,1,3,222.66816020145762
6,37,0,0,0,0,201.62467277791563
6,38,0,0,0,7,202.57302672844494
6,39,0,0,1,0,216.53981591064084
6,40,0,0,1,1,217.25128320452512
6,41,0,0,0,0,200.26557541568457
6,42,0,0,0,0,197.81570088553846
6,43,0,0,0,4,201.9164834838156
6,45,0,0,0,0,199.5688880444539
6,46,0,0,0,1,201.87038728839997
6,48,0,0,0,3,207.0352519369381
6,49,0,0,1,6,219.81109742799012
6,50,1,0,1,3,244.4147009585903
6,51,1,0,0,2,221.59196192650492
6,52,1,0,0,5,219.09914845056903
6,53,1,0,0,2,221.24307088879286
6,54,1,1,0,1,232.6013958444163
6,55,1,1,0,0,231.83508633477993
6,56,1,1,0,6,235.67932415961536
6,57,1,0,0,0,211.08281902974463
6,58,1,0,0,0,211.8517518277468
6,59,1,0,0,1,214.61404305084807
6,32,0,1,0,2,219.7161656770591
6,34,0,0,1,5,223.87719631712864
6,35,0,0,0,0,200.69012591036946
6,37,0,0,0,1,203.5907067898872
6,38,0,0,1,0,215.81298222982014
6,39,0,0,1,5,220.164523281932
6,40,1,0,0,7,232.7904832765233
6,41,0,0,0,6,202.05993710421632
6,42,1,1,0,0,226.0816095823294
6,43,1,1,0,7,232.16654786503662
6,44,0,0,1,0,213.7943817360122
6,45,0,0,1,7,223.08866637359296
6,46,0,0,0,6,205.49169400191877
6,48,0,0,0,0,200.27299207249007
6,49,0,0,0,0,202.11953005436078
6,53,0,0,0,3,206.41216787674318
6,55,1,0,0,2,219.22816862846742
6,56,1,0,0,0,216.98517245459666
6,58,1,0,0,6,225.89246827017584
6,59,0,1,0,4,216.202337061234
6,0,1,1,0,4,229.06544123596865
6,1,0,1,0,3,217.67816863823737
6,2,0,1,0,0,215.00590043781844
6,3,0,1,0,7,216.48990321791078
6,4,1,1,1,4,220.40715658476682
6,5,0,1,1,0,230.74121951252192
6,6,0,1,1,2,229.76722272668073
6,7,0,0,1,2,216.26773228821466
6,8,0,0,1,0,213.24035759110367
6,9,0,0,1,6,213.1482872929526
6,10,0,0,1,0,211.10559969970527
6,11,0,0,1,0,214.171575303027
6,12,0,0,1,0,214.4621938471446
6,13,0,0,1,0,212.83297013635664
6,14,0,0,1,2,213.59982884550067
6,15,0,1,1,0,230.48382897176913
6,16,0,1,1,5,232.18825649491555
6,18,0,1,0,4,217.4823938835626
6,19,0,1,0,2,216.48918227145623
6,20,0,0,0,6,203.37037856236822
6,22,0,0,0,0,200.01720065115157
6,23,0,0,0,1,201.59707939943013
6,24,0,0,1,4,216.77297522878092
6,25,0,0,1,1,218.65533032999713
6,26,0,0,1,0,214.3599221537789
6,27,0,0,1,2,218.65004000649182
6,28,0,1,1,0,231.5434082774137
6,29,0,1,1,0,230.78094284971
6,30,0,1,1,0,230.7081547104858
6,31,0,1,1,7,232.48588408188803
6,33,0,0,0,0,201.32080359910574
6,34,0,0,0,3,203.5733696368634
6,36,0,0,0,5,215.64163137547763
6,37,0,0,1,5,219.43365105224578
6,39,0,0,1,3,229.62232975930564
6,40,0,0,0,4,201.2236028195357
6,41,1,0,0,6,213.3323459469911
6,43,0,0,0,0,202.11631830656944
6,44,0,0,0,4,204.82148907858365
6,47,0,0,0,6,204.20796094317376
6,48,1,1,0,6,228.3150317923288
6,49,1,0,0,4,218.83200532714255
6,50,1,0,0,2,222.75401404928746
6,51,1,1,0,5,235.3163900743573
6,52,0,1,0,3,224.45331733660896
6,53,0,1,0,2,218.1963188340729
6,54,0,0,0,5,203.98510511953629
6,57,0,0,0,0,199.05140694624237
6,58,0,0,0,4,203.12805349282652
6,59,0,0,0,0,198.64820311125445
6,58,1,0,0,2,215.38546827520557
6,59,1,0,0,4,214.44107362329444
6,59,0,0,0,7,200.19926122825046
6,0,0,0,0,0,198.5258913095224
6,2,0,0,0,0,201.02952845076618
6,3,0,0,0,0,201.81873136862214
6,4,0,0,0,0,202.25403450846431
6,5,0,0,0,0,201.7525947423994
6,6,0,0,0,0,199.2571706398374
6,7,0,0,0,6,201.59905341474698
6,8,1,0,0,0,213.9498664909089
6,9,1,0,0,0,213.66590461001354
6,10,1,0,0,5,215.56951405954536
6,11,0,0,0,2,203.5099530258888
6,12,0,0,0,7,202.16670018244386
6,13,0,0,0,2,203.388798278473
6,14,0,0,0,0,202.13106590127427
6,15,0,0,0,0,202.5422555335958
6,16,0,0,0,4,200.71584194856345
6,18,0,0,0,5,207.3202931083988
6,19,0,0,0,7,220.11782127711604
6,21,0,0,0,4,198.04891239296148
6,25,0,1,0,2,219.8447864726148
6,26,0,0,0,1,201.37597121740404
6,27,0,0,0,7,202.85125795578088
6,28,0,0,1,0,216.8977872331015
6,29,0,0,1,5,219.76417984707996
6,30,1,0,0,7,219.9662153098277
6,31,0,1,0,5,218.78033628846967
6,32,1,1,0,0,231.35175771380827
6,33,1,1,0,0,232.39179005342686
6,34,1,1,0,0,233.39196868487207
6,36,0,1,0,1,218.35255384495355
6,37,0,1,1,0,233.31376281951324
6,38,0,1,1,0,231.0228292067114
6,39,0,1,1,6,235.56357864675064
6,42,0,0,0,2,201.5310500275839
6,43,0,0,0,7,214.79585598639903
6,44,1,1,0,5,235.08070971810014
6,47,1,1,1,7,261.61627292042476
6,48,0,0,0,6,211.52594271627297
6,50,0,1,0,2,219.6984848705112
6,51,0,0,0,7,222.13678934135757
6,53,0,0,1,3,224.09384086307122
6,54,0,0,0,0,201.90069792984207
6,58,0,0,0,6,204.08529982147687
6,0,0,0,0,3,199.35348452191508
6,5,0,0,0,3,210.28119118677395
6,9,0,1,0,6,219.57130445632916
6,10,0,0,0,0,198.34062713667785
6,13,0,0,0,1,200.32132670505848
6,15,0,0,1,6,216.085901571568
6,16,0,1,1,0,225.2379119734071
6,17,0,1,1,2,230.83909745258
6,18,0,1,1,0,227.2747711385134
6,19,0,1,1,2,231.46780143641564
6,20,0,1,1,6,228.63949000696135
6,21,0,0,1,1,213.22834528794777
6,22,0,0,1,0,213.1584755549135
6,23,0,0,1,0,214.27829383909798
6,24,0,0,1,5,216.74582658864054
6,25,1,0,0,0,216.24861186271661
6,27,1,0,0,2,217.71854240640582
6,28,1,1,0,0,228.84064913768384
6,29,1,1,0,0,230.30595161439905
6,30,1,1,0,4,236.26590520704175
6,31,1,1,0,0,231.51297434726644
6,32,1,1,0,7,235.92278669379886
6,33,0,0,0,4,204.45810134153035
6,34,0,0,0,2,204.26024009106752
6,35,0,1,0,0,215.28105267073414
6,36,0,1,0,3,232.17789654138033
6,39,0,0,0,0,201.96561619108354
6,40,0,0,0,6,206.08895420208543
6,42,0,0,0,5,205.67997729868915
6,44,0,0,0,6,206.16484171041293
6,46,0,0,0,0,198.41051135431718
6,47,0,0,0,5,203.72738573620927
6,48,1,0,0,6,228.5122080090923
6,49,0,1,0,4,218.7285265389412
6,52,0,1,1,0,231.0468083878073
6,53,0,1,1,0,231.87953555734964
6,54,0,1,1,6,227.33255887966604
6,55,0,0,1,0,216.6340879947819
6,56,0,0,1,0,213.5772656393642
6,57,0,0,1,0,215.70956252784305
6,58,0,0,1,5,211.6996995048255
6,59,0,0,1,7,232.76552767736825
6,13,0,0,0,0,198.74137115309688
6,15,0,0,0,7,204.49977963233587
6,16,1,1,0,5,243.77570577138306
6,17,0,1,0,4,218.10820627925216
6,20,0,0,0,1,199.93244585485
6,21,0,0,0,0,197.85817511355583
6,22,0,0,0,1,197.72046903153444
6,24,0,0,0,0,197.4051402246537
6,25,0,0,0,0,200.53834747212662
6,27,0,0,0,2,202.27096758810853
6,30,0,0,0,1,203.60445178311176
6,35,0,1,0,6,217.31920600340283
6,36,0,0,0,6,205.72673686147806
6,37,0,1,0,5,218.35057857925244
6,38,1,1,1,4,227.0930508861671
6,40,0,1,1,7,247.31087351619013
6,41,1,0,0,5,216.27728185837947
6,42,0,0,1,3,217.14993602867736
6,46,0,0,0,2,202.83087640997553
6,48,0,1,0,5,217.53891448729206
6,50,0,1,0,7,231.21109206932104
6,51,1,1,1,0,202.47276735241013
6,52,1,1,1,0,223.4236330026796
6,53,1,1,1,7,250.59035284972776
6,55,0,0,0,1,201.09357598271865
6,56,0,0,0,4,202.44157932994668
6,58,0,0,0,1,200.83539757345284
6,47,0,1,0,2,219.2047925891544
6,49,1,1,0,0,231.87865092763133
6,50,1,1,0,5,233.63762327286645
6,51,0,1,0,6,221.07929486366092
6,52,0,0,0,4,205.5767845880057
6,53,1,0,0,1,217.16289989984156
6,54,1,0,1,0,228.91256181120508
6,55,1,0,1,6,236.08493097535998
6,56,0,1,1,4,236.1386640697378
6,57,0,1,1,6,239.8878025169638
6,58,0,1,1,0,230.28838342361138
6,59,0,1,1,7,233.88614177013693
6,12,0,0,0,3,198.28175952468928
6,14,0,0,0,3,202.89354567537333
6,15,0,0,0,3,214.68633966483375
6,18,0,0,0,1,206.17892535870968
6,19,0,0,1,2,216.91028291293523
6,20,0,0,1,0,212.33701999767825
6,23,0,0,0,0,199.9605838926916
6,24,0,0,0,6,199.87693407978446
6,26,0,0,0,2,202.8239883071605
6,28,0,0,1,2,215.90193462694364
6,29,0,0,1,2,220.53194088417786
6,31,0,1,1,6,236.08240317688234
6,32,0,1,1,0,232.20619676252346
6,33,0,1,1,1,236.82006520151623
6,34,0,1,0,5,223.8663558131115
6,35,1,1,0,0,229.63422584187742
6,36,1,1,0,1,231.64623642204648
6,37,1,1,0,7,230.7375438306974
6,38,0,0,1,6,220.3252266513661
6,39,0,0,1,1,217.57973159433766
6,40,0,0,0,3,203.82297867902636
6,42,0,0,0,4,202.0003914592715
6,46,0,0,0,5,201.89683879383142
6,47,1,0,0,4,217.08550458442002
6,48,0,0,0,4,192.07068632640744
6,49,1,0,0,7,218.28937593561548
6,51,1,1,1,6,235.0279025008529
6,52,0,0,1,0,214.54102643124656
6,59,0,0,0,5,203.02803422348507
6,40,1,1,0,6,243.79785323932015
6,41,1,0,0,4,216.1214454596725
6,43,0,0,0,3,201.15319987815394
6,51,0,0,0,4,204.80822183763095
6,53,0,0,0,4,204.74005841694148
6,54,1,0,0,3,221.57018728049013
6,55,1,1,0,4,234.58414225269405
6,56,0,1,0,7,225.72083586509427
6,58,0,1,0,5,220.56581605303882
6,59,0,1,0,5,220.24263168060338
6,0,1,1,1,0,217.8147225536922
6,1,1,1,1,2,228.43851303855288
6,2,1,0,1,0,183.6682911708238
6,5,1,0,0,4,217.8150864706599
6,7,1,0,0,7,218.5965975985842
6,8,0,1,1,7,241.1039050789544
6,9,0,1,1,6,234.1688188288195
6,10,0,0,1,6,215.55852324577293
6,11,0,0,1,5,212.5928983261639
6,12,1,0,0,5,213.64282651567228
6,16,0,0,0,0,199.9985982383798
6,17,0,0,0,3,197.29297705871966
6,19,0,0,0,1,201.98612136206387
6,21,0,0,1,4,215.46963798232443
6,27,0,0,0,0,201.69392829052487
6,29,0,0,0,5,201.60950717043963
6,30,1,0,0,3,220.48359945752017
6,31,1,0,0,0,217.1571796065391
6,32,1,0,0,3,223.18319151094704
6,33,1,0,0,0,217.70879939640588
6,34,1,0,0,6,223.4549771958225
6,35,1,0,0,0,216.87136529567522
6,36,1,0,0,0,217.66632760875962
6,37,1,0,0,7,231.90861063950487
6,38,1,0,0,6,221.862661362312
6,41,0,0,0,3,203.80225964475747
6,43,0,0,0,1,200.9013555272871
6,45,0,0,0,5,201.9482526377877
6,46,1,0,1,3,235.50015926238828
6,48,1,0,0,4,219.87819128317557
6,51,0,0,0,3,207.96963854952844
6,55,0,1,0,2,217.24766100857732
6,57,0,0,0,7,204.20463788611542
6,58,0,1,0,4,216.30745263610268
6,0,0,1,0,0,213.28268367417473
6,1,0,1,0,5,217.54493750062986
6,2,1,1,1,0,219.84729359213924
6,3,1,1,1,6,200.08792165700942
6,4,0,1,1,0,229.54761711428466
6,5,0,1,1,5,227.0977050800309
6,6,0,1,0,4,217.53190868194963
6,7,0,1,0,0,213.18197688717797
6,9,0,1,0,7,228.70844893200595
6,10,0,0,1,3,217.48233318960897
6,11,0,0,0,3,199.70400962233927
6,12,0,1,0,6,227.8020355176212
6,13,1,0,0,2,215.40631528229588
6,14,1,0,0,7,215.1751074782282
6,17,0,0,0,5,200.864105775087
6,18,0,0,0,2,206.48434772284278
6,19,0,1,0,4,218.00379847412708
6,20,1,1,0,0,228.06132121010674
6,21,1,1,0,2,231.06732568583027
6,22,1,1,0,5,232.3929109950075
6,23,0,1,0,0,214.0137185182206
6,24,0,1,0,0,214.18203977784862
6,25,0,1,0,4,217.47528619517104
6,26,0,1,0,5,214.6396735353707
6,27,0,1,1,0,229.8688880239672
6,28,0,1,1,6,225.64177976850567
6,32,0,0,0,4,206.38253202677174
6,33,0,0,0,7,216.68913324356842
6,37,1,1,0,4,234.6830176698923
6,41,1,0,0,2,214.41109996740605
6,43,1,0,0,3,217.92771904187518
6,45,1,1,0,0,230.15272115452302
6,46,1,1,0,4,236.487810991567
6,47,0,1,0,4,215.17096203380925
6,48,0,1,0,6,214.13848350582185
6,50,1,0,0,5,219.8141231566079
6,55,0,0,1,7,216.3073416319572
6,57,1,1,0,0,228.250423545323
6,58,1,1,0,4,230.0153595726726
6,59,0,1,0,7,219.45435244728813
6,28,1,0,0,5,217.08502021545922
6,29,0,0,0,1,202.29478263817236
6,31,0,0,0,4,207.5872070699879
6,32,0,0,0,3,197.50430519148284
6,36,0,0,0,2,205.07954369770334
6,40,1,0,1,0,202.59227820955277
6,41,1,0,1,0,224.8604782887994
6,42,1,0,1,0,204.73336790385636
6,43,1,0,1,0,222.6845450973961
6,44,1,0,1,0,225.0554061635937
6,45,1,0,1,6,243.32794818396263
6,46,0,0,1,0,216.00598114585475
6,47,0,0,1,0,213.62065308659905
6,48,0,0,1,6,221.8951703173852
6,49,0,0,1,7,217.51118126400365
6,50,0,0,0,4,205.6962894471826
6,52,1,1,0,1,234.68055963023616
6,53,1,1,0,0,228.52176418839505
6,54,1,1,0,3,237.8563811427394
6,56,0,0,0,1,202.2058384593664
6,57,0,0,1,7,213.31881589694342
6,59,0,1,0,1,215.9114365813083
6,1,0,1,0,7,217.95068887636123
6,5,0,1,0,7,219.3595432724899
6,7,0,0,0,0,200.4342730997404
6,10,0,0,0,1,199.22388404158914
6,14,1,0,0,4,218.16110267053517
6,15,1,0,0,1,216.81247538992082
6,19,0,0,0,4,202.64336526668734
6,20,0,0,0,4,204.51322026758163
6,22,1,0,0,0,213.25509844363714
6,23,1,0,0,4,216.66546986227183
6,24,0,0,0,4,197.7896864604853
6,25,0,0,0,1,201.32297296702833
6,27,0,0,1,0,213.81975312791138
6,30,1,0,0,5,213.48344820286042
6,32,0,0,0,5,206.35015000811256
6,33,0,0,1,1,222.5347612568518
6,34,0,0,0,0,201.6162216138321
6,36,0,0,0,7,204.93087707920478
6,38,0,1,1,4,234.98875182870225
6,40,0,0,1,4,217.02879013211847
6,43,1,0,1,6,231.43294955724366
6,44,0,0,1,1,213.83587708494315
6,47,0,0,0,1,201.93100401536427
6,48,0,0,1,0,214.40380265657487
6,50,1,1,1,5,199.0519860122245
6,51,0,1,1,4,233.0331470569105
6,52,0,1,1,6,230.77146698998834
6,55,0,0,0,6,210.32382043884238
6,57,0,0,0,5,204.15587114511166
6,36,1,1,0,0,229.73534989397882
6,37,1,1,0,1,232.41906000276416
6,38,1,1,0,6,235.66826709528868
6,39,0,1,0,6,217.00617196708703
6,40,0,0,0,1,201.29926446040025
6,42,0,0,0,7,211.93624942267857
6,44,0,0,1,3,214.44464859959706
6,46,0,1,0,1,217.00225353691076
6,49,0,0,0,5,205.10294672175996
6,51,0,0,1,0,216.75556692010295
6,52,0,0,1,5,219.30922955455446
6,53,1,0,0,3,218.10214857270878
6,54,1,0,0,1,217.10690729987158
6,1,0,1,1,1,229.99203319747386
6,2,0,1,1,3,237.35614735280944
6,4,0,0,0,2,201.34632144505125
6,6,0,1,0,2,217.6183621514644
6,7,0,1,0,6,213.86530454201215
6,8,0,0,0,3,202.53110825675643
6,9,0,0,1,1,214.42684031839963
6,10,0,0,0,4,201.4503769936153
6,11,1,0,0,0,212.81478839669938
6,13,1,1,0,5,232.0911328112465
6,14,1,1,0,0,231.67540149863513
6,15,1,1,0,3,234.74179031269287
6,16,1,0,1,7,248.05800488234658
6,17,1,0,0,0,215.81711682593067
6,18,1,0,0,0,214.38210839644813
6,19,1,0,0,0,211.85776248861424
6,20,1,0,0,0,215.7112557181497
6,21,1,0,0,0,213.93850292952223
6,23,1,0,0,7,217.55439113760178
6,24,0,0,0,3,201.05487556927875
6,27,0,1,0,6,216.20343120055355
6,30,0,1,0,0,214.96843991645747
6,31,0,1,0,1,217.24957421760075
6,34,0,1,1,7,236.6022308526601
6,36,0,1,0,6,216.59331275576542
6,37,0,1,0,2,219.71224743225395
6,44,1,0,0,4,217.05996192647603
6,45,1,0,0,3,218.97786833203958
6,46,1,0,0,2,212.2841366311102
6,47,1,0,0,6,218.1873851594009
6,50,1,0,0,7,234.77879387869268
6,52,1,1,0,6,237.23020379167545
6,0,0,1,1,0,227.30374986235188
6,1,0,1,1,7,228.78286316061633
6,2,1,1,0,4,231.99904640989178
6,3,1,1,0,0,227.35840269154696
6,4,1,1,0,0,230.8703073690756
6,5,1,1,0,6,235.86794421155938
6,10,0,0,0,2,200.59088665921476
6,11,0,1,0,1,215.07520519136108
6,13,0,1,0,5,220.3526223999834
6,14,0,1,0,7,233.22379125598394
6,15,1,1,0,7,234.49723864593238
6,16,0,0,0,6,202.40977463960908
6,24,0,0,0,5,188.503658585626
6,25,0,0,0,6,198.45772286368674
6,26,0,0,0,5,202.287954394749
6,27,1,0,0,5,217.73014457204624
6,28,1,0,0,3,215.8822637645927
6,29,1,0,0,1,219.55759390841445
6,30,1,0,1,3,235.03018673773997
6,31,1,0,1,4,235.2115996306565
6,32,0,0,1,1,216.36523314811035
6,35,0,0,0,6,205.75192106448245
6,36,1,0,0,4,220.16419260528568
6,42,0,0,0,3,203.5597018293072
6,44,0,0,0,1,204.8126803051706
6,45,0,0,0,2,205.45131017620912
6,47,0,1,0,3,219.11260526478296
6,48,0,1,1,0,231.2326639635006
6,49,0,1,1,0,231.9371210349804
6,50,0,1,1,0,232.76493122966843
6,51,0,1,1,1,232.57728276048564
6,54,0,1,0,3,222.9368859041814
6,59,0,1,1,4,233.91011672565787
6,0,0,1,1,5,233.99959319384337
6,4,0,0,0,7,196.80801470302802
6,5,1,0,1,4,230.5225055108105
6,6,0,0,1,2,214.43127257591092
6,13,0,1,0,7,216.88759073882508
6,15,0,1,1,5,231.9325950377196
6,16,1,1,0,0,230.68136564069715
6,17,1,1,0,7,230.5229893452515
6,19,0,1,0,6,212.79081884440345
6,20,0,1,0,1,216.0428729244786
6,21,0,1,0,4,217.89499499130176
6,25,0,1,0,3,218.69939372020647
6,27,1,0,0,6,219.25338645275707
6,28,0,1,0,4,219.23177644937738
6,30,1,1,0,1,230.57809517284926
6,33,0,0,0,5,207.11985982520164
6,39,0,0,0,1,201.38347884632225
6,41,0,1,0,4,214.1606618816105
6,46,0,1,0,2,213.14823511332995
6,49,0,0,0,4,204.15590999742878
6,51,0,0,0,2,209.3851922716094
6,52,0,0,0,5,209.97812850644675
6,53,0,0,0,2,201.0520812105301
6,54,0,1,0,1,217.48688441300868
6,55,0,1,0,3,218.46220218001082
6,0,1,0,1,0,219.59708038072512
6,1,1,0,1,0,222.34031112810973
6,2,1,0,1,3,236.57655541871904
6,3,1,1,0,5,230.2653058104836
6,6,0,1,1,5,230.86579947988287
6,7,1,1,0,5,230.57521976226462
6,10,0,1,0,6,217.0857073041773
6,13,0,1,1,0,227.36946351597115
6,14,0,1,1,3,240.66412491171096
6,15,0,0,0,5,202.6173923567527
6,18,0,0,1,5,226.08757183914622
6,19,1,0,0,1,214.2101605129499
6,20,1,0,0,5,220.06290837774173
6,24,0,0,1,1,215.81818723931855
6,29,0,0,0,7,201.97384495124425
6,31,0,0,0,7,212.35747099463111
6,34,0,1,0,7,219.05139613717103
6,39,1,1,1,0,235.48908347192693
6,40,1,1,1,0,232.44912585403523
6,41,1,1,1,0,219.07628727642674
6,42,1,1,1,1,233.38151902094464
6,44,0,0,0,7,216.01832624146996
6,45,0,0,0,6,204.3424288976976
6,48,1,1,0,1,231.56771406776525
6,49,1,1,0,3,232.48685897143284
6,50,1,0,0,4,222.48909812132462
6,57,0,0,0,4,203.5711049423389
6,0,0,0,0,2,201.45838037437244
6,3,0,0,1,5,219.51397572508276
6,14,0,0,0,4,204.1160662617176
6,22,0,0,0,6,198.57271726979081
6,23,1,1,0,6,234.6077893791261
6,24,0,0,0,7,214.6664316843239
6,26,1,0,0,4,217.45237822867225
6,27,1,0,0,0,213.539366408175
6,30,1,0,0,6,230.47653222092652
6,33,0,1,0,5,219.084956736588
6,37,0,0,0,6,203.7678595259931
6,39,1,1,0,6,246.72973447779432
6,41,0,0,0,2,205.89772145768532
6,43,0,0,0,6,201.82291887414112
6,46,0,1,0,6,218.65167545091288
6,47,1,0,0,1,217.2788586109567
6,49,0,0,0,3,201.86383981439624
6,51,1,1,0,1,232.36331117476138
6,52,1,1,0,7,249.85767451628513
6,54,0,0,0,4,198.61909559389818
6,56,0,0,0,2,202.17810265853905
6,58,0,0,0,7,199.54069627000848
6,0,0,0,0,7,202.22680408363806
6,6,0,0,0,5,202.86767541437655
6,9,0,0,0,4,203.77137729910288
6,10,0,0,0,6,202.39690882778234
6,12,0,1,0,7,214.69676701936092
6,16,0,1,0,0,216.73449284430015
6,19,0,0,0,6,207.22499843856102
6,20,0,1,0,2,218.11819615205073
6,22,0,1,0,4,215.14161498504225
6,27,0,1,1,2,230.60462695630835
6,32,0,0,1,7,217.46898716743655
6,34,0,0,0,6,206.3847244004324
6,35,0,1,0,7,214.25053080076086
6,37,0,0,0,4,203.64038962346564
6,38,0,0,0,1,200.76863509967646
6,39,0,0,0,5,203.70445991519247
6,40,1,0,1,1,233.45697857885636
6,42,1,0,0,5,225.6083877952076
6,45,0,0,0,1,202.73655305484183
6,46,0,0,1,6,218.14069602119656
6,47,0,0,1,7,231.80961455866043
6,54,0,1,0,4,220.47231212681754
10,1,0,0,0,7,22.679855912768264
6,58,0,0,1,6,220.01564874586455
6,0,1,0,0,6,216.6050774507083
6,1,1,1,0,0,229.56277961170315
6,4,0,0,0,4,202.89602052786134
6,6,0,0,0,1,202.35587507755565
6,8,0,0,0,4,202.4896025550903
6,9,0,0,0,0,200.2328902028392
6,17,1,0,0,6,218.98757253665656
6,18,1,1,0,0,226.27453341746127
6,19,1,1,0,0,229.24484265445193
6,20,1,1,0,4,230.7331194558077
6,21,0,1,0,6,218.9233358534551
6,22,0,0,0,7,199.91211061239946
6,23,0,0,1,7,226.16177328989238
6,24,0,0,0,1,198.26571796111028
6,28,0,1,0,1,215.21488025902957
6,31,0,0,0,2,205.75683867855562
6,32,0,0,0,6,212.3793808113512
6,35,0,0,0,5,204.11681258997072
6,38,1,0,1,0,229.57266242185585
6,39,1,0,1,6,233.01371992644843
6,41,0,0,1,2,214.96427483546952
6,42,0,1,1,4,229.41244955428806
6,43,0,1,1,3,223.15493005688805
6,44,0,1,0,2,219.06827634241998
6,45,0,0,0,7,204.889509549242
6,48,0,1,0,0,215.14033840236786
6,58,0,0,0,2,206.2775499141799
6,0,0,1,0,2,214.8600530530121
6,3,0,0,0,1,201.3391965511972
6,5,0,0,0,1,200.93750527611166
6,8,1,0,0,6,225.61151268591112
6,9,0,1,0,3,220.0391250969899
6,11,0,0,0,1,199.66782709418212
6,17,1,1,0,3,243.50058205982214
6,19,1,1,0,7,243.77096178097977
6,20,1,1,0,1,228.8977170256913
6,21,1,1,1,0,200.78320339460717
6,22,1,1,1,0,215.03252224968293
6,23,1,1,1,0,217.7061600580387
6,24,1,1,1,6,230.8656006448416
6,25,0,0,1,7,217.11570562413067
6,26,0,1,0,0,214.74007040682275
6,27,0,1,0,1,215.60136855426518
6,32,0,0,0,2,208.93586335540147
6,34,0,0,0,7,212.57609158640588
6,38,0,0,0,3,197.27602703388143
6,39,0,0,0,2,202.8316153228836
6,40,0,1,0,0,214.63309403225568
6,43,0,1,0,1,213.72218364238853
6,44,0,1,0,4,215.72895604839852
6,45,1,1,0,1,232.72471485304433
6,47,1,1,0,5,229.4187370165692
6,49,0,1,0,1,220.14512147166485
6,52,0,1,0,2,224.4267530850272
6,53,0,0,0,6,207.7430424628792
6,54,1,1,0,2,232.93736595183978
6,56,1,0,0,4,219.76103727481217
6,0,0,1,1,4,231.61204968111184
6,8,0,0,1,1,218.23179657343348
6,9,0,0,1,7,215.2776949924897
6,11,1,1,0,0,229.48451385495477
6,13,0,1,0,3,226.09708085246163
6,14,0,0,0,1,203.47985281998814
6,18,0,1,0,5,219.24466172718402
6,24,0,0,0,2,198.63182226402358
6,37,0,0,1,7,233.2184676327742
6,38,0,1,0,5,220.67860493310866
6,42,0,1,0,1,213.8167086991702
6,43,0,1,1,1,230.62526911687368
6,44,0,1,1,1,230.20049852272462
6,45,0,1,0,7,212.5248955717335
6,49,1,1,0,4,234.06885360566176
6,54,0,0,0,2,202.4449071835054
6,55,0,0,0,7,203.0551924951496
6,57,1,0,0,2,218.12087128095249
6,58,1,1,0,6,238.02799206336294
6,20,0,1,0,4,218.70863902187156
6,24,1,1,0,6,228.4648385475115
6,27,1,1,0,4,231.55807888115618
6,30,0,1,0,5,221.28613633668382
6,32,1,1,0,6,245.7130796168581
6,34,0,1,0,1,218.7609573171844
6,40,0,0,0,2,203.41475831858907
6,41,0,1,0,3,217.0271322268205
6,48,0,0,0,7,204.29241330863357
6,50,0,0,0,7,205.43008840800468
6,53,0,0,1,6,215.98045916564047
6,55,1,0,1,1,232.70675611453643
6,56,1,0,1,0,230.0215484751237
6,57,1,0,1,2,229.94472225359644
6,58,1,0,1,7,238.5681777514905
6,1,1,0,0,2,213.1679779143303
6,2,1,1,0,2,232.33849856073556
6,4,0,1,0,3,220.32423578030404
6,6,0,0,0,3,202.86320300248943
6,8,1,1,0,0,231.45964811518306
6,9,1,1,0,0,228.84196817190409
6,10,1,1,0,0,228.97623883450598
6,11,1,1,0,2,231.54416511512377
6,12,1,1,0,3,232.04132972393796
6,13,1,0,1,1,195.78368645723197
6,14,1,0,1,0,228.42206771231193
6,15,1,0,1,2,227.656148927208
6,17,0,0,0,2,201.67092398981157
6,22,0,0,0,5,198.71153667989088
6,26,1,0,0,1,215.92861491307784
6,28,0,1,0,2,217.91065519157922
6,35,0,0,0,1,203.07258307697356
6,37,1,1,0,0,231.35170247284253
6,38,1,1,0,4,235.93177037909794
6,39,0,1,0,7,218.18610996373715
6,55,0,1,1,2,235.15655967034385
6,56,0,0,1,4,214.1413534862281
6,57,1,0,1,0,226.93727024510275
6,1,1,0,0,7,225.87832407494128
6,3,0,1,0,2,218.3945983113953
6,5,0,1,0,2,219.6228540065048
6,9,1,0,0,6,213.9152338250393
6,10,1,0,0,7,216.34582333196204
6,11,0,1,0,3,215.08357014387335
6,12,0,0,1,1,214.91729415956664
6,17,0,0,1,6,214.07808672642489
6,18,1,0,1,7,245.51460446262678
6,23,0,0,0,4,203.1919086337157
6,24,1,0,0,1,217.43536083734836
6,26,1,0,0,7,209.54273627779142
6,29,0,0,0,6,201.95874357357127
6,33,0,1,0,4,221.8927632010514
6,36,0,1,0,2,222.29110970847242
6,38,0,0,0,0,200.33242413603278
6,41,0,0,0,1,202.82149342169765
6,43,0,0,1,0,212.3753870879136
6,47,0,1,0,1,217.3584520505894
6,48,0,1,0,7,215.4014991318599
6,49,0,1,0,5,219.84141737393205
6,52,0,1,0,5,221.04744684273894
6,55,1,1,1,0,248.11758064783265
6,56,1,1,1,6,241.18122658654147
6,58,0,0,1,4,216.3079294216479
6,59,1,0,1,0,223.15683141426075
6,4,1,0,0,0,216.90836376448917
6,5,1,0,0,2,220.20775611594482
6,6,1,1,0,0,230.1910143485694
6,7,1,1,0,2,231.91627089394512
6,8,1,1,0,3,231.35016949328633
6,13,1,0,0,6,227.5883485541421
6,17,0,1,0,1,218.67496055034468
6,18,0,1,0,0,213.88246408353828
6,26,0,0,0,7,204.72080841823225
6,28,0,1,0,6,219.831638994867
6,31,0,0,0,1,204.9395041091892
6,35,0,0,1,0,217.81348545741798
6,36,0,0,1,0,215.45724728052545
6,39,1,1,0,1,231.00957110502014
6,40,1,1,0,7,224.625444265044
6,41,0,0,0,4,202.72582569790632
6,47,0,1,0,0,211.85276414225373
6,49,0,1,1,2,234.33830652558345
6,50,0,0,1,2,219.6906873600943
6,52,0,0,1,4,218.08191665412278
6,54,0,0,1,0,216.8374451884899
6,59,1,0,1,7,231.17464907476054
6,58,0,1,0,3,220.15500232110352
6,59,0,0,0,6,209.61869794012176
6,2,0,1,0,7,212.8027449172297
6,4,1,1,0,3,241.88785549999278
6,7,0,1,0,2,216.05199656440755
6,11,0,1,0,2,215.32659762846257
6,14,0,1,0,4,215.59479592270125
6,15,1,1,0,1,232.082429544748
6,16,1,1,0,3,234.1725343403538
6,18,1,1,0,1,229.25234886858053
6,20,1,0,0,2,217.52270565461552
6,21,1,0,0,6,218.89979904166856
6,27,0,0,0,6,208.4685492145733
6,31,0,0,1,0,214.74212727524042
6,32,0,0,1,5,218.7297819423615
6,36,0,1,0,5,220.02391942397927
6,39,0,1,0,4,214.12718594380897
6,46,1,1,0,6,232.14701809303335
6,51,1,0,0,0,217.4341251580454
6,53,1,0,0,6,223.8581086674418
6,54,0,0,0,6,203.81366351960858
6,56,0,0,0,5,199.8339126363281
6,57,0,0,0,6,210.30636558375414
6,58,1,0,0,7,216.9863891012273
6,0,1,0,0,3,216.40257639754958
6,7,1,0,0,2,217.11648767424273
6,8,1,1,0,7,229.07347923785747
6,10,0,1,1,0,230.69739459415058
6,11,0,1,1,0,229.66124148317428
6,12,0,1,1,3,244.7854550419796
6,14,0,0,0,7,217.1514547232767
6,16,0,1,0,4,219.1492992829794
6,22,1,1,0,6,228.38426807596016
6,23,1,1,0,3,234.71392463378757
6,25,1,0,0,6,221.5548540895041
6,26,0,0,0,6,212.93437119435444
6,30,0,0,0,5,206.29434558909318
6,35,0,1,0,1,220.22112264920946
6,40,1,0,0,6,220.2412390221684
6,43,1,0,1,4,232.68822712639562
6,44,0,0,1,4,214.02758948880415
6,47,0,0,1,1,218.48721786437991
6,57,1,0,0,7,218.08984388493434
6,3,0,0,0,6,196.58280006553568
6,7,0,0,1,5,217.79259788789375
6,10,0,1,0,3,217.33323244246412
6,16,0,0,0,1,201.93585304030051
6,18,0,0,0,3,210.67446193698328
6,24,0,0,1,7,219.44734801837433
6,33,0,0,0,1,206.592802148687
6,35,0,1,0,5,221.55766074848458
6,37,1,0,0,2,220.47684245261357
6,38,1,1,0,7,243.45831652899324
6,45,0,1,0,5,217.1646250981967
6,46,1,1,0,7,231.60411168411264
6,49,0,0,0,1,204.64089277486462
6,53,0,1,0,1,218.38382761257014
6,56,0,1,0,4,216.5105198190344
6,57,0,1,0,1,218.87582705610308
6,26,1,1,0,0,228.30364096978045
6,27,1,1,0,0,229.62983081331018
6,30,1,1,0,7,250.37562404588107
6,34,1,0,0,1,217.41269669945706
6,35,1,0,0,6,217.68209582247107
6,42,0,1,0,6,221.0037372572887
6,46,0,1,0,3,220.29640908216717
6,50,0,0,0,6,205.4203281577928
6,51,1,0,0,3,224.84663869700424
6,52,1,0,0,3,219.64962955310642
6,57,0,1,1,4,231.78094817304526
6,12,0,1,0,2,215.8250962974403
6,13,0,1,0,2,216.54636191269879
6,17,0,0,1,2,216.45763009167024
6,18,0,0,1,0,213.10897615502188
6,19,0,0,1,0,212.41169642939244
6,22,0,0,0,3,209.6852726471714
6,26,1,1,0,7,227.6268467795544
6,31,1,1,1,5,244.6884194542645
6,34,0,1,0,4,219.77575636876688
6,35,1,1,0,2,233.70264469410952
6,38,0,1,0,7,222.93444893006497
6,44,0,1,0,7,217.79685765849902
6,45,0,0,1,5,219.2155330252107
6,47,0,0,0,2,202.50310394254012
6,50,0,1,0,5,222.09663302154894
6,52,0,1,0,6,224.0076092351556
6,55,1,0,0,3,225.62068189502463
6,57,0,1,0,4,219.36952580614272
6,58,1,1,0,1,229.76693684663113
6,59,1,1,0,2,230.24726080961773
6,0,1,1,0,6,224.8576061410327
6,1,0,0,0,4,199.2486929368974
6,3,0,0,0,4,200.84137136037344
6,4,0,0,0,5,203.48918576600087
6,5,0,0,0,5,200.8973387019342
6,6,1,0,0,2,214.94615330929835
6,7,1,1,0,7,227.1969122125142
6,10,0,0,0,3,199.64935640930935
6,11,0,0,0,5,199.58259559742785
6,16,1,0,0,2,217.5992941414944
6,22,1,0,0,3,218.56682440732243
6,23,1,1,0,7,241.13904892266706
6,28,1,1,0,2,234.9113159222586
6,29,1,0,0,4,220.43822971133469
6,32,1,0,0,0,215.86377268327502
6,33,1,0,0,5,219.0188993737459
6,34,1,0,0,0,216.17336264646897
6,36,0,0,0,3,204.3648693888715
6,37,0,0,0,5,204.31355821877023
6,38,0,0,0,5,200.6951718595074
6,43,1,1,0,2,230.84783308264136
6,45,0,1,1,0,230.869532020278
6,46,0,1,1,0,230.45112659915253
6,47,0,1,1,6,241.44272235718844
6,48,0,1,1,2,236.24880413427658
6,49,0,0,1,4,215.98038885219205
6,50,1,0,1,6,232.0376192212692
6,51,0,1,1,6,241.83544166166544
6,55,1,1,0,5,233.17475210464906
6,59,0,1,1,6,240.9001189894598
6,0,0,0,1,0,211.38840463102596
6,1,0,0,1,5,215.04436234820298
6,2,1,0,0,1,216.36263280488433
6,9,0,0,0,1,202.36193131026408
6,13,0,0,0,6,203.75457125991824
6,17,0,0,0,1,201.5753110225572
6,19,0,0,0,3,208.74494206282796
6,20,0,0,1,3,220.91600009020544
6,21,0,1,0,5,218.77785249554984
6,22,0,1,0,2,219.94451653277918
6,23,0,1,0,3,214.84241502484417
6,25,0,0,0,7,200.11619429041892
6,31,0,1,0,3,225.27379875306966
6,44,0,0,0,3,206.2132744004386
6,53,1,1,1,5,249.5794328351569
6,57,0,0,1,3,216.21684669245607
6,58,0,1,0,2,221.47355051669393
6,3,0,0,0,7,198.34157789816913
6,12,0,0,0,6,202.80181785093973
6,14,0,0,0,6,203.87077203589274
6,15,0,0,0,1,202.46705858138805
6,28,0,0,0,4,204.56890103740474
6,35,0,1,0,3,228.9460619668363
6,36,0,1,1,4,235.24694001695747
6,38,0,1,1,5,236.31628912804695
6,39,1,1,0,7,233.4198495458133
6,40,0,0,0,5,203.83319433194671
6,41,0,0,0,7,218.36979006455846
6,44,1,1,0,6,244.36718561839277
6,45,1,0,0,6,226.1064476143726
6,49,1,0,0,2,221.41229095870273
6,53,0,1,0,7,232.04450412948597
6,3,1,1,1,4,172.73174239916008
6,4,1,1,1,7,258.11504660293474
6,8,0,0,0,1,202.06981060961385
6,9,0,0,0,2,205.3001115474537
6,10,0,1,0,1,216.3870031240368
6,17,0,0,0,4,201.55949926983163
6,19,1,0,0,2,214.4360237909243
6,21,1,1,0,1,232.61029327968916
6,27,0,1,0,5,217.64087582258256
6,29,0,0,1,7,220.78363928164327
6,30,1,1,0,3,234.6700315971406
6,31,1,0,0,3,231.13029653615013
6,33,1,0,0,7,219.02412027369928
6,36,0,0,1,1,218.33242303172798
6,39,0,1,0,0,216.06816795577598
6,40,0,1,0,4,216.84723115297945
6,41,0,1,0,7,233.42576081433185
6,45,0,1,0,4,217.35280923259518
6,49,1,0,0,1,218.5122398969731
6,51,1,0,0,5,223.74245394688595
6,53,1,0,0,4,217.88295065564003
6,12,1,0,0,3,213.76120151892377
6,16,1,0,1,6,235.85690105146858
6,17,0,1,1,5,231.38454548351802
6,19,1,1,0,5,230.77608303407348
6,21,0,1,1,3,231.06914471924563
6,23,0,0,0,7,213.45701374711018
6,24,0,1,0,6,214.07882116474846
6,26,0,1,0,6,218.26344445917843
6,28,0,0,1,1,215.8498186189322
6,30,1,0,0,2,219.7347642670027
6,31,1,1,0,3,233.5376896589716
6,38,0,1,0,1,217.73157540130327
6,40,1,1,1,3,252.37195092804532
6,44,1,0,1,5,230.81292810741436
6,50,0,1,0,1,216.10019192598384
6,58,0,0,0,3,203.8570438082686
6,0,0,1,0,6,221.62120260635842
6,4,0,0,0,6,211.49630701340203
6,9,0,0,0,7,214.50626620568931
6,12,1,1,0,5,230.89603352888557
6,14,0,1,0,6,215.97099270753847
6,24,1,0,0,6,220.13511285636292
6,25,0,1,0,5,218.79107525964665
6,26,0,1,1,0,227.06048213492758
6,31,0,0,1,6,217.99084886282606
6,33,0,1,1,4,236.856965469938
6,35,0,0,1,1,218.24048874897085
6,37,1,0,0,5,219.10702512682965
6,44,1,1,1,0,238.90938619104637
6,45,1,1,1,3,254.75007375094722
6,49,1,0,1,0,208.56297841045964
6,55,0,0,1,3,219.4116498621669
6,56,0,1,0,5,221.53700875829935
6,0,1,1,0,7,226.4910261611405
6,2,0,1,0,4,216.08727887122433
6,4,0,1,0,2,217.36824610952652
6,7,0,0,0,2,202.50469306005434
6,8,0,1,0,6,217.48878173945963
6,9,0,0,0,5,193.13145255638545
6,12,1,0,0,7,231.2162453855945
6,18,0,0,0,7,201.413614248243
6,19,1,0,1,0,228.99210930562884
6,20,1,0,1,1,231.56601958547168
6,21,1,0,0,7,230.63673741018133
6,23,0,0,0,6,201.54862636462087
6,27,1,0,1,0,227.309175089777
6,28,1,0,1,0,217.7709532477095
6,29,1,0,1,0,227.5589930008389
6,30,1,0,1,5,236.79059121748395
6,32,0,1,0,5,221.32400236821772
6,33,1,1,1,1,195.41586846456764
6,34,1,1,0,6,236.41606658150033
6,35,1,1,0,1,233.1157982987435
6,36,1,1,0,4,231.55804555353936
6,39,0,0,0,4,201.56777117089922
6,41,1,0,0,3,217.2140013371673
6,42,1,1,1,4,232.67556993358403
6,43,0,1,1,7,234.44641178105027
6,45,1,1,0,4,233.43584985229595
6,56,0,0,1,6,221.8691329215802
6,58,1,0,1,6,226.81260134470622
6,41,1,1,0,1,229.17726211061063
6,42,1,1,0,7,228.22807495205842
6,44,0,0,0,5,203.7683286009056
6,47,0,0,0,3,208.6185517660245
6,49,1,0,0,3,227.9441984979344
6,51,1,0,0,6,232.9595774023316
6,1,0,0,1,4,214.05881350856123
6,2,0,0,1,6,222.16788895333266
6,3,1,1,1,1,244.75875803908679
6,4,1,1,0,4,232.61440570185275
6,7,0,0,0,5,201.54031412172208
6,8,0,0,0,7,203.30496223526853
6,12,1,0,1,2,235.8548888038882
6,13,1,0,1,0,212.14942524850989
6,15,1,0,1,3,230.830096414043
6,21,1,0,0,2,216.84429508942745
6,25,1,1,0,7,245.0486347554193
6,32,1,0,1,0,235.98526412786302
6,33,1,0,1,3,238.32169477928971
6,37,0,1,0,6,220.30856548152667
6,39,1,1,0,2,234.87220632100565
6,40,1,0,0,4,216.58766256008786
6,45,0,0,0,3,216.4469577830002
6,46,0,1,1,1,234.33773294472513
6,48,1,0,1,0,224.6846374301251
6,49,1,0,1,6,229.61140734926892
6,50,0,1,1,2,233.2841853087959
6,53,0,0,1,7,216.9338066511286
6,58,0,0,1,3,215.06873844779062
6,1,0,1,1,5,232.54333699737145
6,7,0,1,0,3,223.35453616857149
6,12,0,0,0,5,201.83111085782687
6,16,0,0,0,3,203.64613608599046
6,21,0,1,0,1,215.90588180386962
6,25,0,0,1,3,220.91327094223251
6,26,0,1,0,2,215.24245933165602
6,36,0,0,0,1,204.0477164784233
6,39,1,0,0,5,218.90982039382766
6,51,0,0,1,7,217.38961594397503
6,52,0,0,1,6,217.71765534167585
6,53,0,1,1,5,235.00960476396241
6,54,1,1,1,2,253.8021112350741
6,56,1,1,1,7,261.9458471106871
6,57,0,1,0,3,219.00040550889824
6,0,1,0,0,4,215.45652840583284
6,1,0,0,0,2,202.2108253201335
6,3,0,0,0,2,203.23877069962404
6,7,0,1,1,3,231.4654702472099
6,8,0,1,1,3,232.95748315648967
6,11,0,0,0,4,199.80573186719255
6,13,0,0,1,3,217.28478183984555
6,16,0,0,0,2,204.03265340053125
6,19,0,0,0,5,201.98533389839508
6,20,1,0,1,2,232.24449431820682
6,21,1,0,1,3,241.24755442403122
6,22,1,1,1,4,245.70257636728
6,23,0,1,1,5,234.99983668475917
6,24,0,1,1,7,242.5817298678166
6,25,0,1,0,7,219.7309520758555
6,30,1,0,0,4,217.23625280011925
6,34,0,1,1,0,233.2615922755408
6,35,0,1,1,1,234.4698695452415
6,38,0,1,0,0,215.74564021454398
6,39,0,1,0,1,216.0212480493755
6,43,0,0,0,5,205.12672706377717
6,46,1,0,0,1,216.45159842415504
6,51,1,1,0,7,234.52892688223488
6,53,1,0,0,0,217.3806264909674
6,54,1,0,0,4,217.14537777133552
6,3,1,1,0,3,238.9609353301781
6,5,1,1,0,7,245.04982023507392
6,13,1,0,0,4,215.89628124321098
6,18,0,0,1,7,213.3346991902289
6,24,0,1,0,3,216.70801490470683
6,26,0,0,1,2,216.56317196202647
6,27,0,1,1,6,232.47353041145493
6,31,0,1,1,1,234.3193360419366
6,32,0,1,0,6,220.1219321914615
6,35,0,0,0,7,213.664489489576
6,40,1,0,0,3,218.63507729488063
6,43,1,0,0,4,210.9791259609466
6,52,0,0,0,2,209.97641802097144
6,54,0,1,0,7,231.7401479468196
6,56,0,1,0,6,223.5546235201001
6,57,1,0,0,4,219.5945950476964
6,8,0,0,0,2,210.35034868672577
6,12,0,0,0,4,208.01168773464707
6,24,0,0,1,0,216.3574829267067
6,25,0,0,1,0,213.50007346903058
6,26,0,0,1,6,228.61514823784438
6,27,0,0,1,6,219.43574384348102
6,28,1,0,1,3,232.08562590323396
6,29,1,1,0,7,248.3306780031842
6,31,0,0,0,3,207.18249308651528
6,32,0,1,0,4,221.1214905096951
6,40,1,1,0,0,228.00767828449997
6,41,1,1,0,2,230.84550031355118
6,43,0,0,0,2,202.14691703014543
6,46,0,0,0,3,205.82825067587328
6,55,1,0,0,4,219.72966107756594
6,57,1,0,1,5,232.0007149369486
6,0,1,1,0,5,229.46426389318694
6,18,1,1,0,7,245.70499450724247
6,21,0,0,0,7,199.835676984799
6,22,1,0,1,0,225.23262947825452
6,23,1,0,1,0,203.4000982644299
6,24,1,0,1,0,216.34550159728752
6,25,1,0,1,1,231.33007924379083
6,26,1,0,1,3,235.94835602272568
6,34,0,0,0,4,204.204589941531
6,36,1,0,0,5,227.3730477926821
6,38,0,0,0,2,200.4205713483418
6,50,1,1,0,7,237.4072830917525
6,58,0,0,0,5,201.8780017324618
6,52,1,1,0,5,234.44076443778542
6,53,0,1,0,4,217.52478753077366
6,54,1,1,0,4,223.90172848948083
6,56,0,1,0,1,220.82030881184497
6,9,0,0,0,6,205.18103758385553
6,13,1,1,0,4,231.90312584873183
6,14,0,1,0,3,221.1403726497157
6,16,0,1,0,6,213.9033025476267
6,17,0,0,0,6,197.37961307282853
6,19,0,1,0,5,217.06994571139046
6,26,0,0,0,4,202.72746606330162
6,27,1,0,0,3,215.60857271954072
6,29,1,0,0,0,215.26323564428262
6,31,0,0,0,5,203.90908855518651
6,41,1,0,0,7,228.61297073172057
6,55,1,0,0,6,218.93755610104714
6,59,0,0,0,4,203.26452019021718
6,45,0,1,1,6,226.58867452386974
6,46,0,1,1,7,244.11489611927584
6,48,1,0,0,1,215.94373658347115
6,50,1,0,1,4,229.8263176690006
6,54,0,1,0,0,215.9618784757235
6,59,0,0,0,3,203.16580876724726
6,0,0,0,1,7,227.06845149882577
6,3,0,1,0,6,226.7654035936204
6,4,0,1,0,1,217.23206776281089
6,7,0,0,0,4,200.03976257988433
6,10,0,0,0,5,201.99054115461914
6,11,0,0,1,6,225.23139930179906
6,12,0,0,1,4,218.25446242996765
6,17,1,1,0,4,236.56589225227708
6,18,0,1,0,3,215.05404104845815
6,28,1,0,0,4,218.6667204483408
6,39,1,1,1,5,247.82855179619276
6,40,0,1,0,2,217.7034514942733
6,42,0,0,0,1,203.27361755808076
6,46,0,0,1,4,217.74053177531619
6,52,0,1,0,1,221.06170866542476
6,58,1,0,0,1,214.13768231830767
6,59,1,0,0,7,224.86134536968862
6,2,0,0,0,7,212.716231713097
6,4,1,0,1,5,228.02765322541177
6,11,0,0,0,6,199.745961609776
6,13,0,0,0,3,204.01337131603867
6,17,0,1,0,3,221.1148106696333
6,21,0,0,0,6,199.7105744796628
6,34,0,0,0,1,203.1579413499727
6,45,0,1,0,2,223.77072450626687
6,53,0,1,1,2,234.00467971537893
6,54,0,0,1,7,220.42624961963787
6,0,0,1,0,3,216.7260316117027
6,6,1,1,0,7,245.07581052344057
6,11,0,1,0,0,213.5455936726595
6,14,1,1,1,0,221.39646882632482
6,15,1,1,1,0,207.5875788898997
6,16,1,1,1,0,229.65185949033955
6,17,1,1,1,0,237.37700293014012
6,18,1,1,1,6,257.75165305091525
6,26,1,1,0,4,224.713746308428
6,33,1,0,0,6,218.9301375797988
6,35,0,0,0,3,202.27534108441236
6,37,0,1,0,4,220.730692386833
6,47,0,0,0,7,199.75792959346978
6,54,1,1,0,0,230.50856660121252
6,59,0,0,1,3,219.36272970493738
6,14,0,1,1,6,234.90542739753604
6,16,1,0,0,4,216.00169927683908
6,17,1,0,0,2,224.32472567429545
6,21,0,1,0,3,217.01128360237917
6,28,0,1,0,3,218.38359583681404
6,34,0,0,1,0,217.2744979013138
6,38,1,0,1,3,237.34138535381922
6,44,1,1,0,7,228.4659008142538
6,49,0,0,1,5,218.7318725096548
6,50,0,0,1,4,217.99225489830047
6,51,0,0,1,2,217.00031604496638
6,53,0,0,1,4,216.7758733036888
6,54,1,0,1,6,227.64334951628464
6,55,0,0,1,6,225.21451513254198
6,56,1,1,1,1,240.6655273257993
6,58,1,1,0,2,232.21782243565235
6,1,1,0,0,5,216.97854284002273
6,4,1,0,0,4,217.1010456870627
6,10,0,0,0,7,211.7919543588642
6,11,0,1,1,7,236.87667977947507
6,13,1,0,0,7,217.48221320242834
6,14,0,1,1,4,230.29387893047627
6,24,0,1,0,2,216.36148580650485
6,26,0,1,0,1,214.03318975259162
6,33,0,0,0,2,207.34443350637596
6,35,1,0,0,7,219.4345828520308
6,36,0,0,1,7,237.00410004756563
6,56,1,0,0,3,218.91161950962737
6,59,1,1,0,1,229.6078784927835
6,0,1,1,1,5,234.7392531434879
6,3,0,1,0,4,215.91598669499834
6,4,0,1,0,4,217.21385297705746
6,5,0,1,0,1,218.65343166910787
6,8,0,0,1,5,213.3756957507944
6,9,1,0,1,2,226.13160074128172
6,10,1,1,1,2,222.17989616156444
6,11,1,0,1,6,228.88931349522778
6,20,0,1,0,3,217.5392325188702
6,23,1,0,0,3,226.19986204550554
6,28,0,0,0,2,204.4552548048696
6,34,1,1,0,1,236.13814914718887
6,35,1,1,0,6,236.26923296425937
6,37,0,0,1,4,215.5580388573301
6,39,0,1,1,5,233.63600110451142
6,44,1,0,0,3,223.75828598946495
6,45,1,0,0,1,217.4590214212425
6,51,1,0,0,7,223.2323157572875
6,52,1,0,0,7,233.10884886575244
6,55,1,0,0,1,218.2963908669608
6,24,1,1,1,2,237.5163612996468
6,30,0,0,1,1,217.53725275623987
6,34,0,1,1,2,237.1589374580365
6,35,0,0,1,7,238.49673578842987
6,36,1,0,1,1,231.63479991212336
6,40,1,1,0,2,233.00514588298347
6,41,1,1,0,7,229.41760825598476
6,43,1,1,0,3,240.28211607215033
6,48,1,1,0,0,230.9876523234679
6,49,1,1,0,2,242.13745365618578
6,51,0,0,0,6,207.2897918577799
6,1,1,0,0,1,211.68025107183462
6,7,1,0,0,0,213.18394266571397
6,15,1,0,0,4,217.02915605589013
6,16,1,0,0,1,216.93078666967173
6,20,0,1,0,7,231.6006087449311
6,22,0,0,0,4,199.48279287037752
6,30,0,0,0,4,205.94561915439039
6,46,1,0,1,6,235.7618634899792
6,52,1,0,0,6,222.80469089879583
6,53,0,1,0,6,221.49435884959584
6,57,0,1,0,6,222.31732943318164
6,1,1,1,0,2,231.57327141723766
6,2,1,1,0,3,238.50703171920634
6,4,1,0,0,5,214.7635083725208
6,20,0,0,0,2,203.14019870706895
6,30,0,0,0,2,207.06766049102222
6,37,1,1,0,2,232.341384928968
6,40,1,0,0,5,220.1012911820647
6,45,0,0,1,4,219.15795165215025
6,46,0,0,1,1,216.6179004313891
6,4,0,1,0,6,221.55489039760283
6,5,1,1,0,0,229.67217161195268
6,6,1,1,0,6,226.84545120806956
6,18,0,0,1,1,216.7677442619911
6,24,0,1,1,1,231.3478035145239
6,26,0,1,1,6,234.5548189563077
6,28,1,0,1,4,212.9807679891868
6,30,0,1,1,1,231.55515923431147
6,31,0,1,0,6,217.9785989732408
6,33,0,1,0,2,220.04220396745714
6,40,1,0,0,1,215.157677009353
6,41,1,0,0,1,212.135529853438
6,43,0,0,1,6,211.1327859849771
6,46,0,1,0,7,230.10378000534928
6,51,1,0,0,4,223.4340807612777
6,52,0,0,0,6,210.22521420113844
6,56,0,1,0,2,223.49525878651653
6,5,0,1,0,4,217.4187258583976
6,6,1,1,0,5,232.807540563833
6,7,1,1,1,6,257.46198585589445
6,8,0,1,1,0,220.01822614651851
6,10,1,1,1,0,231.6701110456982
6,11,1,1,1,0,152.4678203213658
6,12,1,1,1,0,200.71881074925497
6,13,1,1,1,2,228.35715405430088
6,17,1,1,1,5,243.47839887127955
6,21,0,0,0,3,201.67273974614008
6,29,1,0,0,2,218.37078807915734
6,36,1,0,0,7,220.86828049039204
6,39,1,1,1,1,242.14518719538208
6,53,0,1,0,3,217.65152274358098
6,55,1,1,1,4,246.61423521352012
6,43,1,0,1,5,230.17648342005955
6,48,0,1,0,3,229.18817943058568
6,59,1,1,0,7,230.37492440579226
6,2,1,0,0,3,218.09384538974757
6,6,0,0,1,7,209.95541573616362
6,9,0,1,0,1,217.4490832442024
6,11,0,1,0,5,215.44878338576376
6,16,0,0,1,5,219.94396268355374
6,24,0,1,1,0,230.05552344098743
6,25,0,1,1,1,230.80420879828768
6,27,0,0,0,3,203.69027405790962
6,32,0,0,1,3,228.73922334848692
6,41,0,1,0,5,218.2657149454998
6,42,1,1,1,7,233.72131140847156
6,46,0,1,1,5,231.97173564108073
6,57,0,0,1,1,214.8213782845982
6,1,0,1,0,2,216.31959938304723
6,2,0,1,0,6,216.15076534911685
6,3,1,1,0,2,230.2559753966897
6,4,1,1,0,6,235.63915697621616
6,7,0,0,0,7,212.16149705572343
6,11,0,1,0,7,229.64071831985132
6,14,0,1,0,1,218.55316707749327
6,17,1,0,0,1,218.27906757731992
6,18,1,0,0,1,216.5861233746253
6,20,1,0,0,1,218.16125147483305
6,21,1,0,1,1,229.92552786910088
6,22,1,0,0,4,216.89863220415174
6,23,1,0,0,5,216.84975074472578
6,27,0,0,0,1,201.3668938182506
6,35,1,1,0,7,251.2608286916447
6,44,1,0,0,6,220.8927925370966
6,47,0,1,1,1,231.2416164095747
6,48,0,1,0,1,214.8565021244986
6,51,1,0,1,6,231.32744837193502
6,52,0,0,1,1,219.70047184491975
6,56,1,1,0,0,230.78773592120615
6,59,1,0,0,6,216.31678485887772
6,1,0,0,0,6,209.20510972183527
6,5,1,1,0,2,231.38673458682638
6,7,1,0,0,3,229.2875202906768
6,8,1,1,1,0,238.23913965307304
6,9,1,1,1,7,257.24889873469374
6,15,0,1,0,3,217.67000241418955
6,16,0,1,0,3,218.35289968323673
6,19,0,1,1,6,227.24629856335793
6,20,0,1,1,1,228.0891472404049
6,21,0,1,0,7,225.36995723710672
6,22,1,0,0,2,217.95489968829582
6,23,1,1,0,4,234.1145938240435
6,43,1,0,1,2,230.60204987977943
6,50,0,1,0,6,218.83831443628438
6,51,0,1,0,2,225.85590447965393
6,55,1,1,0,3,241.05902425280297
6,1,0,1,0,4,214.0086806685275
6,2,1,1,0,0,227.93840498572308
6,3,1,1,0,7,230.3248843594334
6,4,0,0,1,1,215.24028489698952
6,5,0,0,1,7,216.27889595735869
6,6,0,0,1,3,214.1419194898556
6,11,0,1,0,6,214.847512028538
6,23,0,1,0,2,214.63173958493059
6,31,1,1,0,7,248.62604200529157
6,33,1,0,1,5,234.5381881843853
6,41,0,0,0,5,202.91185249665523
6,42,1,0,0,3,212.27494382177628
6,43,1,0,0,7,213.41397853309726
6,45,0,1,1,7,230.42409773878524
6,48,0,0,0,5,205.32770409324934
6,55,0,1,0,7,228.01320848078538
6,57,0,0,0,3,203.03388420954803
6,54,1,0,0,0,218.13515246435566
6,3,1,1,0,4,229.7936823809099
6,5,1,1,0,1,231.46334833247863
6,10,1,1,0,2,232.1165407281801
6,15,1,0,0,2,216.9087945249364
6,17,1,1,0,0,231.4714830529121
6,18,1,1,0,3,229.96231146918177
6,19,1,1,1,0,203.88554738522961
6,20,1,1,1,3,218.7304646847183
6,21,1,1,0,5,237.27252949265792
6,23,0,0,0,5,204.90982674316547
6,28,0,1,0,5,217.6836534928308
6,29,0,1,0,3,217.98517558063907
6,30,0,0,1,5,220.55421020806395
6,35,1,1,0,3,236.00054051796195
6,39,1,0,0,4,217.86787467905944
6,47,1,0,0,7,214.56949880594536
6,48,0,0,0,1,202.08073854660148
6,55,0,1,0,5,218.27449593478676
6,57,0,1,0,2,219.40576074435688
6,6,0,1,0,7,228.12072511194611
6,8,0,1,0,7,216.46660102492345
6,12,0,0,0,2,200.55238346284932
6,17,0,0,1,7,232.5360282267304
6,25,1,0,0,2,217.7353894546595
6,26,1,1,0,6,224.7664162896467
6,27,1,0,0,4,218.21718160511668
6,43,0,1,0,3,225.86583021250115
6,44,0,1,1,2,229.82134488098666
6,45,0,0,1,0,215.24182829061672
6,49,1,0,0,5,222.06818846686537
6,53,1,1,0,5,237.72541363060304
6,54,1,1,0,7,232.333091728236
6,6,1,0,0,6,212.99511882356276
6,7,0,1,0,5,215.65725186173637
6,14,1,1,0,2,232.8498631605619
6,18,0,0,0,0,203.8322209954336
6,23,1,0,0,1,217.7270328053263
6,28,1,1,0,4,231.30363562143185
6,34,0,1,0,2,219.8530093675891
6,37,1,0,0,3,222.01946418229016
6,45,0,1,1,5,230.0856119024984
6,46,1,1,1,1,217.6507759903611
6,47,1,1,0,6,230.3007609963681
6,51,0,1,1,7,237.27096873727305
6,55,1,1,0,1,233.55568787835983
6,58,0,1,1,6,233.04481756713614
6,3,1,0,0,2,207.20988148944352
6,9,1,0,0,1,213.77414927950264
6,10,1,0,0,4,215.06586404777357
6,13,0,0,0,5,205.02814481346238
6,22,0,0,0,2,200.18635876760234
6,26,1,0,0,3,218.0789185167108
6,27,1,0,1,4,233.8668747859192
6,29,0,0,1,3,221.16788405993722
6,30,0,1,0,7,221.39531595803666
6,31,0,1,0,4,220.51480864755368
6,32,0,1,0,3,219.6632699977389
6,35,0,1,0,2,219.44593982036787
6,38,1,0,0,1,217.54884070282978
6,51,0,1,0,5,220.9191466931082
6,56,0,0,0,6,195.69983557763027
6,23,1,0,0,0,216.50701438000897
6,25,1,0,0,5,219.26026034179722
6,26,1,0,0,2,222.56444942725977
6,30,0,0,0,6,205.64390592158276
6,31,1,0,0,7,222.70616347657
6,37,0,0,0,3,206.61715633785653
6,40,0,1,0,7,230.45879822363753
6,50,0,0,0,3,205.82422444351442
6,53,0,0,0,5,206.3707199050299
6,0,0,1,0,7,212.57992986621315
6,8,1,0,0,5,218.70501080949654
6,12,1,0,0,0,212.3754976647891
6,16,0,1,0,1,218.820377296134
6,26,0,0,1,3,216.13491536934453
6,27,0,1,0,4,217.30555589995953
6,29,1,1,0,1,232.9969405763215
6,40,1,1,0,5,232.4273288051751
6,43,1,0,0,2,215.38033564766275
6,44,1,0,0,7,230.3762441661813
6,45,1,1,0,5,235.06909854235303
6,48,1,0,0,5,219.3753930431288
6,52,1,0,0,2,219.59943078356073
6,55,0,0,0,2,205.23201432082328
6,4,1,1,1,1,224.276119135757
6,8,1,1,0,2,232.00280748575142
6,9,1,1,0,3,234.3164766545752
6,15,0,0,0,4,204.3076653732736
6,17,0,1,0,5,220.79425900616206
6,19,0,0,0,2,205.93523204370996
6,36,0,1,1,7,251.39945851500505
6,37,0,1,0,1,218.47151289166663
6,53,0,0,0,7,217.14952796796234
6,4,1,1,1,0,198.22627586041114
6,20,1,0,0,4,214.4736076447532
6,43,0,1,0,2,217.0061028642199
6,49,0,1,1,1,232.01078559082447
6,57,0,1,0,7,219.48612396947846
6,3,1,0,0,1,214.06155037016862
6,9,1,1,0,6,237.03393938705645
6,13,0,1,0,4,215.88086703960232
6,5,0,0,0,2,200.7904761085563
6,8,0,1,0,4,216.00066747675294
6,12,0,1,0,4,217.9671330708478
6,20,0,1,0,0,214.6552798520031
6,30,0,0,1,3,225.9601857078675
6,34,1,1,1,2,251.3426345986455
6,35,1,0,1,3,232.00693666975536
6,36,1,1,0,7,235.8790272639002
6,39,0,1,1,0,230.2974763063017
6,40,0,1,1,2,235.51504821358446
6,41,0,1,1,0,226.8379274538318
6,42,0,1,1,5,230.10578591017475
6,45,0,0,1,6,217.44665473149155
6,48,0,1,0,4,215.468221572471
6,49,0,1,0,6,215.36723389750796
6,55,0,0,1,4,216.98301101985075
6,31,1,1,0,5,227.41161498298982
6,32,1,1,0,3,236.17366103027194
6,35,1,0,1,7,228.7692174415481
6,36,1,1,0,3,235.22212691347858
6,38,1,0,0,3,219.30178234085287
6,41,0,1,0,2,216.92688113345153
6,52,1,1,1,2,244.9750056349255
6,55,1,0,1,2,235.94774941881542
6,59,0,1,1,0,230.67568174940277
6,12,0,0,0,1,201.5914760282828
6,13,0,0,0,7,215.23385441944401
6,16,1,0,0,3,224.87125299287504
6,17,1,1,1,3,257.0745955264365
6,19,1,0,0,6,217.1151824283919
6,22,1,1,0,2,230.83690684985586
6,26,0,1,0,7,227.03773317964055
6,30,0,0,0,3,199.96317629363926
6,36,1,1,0,2,234.13607872773437
6,54,0,0,0,3,203.47628582809875
6,5,0,0,1,3,226.7409586854161
6,12,1,1,1,5,235.97161496886022
6,13,0,1,0,6,218.53410217983992
6,17,1,0,0,7,215.29115693662914
6,24,1,0,0,7,226.8195448476084
6,27,0,0,1,3,220.54781611119205
6,28,0,0,1,5,224.06003743567692
6,29,1,0,0,3,229.1285341995194
6,38,0,1,0,2,217.6816951360074
6,41,0,0,1,0,213.0014768859074
6,49,0,1,1,7,246.09376598632474
6,52,0,0,0,7,216.68593929843243
6,53,1,0,0,7,229.02561525000874
6,54,0,1,1,4,231.61528801891558
6,55,0,1,1,4,230.93384190911436
6,56,0,1,1,0,232.97892449189266
6,57,0,1,1,7,232.47402611277505
6,24,1,0,0,5,216.09171666171656
6,29,1,0,0,7,223.57125869207016
6,30,0,1,1,4,234.781983609284
6,31,0,1,1,5,243.8475436991622
6,33,0,1,1,0,234.3278544999613
6,34,0,1,1,1,234.89656615161917
6,38,0,0,0,6,215.7124170035247
6,50,1,1,0,1,236.5179528342306
6,51,1,1,1,4,238.91317199558483
6,53,0,1,1,7,236.93474480453955
6,6,0,1,0,5,217.63464109818864
6,9,1,0,0,2,214.0066053876401
6,18,0,1,0,1,215.9473370552802
6,19,0,1,0,3,224.4035017168755
6,23,0,0,0,2,198.59773661225694
6,29,0,1,0,7,222.49352949676492
6,32,0,0,1,2,216.90827665951159
6,42,1,1,0,4,229.93257492019032
6,43,0,1,0,5,215.76548865752778
6,49,1,1,0,7,233.08106621199036
6,53,1,0,1,0,228.34766053220108
6,56,0,0,1,1,217.94593761633377
6,4,0,0,0,1,200.82575800125164
6,6,1,0,1,5,226.39955007880235
6,9,1,0,0,4,213.62085732237136
6,11,0,0,0,7,198.9719114647031
6,20,0,1,0,6,218.05901796711703
6,41,0,1,0,6,215.97010062838
6,47,0,0,0,4,204.70453319232885
6,49,0,0,1,3,225.0319720470205
6,57,1,1,1,2,239.34294921341598
6,58,1,0,1,3,234.3353139388824
6,3,1,1,1,3,213.25232572626447
6,6,0,0,0,2,203.50698129082932
6,7,0,1,0,7,210.82188897002976
6,22,1,1,0,4,230.2544631274811
6,25,1,1,0,5,226.60292136073446
6,29,0,1,0,4,215.74457190756723
6,44,1,0,0,2,218.68761611081942
6,46,1,1,1,4,237.88307838838887
6,48,1,0,1,6,245.40610568092643
6,49,1,1,1,7,259.2238326417114
6,55,0,0,0,5,202.36209865923573
6,56,0,0,0,3,197.87257538627242
6,57,0,0,1,2,217.31384173977324
6,3,0,0,1,1,216.98141755486628
6,11,1,0,0,5,218.8557604145898
6,15,1,0,0,7,233.2478625287662
6,22,0,1,0,1,214.8858305800299
6,55,0,1,0,0,217.8749222263392
6,1,0,1,0,6,223.99313123178734
6,3,1,0,0,6,219.3519109275407
6,5,0,0,0,7,200.99130820512875
6,6,1,0,1,3,228.72568125240716
6,9,0,1,1,4,232.06094428789643
6,10,0,1,1,2,227.75222296843137
6,13,1,0,1,3,243.17964945393706
6,15,0,0,0,6,205.1071551780398
6,18,0,1,0,7,217.56003781423544
6,21,1,0,0,1,218.43854696950598
6,28,0,0,0,1,204.2308256596246
6,35,1,0,0,1,217.95741202297694
6,38,1,0,0,5,218.24724773161634
6,39,1,0,1,0,231.17893448535264
6,40,1,0,1,3,217.24836752093316
6,1,1,0,0,4,217.55252487502878
6,2,1,0,0,7,226.700428714278
6,5,0,1,0,5,219.78541391620615
6,10,0,0,1,4,211.7838477174863
6,11,1,0,1,4,228.7236319386416
6,16,0,0,1,1,220.7595419657834
6,20,0,0,0,5,204.94835239628753
6,21,0,0,1,2,215.5278728966199
6,22,0,1,1,1,229.74477562110408
6,27,0,1,1,1,233.60648823595278
6,40,0,0,0,7,218.54335383013668
6,13,0,0,1,1,214.57903037412277
6,19,1,0,0,5,214.94314702692006
6,33,0,1,0,1,218.8484206373579
6,35,0,0,1,2,219.25406246263827
6,36,0,1,1,0,232.83729416816115
6,37,0,1,1,3,232.8902133687222
6,39,1,0,0,7,217.74687530060183
6,47,1,1,1,2,212.5420421516266
6,48,1,1,1,4,248.63887074455283
6,57,1,1,0,2,232.35981964586992
6,59,1,1,0,6,224.88806456753946
6,0,0,0,0,6,210.12273529410967
6,2,1,0,0,4,208.09201736368342
6,5,1,0,0,7,229.4634919765163
6,15,0,1,0,2,216.9959131952397
6,22,0,1,1,0,227.99317647086468
6,25,0,0,0,5,201.90513742110952
6,27,1,1,0,2,229.1769424075061
6,29,1,0,0,6,220.12180604046273
6,37,0,0,0,2,207.99615754429047
6,39,1,1,0,5,235.545412603935
6,40,0,1,0,3,218.50783767466405
6,46,1,0,0,0,212.9404733730269
6,49,0,1,0,3,221.85030418943734
6,5,0,0,0,4,201.22557403874703
6,10,0,1,0,0,214.38048693216007
6,33,1,0,1,0,227.41500343922652
6,34,1,0,1,0,228.88549875192498
6,35,1,0,1,2,232.64288235281106
6,36,1,1,1,0,229.56713457112278
6,37,1,1,1,7,265.9882332957056
6,42,0,1,1,6,230.02264570748954
6,44,1,0,1,1,220.38644629510054
6,51,0,1,1,5,235.1090883553992
6,56,1,1,0,4,234.14526874013458
6,59,1,0,0,3,218.0524260912821
6,4,0,0,0,3,203.25629967206913
6,5,0,1,1,1,233.80115437769823
6,7,0,1,1,4,229.81273827689873
6,9,1,0,1,0,227.09151865497398
6,10,1,0,1,1,229.66426817278455
6,13,0,0,1,4,215.22644204972082
6,29,0,1,0,6,213.15549046743692
6,42,1,0,0,2,214.13697586851504
6,58,1,0,0,4,215.6656104645091
6,0,1,0,1,1,229.2903027829038
6,4,1,0,1,0,225.93334253227985
6,5,1,0,1,0,229.8269709631625
6,6,1,0,1,7,239.4766494569105
6,15,0,1,0,4,216.75401594208893
6,19,1,0,0,3,213.96176313596294
6,20,1,1,0,6,241.2799715364772
6,24,0,1,1,5,234.15422212420424
6,33,0,1,0,6,221.80446688133966
6,34,0,0,0,5,204.22623014451895
6,40,1,0,0,2,218.3907589047259
6,50,0,0,0,2,205.34955699100522
6,53,1,1,0,6,238.11226214585
6,2,0,1,0,2,215.59372876718143
6,3,0,0,0,3,203.15505405244056
6,5,0,1,1,6,234.39049923692318
6,7,0,0,1,3,217.07074781349243
6,8,0,0,0,5,202.4210560629193
6,12,1,1,0,0,226.78411068800054
6,13,1,1,0,3,235.1110458518607
6,18,0,0,1,4,214.4942519364892
6,19,0,0,1,7,228.22869843798253
6,35,0,0,0,4,205.48286485590305
6,39,0,1,1,1,235.27643911802588
6,44,0,0,0,2,202.5502074678475
6,48,0,1,1,4,233.34147023722568
6,49,1,1,1,4,243.8881411527169
6,50,1,1,1,3,199.8196861287153
6,55,1,1,1,2,249.41232837229444
6,56,1,0,1,5,226.47346954275443
6,58,1,0,0,5,215.11841308923286
6,59,0,0,1,0,211.57855703054307
6,2,0,0,1,3,219.1997085446259
6,3,0,1,1,0,231.07665301368286
6,4,0,1,1,7,228.67485304138435
6,21,0,1,1,2,230.74442806866497
6,22,0,0,1,5,215.56512090944648
6,28,0,0,1,6,217.4267783436265
6,39,1,1,1,2,239.84630066870665
6,41,1,1,1,5,233.55996884156016
6,44,1,0,0,0,216.0222507557655
6,57,0,0,1,4,215.16990159843718
6,14,1,0,0,3,227.24803368631152
6,30,1,0,1,1,233.727158806283
6,32,0,1,1,6,237.80436255676335
6,35,1,0,1,5,227.16725214716988
6,39,0,1,0,3,211.41213802584514
6,40,0,0,0,0,200.09996037885256
6,42,1,0,1,3,236.92008813684632
6,51,0,1,0,3,220.48046522400682
6,53,1,1,1,1,247.92898783254347
6,54,1,1,0,5,226.9809998589634
6,0,0,0,1,5,209.48582419615627
6,1,0,0,1,6,217.87930870020892
6,2,1,0,1,2,182.53701291243422
6,3,1,0,1,4,221.8477318952035
6,4,0,0,1,7,228.6283543163247
6,5,1,1,1,0,220.98441354943589
6,6,1,1,1,0,237.64347811031175
6,7,1,1,1,4,246.75761971969766
6,8,0,1,1,1,228.64642102699347
6,9,0,1,1,7,234.1634982859797
6,11,1,1,0,6,226.00043176660935
6,12,0,1,0,1,214.14956025850591
6,13,0,1,0,1,216.6057113557066
6,16,1,0,1,4,232.1282725046311
6,17,1,0,1,0,229.7445582589687
6,21,0,1,0,2,218.1568426557454
6,26,1,1,0,2,230.82578995474424
6,27,1,0,0,1,215.0932699840225
6,52,1,1,0,3,234.21193853264268
6,58,0,1,0,1,217.03615596163922
6,2,1,1,0,7,230.676617955565
6,6,0,0,0,6,203.18828430974077
6,8,1,1,0,1,230.1152485348736
6,12,1,0,0,6,215.68237640881398
6,15,1,1,0,5,235.09600322097603
6,16,0,1,0,2,218.8345719139311
6,19,0,0,1,4,217.39781131985708
6,20,0,0,1,4,215.83905938132602
6,21,0,0,1,0,214.25048233663068
6,32,0,0,1,6,211.8742638416856
6,33,0,0,1,3,221.96300103603954
10,0,1,1,0,4,105.47263069622213
6,4,0,1,1,1,230.34547069312
6,7,1,1,0,4,232.25616134227124
6,9,1,0,0,3,213.9771153926219
6,15,0,1,1,1,229.90196068005673
6,17,0,1,0,6,229.95148483833538
6,36,1,0,0,1,219.86163459806798
6,37,1,0,0,0,216.32382376098965
6,4,0,1,1,6,228.67404132621553
6,6,0,1,0,0,215.13632890696476
6,19,1,0,1,5,224.66167332654496
6,23,1,0,1,1,226.95761597058114
6,24,1,0,0,3,219.657458653511
6,38,1,1,1,0,222.13710026541082
6,15,0,1,0,6,217.11890298702653
6,25,1,1,1,6,239.53978791968783
6,26,0,0,1,4,216.66469523813225
6,27,1,0,1,5,233.6362810558554
6,32,1,0,0,2,219.47535453973526
6,4,0,1,0,5,217.33064352330067
6,5,1,1,1,6,216.0805558316679
6,14,0,1,0,2,220.06269100276847
6,23,0,1,1,4,232.10653368893782
6,30,1,1,0,5,234.7332249905945
6,31,1,1,1,2,218.8549831949795
6,32,1,0,1,2,236.9454821020537
6,52,0,0,1,3,220.98068030724258
6,56,0,0,1,5,218.80753389517864
6,59,0,0,1,6,212.6266706860754
6,14,0,1,1,7,235.07565335208193
6,18,0,1,0,6,218.6192802949001
6,19,1,1,0,2,228.9367096129826
6,25,0,0,0,4,200.71142144828727
6,43,0,0,1,4,217.31760738501546
6,49,0,0,1,0,216.7551536482925
6,6,1,1,0,1,231.323070857118
6,7,1,1,0,6,231.0996395409047
6,11,0,1,1,5,234.70387165399848
6,12,1,1,0,1,228.7093912418636
6,13,1,1,1,4,232.49711873647414
6,28,1,0,0,0,213.94721098065727
6,35,1,0,0,5,219.44408362029446
6,36,0,0,1,3,222.47790339897085
6,1,0,1,0,0,212.88638422725862
6,3,0,1,0,3,218.14906487385494
6,21,0,1,0,0,213.2644883306573
6,23,0,0,0,3,205.0281745494273
6,30,1,0,1,4,235.9800488965175
6,33,0,0,1,7,221.6067125433412
6,34,1,1,0,3,234.97371740769395
6,42,0,1,0,7,231.18707895826498
6,44,1,0,1,4,222.86122217518525
6,46,0,0,1,3,218.11652692126808
6,49,0,1,1,3,234.56317841263936
6,57,1,1,0,4,233.91903163772247
6,51,0,0,1,5,222.0798672778686
6,53,0,0,1,1,215.59058872111316
6,54,0,0,1,1,217.7068480711867
6,56,0,1,1,7,234.57096441372764
6,26,0,1,0,3,218.18491090381195
6,29,0,1,0,0,214.4896611466003
6,46,0,1,0,4,217.17257115623224
6,49,0,1,0,7,228.0956327975522
6,2,0,1,0,3,215.73032692785554
6,10,1,0,0,6,217.96839687691474
6,12,1,0,1,3,237.70506705167674
6,13,1,1,0,6,234.56079553121685
6,27,0,1,0,2,217.78946360722108
6,53,0,0,1,5,217.19105394289838
6,56,0,1,0,3,222.08322203604823
6,2,0,0,0,2,204.63002300978326
6,7,0,1,0,1,215.6347774461637
6,13,1,0,0,1,215.6503336898945
6,14,1,0,0,2,218.26715511957966
6,33,0,0,0,6,202.02339688447273
6,35,0,1,1,2,237.15475490874397
6,44,0,1,0,1,216.27119182999022
6,46,1,1,0,2,229.2978578784157
6,52,0,0,0,3,210.33212595649695
6,24,1,1,0,1,230.9805047710304
6,33,0,1,1,3,237.200830636515
6,54,0,0,1,3,219.22181619483655
6,55,0,0,1,2,218.58460802044547
6,57,0,0,1,6,219.35965355662182
6,58,1,1,1,0,227.19695369696626
6,59,1,1,1,6,221.63233639516946
6,0,1,1,1,6,256.7350885299189
6,4,1,0,0,1,217.50658748017452
6,5,1,0,0,5,220.64842362488196
6,10,1,1,0,6,230.5911467147974
6,21,0,0,0,1,199.66590495814296
6,24,0,1,1,2,234.50995717855864
6,44,1,1,0,2,233.52179556297816
6,48,1,1,0,3,231.4953877442873
6,50,0,0,1,0,217.26626504412852
6,51,0,0,1,4,219.34606292859075
6,52,1,0,1,0,217.15947498770186
6,53,1,0,1,6,226.30498529431628
6,54,0,1,1,0,232.02934437462022
6,56,0,0,1,3,218.89635431135392
6,1,0,0,0,3,200.0778283445932
6,9,1,1,0,1,229.2984516435296
6,33,0,0,1,5,222.32997564180897
6,35,1,1,0,5,235.54279176656615
6,44,1,0,0,5,220.556095806148
6,9,0,1,1,5,234.64711757738988
6,28,0,0,0,6,207.5518559453268
6,42,1,1,0,3,238.1601796271107
6,43,1,1,1,6,248.28457387017167
6,47,0,0,1,6,219.4993232463843
6,30,0,1,0,1,218.69044964446994
6,33,1,1,1,2,220.6710239063757
6,35,1,0,1,0,227.55508574410504
6,37,1,0,1,4,233.05992085246578
6,47,0,1,1,7,231.55773236601013
6,11,1,1,1,4,226.66795962354288
6,12,0,1,1,4,230.36044408333578
6,15,0,1,1,7,248.14758746201198
6,23,0,1,0,6,211.1994228605144
6,25,1,0,0,4,216.7178894420821
6,37,0,0,1,6,215.4440380332315
6,38,0,0,1,2,218.8017631420548
6,39,0,1,1,2,232.12466173260722
6,40,0,1,1,6,228.14966508057603
6,41,0,0,1,1,215.19789537315842
6,42,0,0,1,4,218.26587676688575
6,43,0,0,1,3,218.24614465872847
6,46,0,0,0,7,209.0326123652673
6,54,0,1,1,7,241.51748146746607
6,56,1,0,1,3,232.15714649833203
6,59,1,1,1,5,236.7649685987633
6,1,1,1,0,7,231.29926621320675
6,4,0,1,1,5,231.93103154733205
6,6,0,1,0,6,217.34099072776166
6,10,1,0,0,1,215.64395043857954
6,28,1,0,0,1,218.2249216600544
6,30,1,1,1,2,241.37321994976105
6,46,0,1,1,2,234.25681711556985
6,47,0,0,1,4,215.37201515665706
6,48,1,0,1,7,232.81498546644013
6,55,0,1,1,6,233.84905547544767
6,56,1,0,1,6,215.3336115137443
6,58,1,0,1,4,231.2259144151254
6,1,1,1,0,3,230.17306388290532
6,7,0,0,1,1,217.00612701824505
6,15,1,0,0,5,220.60856372875088
6,20,0,0,0,3,203.66528884625785
6,23,0,0,1,1,213.3283103022671
6,36,0,1,0,4,218.66303826835613
6,42,1,0,0,7,211.75675916003314
6,47,1,0,1,2,226.53536298077574
6,53,1,1,0,3,235.64415401683289
6,1,1,1,0,1,230.55328759527092
6,13,1,0,0,5,215.67030479879614
6,17,0,1,0,7,221.2568312038684
6,23,0,1,0,4,217.36318842551015
6,39,1,0,0,3,219.44580770673792
6,52,1,0,0,1,219.01682697367448
6,53,1,0,0,5,218.96519545418255
6,0,0,0,0,1,201.42827864803832
6,2,0,0,0,1,203.3750704537689
6,28,1,1,0,3,231.35800408986705
6,29,1,0,1,2,231.99598930431733
6,30,1,0,1,2,226.48754627376914
6,32,1,1,1,6,261.1047969927326
6,39,0,0,0,7,216.3583984305375
6,48,0,0,1,3,212.81905338007948
6,58,1,1,0,5,230.84196235693878
6,2,0,0,0,6,204.58386870318515
6,7,0,1,0,4,216.1608491611723
6,22,1,0,0,5,221.42127126164445
6,58,0,1,0,7,229.2161446835011
6,6,1,1,0,4,233.80120054383036
6,9,1,0,0,7,213.6403629304256
6,27,0,0,1,5,218.17636361721634
6,38,1,0,0,4,217.79915534440119
6,42,0,0,0,6,201.6450610632668
6,42,1,1,0,2,230.34050518274955
6,47,0,1,1,5,235.2116385569212
6,56,1,0,0,2,218.8519570596079
6,57,1,1,0,7,232.11377382480904
6,0,0,1,0,4,214.42093113755234
6,4,1,0,0,6,218.15283772881025
6,9,0,1,0,5,217.1677176705142
6,15,0,0,1,3,217.90538707076567
6,33,0,1,0,0,217.7172719158161
6,44,0,0,1,5,216.38111864142675
6,56,1,0,0,6,220.36406512811806
6,59,0,1,0,2,219.80469957182402
6,7,1,1,1,3,239.17724681251775
6,23,1,1,0,1,231.00493044887642
6,24,1,1,1,7,221.1915700631461
6,31,0,1,1,2,233.7849248580789
6,32,0,1,1,2,231.9918442259361
6,44,0,1,0,3,210.18167989809405
6,53,1,0,1,1,228.62501322499452
6,3,0,0,1,6,219.00828293235085
6,4,0,0,1,5,209.09243628028543
6,5,1,0,1,3,236.3988176374423
6,6,1,0,0,3,218.22807342228134
6,9,0,0,1,4,216.6693221293223
6,18,1,1,0,5,229.14712014043099
6,24,1,0,1,5,227.42191674561508
6,3,0,1,0,1,218.48500672772866
6,5,0,1,0,6,225.25657505117982
6,7,1,1,0,0,228.17230220141477
6,11,1,0,0,2,216.68701954056343
6,12,1,0,0,4,216.780739022003
6,19,1,0,1,7,228.61532173235778
6,26,0,0,1,5,216.6883756769154
6,40,0,1,0,6,219.65459972925586
6,45,1,1,0,7,244.02052202585614
6,6,0,0,1,1,214.2746279222842
6,8,0,1,0,2,216.40596911346677
6,13,1,0,0,3,215.64614249598128
6,14,1,0,0,6,219.8628841712258
6,26,1,1,0,1,232.40646192670178
6,28,1,0,0,2,227.02406954806224
6,29,1,1,0,3,235.9638027568969
6,30,1,1,0,0,229.57761259074493
6,31,1,1,0,1,233.77224121778937
6,44,1,1,0,4,231.0797331981691
6,45,1,1,0,3,234.68951032784508
6,3,1,1,0,1,230.16406484503557
6,6,0,1,0,1,217.90532661159622
6,10,0,1,0,4,215.17248031754022
6,18,1,0,0,6,226.80679991042
6,21,1,1,0,4,231.41272139621609
6,44,0,0,1,7,230.89206069518247
6,55,0,1,1,0,233.00015251178888
6,56,0,1,1,1,235.41910926843698
6,19,1,0,0,7,230.37923168604877
6,21,0,1,1,6,237.01576828795203
6,34,0,0,1,6,217.70631436801784
6,56,1,1,1,2,244.88991484628565
6,57,1,0,1,3,232.56752872171228
6,58,1,1,1,4,242.12746486062647
6,8,1,0,0,4,219.08753050654798
6,23,0,1,0,1,215.36060030237175
6,25,0,1,0,6,224.53698723363468
6,33,1,1,1,5,245.60656049589534
6,36,1,0,1,4,231.75172307012093
6,37,1,0,1,2,222.59126570119705
6,38,1,0,1,2,238.1356777286311
6,41,1,1,0,6,227.14432891169747
6,48,1,1,0,2,233.2053322421123
6,2,0,0,0,4,203.12609435039303
6,16,1,0,1,0,223.0817528802686
6,18,1,0,1,1,229.12877167952252
6,25,0,1,0,1,216.53505063078396
6,4,1,1,0,1,230.8090990554253
6,6,0,0,0,7,214.67507499564314
6,13,1,1,0,7,243.80574186115257
6,15,0,0,1,1,213.60243286956018
6,31,0,0,1,5,220.87645946158207
6,36,0,0,0,4,205.31413925097843
6,44,1,0,1,7,230.20444578025976
6,7,0,0,0,1,200.73985955089324
6,17,0,0,0,7,216.29845823715846
6,20,0,0,1,5,219.10700587655842
6,23,0,1,0,7,230.221458281202
6,27,1,0,1,6,238.1057741665252
6,38,0,0,1,4,218.71259398779276
6,42,0,0,1,6,219.05816000247557
6,50,1,0,0,3,221.46559709336543
6,51,1,0,1,5,232.89068124908556
6,14,1,0,0,0,213.69485095349444
6,15,1,0,0,6,216.32221946949667
6,29,0,0,0,3,208.410565646374
6,0,0,1,1,6,231.59085539845054
6,14,0,0,1,1,215.79263255246377
6,42,1,0,0,6,215.17891502052476
6,50,1,1,0,3,237.96255318178632
6,52,1,0,1,2,237.38867724186142
6,54,1,0,1,5,221.19004893636424
6,2,1,0,0,6,214.22679157849882
6,6,1,0,0,4,215.4105596807774
6,45,1,0,0,7,217.9810115841259
6,46,1,0,1,7,244.2863561467418
6,55,0,1,0,4,221.3744748904934
6,2,1,1,1,5,214.92767745024508
6,7,0,0,1,4,216.85671028483355
6,8,1,0,1,3,234.07077050155203
6,10,1,1,1,7,260.26590144025613
6,11,1,0,0,3,217.03147537242262
6,20,1,1,0,7,232.0232501340102
6,24,0,1,0,4,216.17217749199665
6,45,1,0,0,2,217.84586271828667
6,46,1,0,0,4,216.56714766397084
6,54,1,1,0,6,231.8079500491828
10,1,0,0,1,3,24.235497581286406
6,24,1,0,1,6,215.60959055125238
6,25,0,1,1,5,233.4856797815732
6,27,1,1,0,1,230.88613407694763
6,31,1,0,0,2,219.74673793804047
6,32,1,0,0,4,220.4831032305244
6,45,1,0,0,5,218.30358013461225
6,3,1,0,0,7,234.05838791342677
6,5,1,0,0,1,216.4336963866216
6,8,1,1,0,4,231.82505768526903
6,11,1,1,0,4,232.01015798688059
6,16,1,0,0,0,213.60618097621187
6,4,0,0,1,2,216.50710891870713
6,25,0,0,0,3,205.14162819599179
6,28,1,0,0,6,216.7796878118438
6,33,1,0,0,4,219.9401237099357
6,37,1,0,0,1,217.3297231690268
6,43,0,0,1,5,219.26178974004387
6,47,0,1,0,7,230.42339326476954
6,3,0,0,1,2,216.6183972515048
6,5,0,1,1,7,228.8750272002106
6,7,1,1,1,2,240.24088156823228
6,11,1,0,1,5,231.03244805878006
6,42,1,0,0,4,214.4554888029593
6,51,0,1,0,7,217.33390185939888
6,1,1,0,1,3,233.84406044675825
6,2,1,0,0,2,217.1528755259816
6,4,1,0,0,7,214.69219980984653
6,38,0,1,0,4,217.3467819055036
6,50,0,0,0,5,214.09490413575807
6,53,1,1,0,2,234.92014444320745
6,2,0,1,0,1,215.8199148057548
6,4,1,1,1,3,216.84064840676177
6,33,0,0,1,4,220.89478284761952
6,34,0,0,1,4,221.97952297133094
6,39,0,0,0,3,203.20843831132441
6,15,1,0,1,7,232.3365027925351
6,22,1,1,0,1,229.3459436503253
6,24,1,1,0,4,229.9015982123002
6,38,0,0,1,3,222.30957104229634
6,42,0,1,0,4,215.2176612720284
6,48,1,0,1,1,234.12469798296235
6,54,1,0,0,7,226.23319737577668
6,0,1,0,0,7,224.55671187518075
6,22,1,1,0,3,230.3666754932385
6,34,1,0,1,5,235.71503239623195
6,50,0,1,0,3,219.96859711360918
6,52,0,1,0,7,231.90551518591025
6,4,0,1,1,3,234.2741880066388
6,5,0,0,0,6,198.494388067711
6,12,0,1,0,5,216.80431250034806
6,20,0,1,1,5,229.93480550830108
6,24,0,1,0,5,217.05387395625695
6,30,1,0,0,0,216.21479133066123
6,11,0,0,1,3,212.71678128218952
6,13,1,1,0,0,230.62647697064608
6,14,1,1,0,5,231.81569761477763
6,27,0,0,0,5,202.9224749133156
6,29,1,0,1,1,230.98710591198548
6,32,0,1,1,3,233.20283021998821
6,36,1,1,0,5,226.63441650086625
6,44,1,0,1,2,230.07881054125087
6,45,1,1,1,2,236.84373733116857
6,3,1,0,0,0,214.81996242585157
6,6,1,0,1,4,208.60876078092767
6,7,1,0,1,7,237.62584958249764
6,16,1,1,1,4,226.09543513020432
6,21,1,1,1,7,256.3266504080023
6,45,1,0,0,4,218.91636500283113
6,59,0,1,0,0,213.89228036829354
6,15,0,1,0,7,230.95165085309733
6,18,0,0,1,2,214.80404451742987
6,20,0,0,1,1,216.12332769127596
6,47,1,1,0,1,231.50948665663492
6,54,0,1,0,2,217.55330905428087
6,32,0,1,0,7,229.4868409401367
6,33,1,1,0,3,236.08705587301824
6,34,1,0,0,3,219.630630587598
6,38,0,0,1,5,220.3380654027501
6,40,0,0,1,6,214.2874261903572
6,41,1,1,1,4,207.20114556210828
6,44,0,0,1,2,214.103359305023
6,55,1,1,1,7,249.6287455692475
6,8,1,1,1,5,259.16008713737426
6,9,1,1,0,4,233.6587033943165
6,18,1,0,0,2,220.75141787922192
6,31,1,0,0,6,221.8038331340313
6,54,1,0,1,4,231.9184555127359
6,58,1,1,0,7,232.22495128802876
6,59,0,0,1,1,214.0296729641774
6,28,1,1,0,6,243.83763006854144
6,30,0,1,0,2,220.5716139372328
6,39,0,1,1,7,234.27262340208026
6,53,0,0,1,0,215.60408011653254
6,1,0,0,0,7,202.3137569019882
6,32,1,0,1,3,234.3757317599606
6,55,1,0,1,4,232.92920899429075
6,56,0,0,1,2,218.06549646944435
6,58,1,0,1,5,230.91975145017207
6,25,1,0,0,3,217.4911016807838
6,27,1,1,0,3,239.77808095743984
6,28,1,1,1,7,255.8638434374746
6,38,0,1,0,3,218.84548839599884
6,40,0,1,0,5,218.3879677127645
6,0,1,0,1,7,242.55526586534862
6,17,1,1,0,2,233.59968812355666
6,19,1,1,0,4,230.3743862377148
6,23,0,0,1,3,218.5900674191515
6,56,1,1,0,2,235.0485709646675
6,8,1,0,0,1,215.75999605035972
6,49,0,0,0,6,206.7799492800179
6,7,1,0,0,4,217.04410986357527
6,22,0,1,0,3,218.57943945263173
6,32,0,1,1,7,243.44982065762198
6,46,1,0,0,6,217.78421277665623
6,6,0,1,0,3,216.11977201238923
6,15,0,1,0,5,216.98558960332298
6,17,1,0,0,4,217.3361343863464
6,27,0,1,0,3,218.18114707898775
6,32,1,0,1,6,229.92981554695191
6,33,1,0,1,6,247.44446955609996
6,37,0,0,1,1,218.1012780327012
6,4,1,0,0,2,217.16205294845676
6,6,1,0,0,7,226.19745092785413
6,12,0,0,1,6,216.36380317487266
6,13,1,0,1,5,225.74376035182118
6,17,0,1,0,2,220.16142871389658
6,25,1,1,0,6,227.7225619148686
6,28,0,0,0,3,207.1102986560498
6,33,0,1,0,7,225.73579701978653
6,35,1,1,1,2,251.59616397563727
6,1,1,1,1,1,230.40918427153844
6,2,1,1,1,7,263.04172783821787
6,3,1,0,1,7,223.64779381586257
6,29,0,1,0,1,215.87512398378598
6,30,0,1,1,7,234.44058799929797
6,44,1,1,0,0,230.2200295315744
6,56,1,0,0,7,229.63561464870338
6,16,1,1,0,2,233.55942495434243
6,22,1,0,1,5,231.06673821969616
6,30,0,1,1,5,231.46960347818398
6,44,0,1,0,5,214.23471170689675
6,58,0,0,1,0,214.01871748689874
6,59,0,0,1,2,215.78412732245673
6,0,0,0,1,4,216.0895915625234
6,31,0,1,0,7,220.006799812078
6,34,0,0,1,3,223.11152674980892
6,49,0,1,1,6,233.78355965089528
6,52,0,1,1,4,232.29796379421094
6,56,1,1,0,1,232.17125719389958
6,20,1,1,0,2,233.1125374762857
6,6,0,0,1,5,224.51892759417447
6,8,0,0,1,4,219.20712462762273
6,9,1,0,1,5,226.9717667629473
6,52,1,0,0,4,217.42223660876977
6,56,1,1,0,3,235.32616401640936
6,58,0,1,1,5,231.02811980302482
6,7,0,1,1,1,230.51111718673158
6,13,1,1,1,6,242.76827835531506
6,15,0,1,1,2,231.033059197801
6,16,0,1,1,4,227.88000121317
6,26,1,1,0,3,236.75725133515454
6,38,1,1,0,3,231.65709815777237
6,1,0,0,0,5,202.37343649437966
6,18,1,1,0,2,233.5643487432029
6,36,0,1,1,1,234.6079632295328
6,50,0,1,1,6,240.81678251123742
6,16,0,1,0,7,232.52112240767215
6,36,0,0,1,5,217.00810643985244
6,38,1,0,0,7,234.00276123670238
6,50,1,0,0,1,219.8366812311017
6,3,1,1,0,6,226.52563230274507
6,36,1,0,0,2,219.77755060730902
6,38,1,1,0,5,233.6155977296452
6,46,1,1,0,1,230.02486744498546
6,47,1,1,0,3,234.12725575461369
6,55,1,0,1,7,246.49800911801083
6,56,0,1,1,2,235.7250292971807
6,1,0,1,0,1,213.81612881585104
6,2,0,1,1,7,247.92730208166844
6,16,1,1,1,6,237.0151762297758
6,17,0,0,1,1,217.20208949924285
6,36,0,1,0,7,220.7434913096838
6,50,0,0,1,1,220.51851300534187
6,58,1,0,0,3,214.61597379077986
6,4,1,1,0,7,235.19184245026102
6,17,0,0,1,0,212.9008020527182
6,24,0,1,0,7,232.78376089973784
6,43,0,0,1,1,216.8810024064318
6,59,0,0,1,5,217.54447923206675
6,7,1,1,1,7,244.71705873748948
6,29,0,0,0,2,202.89239501982186
6,35,0,1,1,7,255.04277475436024
6,43,0,1,1,0,228.23498838003138
6,58,0,1,1,2,228.94408079941772
6,0,1,1,0,1,229.22868548023206
6,1,1,1,1,3,256.8117866342152
6,3,0,1,0,5,218.1549011054844
6,31,1,1,1,3,245.0365579874599
6,32,1,0,0,7,232.01711165867715
6,42,1,0,1,7,227.13372735623096
6,43,1,0,0,1,215.1948157360456
6,57,0,0,1,5,220.55967757337885
6,34,1,0,0,4,220.70491326434154
6,35,1,0,0,2,217.8667607773956
6,40,1,1,0,1,229.9218948724541
6,41,1,1,0,4,230.8437940634561
6,1,1,0,0,3,216.0775505591296
6,2,1,1,0,1,230.76523141561404
6,3,1,1,1,2,222.53045651140752
6,12,0,0,1,2,217.32040298986013
6,39,1,0,0,1,216.41955122222984
6,43,1,1,0,5,228.1439103387512
6,46,0,1,1,4,231.9381141586628
6,47,0,1,1,2,231.74438410653931
6,26,1,0,0,6,217.3152852490003
6,6,1,1,1,4,243.2729386070811
6,42,0,0,1,7,229.74093371971315
6,58,1,1,1,5,250.85571416642566
6,59,1,1,0,3,234.47407140595942
6,1,1,1,0,6,239.57854743826022
6,2,0,1,0,5,218.9478984042869
6,10,1,0,0,2,215.85232229857792
6,12,1,0,0,1,215.29174456509884
6,25,1,1,0,1,229.3000940953987
6,31,1,0,0,4,219.67495736822673
6,37,0,1,0,3,218.73066341669912
6,46,0,1,1,3,234.85270231148968
6,0,1,0,0,2,217.19767839757634
6,10,0,1,1,3,230.726981445231
6,19,0,1,0,7,220.9709596842866
6,58,1,1,1,6,248.96789869074627
6,7,1,1,0,1,230.64953057904
6,15,1,0,0,3,218.21779461259115
6,30,1,0,1,0,230.41716750768782
6,31,1,0,1,0,234.2582529930533
6,32,1,0,1,4,237.75836139442725
6,33,1,0,1,2,237.4417019101192
6,34,1,1,1,5,247.50441029242634
6,38,1,0,1,1,231.9144007969529
6,41,1,1,0,5,238.57282603940803
6,6,1,0,0,1,215.6828951681182
6,45,0,0,1,3,219.3955685654726
6,49,1,0,0,0,215.86214183713082
6,50,1,0,0,0,219.7026972177776
6,51,1,0,0,1,219.49763516003156
6,14,1,1,0,4,232.87765881319532
6,15,1,1,0,0,232.45111486577278
6,27,0,1,0,7,232.46644756096154
6,44,0,1,0,6,229.33050460487848
6,10,1,0,0,3,215.94603191017103
6,24,1,1,0,7,230.92162885948719
6,27,0,0,1,4,217.4646260322688
6,53,1,0,1,7,228.96196550326303
6,48,1,1,0,7,231.8607113002603
6,51,1,1,0,6,244.71657951797155
6,57,1,1,0,1,230.8750324434568
6,59,0,1,1,2,229.13218363605844
6,3,0,1,1,1,232.95406328570692
6,4,0,1,1,2,230.87226932781806
6,32,1,0,0,5,219.10254146585314
6,9,0,1,0,2,217.07801904469196
6,42,1,1,0,5,229.88645171713813
6,44,1,1,0,1,229.4027460240934
6,53,1,0,1,5,233.70256693820545
6,0,0,1,0,1,213.18574637371282
6,11,1,1,0,7,230.7381509693726
6,12,1,1,1,2,251.667628783224
6,32,0,1,0,1,220.46138836851944
6,45,0,1,0,6,216.78836577933822
6,46,1,1,0,5,242.72490929880738
6,53,1,1,0,1,230.59657735850266
6,3,0,0,1,0,214.96196847972544
6,14,0,0,0,5,202.39982253485348
6,26,0,0,1,7,214.52344479058388
6,1,0,1,1,3,236.93361187191252
6,3,0,0,1,3,225.32224504808187
6,4,0,0,1,4,218.17899764804366
6,5,1,0,1,1,230.21920039261258
6,22,1,0,0,7,230.60637676941343
6,39,1,0,0,6,229.526673774921
6,43,0,1,0,4,218.3566062654968
6,8,0,1,0,3,218.3848495794436
6,39,0,1,0,5,224.43664821826607
6,55,0,1,0,6,223.2156445390118
6,5,0,1,0,0,215.20772138136937
6,18,0,0,0,6,202.52406121051726
6,32,0,0,0,1,204.042113983157
6,34,0,1,1,4,235.6821350254512
6,35,0,0,1,6,225.05408681655246
6,26,0,0,1,1,215.20208730272404
6,0,0,1,1,7,247.50360333009968
6,15,1,1,0,2,233.26251214012905
6,35,1,0,0,4,219.40029219088683
6,43,0,1,1,5,232.2670809945079
6,46,1,1,0,0,229.3995152643344
6,0,1,0,0,5,216.34306661079148
6,11,0,0,1,2,213.76651192523707
6,15,1,1,0,6,245.83853152531483
6,54,1,0,0,6,213.32662680973493
6,2,1,1,1,2,210.79146188982412
6,3,1,0,1,2,226.3035048489472
6,11,1,0,0,6,216.52549438723818
6,32,1,1,0,2,235.21635060171047
6,33,1,1,0,4,233.26673755382808
6,41,0,1,0,1,216.09577613678556
6,52,0,1,1,5,232.98721245566907
6,59,0,1,1,5,231.4249001755102
6,6,1,0,1,0,226.18014673759066
6,7,1,0,1,1,226.44317308275694
6,8,1,0,0,3,217.70617479354237
6,20,0,0,0,7,214.97638082990696
6,31,1,0,1,3,239.67245447619194
6,36,1,1,1,7,263.0883480474989
6,42,0,1,0,3,215.34129946767254
6,50,1,1,0,2,233.77434082467124
6,58,1,1,0,0,227.88297582044464
6,59,1,1,0,5,230.4504723854923
6,5,0,0,1,0,214.83361426716112
6,28,0,0,1,7,213.3514538810367
6,32,0,0,1,4,217.33432750304235
6,41,0,0,1,5,220.0962797003123
6,0,1,1,0,0,228.77744136516233
6,1,1,1,0,4,231.5209003032031
6,27,0,0,1,7,232.20635155390144
6,33,1,1,1,6,224.83373911292864
6,34,1,1,1,1,247.88730228029013
6,43,0,1,0,7,217.92451881114582
6,59,1,0,0,5,213.60409326336355
6,19,0,0,1,3,216.00324904229262
6,44,0,0,1,6,217.86425977145302
6,45,1,1,1,4,241.8784230909542
6,2,1,0,0,5,216.79614207991435
6,9,1,0,1,1,228.65844714229408
6,53,1,0,1,2,230.88272976235203
6,56,1,0,1,2,232.30618784947313
6,57,1,1,1,5,196.94102864825453
6,58,1,1,0,3,229.93705381587495
6,11,1,0,0,7,229.56745984474622
6,31,1,1,0,2,236.24840518757443
6,47,0,0,1,5,215.63451592632148
6,0,1,1,0,2,233.66090478306853
6,3,1,1,1,0,205.933903720861
6,14,1,0,0,5,218.7122062057672
6,34,0,1,0,0,217.66795001676763
6,46,1,1,1,0,244.57333993471553
6,5,1,0,1,2,233.60768922814333
6,31,1,0,0,1,219.47174716644625
6,33,1,0,0,1,218.09846155922975
6,34,1,0,0,7,230.74986698903857
6,48,0,1,1,3,234.77865566734647
6,3,0,0,0,5,205.55626038269062
6,4,1,0,1,7,234.45215010848116
6,37,1,0,0,6,218.24355277913568
6,47,1,0,1,4,234.3628028915495
6,59,1,1,0,0,227.0094131911825
6,29,0,0,1,4,217.3613953180659
6,31,1,0,1,1,235.1015339556004
6,43,1,0,0,5,215.74603517566976
6,25,1,0,0,7,227.67611069877768
6,29,1,0,0,5,219.69040204861793
6,49,0,0,1,1,217.03663578630704
6,24,1,0,0,2,218.11784233179498
6,30,1,0,0,1,217.78835297331128
6,33,0,1,1,2,237.1816051320818
6,47,1,1,1,6,241.77385725463097
6,11,1,1,0,3,240.78667131038236
6,26,1,0,0,5,215.69257554154456
6,7,0,0,1,6,225.24671668747703
6,28,1,0,0,7,208.38523038310436
6,42,0,0,1,1,215.31972061308494
6,48,1,1,1,5,248.9218924629272
6,51,1,1,1,7,263.13535205764583
6,59,1,0,1,2,227.79683425525752
6,1,1,0,1,5,234.1717904609727
6,31,0,1,0,2,221.71007633909826
6,36,1,0,0,6,215.29274196438817
10,0,1,0,1,2,73.2598691392017
6,41,1,0,1,7,227.87952924852823
6,47,1,1,0,4,230.2439082045679
6,19,0,1,0,1,215.66508742244042
6,23,1,1,0,5,232.940238229139
6,25,1,0,0,1,215.54237659964613
6,33,1,0,0,3,231.56461011354577
6,2,1,1,0,5,232.3542635682219
6,14,0,1,1,1,231.06029822655435
6,25,1,1,0,4,232.84661598540288
6,30,0,0,1,0,216.95468738850735
6,31,0,0,1,3,220.43888570248777
6,35,1,1,1,5,253.78034143420783
6,45,0,1,1,2,239.0331015100594
6,46,0,0,1,2,217.50409771638294
6,47,0,1,1,4,235.4946725280778
6,54,0,1,1,1,232.6457511576681
6,57,1,0,0,5,216.89257994241103
6,2,0,0,1,1,216.12495275698674
6,8,0,0,1,6,216.06566693114416
6,22,0,0,1,2,214.9925975335484
6,23,0,1,1,7,228.84833954226136
6,30,1,1,0,6,234.05043874596552
6,58,0,0,1,2,217.72082177992445
6,18,1,0,0,5,220.07723226322565
6,27,1,1,0,7,229.35783438971978
6,51,0,1,0,4,220.702060766774
6,1,0,0,1,0,211.92569205159938
6,2,0,0,1,7,215.76760154305413
6,21,0,0,1,3,215.42408749065393
6,37,1,1,0,5,235.726516314359
6,46,1,0,0,3,218.80054993113305
6,48,0,0,1,2,215.81824806911152
6,51,0,1,1,0,231.7112419144754
6,55,1,0,0,0,217.14592338120465
6,30,0,0,1,2,218.95849648550654
10,0,1,1,0,2,70.547517607663
6,28,1,1,1,2,219.12583741218359
6,29,1,1,1,0,167.35583718469442
6,30,1,1,1,3,254.37942050966527
6,41,1,0,1,5,224.74887030868427
6,51,0,0,0,1,207.04271487523096
6,57,1,1,0,5,234.1317750331161
6,24,1,0,0,4,217.18604280940124
6,38,0,0,1,7,229.94673225498076
6,39,1,1,0,0,229.2848717367207
6,41,1,1,0,3,230.68243290930226
6,42,1,1,0,1,229.30315462518217
6,45,1,1,0,2,235.7631974038853
6,5,1,0,0,0,214.5493657815911
6,22,0,1,0,6,213.3644420819219
6,35,0,1,0,4,217.64985569801712
6,43,1,1,1,0,210.77072134048618
6,44,1,1,1,4,245.24525227871783
6,45,0,1,1,4,229.7229308178902
6,46,1,1,1,2,238.68397858779105
6,51,1,1,0,2,231.29252545603353
6,40,0,1,1,4,235.72341564137722
6,41,1,1,1,2,235.78741147353531
6,6,0,1,1,4,228.67905239839388
6,11,0,0,1,1,214.23467917598114
6,15,0,1,1,4,230.7750088803172
6,17,0,1,1,1,230.45599064743854
6,33,0,0,1,6,229.64110900205412
6,45,0,0,1,2,215.8221155244812
6,4,0,1,1,4,231.39330457976655
6,19,1,1,0,3,226.1555555481561
6,20,1,1,0,3,233.2989851940513
6,38,1,0,1,6,235.35132587547292
6,40,1,1,0,3,232.82713401886284
6,43,1,0,0,0,214.65405161654536
6,3,0,0,1,4,218.90802088183122
6,28,0,0,1,3,213.95444058935777
6,33,1,1,0,7,230.81844613155738
6,47,1,0,1,6,232.39592805565036
6,48,0,0,1,1,216.56734990740063
6,54,1,0,0,2,219.09832385409882
6,14,0,0,1,5,213.48742935804938
6,28,1,1,0,5,232.07567981678105
6,30,0,1,0,6,219.86073237896235
6,46,0,1,1,6,232.51555456207757
6,48,1,0,1,5,233.95320198138347
6,53,0,0,1,2,217.4236872381656
6,6,0,0,1,6,212.39278971781138
6,7,0,1,1,7,226.95422009884516
6,19,0,1,1,0,229.03763730993109
6,29,1,0,1,3,230.78605262723522
6,31,1,1,1,1,221.50054948607985
6,32,1,1,1,1,234.84741159714633
6,57,1,0,0,6,218.26577614257585
6,59,1,0,0,0,212.04616299310933
6,4,0,1,0,7,215.4179896394927
6,19,0,1,1,1,230.73119117167948
6,34,1,1,1,4,239.67951685811178
6,2,1,0,1,6,158.35822633997782
6,17,1,0,0,5,214.319717421316
6,22,0,1,1,5,231.04142125753881
6,29,1,1,1,4,230.620964617088
6,41,1,1,0,0,228.06227957872062
6,52,1,1,1,1,209.39850828330822
6,17,1,0,1,4,231.38098548614832
6,18,1,0,1,6,236.04628809447775
6,19,1,1,1,5,234.47365514748927
6,34,0,0,1,1,217.08721488724606
6,48,0,1,1,5,234.9691066189641
6,4,1,0,0,3,225.57236159314215
6,5,1,0,0,3,220.04998563235745
6,6,1,0,1,6,225.26700081158734
6,19,1,1,0,1,230.65108936114012
6,37,1,1,0,3,233.75040729537199
6,9,0,0,1,3,215.25337618781654
6,48,1,1,1,6,256.80117937519117
6,36,1,0,0,3,219.85550126134032
6,49,1,1,0,6,235.0172011028001
6,59,0,1,1,1,229.19594988125354
6,17,1,1,1,6,246.63617662180647
6,29,0,0,1,1,218.20176374502122
6,46,1,0,0,5,218.00493145717826
6,8,0,1,0,1,217.08427886363106
6,10,1,1,1,5,245.43231960950465
6,43,1,1,0,6,230.14975880274793
6,57,1,0,0,1,215.3988824534637
6,37,0,1,1,5,234.18088698195507
6,0,0,1,0,5,218.29110728125423
6,2,1,1,0,6,231.6922686950438
6,13,0,0,1,5,216.64367190067838
6,34,1,0,0,2,222.6083349047344
6,8,1,0,0,2,217.69945767106884
6,16,1,1,0,6,230.86076233284
6,40,1,0,1,7,243.7837105592595
6,55,1,1,1,5,252.24296927439173
6,59,1,0,1,6,243.95538956920348
6,7,1,1,1,1,240.53721162609673
6,29,1,1,0,6,232.50329924394947
6,25,0,0,1,6,225.5105099857291
6,26,1,1,1,0,177.88773518481682
6,27,1,1,1,0,235.71354643255822
6,34,1,1,0,2,232.897926474658
6,42,0,1,1,2,238.57308471654568
6,50,1,1,0,6,246.65653154678463
6,17,1,0,1,2,231.96560536194963
6,30,0,1,0,4,210.702648586245
6,54,0,0,1,2,219.7020047415706
6,55,0,1,1,7,235.32383524315676
6,18,0,1,1,3,225.4057401403996
6,22,1,0,0,1,217.04249129380446
6,23,1,0,0,2,219.18563457440445
6,25,1,1,0,3,231.5068207933413
6,55,0,0,1,1,221.61214633150777
6,30,0,0,1,6,211.24831920306895
6,50,0,0,1,5,217.8311005123342
6,5,1,1,0,5,233.8373559902068
6,11,0,0,1,4,208.13980670623494
6,42,1,0,0,1,213.300058471933
6,43,1,0,1,7,248.59309159213964
6,46,1,0,1,2,235.29993585722767
6,47,1,1,1,3,230.49625047465076
6,22,0,1,0,7,228.88594109311083
6,29,0,0,1,0,215.55788743104483
6,4,1,1,0,5,233.87022729959028
6,5,1,1,0,4,233.8060432075354
6,20,1,0,0,3,219.12302436696905
6,21,1,1,0,3,229.2655354614584
6,28,0,0,0,5,201.93512060628868
6,50,0,1,1,7,235.70329859034652
6,28,1,0,1,5,222.2427872446271
6,38,1,1,0,1,231.5357904002272
6,41,0,0,1,4,217.21133468434985
6,14,0,0,1,7,215.63792735276195
6,23,1,0,1,5,229.42768082464363
6,57,1,0,0,3,218.03628212792657
6,9,0,1,1,0,230.4697896149779
6,48,0,1,1,1,232.43888175666902
6,17,1,1,1,1,241.17518369324728
6,19,1,1,0,6,231.3435757352414
6,30,0,1,0,3,224.90361173845895
6,5,1,0,0,6,220.54202214219958
6,21,0,0,1,6,215.5292208203816
6,31,0,1,1,0,229.62753086455243
6,32,0,1,1,4,233.1892840278102
6,25,1,1,0,0,228.44314052530416
6,53,0,1,1,4,232.98453798083935
6,54,0,1,1,3,234.77919319424612
6,38,1,0,0,2,218.24491286947426
6,41,1,1,1,3,245.10479484157682
6,19,0,0,1,5,218.15871527792055
6,24,1,1,1,3,255.3834186995358
6,48,1,1,1,2,244.35947572937727
6,59,1,1,0,4,228.99202917626604
6,34,0,1,0,3,223.72350834855314
6,39,0,0,0,6,203.10118085284716
6,56,0,1,1,6,242.99172217953569
6,57,1,0,1,6,241.62449447574434
6,3,0,1,1,7,231.14126501931895
6,14,0,1,1,5,232.35017381518367
6,17,0,0,1,3,219.71480035231593
6,44,1,1,0,3,234.9056588390556
6,6,1,0,0,5,217.58822727222557
6,52,1,1,0,4,234.64638302944857
6,57,0,1,1,3,233.22724713425947
6,31,0,1,1,3,233.28454997600505
6,5,1,1,1,4,236.93609856780665
6,6,1,1,1,2,240.7089051957564
6,31,1,0,0,5,216.28956239771475
6,32,1,0,0,1,217.46020143780976
6,13,1,1,0,2,230.87480763727834
6,18,1,1,0,4,230.97133566159397
6,49,0,1,0,2,221.33795161226507
6,5,1,1,1,1,220.2713175450271
6,59,0,0,0,2,200.31953763439677
6,21,1,0,0,4,218.8373163435396
6,18,1,1,1,4,243.78983858983176
6,19,1,1,1,3,214.4281227295963
6,27,1,0,1,7,229.5264077342598
6,28,0,1,0,7,226.2825461783657
6,25,0,0,1,4,216.50774933543428
6,37,1,0,0,4,217.01051766808544
6,0,0,1,1,1,232.37366894009807
6,40,1,1,1,1,241.37748957672667
6,8,0,1,0,5,221.21742048081882
6,9,1,1,1,3,246.55582935255438
6,11,1,1,1,3,255.2181653793182
6,12,1,1,0,4,229.16204664013497
6,28,1,1,0,7,228.32675770286585
6,30,0,0,1,7,218.00651839732274
6,35,1,0,1,6,246.05045580105246
6,36,1,1,1,1,227.7020055704428
6,37,1,1,1,5,206.81011371757725
6,38,1,1,0,2,231.82489318872237
6,26,1,0,1,0,232.55292292803279
6,50,1,1,0,0,232.31503702703472
6,5,0,0,1,2,217.63894047747672
6,19,0,0,1,1,217.3851641398196
6,30,0,1,1,3,241.40133349131278
6,33,1,1,1,7,261.6227685671326
6,34,1,1,0,5,236.16396257664124
6,51,1,0,1,3,239.96724875420145
6,29,1,1,0,5,233.12244245219563
6,54,0,0,1,5,219.7909778927069
6,9,0,0,1,5,215.38913618612878
6,55,0,1,1,5,237.41604343533277
6,9,1,0,1,3,222.13416433598817
6,15,0,0,1,0,214.48689169243283
6,16,0,0,1,7,233.0366264541335
6,31,1,1,0,6,226.73587275128435
6,53,1,0,1,4,228.85911468245402
6,56,1,1,1,5,246.0240925296367
6,43,1,1,0,1,229.64294564105063
6,0,1,1,0,3,228.23236908434853
6,12,0,1,0,3,215.71361048724356
6,48,1,0,0,2,218.8231841279473
6,6,1,1,0,3,233.55485501335065
6,15,0,0,1,5,217.7735353645888
6,17,1,1,0,5,235.52833604927034
6,47,1,0,0,3,217.6054748547914
6,49,1,1,0,1,235.77047746864412
6,51,1,1,0,4,232.57647360917952
6,52,1,1,0,2,235.46211547636233
6,1,0,0,1,2,214.49394557783606
6,8,1,0,0,7,216.8337697220629
6,10,0,0,1,1,215.66117810514658
6,20,0,1,1,7,225.51307384608054
6,50,1,0,0,6,218.20651953523463
6,45,1,1,0,6,233.97143999631336
6,21,1,1,0,0,229.5690259621233
6,28,0,1,1,5,232.45190782029692
6,40,0,1,1,1,231.3611542335543
6,24,1,1,0,3,237.06750492355843
6,33,1,1,0,2,235.2548599813543
6,35,1,0,0,3,230.61638805298472
6,14,0,1,1,2,233.668022638351
6,24,1,1,1,1,205.7789802357774
6,28,1,1,0,1,229.9658838990215
6,59,1,1,1,0,213.72878791409408
6,5,0,0,1,5,219.00297633928628
6,34,1,1,0,7,249.0172364373697
6,43,0,1,1,2,231.86526835294327
6,7,1,1,1,0,231.98345042234678
6,8,1,1,1,3,228.09542069567786
6,9,1,0,1,6,219.13669321238615
6,39,0,0,1,7,218.63070379427896
6,9,1,1,0,5,233.40261092679512
6,20,1,0,1,7,246.82067120013235
6,8,0,0,1,7,230.9546698373366
6,16,1,1,1,7,242.8780326269694
6,39,0,0,1,4,217.8842106153714
6,48,1,0,1,3,234.37598562943634
6,1,0,1,1,4,231.65940414040503
6,34,1,1,1,7,265.6447069452285
6,41,0,1,1,6,235.11398802079347
6,42,1,0,1,6,161.31519265871086
6,2,0,0,1,4,216.87300098839142
6,22,0,0,1,6,207.93110979058622
6,10,0,0,1,5,211.46613489231936
6,36,1,1,0,6,246.8674935167965
6,52,1,1,1,4,226.73167575856078
6,53,1,1,1,6,255.48657911901373
6,0,0,0,1,3,214.0762799035656
6,8,1,1,1,7,221.7547447681722
6,9,0,0,1,0,213.86565216768287
6,53,1,1,0,4,232.87346895938896
6,18,0,0,1,6,214.48478767876165
6,59,1,0,0,2,213.40560998633163
6,15,1,1,0,4,234.49545761828554
6,16,1,1,0,4,233.70685290170488
6,10,0,1,1,7,239.36122844611413
6,18,1,0,0,3,217.4631553143268
6,19,0,0,1,6,214.57795538024362
6,25,0,1,1,6,245.5846975511466
6,26,0,1,1,7,247.22194606631848
6,27,1,1,1,6,259.2148933423914
6,37,0,0,1,2,220.1517383780176
6,15,1,1,1,3,249.84213569899154
6,43,1,1,0,0,228.09618938957266
6,5,0,0,1,1,217.70844231006026
6,9,1,1,0,2,233.40831349836262
6,29,1,0,1,6,247.43783182068358
6,0,1,0,1,4,224.84387740146016
6,18,1,0,1,3,228.01081470149634
6,26,1,0,1,7,235.0657215733516
6,42,0,0,1,0,215.91909572427699
6,41,0,1,1,1,233.12361074091723
6,47,0,0,1,3,220.78561557502795
6,27,0,1,1,5,231.67500279295254
6,41,1,0,1,1,228.5918520601931
6,47,1,0,0,5,217.2806986989683
6,49,1,1,0,5,236.49857320822474
6,0,1,0,0,1,215.19032117313546
6,5,1,0,1,7,242.88430200229692
6,21,1,1,0,7,231.7924623228486
6,22,1,0,1,3,228.68379389706485
6,29,0,1,1,2,233.28920089105577
6,51,0,0,1,1,218.27120557382923
6,1,1,1,0,5,231.75465604940698
6,15,1,1,1,1,181.27100798990344
6,23,0,0,1,6,215.9524959842475
6,11,1,0,1,0,226.5899450595152
6,13,1,0,1,4,204.09028788047362
6,38,0,1,1,3,235.49231634235468
6,42,0,1,0,2,216.131183043791
6,7,0,1,1,5,229.57727563266909
6,16,1,0,1,2,232.57709518338368
6,20,1,0,1,4,232.47138097394875
6,36,0,0,1,2,218.2084128573325
6,40,0,0,1,7,228.28084040935306
6,56,1,0,1,7,223.65119708685495
6,6,0,1,1,0,226.7313258716004
6,13,1,1,1,5,243.30478577303387
6,41,0,0,1,7,231.40575988101983
6,50,0,0,1,3,221.2171332936882
6,21,0,0,1,5,215.58247092826113
6,54,0,0,1,4,220.15460673088762
6,14,0,1,0,0,214.91684041194085
6,45,0,0,1,1,216.52912799952972
6,24,1,0,1,2,229.46101746258924
6,25,1,0,1,0,179.03487424885463
6,26,1,0,1,5,233.1230017873794
6,4,1,1,1,2,219.3095163419822
6,8,0,1,1,4,231.01618758516133
6,13,0,1,1,1,229.8168004611294
6,26,0,1,1,5,231.40145257297922
6,28,0,1,1,1,231.61556566716462
6,13,0,1,1,5,237.46703653279067
6,19,1,1,1,7,211.47593556472734
6,46,0,0,1,5,216.99333449390338
6,5,0,1,1,4,231.568310134719
6,42,0,1,1,0,229.5529057829877
6,43,0,1,1,4,230.39768942340916
6,3,1,0,0,4,219.61275035822996
6,17,1,0,1,7,229.31061454315264
6,19,1,1,1,1,213.898221793542
6,43,1,0,1,1,228.71646527382964
6,51,0,0,1,3,225.96806945546916
6,6,0,0,1,4,212.99597438220854
6,30,1,0,1,7,247.59930282781937
6,52,1,0,0,0,217.06692513120757
6,54,1,0,0,5,221.84524520022333
6,3,1,0,0,5,216.85225320845507
6,4,1,0,1,4,228.53400246352172
6,43,1,0,1,3,235.47608356856819
6,29,1,0,1,5,232.04386696307466
6,11,1,1,1,6,164.9391555179477
6,20,1,1,0,5,232.79372672287144
6,23,0,1,1,6,217.01961875391882
6,58,1,1,1,3,249.16994320670642
6,30,0,0,1,4,219.61510211313117
6,57,1,0,1,7,230.3376503872597
6,22,1,1,0,7,242.08294728490444
6,47,1,0,1,0,225.4114562462578
6,48,1,0,1,4,232.48259473602945
6,58,0,1,1,7,242.45013038543814
6,4,0,0,1,6,215.43288939693923
6,25,1,0,1,3,210.9721705874922
6,33,0,0,1,2,220.72403142922198
6,46,1,0,1,0,231.0924569577509
6,49,1,1,1,1,242.48828361649166
6,56,0,0,1,7,227.39384474758748
6,35,0,1,1,3,236.71282707325932
6,49,1,1,1,3,243.42549935909037
6,6,0,1,1,7,244.55596684758362
6,45,0,1,0,3,213.88867580500553
6,51,1,1,0,3,235.50433521142696
6,3,0,1,1,5,236.37809498753273
6,4,1,1,1,6,227.50183496635805
6,5,0,1,1,3,242.29809073350836
6,12,1,1,0,6,232.35533337762547
6,32,1,1,0,5,233.62093601549316
6,17,0,1,1,0,228.73510553181958
6,39,1,1,1,7,267.38678227988686
6,7,1,0,0,1,216.49784336417835
6,45,1,0,1,3,229.56492081993423
6,24,0,1,1,4,233.91774899730902
6,58,0,0,1,1,216.08804249840776
6,18,1,0,0,7,230.62983409852612
6,19,0,1,1,4,227.75557781225078
6,22,0,1,1,6,233.99766925143516
6,5,0,1,1,2,233.70516599312091
6,8,1,1,0,5,238.19024088768117
6,55,0,0,1,5,220.92191872631116
6,10,1,1,0,1,229.7819084150311
6,48,0,1,1,7,247.60040210232708
6,1,0,1,1,0,230.2029058122986
6,15,0,1,0,1,216.10009063339524
6,27,0,0,1,1,218.75241152185268
6,32,1,0,0,6,223.8336727267786
6,40,1,1,1,7,226.7800012332723
6,1,1,0,0,6,219.43658864920533
6,9,0,1,1,1,231.4430289245494
6,31,1,0,1,2,235.33788579737868
6,32,1,0,1,5,237.74811876808226
6,33,0,1,1,7,230.2866903012006
6,36,1,1,1,6,237.53597302549719
6,51,1,0,1,2,224.40239721273645
6,23,1,1,0,2,234.7219769613574
6,39,1,0,1,1,232.75348430899655
6,7,1,0,0,5,217.87316712342218
6,39,1,1,1,6,247.99334624897537
6,40,0,1,1,5,233.92475264899832
6,11,0,1,1,4,233.0932709292187
6,14,1,1,0,1,232.63370159354284
6,29,0,1,1,4,233.83962909292785
6,21,0,1,1,5,231.1650337858198
6,46,1,1,1,6,256.87358578908015
6,52,0,0,1,2,218.7432861184845
6,8,0,1,1,6,231.9193249865444
6,10,0,1,1,6,233.02930368223141
6,11,0,0,1,7,211.9454479015313
6,21,1,0,0,5,220.74357770724663
6,22,0,0,1,7,217.0055999857344
6,46,1,0,1,4,234.70821900743337
6,14,1,0,1,7,228.41545382441495
6,30,1,1,1,5,243.28562523997428
10,1,0,0,1,6,24.29057855254003
6,8,1,0,1,7,242.3852478114868
6,37,0,1,1,2,234.93883861806418
6,13,1,0,1,2,203.6758903667194
6,14,1,1,1,6,245.87205393004112
6,15,1,0,1,1,229.6505004275055
6,36,0,0,1,6,215.79741448878735
6,56,1,0,0,1,217.9663521455125
6,12,0,1,1,2,232.450561832421
6,11,0,1,1,6,244.6566559964512
6,16,0,1,1,6,231.76773410473015
6,22,0,0,1,1,215.08793108152332
6,48,1,1,0,4,231.03788178729462
6,57,1,1,0,6,233.91375025572722
6,17,1,1,0,6,226.22376769933055
6,8,1,0,1,2,232.35481129507846
6,4,1,0,1,6,221.9312418691669
6,9,1,1,0,7,241.81345734313493
6,13,0,1,1,3,230.0485237970043
6,24,0,1,1,3,234.77162470979766
6,10,1,1,1,1,216.80725403007048
6,12,1,0,1,0,216.62031474883125
6,16,1,1,1,5,233.60444228383693
6,20,1,0,0,6,228.26297349740653
6,52,0,1,1,3,243.30917602724702
6,48,1,0,0,7,220.34727718872708
6,1,1,1,1,0,241.54794976268676
6,2,1,1,1,1,219.00861651836357
6,2,0,1,1,5,234.79163047240357
6,7,0,0,1,0,214.37123874681495
6,8,0,0,1,2,216.10360259961604
6,16,1,0,0,5,216.9882797865585
6,18,1,0,0,4,216.09335727516063
6,2,1,0,1,4,134.69010956754178
6,3,1,0,1,0,222.17500764624293
6,5,1,1,1,2,213.38670052566707
6,19,0,1,1,7,239.6669135382643
6,31,0,0,1,4,217.6972537214289
6,16,1,0,0,7,217.28516317373857
6,18,0,1,1,6,231.1897053420194
6,10,0,1,1,1,229.77597904699692
6,40,0,0,1,0,215.89623245634428
6,23,0,1,1,0,231.44474744998539
6,25,0,1,1,0,232.47953441680562
6,26,0,1,1,4,231.5983590327178
6,29,0,1,1,1,233.2133490969456
6,39,0,1,1,3,242.30873185427356
6,6,0,1,1,1,231.59400431115714
6,28,1,0,1,2,229.11364646593933
6,48,1,1,0,5,231.68068341897836
6,47,0,0,1,2,215.07360360984788
6,57,0,1,1,1,233.27206670218538
6,50,0,1,1,5,234.97684046149936
6,47,1,1,0,0,230.64145752511666
6,10,0,1,1,5,231.61956197652145
6,41,0,0,1,6,216.95595424552013
6,0,0,0,1,1,211.94651392478883
6,14,0,0,1,6,214.08318264759242
6,16,0,1,1,7,246.33322835505143
6,38,1,1,1,2,255.44626692831818
6,39,1,0,1,3,233.92532366172478
6,59,0,0,1,4,212.7963710666542
6,0,1,0,1,5,230.60225820282338
6,33,1,0,1,7,235.70331665381858
6,37,0,1,1,6,235.08279165753044
6,3,1,0,1,1,223.22263722046316
6,29,0,1,1,6,234.96556110136314
6,56,1,0,0,5,220.619649481452
6,23,0,1,1,1,230.29355080576195
6,46,1,1,0,3,232.93855294288704
6,9,1,0,1,4,208.0494942088284
6,10,0,0,1,2,212.92902061084638
6,37,0,0,1,0,216.54042559719102
6,57,1,1,0,3,235.1775680552215
6,4,1,1,0,2,235.37537786885568
6,13,0,0,1,2,218.5981612455728
6,14,0,1,1,0,227.30627728676393
6,15,0,1,1,3,232.94389360574704
6,55,1,1,0,2,233.15201533779816
6,3,0,0,1,7,219.19314211409542
6,2,0,1,1,2,232.328967489049
6,6,0,1,1,3,232.24078263507897
6,13,1,1,0,1,228.2224954721322
6,14,1,1,1,1,246.17109786775728
6,48,1,0,0,3,220.59885394273394
6,5,0,0,1,6,218.0561164449701
6,6,1,0,1,2,229.15537152334716
6,37,0,0,1,3,218.3202486541988
6,40,0,0,1,3,218.06748938077862
6,54,0,0,1,6,228.12836571371997
6,56,1,1,1,3,232.7377269085627
6,8,1,0,1,5,232.57524885519086
6,32,1,1,0,1,232.8936852602706
6,33,1,1,0,1,233.75475602076233
6,45,0,1,1,3,232.46763486608126
6,59,1,0,1,5,230.77402950703384
6,7,0,1,1,6,242.4237363642465
6,55,1,0,0,5,220.18792846007028
6,15,1,1,1,2,210.5400782143996
6,45,1,0,1,4,221.90778189270696
6,46,0,0,1,7,230.12250448796667
6,18,0,1,1,5,226.61509503823635
6,22,1,0,0,6,212.1496956872242
6,1,0,1,1,6,229.62404547238953
6,16,0,0,1,4,217.2693517341093
6,23,1,0,1,3,216.57677144131165
6,51,1,0,1,1,231.33874485137653
6,8,1,0,1,6,234.83798059575923
6,5,1,1,1,3,229.1538555595412
6,27,1,1,0,6,228.21549576879707
6,33,1,0,1,1,234.20731469231725
6,37,0,1,1,1,232.5261864915314
6,40,0,0,1,5,218.99340343359594
6,14,1,1,0,3,242.88762237155717
6,52,0,0,1,7,230.945504956311
6,20,1,0,1,0,229.83498079038944
6,15,0,1,1,6,233.86211513601535
6,16,0,0,1,6,220.0201224614887
6,22,0,1,1,2,230.80777557089215
6,25,1,0,1,7,244.79519183282568
6,50,0,0,1,6,215.5987958441659
6,31,0,0,1,1,217.96064911842308
6,47,1,0,1,3,226.50004118181658
6,4,1,0,1,1,233.01281576734345
6,16,0,0,1,0,214.9380121463558
6,9,1,1,1,1,226.35057899516818
6,20,1,0,0,7,220.36201744915266
6,55,1,1,0,6,234.2924525370471
6,10,1,0,0,0,215.511245575688
6,58,1,0,1,0,230.9617863680712
6,7,0,1,1,2,231.14890410943778
6,26,0,1,1,1,230.46669133546706
6,27,0,1,1,7,233.5869329485732
6,11,0,1,1,1,227.83180689356237
6,21,1,0,0,3,218.6843662108261
6,34,0,1,1,3,236.59886627263296
6,17,0,0,1,5,219.22968898839167
6,39,1,0,1,5,234.68016755739256
6,56,1,1,1,4,248.38928382380288
6,12,1,1,0,2,231.51207910425725
6,35,1,1,1,0,248.94918230877082
6,3,1,1,1,5,202.59940403594817
6,34,1,0,1,3,235.67802993727022
6,37,0,1,1,4,233.1315092434336
6,44,0,1,1,0,221.54848474429048
6,45,0,1,1,1,229.70248389418987
6,35,1,0,1,1,229.83226973487996
6,55,0,1,1,1,235.8491250919502
6,33,0,1,1,6,245.56722438094602
6,32,0,1,1,5,231.611273602476
6,37,1,1,1,3,236.36555243000075
6,48,1,1,1,3,250.7620424667645
6,20,1,1,1,1,240.44405340458567
6,26,1,0,1,4,234.82986837077942
6,31,1,1,1,4,231.17570363205704
6,45,1,0,1,2,218.59911774550383
6,11,1,0,0,4,216.25315426426232
6,52,0,1,1,7,237.6382527332727
6,21,1,1,0,6,235.36058013001977
6,34,1,0,0,5,220.068144279633
6,38,1,0,1,7,249.33390168090494
6,39,1,1,1,4,242.83676507435044
6,40,0,1,1,3,238.13898332780997
6,20,0,1,1,0,228.80427686107242
6,10,1,0,1,4,228.4064494545853
6,56,1,1,1,0,230.3517783782404
6,57,1,1,1,0,209.30098347253153
6,49,1,0,1,4,215.12204779174644
6,31,1,1,0,4,232.03753565160315
6,9,0,1,1,2,230.94858348264512
6,13,1,0,1,6,215.2450185596936
6,14,0,0,1,4,214.42598591806225
6,25,0,0,1,2,217.3150848891607
6,35,0,0,1,4,219.53580245609527
6,10,1,0,1,2,228.76007142841067
6,11,1,1,1,7,215.28567274915474
6,22,1,1,1,2,227.96683901901474
6,55,1,1,1,3,255.22856556271682
6,6,1,1,1,7,253.98507316443346
6,10,1,1,0,3,231.15084698111582
6,26,1,1,0,5,225.80286232020387
6,23,1,1,1,1,240.79816909150142
6,43,1,1,0,4,227.28947831486911
6,42,0,1,1,1,229.47655548157377
6,6,1,1,1,1,234.22618577033728
6,51,0,0,1,6,220.0203369606092
6,17,0,1,1,3,237.39816186580396
6,17,0,0,1,4,214.9252258677112
6,2,0,0,1,2,217.20291089863673
6,21,0,1,1,4,229.1826818999312
6,42,0,0,1,5,216.05396826246212
6,57,0,1,1,0,229.91551786468713
6,6,1,1,0,2,233.02986466308064
6,33,1,1,0,5,236.37877102665257
6,0,0,0,1,2,213.89878425771835
6,19,1,0,0,4,217.3176111679416
6,10,1,0,1,0,227.91261102628675
6,1,1,1,1,5,227.13964369603315
6,4,0,0,1,0,214.7963738518138
6,23,1,0,1,7,248.09808039891828
6,3,1,0,1,6,235.01813938028187
6,40,0,1,1,0,232.60592317257039
6,29,1,1,1,3,206.1318016549854
6,36,0,0,1,4,218.1375028334115
6,1,0,0,1,7,211.5133655917241
6,24,1,0,0,0,217.04563864154304
6,51,1,1,0,0,234.0334435957432
6,31,1,0,1,6,235.3549255729747
6,37,1,1,0,6,247.36905406086942
6,7,1,1,0,3,239.1445854972127
6,28,1,1,1,6,245.18074496602054
6,4,1,0,1,2,233.7207167126034
6,5,1,0,1,5,233.0347503749622
6,33,1,0,0,2,220.85452538159348
6,47,1,0,1,1,224.2496454168714
6,47,1,1,0,7,245.55202132236911
6,10,0,1,1,4,230.40664085946804
6,44,1,0,1,3,228.8002478635351
6,44,1,1,1,2,245.39386353934324
6,27,1,1,0,5,231.1442957108867
6,2,0,1,1,1,234.16924347997195
6,44,1,1,1,1,232.0085225707454
6,39,1,1,0,3,234.17278591950702
6,56,1,1,0,7,249.04135195186961
6,16,1,0,1,3,233.40421343133008
6,17,1,0,1,3,227.10168166372168
6,48,0,1,1,6,232.66477693717775
6,2,0,0,1,5,217.71556828029998
6,29,0,1,1,7,244.39235595297777
6,33,1,1,0,6,242.82446669186174
6,13,1,1,1,3,253.93707708705125
6,15,1,1,1,6,218.47765931889023
6,27,1,1,1,3,224.32935368265885
6,29,1,0,1,4,234.24848662972042
6,34,0,1,1,5,236.04431965671768
6,17,1,0,1,5,242.92873775414222
6,26,1,1,1,6,247.58070117356874
6,40,1,1,1,5,242.57463204935974
6,10,1,1,0,5,232.75396547885896
6,54,1,0,1,3,233.86567565934607
6,55,1,1,1,1,247.11958541232374
6,24,1,0,1,4,230.4119769647651
6,18,1,1,1,2,236.6283216338508
6,15,0,0,1,2,226.2315266071331
6,34,1,0,1,6,237.6797944662999
6,45,1,1,1,7,249.12849502657195
6,18,0,1,1,7,243.32978941942142
6,30,1,1,1,7,240.704528114375
6,59,1,0,1,1,216.71807802790008
6,43,1,1,1,3,257.51341185408756
6,47,1,0,0,0,216.01680520415596
6,58,1,1,1,7,259.16347648163566
6,47,1,1,0,2,231.38623869322453
6,56,1,1,0,5,238.52457244229774
6,58,0,1,1,1,231.71558807593613
6,24,1,1,0,5,231.94986296139942
6,59,0,1,1,3,233.48537114072116
6,25,0,0,1,5,218.69915923718793
6,39,0,0,1,6,220.88999166805382
6,53,1,0,1,3,239.44725796487188
6,24,1,0,1,3,240.58253631314346
6,54,1,1,1,4,216.68699533767446
6,57,0,1,1,5,232.7014472646017
6,10,1,1,0,4,232.50517699579234
6,38,0,1,1,7,245.22809525065037
6,20,1,0,1,5,231.2094582836877
6,9,0,1,1,3,242.68743440588096
6,11,1,1,0,5,231.22657624979985
6,32,1,1,1,2,242.22851862017393
6,27,0,1,1,3,240.07896766229442
6,28,1,0,1,6,243.46992423517815
6,29,0,1,1,5,237.55878505175272
6,41,1,0,1,4,235.61684842625783
6,49,1,0,1,5,226.57268465971362
6,51,1,0,1,0,228.2781602923659
10,1,0,0,1,5,46.76341337341674
6,58,0,1,1,4,231.38654864834317
6,41,1,0,1,2,223.03757031115296
6,17,1,1,1,7,249.18728096453074
6,12,1,0,1,5,238.49647527986215
6,21,1,0,1,2,232.30641425847952
6,22,1,0,1,7,249.5804399840936
6,15,0,0,1,4,217.3249604256024
6,12,0,0,1,5,215.0747235671393
6,23,1,0,0,6,215.88525496138476
6,5,1,0,1,6,233.02846308342208
6,2,0,1,1,4,232.1759772252205
6,18,0,0,1,3,217.7350306736726
6,39,1,0,1,2,233.1884839823526
6,40,1,1,1,2,243.19637217975892
6,32,1,0,1,7,252.762372911743
6,44,0,1,1,6,231.69556531498205
6,24,0,0,1,2,220.00304040329831
6,39,1,0,1,4,232.23489155074125
6,12,1,0,1,4,227.57159337185473
6,55,1,1,0,7,232.2512109615016
6,33,0,1,1,5,237.64235062070213
6,32,1,0,1,1,238.00825438606256
6,9,1,0,0,5,221.63548079758706
6,0,1,0,1,6,230.71519805358975
6,53,1,1,1,4,249.31355325673266
6,3,0,1,1,2,232.8670134251837
6,58,0,0,1,7,226.38644075492644
6,29,1,1,0,4,232.0081282169574
6,34,1,1,1,0,228.98823998923032
6,14,1,1,0,6,232.5785947798789
6,48,0,0,1,4,214.02660053499264
6,31,0,0,1,7,231.19169498358374
6,50,0,0,1,7,231.90542176848166
6,32,1,1,1,7,234.16422417298108
6,1,0,0,1,1,216.43354897069705
6,56,0,1,1,3,237.01603377682974
6,11,1,1,0,1,231.48851282711328
6,53,0,1,1,6,236.1827891609281
6,54,1,0,1,1,222.80713680546413
6,16,1,1,0,7,232.64243707156706
6,7,1,0,1,4,213.81631487456957
6,16,0,1,1,1,231.60067350631815
6,52,0,1,1,1,232.4508778213495
6,35,0,1,1,4,233.96520441520755
6,42,1,1,1,5,245.3145418171117
6,3,0,1,1,3,242.55449163600264
6,22,0,1,1,4,230.14012006135707
6,23,0,1,1,3,231.3789163357922
6,0,0,0,1,6,211.06572934252958
6,45,1,1,1,0,228.61993454931792
6,47,1,1,1,0,203.53443127638394
6,29,1,1,1,7,254.9497652368006
6,42,0,0,1,2,217.15978162906666
6,52,1,0,1,3,235.85692914978713
6,18,1,0,1,4,230.3084527208977
6,52,1,0,1,6,227.44163547801017
6,22,0,0,1,3,226.0505958254095
6,8,1,0,1,0,228.90536581037455
6,16,1,1,0,1,231.38633314781976
6,24,1,1,1,4,222.42776001071041
10,1,0,1,0,4,24.535613842828592
6,24,1,0,1,7,222.5155590110348
6,10,1,0,1,6,228.7792923286035
6,12,0,1,1,6,227.9961490058729
6,13,0,1,1,2,230.2575101978444
6,0,1,0,1,3,221.23525348009377
6,49,1,1,1,0,216.74574475921813
6,50,1,1,1,0,171.32182759390676
6,42,1,1,0,6,230.4736608124471
6,55,1,0,1,0,228.370159928063
6,7,1,0,1,6,231.59865777157927
6,32,0,1,1,1,231.9535044304947
6,48,1,0,1,2,213.40347877231966
6,49,1,1,1,2,200.28145174457552
6,51,1,0,1,4,231.77720886861968
6,28,0,1,1,3,232.50935550592362
6,11,0,1,1,3,237.8656701392481
6,17,0,1,1,6,233.8584999337828
6,58,1,1,1,2,244.0002489662209
6,20,0,0,1,7,230.9232413964432
6,57,1,1,1,7,260.9691469605977
6,38,1,0,1,4,234.4678116580713
6,53,1,1,0,7,243.90072430573167
6,50,1,0,1,0,215.02004086301162
6,23,1,0,1,4,200.47782274944163
6,59,1,0,1,3,228.75471452514216
6,36,1,1,1,4,245.4390452831028
6,57,1,1,1,6,229.16833528107207
6,49,1,1,1,5,243.58110154478322
6,54,1,1,1,0,195.70979944318572
6,44,0,1,1,5,231.2046760125931
6,36,1,0,1,2,232.48727399317684
6,37,1,0,1,6,244.91094490504045
6,5,1,1,1,5,242.12258365639184
6,8,0,0,1,3,220.20224216088326
6,51,1,1,1,1,209.15206523582992
6,38,0,0,1,1,216.92625388786144
6,8,1,1,0,6,234.0870051564683
6,31,1,1,1,7,266.7253220955564
6,42,0,1,1,7,230.56033086057587
6,31,1,1,1,6,248.33066792495993
6,28,0,0,1,4,215.73389289870096
6,44,1,1,1,7,244.80991144596945
6,19,1,0,1,3,238.61852564746488
6,21,0,0,1,7,227.6949859989615
6,1,0,0,1,3,220.7129036994025
6,22,1,0,1,1,221.91089868410532
6,43,0,0,1,7,228.93903641862713
6,50,1,1,0,4,233.4562962810289
6,45,1,0,1,7,234.27454039952408
6,46,1,1,1,7,246.52040843831878
6,2,1,1,1,6,233.57372734460694
6,14,1,0,1,3,241.67524702410637
6,28,0,1,1,2,232.1954358529093
6,50,1,0,1,5,231.70387375225764
6,30,1,1,1,4,239.52053187138975
6,59,1,1,1,1,223.6690445679282
6,29,1,1,0,2,232.74584475406124
6,14,0,0,1,3,226.55028128408114
6,26,0,1,1,2,231.64104377191651
6,12,0,1,1,0,218.21900531885885
6,13,0,1,1,4,230.38576794280462
6,18,1,1,1,1,241.9743807536961
6,41,0,1,1,4,230.6888835274957
6,52,1,0,1,7,247.42985610318914
6,42,1,0,1,5,219.80442217966305
6,49,0,0,1,2,216.87847210138952
6,51,0,1,1,2,233.74680909304837
6,20,0,0,1,2,218.3461612039439
6,21,0,1,1,7,223.59611320574834
6,6,0,1,1,6,231.1137543440035
6,13,1,1,1,0,241.21360895007714
6,41,1,1,1,7,258.2728561849125
6,14,1,0,1,1,217.66668251901172
6,7,1,0,1,5,233.64286710050288
6,28,0,1,1,4,234.3667206876132
6,54,0,1,1,5,235.99060652907906
6,47,1,0,1,5,241.0366352999019
6,58,1,0,1,1,229.68507168802975
6,16,1,0,1,5,233.86437199325408
6,0,1,0,1,2,232.37922047672217
6,23,1,0,1,6,223.7457193385396
6,38,1,1,1,3,219.7983957174243
6,16,0,1,1,2,233.84926693103043
6,14,1,0,1,5,218.4124177666739
6,45,1,0,1,5,208.2873748215936
6,27,0,1,1,4,232.73720953657033
6,1,1,1,1,6,242.00777721025193
6,29,0,1,1,3,233.10271138795207
6,17,1,0,1,1,234.49832438071806
6,25,0,1,1,4,232.24485487264096
6,43,0,1,1,6,242.07818130721807
6,44,1,0,1,6,244.3369320887999
10,1,0,1,0,6,26.26545104355616
6,53,1,1,1,0,247.14948176473504
6,54,1,1,1,7,245.12329274100924
6,16,1,1,1,2,223.5796077769054
6,17,1,0,1,6,230.9473072121482
6,41,0,1,1,7,247.1171842156711
6,36,1,0,1,5,233.3259848718319
6,40,1,0,1,5,234.6583849525006
6,23,0,0,1,4,215.33073494864468
6,49,0,1,1,5,233.63333652494143
6,6,1,1,1,5,227.00942128109907
6,50,0,1,1,4,234.59053388598133
6,25,1,0,1,2,207.66152587217837
6,26,1,1,1,5,243.73549574405803
6,19,1,1,1,4,230.82189190632562
6,29,0,0,1,6,227.62511081799752
6,56,1,0,1,1,221.6120051574502
6,47,0,1,1,3,234.1755197125012
6,1,0,1,1,2,231.07874129587645
6,2,0,1,1,0,232.5016389384239
6,32,1,1,1,3,209.64906202491377
6,8,1,1,1,1,247.4319908442873
6,32,1,1,0,4,234.3097258170487
6,47,0,1,1,0,231.91682450306246
6,20,1,0,1,3,234.49965650338626
6,30,0,1,1,2,232.81157809352774
6,41,1,0,1,3,228.56169443497853
6,43,1,1,1,5,237.31321242101097
6,30,0,1,1,6,229.03763656652643
6,12,0,0,1,3,217.99731489534798
6,58,0,1,1,3,231.38796781720006
6,48,0,0,1,7,214.91978368392063
6,11,0,1,1,2,232.16407516207863
6,12,0,1,1,7,228.65025198294717
6,26,0,1,1,3,235.07562439622322
6,7,0,1,1,0,228.95566449726647
6,0,0,1,1,2,230.89703583709684
6,7,1,0,1,3,231.20914624356485
6,2,1,1,1,3,238.3988032155139
6,19,1,0,1,2,228.69148817663472
6,21,1,0,1,5,232.2563685936203
6,16,0,1,1,3,236.03146288159112
6,24,1,1,1,0,157.09453915221945
6,25,1,1,1,3,250.56528026924525
6,9,1,1,1,0,245.7551708261927
6,50,1,0,1,2,221.90538804841626
6,41,0,0,1,3,217.17439050713904
6,10,1,0,1,3,234.47475645034376
6,47,1,0,1,7,230.95120604642736
6,58,1,1,1,1,244.02858986709077
6,52,1,1,0,0,231.45556909262342
6,37,1,1,1,6,236.90754952054368
6,18,1,0,1,0,223.09695844951378
6,1,1,0,1,1,227.20677623320168
6,2,1,0,1,5,221.28941114452113
6,8,0,1,1,5,232.86927084993218
6,10,1,1,1,3,232.0565534807956
10,1,0,0,0,5,148.3894053938429
6,14,1,1,1,7,245.0329676692659
6,25,1,1,1,1,236.94530584284595
6,51,0,1,1,3,236.53260676877784
6,2,0,1,1,6,232.42041962558898
6,5,0,0,1,4,218.01316344985864
6,14,1,1,0,7,226.70392820557058
6,58,1,0,1,2,231.90372319346568
6,13,0,1,1,6,226.48825553461694
6,29,1,1,1,5,203.9228126213982
6,22,1,0,1,4,229.13858878824828
6,31,0,0,1,2,219.87973072516422
6,42,0,1,1,3,227.21878308256555
6,17,1,1,1,2,241.19043987709213
6,21,1,0,1,0,230.3310241248508
6,22,1,0,1,2,228.16037035827367
6,34,1,1,0,4,237.37742407460723
6,40,1,1,1,4,223.29085713107855
6,55,0,1,1,3,239.16217977809774
6,1,1,0,1,4,217.32789264700838
6,25,1,0,1,5,218.13506059778965
6,47,1,1,1,5,232.8718548004705
6,38,0,1,1,6,236.18297604524182
6,40,1,0,1,6,234.460847394479
6,48,1,1,1,1,236.98036350840601
6,18,0,1,1,2,232.36016696518092
6,12,1,1,1,7,241.5114194678013
6,14,1,1,1,5,245.86555529279752
6,37,1,0,1,1,233.57477915319635
6,39,0,0,1,2,219.14386308341474
6,48,0,0,1,5,217.28431905373924
6,54,1,0,1,7,233.13707679437368
6,37,1,0,1,0,229.0555905253371
6,38,1,0,1,5,234.5178183958415
6,24,0,1,1,6,226.6025763584048
6,25,0,1,1,3,233.2457400123203
6,0,1,1,1,7,194.1894224241838
6,39,1,1,1,3,248.12662859161594
6,23,1,0,1,2,223.85738279693328
6,25,1,0,1,6,229.73406324259653
6,10,1,1,0,7,237.3522652304371
6,52,1,1,1,3,217.71749731053634
6,52,0,1,1,2,232.58023551519554
6,1,1,0,1,7,230.17399550204044
6,2,1,0,1,7,203.43383616516118
6,34,1,0,1,1,232.86790478734767
6,41,1,1,1,6,236.08455840542743
6,57,1,0,1,1,229.47731945256155
6,32,1,1,1,5,246.9623934113605
6,14,1,0,1,4,217.7292380811794
6,1,1,0,1,6,248.52567628416836
6,13,0,1,1,7,228.6723004117919
6,7,1,0,1,0,231.57153766005453
6,36,1,0,1,6,232.55556022115746
6,12,1,1,1,4,241.70866817955425
6,23,1,1,1,5,227.49695696958912
6,41,1,1,1,1,200.15288911149833
6,29,1,1,1,2,230.22617831726282
6,9,0,0,1,2,214.82626348785274
6,18,0,1,1,1,228.36269889490313
6,28,1,1,1,1,224.2054403033841
6,37,0,1,1,7,247.02133278214293
6,36,1,1,1,5,223.7363048178854
6,6,1,1,1,3,240.2189329504591
6,59,1,1,1,2,234.83237472290855
6,0,1,1,1,4,206.9825578668607
6,12,0,1,1,5,231.8898499769437
6,3,0,1,1,6,234.27884797772958
6,39,0,1,1,4,231.51485501317242
6,40,0,0,1,2,219.81328937220664
6,54,1,0,1,2,232.2385053582974
6,57,1,1,1,3,204.10029117465976
6,34,1,1,1,3,252.64618028656457
6,43,0,0,1,2,216.26567922756848
6,55,1,0,1,3,234.76434704926274
6,41,0,1,1,2,234.48372082125195
6,12,1,1,1,6,226.8999050925295
6,30,1,0,1,6,237.72790888040527
6,50,1,0,1,1,232.64658538766142
6,47,1,1,1,4,190.7429420905799
6,6,1,0,1,1,223.84527284449834
6,46,1,0,1,1,229.85895564609197
6,27,1,1,1,7,213.49464112823225
6,10,1,0,1,7,223.68268138058474
6,44,1,1,1,3,240.22642785667597
6,46,1,1,1,3,217.7159578687391
6,12,0,0,1,7,231.01630880011953
6,22,1,0,1,6,232.6159531491291
6,49,1,1,1,6,222.58441409337155
6,50,1,1,1,4,164.60802066244136
6,20,1,1,1,0,233.63352737319445
6,40,1,0,1,2,223.76366398093953
6,37,1,0,1,5,233.39157745123487
6,52,1,0,1,1,220.9106518233635
6,57,1,0,1,4,223.43711891572667
6,0,0,1,1,3,234.13870339604227
6,29,1,1,1,6,209.02335407871564
6,20,1,1,1,4,245.97057319219604
6,8,1,1,1,6,240.12624683501815
6,30,1,1,0,2,232.2848213654558
6,16,0,0,1,3,219.42440798680803
6,34,1,0,1,7,246.83974032545282
6,19,1,0,1,1,228.89400205831043
6,41,0,1,1,3,236.03983237205492
6,8,0,1,1,2,231.60399074286215
6,18,1,1,1,7,239.29463339105212
6,19,0,1,1,3,224.5347380486863
10,1,1,0,0,2,26.26433561335196
6,31,1,0,1,5,234.63467813844056
6,50,0,1,1,1,233.7811460673431
6,53,1,1,1,2,245.4523843544111
6,27,1,0,1,2,226.53161147552692
6,48,1,1,1,0,248.70527362013752
6,21,0,1,1,0,227.94955030001483
6,9,1,1,1,6,243.09814464357984
6,50,1,1,1,1,195.11429053230648
6,14,1,1,1,2,244.40496776645045
6,18,1,1,1,3,240.94999519065252
6,22,0,1,1,7,225.22617289147402
6,17,1,1,1,4,236.72334942331
6,18,0,1,1,4,227.79927450068237
6,27,1,1,1,2,218.56184553956166
6,35,0,0,1,5,223.25662031186067
6,36,1,0,1,3,232.69382994023127
6,0,1,1,1,1,212.56001131762628
6,17,0,1,1,4,229.55804319303985
6,4,0,0,1,3,219.1172893024305
6,42,1,0,1,2,201.00240168856942
6,41,1,0,1,6,227.01006988190417
6,22,1,1,1,6,227.0535510019455
6,10,0,0,1,7,223.36420987885063
6,3,0,1,1,4,231.49194036933304
6,26,1,0,1,2,230.90257889769194
6,36,1,1,1,3,229.81412360267294
6,35,1,1,1,4,251.23460551090852
6,51,1,0,1,7,232.49274034056873
6,13,0,0,1,7,230.41703930018585
6,31,1,0,1,7,246.45723886355128
6,26,1,1,1,4,214.67917837619413
6,27,1,1,1,1,220.96129365133731
6,28,1,1,1,4,244.31141440420345
6,19,1,0,1,4,229.68132941825968
6,50,1,1,1,7,261.0562478735818
6,14,1,0,1,2,227.52141593883545
6,16,1,1,1,3,228.12950072638853
6,53,1,1,1,3,244.82829393080982
6,24,1,1,0,2,231.75827300009166
6,52,1,0,1,4,229.94235738363398
6,42,1,1,1,2,226.0570594380617
6,36,0,1,1,5,236.0650279834885
6,53,0,1,1,1,233.85474236450995
6,15,1,1,1,5,242.58957788844398
6,7,1,1,1,5,246.51488379602569
6,48,1,1,1,7,248.58366236676892
6,31,0,1,1,4,232.798302835096
6,49,0,1,1,4,232.72064500946368
6,18,1,1,1,5,241.99626772362626
6,14,1,1,1,3,260.0647806048817
6,15,1,0,1,6,243.95555666928536
6,59,1,1,1,4,249.98171774371733
6,34,1,0,1,2,235.937504944601
6,38,0,1,1,1,229.69089621668365
6,50,0,1,1,3,232.54106818645073
6,44,0,1,1,3,230.0351106956013
6,35,1,1,1,7,252.84086098255196
6,25,1,1,1,5,239.65343460076184
6,10,1,1,1,4,213.65465026336759
6,23,0,0,1,5,213.90465259084652
6,42,1,1,1,0,226.7035272633065
6,45,1,1,1,6,240.19839082722817
6,40,1,0,1,4,231.392699839829
6,13,1,0,1,7,225.2807224930382
6,0,1,1,1,2,221.37971729488504
6,35,0,1,1,5,237.7663911579313
6,55,1,1,1,6,247.70035154161445
6,33,1,1,1,3,226.68781669231495
6,6,1,1,1,6,230.30573741361664
6,27,1,0,1,1,229.6067892606573
6,21,1,0,1,7,225.51421707514797
6,23,1,1,1,3,237.68904912201936
6,42,1,0,1,4,191.9925250958541
6,28,1,1,1,5,217.60360889572428
6,38,1,1,1,7,238.87735858777725
6,35,1,1,1,3,251.14544234630063
6,43,1,1,1,2,226.90995723788566
6,22,0,1,1,3,231.0588138594174
6,27,1,1,1,4,212.99044196636063
6,54,1,1,1,1,177.47345085786364
6,16,1,0,1,1,233.516523982164
6,27,1,0,1,3,233.91066837928585
6,39,1,0,1,7,245.11535589044195
6,21,1,1,1,3,233.94488023290953
6,59,1,1,1,3,230.3272278626202
6,26,1,1,1,1,244.90825197919645
6,4,1,1,1,5,231.69717373839018
6,12,1,1,1,3,240.9479348286388
6,53,0,1,1,3,239.97473086203624
6,49,1,0,1,7,225.03733756579027
6,45,1,0,1,0,219.23487102851036
6,59,1,0,1,4,222.27360549924117
6,20,0,1,1,3,239.11054810591125
6,36,0,1,1,3,236.82252804726141
6,45,1,1,1,1,216.87326361593395
6,46,1,1,1,5,239.6048942271559
6,22,1,1,1,5,228.41415860142484
6,19,0,1,1,5,227.36206223793758
6,19,1,1,1,2,210.43765367050605
6,10,1,0,1,5,227.8696373364576
6,9,1,0,1,7,244.56492817232737
6,51,1,1,1,5,246.95534881667695
6,57,1,1,1,4,217.62550606625217
6,49,1,0,1,1,192.68686202277098
6,57,0,1,1,2,232.14254290121895
6,34,1,0,1,4,234.7185209758716
6,52,1,0,1,5,223.04713695254466
6,45,1,0,1,1,209.72146799746184
6,35,0,1,1,6,233.54180524742455
6,28,1,0,1,7,231.23051589449383
6,28,1,1,1,0,215.36235423983234
6,55,1,0,1,5,233.16434545990666
6,15,1,0,1,0,217.8083285093664
6,38,0,1,1,2,236.3025279560297
6,28,0,1,1,7,227.1430727046169
6,9,1,1,1,2,230.11970641700304
6,18,1,0,1,2,228.1669205293633
6,11,1,0,1,1,231.80663648257735
6,14,1,1,1,4,226.70137478391388
6,40,1,1,1,6,225.6536361211828
6,1,1,0,1,2,232.20918649116226
6,38,1,1,1,5,233.14171026947815
6,14,1,0,1,6,225.87228535300375
6,44,1,1,1,5,237.79855712208024
6,26,1,1,1,2,238.37777377909077
6,12,1,0,1,7,249.71873694773637
6,21,1,0,1,4,231.27063358789442
6,44,0,1,1,7,241.7812658606447
6,46,1,0,1,5,232.61069717033786
6,8,1,0,1,1,231.98605742277707
6,11,1,0,1,2,237.1146934718567
6,42,1,0,1,1,223.23903561769882
6,33,1,1,1,4,225.05646545895826
6,9,1,1,1,4,244.780721971837
6,9,1,1,1,5,236.68875698710258
6,22,1,1,1,1,236.71747894417143
6,8,1,0,1,4,232.9560757764657
6,28,1,0,1,1,221.53493034642383
6,15,1,0,1,5,231.37406179679084
6,50,1,0,1,7,231.57318755225617
6,16,0,0,1,2,216.75725282892597
6,54,1,1,1,3,208.71217389145113
6,11,1,0,1,3,228.15903004348596
6,36,0,1,1,2,234.7422318848005
6,30,1,1,1,1,229.54228594439442
6,59,1,1,1,7,223.04892177151896
6,7,1,0,1,2,219.91234648026887
6,20,0,0,1,6,211.0450407541477
6,12,0,1,1,1,226.3988506072025
6,54,0,1,1,2,236.91431951515446
6,20,1,1,1,6,209.50332416545743
6,24,1,0,1,1,227.50887825863674
6,3,1,0,1,3,225.81205047744564
6,19,1,0,1,6,228.53338604187968
6,26,1,1,1,3,247.4321869498572
6,24,1,1,1,5,163.6647035699271
6,44,1,1,1,6,257.58799548593197
6,50,1,1,1,6,182.80698552964455
6,0,1,1,1,3,202.68162788972714
6,20,0,1,1,2,229.07479448053695
6,44,0,1,1,4,231.62455822904226
6,54,1,1,1,6,235.7814022874217
6,15,1,1,1,4,214.3640903541842
6,41,0,1,1,5,235.73799824457697
6,56,1,0,1,4,223.8637697676104
6,26,1,0,1,1,233.2421276864989
6,37,1,1,1,4,223.729224567737
6,37,1,1,1,1,227.62112075542083
6,16,1,1,1,1,248.68769525303412
6,20,1,0,1,6,235.18179997671825
6,38,1,1,1,6,231.63407278835163
6,3,1,1,1,7,216.66190057567067
6,26,1,1,1,7,257.08067536607757
6,1,1,1,1,4,237.28387727094486
6,15,1,1,1,7,198.97684872970174
6,52,1,1,1,7,213.43489648494017
6,25,0,1,1,2,233.5445482653532
6,12,1,0,1,6,236.92066479850365
6,11,1,1,1,1,181.91433075800956
6,26,1,0,1,6,240.92034222693508
6,12,1,0,1,1,211.821472291422
6,35,1,1,1,6,260.6411796378282
6,2,1,0,1,1,194.50698128187815
6,20,1,1,1,2,240.06358913962745
6,37,1,0,1,7,232.41059794418447
6,54,1,1,1,5,235.32625408333556
6,20,1,1,1,5,230.01338373643503
6,2,0,0,1,0,214.9189835625373
6,21,1,1,1,4,166.15630152043025
6,57,1,1,1,1,241.76837293390017
6,17,0,1,1,7,231.3804559922539
6,43,1,1,1,4,226.50432940698897
6,10,1,1,1,6,241.0463904387058
6,8,1,1,1,4,247.47723267569694
6,23,1,1,1,4,235.28248418747296
6,22,1,1,1,3,250.8408651956685
6,42,1,1,1,3,234.95154555453936
6,51,1,1,1,2,229.31734976500485
6,18,1,0,1,5,232.28585787489038
6,35,1,1,1,1,244.1794710978946
6,8,1,1,1,2,227.39375614608846
6,1,1,1,1,7,236.16514055443304
6,36,1,0,1,0,225.4101298996555
6,30,1,1,1,6,243.2475623799423
6,12,1,1,1,1,224.96403851860714
6,25,1,1,1,0,208.72969165457027
6,32,1,1,1,4,195.2926536896206
6,21,1,1,1,6,223.61310634795544
6,49,1,0,1,2,236.10690487203823
6,11,1,1,1,2,196.50544419763338
10,1,0,0,0,6,24.328028915647316
6,51,1,1,1,3,231.2020513612103
6,13,1,1,1,1,243.52732341454194
6,11,1,0,1,7,231.96493362318762
10,1,1,0,1,1,52.48605015965768
6,50,1,1,1,2,185.35231908336414
6,13,1,1,1,7,244.9963997807435
6,29,1,1,1,1,194.81610044178873
6,36,1,1,1,2,240.67710244796874
6,23,1,1,1,2,210.56708841875306
6,47,1,1,1,1,203.69527685995254
6,29,1,0,1,7,225.73567890334843
6,23,1,1,1,7,254.0755250782923
6,21,1,1,1,5,224.72908788792378
6,2,1,1,1,4,221.18887049997835
6,20,1,1,1,7,240.74873971268096
6,15,1,0,1,4,229.32741980624834
6,49,1,0,1,3,229.14727120663
6,43,1,1,1,1,223.54653607618076
6,28,1,1,1,3,243.17591062590822
6,52,1,1,1,5,181.9384622902944
6,11,1,1,1,5,220.5097485273819
6,21,1,0,1,6,230.304021547292
6,43,1,1,1,7,216.43940721771426
6,23,1,1,1,6,227.06052564484241
6,22,1,1,1,7,232.34490745771936
6,38,1,1,1,1,195.16553224139759
6,42,1,1,1,6,258.4335038580835
6,37,1,1,1,2,221.58096379648777
6,25,1,1,1,4,215.53739843332949
6,21,1,1,1,2,170.74500731094844
6,25,1,1,1,2,238.1442095088382
6,25,1,1,1,7,211.05068850733787
6,27,1,1,1,5,210.90442802674727
6,37,1,1,1,0,213.07167305459527
6,45,1,1,1,5,210.5946441398615
6,25,1,0,1,4,210.47103114630474
6,52,1,1,1,6,198.41885281457778
10,1,0,0,0,2,22.357922011867622
5,54,1,0,1,0,104.97153070325156
5,55,1,0,1,0,110.28891222996543
5,56,1,0,1,0,0.2553451726157062
5,57,1,0,1,0,32.82134119981336
5,58,1,0,1,0,86.71251027111548
5,59,1,0,1,0,99.5256424200622
5,45,0,0,0,0,45.41351339520903
5,46,0,0,0,0,93.04022953945483
5,47,0,0,0,0,66.99248940301534
5,48,0,0,0,0,90.51216981518556
5,49,0,0,0,0,74.34686498936496
5,50,0,0,0,0,86.46772008634099
5,51,0,0,0,0,62.16366531270301
5,52,0,0,0,0,87.08591857832411
5,53,0,0,0,0,82.38971121118416
5,54,0,0,0,0,77.33215314312322
5,55,0,0,0,0,56.907002155059175
5,56,0,0,0,0,80.68997418055851
5,57,0,0,0,0,85.03366599610685
5,58,0,0,0,0,61.5529449634484
5,59,0,0,0,0,79.15648279783038
5,20,1,1,0,0,92.27904509247172
5,21,1,1,0,0,97.11045447897153
5,22,1,1,0,0,102.56263677642066
5,23,1,1,0,0,108.55836704995251
5,24,1,1,0,0,36.15258055523084
5,25,1,1,0,0,102.24309980093082
5,26,1,1,0,0,0.0
5,27,1,1,0,0,13.192465406722194
5,28,1,1,0,0,105.63013899090005
5,29,1,1,0,0,9.81920635221655
5,30,1,1,0,0,106.59670239091379
5,31,1,1,0,0,1.5211763694140372
5,32,1,1,0,0,43.27097611028951
5,33,1,1,0,0,79.10941635424462
5,34,1,1,0,3,98.55251670808526
5,35,1,1,0,0,95.3804297014708
5,36,1,1,0,0,111.47241604149036
5,37,1,1,0,0,121.85339042105404
5,38,1,1,0,0,31.48254805058008
5,39,1,1,0,0,21.65457681317231
5,40,1,1,0,0,114.3216279749852
5,41,1,1,0,0,1.2331044657006598
5,42,1,1,0,0,11.113013236572854
5,43,1,1,0,6,127.2795586162422
5,44,0,1,0,0,16.940203041997204
5,45,0,1,0,0,42.81868152829609
5,46,0,1,0,0,45.551458471324196
5,47,0,1,0,0,46.29482799605635
5,48,0,1,0,0,30.174098296976947
5,49,0,1,0,5,11.82293494081151
5,50,1,1,0,0,91.74801485447644
5,51,1,1,0,0,96.02429883252675
5,52,1,1,0,0,100.57139445447768
5,53,1,1,0,2,106.64461865980968
5,54,1,1,0,0,22.823324705430295
5,55,1,1,0,0,102.38175222317545
5,56,1,1,0,0,27.117558297034385
5,57,1,1,0,0,17.611528449278477
5,58,1,1,0,0,10.651900041949503
5,59,1,1,0,0,107.43412234996606
5,45,0,0,0,3,58.819872826979456
5,44,1,1,0,0,116.41536762804066
5,45,1,1,0,0,52.49312299618136
5,46,1,1,0,0,117.98726853725586
5,47,1,1,0,0,35.78989646162875
5,48,1,1,0,0,115.40879857944034
5,49,1,1,0,0,15.979513604145914
5,57,1,1,0,3,110.81031435010028
5,58,1,0,0,0,98.3368300758847
5,59,1,0,0,1,43.53498635356561
5,0,1,0,0,0,91.66302908885748
5,1,1,0,0,2,23.136897293354743
5,2,1,1,0,0,97.09303335806338
5,3,1,1,0,0,101.90636234735152
5,4,1,1,0,3,109.13193464100603
5,5,1,0,0,0,85.84550756885494
5,6,1,0,0,0,29.16874022126518
5,7,1,0,0,0,78.94951657313521
5,8,1,0,0,0,2.9899136687422323
5,9,1,0,0,0,79.79830255106647
5,10,1,0,0,0,0.04407706573279066
5,11,1,0,0,0,70.32218844015975
5,12,1,0,0,0,86.87902714817086
5,13,1,0,0,0,0.0
5,14,1,0,0,0,0.8364268246500528
5,15,1,0,0,0,85.26209455703625
5,16,1,0,0,0,92.61696884173058
5,17,1,0,0,0,11.083495202419515
5,18,1,0,0,0,18.600871431524226
5,19,1,0,0,0,98.70154774403503
5,20,1,0,0,6,105.9545118649663
5,21,1,0,0,0,10.096441634688276
5,22,1,0,0,0,6.671150582225898
5,23,1,0,0,0,84.54236622264213
5,24,1,0,0,0,24.95888778600335
5,25,1,0,0,0,84.96036622978639
5,26,1,0,0,0,90.19456757926008
5,27,1,0,0,0,28.017201406760677
5,28,1,0,0,0,0.10435607500000003
5,29,1,0,0,0,84.82609652395696
5,30,1,0,0,4,89.56950483693063
5,31,0,0,0,0,78.84140300192055
5,32,0,0,0,0,83.04003710528792
5,33,0,0,0,0,87.33667958528788
5,34,0,0,0,0,92.01302109602412
5,35,0,0,0,0,97.51565278177821
5,36,0,0,0,5,70.75458118942278
5,37,0,0,0,0,37.618804891348226
5,38,0,0,0,0,85.6596659544834
5,39,0,0,0,0,18.096476090110496
5,40,0,0,0,0,83.33242932161956
5,41,0,0,0,0,87.96194608471488
5,42,0,0,0,0,92.29888338808163
5,43,0,0,0,4,66.18852797544365
5,44,0,0,0,0,70.41496290720534
5,56,0,1,1,0,3.1576250597371684
5,57,0,1,1,0,0.0
5,58,0,1,1,0,55.629715724651184
5,59,0,1,1,0,1.477447359050016
5,53,0,0,1,0,82.93044926464903
5,54,0,0,1,0,87.03086112501104
5,55,0,0,1,0,25.749479766107108
5,56,0,0,1,0,82.76015866742506
5,57,0,0,1,0,87.13518664277763
5,58,0,0,1,0,91.87409350596455
5,59,0,0,1,0,38.488178959628
5,53,0,1,0,0,24.717885892844336
5,54,0,1,0,0,27.100269334176577
5,55,0,1,0,0,95.58319796793576
5,56,0,1,0,0,46.293144738129705
5,57,0,1,0,0,97.8392796684538
5,58,0,1,0,0,32.70654944146612
5,59,0,1,0,0,43.600744090808426
5,56,0,1,0,4,16.461700162980563
5,34,0,1,1,0,51.29933607585181
5,35,0,1,1,0,79.21489924445085
5,36,0,1,1,0,111.36844263903097
5,37,0,1,1,0,17.429647422407125
5,38,0,1,1,0,111.39537957184783
5,39,0,1,1,0,31.85286794064142
5,40,0,1,1,0,125.54113815168805
5,41,0,1,1,0,19.60093528277707
5,42,0,1,1,0,119.5279274138109
5,43,0,1,1,0,0.0
5,44,0,1,1,0,50.36776151707584
5,45,0,1,1,0,74.8415735371025
5,46,0,1,1,0,83.47573310320901
5,47,0,1,1,0,91.50918805799279
5,48,0,1,1,0,97.7931262416651
5,49,0,1,1,0,103.3265389166302
5,50,0,1,1,0,108.9267660642979
5,51,0,1,1,0,114.68175744486527
5,52,0,1,1,3,120.16108368578082
5,58,0,0,0,3,60.33216214571067
5,22,0,0,0,4,27.329502026888573
5,23,1,0,0,2,9.270805949216602
5,34,0,0,0,6,66.5417420536178
5,38,1,1,0,2,128.9963014958612
5,39,1,0,0,0,36.64265961710817
5,40,1,0,0,0,22.901987623098538
5,41,1,0,0,0,103.1027449917837
5,42,1,0,0,0,109.83012058126043
5,43,1,0,0,0,8.79851861684268
5,44,1,0,0,0,15.999733572649404
5,45,1,0,0,0,106.20529319973295
5,46,1,0,0,0,46.81726939827283
5,47,1,0,0,0,109.064832500678
5,48,1,0,0,0,39.522023472590924
5,49,1,0,0,0,103.7459626790992
5,50,1,0,0,0,10.521519348684578
5,51,1,0,0,0,102.07282905793828
5,52,1,0,0,0,37.08389646923902
5,53,1,0,0,0,2.6503771120455486
5,54,1,0,0,0,88.3346323938724
5,55,1,0,0,0,19.73089452630758
5,56,1,0,0,0,38.28237589737698
5,57,1,0,0,0,92.51701969990104
5,59,1,0,0,0,50.71129034456573
5,52,1,0,0,6,107.06800051111554
5,56,1,1,0,3,109.10634149980027
5,1,1,0,0,0,17.915415516163108
5,2,1,0,0,0,74.26986552450428
5,3,1,0,0,0,77.77384198528488
5,4,1,0,0,0,18.644575306652364
5,12,1,0,0,1,-0.0008
5,13,1,0,1,0,102.94711731805812
5,14,1,0,1,0,0.01996185537391333
5,15,1,0,1,0,8.725739941300132
5,16,1,0,1,0,48.4685978160255
5,17,1,0,1,0,118.2590667318491
5,18,1,0,1,0,3.575236497181705
5,19,1,0,1,0,0.0
5,20,1,0,1,0,112.30231171835115
5,21,1,0,1,1,117.58134045799407
5,22,1,0,0,3,107.79766354623683
5,24,1,1,0,7,114.6824414327289
5,25,0,0,0,0,80.63666236709962
5,26,0,0,0,0,60.90617140575392
5,27,0,0,0,0,33.32822807644564
5,28,0,0,0,0,73.02761947885247
5,29,0,0,0,0,46.11894907311047
5,30,0,0,0,0,74.63839386853539
5,36,0,0,0,0,70.55869751646662
5,37,0,0,0,6,63.70707155578153
5,40,0,0,0,7,70.8445954307991
5,57,1,0,0,2,16.29370890265426
5,8,0,0,0,0,66.57530820193833
5,9,0,0,0,0,70.13286567353879
5,10,0,0,0,0,73.89322077838452
5,11,0,0,0,0,78.03411394680892
5,12,0,0,0,0,55.93506757416907
5,13,0,0,0,2,79.5015214892568
5,14,0,0,0,0,77.60907607316678
5,15,0,0,0,0,82.65476727797048
5,16,0,0,0,0,51.25274847297096
5,17,0,0,0,0,39.277228479410454
5,18,0,0,0,0,77.50227944528348
5,19,0,0,0,0,40.084559877076764
5,20,0,0,0,0,65.67110109110013
5,21,0,0,0,0,69.26202862751087
5,22,0,0,0,2,37.34152514310213
5,23,0,0,0,0,37.932685861593185
5,24,0,0,0,0,76.38962560572598
5,43,0,0,0,0,96.70622368912315
5,48,0,0,0,7,49.53049486736871
5,52,0,1,0,0,98.84307004318616
5,29,0,0,1,0,89.5532520654184
5,30,0,0,1,0,8.087204014682333
5,31,0,0,1,0,0.0
5,32,0,0,1,0,0.026837629746424774
5,33,0,0,1,0,36.99216401382533
5,34,0,0,1,0,0.10141177960849812
5,35,0,0,1,0,39.49992774051843
5,36,0,0,1,0,1.4250289079207406
5,37,0,0,1,0,104.58527676260333
5,38,0,0,1,3,108.93261939331259
5,39,0,1,0,0,104.95175090863009
5,40,0,1,0,0,64.8431400203041
5,41,0,1,0,0,110.06422485667078
5,42,0,1,0,0,116.19168092478945
5,43,0,1,0,0,34.28220997995381
5,44,0,1,0,6,112.547333601764
5,45,0,0,0,2,51.22079006650444
5,49,0,1,0,0,7.129942163650968
5,50,0,1,0,0,27.634386227491277
5,51,0,1,0,0,9.696567725558749e-06
5,37,1,0,1,0,10.838993423820575
5,38,1,0,1,0,12.639109656160823
5,39,1,0,1,0,9.927066522734993
5,40,1,0,1,0,101.15657086585968
5,41,1,0,1,0,107.91507227727915
5,42,1,0,1,0,114.9116470627891
5,43,1,0,1,0,0.0
5,44,1,0,1,0,114.57560599833536
5,45,1,0,1,0,2.6668070466295948e-05
5,46,1,0,1,0,0.0022052143627218986
5,47,1,0,1,0,98.24299741887474
5,48,1,0,1,0,103.66575967213817
5,49,1,0,1,0,0.327413945151384
5,50,1,0,1,0,0.0
5,51,1,0,1,0,9.50688955192885
5,52,1,0,1,0,93.20531849042162
5,53,1,0,1,0,99.29994427639195
5,13,0,0,0,0,42.44256393755182
5,22,0,0,0,0,73.6778236568451
5,23,0,0,0,7,27.773893691883742
5,33,0,0,0,2,70.0827049294252
5,34,0,1,0,0,105.52620140717919
5,35,0,1,0,0,111.35571222717482
5,36,0,1,0,0,15.657374554268007
5,37,0,1,0,0,103.50451087261881
5,38,0,1,0,0,57.513622793358195
5,41,0,1,0,5,28.05171701027965
5,56,0,0,0,1,44.804734449345226
5,25,0,0,0,5,38.75335397061839
5,31,0,0,0,7,64.73111115145791
5,32,0,1,1,0,9.322017228305365
5,33,0,1,1,0,26.70193057594916
5,37,0,1,1,6,138.08543349323094
5,57,0,0,0,6,75.53102458154135
5,36,0,0,0,7,102.99690629610356
5,50,0,0,0,3,72.13546947111061
5,34,0,0,1,4,-0.008
5,43,0,1,0,7,122.85367029843322
5,49,0,0,0,3,63.71029776888509
5,50,0,0,1,0,102.70617286188595
5,51,0,0,1,0,0.002582939784848887
5,52,0,0,1,0,0.0271888398405146
5,55,0,0,1,1,91.41971560549041
5,54,0,0,0,2,75.06367127805862
5,56,0,0,0,7,27.6105590886113
5,18,0,0,0,3,31.58876337178325
5,19,0,1,1,0,24.343441224595857
5,20,0,1,1,0,99.2310109259067
5,21,0,1,1,0,104.86511776302068
5,22,0,1,1,3,111.55475423056286
5,23,0,1,0,0,87.52337364966279
5,24,0,1,0,0,92.18002682397574
5,25,0,1,0,0,42.11971828498256
5,26,0,1,0,0,15.552785631903593
5,27,0,1,0,0,0.0012833189000000002
5,28,0,1,0,0,84.77309404941491
5,29,0,1,0,0,89.77793992404523
5,30,0,1,0,0,32.36495460247151
5,31,0,1,0,0,88.58760567346286
5,32,0,1,0,0,93.89195915852972
5,33,0,1,0,0,99.61780198468931
5,38,0,1,0,3,111.25618558910125
5,39,0,0,1,0,0.15584023833898009
5,40,0,0,1,0,0.0
5,41,0,0,1,0,117.90094032029204
5,42,0,0,1,0,4.583973799027212
5,43,0,0,1,0,0.141664
5,44,0,0,1,0,5.187566152977016
5,45,0,0,1,0,62.677456240629446
5,46,0,0,1,0,79.45586942026824
5,47,0,0,1,0,97.89890625166838
5,48,0,0,1,3,105.62234138821327
5,49,0,0,1,0,97.0471810535584
5,59,0,0,1,7,97.94511589349689
5,44,0,0,1,5,108.3981589710548
5,56,0,0,0,5,48.43783105250121
5,27,0,1,1,0,93.48924262446374
5,28,0,1,1,0,13.740463489110356
5,29,0,1,1,0,77.96140995881063
5,30,0,1,1,0,0.7455831520032937
5,31,0,1,1,1,38.96996897273057
5,33,0,1,0,4,8.815721989652056
5,56,1,0,0,4,98.24773335545639
5,49,1,1,1,0,11.63605889537984
5,50,1,1,1,0,56.19614555412829
5,51,1,1,1,0,128.3870767218274
5,52,1,1,1,5,136.00884266917197
5,55,1,0,0,1,92.86441463861088
5,56,1,0,0,7,23.075696731741147
5,53,0,0,0,2,72.15556325911461
5,55,0,1,1,0,66.73194032136642
5,57,0,1,1,7,91.1680164991879
5,45,1,1,0,4,124.01046604502902
5,52,0,1,0,1,-0.0008
5,55,0,0,0,1,62.45787479600695
5,56,0,0,0,6,68.94834238056528
5,54,1,1,0,2,105.57811569938448
5,0,0,0,0,0,50.25406935429835
5,1,0,0,0,0,16.262708656891782
5,2,0,0,0,0,67.83855843317319
5,3,0,0,0,0,35.48192327129501
5,4,0,0,0,0,33.99927377214581
5,5,0,0,0,0,59.818545814770516
5,6,0,0,0,0,18.80368987491431
5,7,0,0,0,0,63.13772292163724
5,28,0,0,0,5,49.17044205322678
5,40,0,1,0,3,108.98773879478458
5,52,0,0,0,1,55.5276230778596
5,45,1,0,0,2,30.120698257508185
5,0,0,0,0,1,44.813074596155076
5,24,0,0,0,7,39.40354216691107
5,25,0,1,0,7,36.66169640150471
5,29,0,0,0,3,63.33964593349852
5,35,0,0,1,4,-0.008
5,36,1,0,1,0,84.10649314561466
5,47,0,0,0,5,58.76826487245825
5,48,1,0,0,3,27.983840231760354
5,49,1,1,0,7,122.34124977790668
5,56,0,0,0,3,59.24629619738597
5,46,1,0,0,2,49.9238058173382
5,52,1,0,0,1,45.353683614981506
5,14,0,0,0,7,29.057920305057266
5,31,0,0,0,5,66.44363266945216
5,36,0,1,0,6,115.9346135782703
5,41,0,0,0,4,60.44951657378036
5,57,0,0,0,4,65.56113843747751
5,21,1,0,0,6,115.5644047407935
5,13,0,0,0,5,40.05920455471956
5,14,0,0,1,7,102.31025742291794
5,34,0,0,0,1,76.59768721813974
5,48,1,0,0,7,113.73286684019732
5,56,0,1,0,1,34.97100418670666
5,0,0,1,0,0,47.21305516443176
5,1,0,1,0,0,94.49237433848154
5,2,0,1,0,0,54.26504992196381
5,3,0,1,0,0,21.800389741517193
5,4,0,1,0,0,25.154635201998765
5,5,0,1,0,0,87.01838844144129
5,6,0,1,0,3,92.37759639327489
5,41,0,1,1,2,133.00482960209817
5,42,0,0,1,7,124.71210657223021
5,44,0,0,0,4,63.03835726658857
5,46,1,0,0,7,110.60190107997002
5,51,0,0,0,1,73.31111162208619
5,27,1,0,0,1,17.530645495249317
5,28,1,0,1,0,4.624911676597751
5,29,1,0,1,1,63.7587112502158
5,41,0,1,0,1,30.681157334518158
5,57,0,0,0,1,62.128984250010596
5,58,0,0,0,7,91.36598051183027
5,7,0,0,1,0,84.63625436493605
5,8,0,0,1,0,37.5194694385366
5,9,0,0,1,0,83.83846571634129
5,10,0,0,1,0,88.54278863126831
5,11,0,0,1,0,5.9617216080068705
5,12,0,0,1,0,78.52584431885495
5,13,0,0,1,0,3.1710408501479352
5,15,1,1,0,0,0.4310582380322675
5,16,1,1,0,0,0.7954921541787301
5,17,1,1,0,0,0.0
5,18,1,1,0,1,-0.0008
5,19,1,1,0,0,87.74353210677961
5,25,0,1,0,6,97.092240227283
5,38,0,0,0,3,18.626707462691193
5,43,0,0,0,2,62.51187807254419
5,58,0,0,0,6,81.15715546489552
5,59,1,0,0,6,103.54278272908877
5,55,0,0,0,7,92.53660649704453
5,13,0,0,0,7,39.38262030994413
5,18,0,0,0,1,43.898794272406846
5,25,0,0,0,2,54.884662604335034
5,33,0,0,0,3,68.47578064397266
5,37,1,1,1,0,5.4721957349195955
5,38,1,1,1,0,110.47970552537136
5,39,1,1,1,0,120.87291140538386
5,40,1,1,1,0,1.6687887586807861
5,41,1,1,1,0,40.26069815225746
5,42,1,1,1,0,0.0
5,43,1,1,1,0,55.18552218260098
5,44,1,1,1,0,0.0006823345454736739
5,45,1,1,1,0,109.8996375394757
5,46,1,1,1,0,116.23590833343245
5,47,1,1,1,0,123.20301798201108
5,48,1,1,1,0,0.0
5,53,0,1,1,0,0.0
5,54,0,1,1,0,17.878501967677796
5,4,0,0,0,6,10.698841841114252
5,18,1,0,0,3,91.6710650668392
5,20,1,0,0,4,12.035888742144536
5,23,0,0,0,6,46.07128526174271
5,37,1,0,0,0,28.759206507801327
5,38,1,0,0,0,97.94081960718351
5,40,1,0,0,6,103.95889469028972
5,49,0,0,0,2,75.82845341974406
5,59,0,1,0,2,105.16255759572073
5,7,0,0,1,6,16.950225912136208
5,11,0,0,1,3,93.59678694011313
5,46,0,0,0,5,29.502023486239132
5,33,0,0,0,7,61.09135967510041
5,36,0,1,0,5,15.455591462619612
5,48,0,0,0,3,60.65173615017942
5,50,0,0,0,6,71.85655422432762
5,9,0,0,0,1,45.029343075833204
5,23,0,0,0,3,34.508844345489734
5,43,1,0,1,4,122.3314428137794
5,48,1,1,1,3,131.57215785685665
5,54,0,0,0,1,86.77735042740326
5,56,0,1,0,2,100.75365256467721
5,58,0,1,0,7,101.9851214170334
5,6,0,1,0,7,49.20848994328917
5,7,0,1,0,0,16.494635210777698
5,8,0,1,0,0,76.89076653738974
5,9,0,1,0,0,31.014598001234624
5,10,0,1,0,0,76.73618436876515
5,11,0,1,0,0,80.9384364929167
5,12,0,1,0,0,85.29518189093784
5,13,0,1,0,0,89.89491041119837
5,14,0,1,0,0,56.81838802039506
5,15,0,1,0,0,88.23141326724782
5,16,0,1,0,0,18.606989401288295
5,17,0,1,0,0,78.81711474498829
5,18,0,1,0,0,82.34507718617425
5,19,0,1,0,0,86.23686255290914
5,20,0,1,0,0,90.9772630087947
5,21,0,1,0,0,44.80616132658615
5,22,0,1,0,0,83.36187443641123
5,35,1,0,0,0,4.730407996468178
5,36,1,0,0,0,99.2240446423504
5,39,1,0,0,5,101.52178038530609
5,53,0,0,0,5,71.1533957877309
5,0,1,0,1,0,5.749807995477566
5,1,1,0,1,0,38.545606958430234
5,2,1,0,1,0,0.0
5,3,1,0,1,0,5.037559902914561
5,4,1,0,1,0,59.00771005876193
5,5,1,0,1,0,75.15635137461358
5,6,1,0,1,0,83.38274798834959
5,7,1,0,1,0,100.541529728208
5,8,1,0,1,0,5.2133884601138
5,9,1,0,1,0,60.19371745762292
5,10,1,0,1,0,88.52988796713342
5,11,1,0,1,0,1.4835159792188857
5,12,1,0,1,0,64.49760241587455
5,47,0,0,0,6,68.61424576824565
5,54,0,1,0,1,10.253466208421177
5,40,0,0,0,5,38.93369134890043
5,49,0,0,0,1,46.745779756029556
5,4,0,0,0,7,39.980146432275774
5,25,0,0,0,4,33.928349969979934
5,44,0,0,0,6,102.83492156680356
5,46,0,1,0,6,115.63853540027286
5,15,0,1,0,1,15.68541208351208
5,36,0,0,0,6,72.5604599421847
5,56,0,1,1,5,119.6018203417988
5,28,1,0,0,2,0.2401193430795432
5,30,1,0,0,1,35.09654914877662
5,31,1,0,1,0,69.71651835912357
5,32,1,0,1,0,0.0
5,33,1,0,1,0,4.119337094818819
5,34,1,0,1,0,7.291290838838071
5,35,1,0,1,0,40.743872591455336
5,37,1,0,1,4,120.45250918886173
5,52,0,0,0,2,60.94197430834382
5,53,0,0,0,4,64.08550071221293
5,57,0,0,0,3,77.78855456157908
5,9,0,1,1,0,15.931730063921545
5,10,0,1,1,0,98.22269626938261
5,11,0,1,1,0,32.52379128920823
5,12,0,1,1,0,106.77043979912392
5,13,0,1,1,0,5.133344895042986
5,14,0,1,1,0,75.57773979765007
5,15,0,1,1,0,85.37700830972489
5,16,0,1,1,0,1.2080777225929726
5,17,0,1,1,0,91.38898996832397
5,18,0,1,1,0,0.2510562731889884
5,23,0,0,1,0,6.034774932226502
5,24,0,0,1,0,73.83041617243653
5,25,0,0,1,0,77.80862952007669
5,26,0,0,1,5,81.97186761756964
5,54,0,1,0,2,104.21368915147897
5,53,0,1,0,2,105.80279512865683
5,4,0,1,0,4,21.722022263352674
5,15,0,0,0,5,63.55085011631348
5,45,1,1,0,1,46.44703178570647
5,51,0,1,0,3,98.48608528599371
5,54,0,0,0,6,83.28997021904429
5,35,0,0,0,7,67.2329773395544
5,41,0,0,0,5,65.32196204414049
5,45,0,0,0,6,100.80635904080948
5,48,0,0,0,1,46.696683085353314
5,45,0,1,0,2,112.54493661983594
5,10,0,0,0,2,54.49520471021604
5,15,0,0,0,6,56.02353802191953
5,50,0,1,0,7,112.5866526839521
5,51,0,0,0,4,89.17619351231704
5,54,1,0,0,2,13.569196835648146
5,56,1,0,1,7,114.43658001183883
5,59,0,0,0,6,42.93052954696919
5,16,0,0,0,2,58.70971766788558
5,22,0,0,0,1,39.57559341000911
5,26,0,0,0,1,55.446373492703366
5,33,0,0,0,5,54.112622595941545
5,43,0,0,0,1,77.37515415958359
5,44,0,0,0,1,59.38231912902485
5,14,0,1,0,3,94.56337760918903
5,16,0,1,1,1,89.98810144256494
5,21,0,1,0,6,94.42070073442149
5,34,1,1,0,0,0.0
5,7,0,0,0,2,27.37531471630321
5,44,0,0,0,2,79.80402027174576
5,45,0,0,0,7,62.24403960614329
5,49,0,1,0,3,102.23786392996536
5,0,0,1,0,3,100.48413352049896
5,2,0,1,0,7,102.47963183328098
5,8,0,0,1,3,89.64666676152994
5,12,0,0,0,1,52.92223276817404
5,19,0,0,0,1,33.91166395463304
5,30,0,0,0,3,45.06794469796783
5,48,0,1,0,3,105.31193855952762
5,58,0,0,0,2,65.77216046683834
5,59,0,1,0,4,32.61133778675162
5,47,1,1,0,3,125.00239201441325
5,59,1,1,1,0,7.508331853526498
5,34,0,0,0,7,59.227523799466084
5,58,1,0,0,3,21.848144359241083
5,31,0,1,0,1,8.383039790129912
5,47,0,1,0,7,29.255607461646186
5,14,0,1,0,5,56.50412674011258
5,18,1,1,0,0,53.43521339424669
5,28,0,0,0,6,48.11307951101974
5,55,0,0,0,4,58.7653428687391
5,10,0,0,0,5,54.58514133748731
5,17,1,0,0,5,99.26686678430084
5,18,0,0,1,0,30.275194617526765
5,19,0,0,1,0,84.76825053872722
5,20,0,0,1,0,87.50073238149024
5,21,0,0,1,0,8.97769449655053
5,22,0,0,1,0,74.97405944874676
5,27,1,1,0,1,-0.0008
5,28,1,1,1,0,0.49808878059657197
5,29,1,1,1,0,7.688053206106882
5,30,1,1,1,0,34.95766951612369
5,31,1,1,1,3,69.49878764982367
5,47,0,0,0,2,66.76066413105748
5,13,0,0,0,6,42.70756783349989
5,14,1,1,0,1,-0.0008
5,15,1,1,1,0,2.2582258275524087
5,16,1,1,1,0,0.12343885409859473
5,17,1,1,1,0,18.852222438135357
5,18,1,1,1,0,0.0
5,19,1,1,1,0,29.296016378131178
5,20,1,1,1,0,120.13621563776712
5,21,1,1,1,0,12.560305488766469
5,22,1,1,1,0,0.0
5,23,1,1,1,0,132.3047958277992
5,24,1,1,1,0,15.060788569109892
5,25,1,1,1,0,2.3550088618055076
5,26,1,1,1,0,2.3192401657152085e-05
5,27,1,1,1,0,107.06553939246962
5,57,0,0,0,5,73.30796917424898
5,39,0,0,0,2,89.80847133922225
5,42,0,0,0,2,75.85295494794957
5,22,0,0,0,6,38.57327613775816
5,35,1,0,0,3,8.440658961009545
5,37,1,0,0,2,106.4198028430424
5,44,1,0,0,7,114.52847498925617
5,47,0,1,0,2,111.5303540212286
5,49,0,0,0,4,64.10862340799434
5,59,0,1,0,1,55.1169888585499
5,1,1,0,0,1,33.72436013302148
5,19,1,0,1,4,98.85856831607926
5,8,1,0,1,6,109.3181604849097
5,11,0,1,1,5,104.0428264551852
5,15,0,0,1,0,6.003645177077314
5,16,0,0,1,0,87.2854461907574
5,17,0,0,1,0,92.45467000912824
5,28,1,0,0,1,0.21508135032278025
5,33,0,0,0,6,77.31637372424173
5,6,0,0,1,0,81.16285393851663
5,29,0,0,0,1,59.951930336276746
5,32,0,0,0,7,64.85290927837204
5,55,0,0,1,4,10.2212606271284
5,28,1,0,0,4,87.58692116834668
5,13,0,0,0,4,33.396310540007974
5,42,1,1,0,6,130.86826097997712
5,29,0,0,0,4,75.63891750713378
5,2,1,0,1,6,80.46954487807187
5,3,0,0,1,0,70.50467948359085
5,4,0,0,1,0,74.0463548175379
5,5,0,0,1,0,77.59972240245287
5,22,0,0,1,2,5.395472185092033
5,27,1,0,0,6,97.59016634422537
5,30,0,1,0,2,94.27687676413277
5,50,1,0,1,7,102.03556315475016
5,59,1,1,1,4,94.60031559921862
5,43,1,0,0,5,115.9015475778123
5,17,1,1,0,7,73.70154174871821
5,32,1,0,0,0,92.95402977595981
5,33,1,0,0,0,98.72359646551858
5,34,1,0,0,5,104.88238674697423
5,43,0,0,0,5,60.543129456635114
5,55,0,0,0,6,79.40986979799472
5,14,0,0,0,5,27.569949024489166
5,18,0,0,1,3,96.52884520482152
5,24,0,0,1,4,0.1459386561709105
5,37,0,0,0,7,101.11655895123197
5,47,1,1,0,1,22.424192785293968
5,59,1,0,0,2,36.79510052510451
5,29,0,0,0,2,48.09321603709777
5,27,0,0,0,5,51.32033306441289
5,39,0,1,0,2,61.78183301198916
5,40,0,1,0,6,72.00702460634679
5,0,0,0,0,2,83.13310861065911
5,3,1,1,1,0,4.7436122645806345
5,4,1,1,1,0,107.8671933731443
5,5,1,1,1,0,114.03092601305693
5,6,1,1,1,0,18.28974401588757
5,7,1,1,1,0,0.027807888075145906
5,8,1,1,1,0,1.6577992405146522
5,9,1,1,1,0,30.46463372854612
5,10,1,1,1,0,117.56315927977471
5,11,1,1,1,0,6.925425136626484
5,12,1,1,1,0,0.0
5,13,1,1,1,0,2.58005008596102
5,14,1,1,1,0,38.15557155710734
5,18,1,1,1,1,68.13161171666935
5,25,1,0,0,1,15.482829072405433
5,38,0,1,0,5,46.873316887253324
5,0,1,1,0,0,14.993356294826453
5,1,1,1,0,0,91.33694488007154
5,5,1,1,0,0,17.68247759121393
5,6,1,1,0,0,89.98657262817692
5,7,1,1,0,0,9.877279990837678
5,8,1,1,0,0,110.06900735642795
5,9,1,1,0,7,115.64213341889128
5,27,0,0,0,1,70.98394257027759
5,46,1,0,0,5,53.63190052441228
5,1,0,1,1,0,8.940597546875052
5,2,0,1,1,0,92.25013886727437
5,3,0,1,1,0,97.74891851812467
5,4,0,1,1,0,2.543333570523601
5,5,0,1,1,0,0.6537897653972826
5,6,0,1,1,0,0.0046456535818973355
5,7,0,1,1,0,104.00529472447327
5,8,0,1,1,0,110.48489336791381
5,28,0,0,1,0,21.449919842623235
5,38,0,0,1,4,47.80839770080177
5,40,0,0,1,2,110.37646672022261
5,43,0,1,1,3,128.45677172077012
5,44,0,0,0,5,73.52752273970933
5,5,0,0,0,6,38.760512021705615
5,8,0,0,0,4,42.321900721082805
5,33,0,0,0,4,71.80506972256856
5,34,0,0,0,4,76.91697891788147
5,50,1,0,0,5,110.71491493930242
5,31,0,0,1,3,1.496740832287655
5,41,1,1,0,4,125.23027502648058
5,14,1,0,0,5,84.88582749351824
5,27,0,0,1,0,86.61988769652676
5,31,0,0,1,1,90.97631475635978
5,52,0,0,0,3,54.92617828425054
5,53,0,0,0,7,69.63505024907843
5,54,1,1,0,4,25.582673198118293
5,28,0,0,1,5,91.7709101524103
5,50,0,0,0,7,62.25662385213125
5,8,0,0,1,7,47.62092717403472
5,21,0,0,1,7,90.23789824630205
5,42,0,0,0,1,75.0211455837907
5,43,0,0,1,6,10.886106525387639
5,52,1,0,0,3,49.713729857019295
5,43,0,0,1,3,121.2294643254701
5,46,0,1,0,1,62.73810331809619
5,49,1,0,1,3,109.29964783919158
5,28,0,0,0,7,42.41183028497914
5,48,1,0,0,2,29.689369395536506
5,13,1,0,0,7,95.66555276704014
5,32,0,0,0,2,66.3095453457014
5,40,0,0,0,6,59.86045275687253
5,53,0,0,0,1,66.88341228749628
5,2,0,0,0,5,18.337910462900446
5,3,1,0,1,3,115.6646182590615
5,10,1,0,0,6,85.8817245682602
5,38,0,1,0,4,39.539223144264184
5,45,0,1,0,6,33.48982805270501
5,53,1,1,1,0,114.55016769984294
5,54,1,1,1,5,121.47917069068936
5,36,0,0,0,2,72.74792808792473
5,0,0,0,0,6,59.66745338957499
5,11,1,1,1,7,124.0187983352425
5,16,0,0,0,1,53.73168171005481
5,30,0,0,1,5,96.42324834740165
5,53,0,0,0,3,75.18103464200257
5,35,0,1,0,7,40.08035348422975
5,1,1,0,0,7,97.88792802097177
5,31,0,0,0,3,54.020586983718474
5,35,0,1,1,4,10.581630605431803
5,53,1,1,0,4,41.804867012590634
5,2,1,0,1,2,0.13892000000000002
5,12,1,1,0,0,6.975746949094865
5,13,1,1,0,0,0.2716311761419046
5,14,1,1,0,0,83.98644776766369
5,25,0,1,0,5,50.95467659232703
5,30,0,1,0,6,45.201650542446366
5,21,0,0,0,3,21.69768002581778
5,35,0,0,0,6,77.1276514642519
5,47,0,0,0,1,52.06166921375421
5,55,0,0,0,3,65.09256760972991
5,14,0,0,0,6,22.644787636352174
5,27,0,0,0,4,47.747957450258504
5,7,1,1,0,4,92.93440345586268
5,27,1,0,0,4,26.8215162047126
5,37,1,1,0,2,41.57271077924541
5,47,0,0,0,3,57.070819023653996
5,0,0,0,1,0,4.847452132951345
5,1,0,0,1,0,63.711238833214146
5,2,0,0,1,0,66.99581122526143
5,12,0,0,0,3,81.26932673039961
5,41,0,0,0,1,58.23072293778467
5,46,1,1,0,2,33.27263447231138
5,36,0,0,0,4,76.30026832365576
5,9,0,0,0,2,42.45126272317416
5,20,0,0,0,4,-0.014550474106145739
5,32,0,0,0,1,56.93067695966336
5,35,0,0,0,5,76.74037231549741
5,8,1,0,0,5,81.9374156851049
5,27,0,1,0,3,95.04806014973914
5,34,0,1,0,4,22.244156764007787
5,38,1,1,0,7,38.96978123388722
5,14,0,1,0,7,70.98295616142339
5,29,0,0,0,5,55.89399099378737
5,30,1,0,1,0,21.810179610253392
5,32,1,0,1,3,79.09341408370615
5,14,0,0,1,1,1.4992
5,22,0,0,0,3,48.594581218725104
5,12,1,1,1,6,124.62222090480957
5,22,0,1,1,6,36.701087963107376
5,23,0,1,1,0,3.054233863069374
5,24,0,1,1,3,63.27718133309406
5,25,0,0,0,6,49.65735099614911
5,26,0,1,0,6,89.746516328335
5,46,0,1,0,2,56.784773012524575
5,54,0,0,0,7,70.25675515246765
5,25,0,0,0,7,34.268378982732145
5,35,0,0,0,2,77.1484845827871
5,39,1,1,0,1,18.90988410925563
5,42,0,1,0,1,43.27268297988591
5,50,1,0,0,6,6.653605368248787
5,39,0,1,0,6,66.47068412195702
5,21,0,0,0,6,14.20944714027645
5,25,0,1,0,4,40.22271947346313
5,13,0,0,1,1,100.74904832862404
5,35,0,0,0,1,75.44782626626366
5,47,0,1,0,1,55.102493897198876
5,10,0,0,1,5,1.515491376376987
5,17,0,0,0,3,77.84396118880422
5,28,0,0,1,3,28.62543939965778
5,52,0,0,0,7,63.082906007561974
5,7,0,0,0,3,45.20248671188871
5,3,0,0,0,2,71.97918385887347
5,12,0,0,0,5,52.51981546014153
5,48,0,1,0,6,10.071441784415455
5,58,0,0,0,5,68.97217251983302
5,11,0,0,0,4,34.533658766508786
5,22,0,1,1,4,49.44480326937172
5,53,1,0,0,4,96.91495312334678
5,6,0,1,0,5,45.81638607219279
5,42,0,0,0,4,74.33818911087131
5,45,1,0,0,6,24.71766149253456
5,0,0,0,0,5,42.21511953622304
5,16,0,0,0,7,47.00536215525003
5,0,0,1,1,0,104.70659204889553
5,25,0,1,1,0,20.197908203126755
5,26,0,1,1,0,63.94839496073093
5,42,0,0,1,1,16.499100009068403
5,57,0,1,0,7,43.65797927541306
5,12,1,1,1,7,5.154026659572323
5,9,0,0,0,5,37.393636198239314
5,28,0,0,0,4,53.87294690070389
5,45,1,1,0,7,15.67081744591157
5,49,0,0,0,6,73.69361433995326
5,30,0,0,0,4,47.280773923983865
5,35,0,0,0,4,74.77222074168645
5,40,1,1,0,4,10.335675909591078
5,42,0,1,0,7,49.43591200345631
5,23,0,0,0,2,77.44746191585692
5,22,1,0,1,6,106.84745613891819
5,46,1,0,0,3,53.98383985850488
5,47,1,0,0,1,35.8248431529438
5,15,0,0,1,2,83.12973234942308
5,16,0,1,1,3,21.614633737415794
5,34,0,0,0,2,80.85711961577252
5,7,0,0,0,7,43.46823772104017
5,9,0,1,1,6,117.53274693762417
5,42,0,0,0,3,77.83018729948343
5,4,0,0,1,6,6.519475777905071
5,11,1,1,1,1,1.4992
5,16,1,1,0,7,107.61371862059616
5,19,1,0,0,1,10.0805066457678
5,21,0,0,0,1,13.494677006785668
5,37,0,1,0,3,32.229676652354016
5,7,0,0,0,1,35.38292497741174
5,13,0,1,0,4,44.93088555824847
5,43,1,0,0,4,19.514552463749087
5,48,1,0,0,5,48.57497573766486
5,29,0,0,0,6,50.21844643548484
5,42,1,0,1,4,1.6699690629027235
5,2,0,1,0,2,66.44617249749213
5,20,0,0,0,5,47.222622932747825
5,30,1,0,0,6,58.93655369574442
5,52,1,0,0,5,29.668805449138972
5,9,0,0,0,3,56.70353310028553
5,12,0,0,0,4,62.7440001921398
5,24,1,1,0,1,37.63340664839423
5,26,1,1,0,5,107.44329912808404
5,52,0,0,0,5,41.32524344194185
5,4,0,1,0,3,81.28794746183195
5,17,0,0,0,4,48.989526844257966
5,18,0,0,0,5,40.17405873982034
5,56,0,1,0,3,37.16585594748671
5,15,0,0,1,4,13.755159143961212
5,34,0,0,0,3,74.7899198035592
5,36,0,0,1,7,95.88054414800342
5,44,0,1,0,7,2.334238326101392
5,53,0,1,0,6,16.865979841260142
5,26,0,0,0,2,50.80642083232091
5,30,0,1,1,2,88.37123074012533
5,37,1,0,1,3,3.065098281079153
5,50,0,0,0,5,64.33028381382995
5,55,0,1,0,4,1.7766806331310911
5,28,1,1,1,5,113.31749566581374
5,12,0,1,0,4,39.649526290194466
5,22,0,0,0,7,55.49889098936952
5,30,1,0,0,0,34.34495252907187
5,31,1,0,0,0,0.0
5,50,0,1,0,2,21.284570161247004
5,41,0,0,0,7,61.36495652946516
5,46,1,0,0,1,36.29945979884967
5,19,0,0,0,7,83.24373511071734
5,24,0,1,1,7,4.040086348812092
5,39,0,0,1,3,93.4341286055067
5,15,0,0,0,3,71.29703926196757
5,31,0,0,0,2,63.89177580233698
5,39,0,0,0,1,28.123048050501293
5,8,0,1,0,1,29.207428832093242
5,9,0,1,0,1,82.2128615613646
5,17,0,1,0,1,14.842077560138552
5,48,1,0,0,1,18.986976574459653
5,52,0,0,1,7,109.30127454880103
5,21,0,1,0,1,39.07401288709477
5,1,0,1,0,5,34.43010875969545
5,10,0,0,0,6,55.54421787713798
5,36,0,0,1,2,0.7644723982225726
5,49,0,0,0,7,94.47470046988346
5,51,0,0,1,6,107.66874103628166
5,39,1,1,0,5,125.18612007667974
5,56,1,1,0,1,1.0184506689718151
5,21,0,1,0,4,49.582162205148144
5,48,0,0,0,6,63.58573852375682
5,4,0,0,0,2,70.07962290920307
5,5,0,1,0,4,8.808445743463558
5,58,1,0,0,5,20.58043489726232
5,16,0,0,0,3,47.81973406114126
5,24,1,0,0,3,2.3616054035206355
5,25,1,0,0,3,21.549625758912274
5,26,1,0,1,0,82.0328835434105
5,27,1,0,1,0,88.74037810678483
5,19,0,0,0,3,48.825520811737384
5,28,0,0,0,1,45.421462273950326
5,6,1,0,0,7,91.17303894921977
5,11,0,0,0,7,64.37242018482439
5,44,1,1,1,2,128.92219913171584
5,45,1,0,1,1,121.19943032050247
5,46,1,0,1,6,72.31104361635252
5,55,0,0,0,2,76.58360477319079
5,6,0,0,0,1,63.28816135147544
5,11,0,0,1,2,1.5415210192944866
5,16,0,0,0,6,58.1460868184851
5,35,1,0,0,2,96.19130878446538
5,37,0,0,0,3,36.99071074802714
5,20,0,1,0,4,56.107583467697516
5,30,1,0,0,3,34.88927118642843
5,31,1,0,0,5,92.61692589248258
5,6,1,1,1,6,120.71493922186731
5,21,0,1,0,5,57.65839529952389
5,24,0,1,0,3,46.366021867782706
5,29,1,0,0,6,7.647292109848086
5,32,0,0,0,6,73.11471712675258
5,43,0,1,0,4,54.086869709068004
5,59,0,1,0,7,41.83939716992469
5,33,1,1,0,4,1.9694174063988967
5,47,1,1,0,2,31.727980637974277
5,40,0,1,0,5,66.27963337473132
5,42,1,1,1,5,106.70098056047728
5,19,0,1,0,3,53.81009297952467
5,27,1,0,0,7,50.92968140296873
5,32,0,0,0,3,51.99029118539483
5,54,0,0,0,4,75.28036975193734
5,40,0,1,0,7,70.33256621927084
5,41,0,0,0,3,64.00151479189552
5,13,0,1,1,7,112.7504067826676
5,16,0,1,0,3,93.1964456703703
5,18,0,0,0,7,35.656919491912134
5,11,1,1,1,2,1.4968000000000001
5,18,1,0,1,6,126.55399556912691
5,21,0,1,0,2,56.12577200378298
5,23,0,0,0,5,42.97350471933192
5,31,0,0,0,6,59.03642805992664
5,54,0,1,0,7,35.871863350210184
5,2,0,0,0,4,34.869728875777284
5,16,0,0,0,5,86.52440004388255
5,37,1,0,1,5,3.2937021682394487
5,1,0,1,0,1,31.505516421953576
5,3,0,1,0,3,95.84323787536935
5,10,0,0,1,1,8.011575704970404
5,19,0,0,0,4,36.17610954968382
5,22,1,1,0,1,35.20845621916701
5,3,0,0,0,4,29.597404258381452
5,33,1,1,1,0,5.053832798355922
5,34,1,1,1,0,32.673734492809125
5,35,1,1,1,0,8.102532773298497e-05
5,36,1,1,1,0,22.70461477674679
5,55,1,0,0,6,20.647963137506004
5,1,1,0,1,2,0.4832162650815588
5,37,0,1,0,7,36.83423072959877
5,42,0,0,0,5,67.03288113033766
5,49,1,1,0,2,28.55034816946486
5,6,1,1,0,2,33.17021484407012
5,23,0,1,0,5,54.31821356683374
5,56,0,1,1,7,24.681542612687807
5,53,1,1,0,1,34.529939852205736
5,58,1,0,0,2,-0.006051256118568589
5,15,0,1,0,5,26.20783453428437
5,48,0,0,1,1,7.399453650649707
5,56,0,1,0,6,68.1441033176029
5,13,0,1,0,3,57.531922721498255
5,31,1,1,0,6,111.67251016617377
5,50,1,0,0,7,36.427630991549606
5,2,0,1,0,4,65.71143124062377
5,4,1,1,0,6,69.60173809089528
5,20,0,1,0,3,43.4366975284243
5,34,0,0,1,7,76.1220727466242
5,14,0,1,0,2,80.93773372786262
5,31,0,0,0,1,56.820349129370115
5,39,0,1,0,4,40.00385060205043
5,48,0,1,0,5,32.336903460288625
5,49,0,0,0,5,74.00967661726436
5,30,0,1,0,3,42.47298253496339
5,47,0,1,0,3,34.80884845157387
5,6,0,1,1,5,103.92344631449988
5,7,0,1,0,3,84.67593151741892
5,27,0,0,0,3,41.12411419011448
5,1,0,0,0,6,80.73010577484321
5,49,1,1,0,1,0.10824963311790264
5,11,0,0,1,7,22.2384228677735
5,7,1,1,0,5,12.615725343650864
5,11,0,1,0,5,34.0892471693743
5,15,1,1,0,4,111.28597395071307
5,20,1,1,0,1,20.596567371070613
5,24,1,1,1,2,137.72152603214798
5,25,1,0,1,0,74.87974137299895
5,30,1,0,0,5,16.241438406187143
5,32,0,0,0,4,75.30163181582202
5,8,1,0,1,7,3.094110138786448
5,22,1,0,0,1,11.55845576504204
5,38,1,0,0,6,30.56787478103548
5,28,1,0,1,1,94.14621691638331
5,42,1,0,1,6,8.67550553175156
5,44,0,0,0,7,66.02967953176058
5,59,0,0,0,5,40.42510984757953
5,54,1,0,0,4,24.271089194397604
5,28,0,1,1,1,99.20470886570197
5,51,0,0,0,3,76.82283458759824
5,57,0,0,0,7,79.81664213763153
5,18,0,1,0,1,23.120734777354148
5,37,0,0,1,3,50.0242776834201
5,0,1,0,1,3,105.36540105064533
5,17,0,0,1,5,19.816304168719693
5,35,0,0,0,3,79.10748599636312
5,30,0,0,0,7,41.14606987736375
5,3,1,1,0,6,26.689854567885035
5,4,0,0,0,4,21.867688393385915
5,47,0,0,0,4,56.00331245522955
5,37,0,1,0,6,43.70396822700994
5,58,0,0,0,1,68.33314448969706
5,4,0,1,1,7,108.13265577424079
5,15,0,0,0,4,47.28883432271958
5,18,0,1,0,4,33.10561853435408
5,10,0,1,0,5,36.619085589033546
5,42,0,0,0,6,63.50391612530544
5,26,1,1,1,7,40.42778404045387
5,39,1,0,0,1,21.25293773922197
5,1,0,1,1,7,114.19006066232687
5,4,1,0,0,2,83.00145390199664
5,43,1,0,0,6,35.225232184116194
5,44,0,0,0,3,69.61191659217705
5,4,1,1,0,1,14.724460632696392
5,5,1,1,0,4,101.90399175769855
5,42,0,0,0,7,70.37911419828981
5,50,0,0,0,4,65.89192484165551
5,58,1,0,0,4,10.132664236572266
5,38,0,1,0,6,49.900866290584354
5,55,1,0,0,7,19.051079566198045
5,26,0,0,0,7,84.0339491502928
5,33,0,1,0,5,12.400587055755787
5,40,0,0,0,2,52.769013450346236
5,26,0,0,0,3,65.31267479392446
5,50,0,0,0,1,63.938365943413835
5,39,0,0,1,6,8.833691382151503
5,45,1,0,0,4,20.656941575371576
5,14,0,1,0,4,62.79374997825044
5,20,0,0,1,5,20.95827762451198
5,45,0,0,0,4,66.03229027543628
5,51,0,0,0,7,71.28458663970801
5,25,1,1,0,2,12.86129200013909
5,59,0,0,1,6,7.124060090806118
5,6,0,0,0,7,28.437897614488506
5,53,0,1,0,4,34.43555681675707
5,36,0,0,0,1,77.80523364569238
5,13,0,1,0,6,65.47810851836402
5,43,0,0,0,3,62.20877544407116
5,44,0,0,1,7,3.52219106951803
5,27,0,0,0,6,57.4906978866996
5,9,0,1,0,6,18.039917208499585
5,21,1,0,1,2,1.7802738550603674
5,22,1,1,1,2,134.37657692230488
5,31,0,0,0,4,57.241679663883005
5,1,0,1,0,4,27.850354415012358
5,2,1,1,0,2,2.565133988632875
5,19,0,1,1,2,105.93522402749745
5,41,0,1,1,6,38.89762143652237
5,56,1,0,0,3,35.288651754638785
5,57,1,1,1,0,33.1912807870044
5,58,1,1,1,0,1.9324603124844781
5,0,1,1,1,0,46.17806836886662
5,1,1,1,1,0,6.9864838137064025
5,2,1,1,1,0,72.07130690412278
5,15,0,0,0,2,63.2036806613818
5,58,0,0,0,4,59.40794501214088
5,6,1,1,0,5,11.767757709177857
5,20,1,0,0,0,0.141436
5,37,0,1,0,1,46.64138784364702
5,41,0,1,0,3,40.30985466927061
5,44,1,0,0,2,34.07621016877613
5,46,1,0,0,6,59.731947328257945
5,59,1,0,0,4,34.37100654972736
5,26,0,0,0,5,49.74319395407679
5,6,1,0,0,6,32.380292845096285
5,17,0,0,0,1,32.608423289165316
5,28,0,0,1,1,28.406267157210138
5,8,0,0,0,5,22.491315677283826
5,42,0,0,1,4,25.706145830180823
5,9,0,0,0,6,43.8359582876087
5,23,1,0,1,0,32.738941833533815
5,24,1,0,1,0,55.345540314021584
5,51,0,0,0,6,62.34159653063045
5,58,1,1,0,7,124.37839288633498
5,19,0,1,0,6,39.11263528381342
5,35,0,1,0,2,15.9920819101363
5,48,1,0,0,6,43.731749189170685
5,0,1,0,1,1,6.078134871219408
5,12,0,0,0,6,53.23366095648267
5,27,0,0,0,7,57.788332418419564
5,31,0,1,0,4,18.466514751070417
5,51,0,0,1,2,13.300400873860724
5,56,1,1,1,3,117.53802320884546
5,56,0,1,0,5,49.583101962092634
5,56,1,0,1,3,21.64247431677195
5,49,1,0,0,4,23.43163369768942
5,59,0,0,1,5,55.23646685972554
5,52,1,1,0,2,23.657778648395308
5,12,0,1,0,3,30.471415496747113
5,15,0,0,0,7,67.66958732269917
5,39,0,1,0,5,46.108368876107946
5,37,0,0,0,2,39.84585711098205
5,44,1,1,0,7,6.838897279534251
5,46,0,1,0,3,67.42194218734502
5,25,0,0,0,3,53.90920584061014
5,51,1,1,0,5,7.737547419343955
5,3,1,1,0,1,41.50354093843635
5,22,0,1,0,4,8.948241961048575
5,59,0,1,0,6,47.31849707618262
5,49,1,0,1,6,7.488633527846749
5,40,1,1,1,1,133.31378680316294
5,51,0,0,0,5,68.16262130213359
5,0,1,1,0,5,115.31989929465088
5,18,0,0,1,7,64.52738105047091
5,29,0,1,0,7,37.78429426346601
5,41,0,1,0,7,14.40075298225459
5,47,0,0,1,2,9.044615291763487
5,9,0,0,1,3,2.0584078231944707
5,47,1,1,0,5,36.42264410936023
5,15,0,1,1,5,38.196539987315106
5,2,0,1,0,6,52.20267960746887
5,22,1,1,0,4,35.12584273591195
5,38,1,1,0,3,62.62963901404899
5,10,0,0,0,7,54.926135967327454
5,24,1,1,0,3,23.07975713053762
5,32,0,1,0,1,7.325854468223038
5,53,0,0,1,4,9.926806071790857
5,55,1,0,1,7,18.1259704985766
5,7,0,0,1,3,36.696529709387825
5,19,0,1,0,1,48.241688280607946
5,46,0,1,0,5,73.50141528247144
5,3,0,0,0,1,34.347457837819995
5,53,0,1,1,5,115.36797979914257
5,1,0,0,0,3,49.854162940627454
5,9,0,1,1,5,1.9654155924086745
5,11,0,1,0,4,31.920175522634814
5,2,0,1,0,3,52.86155596696118
5,18,0,1,1,4,103.15770905259272
5,30,0,0,0,2,41.32446525938403
5,21,1,1,0,5,17.81449572507237
5,30,0,1,0,7,42.118458187281135
5,57,1,0,0,5,28.45651717861936
5,25,1,1,0,3,2.79062773342182
5,37,1,0,0,5,59.895768192907106
5,58,1,1,1,2,104.37660440068035
5,2,1,1,0,5,39.9163467073568
5,20,0,0,1,6,38.136386611019
5,3,1,1,0,3,58.771290810930644
5,7,1,1,1,7,107.32755680017978
5,33,0,0,0,1,62.80119689185913
5,30,1,0,0,2,66.58131258385897
5,52,0,0,0,6,69.26325523016015
5,53,0,1,0,5,26.12690468168277
5,8,0,0,0,6,56.28538940201006
5,10,0,1,1,1,27.567947232829003
5,23,0,1,1,3,102.46724709360144
5,26,0,0,0,4,60.23525961684131
5,37,1,1,0,7,28.27086454877432
5,1,0,0,0,7,22.431521428358614
5,14,0,0,0,4,39.984748877866224
5,8,0,0,0,3,53.59767412893723
5,24,1,0,0,4,90.00713864283752
5,43,0,0,0,6,63.53481306684019
5,6,0,1,0,1,55.36311354763326
5,37,0,0,0,4,36.26068151890614
5,40,1,1,1,3,16.606897115105973
5,37,1,0,0,1,27.31943347186989
5,10,0,1,1,7,30.078168146102165
5,8,0,0,1,2,66.64980233139617
5,12,0,1,0,5,40.600108270673
5,20,0,0,0,1,36.980766690420964
5,59,0,1,1,1,107.83403319065076
5,2,0,1,0,5,51.40256822073927
5,3,1,1,1,2,116.26106372132803
5,5,1,1,1,6,3.350836825423911
5,25,1,0,0,4,5.2139413905202145
5,5,1,0,0,7,36.411973697889394
5,39,0,0,0,6,47.6225181161972
5,47,1,0,0,4,9.416204304920491
5,6,1,1,1,3,35.07587873997589
5,54,0,0,0,5,72.46054062203328
5,39,0,1,1,1,120.03991310317934
5,24,1,1,0,6,49.49883335283361
5,32,0,0,1,1,87.51254781878266
5,37,1,0,0,6,45.0203455022593
5,14,1,0,1,2,0.20565194803230602
5,56,0,0,0,2,40.16939051597594
5,21,1,1,0,1,17.377137832953412
5,56,1,1,0,2,21.402259636874042
5,58,1,0,0,6,46.30974764161223
5,44,0,1,0,4,35.18369593238735
5,28,0,1,0,1,20.066115600040206
5,23,0,0,0,4,44.05610299971787
5,47,1,0,0,3,21.66624267304369
5,59,1,0,0,7,38.38230086255586
5,42,0,1,0,6,44.355628637370486
5,3,1,1,1,6,16.264970082358634
5,6,1,1,1,4,21.236003380319673
5,39,0,1,0,3,48.923517478064234
5,49,1,0,1,5,33.87149208972626
5,38,0,1,0,1,68.39934843389297
5,51,1,1,0,6,34.79374719443902
5,18,0,0,1,5,50.252420289931145
5,23,1,1,0,2,46.22045423511583
5,3,1,1,1,3,25.288686896553056
5,43,0,1,0,2,47.0016675278962
5,8,1,0,1,1,1.5368496804583813
5,11,1,1,0,0,87.56914801831516
5,13,1,1,0,6,88.07508952730846
5,29,0,1,0,4,0.32159108239907597
5,25,0,1,0,1,52.48695952516046
5,6,0,1,1,3,3.2879099518093833
5,22,1,0,0,2,12.875108798178092
5,25,1,0,0,7,27.934610907807098
5,29,1,1,0,5,111.00816219898405
5,51,0,0,0,2,53.96363122698397
5,1,1,0,0,5,32.83772034639206
5,18,0,0,1,4,22.050757408057223
5,49,0,1,0,2,19.43125741113294
5,43,0,0,0,7,79.98183443617661
5,46,1,1,0,7,42.339772590188936
5,16,0,1,0,6,37.92268812700985
5,10,1,1,0,0,14.975108452383306
5,13,1,1,0,3,1.9486895825077177
5,46,0,0,0,1,37.85582624154702
5,20,0,0,1,1,25.19365893075391
5,21,1,1,1,1,124.96012752933225
5,38,1,1,0,1,62.79789815908913
5,40,1,1,1,2,21.736469978486554
5,54,0,0,0,3,74.66823178468343
5,57,1,1,0,6,36.709625318736286
5,14,0,1,0,6,76.54311352118455
5,59,0,0,0,1,44.94625722709596
5,4,0,0,1,2,7.3304029101927926
5,29,0,0,0,7,46.86878307821407
5,26,1,1,0,2,25.543748803969542
5,52,0,0,0,4,59.27574095945727
5,24,0,1,0,1,44.85853012054448
5,45,0,1,0,7,51.6523705585009
5,8,0,1,0,7,24.22766767998084
5,28,0,0,1,2,1.7004885406888364
5,55,1,0,0,5,12.441442429010873
5,18,0,0,1,6,27.630497561041544
5,23,0,0,1,1,85.71402125877692
5,50,0,0,0,2,46.52946033729991
5,15,0,1,0,4,12.880070677943676
5,24,1,1,0,5,64.2783871191177
5,12,0,0,0,7,52.39523529921831
5,6,0,0,1,2,17.51582438039567
5,19,0,1,0,4,54.75332714517222
5,4,0,0,0,5,33.46404780949455
5,59,1,1,1,5,10.387863406100635
5,19,0,0,0,6,37.06207624094432
5,23,1,1,0,7,48.900877037518384
5,39,0,1,0,1,70.5533896841476
5,39,1,0,0,3,22.456847314943566
5,7,0,0,1,5,58.480909865073826
5,16,0,0,1,5,12.788139063080262
5,54,1,1,0,3,11.286287627303931
5,7,0,0,1,2,48.253192656731834
5,11,0,0,0,3,44.26718010096045
5,5,0,0,1,2,11.468919234019829
5,19,0,1,0,2,44.34685409820117
5,20,0,0,0,3,32.46935173271518
5,38,1,0,0,5,37.9893151372944
5,3,0,1,0,4,26.600594048105375
5,11,0,0,0,5,45.2660293660816
5,19,1,1,1,4,120.20754983554833
5,40,1,1,1,5,5.225910051590322
5,0,0,0,0,4,37.67255258272241
5,46,0,1,0,4,70.8032642301515
5,24,1,1,0,4,56.83073146632748
5,51,1,0,0,7,3.469484386462093
5,56,1,0,1,5,23.951608110671973
5,5,1,1,1,7,32.91684812328921
5,24,1,1,0,2,33.73945898091549
5,27,1,0,0,5,47.73992116610417
5,45,1,1,0,3,47.85139701929053
5,56,1,0,0,6,55.98686505050441
5,59,0,0,1,4,31.0284217674792
5,25,1,0,0,6,16.09890318469963
5,10,0,0,1,4,-0.008
5,48,1,1,1,4,4.272169497863496
5,42,0,1,0,3,33.46094305538054
5,5,1,0,0,5,41.361468413243195
5,10,1,1,1,5,22.380610380077396
5,19,0,0,1,1,11.450057624667295
5,35,0,1,0,3,14.455267663639809
5,48,0,0,0,5,70.43744854983098
5,15,0,0,0,1,64.79247755706486
5,2,1,1,0,6,30.01763386079015
5,4,1,0,0,4,16.075863079588444
5,48,1,0,0,4,19.720327872993032
5,52,1,0,0,4,42.039499584204755
5,10,0,1,0,2,21.93837705858046
5,5,0,1,1,4,99.15272293287781
5,13,0,1,0,7,57.53286695149175
5,43,0,1,0,6,64.83921459149056
5,42,0,0,1,5,24.56845062771498
5,20,0,1,0,2,68.29667335856658
5,32,0,1,0,6,11.270253558782532
5,41,0,1,1,5,32.6136914722573
5,54,1,0,0,1,16.959606677250814
5,5,1,1,0,6,37.02605136077435
5,27,0,0,0,2,52.903811597172236
5,2,1,1,0,3,53.12871986471123
5,17,0,1,0,7,25.20176008487972
5,1,0,1,0,2,58.196358461737276
5,2,0,0,0,7,25.811112402509522
5,6,0,0,0,3,46.346190385769894
5,18,0,1,0,6,40.57360904678911
5,38,0,0,1,5,3.803754819317446
5,0,0,1,0,7,35.209079685722884
5,45,0,0,0,1,36.20445224342777
5,39,0,0,0,7,60.187058389877045
5,13,0,0,0,1,28.64239963377871
5,3,0,0,0,3,47.38185576505124
5,9,0,0,0,4,53.51075998158663
5,44,1,1,1,7,9.021708852363936
5,5,0,0,0,7,52.27481363043258
5,57,0,1,0,1,5.856113170320483
5,38,0,1,0,2,44.05008721907785
5,58,0,0,1,7,22.42694560605479
5,1,1,0,0,6,25.692850721194688
5,25,1,1,1,7,134.83426833734399
5,57,0,0,1,3,7.736740358157227
5,37,1,1,1,3,123.690962219191
5,39,1,1,0,4,35.752947911033836
5,17,0,0,0,7,51.66969179111173
5,40,0,0,0,3,47.27437941314594
5,1,0,1,1,4,13.629427462793956
5,19,0,0,0,5,40.00339221624875
5,21,0,0,0,7,23.125417898604187
5,24,0,0,0,1,36.73959959010211
5,4,1,1,0,5,33.76048115606508
5,38,1,0,0,2,35.230793106507086
5,1,0,1,0,3,33.92692311449703
5,43,0,1,0,3,65.23222535563067
5,17,0,1,0,6,14.320050196813469
5,26,0,1,0,5,14.414642991061504
5,59,1,1,1,6,18.213471762665556
5,51,1,0,0,3,3.837960550054056
5,16,0,1,0,2,24.844095074375883
5,32,0,0,0,5,55.876112752360044
5,27,0,1,0,5,0.06557116306235747
5,46,0,0,0,4,43.09810774841229
5,52,0,0,1,5,17.81994006952759
5,3,1,1,0,5,62.236208351463645
5,4,0,1,1,5,29.514072251795323
5,45,1,0,0,7,33.90701463944629
5,27,1,0,0,2,23.25806901137869
5,0,0,1,1,2,4.987760817646436
5,4,0,1,0,5,42.29274267741404
5,5,0,1,0,5,21.80798073149066
5,45,1,0,1,3,25.132276786588257
5,42,1,0,0,6,27.17474917453685
5,47,0,0,0,7,96.7966381368974
5,59,0,0,1,1,37.35938588704622
5,9,0,1,1,4,27.028769152924305
5,12,1,1,0,6,104.32449011036266
5,4,1,1,0,0,42.77714308266218
5,45,1,1,0,6,49.43536634802672
5,28,0,0,0,2,57.85177322809603
5,3,0,0,1,4,2.5729250001539077
5,45,1,0,0,3,26.45557696627167
5,23,0,0,1,6,12.120265006844116
5,10,0,0,0,3,58.14273140011751
5,38,1,1,0,6,72.12310544683088
5,41,0,0,1,5,18.34050756813894
5,11,0,0,0,2,37.144622727846254
5,31,0,1,0,7,18.745125497061313
5,28,0,0,0,3,55.20052759216782
5,51,1,0,0,6,14.089565774560025
5,51,0,0,1,1,14.859179525951786
5,26,0,0,0,6,47.971995909167134
5,37,0,0,1,1,38.398424801432675
5,17,0,0,1,4,16.346138852546666
5,24,0,0,0,2,31.613879825728446
5,12,0,1,0,2,45.39858131090703
5,57,0,0,1,1,30.101660474577326
5,40,0,0,0,1,43.972583658181115
5,47,0,1,0,6,47.97540997146088
5,56,0,1,0,7,37.63045694139101
5,9,0,1,0,3,39.06334179166703
5,29,1,0,0,2,3.4166425958205857
5,46,1,0,0,4,37.12452012454511
5,50,1,1,0,5,38.33710752723267
5,23,0,1,0,2,49.02619815497359
5,25,0,1,0,3,55.80047802167698
5,41,1,0,0,1,10.903452950512145
5,39,0,1,1,2,1.8169135168349024
5,26,1,0,0,5,21.420375372120468
5,55,1,0,0,4,23.509872089759618
5,19,0,1,0,5,41.729666570868204
5,20,0,1,0,6,64.29559486733172
5,0,0,0,0,3,41.24989680068188
5,28,0,1,0,4,28.922603226710226
5,2,0,1,0,1,56.74471362909105
5,34,0,0,1,2,0.07977748792059397
5,59,1,0,1,2,8.505200144663954
5,9,0,1,1,2,44.90284058348212
5,18,0,1,1,1,4.5103688589252675
5,57,0,1,0,5,2.2911377799682984
5,41,0,0,0,6,67.7650130163513
5,20,0,0,1,7,15.687742972074343
5,9,0,1,0,7,31.774974520069915
5,1,0,1,0,7,37.26976184411521
5,7,0,1,0,1,24.36133321457563
5,9,0,1,0,2,26.062177545835393
5,59,1,0,0,5,50.39028748724827
5,5,0,1,0,2,35.51054060571595
5,30,1,0,0,7,28.808477164125048
5,32,0,1,0,5,17.349013276647558
5,16,0,1,0,7,18.079037895486778
5,29,1,0,0,4,11.010741149293231
5,59,0,0,0,3,21.6248416670745
5,11,0,1,0,3,20.390190367391867
5,24,0,1,0,2,54.250483961119436
5,30,0,0,1,7,3.851481885296697
5,38,1,1,0,4,53.87149082481591
5,35,1,0,0,1,1.0775835906057698
5,7,0,0,0,4,46.73065740413909
5,57,0,0,0,2,72.51914141328865
5,41,0,1,0,4,39.49394251326235
5,20,1,0,0,7,21.178774474270906
5,27,0,1,0,7,27.261181822534226
5,25,1,0,0,5,23.395471532794097
5,17,1,0,0,2,30.36687496447403
5,20,1,1,0,2,15.951446333539613
5,24,0,1,0,7,36.966680233109585
5,13,0,0,0,3,41.00694739536698
5,41,0,1,0,2,45.75379665415408
5,48,0,0,1,7,4.006448179371009
5,28,1,1,0,5,12.537598722486827
5,3,1,0,0,1,13.018423212548392
5,0,1,0,0,7,18.230315302042502
5,23,1,1,0,3,57.366378131797276
5,44,0,1,0,1,29.26825781031396
5,50,0,1,0,5,18.03879471506572
5,37,0,0,1,2,25.47261253952528
5,16,0,0,1,4,9.339244259287272
5,40,1,0,1,4,13.5884434026936
5,19,0,1,1,3,22.118799557387398
5,59,0,0,0,7,20.65443929976538
5,1,1,0,0,3,28.0328362747131
5,0,0,1,0,2,12.680648441165985
5,5,0,0,0,1,39.33152780922177
5,39,0,0,0,5,34.09318560583399
5,29,1,0,0,7,3.8293795373621577
5,5,1,0,0,6,30.252366237400157
5,23,1,1,0,1,52.60521108831592
5,25,1,1,0,7,5.651129303125514
5,46,0,0,0,2,18.668756190271154
5,29,0,1,0,3,55.43314067856593
5,22,0,1,0,6,21.39573622045453
5,53,0,0,0,6,90.90077148886122
5,59,1,0,1,6,8.410383419123477
5,7,0,0,1,7,55.085447024360505
5,39,1,0,0,6,15.190540925801535
5,25,0,0,0,1,46.71408903804492
5,17,0,0,1,1,22.693852727482287
5,44,1,0,1,5,13.082040745317304
5,40,0,0,0,4,49.69377628074941
5,34,0,0,0,5,63.62202249422088
5,39,1,0,1,3,114.34169729959746
5,26,0,1,0,4,31.84180353722363
5,37,0,0,0,5,29.13263554064474
5,21,0,0,1,4,15.913559434379877
5,26,1,1,0,7,15.816655536698637
5,45,0,1,0,4,58.60889312592337
5,5,0,1,0,3,21.28811471364252
5,28,0,1,0,6,4.649910430962637
5,13,0,0,1,7,15.702838321475332
5,25,0,1,0,2,41.7077601157343
5,3,0,0,1,7,16.397573045848308
5,44,1,1,0,3,5.680531201365852
5,22,0,1,1,7,30.212977988638155
5,26,1,0,1,2,0.4288314840900695
5,24,1,1,1,5,9.263185821308335
5,5,0,0,0,4,29.333618907240925
5,59,1,0,1,1,3.706336452002315
5,5,0,1,0,7,24.82527134123415
5,3,1,0,0,2,21.741663543085977
5,14,0,1,0,1,55.491405833785585
5,12,0,1,0,7,60.33577870710373
5,44,1,0,1,3,17.69293954234712
5,54,1,1,0,7,13.403083634273752
5,14,0,0,0,3,38.234146370338905
5,40,0,1,0,2,82.0646261908806
5,39,1,0,1,7,6.164511164356444
5,39,1,0,0,2,17.818362256438547
5,23,0,0,0,1,37.26708697180695
5,38,0,0,1,2,36.51126577772236
5,56,0,0,1,1,16.84043326591048
5,13,0,1,0,2,58.518619634243635
5,20,0,1,0,5,47.02209846176225
5,41,1,0,0,3,3.3296657656267272
5,37,0,1,1,7,28.996902845833755
5,20,0,1,0,1,70.65421452828028
5,48,1,1,1,6,2.9888000000000003
5,18,0,1,0,7,20.80950862463275
5,48,0,1,0,1,32.800915147147904
5,45,0,1,0,5,61.41924490760844
5,48,0,1,0,7,32.19696674877429
5,4,1,1,1,1,5.664185662057271
5,50,1,0,0,3,32.28724956738004
5,9,0,1,0,4,42.77417800781418
5,6,0,1,0,6,42.54093835446032
5,9,0,0,0,7,53.65366549688395
5,33,0,1,0,6,31.633878584998055
5,1,1,0,0,4,17.214358556727078
5,19,0,1,1,7,25.681147252737453
5,55,0,0,1,3,35.63847397115803
5,24,0,0,0,6,22.477708938944378
5,8,0,1,0,6,10.151827628236754
5,58,0,0,1,3,5.197184875672561
5,21,0,1,0,3,63.7068534602945
5,48,0,1,0,4,32.18707474963311
5,37,1,0,0,7,18.006369028301485
5,11,1,0,0,1,-0.000799981193357614
5,8,0,0,0,1,49.09111959191681
5,19,1,0,0,7,16.883630364677458
5,24,0,1,0,6,50.11200452049904
5,46,0,0,0,7,34.84527717276024
5,16,0,1,0,1,10.844456059184209
5,30,0,0,0,5,39.07054494008572
5,51,1,0,0,1,14.114384640311963
5,15,0,1,1,3,6.920724986321568
5,38,1,0,1,5,136.29802082385504
5,3,0,0,0,5,28.354340584773485
5,6,0,0,0,6,24.301163597788467
5,18,1,0,0,6,22.18812309972631
5,28,0,1,0,3,41.9310227842516
5,37,1,1,0,5,35.82963752721503
5,18,0,1,0,3,36.939412110967496
5,37,0,0,1,4,21.947710971098935
5,12,0,1,1,3,5.520791837586927
5,21,0,1,1,6,25.697009655822622
5,28,0,0,1,7,27.659957020870774
5,28,0,1,0,7,49.43429454685549
5,17,0,0,0,2,39.57575167836702
5,55,0,0,1,7,45.2446343386616
5,46,0,0,0,3,42.219921378804635
5,20,0,0,1,4,15.401459608556113
5,18,0,1,0,5,22.9742395634172
5,0,1,0,1,4,4.461197375204573
5,13,0,1,0,1,40.959672431766876
5,37,0,1,0,4,26.343640453111306
5,56,1,0,0,1,33.645215302842715
5,5,1,0,0,1,12.86998864168401
5,25,1,1,0,5,24.979535839660706
5,43,0,1,0,1,30.16081641421961
5,26,1,0,0,3,13.080290703418651
5,21,1,1,0,7,11.99926034776431
5,22,1,0,1,2,23.378619789841935
5,23,1,1,1,5,7.034606409735571
5,10,0,0,0,1,48.241316240912084
5,20,1,1,0,3,15.709888302565917
5,16,1,1,1,2,15.045523409574912
5,20,0,0,0,6,32.36620461028913
5,4,1,1,0,4,54.144647129270254
5,34,1,0,0,3,8.110027771789866
5,38,0,0,0,4,23.891272194997438
5,45,0,1,0,1,24.62195963369072
5,18,0,1,0,2,32.55959999655031
5,28,0,1,0,2,40.84977632884147
5,4,1,0,0,7,15.243120132374848
5,22,1,0,0,7,53.19884413912123
5,14,1,0,1,7,112.24594365892443
5,55,1,0,0,2,4.2649307590990215
5,1,0,0,0,1,29.23862676635682
5,2,0,0,0,3,33.2610066286917
5,23,0,1,0,4,33.919462480508734
5,18,1,1,1,5,5.703731827443251
5,6,1,1,1,7,18.477857880494348
5,0,0,1,1,1,5.569585412220073
5,26,1,0,0,6,27.194321780923666
5,26,1,1,0,3,18.448596773166415
5,49,0,1,0,7,15.341535340776687
5,11,0,0,1,6,16.627945233712374
5,16,0,0,0,4,66.20533856834
5,58,0,1,0,3,18.30103620414535
5,5,1,1,1,4,36.47131928499806
5,37,1,0,1,1,5.612045386666094
5,57,1,0,0,1,51.4056992103221
5,7,1,1,0,6,27.062881146269
5,56,1,0,0,5,33.35811924154359
5,36,0,1,1,6,6.429567475108583
5,36,0,1,0,1,24.841530004183603
5,55,0,0,1,6,40.29760372495145
5,22,0,1,0,5,29.432586141519195
5,34,0,1,0,6,16.785097030370036
5,39,0,0,1,4,8.670891906265279
5,45,1,0,1,6,17.30054777920622
5,4,1,1,0,7,40.262256788567306
5,36,0,1,0,2,5.95317504704244
5,30,0,1,1,5,2.983044533339468
5,0,0,0,1,1,77.43909007150414
5,1,0,0,1,6,0.5680401867787114
5,39,1,1,0,2,34.367958826085
5,47,1,1,0,6,35.52184318877089
5,2,0,0,0,2,22.082950702181982
5,56,0,0,1,7,21.33193963253045
5,55,0,0,1,2,47.10591174815639
5,49,0,1,0,4,19.179276422221136
5,21,0,0,1,2,23.440728367616416
5,35,0,0,1,7,3.4422824558361884
5,1,0,0,0,5,39.04821936021542
5,7,1,1,0,7,17.46272874201098
5,10,0,1,0,7,16.99447714606854
5,12,1,0,0,5,4.187262918563577
5,24,0,0,0,3,51.589706275078754
5,30,0,0,0,1,42.162951100209185
5,38,0,0,0,1,20.42900310678347
5,5,0,0,1,5,21.441386280395395
5,53,1,1,0,3,33.09716859471483
5,21,0,0,0,5,22.577210270797043
5,21,0,1,1,1,40.92623969879674
5,11,0,0,0,6,49.048337921522744
5,20,1,0,0,2,15.71673768116154
5,56,1,0,0,2,56.19192667994996
5,37,1,1,1,4,5.36763601136505
5,48,0,0,0,4,52.184581938802275
5,26,0,1,0,3,13.97427529147833
5,8,0,1,1,1,4.3081198948697645
5,52,1,1,0,1,14.824371091923334
5,12,0,0,0,2,56.64181455530948
5,35,0,1,0,5,5.943960929541557
5,6,0,1,0,4,41.18786924267597
5,18,1,0,0,7,38.59861312735306
5,6,0,0,1,7,34.14555805935944
5,43,1,0,0,2,14.211984135723394
5,35,1,1,1,3,82.20848217861277
5,23,0,0,1,5,4.423802954748375
5,25,1,1,0,1,21.372764906676572
5,2,1,0,0,6,21.967370653806356
5,6,0,0,0,2,31.49409439244407
5,21,0,1,0,7,63.4581076347741
5,7,0,1,1,7,12.432159993859878
5,21,1,1,0,6,39.462947212382794
5,20,1,1,1,6,8.012344486107507
5,12,0,1,0,6,48.319366518038535
5,37,0,0,0,1,56.94473317316013
5,38,0,0,0,2,37.113386459699164
5,1,0,0,0,2,47.60907024296696
5,42,0,1,0,5,44.085440319999485
5,8,0,0,1,5,47.22829124393042
5,4,0,0,0,3,39.825373683539276
5,15,0,0,1,7,19.765645952451152
5,11,1,1,1,5,15.58118518470507
5,38,1,0,0,1,27.840008233830222
5,8,0,0,0,7,38.20851071879427
5,41,0,0,1,3,39.8073563082025
5,3,1,1,0,7,46.427428601343934
5,18,1,0,1,3,18.567738957475793
5,58,0,1,0,6,29.208843656593398
5,5,0,0,0,3,37.268092403003735
5,20,0,0,0,2,14.150833770444628
5,22,1,1,0,3,22.127477041627248
5,0,0,0,0,7,61.181359305800335
5,58,0,1,0,5,30.930037113759695
5,17,0,0,0,6,44.339972122654494
5,38,0,1,0,7,46.77084392885328
5,10,0,1,1,2,5.8762212336846495
5,10,0,1,0,6,30.07330799810105
5,0,1,0,0,5,11.798451660131963
5,27,1,1,0,5,107.64489962324885
5,49,1,0,1,1,15.448592106702684
5,30,1,1,0,7,6.893218327302598
5,0,0,1,0,5,43.82018372093288
5,21,0,0,1,3,40.323440793140925
5,46,0,1,0,7,53.47604521683729
5,38,0,0,1,0,18.883122663310743
5,8,0,1,0,2,29.31686607349244
5,4,1,1,0,2,47.107823341938136
5,4,1,1,1,5,4.239208110196642
5,6,1,0,1,3,9.277572885649786
5,8,0,1,0,3,26.345374555644078
5,24,1,1,1,4,4.410909255040697
5,7,0,1,0,6,10.950019279877957
5,6,0,1,0,0,25.99760592118507
5,11,0,0,0,1,44.48802609454071
5,6,1,1,1,2,25.666997266356724
5,47,0,1,0,5,36.96718730818869
5,43,1,0,0,7,6.087767986855429
5,17,1,0,0,3,8.336339399703672
5,0,0,1,0,1,46.137262822807315
5,13,0,1,0,5,58.94087181978987
5,21,0,0,1,1,30.45385211363949
5,15,0,1,0,6,28.803580309846993
5,23,1,1,0,5,48.456127551324215
5,58,0,1,0,1,34.43518074580261
5,6,1,1,0,1,3.390143617673602
5,9,0,1,0,5,19.147074743770236
5,17,0,0,1,6,48.12475338621003
5,19,0,0,0,2,37.745585299049274
5,40,0,1,1,3,9.53007593517998
5,30,0,1,0,4,46.11723496168857
5,42,0,0,1,2,27.924082860240933
5,5,0,0,1,7,29.455518127168965
5,11,0,1,0,1,34.094458887843246
5,45,1,0,0,1,37.385952264575586
5,42,0,1,0,2,59.81042445168398
5,17,1,0,1,6,6.854034706104627
5,43,0,1,1,2,1.4968000000000001
5,8,0,0,1,4,52.52353810871273
5,37,0,0,1,5,23.16990014693113
5,5,1,0,0,4,32.1896202927327
5,15,1,1,1,1,107.83583961790468
5,16,1,1,0,1,1.8586804590334243
5,36,0,0,0,3,79.12669469754661
5,20,0,0,1,2,23.976870304984587
5,49,1,1,0,6,18.23568029203937
5,15,0,0,1,3,13.24943278505425
5,10,0,0,1,2,18.477819174277215
5,55,0,0,0,5,69.82589673202713
5,3,0,0,0,7,41.691433535796904
5,40,0,1,0,4,80.50626161089193
5,50,0,1,1,2,3.480054587084185
5,38,0,1,1,7,8.739291900390402
5,52,0,0,1,3,16.67450040847986
5,12,1,1,0,2,5.5251837993073725
5,41,1,1,0,1,3.091417327701775
5,11,0,1,1,2,14.523284346555823
5,28,0,0,1,4,33.06696114435133
5,17,1,0,0,6,20.90680389884153
5,10,1,1,0,5,91.28485491443664
5,8,0,0,0,2,31.838037412275636
5,12,0,1,1,1,22.36314124233198
5,10,1,1,1,4,6.93793426597435
5,58,1,0,0,7,31.967013671754785
5,19,1,1,0,4,6.138282469650398
5,2,0,0,0,6,35.095810464761
5,58,0,1,0,2,7.779345514726287
5,54,0,1,0,5,12.906279481756297
5,28,0,1,0,5,36.56577371458411
5,23,1,1,1,6,6.043076597412098
5,10,0,0,0,4,32.049388842432506
5,27,1,1,1,2,4.62815277021506
5,6,0,0,0,4,29.228316249816626
5,12,1,1,0,5,7.165454219211519
5,27,0,1,0,4,23.030939902229495
5,8,1,0,1,5,15.198787986450128
5,1,0,0,0,4,28.69719733775949
5,11,0,1,1,3,42.90213471389524
5,19,0,1,1,4,23.61192534179868
5,28,1,0,1,5,24.572005060979365
5,51,0,0,1,7,14.635763079152127
5,53,0,1,0,1,13.547880695000522
5,21,1,0,0,5,6.161195526518576
5,43,0,1,0,5,31.260979130376292
5,5,0,0,1,1,22.899190823637007
5,7,0,0,0,5,33.023597756512004
5,42,0,0,1,6,5.610281406487901
5,3,0,1,0,2,19.994733094603312
5,20,1,0,1,2,3.5824389584134333
5,58,1,0,0,1,13.06144873635862
5,3,1,1,0,4,60.19247743836981
5,46,1,1,0,1,6.729975877517351
5,20,1,1,1,3,19.485827495754215
5,22,1,1,0,6,54.599401576550676
5,44,0,1,0,5,0.43111059199586765
5,48,0,1,1,3,14.622354131658813
5,51,0,0,1,3,5.94966443844257
5,10,1,1,1,3,3.2030790024537823
5,0,1,0,0,6,35.83739462495358
5,22,0,0,0,5,29.231561308703466
5,5,0,1,0,1,25.761601932442403
5,10,0,1,1,6,9.28686197762532
5,12,1,1,1,1,4.393902482377409
5,11,0,0,1,4,5.637452623772389
5,10,0,1,0,3,12.75273842413182
5,44,1,0,1,7,28.92625483049542
5,57,1,0,0,7,25.285862020417625
5,53,0,1,0,3,30.353389886926678
5,39,0,1,0,7,48.8178084566681
5,49,1,1,0,4,6.806515613032682
5,51,1,0,0,5,27.872481082421018
5,0,1,1,0,6,27.484929403990066
5,30,0,0,0,6,43.236820871475295
5,2,0,0,1,3,21.846273742791553
5,37,1,0,0,3,51.152805377401435
5,39,1,1,0,3,7.048167414567698
5,56,1,1,1,6,7.423879514095737
5,32,0,1,0,3,6.418341229042965
5,18,0,0,0,2,32.24562678981204
5,22,0,1,0,7,47.32714688347079
5,17,0,0,1,3,24.257146758010762
5,45,1,1,0,5,16.910567651907524
5,51,1,1,0,2,8.503125913419217
5,37,0,1,1,1,8.359031024866198
5,56,1,1,1,4,3.528172547985171
5,38,0,0,0,5,17.79929337743152
5,23,0,1,0,6,20.183377806066655
5,39,1,1,0,6,44.7579763087511
5,0,0,1,0,4,36.82544763129858
5,37,0,1,1,5,2.087229219581703
5,1,1,1,1,7,131.5679486642631
5,13,0,0,1,5,15.743764406380214
5,19,0,1,0,7,47.97123976219453
5,59,0,0,0,4,31.735078081477003
5,12,0,1,0,1,32.77351508996244
5,8,0,0,1,6,40.96780922442589
5,28,1,1,1,1,5.389147048625323
5,17,1,0,0,4,37.58973968199083
5,23,0,1,1,5,8.34995455827825
5,41,0,1,0,6,21.894654187601017
5,32,1,0,0,1,17.20438080851931
5,4,0,0,1,7,10.653681830997936
5,20,0,1,1,2,7.206624710305616
5,24,0,0,0,5,32.691838921620906
5,15,0,1,0,2,20.759237668742685
5,11,0,0,1,1,26.65505637728487
5,4,0,1,0,6,23.579070300976376
5,17,1,0,0,7,35.61231396137272
5,30,1,1,0,4,5.3833676175373535
5,31,0,1,0,2,21.476755247834063
5,32,0,1,0,7,6.511926360997134
5,39,1,1,0,7,18.794995691132726
5,47,1,1,0,7,19.479804980682133
5,8,0,1,1,4,0.7808022836597536
5,42,1,1,0,4,8.383619196923439
5,36,1,1,0,3,7.702797110295555
5,47,0,0,1,7,5.931496687523722
5,11,0,1,0,2,32.93464181831407
5,57,0,0,1,4,26.711564531253536
5,56,0,0,0,4,29.20930137946737
5,56,1,0,1,4,2.9641538182834815
5,59,1,0,0,3,36.235041108645405
5,0,1,0,1,5,8.484949832132239
5,0,0,0,1,6,7.261567362242687
5,3,1,0,0,4,18.757181347930423
5,44,0,0,1,4,7.0845984851479775
5,38,1,0,0,3,32.41084898808852
5,20,0,1,1,1,30.14657974258982
5,1,0,1,1,5,31.781420380683464
5,9,0,0,1,1,5.7678266920537755
5,6,0,0,0,5,30.243829054746392
5,56,1,1,1,1,7.719681707926764
5,42,1,0,0,5,16.185227222803526
5,5,0,1,0,6,25.226726923257228
5,59,0,1,0,5,49.23542922734127
5,49,0,1,1,5,12.7463977418484
5,4,0,0,1,5,21.49357027955776
5,23,0,1,0,7,13.020428878473762
5,38,0,0,1,1,27.884726358681903
5,38,1,0,1,4,13.992347379973465
5,46,1,1,1,2,20.339360344165183
5,1,0,1,1,3,24.311064706268656
5,22,0,1,0,3,27.265780768309003
5,54,1,1,1,1,6.6735790232418415
5,2,1,0,0,4,5.684833935211749
5,4,1,0,0,6,19.97734193988217
5,38,1,0,0,4,36.280365081388084
5,20,0,1,1,7,42.40482409292935
5,42,0,1,0,4,32.512163955331495
5,11,0,1,0,7,37.4993031847391
5,15,0,0,1,6,18.658987943114788
5,47,1,1,1,5,9.041239417148054
5,39,0,0,0,3,49.762281530994265
5,43,0,0,1,7,8.253767121449483
5,37,0,0,1,7,27.638154076229284
5,7,0,1,1,3,7.297519198244803
5,50,1,0,0,1,20.635531967243004
5,21,1,0,0,2,6.271330417815207
5,22,0,1,1,0,11.824798053351307
5,42,1,0,0,3,6.715499299600822
5,1,0,1,1,6,29.564493179009542
5,39,0,0,0,4,35.066196455841364
5,17,1,0,1,2,18.306008559869632
5,21,0,1,1,5,17.210970743983996
5,51,1,0,0,2,16.27792848062854
5,17,0,0,1,2,34.020849333285014
5,44,1,1,1,6,10.35884144312102
5,57,1,0,0,6,28.933066081716227
5,57,0,1,0,4,16.29209512072063
5,53,1,1,0,0,36.085490366531175
5,19,1,0,0,6,12.213568978376784
5,26,1,1,0,4,22.71981176878846
5,30,1,1,0,3,5.867308067261337
5,56,1,1,0,4,8.256420585608435
5,52,1,0,0,2,48.08214382574991
5,47,1,0,0,5,52.11145430951204
5,59,0,1,0,3,62.44506743668956
5,3,1,1,1,5,10.503097529039529
5,5,1,1,0,3,13.977396434092299
5,3,1,0,0,3,13.959937919056276
5,24,0,0,0,4,22.76193434021655
5,18,1,0,0,1,9.141827544748594
5,52,1,0,0,7,41.72145053312321
5,21,0,0,0,2,4.110320524156367
5,16,0,1,1,2,7.504682269224661
5,1,1,1,1,4,6.818679834156214
5,19,1,1,1,1,7.208328553674687
5,23,1,0,0,5,12.810167258717819
5,30,0,0,1,3,6.39929268073741
5,20,0,0,0,7,31.490855671227393
5,58,1,1,1,1,19.98392367400698
5,49,1,1,0,3,20.74450633479001
5,5,0,0,1,3,31.83342338917808
5,43,1,0,0,1,5.819739546167189
5,39,1,0,0,4,54.34211300464696
5,10,0,0,1,6,28.502358777845892
5,20,0,1,1,6,15.542067196877017
5,3,0,0,0,6,53.887756443947886
5,19,1,1,0,6,19.335930484064402
5,14,0,0,1,3,7.3804359008828335
5,20,1,0,1,1,16.584897062095607
5,26,1,0,0,4,20.46037872323753
5,18,0,1,1,2,14.473208831292219
5,18,1,0,0,5,21.675046701971205
5,2,0,0,0,1,28.273500546597944
5,44,1,0,1,1,7.795670798251336
5,42,1,0,0,2,15.946810347936413
5,59,1,0,1,7,20.2659615412176
5,5,1,0,0,3,9.29565498753166
5,9,0,0,1,5,27.0364470722585
5,4,0,0,1,1,14.637210343485902
5,4,0,1,0,7,15.156676809020041
5,13,0,1,1,2,23.622664698861673
5,6,1,0,0,1,29.58535861727077
5,13,0,0,1,4,5.791931019223795
5,19,0,0,1,2,19.552877327988313
5,40,1,0,1,1,6.187736988921987
5,45,1,1,0,2,18.637141283677572
5,50,0,1,1,6,9.34014987038962
5,11,0,1,0,6,26.40200086292638
5,28,1,1,1,3,8.726676759529218
5,24,0,1,0,4,55.54927787382845
5,14,0,0,1,0,5.329265871055328
5,5,0,0,0,5,30.117904844431983
5,58,0,1,0,4,37.20635215889024
5,7,0,0,0,6,21.3282057754643
5,30,0,1,0,1,43.37780852237845
5,7,1,1,0,3,4.727915578908859
5,6,0,0,1,4,13.066490068207804
5,48,1,1,1,1,21.314938284027733
5,7,0,1,0,2,12.847923653555693
5,27,1,1,0,2,23.756584714858192
5,40,1,0,0,5,47.2514853072856
5,18,0,0,1,1,38.751627798562325
5,0,1,0,0,1,13.977895536923686
5,52,0,1,1,6,14.277005906326696
5,30,0,1,0,5,34.36006548939854
5,4,0,0,1,3,20.03064103052025
5,38,1,1,0,5,65.69546681123273
5,3,0,1,1,2,9.306368638400711
5,11,0,1,1,4,52.191042325863044
5,20,0,0,1,3,16.407696622455482
5,5,1,1,1,2,25.240065698944683
5,7,0,0,1,4,35.98003437780236
5,29,1,0,0,3,8.015647942936884
5,27,0,1,0,6,15.967076869446199
5,29,0,1,0,2,43.29885577955651
5,50,1,1,0,6,19.32471716557217
5,24,0,1,0,5,44.3431526505397
5,50,0,1,0,3,25.829853046448534
5,21,1,1,1,2,7.750796080426124
5,7,0,1,1,1,13.940943745450728
5,18,0,0,0,4,32.12234651306517
5,7,0,1,0,7,23.14340127947225
5,38,0,0,0,7,20.596895451818646
5,8,0,0,1,1,27.16118281184787
5,11,0,1,1,1,23.297150794199215
5,40,0,1,0,1,67.81130227560476
5,25,1,1,0,6,10.195581836123909
5,44,0,1,0,2,21.507322313927745
5,21,0,1,1,7,41.510571505417
5,8,0,1,0,5,20.81468990189486
5,49,1,0,1,2,2.187058908810966
5,29,0,1,0,1,38.419431109620035
5,50,0,1,1,1,17.293784175711146
5,33,1,0,0,1,5.883049191033094
5,10,0,1,1,3,37.78381445344722
5,58,0,0,1,4,22.529598060887
5,21,1,1,0,2,18.4816083977202
5,4,0,1,1,4,12.055482728160563
5,39,1,0,1,1,16.90577204249024
5,14,0,0,1,5,1.5148173021254414
5,50,1,1,0,1,1.5220028119064068
5,17,0,0,0,5,47.870788439996
5,15,0,0,1,1,15.632228997868145
5,47,1,0,0,6,40.28510651921856
5,3,0,1,0,1,26.311880460661794
5,3,1,0,0,7,6.779640560244286
5,37,1,0,1,2,28.193317929335493
5,25,1,1,1,2,3.5462685823987856
5,45,1,1,1,4,7.816508208512642
5,2,1,1,0,4,18.38916071451306
5,21,1,1,0,4,21.245650501321784
5,13,0,1,1,5,16.284014166050042
5,3,1,0,0,6,17.20533626497935
5,44,1,0,1,6,1.7082708965963658
5,50,0,1,1,5,18.114379424379194
5,1,0,0,1,2,6.478885943924971
5,2,0,0,1,5,18.52446250071847
5,56,0,0,1,2,19.936492134983528
5,45,0,0,0,5,52.708138694128245
5,16,1,0,0,1,6.727278752759609
5,5,0,0,1,4,24.152742835328578
5,41,0,0,0,2,60.7941208003379
5,59,0,0,0,2,20.48638245509712
5,3,1,0,1,7,10.830680702053165
5,11,0,1,1,6,43.39183394659443
5,31,1,0,0,7,7.3975460800236466
5,0,0,0,1,3,9.977888042838059
5,17,0,1,0,2,15.004985251844506
5,11,1,0,1,7,102.57348469689524
5,7,1,1,0,2,27.568021549240477
5,13,1,0,0,3,5.599894785968334
5,28,0,1,1,2,21.15618728464495
5,3,0,1,1,1,24.938385020571914
5,4,0,1,0,1,20.71982129094014
5,44,1,0,0,1,15.330465994440269
5,20,1,0,0,1,16.02028146463078
5,22,0,1,0,2,14.121712624755531
5,18,1,0,1,1,6.253740873276259
5,38,1,0,1,3,8.432017147771438
5,31,1,1,0,5,7.563817168956773
5,59,1,1,0,5,10.34508659694908
5,39,1,0,0,7,21.618428614624356
5,46,0,0,0,6,34.80660593166665
5,22,1,0,0,6,25.637480067783763
5,49,0,0,1,1,5.267714561135055
5,23,1,1,0,4,9.806163512230945
5,25,1,0,1,5,9.443583791843116
5,13,1,0,1,3,7.666668247600109
5,30,0,0,1,6,4.892429490560634
5,41,1,0,1,1,8.517944580027278
5,17,0,0,1,7,34.349113749776194
5,5,1,0,0,2,31.77125284382222
5,37,0,1,1,3,20.90760796062009
5,37,1,1,1,5,11.150475882669936
5,18,0,0,0,6,42.09086412345149
5,28,1,1,0,7,9.278960139969254
5,12,1,1,0,1,4.539720857484596
5,11,1,1,0,7,8.804781647155922
5,19,0,1,1,6,9.104390904348882
5,39,0,0,1,5,8.651023757870247
5,0,1,1,0,3,32.31072532763364
5,0,1,0,1,6,13.573373770259344
5,44,1,0,0,4,14.653728667137909
5,1,1,1,0,3,16.84262336485554
5,6,0,0,1,1,23.513016690442598
5,8,1,1,0,5,7.425514181715897
5,19,0,0,1,5,5.751129887435009
5,44,0,0,1,3,8.606612652093643
5,48,0,0,0,2,52.02713095128761
5,37,0,0,1,6,17.10080158826658
5,16,0,1,1,7,17.168739516316656
5,3,0,0,1,3,23.920974383692684
5,17,0,1,0,3,21.708493438111738
5,14,0,0,0,2,31.199177555153867
5,34,1,0,0,4,18.03805543703127
5,9,0,0,1,2,13.2640598055641
5,37,1,1,0,3,45.57605884188621
5,40,1,0,0,4,16.0499259019837
5,49,1,0,0,6,7.789015620355743
5,7,0,1,1,5,7.0785569052780675
5,7,1,1,1,5,8.554326734918869
5,39,0,1,1,6,26.858007933441584
5,1,0,1,0,6,8.921010426008369
5,6,1,0,0,3,3.622752857197112
5,55,1,1,0,3,31.804273086012202
5,56,0,0,1,5,8.252600679394313
5,22,1,0,0,4,21.616935857187865
5,30,0,0,1,2,12.72475926580314
5,27,0,1,0,1,12.785267218930162
5,48,0,1,1,6,24.68117451067475
5,3,0,0,1,5,43.119757372380015
5,6,1,0,0,4,12.482902302199815
5,50,0,0,1,3,9.230819466814873
5,55,0,0,1,5,36.149412029829165
5,28,0,0,1,6,10.603628756140292
5,6,1,1,1,5,50.09496953634392
5,2,0,0,1,7,24.04840882871256
5,39,1,1,1,1,6.916733341743336
5,0,0,1,1,4,8.759128563533165
5,40,0,1,1,4,12.711334871407814
5,18,1,0,1,5,8.582695772957871
5,40,0,0,1,3,14.740820212344115
5,39,0,1,1,7,18.439270311202336
5,0,1,0,0,4,16.36072225514706
5,12,0,1,1,5,8.383707833556123
5,26,1,0,1,7,6.421114428732249
5,9,1,1,0,5,9.206793175728844
5,5,1,1,1,1,16.61561208462001
5,3,0,1,0,7,17.70471808632887
5,26,1,1,0,1,28.123881738159795
5,34,0,1,0,1,31.17463223956174
5,7,1,0,1,6,1.519084635670466
5,15,0,1,0,7,29.021372624736586
5,5,1,0,1,7,8.043402031514303
5,6,0,0,1,3,37.9007668882144
5,4,0,1,0,2,12.815016554013916
5,50,1,0,0,4,32.94215692152719
5,33,1,0,0,3,3.290518849968368
5,46,1,1,0,3,9.421250457523227
5,37,1,1,0,4,28.807179536381554
5,57,0,1,0,3,25.196222827907327
5,8,0,1,1,7,9.248999139244502
5,5,1,1,0,7,34.87152287141228
5,32,1,1,1,0,0.1527234011321975
5,20,0,1,0,7,42.77631260230071
5,29,1,1,0,4,9.03061569276445
5,41,0,0,1,1,16.902976621380358
5,45,0,1,0,3,22.65911304017392
5,20,1,0,1,6,11.037940876292877
5,37,1,1,0,6,34.40891421103224
5,15,0,0,1,5,8.20840554902441
5,59,1,1,0,3,18.237374241851427
5,28,1,0,1,6,5.078831014877521
5,42,1,1,0,7,12.678761004281263
5,41,0,0,1,7,27.358292082253605
5,49,1,0,1,7,19.87974295426948
5,48,1,0,1,2,10.184837006501137
5,0,1,1,0,2,17.44005805118087
5,31,1,1,0,1,0.37464579712617274
5,0,1,0,0,2,21.63004654957334
5,52,0,1,1,0,13.647710692080848
5,10,0,1,0,4,13.194326924871076
5,37,0,1,1,2,28.768509010206586
5,52,0,1,1,7,39.31349835862754
5,18,1,0,1,2,9.117588068242773
5,3,1,0,0,5,20.957810568805716
5,5,0,0,0,2,28.946182868655466
5,16,0,0,1,7,23.469971150153924
5,20,1,0,0,5,22.745468206478968
5,24,1,0,0,6,6.487946214307627
5,45,1,1,1,2,21.690091745884644
5,6,0,0,1,5,32.21386924759385
5,19,1,1,1,3,29.624272940769742
5,58,1,1,0,6,11.418515691706032
5,24,0,0,1,3,9.02316826117296
5,40,1,1,1,7,10.593049275773149
5,44,1,0,1,4,2.9262759507131895
5,4,0,1,1,2,16.121112948165322
5,4,1,0,0,5,7.682584579972989
5,21,0,0,1,6,39.421689353429585
5,56,1,1,1,2,2.1485628801121166
5,4,0,1,1,1,31.168673565135823
5,2,0,1,1,2,26.415333037645883
5,5,1,1,0,5,28.900325201196807
5,29,0,1,0,6,40.618099407407406
5,1,0,0,1,5,7.109106552908094
5,48,0,1,0,2,39.34227693137271
5,22,0,1,0,1,6.514580381999164
5,58,1,1,0,5,10.660396022425832
5,53,0,0,1,5,9.01776015225326
5,41,1,1,0,2,9.578974726801453
5,22,1,1,0,7,20.189473801408624
5,40,0,0,1,6,8.076268125159384
5,28,0,1,1,6,12.750704913986894
5,20,0,1,1,3,7.795363307879336
5,57,1,0,0,4,25.424789428795496
5,43,0,0,1,1,8.833931343004826
5,0,0,1,0,6,25.691915916166465
5,59,1,0,1,3,8.814667742260633
5,45,1,1,1,6,12.378404115512772
5,17,1,0,1,5,27.961821143127256
5,11,0,0,1,5,22.265793963339753
5,8,1,0,1,3,7.683257365305119
5,49,1,0,0,1,9.072491622479703
5,38,0,0,1,6,17.100091928962264
5,6,1,1,0,6,10.159964558021821
5,10,0,1,0,1,13.473440041197493
5,26,1,0,0,1,21.628843143699214
5,42,1,0,1,2,18.898538490603574
5,16,0,0,1,3,14.878927474378152
5,59,0,1,1,4,17.5876850731875
5,34,0,1,0,5,10.077142224161047
5,47,1,1,1,6,11.813283993990371
5,40,1,0,0,1,15.412000212076233
5,14,0,0,0,1,24.084587587969867
5,42,1,1,1,1,11.574141596283852
5,45,1,0,0,5,32.56357915913971
5,7,0,0,1,1,43.281113147878514
5,57,0,1,0,2,19.84718499814553
5,29,1,0,0,1,14.202458135737292
5,16,0,0,1,1,21.118646726386235
5,38,0,0,0,6,15.623804260544961
5,28,1,1,0,1,8.623219914477557
5,3,0,0,1,6,15.858286353183932
5,41,1,0,1,3,10.053541812499795
5,2,1,1,0,7,9.043161523674497
5,16,0,1,0,5,3.160071083394843
5,3,1,1,1,7,13.859048538950374
5,21,0,1,1,3,36.780207538536
5,40,1,0,1,7,9.417558034620063
5,46,1,1,0,4,52.50410439453337
5,2,0,0,1,6,18.265211465395957
5,43,0,1,1,6,11.851208192055655
5,22,1,1,0,5,17.708737843743293
5,20,1,1,0,5,49.22953980321471
5,20,1,1,0,7,7.91300410139189
5,11,0,1,1,7,11.728559863962673
5,25,0,0,1,3,7.1281189475252695
5,4,0,0,0,1,14.487698307620235
5,54,1,0,0,5,9.642918232419126
5,25,1,1,1,3,20.415485552541824
5,31,0,1,0,6,16.529925907757054
5,55,1,1,1,0,59.1071115674602
5,56,1,1,0,7,10.396822969326145
5,6,1,0,0,2,21.354520111502826
5,52,0,0,1,2,2.427785371852862
5,41,1,0,1,4,23.452158928915736
5,5,1,1,0,2,9.49042437023804
5,43,1,1,0,0,9.214192416098458
5,22,0,1,1,2,9.944349930418927
5,42,0,1,1,4,10.364742491261623
5,57,1,0,0,3,8.408768745445085
5,14,1,0,0,6,15.579940078115719
5,59,0,0,1,2,34.060036287745845
5,42,1,1,0,3,12.178304059948784
5,38,0,0,1,7,55.41853392235442
5,22,0,1,1,1,30.97903934359447
5,25,1,1,1,6,8.578726849903083
5,39,0,1,1,4,20.661100979094
5,37,1,1,1,2,12.035202708092534
5,56,1,0,1,2,0.991072658654972
5,6,1,1,0,7,8.160731907326646
5,18,0,0,1,2,48.93786083696379
5,23,0,1,0,1,14.854115420940385
5,43,0,0,1,4,9.182213273128665
5,25,1,0,1,3,10.500291427710119
5,23,1,1,1,3,23.896129379923728
5,10,1,1,0,6,9.727122553100632
5,12,1,1,1,3,10.117154467744735
5,28,1,1,1,2,1.5412512474281157
5,9,1,0,0,5,7.677471861487202
5,26,1,0,0,7,27.77341565371831
5,27,1,0,1,5,9.62972910538164
5,55,1,1,0,6,41.38945124619449
5,53,0,1,0,7,32.75944691635195
5,3,1,1,1,1,11.009778479518967
5,31,0,0,1,4,5.050552259908446
5,50,0,1,0,6,26.555865313855577
5,29,0,1,0,5,36.13984734900447
5,1,1,1,0,7,9.692230574835712
5,20,1,1,0,4,17.32665485997492
5,26,1,0,0,2,23.144461602853863
5,23,0,1,0,3,34.550149521142956
5,57,1,1,0,7,14.132207974799101
5,20,1,1,1,4,20.436467678877683
5,13,0,0,1,3,7.642018608907563
5,29,0,0,1,4,8.504076277811519
5,19,1,1,0,1,15.173230375697212
5,19,1,1,0,2,9.021289496667952
5,9,0,1,1,1,27.874889526447156
5,28,0,1,1,7,10.221275781611094
5,41,1,0,0,2,17.005000685408277
5,53,1,0,0,3,17.471739587548633
5,27,1,1,0,3,8.52370593963245
5,23,0,0,1,4,1.25565864384709
5,4,1,0,0,3,18.37596624613435
5,54,0,1,0,3,9.762731390876016
5,20,1,0,1,3,20.29888965652512
5,21,1,1,1,4,20.451360310876034
5,7,1,0,0,6,7.084409945226034
5,51,0,1,1,6,22.472933796527116
5,4,1,1,1,2,11.617659712749726
5,44,1,0,0,6,19.874622482599296
5,8,1,1,0,2,19.8488479547015
5,18,1,0,1,7,20.101245274540297
5,23,1,1,0,6,45.05876462717846
5,50,0,1,1,4,14.337733159388598
5,9,0,1,1,7,41.977747959432065
5,55,1,0,0,3,25.315739114542616
5,44,0,0,1,2,6.1012756462409286
5,26,1,1,0,6,10.852215555308524
5,38,0,1,1,5,11.668590050698388
5,3,0,1,1,4,17.237900221584177
5,14,0,0,1,6,7.044060603063265
5,13,0,1,1,6,7.853274347258135
5,40,1,1,1,4,12.55979784654073
5,9,0,1,1,3,25.807250137518523
5,10,0,1,1,5,8.289498935113349
5,20,1,1,1,2,12.857142272377843
5,22,1,0,1,3,10.512963117023716
5,41,0,1,1,4,16.16775190575709
5,43,1,0,1,2,9.21917584781981
5,42,1,0,0,7,18.53062547575064
5,56,0,1,1,3,10.586769452762235
5,6,1,0,0,5,15.495666699062543
5,3,0,1,1,6,10.715611558558436
5,2,0,1,1,6,10.197223533150828
5,3,1,1,1,4,21.215801218085083
5,0,1,1,0,4,18.393009293797732
5,26,0,0,1,3,9.649151103672262
5,25,1,1,1,5,23.086163984304278
5,3,1,1,0,2,50.437205261807776
5,59,1,1,1,2,15.560480599612418
5,18,1,0,0,2,7.843041217020513
5,8,0,1,1,6,3.610510543172742
5,57,1,1,0,4,11.461862430104203
5,54,1,0,0,6,34.6488080758726
5,31,1,1,1,2,10.050704477406901
5,49,1,0,0,5,8.414308648588749
5,48,1,1,1,5,13.784101150023659
5,16,0,1,1,6,7.360758228319395
5,9,1,0,1,3,8.976996715619576
5,41,0,1,1,1,29.642797601814834
5,8,0,1,1,5,16.510287094791973
5,7,1,1,0,1,26.923572021259425
5,1,1,1,0,6,9.719351466103033
5,17,1,0,0,1,21.75342394247101
5,40,1,0,1,5,9.648372110839361
5,39,1,0,1,5,9.282944790351891
5,50,1,0,0,2,24.994076914425804
5,42,1,0,0,4,8.826305779040931
5,21,0,0,0,4,14.80007278316707
5,14,0,0,1,2,7.194853002379158
5,46,1,1,0,5,9.809015205256234
5,24,1,1,1,3,22.68411662951491
5,48,0,1,1,1,10.382423220525695
5,13,0,0,1,6,23.150743224363673
5,44,1,0,0,3,17.292567958130384
5,22,1,0,0,5,22.98077457945284
5,47,0,0,1,3,16.49439184881825
5,21,1,0,0,1,9.288081385548292
5,37,0,1,0,2,50.02623234278359
5,3,0,0,1,2,24.343113558032435
5,43,1,0,1,3,11.235218307772996
5,26,0,0,1,4,5.263299385631631
5,41,1,0,0,4,10.4798216101815
5,37,0,1,0,5,34.47654346925505
5,52,0,1,0,5,33.671873857970844
5,57,1,1,0,1,11.564834253359864
5,0,1,0,0,3,26.95222844534242
5,47,0,1,0,4,29.208384377057556
5,37,1,0,1,7,10.608851065095699
5,47,1,1,1,7,14.230162743764389
5,41,0,1,1,3,33.21369438042268
5,48,1,0,1,7,12.190030516942919
5,20,1,0,1,7,16.89046012541355
5,4,1,0,0,1,4.556432831999576
5,29,1,0,0,5,9.139611977482364
5,29,0,0,1,6,8.027700006954081
5,52,0,1,1,2,5.883194776080721
5,49,1,0,1,4,9.607654654858296
5,28,1,1,1,7,12.321584792101973
5,14,1,0,0,1,6.225928402336391
5,44,1,0,1,2,10.411280834626282
5,2,0,0,1,1,7.828848088372164
5,10,1,1,0,4,8.386046847344138
5,19,1,1,1,7,12.269259083699627
5,26,0,0,1,7,9.560023306051118
5,21,0,0,1,5,20.050362654626557
5,28,1,0,1,2,9.763641094097899
5,51,1,1,0,4,20.290504228117783
5,56,0,0,1,3,26.494068529478856
5,59,0,0,1,3,32.02930849424838
5,24,1,1,1,1,19.657509800081066
5,52,1,1,0,4,21.58977779849381
5,4,0,0,1,4,28.63126248599295
5,19,1,0,0,3,8.43720869644882
5,2,0,1,1,3,11.480924161756654
5,48,1,0,1,3,10.48994201998542
5,21,1,0,1,0,18.710513319654595
5,0,0,0,1,5,7.102528299482841
5,6,0,0,1,6,42.0000320645426
5,50,1,1,0,2,10.76827987797909
5,59,0,1,1,7,11.75795388697464
5,15,1,0,0,1,7.65216601536148
5,9,1,0,0,3,6.8566066574381175
5,48,1,1,1,7,25.110025756582345
5,9,0,0,1,4,12.551949368360834
5,59,1,1,1,1,12.13087980604478
5,38,1,0,1,2,10.765245636358893
5,37,1,1,1,6,12.567737805438032
5,28,1,1,1,4,6.286400441271313
5,59,1,0,1,4,8.596501836560433
5,10,1,1,0,7,9.877130838589126
5,56,0,1,1,1,10.912922398801586
5,37,1,0,0,4,8.257088407872866
5,7,1,0,0,1,7.5039403654219585
5,54,1,1,0,6,21.921012747088696
5,59,1,1,1,3,16.496074185090492
5,57,0,1,0,6,13.119075236190922
5,21,1,1,1,3,12.89690430367706
5,48,1,1,1,2,31.23103070275795
5,8,1,1,0,7,8.887593881780925
5,37,1,1,0,1,10.481376368149954
5,51,0,1,1,3,19.52892147085386
5,25,1,1,0,4,10.742029303544847
5,28,0,1,1,3,25.59860269341677
5,8,1,0,0,2,10.560222935390065
5,0,1,0,1,2,12.124892573032042
5,45,0,1,1,2,7.941278632832753
5,44,1,1,0,4,9.747870191379922
5,52,1,1,0,5,10.984525915596011
5,59,0,1,1,5,10.025650656057682
5,13,0,1,1,3,21.78669605740984
5,6,1,1,0,4,10.115584992608587
5,26,0,1,0,2,14.534139607704002
5,13,0,1,1,1,9.612519124125065
5,22,1,1,1,7,11.579913175669285
5,22,0,1,1,5,8.670967255111035
5,8,1,1,0,6,8.942348095574964
5,10,1,1,1,7,19.375608404860387
5,16,0,1,0,4,12.529696872032268
5,58,0,0,1,1,20.0076117020609
5,56,0,0,1,6,7.961962532114931
5,33,0,1,0,7,9.157791319637418
5,44,0,1,0,3,8.535338643169203
5,56,1,0,1,6,10.70289997648166
5,47,1,0,1,4,9.55246993483078
5,20,1,0,0,3,9.55522144063915
5,51,0,1,1,2,21.31186315726262
5,17,1,0,1,7,18.321827259312155
5,33,0,1,0,1,16.55385685461293
5,35,0,1,0,4,27.506637968906414
5,43,1,0,0,3,9.328821843913667
5,42,0,0,1,3,8.883840004606027
5,46,1,1,0,6,27.31653558337102
5,2,1,1,0,1,42.14184509547972
5,31,0,1,0,5,-0.008799993400436416
5,36,0,1,0,3,21.70145050614798
5,27,0,0,1,2,7.9529649755463625
5,27,0,1,1,3,18.60219918594788
5,56,1,1,0,6,10.793089795630308
5,28,0,1,1,5,25.81676478650442
5,48,0,1,1,4,0.371567442960771
5,47,0,1,1,1,9.344424899153394
5,36,0,1,0,7,9.122852776064388
5,0,1,0,1,7,11.056641591223553
5,6,0,1,0,2,13.510104027439152
5,9,0,0,1,6,7.848704893269822
5,47,1,1,0,4,18.142340575998674
5,40,0,1,1,5,12.694684445517472
5,47,1,0,0,7,17.03170812471861
5,56,1,1,1,5,13.293708316094197
5,41,0,0,1,2,10.193762007371447
5,19,0,0,1,4,8.08978150543465
5,27,0,0,1,4,8.27209351508534
5,56,0,1,1,2,18.42698090225013
5,3,0,1,1,5,17.651887485946
5,24,0,0,1,2,2.0024530706923995
5,32,0,1,0,4,8.325045491060184
5,21,0,1,1,2,39.955610465441616
5,21,1,1,0,3,21.747221171269388
5,36,1,0,0,1,9.029622830288867
5,19,1,0,0,2,9.355164571753148
5,34,0,1,0,2,25.888133096058574
5,0,0,0,1,7,11.527947748402958
5,34,1,0,0,0,16.22498720759979
5,41,0,0,1,6,5.861635380150653
5,56,0,0,1,4,15.598155809293232
5,34,0,1,0,7,27.27425848071926
5,16,0,0,1,2,7.4728937789583085
5,47,1,0,0,2,19.748847416191882
5,27,0,1,1,4,10.09808060298742
5,26,0,0,1,2,7.5427820948507165
5,20,1,1,1,7,13.327611339664486
5,27,1,1,1,6,10.958648482279992
5,50,0,1,0,4,17.21128619759064
5,59,1,1,0,2,9.535713374322267
5,43,0,1,1,4,10.970364229049796
5,13,1,0,1,4,10.82717059788715
5,27,1,1,0,6,10.300995315168748
5,7,1,1,1,6,11.352834574387803
5,0,1,1,0,1,22.695788962936593
5,18,1,0,1,4,10.211207514988907
5,56,1,0,1,1,9.912561407839673
5,34,1,0,1,5,39.29844011927625
5,40,1,0,0,3,16.340285433032342
5,45,1,0,1,2,21.236450174865425
5,28,1,1,0,3,11.435102946258297
5,59,1,1,0,7,11.135168199513842
5,7,1,1,1,3,11.007450217934903
5,30,0,1,1,3,7.486131380944028
5,35,0,1,1,3,12.707489564846046
5,26,1,0,1,5,11.34174069661105
5,58,1,0,1,6,10.670756374846654
5,34,1,0,0,6,9.621732634230744
5,23,0,0,1,2,6.5391518277938205
5,23,1,0,0,7,9.829042776401879
5,5,1,1,1,3,11.321222699973502
5,27,1,1,0,7,8.919148349153689
5,40,0,1,1,1,12.7695614864472
5,31,1,1,0,4,9.367022372659724
5,27,1,0,0,3,31.24269658125705
5,59,1,1,0,4,11.860442848329154
5,43,1,0,1,6,11.081619910334679
5,14,1,0,0,4,8.8313803637624
5,4,0,1,1,3,11.262823236051867
5,6,1,1,0,3,20.18576463323587
5,2,0,0,1,2,6.548680652851333
5,17,1,0,1,4,10.139820519304434
5,33,0,1,0,3,18.4783242762989
5,33,0,1,0,2,27.626697178529305
5,36,0,1,0,4,19.31233685686804
5,16,0,0,1,6,7.894315504428895
5,56,1,1,1,0,1.2774844577417026
5,51,1,1,0,7,12.220531201990106
5,1,0,1,1,2,14.679654767661034
5,49,1,1,0,5,21.223411536266415
5,1,1,1,0,4,10.53635328396358
5,0,0,0,1,4,5.902451735536828
5,25,0,0,1,5,8.912351224684775
5,29,1,1,0,2,9.223428526970611
5,49,0,0,1,4,9.153299741689942
5,31,1,1,0,7,10.729414017144746
5,48,0,0,1,6,8.297863393954534
5,48,0,1,1,2,9.879430971212816
5,22,1,0,1,0,2.057277183383238
5,7,0,1,0,5,10.53640383400143
5,24,0,0,1,7,10.37744363559473
5,31,0,1,0,3,8.755359102995376
5,28,1,1,0,6,11.025775426056219
5,55,1,1,0,1,9.791488898074633
5,14,0,1,1,5,9.69996597579351
5,19,0,1,1,1,9.998294620926531
5,21,1,1,1,5,16.104746107570303
5,19,1,1,0,7,11.45899111372449
5,2,0,1,1,5,10.499297390277675
5,47,0,1,1,4,8.574217045342214
5,48,1,1,0,6,11.99790832253805
5,52,0,1,1,1,11.127454461001818
5,43,1,0,1,1,12.200837791072004
5,30,0,0,1,4,6.181769077464907
5,39,1,0,1,4,11.064337335035809
5,21,1,0,1,6,11.798109266916574
5,50,0,1,1,3,11.48746013683286
5,1,0,1,1,1,10.981947248258527
5,57,0,0,1,6,8.686612571676616
5,51,0,1,0,6,8.796773706298948
5,15,0,1,1,7,11.67188102063187
5,44,1,1,1,5,9.559398825075087
5,53,1,1,0,5,21.618496864168545
5,54,0,0,1,2,8.618088933212169
5,47,1,1,1,4,13.607979600078117
5,22,1,1,0,2,11.493746947861247
5,34,0,1,0,3,11.602399085575806
5,21,1,0,0,7,11.461032203664216
5,49,0,1,1,7,10.457770815686079
5,39,0,0,1,7,19.18768112146185
5,47,0,0,1,5,9.375981896814634
5,50,0,0,1,6,10.43169435665696
5,43,0,0,1,5,12.441686637608521
5,51,0,0,1,4,10.138763969713535
5,49,0,1,1,6,10.871027795960686
5,52,1,0,1,2,9.410536459870457
5,41,0,0,1,4,11.469899577492813
5,51,1,1,1,3,12.682320056895458
5,53,1,1,0,7,13.014631374385088
5,46,1,1,1,5,11.387730323359463
5,49,0,1,1,3,12.839608133951513
5,54,1,0,0,3,9.636655365513395
5,38,1,0,1,6,12.89406037758212
5,5,0,0,1,6,18.333697348752196
5,48,0,0,1,2,8.8633912520883
5,59,1,0,1,5,10.9196952691523
5,28,1,0,1,7,11.412878410877493
5,48,1,1,0,4,12.74111169728856
5,53,1,1,1,5,12.723702821494962
5,24,1,0,1,7,10.447605484398398
5,23,0,1,1,2,8.437174880350694
5,56,0,1,1,4,2.479947945282299
5,52,0,0,1,4,9.311743904550905
5,54,1,1,0,5,11.171396302088068
5,54,0,0,1,7,9.97487319567155
5,55,0,1,0,3,11.227069331875619
5,27,0,1,1,1,9.417847724785215
5,46,1,1,1,4,9.958051904126258
5,58,1,1,1,3,25.440237050143246
5,55,0,1,0,2,11.21646187920955
5,35,0,1,0,6,11.945172689411692
5,52,1,1,0,3,10.70852651918807
5,27,1,0,1,3,10.456474845831009
5,18,1,0,0,4,9.301712726890589
5,19,1,1,1,6,14.482865252502632
5,3,1,0,1,2,10.222376042179416
5,15,1,1,0,5,10.303168123251298
5,27,0,0,1,5,8.168634149535725
5,50,1,1,0,3,11.23727169055697
5,50,1,1,0,7,12.552785432868587
5,51,1,1,0,1,9.752970092056172
5,51,0,1,1,4,11.462414851537932
5,25,1,1,1,1,11.684978934930973
5,19,0,0,1,3,7.730555474213759
5,48,1,1,0,2,12.998222051613812
5,52,0,1,0,4,9.91586740678491
5,29,1,1,0,7,10.021103496700508
5,21,1,0,1,7,13.531907920048543
5,15,0,1,0,3,10.292253576849852
5,0,0,1,1,6,7.542053230496911
