battery,t_bucket,arr,bp,fever,action,q
10,0,0,0,0,2,160.40599493368438
9,1,0,1,0,1,244.69956247004254
9,2,0,1,0,2,250.57326493660554
9,3,0,1,0,2,245.35024801546348
9,4,0,0,0,0,229.5438023545732
9,5,0,0,0,3,233.1547053958593
9,6,0,0,0,3,236.50375546494573
9,7,0,1,0,3,248.22691658374012
9,8,0,0,1,0,244.37642464882848
9,9,0,0,1,6,249.54540920634764
9,10,0,0,1,4,247.46225963167865
9,11,1,0,1,4,260.543745134572
9,12,0,0,1,3,247.34392337460767
9,13,0,0,0,6,237.89908882697006
9,14,0,0,0,4,234.40423723671543
9,15,1,0,0,3,247.1148272749643
9,16,1,1,0,6,270.5253785975508
9,17,0,1,0,4,247.95197262580876
9,18,0,1,0,3,251.8143550239839
9,19,0,0,0,0,231.5560931793903
9,20,0,0,0,3,237.3269715240849
9,21,0,0,0,2,228.31827061913128
9,22,0,1,0,3,250.3937644230664
9,23,0,1,1,3,258.1428448868696
9,24,0,1,0,7,252.24806501847488
9,25,0,1,1,5,261.208503556996
9,26,1,1,0,3,264.25094241435374
9,27,1,0,0,4,245.5803915999345
9,28,0,0,0,7,243.0435061649239
9,29,1,0,0,5,247.1800827990291
9,30,1,0,0,2,241.66973071501255
9,31,1,1,0,6,256.7485945834294
9,32,0,1,0,1,243.7447465838767
9,33,0,1,0,0,241.32510462169657
9,34,0,1,0,7,257.7816730457594
9,35,0,0,1,6,244.75863274239188
9,36,0,1,1,3,260.3826801302353
9,37,0,1,0,4,243.5060249308138
9,38,1,1,0,4,260.1607019218747
9,39,0,1,0,3,247.64801322065648
9,40,0,0,1,6,241.82384186047128
9,41,0,0,1,2,245.7206588665977
9,42,0,0,1,4,242.54645764996113
9,43,0,0,1,5,241.32698938779566
9,44,1,0,0,3,245.43647822248437
9,45,1,1,0,7,258.17849672336996
9,46,1,0,0,2,242.20798685025082
9,47,1,1,0,2,259.68342931209395
9,48,1,1,0,0,255.25321822786813
9,49,1,1,0,6,260.5252769015061
9,50,0,0,0,5,229.4145723718247
9,51,0,0,0,3,227.43767798082567
9,52,0,0,1,0,239.67609490481743
9,53,0,0,1,6,240.4074177315194
9,54,0,1,1,6,257.0702936091764
9,55,0,0,1,4,240.80768164048237
9,56,1,0,1,7,271.4820632739262
9,57,1,0,0,3,249.99002966196562
9,58,1,1,0,6,270.291304807738
9,59,1,1,0,0,258.8235275066477
9,0,1,1,0,3,260.08368982598455
9,1,1,1,0,4,259.1099536610765
9,3,0,0,0,4,233.0530826932475
9,4,0,0,0,3,233.83795951325587
9,5,0,0,0,6,238.52710260666896
9,6,1,0,0,7,260.74231293053754
9,7,0,1,0,7,258.8632123930362
9,8,0,1,1,4,259.97340290723974
9,9,0,1,1,5,261.68544689191873
9,10,0,1,0,7,261.21853075346587
9,11,1,0,0,4,252.00594819625204
9,12,1,0,0,3,246.81633854901705
9,13,1,1,0,2,260.9324543729316
9,14,1,0,0,1,244.3489377115725
9,15,1,0,0,7,261.38015135616865
9,16,0,0,0,6,236.12570674050454
9,17,0,0,0,2,236.09635403271614
9,18,0,0,0,1,235.50587043939913
9,19,0,0,1,1,246.8420840713938
9,20,0,0,1,1,246.92696649436533
9,21,0,0,0,6,238.17542365308887
9,22,0,1,0,6,252.38848423018797
9,23,1,0,0,7,265.6630566974856
9,24,1,1,0,0,256.5343628736828
9,25,1,1,0,4,258.670385830977
9,26,1,1,0,2,263.6940667553972
9,27,1,1,0,0,259.7207772181515
9,28,1,1,0,6,264.64888240683837
9,29,0,0,0,7,246.8860221439088
9,30,1,1,0,1,258.3398331903846
9,31,1,1,1,2,280.6917615189053
9,32,1,0,1,2,258.2763763008974
9,33,1,0,1,3,255.9160730210307
9,34,1,0,1,6,261.2268044966235
9,35,1,0,1,0,255.83330336403276
9,36,1,0,1,7,270.6838920328
9,37,0,0,0,4,227.7580940300935
9,38,0,0,0,3,236.02162694655627
9,39,0,1,1,4,257.83344351661
9,40,1,1,1,6,283.5887523918825
9,41,1,0,1,7,275.49283601876965
9,42,0,1,1,3,259.15069777506153
9,43,0,0,0,3,232.2010788304636
9,44,0,0,0,0,227.99994208374346
9,45,0,0,0,5,237.76432355874803
9,46,0,0,0,4,230.5200482117153
9,47,0,0,0,1,226.43669633441553
9,48,0,0,0,7,242.22513023982765
9,49,0,0,0,6,232.862065536255
9,50,1,0,0,0,241.1138190418279
9,51,1,0,0,0,239.41072571802005
9,52,1,0,0,4,239.9040889473531
9,53,0,0,0,5,228.68821604719312
9,54,1,0,0,3,246.90531570721012
9,55,1,0,0,0,242.18173349529286
9,56,1,0,0,0,242.15243757130995
9,57,1,0,0,0,242.49839312991395
9,58,1,0,0,2,242.5692876416564
9,59,1,0,0,1,243.29886490183907
9,0,1,0,0,4,244.84369947320306
9,1,0,0,0,2,235.06885179602185
9,2,0,0,0,5,233.31718424570022
9,3,0,0,0,0,232.59474575197908
9,4,0,0,0,5,238.4298109273657
9,5,1,0,0,7,259.5966889014961
9,6,0,0,0,7,247.4405031206191
9,7,0,1,0,4,245.0231783571774
9,8,1,1,0,2,261.6896124858835
9,9,1,1,0,3,259.0566490658664
9,10,1,1,0,5,258.77700547192484
9,11,1,1,0,1,260.4307188548332
9,12,1,1,0,2,259.2528504615085
9,13,1,0,0,2,247.17356232943985
9,14,1,0,0,5,248.85987883083624
9,15,1,0,1,5,262.3403468022263
9,16,0,0,1,2,246.18332099162765
9,17,0,1,1,4,261.25982541675444
9,18,1,1,1,5,279.87257934904096
9,19,1,1,0,3,262.62440863207604
9,20,1,0,0,6,247.76132329537947
9,21,0,0,0,3,234.22371525068118
9,22,0,1,0,2,246.4971905265523
9,23,0,0,0,4,231.19454986051275
9,24,0,0,0,0,228.55390645961842
9,25,0,0,0,5,238.67812359346777
9,26,0,0,0,1,231.2944732280485
9,27,0,0,0,0,228.1825842878802
9,28,0,0,0,4,229.98686416728086
9,29,0,0,0,6,235.64540226355803
9,30,1,1,0,5,258.1663104036529
9,31,0,1,0,2,243.9416061850604
9,32,0,0,0,3,232.82493399119062
9,33,0,1,0,5,243.0073493065517
9,34,0,1,0,2,241.38829019526653
9,35,0,0,0,1,230.25471982487167
9,36,0,0,0,1,230.25102147409734
9,37,0,0,0,3,236.9779121106085
9,38,0,1,1,2,259.5028677258242
9,39,0,0,1,0,240.85466945139368
9,40,0,0,1,2,242.37340924569705
9,41,0,1,1,6,258.04236174296545
9,42,0,0,1,6,245.17265303645604
9,43,0,0,1,2,240.84390469390834
9,44,0,1,1,4,258.2906044738855
9,45,0,1,1,3,257.72292094687424
9,46,0,1,0,7,259.07627897008183
9,48,1,0,0,5,240.26290103560444
9,49,1,0,1,6,258.6151620085154
9,50,0,0,1,3,242.7591390930528
9,51,0,0,1,4,240.47324448043395
9,52,0,0,1,6,241.2520038656512
9,53,0,0,1,4,243.17888608125992
9,54,0,0,1,1,240.76136463464445
9,55,0,0,0,7,242.58245301538108
9,56,1,0,1,2,263.0569297450011
9,57,1,1,1,4,274.48327465724725
9,58,0,1,1,5,263.6880691734329
9,59,0,1,0,1,244.82963249689587
9,0,0,1,0,2,244.89177210650848
9,1,0,1,0,2,248.13513050009755
9,3,0,0,0,5,238.02183499566337
9,4,0,0,0,7,250.65055010571413
9,5,0,1,0,7,258.8289911120669
9,6,0,0,0,0,231.88800630350025
9,7,0,0,0,1,230.81410577364426
9,8,0,0,0,3,236.2735898123472
9,9,0,1,0,4,250.1940623138158
9,10,0,1,0,5,246.9064373251503
9,11,0,1,0,1,248.45849541067744
9,12,0,1,0,6,253.04289158305716
9,13,0,1,0,6,247.0319115174594
9,14,0,0,0,0,229.38963156704546
9,15,0,0,0,3,232.10655867455966
9,16,0,0,1,0,242.82844848730238
9,17,0,0,1,4,242.84136880911345
9,18,1,0,1,2,256.82585653506715
9,19,1,1,1,4,275.8870719349248
9,20,0,1,1,4,257.04188337623134
9,21,0,1,1,7,262.89235812333527
9,22,0,1,0,1,247.18334529558982
9,23,0,1,0,6,253.7479076702757
9,25,0,0,0,2,234.9956042162694
9,26,0,1,0,5,244.98928822768988
9,27,0,1,0,6,244.2737433114221
9,28,1,0,0,6,246.74234346057403
9,29,0,1,0,1,242.80488127038893
9,30,0,1,0,3,246.95455091164854
9,31,0,0,0,0,228.0082533727819
9,32,0,0,0,5,235.17909638014532
9,33,1,0,0,4,243.79382183431193
9,34,1,0,0,5,244.36561818507792
9,35,0,0,0,0,230.44745485128698
9,36,0,0,0,0,228.11797856443275
9,37,0,0,0,7,246.55098881101588
9,38,1,1,0,5,261.3897654958988
9,39,0,1,0,6,253.73715215377075
9,40,1,0,0,5,245.2748039006804
9,41,0,0,0,1,229.82292172761686
9,42,0,0,0,4,229.73567790397686
9,43,0,0,0,4,230.14050232884782
9,44,1,0,0,5,244.1266701513341
9,45,0,0,0,6,231.42282887893003
9,46,0,1,0,0,241.56367960928796
9,47,0,1,0,2,244.98427097517276
9,48,0,0,0,1,229.10002563106698
9,49,0,0,0,7,238.94528239396044
9,50,0,0,0,1,227.02649871634503
9,51,0,0,0,7,239.27589709398407
9,52,1,0,1,6,254.92313751494245
9,53,0,1,1,4,255.51474330882334
9,54,1,1,1,6,273.4907188508452
9,55,0,1,1,5,258.03413347665014
9,56,0,1,1,5,264.57351172635987
9,57,0,1,0,0,244.42212795953338
9,58,0,1,0,1,245.2815087287833
9,59,0,1,0,6,251.2595584308723
9,0,0,1,0,6,250.60758193313086
9,1,0,0,0,4,233.5004962674853
9,2,1,0,0,2,248.77419196073964
9,3,1,1,0,0,258.2278231688262
9,4,1,1,0,1,259.4619807230521
9,5,1,1,0,6,261.59380386237257
9,6,0,1,0,4,247.7113916783909
9,7,0,1,0,6,250.40962252096008
9,8,0,1,0,1,248.31155013519626
9,9,0,1,0,1,247.34882293751883
9,10,0,1,0,3,248.8864448711217
9,11,0,0,0,4,234.30799457988326
9,12,0,0,0,4,232.25387174262363
9,13,1,0,0,6,247.12166721882133
9,14,1,1,0,4,259.536049418058
9,15,1,1,0,1,262.62505804901036
9,16,1,1,0,5,260.94266663402055
9,17,0,1,0,0,245.0551450991995
9,18,0,1,0,2,250.15976135609688
9,19,0,0,0,2,234.8332422951932
9,20,0,0,0,6,236.00150739800324
9,21,0,0,0,1,230.8218597220803
9,22,0,0,0,1,227.69489803127004
9,23,0,0,0,1,231.86044157425073
9,24,0,0,0,5,236.24499892747676
9,25,0,0,0,6,236.62481660962894
9,26,0,1,0,7,258.4795451055819
9,27,0,0,0,1,230.12189696803185
9,28,0,0,0,2,233.67038084749913
9,30,0,0,0,1,228.48008644794209
9,31,0,0,0,2,238.12227900361475
9,33,0,1,0,1,242.86308190661282
9,35,0,0,0,4,231.385628534729
9,36,1,0,0,7,257.86597078851645
9,37,1,0,0,2,246.37984801521645
9,38,1,1,0,2,258.9319591627553
9,39,1,0,0,7,245.50895293846708
9,40,0,0,0,2,233.32375326692264
9,41,0,0,0,4,231.2219739990371
9,42,1,0,0,0,243.99994573735762
9,43,1,0,0,4,245.74633114527353
9,46,0,0,0,5,232.2096125776145
9,49,0,0,1,1,242.49853134580982
9,51,0,0,0,0,224.580080545602
9,52,0,0,0,7,237.40445495507612
9,53,0,1,0,4,241.06028352296374
9,54,0,1,0,7,259.5153375868808
9,55,0,0,1,2,237.556364568278
9,56,0,1,1,3,261.21794484783163
9,57,0,0,0,5,233.1802426077012
9,58,0,0,0,6,239.7203589458672
9,59,0,0,0,5,230.15238029640548
9,0,1,0,1,5,259.2800619169562
9,1,0,0,0,5,234.83464297585695
9,2,0,0,0,6,237.2110168939041
9,3,0,1,0,6,247.94704314063134
9,4,1,0,0,3,240.59530259434408
9,5,1,0,0,4,245.98924292417303
9,6,0,0,0,2,235.97427925238787
9,7,0,0,0,2,236.05697255875003
9,8,0,0,0,1,233.44345320597495
9,9,0,0,1,7,258.65231946554525
9,10,0,1,0,2,249.10758840752447
9,11,0,1,0,6,248.61850513997268
9,12,0,0,0,1,232.9180581864877
9,14,0,0,0,7,245.20933750193973
9,15,0,0,0,7,245.33643707482554
9,16,0,0,0,0,231.62504265115084
9,17,0,0,0,4,236.3221198679476
9,18,0,0,0,7,252.4172951051681
9,19,0,1,0,1,241.9967452077739
9,20,0,1,1,2,260.4770069499703
9,21,0,0,1,0,243.12277497568388
9,22,0,0,1,2,242.63502621594853
9,23,0,1,1,5,260.8961009960272
9,26,0,1,1,1,258.7012207054881
9,28,0,1,0,1,243.9400955886478
9,29,0,1,0,6,252.58328187155576
9,31,0,0,1,1,241.12950675330657
9,33,0,0,1,0,244.93802678224748
9,34,0,0,1,1,244.24541096007195
9,36,0,0,0,5,236.07143702156995
9,37,0,0,0,0,227.13205820673187
9,38,0,0,0,4,231.23376597846368
9,39,0,0,0,1,228.46576952219547
9,40,0,0,0,3,230.54933773456068
9,41,0,0,0,7,249.1023612358483
9,42,0,0,0,0,229.17065656839065
9,44,0,0,0,1,229.59488907760826
9,45,0,0,0,7,242.18664738869776
9,46,1,0,0,6,244.39724004277525
9,47,0,0,0,5,232.59584011309448
9,49,0,0,0,3,234.9145877068675
9,50,0,0,0,7,243.41118729859
9,51,1,0,1,5,254.16407566701588
9,52,0,0,0,5,230.46750377852038
9,53,1,0,0,6,243.7196575899456
9,54,1,0,0,7,259.83581411471056
9,55,1,1,0,4,258.4439493908852
9,56,1,1,0,3,262.14967872388917
9,57,1,1,0,2,258.7426623001826
9,58,1,0,0,4,244.77840006533572
9,59,0,0,0,7,246.97152894885687
9,0,0,0,0,4,234.34700313899913
9,1,1,0,0,6,248.65363421599608
9,2,0,1,0,0,245.7436833374744
9,3,0,1,0,7,262.13996129314165
9,4,0,1,0,3,248.9397296630043
9,5,0,0,1,6,249.34537134269812
9,6,0,0,1,1,247.17240884321401
9,7,0,0,0,6,234.63605213162737
9,8,1,0,0,3,248.58247488853846
9,9,1,0,0,0,243.76938853041963
9,10,1,0,0,3,248.87320638656112
9,11,1,0,0,5,246.8351791646555
9,12,0,0,0,2,234.8334287664591
9,13,0,0,0,0,228.55334482318474
9,14,0,0,0,5,237.71853493170224
9,15,0,0,0,2,233.66910957134027
9,16,0,1,0,4,242.7264674063954
9,18,0,1,0,0,245.95894080764805
9,20,0,1,1,3,258.73479501615657
9,21,0,1,0,6,246.09554037893463
9,22,0,0,0,7,249.21411476028803
9,23,1,0,0,6,252.34571877764444
9,24,0,0,0,6,234.1722151247469
9,25,0,0,0,1,231.28794961522632
9,26,0,0,0,3,232.45517371908625
9,27,0,0,0,5,231.33061082799878
9,28,1,0,0,7,259.42680917925406
9,29,1,0,1,3,260.6035241131698
9,30,1,1,1,2,272.51547400475664
9,31,1,1,1,0,271.71426642564455
9,32,1,1,1,7,290.21914895385436
9,33,0,1,0,6,247.85011373238626
9,34,0,0,0,7,238.2970074233448
9,35,0,1,0,5,244.89934559041532
9,36,0,1,0,4,242.9132831001286
9,37,0,1,0,2,245.59301245909626
9,38,0,0,0,7,245.46370961127303
9,39,0,0,0,2,228.77086839237165
9,42,1,0,0,1,245.09347110404684
9,43,1,0,1,4,258.8262229608955
9,44,0,0,1,3,246.58115457899603
9,46,1,0,0,4,241.75689398741758
9,47,0,0,0,7,242.6373741006574
9,48,1,1,0,2,257.7366154001795
9,49,1,0,0,4,241.10594432996368
9,50,0,0,0,0,225.860063361392
9,51,0,0,0,1,227.96317766320217
9,53,0,0,0,7,241.85602687535416
9,54,0,0,0,0,224.26743966966106
9,55,0,0,0,2,232.673530278158
9,56,0,0,0,6,239.63561699299808
9,57,0,1,0,2,245.77335106448155
9,58,0,0,0,2,233.11667650878746
9,59,0,1,0,4,246.99447251874773
9,0,1,1,0,4,258.5286645735322
9,1,1,1,0,2,260.46817323437074
9,2,1,1,0,7,277.70420596619533
9,3,0,1,0,4,246.1306708093074
9,4,1,1,0,0,259.13954948846526
9,7,1,0,1,7,278.9507187927143
9,9,0,0,0,7,245.34113758882395
9,10,0,0,0,3,238.89891893514104
9,14,0,1,0,3,250.037720720639
9,15,0,0,0,1,231.51066314271333
9,18,0,0,0,0,230.61567282958976
9,22,0,0,0,0,226.97868978867578
9,23,0,0,0,7,249.82394330414155
9,24,0,0,0,7,244.96915761015234
9,25,1,1,0,5,259.8431264912361
9,26,0,1,0,3,247.8629831582873
9,27,0,0,0,2,234.66071944177216
9,28,0,0,0,5,233.8680833050343
9,29,0,0,0,4,231.24332596036155
9,30,0,0,0,7,250.65622809039365
9,31,0,0,0,1,229.84446087713127
9,32,0,0,0,7,242.0029749551763
9,33,0,0,0,0,227.0776418057229
9,34,0,0,0,2,235.0788211778454
9,36,0,1,0,1,242.77271814594084
9,37,0,1,1,1,256.4118364204753
9,38,0,1,1,3,259.7917626385136
9,40,0,0,0,7,244.13734121932518
9,41,1,1,1,7,288.96930414064354
9,42,0,0,0,7,243.21234604135074
9,43,0,1,0,1,244.4502031452522
9,44,0,1,0,1,245.89369935484666
9,45,0,1,0,0,241.4877562660015
9,47,0,0,0,4,225.66855471057906
9,48,1,0,0,7,253.0906939398891
9,49,1,0,1,4,254.2256285917423
9,50,0,0,1,1,240.36524388400775
9,51,0,0,1,3,239.84683808223
9,52,0,1,0,3,247.73918881905206
9,54,1,0,0,6,245.92630488014095
9,55,1,1,0,3,261.17386727339976
9,56,1,0,0,5,242.34698126475018
9,58,0,0,1,6,244.65259188055458
9,59,0,1,1,7,259.6425213265719
9,0,1,0,0,7,247.15778649877979
9,1,1,0,0,1,243.24523350262254
9,2,1,0,0,5,243.88369873476844
9,3,0,0,0,3,235.65535183346626
9,4,0,0,1,3,249.84278593178016
9,5,0,1,0,1,245.83426063650543
9,7,0,1,0,2,249.9314677322169
9,8,0,1,0,0,243.88587741845276
9,9,0,1,0,6,251.5272348530694
9,11,0,1,0,2,242.69067523255677
9,14,0,0,0,1,229.73867336584476
9,15,0,0,0,0,230.73912888673576
9,16,0,0,0,5,235.81759137467307
9,17,0,0,1,2,242.96832082261432
9,18,0,1,1,3,259.37119445479084
9,19,0,1,0,4,249.5872952229146
9,20,0,1,0,4,245.34584000511046
9,21,0,1,0,3,242.6405973414195
9,22,0,0,0,4,234.39494924056632
9,23,0,0,0,3,232.3044631022891
9,24,0,1,0,6,260.5509203316838
9,25,0,1,0,6,248.25030017177764
9,26,0,1,0,0,241.16031435442
9,27,0,1,0,2,244.79491185905846
9,28,0,1,0,4,243.82076626382684
9,29,0,1,0,3,251.03674059069408
9,30,0,0,0,0,229.2571556248407
9,31,0,0,0,7,249.05329600089829
9,32,0,1,0,7,256.45465860300396
9,33,1,0,0,0,242.24993196401468
9,34,1,0,0,1,243.37584377360812
9,35,1,0,1,1,256.8697665103475
9,36,1,0,0,3,245.2887966803056
9,37,1,0,0,1,246.17874989105658
9,38,1,0,1,7,278.7449173262518
9,41,0,0,0,0,227.08997740608092
9,43,0,0,0,0,229.31471955228602
9,44,0,0,0,4,229.74809814613482
9,46,0,0,0,6,233.6611996833364
9,47,1,0,0,5,247.61651650434234
9,48,1,0,1,7,274.70689721433644
9,50,1,1,0,6,264.3580947470713
9,51,1,1,0,5,255.96964034971765
9,52,0,1,0,0,240.72510982434665
9,53,0,1,0,1,240.7815371784673
9,55,0,1,0,5,244.12884311456668
9,56,1,1,1,2,273.21277132416054
9,57,1,0,1,2,262.06577284864534
9,58,1,0,1,4,260.380183530204
9,59,0,0,1,2,242.05374182035374
9,0,0,0,1,1,250.281859653832
9,1,0,0,0,0,228.67132834216875
9,2,0,0,0,4,233.41522025993999
9,3,0,0,0,1,234.83165006145086
9,5,0,0,0,2,230.9731602031304
9,6,0,0,0,6,240.60079566980338
9,7,0,0,0,5,237.16164272661513
9,8,0,0,1,1,247.67392719247533
9,9,0,0,1,3,246.37317804582113
9,10,0,0,0,6,239.42815510043556
9,11,0,0,0,2,234.67280573627096
9,12,0,1,0,0,244.63026948445048
9,13,0,1,0,4,247.54759502327784
9,15,0,1,0,6,250.38630744314682
9,16,1,1,0,4,257.44674816578583
9,17,1,1,0,7,275.0767178710749
9,18,1,0,0,5,248.13154287082912
9,19,0,0,0,3,237.09613665228267
9,20,0,0,0,0,229.5805220716657
9,21,0,0,0,5,235.56453055306633
9,22,0,0,0,3,231.78312837375614
9,23,0,1,0,1,244.79424699408492
9,24,0,1,0,5,247.43152292265177
9,25,0,1,0,0,243.97428819982366
9,26,0,1,0,2,247.17217548624996
9,27,0,0,0,7,235.86285725560688
9,28,0,0,0,3,234.99962831364692
9,29,0,0,1,2,246.96393118533004
9,30,0,1,1,0,257.78999505889163
9,31,0,1,1,4,259.239331119364
9,32,0,1,1,1,258.11334329768283
9,34,1,0,0,2,243.65421777248608
9,35,1,0,0,3,247.5978453415505
9,36,1,0,1,2,258.2061306786628
9,37,1,0,1,0,260.19640787393575
9,38,1,0,1,1,259.2657772024684
9,39,1,0,0,1,242.6164839998582
9,40,1,0,0,1,246.26784738841368
9,41,1,0,1,3,262.96389533063075
9,42,1,0,0,2,245.25043448597515
9,43,1,0,0,0,241.5066360175384
9,44,1,0,0,2,243.8517033521756
9,45,1,0,0,0,242.63058555155175
9,46,1,0,0,7,255.8658626353577
9,47,0,1,0,0,244.30719467101554
9,48,0,1,0,2,244.53256010415456
9,49,0,0,0,2,232.55987013617886
9,50,0,0,0,3,231.8106504316476
9,51,0,1,0,1,242.33752250825898
9,52,0,1,0,7,257.7264226878871
9,53,1,1,0,5,259.09071805296384
9,54,0,1,0,1,242.4970135355624
9,55,0,1,0,4,245.71979028784776
9,56,0,1,0,0,242.16165493363738
9,57,0,1,0,5,248.67850717588715
9,58,0,1,0,4,246.53294789421665
9,0,0,0,0,7,248.51334125366046
9,2,0,0,0,2,228.92051020075235
9,4,1,0,0,7,263.31870102915985
9,6,0,1,0,3,251.5883532123278
9,8,0,0,0,5,237.22292213347328
9,9,0,0,0,0,231.4594659794459
9,10,0,0,0,7,245.80654977106235
9,11,0,0,0,0,231.19272317502012
9,12,0,0,0,3,235.88208837428002
9,13,0,1,1,0,259.0423643358014
9,14,0,1,1,2,265.81440007195005
9,15,0,0,1,7,257.94081704750886
9,16,1,0,0,5,248.72874642575573
9,17,0,0,0,0,231.62569453562716
9,18,0,0,0,5,238.17808009438568
9,19,1,0,0,4,245.2355348586382
9,20,0,0,0,5,233.43078743782476
9,23,0,1,0,0,240.1188673120327
9,24,0,1,0,4,245.12780225891586
9,25,0,1,0,1,244.85828190074807
9,26,0,1,0,6,248.28851842437135
9,27,1,0,0,6,244.74372417175528
9,28,0,0,0,1,231.33734800115081
9,29,0,0,0,0,228.04753009196594
9,31,0,0,0,4,231.0577961018047
9,32,0,0,0,4,231.75134831040174
9,33,0,0,0,3,234.12125172998566
9,34,0,0,1,0,241.73502405533782
9,35,0,0,1,5,241.39749692435265
9,37,1,1,0,6,262.7904892791178
9,38,0,0,0,5,231.03729582422912
9,39,1,0,1,6,258.1597571952959
9,40,0,1,1,6,262.81817947121374
9,41,0,0,1,6,247.52013923308675
9,42,0,0,1,7,255.55693565157583
9,43,1,0,1,6,271.11274859021734
9,44,1,1,1,3,275.614125743667
9,45,1,1,1,0,272.02717013723964
9,46,1,1,1,6,274.6974594736354
9,47,0,1,1,0,256.10613454012713
9,48,0,1,1,6,259.4475972458621
9,49,0,1,1,5,259.7263292028762
9,50,0,1,0,7,254.49755682483107
9,51,0,0,0,6,226.12898958275133
9,53,0,1,0,0,240.89762221105434
9,54,0,1,0,5,245.2179687324729
9,55,1,1,0,1,255.89032093348396
9,56,1,1,1,5,273.77054479411106
9,58,1,0,0,0,243.056164800362
9,59,1,0,0,4,243.57584568333579
9,0,0,0,0,6,237.92424097140577
9,2,0,0,0,1,227.53244433955214
9,3,0,0,0,2,233.82742055396722
9,5,0,1,0,3,246.89700105708803
9,6,0,0,1,5,249.1102553218808
9,7,0,0,0,7,250.88311807404784
9,8,0,1,1,6,259.8170425331543
9,9,0,0,1,2,248.92850195882818
9,10,0,0,1,6,250.3895765063529
9,11,0,0,1,5,250.08409433329982
9,12,1,0,0,6,252.5587709155577
9,13,1,0,0,3,252.66889553702518
9,14,1,1,0,2,261.62428955647243
9,15,1,1,0,6,263.15826987068687
9,16,0,1,0,3,256.8792307450439
9,17,0,0,0,3,237.59798915402177
9,21,0,0,0,7,247.49047143998504
9,23,1,0,0,0,243.12311615187227
9,24,1,0,0,0,245.28364561773355
9,25,1,0,0,1,244.0699330770047
9,26,1,0,0,0,241.87035598317195
9,30,0,0,0,6,235.4482965121267
9,31,1,1,0,5,259.2407573009308
9,32,0,1,0,0,242.23952282034134
9,33,0,1,0,4,240.80328463794407
9,34,0,1,0,3,248.22883747842135
9,35,0,0,0,5,229.42874771511208
9,36,1,0,0,4,243.0967746975853
9,37,0,0,0,5,237.2926203242056
9,38,0,0,0,1,230.16081734756085
9,39,0,0,0,7,247.13464838435965
9,40,0,0,1,5,244.72641943397886
9,42,0,0,0,5,231.75073619710253
9,43,1,0,0,3,249.2720718236054
9,44,1,1,0,5,259.31005136562686
9,46,0,0,0,2,231.19417767904866
9,50,0,1,0,3,244.60580322169486
9,53,1,1,0,1,256.5967541567614
9,54,1,1,1,0,271.03557028196457
9,55,1,1,1,0,268.4501056903072
9,56,1,1,1,3,273.4013610930968
9,57,1,0,0,1,242.9132719164125
9,58,1,0,1,3,262.93051527825145
9,59,1,1,0,5,255.73015013110225
9,0,0,1,0,1,243.39487714764252
9,1,0,1,0,0,245.68013822902688
9,2,0,1,0,4,246.87380809217
9,6,0,1,0,0,244.3115964201542
9,8,0,1,0,5,252.6271417262488
9,11,0,0,1,0,245.10214163201624
9,12,0,0,1,5,250.69401479146887
9,14,1,0,0,6,245.7901331856051
9,15,0,1,0,7,256.0773570524396
9,17,1,1,0,3,269.01462104869495
9,18,1,1,0,3,262.23756219527166
9,19,1,0,0,1,245.71655397108592
9,20,1,0,0,7,261.1789338807819
9,21,1,1,0,4,255.66492279193636
9,24,0,0,0,1,228.74415323532045
9,25,0,0,0,3,235.82836170857405
9,26,0,0,0,7,243.4520644751051
9,27,0,1,0,0,242.0956184924546
9,28,0,1,0,0,241.62800321227314
9,29,0,1,0,2,249.6646635888297
9,31,0,0,1,4,243.30406517723796
9,32,0,0,1,3,244.47339545714067
9,33,0,1,0,7,262.92945836544084
9,35,0,0,0,3,234.7804680086008
9,36,0,1,0,7,258.4882592935249
9,37,0,0,1,7,262.23054043546784
9,38,0,0,1,2,240.16395574974487
9,39,0,1,1,2,262.7506408276441
9,41,1,0,1,5,262.47397015866983
9,43,0,1,0,3,257.8206917730585
9,44,0,0,1,5,245.61393832286964
9,45,0,0,0,2,232.07635490628726
9,47,0,0,0,6,232.71491113057118
9,50,0,1,1,3,253.31795275307184
9,52,0,1,0,1,243.31703336719113
9,53,0,1,0,3,244.01878732627424
9,54,0,0,0,1,226.86019494227367
9,58,1,1,1,4,276.53179980136844
9,59,0,1,1,4,258.03226551035226
9,0,0,1,1,3,266.5316492365338
9,3,1,0,1,3,259.6518784789058
9,4,1,1,0,2,263.0697105880617
9,5,1,1,0,4,260.054991192975
9,6,0,1,0,7,262.50198338053724
9,7,1,1,0,0,258.7280995346762
9,8,1,1,0,0,259.6064911790653
9,9,1,1,0,1,259.60992477484444
9,10,1,1,0,7,278.62716655898333
9,11,0,0,1,3,248.29923107713404
9,12,0,1,1,5,263.1708269762892
9,13,0,1,1,5,265.1633197971693
9,14,1,1,1,0,274.88972489509337
9,15,1,1,1,4,280.07926193199626
9,16,0,1,1,7,261.9952080799301
9,17,0,1,1,3,262.69226240399615
9,18,0,0,1,2,248.27057072139382
9,19,0,1,1,3,261.1500155661196
9,21,0,0,1,1,244.67125379726167
9,22,0,0,0,6,227.41424697898182
9,23,0,0,0,0,226.04310678634107
9,25,1,0,0,7,265.2507074302635
9,26,0,1,0,1,245.44688020858501
9,28,0,1,0,6,251.940546820655
9,29,0,1,0,4,244.15554725247296
9,30,0,1,0,4,244.6476918617829
9,31,1,1,0,3,272.15602687433665
9,32,1,1,0,4,260.2736554006237
9,33,0,1,0,2,242.86146290646857
9,34,0,1,0,5,246.2282493136728
9,35,1,1,0,0,257.6370486176387
9,36,1,1,0,7,275.2798811212854
9,37,1,0,0,4,244.66216495100474
9,40,0,0,0,0,227.67331340542174
9,41,0,0,0,3,233.86590995463047
9,42,0,0,0,6,235.82147114583432
9,43,0,1,0,5,248.7474686534265
9,44,1,1,1,7,290.53377865637987
9,45,0,1,0,7,262.6049524035
9,46,0,1,0,5,239.87343334071033
9,48,0,0,0,0,228.47475433565086
9,50,0,0,0,4,229.49224907336995
9,51,1,0,0,1,240.20349408840246
9,52,1,0,0,0,239.47722134188837
9,53,1,0,0,2,243.54950378557268
9,55,0,0,1,0,239.3060376896112
9,56,0,0,1,5,241.98941504879238
9,57,0,0,0,3,237.19419467187214
9,58,0,1,0,5,247.95526382796857
9,0,1,1,0,0,259.23993392651215
9,1,1,1,0,5,263.1090038603837
9,3,0,1,0,3,252.9820550672776
9,4,0,1,0,7,259.041002254228
9,8,0,0,0,6,234.0803578910613
9,9,0,1,0,0,245.6002852465485
9,10,0,1,0,0,243.67833444384652
9,13,0,1,0,5,247.44798569643996
9,14,0,1,0,6,245.8376203632779
9,18,0,0,1,0,245.4212433637417
9,19,0,0,1,5,250.2319139262265
9,20,1,0,0,5,249.30921223111892
9,21,1,0,0,0,242.97402779645228
9,22,1,0,0,4,240.65713221613277
9,24,0,0,0,4,234.2806781486221
9,26,1,1,0,5,261.20108428490505
9,27,1,1,0,6,265.2607428451853
9,28,1,1,0,7,277.5618652782837
9,29,0,1,1,3,261.7589850975001
9,30,0,1,0,1,243.7941540874007
9,31,0,1,0,1,243.19140200921174
9,34,1,1,0,2,258.4455240619252
9,38,1,0,1,5,260.0851253668777
9,39,0,0,1,6,245.21589183350537
9,40,1,0,1,1,260.5037636484284
9,41,1,0,0,2,242.80295433081804
9,42,1,1,0,4,260.4953946968079
9,43,0,1,0,4,245.25474194783695
9,45,0,1,0,5,246.8730136394027
9,47,1,0,0,6,258.293050127979
9,48,0,1,0,7,256.1575274361373
9,50,0,0,0,6,232.7814410287095
9,51,0,1,0,2,243.1587664793562
9,53,0,1,0,5,244.07206682568972
9,55,0,1,0,2,239.5589173347544
9,56,0,0,0,4,232.60144834085625
9,57,1,0,0,7,261.732676722299
9,58,0,0,0,3,233.26163012445102
9,1,0,0,0,7,246.15346409546328
9,2,0,1,0,1,245.30515820482057
9,5,0,0,1,4,245.8269486824062
9,7,1,0,0,4,245.00305350007034
9,9,1,0,1,3,261.7418834355699
9,10,1,0,0,2,254.04812178300165
9,11,1,0,0,2,249.74531850212375
9,12,1,1,0,7,276.21772977492617
9,14,1,0,0,0,243.9260499285615
9,15,1,0,0,4,249.3691108105554
9,16,0,0,0,2,234.0133722685963
9,21,1,0,1,4,260.1339205940274
9,22,0,0,1,1,244.06174038231686
9,26,0,0,0,4,231.41654172384244
9,27,0,0,0,4,231.66801408407443
9,28,1,0,0,0,242.99579273809394
9,29,1,0,0,7,260.61354544429656
9,30,1,0,0,0,241.9225228448509
9,31,1,0,0,6,242.98742358655952
9,32,0,1,0,3,244.71693043604827
9,33,0,0,0,4,225.39162005354183
9,34,0,0,0,5,233.2136137306287
9,35,0,0,1,0,240.71295210300616
9,36,0,0,1,6,253.7188878741789
9,37,1,1,1,4,274.1189627403673
9,38,0,1,1,6,257.5663199166741
9,39,1,0,1,3,271.5407474693528
9,41,0,0,0,5,233.40949523860235
9,42,1,0,1,4,257.66400014411767
9,45,0,0,1,2,243.11485519962557
9,46,0,0,1,2,244.74400679366858
9,47,0,0,1,5,242.52088902317234
9,48,1,0,0,1,239.88259329063894
9,49,1,0,0,0,240.52174857406763
9,50,1,0,0,7,256.0873254769646
9,52,0,1,0,6,243.95598402228882
9,53,0,0,0,2,232.36064943396104
9,54,0,1,0,2,242.67501360860865
9,55,0,0,0,3,229.84978754202376
9,57,0,0,0,2,234.089942078672
9,0,0,0,0,1,235.0594551174915
9,1,0,0,1,7,262.7648626835334
9,2,1,0,1,4,257.8119862236282
9,3,0,0,1,0,244.31334953514758
9,4,0,0,1,5,249.53825778809454
9,5,0,0,0,4,233.26166214389238
9,6,1,0,0,0,244.30431522884217
9,7,1,0,0,6,246.8480800566312
9,9,0,1,1,0,258.6400785504954
9,10,0,1,1,5,260.64492081101815
9,13,1,1,0,7,265.9405730174708
9,14,0,1,1,5,263.03334712737364
9,15,0,1,0,4,246.37789630685023
9,17,0,0,1,5,248.0026909400663
9,20,0,0,0,4,231.42505928830082
9,21,1,0,0,6,241.86206253995195
9,25,0,0,1,2,243.23307917883187
9,26,0,0,1,1,244.74392532558014
9,28,0,0,0,0,230.67444316656633
9,29,0,0,0,2,234.26955104463562
9,30,0,0,0,2,230.31088194954543
9,31,0,1,0,7,259.44366379896087
9,32,1,0,0,3,246.96072738435893
9,33,1,0,0,1,243.68993583689794
9,34,1,0,0,6,254.89613233727943
9,37,0,1,0,6,252.61286035467828
9,38,1,0,0,5,243.69117288564814
9,39,0,0,0,3,230.75159003507665
9,40,0,1,0,1,244.8281161406627
9,41,0,1,0,5,244.94145923923273
9,42,0,1,0,0,241.07473028704922
9,44,0,1,0,7,259.61431883116984
9,45,0,0,0,4,229.1160491568181
9,48,0,0,0,4,232.09392594141366
9,49,0,0,0,5,227.97305914872618
9,50,0,0,1,5,241.928072175289
9,51,0,0,0,5,231.34980203536605
9,52,1,0,0,2,239.89600794687505
9,53,1,0,0,0,238.7654000090756
9,55,1,0,0,4,241.0483773865724
9,56,1,0,0,1,242.7542686554931
9,58,0,1,0,3,251.01636567274858
9,0,1,0,0,6,257.4736042260302
9,1,1,0,0,7,258.3259736061827
9,3,0,1,0,5,249.36505987221233
9,4,0,1,0,1,243.53100574635866
9,5,0,1,0,4,247.40294965219582
9,7,0,1,0,1,247.1144645920748
9,11,0,1,0,0,245.29130015734566
9,13,0,0,0,1,232.5701554643002
9,17,0,0,0,7,245.18120618655678
9,19,0,1,0,3,252.65188436266754
9,21,1,0,0,4,242.04163350219554
9,22,0,0,0,5,239.9911183377411
9,23,0,0,0,5,234.68696339223627
9,24,1,0,1,7,277.63032060580093
9,25,1,0,0,5,249.09615928786124
9,27,0,0,0,6,232.4948101087072
9,30,0,1,0,5,245.71218359959238
9,31,0,1,0,4,244.76006359883596
9,33,0,1,0,3,247.90803574291598
9,36,0,0,1,7,246.09146301797404
9,37,1,0,0,7,260.1597922573263
9,38,0,0,0,2,230.3641618971857
9,40,0,0,1,3,244.36209971811752
9,47,0,0,1,2,242.47435235126136
9,48,0,0,1,7,243.9968998410812
9,49,1,1,0,5,257.6999367334457
9,50,0,1,0,2,246.51472892432193
9,52,0,0,0,4,229.10568716600432
9,54,0,1,0,6,246.4594394887521
9,56,0,1,0,7,263.0533994939035
9,57,1,1,0,1,258.1186853327763
9,58,1,1,0,7,260.3528692044516
9,59,1,0,0,6,261.4041176973617
9,0,1,1,0,1,259.5404911544242
9,2,1,1,0,4,258.9410832123886
9,4,1,1,1,6,289.26554545156523
9,5,0,0,1,7,259.6937319862735
9,6,1,1,0,1,259.8887968185088
9,7,1,1,0,6,264.79507134862456
9,8,1,0,0,1,247.84541333044817
9,9,1,0,0,2,242.98603391868195
9,10,1,1,0,2,260.4553935651373
9,11,1,0,0,1,249.90395703615403
9,15,1,1,0,0,256.0950354349557
9,16,1,1,0,0,256.56068721981006
9,17,1,1,0,0,257.80161576578763
9,18,1,1,0,4,259.35602226371475
9,19,0,1,0,2,251.48937992695699
9,20,0,1,0,0,242.9981567735542
9,21,0,1,0,7,259.7419340474224
9,23,0,0,0,6,237.2946956862618
9,24,0,1,0,1,245.55077293422508
9,25,0,1,0,3,247.99897499959013
9,26,0,0,0,0,230.07685604419237
9,27,0,0,0,3,234.77732207427965
9,30,1,1,0,0,255.22981231149558
9,31,1,1,0,1,256.84297473899386
9,32,1,1,1,4,273.29836572725355
9,33,0,1,1,0,254.9598010784867
9,34,0,1,1,2,257.5500346999164
9,36,0,0,1,4,240.8758338933625
9,37,1,0,1,6,258.138909737109
9,38,0,0,1,3,243.14712190978645
9,40,0,0,1,0,241.32476677728502
9,41,0,0,1,7,259.178967210566
9,42,0,1,0,5,246.67367526883768
9,43,1,1,1,1,274.59122177604513
9,44,1,1,1,6,276.28085393405036
9,45,1,1,1,7,292.10395302027723
9,46,0,0,0,3,233.00142998973695
9,48,1,0,0,6,241.7578782221273
9,49,1,0,0,6,242.02097385554274
9,50,1,1,0,3,258.23612637950185
9,52,1,0,1,3,264.78041030752655
9,53,1,1,0,0,254.4639208827142
9,54,1,1,0,4,256.76834835261775
9,56,1,1,0,5,257.61731520777045
9,57,1,1,0,4,261.8324305515541
9,1,1,1,0,3,264.00051541900865
9,3,1,0,0,6,248.08793435883646
9,4,1,1,0,4,261.71732498435506
9,5,1,1,0,3,260.41553754058464
9,8,0,0,0,0,231.3396925837319
9,9,0,0,0,6,237.01180884506982
9,10,0,0,0,1,238.7162943855435
9,12,0,0,0,7,244.63000494155958
9,13,0,1,0,7,256.02518268212697
9,15,0,1,1,5,259.13141908750623
9,17,0,1,0,6,250.18564324329955
9,18,0,1,0,1,247.50290869780054
9,19,0,1,1,2,258.2102592577863
9,20,0,1,1,7,276.2597080725214
9,21,0,1,1,0,258.03407556194276
9,22,0,1,1,7,277.9379502478124
9,23,1,1,0,4,261.6344524868456
9,25,1,1,0,1,258.04783958587166
9,26,1,1,0,1,260.98630436196095
9,27,1,1,1,2,277.1466884057083
9,28,1,1,1,5,273.7417494742628
9,30,1,0,0,1,243.63159286541008
9,31,1,0,1,0,258.0314763185209
9,32,1,0,1,0,254.26967095026995
9,34,1,0,0,3,249.24339297004957
9,36,1,0,0,0,243.09148693394926
9,37,1,0,0,5,248.13378640747987
9,39,0,0,0,6,233.99142387853462
9,40,1,0,0,4,246.0727872616379
9,42,0,0,1,1,243.68289870369097
9,45,1,0,0,4,244.11569211941998
9,49,0,0,0,4,227.231255132777
9,51,1,0,0,6,246.6286127758093
9,52,0,0,0,0,225.46578851584763
9,53,0,0,0,3,230.5727934975651
9,54,0,1,0,3,243.7818501970333
9,55,0,0,1,6,238.4460392738239
9,57,1,0,0,4,244.71958502676424
9,58,1,0,0,1,242.01263179461677
9,59,1,0,0,5,249.01470722260464
9,1,0,0,0,1,230.2866229566255
9,4,0,0,0,2,236.1137417732957
9,8,0,1,0,2,249.41937105234345
9,9,0,0,0,5,237.77622522570476
9,10,1,0,0,5,244.037349917848
9,12,0,0,0,5,237.0681966412103
9,15,0,0,0,6,237.62168307074683
9,16,0,0,0,1,232.53734804935294
9,18,0,1,1,1,259.7788534992766
9,20,0,1,0,3,248.51646450206457
9,26,0,0,0,6,234.25863060800245
9,29,1,0,0,4,245.94291357558558
9,30,0,0,0,5,238.35340763257983
9,32,0,0,0,0,229.06590284437164
9,35,1,0,0,4,245.7064226403408
9,39,1,0,0,6,254.75106173806356
9,45,1,1,0,6,269.69844307578654
9,49,0,0,0,0,223.93816181268852
9,50,0,0,0,2,229.971298202485
9,51,0,0,0,2,233.8491150526725
9,53,0,0,0,0,223.54076305661096
9,55,0,0,0,1,224.7616133508229
9,59,1,1,0,4,257.2720080749274
9,1,0,1,0,4,245.84184557141714
9,2,0,1,0,3,243.8257109776656
9,5,0,1,0,6,249.4866886086799
9,7,1,1,0,5,260.3493975701262
9,9,1,1,0,7,276.0562484341286
9,10,0,0,0,4,237.57685387278036
9,12,0,0,0,6,237.4316227027133
9,13,1,0,0,4,244.86008188218608
9,14,0,0,0,3,235.36105142432407
9,18,1,0,0,6,242.9309962083882
9,19,0,1,0,7,264.2880389471969
9,20,0,1,0,6,252.11806542507426
9,23,0,0,1,2,242.5961832821041
9,24,0,0,1,0,244.46480838224326
9,25,0,0,1,0,242.7214112822362
9,26,0,0,1,0,243.23308364067438
9,27,0,0,1,4,243.46833241859133
9,28,0,0,1,0,241.31421932812154
9,30,0,0,1,2,243.63438723038317
9,31,0,0,1,6,242.43435593164492
9,32,1,1,1,0,273.6268605847832
9,33,1,1,1,1,273.78794783550427
9,34,1,1,0,7,275.36268279672936
9,35,1,0,0,0,241.65496679160603
9,36,1,0,0,6,241.80090882319837
9,38,0,0,0,0,227.35835258401494
9,43,0,0,0,1,231.11538997968023
9,44,0,0,0,6,234.30840823553822
9,48,0,0,0,5,235.66418757828546
9,49,1,0,0,3,243.41204555622076
9,50,1,0,0,3,240.86869719241528
9,56,0,0,0,1,232.07841244905435
9,57,0,0,1,0,242.81695454508537
9,59,1,0,1,2,260.85696048073106
9,0,1,1,1,5,275.357463058586
9,4,0,1,0,6,249.98541811470233
9,7,1,1,0,1,259.4774034162483
9,8,1,1,1,3,274.7182507245566
9,9,1,0,1,4,260.7569868120371
9,10,0,0,1,2,249.33139129263287
9,11,0,0,1,7,265.6499900683387
9,13,0,1,0,0,244.2510346544341
9,14,0,1,0,7,260.6994175685878
9,17,0,0,1,0,244.47911640523074
9,18,0,0,1,4,247.18145769691137
9,19,1,0,1,5,261.3371359587196
9,23,0,1,0,3,249.0893151623177
9,24,0,1,0,3,249.80878564243613
9,25,0,0,1,3,243.06750786392368
9,28,0,1,1,6,258.8001467388491
9,29,1,0,1,0,254.77061715147633
9,30,1,0,1,6,257.77492086519885
9,31,1,0,1,2,258.4797374666338
9,32,1,0,1,3,260.5486565231605
9,34,0,0,0,3,232.15246847039285
9,35,0,1,0,2,248.00520740483597
9,37,0,1,0,1,240.91226096941628
9,38,0,1,1,5,256.01050144444235
9,39,0,1,1,0,257.4971256023919
9,40,0,1,1,4,259.3297956607069
9,41,1,1,1,6,273.50263728411005
9,42,0,1,1,5,260.15238685602304
9,43,0,1,0,2,245.69852829274376
9,44,0,0,0,2,231.53413913423708
9,45,0,0,0,3,233.4465183997444
9,47,0,0,0,3,231.69370391741498
9,52,0,1,0,2,243.21181104766592
9,53,0,1,0,7,258.20487811096535
9,56,0,1,0,4,250.3678626438319
9,58,1,1,0,0,256.03822469765566
9,0,0,1,0,5,245.85466706101423
9,5,1,1,0,0,259.9529572097083
9,6,1,1,0,2,261.48201598414533
9,7,1,1,0,3,261.7044063483819
9,8,1,1,0,7,280.33793620974313
9,9,0,0,1,5,247.713215751079
9,10,0,0,1,5,250.8578367400753
9,12,0,0,0,0,230.94504142903327
9,14,0,0,0,2,233.87060365920289
9,15,0,1,0,3,249.50274342707917
9,18,1,1,0,0,257.2979390823715
9,19,1,1,0,2,262.2111227201076
9,20,1,0,0,1,242.75377485605085
9,24,0,0,0,3,235.80371977365553
9,25,0,0,0,0,228.76364020989072
9,27,0,0,1,6,245.28620859116924
9,28,0,0,1,6,247.04511061554865
9,29,0,1,1,4,258.88236374959575
9,30,0,1,1,7,276.32636878567655
9,31,1,1,0,2,259.1546924344368
9,32,1,0,0,7,262.33177142685827
9,33,1,0,1,5,259.5312073622708
9,34,0,0,1,2,241.45349806591628
9,35,0,1,1,3,260.35971203090037
9,36,0,0,0,7,248.96002558651577
9,37,1,1,0,5,255.29264743170023
9,38,1,1,0,7,278.1506708552175
9,39,1,0,0,4,243.64619513169836
9,40,0,0,0,5,233.53649260192716
9,41,1,0,0,3,246.50606902424977
9,42,1,1,0,3,270.1505334182704
9,43,1,0,0,6,251.1479535263736
9,44,0,0,0,5,230.26633603072582
9,45,1,0,1,6,257.81594988978236
9,46,1,1,1,0,269.34037007142086
9,47,1,1,1,3,271.3349377999102
9,48,1,0,0,3,246.00612853971424
9,53,0,0,0,1,230.98786316714907
9,54,0,0,0,4,232.10055984347312
9,55,0,0,0,4,232.3923509678539
9,56,0,0,0,3,229.97460058156105
9,57,0,0,0,6,242.50388608641802
9,59,0,1,0,0,243.76061826180558
9,0,0,1,0,4,246.59638913314802
9,3,0,0,0,7,245.5707144287792
9,4,0,0,1,6,254.7874773433612
9,5,1,0,1,5,263.0367246141407
9,6,1,0,0,3,251.37809862318025
9,7,1,0,0,3,247.0798798235959
9,8,1,1,0,4,261.5427190338351
9,10,0,1,0,4,249.58099571921517
9,11,1,1,0,6,263.52974820142396
9,17,1,0,0,2,245.8112593231411
9,18,1,0,0,1,243.2421496950732
9,19,1,0,0,3,245.8945220232976
9,21,0,1,0,0,242.94041435781256
9,22,0,1,0,7,264.70464353961785
9,23,0,0,0,2,230.15846639165338
9,24,0,1,0,0,243.17274129723035
9,29,0,1,0,5,245.45396753861172
9,31,0,1,0,3,248.77158068619886
9,32,0,0,1,2,242.94696112492073
9,33,0,0,1,7,259.8208435950455
9,36,0,1,0,5,244.8433127638092
9,37,0,1,1,5,257.60094816885953
9,38,1,1,0,1,257.0665759529253
9,39,1,1,0,2,260.34884716621946
9,40,1,0,0,6,250.99931306258034
9,41,0,0,0,6,236.57348931668872
9,42,0,0,0,1,230.6358793706008
9,47,0,1,0,1,241.20486533217465
9,48,0,1,1,2,258.1710231442332
9,49,0,0,1,6,243.18175369479465
9,50,1,1,1,2,269.81522387319285
9,51,1,0,1,4,253.90305558998728
9,53,0,0,1,1,241.52281481923583
9,54,0,0,0,2,228.18366136440108
9,57,0,1,0,1,244.0319989070266
9,0,0,1,1,2,261.67423632676685
9,1,0,1,1,2,258.1467780616012
9,2,0,1,1,1,257.64337773228044
9,3,0,1,0,0,244.46794332554174
9,4,0,1,0,5,251.06155777798395
9,5,0,1,0,5,250.26214243904687
9,8,0,1,0,3,254.39413714528854
9,11,1,1,0,0,259.2757503781278
9,12,1,1,0,6,260.28682683910847
9,13,0,0,0,3,233.0871953656752
9,18,0,0,0,2,237.0780201423273
9,19,0,0,0,5,234.07974387066923
9,20,1,0,1,1,262.83319026393144
9,21,1,0,1,6,257.52729028775
9,22,0,1,1,5,259.4100188227229
9,23,0,1,0,2,245.86193854992953
9,26,1,0,0,5,245.50058770199735
9,30,0,0,0,4,233.30433267181076
9,31,1,0,0,0,243.2946867360569
9,32,1,0,0,0,244.27256536833525
9,33,1,0,0,7,260.6212684872863
9,34,0,0,0,4,228.88039540408613
9,35,1,0,0,2,242.7383592412573
9,39,0,0,0,4,230.42851676741287
9,41,1,1,0,4,258.0101830527978
9,42,1,1,0,1,257.87215916525975
9,43,1,1,0,4,261.3888867587587
9,44,0,1,0,2,246.59907439699091
9,50,1,0,0,2,242.9053256572755
9,51,1,0,0,3,242.17042454936234
9,52,1,0,0,7,257.27100982319814
9,56,0,0,0,5,232.1935114992618
9,59,1,0,0,3,244.01452425446448
9,1,0,0,0,3,236.26288100965846
9,4,1,0,0,5,243.47869380552558
9,6,1,0,1,5,263.6862528066225
9,7,0,0,0,0,231.6719739487113
9,8,0,0,0,2,231.51167635164893
9,13,0,1,1,1,262.7758437048478
9,17,0,1,0,3,253.95277760789565
9,18,0,0,1,1,250.24026488689512
9,21,0,0,0,0,227.69852760064543
9,24,0,0,1,3,247.10495433302083
9,26,0,0,1,3,244.92425267405005
9,32,0,1,0,5,245.2887288898255
9,34,1,1,1,0,272.6824302921965
9,35,1,1,1,2,277.24738732334544
9,37,1,1,0,4,257.50170857653
9,38,0,1,0,6,244.07351512732833
9,40,1,0,1,6,261.83901631302837
9,41,0,1,1,5,268.4260711389696
9,42,0,1,0,1,242.35531331874625
9,44,1,1,0,6,261.3655465200576
9,45,1,1,0,0,255.77043623614742
9,46,1,1,0,1,253.2007587586265
9,48,1,1,0,6,259.6034039036622
9,51,0,0,0,4,231.59033875831452
9,53,1,0,0,5,240.30536761742584
9,58,0,0,1,7,248.50767170235412
9,0,1,0,0,3,244.58413801209682
9,3,1,0,0,1,247.1610119368674
9,4,1,0,0,2,246.86409757642957
9,7,0,0,0,3,236.3624900340548
9,11,0,0,1,4,247.08237941891096
9,12,1,0,1,1,261.7137893228373
9,13,1,0,1,1,262.00702332900295
9,14,1,0,0,3,252.0527923549799
9,15,1,0,0,2,247.11336783226272
9,16,1,1,0,2,260.09560762100256
9,20,0,0,0,7,247.32952439776642
9,27,0,1,0,4,245.47117387311894
9,28,0,1,0,5,244.15064733779303
9,29,0,1,1,1,256.69298999825196
9,31,1,1,0,7,259.666765219065
9,32,0,0,1,7,244.0389502869988
9,33,0,0,0,5,231.6615400957061
9,35,0,0,1,1,243.45207475134168
9,36,0,0,0,3,238.1073850839286
9,37,0,0,1,1,241.9651363665328
9,39,0,0,0,5,231.09806100760764
9,42,0,0,0,3,234.38123649574567
9,45,0,0,0,0,229.42783113747933
9,47,0,0,0,2,232.43169963193242
9,49,0,0,0,1,229.09579408907817
9,53,0,1,1,1,255.6096047664847
9,55,0,0,0,6,234.55941838378126
9,56,1,1,0,6,263.35875347364527
9,59,0,0,0,3,237.01094427718294
9,1,0,1,0,3,251.1717026704366
9,6,1,1,0,0,260.4271264040887
9,7,1,1,0,2,262.25053681938164
9,8,1,0,0,2,250.63338485303981
9,9,1,0,0,4,245.4986950493368
9,10,1,0,0,4,248.86154402361157
9,11,0,0,0,5,232.39932265899313
9,12,1,0,0,1,242.85907009325717
9,13,1,0,1,4,259.8433113273347
9,14,0,0,1,2,243.97930427143476
9,15,0,0,1,6,243.43543054334683
9,16,1,1,1,2,280.20000642389095
9,17,1,0,1,1,257.8663372606211
9,20,0,0,1,0,242.68349978016067
9,21,0,0,1,5,242.40154893812144
9,25,0,0,0,4,235.52528026290068
9,26,0,0,0,2,232.24412360110384
9,31,1,1,1,3,282.8579311276847
9,32,1,1,0,5,261.35746177081455
9,33,0,1,1,4,255.8457869206129
9,34,1,1,1,6,271.4844944250659
9,35,1,0,1,2,259.1588748212972
9,36,1,0,1,5,258.5489769484434
9,38,1,0,0,7,258.39410671151643
9,45,0,0,0,1,228.96481584569193
9,48,0,1,0,1,246.42060848757234
9,49,0,1,0,2,241.3666032911892
9,52,0,1,0,5,245.15146416775568
9,54,0,1,0,4,245.69334574299444
9,55,0,1,0,3,246.62370985751662
9,56,0,1,0,6,247.6947020445527
9,57,0,0,0,4,231.64234877234742
9,58,1,0,0,3,245.2253470322565
9,59,1,0,0,2,243.75032791107074
9,0,1,1,0,5,260.705751711228
9,1,1,1,1,5,283.0805075523269
9,2,0,1,1,3,258.6741354455403
9,5,0,0,0,7,245.68934419312959
9,6,1,0,0,2,244.98347469931048
9,7,1,1,0,4,258.46483350419453
9,9,0,1,0,2,247.88115021528031
9,12,0,1,0,7,259.97003805874283
9,13,0,0,1,3,253.72913222323484
9,14,0,1,0,0,241.96381807358708
9,16,1,1,0,7,258.0868823684874
9,17,1,1,0,4,263.5228014318442
9,18,1,1,0,7,278.9799625390908
9,21,1,0,1,7,274.36697542130474
9,22,0,1,0,0,240.21560734645425
9,24,0,1,0,2,249.34181221713024
9,25,0,1,0,5,247.59827749324788
9,27,1,1,0,4,261.06440871449183
9,29,0,1,0,7,256.5054549974398
9,36,0,1,0,6,247.31976502223037
9,37,1,0,0,3,249.71132846679197
9,38,1,0,0,6,245.50146370868885
9,39,0,1,0,4,251.1718602341972
9,40,0,1,0,7,267.29356987996334
9,41,1,1,0,5,258.4566681040036
9,42,0,1,1,4,260.05269525992946
9,44,1,1,0,7,272.0066944242619
9,46,1,1,0,5,257.4217566989217
9,47,0,1,0,3,245.1407150758662
9,48,0,1,0,4,244.89719862168386
9,49,0,1,0,3,243.76482910397624
9,50,0,1,0,4,242.73667142229033
9,53,1,1,0,7,267.556885303889
9,55,0,1,0,7,257.7041312577935
9,58,0,1,1,4,259.45045942264574
9,59,0,1,1,0,257.5571488825332
9,7,0,1,0,5,247.74653579581442
9,10,0,1,1,1,259.86198718152264
9,11,0,1,1,4,259.317155401433
9,12,0,1,1,4,264.6577343844411
9,13,1,1,1,6,277.462831812329
9,14,0,0,1,6,242.0489411857067
9,15,0,0,1,1,244.78198647874953
9,18,0,1,0,6,248.91715087130746
9,19,1,1,0,0,258.0392020644481
9,20,1,1,0,0,256.93310955436016
9,21,1,1,0,1,257.7278018179399
9,22,1,1,0,1,257.4452848970672
9,23,1,1,1,6,287.03218878758196
9,24,0,1,1,0,255.61281606909378
9,25,0,1,1,1,259.3197181136852
9,30,0,1,0,2,244.6831814857632
9,31,0,0,0,5,235.8686562896468
9,35,0,1,0,0,239.47851226524256
9,38,1,1,0,3,261.39423140766644
9,39,1,1,0,3,271.2275922228402
9,40,1,0,0,7,256.37108048630165
9,41,1,1,0,0,257.33982508750023
9,42,1,1,0,5,262.9388801738161
9,46,1,1,0,0,253.32691571058018
9,47,1,1,0,1,256.7619180528648
9,50,1,0,0,1,244.9763118413817
9,52,1,0,0,1,241.6598976078149
9,53,1,0,0,7,255.72790758733532
9,58,0,0,0,1,229.25864599792337
9,59,0,0,0,0,227.7224600146052
9,1,1,0,0,4,246.01969702527748
9,2,0,0,0,7,247.7796119044541
9,5,1,1,0,2,258.89702816979155
9,6,1,0,0,4,246.1338466863273
9,8,1,0,1,7,263.2933610323459
9,9,0,0,1,0,247.45460286143384
9,10,0,0,1,3,250.1242351403665
9,11,0,1,0,7,249.2479674445158
9,12,0,1,0,3,251.20269905709665
9,15,0,1,1,4,258.68389540220755
9,16,0,1,1,4,258.6725087214827
9,17,1,1,1,2,277.7021088858612
9,18,1,0,1,6,259.7277938485413
9,20,0,0,1,5,246.01010806250804
9,22,0,0,0,2,232.4079163992466
9,28,0,0,1,4,243.16748318096774
9,29,0,0,1,1,244.6001287818639
9,35,1,0,0,6,246.09485255458603
9,37,0,0,0,1,229.4350957620169
9,38,0,0,1,5,240.46923850495915
9,39,1,0,0,3,246.32102114940787
9,40,1,1,0,4,261.6852465828405
9,41,0,1,0,6,247.40063990484663
9,43,0,0,0,6,234.47928163135825
9,44,0,0,0,7,247.7337295043041
9,45,0,0,1,4,242.81236925332567
9,46,1,0,1,0,258.77460006265807
9,47,1,0,1,0,255.8376498820921
9,48,1,0,1,3,261.2752422708671
9,54,0,0,1,6,248.15900154436716
9,55,1,1,1,7,275.7827613012653
9,59,0,1,1,2,261.99740880192496
9,0,0,0,1,5,247.60581682659858
9,3,1,0,0,0,243.59624586482772
9,5,0,0,0,5,235.18495335574548
9,10,0,1,0,1,243.36257891263793
9,12,1,0,0,0,242.78598992978715
9,21,1,0,0,1,239.04796952575043
9,22,1,0,0,2,242.80130208803578
9,28,0,0,0,6,236.8866279207227
9,37,0,1,0,3,245.2282503628967
9,40,0,0,0,1,228.74667047714541
9,44,1,0,0,1,243.07402558396055
9,45,1,0,0,7,260.32158355498825
9,46,0,1,1,0,254.9374108699834
9,48,0,1,1,5,261.5180829649662
9,49,0,1,1,6,259.80625616381826
9,50,0,1,1,0,255.2193720667235
9,51,0,1,1,0,254.21365011688061
9,52,0,1,1,6,255.4181338124465
9,55,0,1,0,6,247.64848017307736
9,56,0,1,0,2,245.99044053126647
9,57,0,1,0,7,260.4713354877748
9,58,0,0,1,2,244.1331413521227
9,59,0,0,1,3,243.94399745709333
9,0,0,0,0,0,228.88056599519572
9,2,0,0,0,0,231.0525778642245
9,5,0,0,0,0,229.83797899061554
9,7,1,0,0,7,257.0551189017275
9,9,1,0,0,5,252.4289898478051
9,11,0,0,0,3,234.92858520349898
9,12,0,0,1,1,249.86306433101336
9,13,0,0,0,4,232.42985215773078
9,14,1,0,0,2,246.3815725184841
9,15,1,1,0,5,267.87015060575123
9,18,1,1,0,6,260.12176603015257
9,21,0,1,1,1,260.289183866863
9,25,0,0,1,1,243.5902738815303
9,33,1,1,0,2,258.31554604720884
9,34,1,1,0,1,260.58857151918227
9,35,1,1,0,1,259.19211137058994
9,36,1,1,0,2,258.9376353153788
9,38,1,0,0,0,240.29941212797183
9,41,1,1,0,7,273.37572957601003
9,46,0,0,0,1,227.99383472241146
9,48,0,0,0,3,234.66648212974604
9,49,0,0,1,7,259.52844537919054
9,51,0,0,1,2,241.77125421830777
9,52,0,1,1,0,254.38094134444245
9,54,0,1,1,4,256.9434715846121
9,55,0,1,1,6,263.77997687021735
9,56,1,1,1,7,282.65572786077536
9,57,1,0,0,6,247.53956146015852
9,58,1,0,0,5,248.40671436059128
9,1,0,0,0,6,239.00657209211974
9,2,1,0,0,1,245.55177060621966
9,12,1,0,0,5,249.4273351666801
9,13,0,0,0,7,245.56051848716254
9,15,0,0,0,5,237.4273292462973
9,16,0,0,0,4,235.25130861746908
9,17,1,0,0,6,249.2507010787972
9,19,0,1,0,6,253.3197077082514
9,23,0,0,1,1,243.7564256848809
9,32,0,1,1,6,258.86784321242544
9,33,0,0,1,4,249.069152132604
9,34,1,0,1,1,258.499852970384
9,35,1,0,0,7,256.91585445279446
9,36,1,1,0,4,260.3975464271988
9,40,1,0,0,2,247.36221788790985
9,41,1,0,0,0,242.2172893551442
9,42,1,0,0,7,258.58763202390304
9,43,0,1,0,0,242.64366572954683
9,44,0,1,0,5,244.51814924233673
9,47,0,1,0,6,245.41099998185726
9,48,0,1,0,5,244.67589344350284
9,49,1,1,1,7,270.7439424006541
9,50,1,0,0,5,243.14238819887805
9,51,0,0,1,1,240.7494150894339
9,52,0,0,0,1,226.00947602361006
9,56,0,0,0,7,233.15786028598836
9,0,0,1,0,0,244.43115971191017
9,8,0,0,0,7,244.65900383814733
9,9,1,1,0,0,258.7213031630469
9,10,1,1,0,1,262.0932267844773
9,11,1,1,0,2,260.8389804517726
9,21,0,0,0,4,230.65476213822416
9,25,0,1,0,2,248.66488513572037
9,26,0,1,0,4,249.4191595045597
9,28,0,1,0,2,249.9941753964523
9,32,1,1,0,6,260.21688263917633
9,38,1,0,1,6,260.7204559281902
9,39,0,0,1,2,244.63931768630619
9,40,0,1,1,7,277.26896109182434
9,45,1,0,0,2,247.3807166981256
9,46,1,0,0,0,238.9919795463997
9,47,1,0,0,0,240.04846098958265
9,48,1,0,0,2,238.98890027196356
9,54,1,1,0,3,255.48397582708841
9,56,0,0,0,2,230.45874219776482
9,58,0,0,0,0,230.42781144957848
9,59,0,0,0,1,232.5452219165397
9,0,0,0,0,5,234.1050635130106
9,1,0,0,1,0,241.36566250211058
9,2,0,0,1,1,240.77878565949078
9,4,0,0,0,6,236.53577266205482
9,9,0,1,0,5,248.7773625113748
9,18,1,0,0,0,243.51502655813647
9,20,1,1,0,3,258.45393907942366
9,22,1,0,1,6,258.7475618115606
9,23,0,0,1,0,242.4136785128555
9,24,0,0,1,2,242.57812899185222
9,25,0,0,1,4,242.5162845529013
9,26,0,0,1,7,257.8385241772746
9,27,1,0,0,2,243.12551629303627
9,31,0,0,0,6,232.7354019742365
9,32,0,1,0,2,243.77733645219536
9,33,0,0,0,6,237.42010331080908
9,42,1,0,0,4,246.9100069059813
9,46,1,0,0,1,241.65959297393405
9,47,1,0,0,7,244.6163572998387
9,48,0,0,0,6,236.13078801639466
9,49,1,0,0,1,242.7221979321378
9,51,1,0,0,7,255.73218557058723
9,54,0,0,1,0,239.73027269812937
9,56,0,1,1,4,260.97526250423977
9,57,0,1,1,7,271.3843453451466
9,59,1,1,0,1,257.73128965481243
9,1,1,1,0,7,277.6323175282892
9,4,0,0,1,0,246.7516164173926
9,5,0,0,1,5,248.21924514979037
9,6,0,0,0,5,234.31593466393988
9,9,0,1,1,6,265.9602515408321
9,10,0,0,1,7,261.4925094215872
9,12,1,0,0,4,245.60518151901044
9,14,0,0,0,6,238.2066413924053
9,15,1,0,0,5,252.8200026731344
9,17,0,0,0,1,235.4169306946216
9,21,0,1,0,5,250.94370623692276
9,22,1,1,0,3,262.1011696968289
9,29,0,0,0,5,232.55736299226072
9,30,1,0,0,5,243.3611080240467
9,31,1,0,0,3,258.00395149957296
9,33,1,1,1,0,268.75536348589037
9,34,1,1,1,5,274.88746844488463
9,39,0,1,0,7,260.968880471527
9,40,1,1,0,1,258.86910192178635
9,41,1,1,1,0,273.3159474725683
9,42,1,1,1,7,292.07520070166055
9,46,0,0,0,0,228.3171166874337
9,54,1,0,1,1,255.86375826311803
9,55,1,0,0,6,243.91000375270028
9,0,0,0,0,2,232.14180687823483
9,3,0,1,0,1,245.91340626140465
9,4,0,1,0,2,249.95069701973972
9,10,1,0,0,6,246.2870091186836
9,15,0,0,1,2,243.87349125278192
9,17,0,0,1,6,247.82225873587208
9,18,1,1,1,0,271.10890783973406
9,19,1,1,1,2,272.56087843114193
9,20,1,1,1,0,271.8367959620097
9,21,1,1,1,7,289.2615049567241
9,22,0,0,1,4,244.27055363804698
9,23,1,0,1,5,257.83796490372913
9,28,0,1,1,5,259.40130213579073
9,29,0,1,0,0,241.74642251315595
9,31,0,1,0,6,252.16212892149332
9,32,0,1,0,6,247.01990814625162
9,33,1,1,0,5,263.9729155984635
9,34,0,1,1,1,256.7504136454974
9,35,0,1,0,3,247.3795321837703
9,36,0,1,0,3,245.36465922592345
9,39,0,1,0,2,246.85976600507723
9,40,0,1,0,4,247.18987238379256
9,44,0,1,0,4,243.8190980928793
9,45,1,1,0,1,257.30338597236687
9,46,1,1,0,4,254.87436920313854
9,47,1,1,0,0,255.00756327806346
9,48,1,1,0,1,257.0549526010779
9,49,1,1,0,4,254.99149346423718
9,50,0,1,0,0,239.05864380390256
9,51,0,1,0,5,240.4590641437249
9,52,1,1,0,1,253.64966899543694
9,53,1,1,1,2,272.55464875737755
9,54,1,1,1,7,281.5974631631686
9,57,0,0,0,0,229.66577706321902
9,59,0,0,0,2,233.5048168391765
9,1,1,1,0,0,256.971123894943
9,2,1,1,0,5,263.8519200403616
9,3,1,1,0,7,276.1382756257958
9,4,0,0,1,1,245.42732811708282
9,6,0,0,0,4,235.58575736524978
9,8,1,0,0,4,245.65202987858873
9,9,0,0,0,3,235.93783025735456
9,10,0,0,0,0,232.05337691203175
9,14,1,1,0,6,264.2322458992455
9,17,0,1,0,7,264.76402964425876
9,19,1,1,0,6,266.53322217865457
9,20,1,1,0,1,259.2369131907047
9,22,0,1,0,4,243.91644254664374
9,23,1,1,0,2,258.1984757862472
9,24,1,0,0,7,255.58763794228528
9,25,1,1,0,0,256.08797850324316
9,26,1,1,0,4,262.73632561499153
9,31,1,0,1,1,258.7049944099191
9,32,1,0,0,2,245.83083779981897
9,36,1,1,0,6,263.7278541807837
9,38,0,1,0,2,246.69817094472052
9,39,0,1,0,1,245.5110644646016
9,40,0,1,0,5,246.35182659979876
9,41,0,1,0,4,246.76224206880863
9,42,1,1,0,6,257.4007292957889
9,46,1,1,0,2,255.35048752104302
9,47,1,1,0,5,257.42114720551797
9,48,1,1,1,3,273.08638205681757
9,49,1,0,1,2,255.4051076010712
9,50,1,0,1,5,255.20690994085984
9,51,1,0,0,2,239.48374653573174
9,52,1,1,0,6,257.4831857516757
9,57,0,1,0,3,249.02361380241442
9,2,0,0,0,3,231.7577969636245
9,6,0,0,1,2,247.99231870724154
9,7,0,0,1,0,246.44789807351836
9,8,0,0,1,6,248.42070245277213
9,9,0,0,1,1,247.02169710356162
9,13,0,0,0,5,234.32624236547727
9,15,1,1,0,3,262.2707939871831
9,16,1,0,0,0,246.21476773065592
9,17,1,0,0,0,244.4864316052517
9,19,1,0,0,6,247.60369633325888
9,22,0,0,1,6,252.98962078051244
9,23,0,1,1,6,271.161582635777
9,24,0,0,1,4,241.01202351394065
9,25,0,0,1,5,245.23543658684548
9,26,1,0,0,4,241.7469578873353
9,28,1,0,0,1,243.64248552782698
9,29,1,0,0,2,245.22752628088088
9,31,1,0,1,6,259.53313057458155
9,33,1,0,1,2,257.7015616397682
9,34,1,1,1,1,271.97122058721476
9,35,1,1,0,6,264.1593581462235
9,37,1,1,0,2,256.15941717092824
9,47,0,0,1,1,243.08637280265796
9,50,0,0,1,2,242.41674959492232
9,51,0,0,1,5,241.61875359804242
9,52,0,0,0,6,231.20724596589577
9,53,1,0,0,4,241.97370887253405
9,54,1,0,0,4,247.905298140035
9,59,0,1,0,7,256.2643092712925
9,0,1,0,1,7,274.81036194047755
9,5,1,0,0,3,248.36731366592798
9,6,1,1,1,1,273.86997151680066
9,13,0,1,0,1,249.78342415577166
9,15,0,0,1,4,243.0475659948699
9,16,0,0,1,5,246.6415352796401
9,17,1,0,0,5,247.86782940556037
9,18,0,0,0,6,239.42911593584074
9,20,0,0,0,2,235.89797664437936
9,22,1,0,0,5,245.18232140039527
9,25,0,0,1,7,260.2827766741894
9,29,0,0,1,5,247.97738048911526
9,30,0,0,0,3,238.3475893304094
9,32,0,0,0,1,229.85034973875216
9,34,0,0,0,0,226.44135096674125
9,35,0,0,0,6,236.703336896683
9,37,0,0,1,6,247.02867353126547
9,39,1,0,1,5,257.14267665315435
9,45,0,1,0,4,245.85367704531706
9,48,1,1,0,7,276.40984775660206
9,51,0,1,0,4,239.97451787330482
9,55,0,0,1,1,238.06079668259648
9,4,0,0,0,4,233.1011355127807
9,9,1,0,0,6,246.38276314212763
9,11,0,1,0,3,257.60322650076904
9,14,1,0,1,4,260.84252829622426
9,15,0,0,1,3,246.89583621291052
9,18,0,1,0,5,250.23207659007446
9,19,0,1,0,5,250.79175785065885
9,20,0,1,0,5,248.15055124806668
9,27,1,0,0,7,264.38883724095496
9,30,0,1,0,7,260.47843025890575
9,31,0,1,1,2,257.6790282114124
9,32,0,0,1,0,242.54902028597107
9,37,0,1,0,7,262.18431976659394
9,42,0,1,1,7,272.1096005589608
9,43,0,1,0,7,248.53258422070644
9,49,0,1,1,4,260.31622786016095
9,50,1,1,1,7,291.4085620870953
9,52,0,0,1,2,240.37804059642372
9,53,0,1,1,6,258.8534661487494
9,54,1,0,1,7,270.3093129632933
9,55,0,1,1,1,259.69017332487795
9,56,0,1,0,5,247.77698473502755
9,58,0,1,0,0,243.7025106677686
9,0,1,0,0,0,242.7558434641444
9,1,1,0,0,2,245.3168095349945
9,5,0,0,0,1,230.43894952295378
9,13,1,0,0,7,260.40162790104097
9,14,0,1,1,6,267.3589095630109
9,16,0,0,1,1,243.084801480037
9,20,0,0,0,1,231.738880159929
9,26,0,1,1,5,259.47051578391705
9,28,1,1,0,1,259.9473160390136
9,29,1,1,0,4,258.94784381244455
9,31,1,1,0,4,255.86383061314214
9,35,0,0,0,2,230.6932912422127
9,37,0,1,1,0,257.5516300243462
9,38,0,1,1,0,255.64302206649313
9,39,0,1,1,3,258.81187109014115
9,43,0,0,0,7,240.7846860620961
9,55,0,1,0,1,243.85061206254042
9,59,0,0,0,4,233.66823981467923
9,2,1,0,0,7,263.44889242756096
9,3,1,0,0,7,260.49815942401096
9,4,0,0,0,1,234.21923389747388
9,6,1,0,0,1,245.26984009044293
9,11,1,0,0,3,249.91270923722945
9,13,1,0,1,7,277.05421885563135
9,14,1,1,1,5,273.3293596484194
9,15,0,1,0,0,241.21592961769892
9,16,0,1,0,7,248.76467130230384
9,19,1,0,1,6,273.96027562480975
9,21,0,1,0,4,245.7039162048948
9,27,0,1,0,3,257.9664220437148
9,30,0,1,0,6,241.22956366379893
9,32,1,0,1,4,259.875545919366
9,33,0,0,1,5,246.1779324051948
9,35,1,0,1,4,259.2787868119408
9,39,0,0,0,0,226.0471346135016
9,52,0,0,0,3,230.27247892127662
9,53,0,1,1,2,257.60904869232263
9,56,0,0,1,3,241.5785519498898
9,57,0,0,0,1,233.162150359323
9,16,0,0,0,3,238.43521297127205
9,17,0,1,0,5,244.92001675974947
9,18,1,1,0,2,258.4905108637514
9,20,1,0,0,2,249.96480477378307
9,26,1,0,0,7,261.5680215700465
9,33,0,1,1,3,255.9601946428768
9,42,1,1,0,7,258.3969979895133
9,46,0,1,0,2,245.55442436560045
9,51,0,0,1,7,253.14832978593168
9,52,1,1,1,6,279.12227504847704
9,53,1,0,1,6,254.1346170486669
9,54,1,0,1,5,259.938644448412
9,57,1,1,1,1,274.62193671938303
9,58,1,1,0,1,257.17847681915316
9,1,1,0,0,0,244.68053812669558
9,2,1,0,0,0,244.4662776900574
9,6,0,1,0,1,248.6760241305603
9,8,1,1,0,1,261.0632510905438
9,9,1,1,0,6,260.7748863064465
9,15,0,1,0,1,240.24377638804953
9,16,0,1,1,2,260.3633102378642
9,18,0,0,1,3,248.68180419154362
9,19,0,1,1,1,258.73064588999523
9,20,0,1,0,1,243.90100036970563
9,24,0,0,1,1,243.05897363603484
9,26,1,0,0,1,247.91294996797168
9,27,1,0,0,5,247.9812520894105
9,30,1,0,0,4,243.77093353700104
9,33,1,1,0,6,258.50965225830197
9,35,1,0,0,1,244.4453571237817
9,38,1,0,0,4,243.0544103648023
9,42,0,1,1,0,257.80081984690423
9,43,0,1,1,3,258.97579457938275
9,45,0,1,0,1,242.68994348896337
9,46,0,1,1,4,256.4097279523349
9,47,1,1,1,6,272.0379080277652
9,49,0,1,0,0,240.41145194192168
9,51,0,1,0,3,246.57353738858885
9,54,0,0,1,3,245.3349139336767
9,1,0,1,0,7,263.5170038209044
9,2,1,1,0,6,259.42344138551175
9,3,1,0,0,5,251.09034142337242
9,11,0,0,0,7,244.2659857504684
9,12,1,1,0,0,258.30745271742853
9,13,1,1,0,1,260.7124836802171
9,14,1,1,0,3,261.4266624934774
9,16,0,1,0,0,241.59180592671993
9,17,0,1,0,1,247.07171176447216
9,18,0,1,1,5,260.74985811931856
9,20,1,1,0,4,257.9995777139205
9,25,0,0,1,6,247.18484108338134
9,27,0,0,1,1,243.63440307675063
9,34,1,0,0,4,242.9274202023582
9,35,0,0,0,7,244.7896959028007
9,40,0,0,1,7,257.8194714317108
9,41,1,0,1,0,259.17666448968976
9,43,1,0,1,1,260.373027411571
9,44,1,0,0,4,243.79683795580672
9,45,1,0,0,1,243.5346009062081
9,48,0,1,0,6,246.18311940574384
9,49,1,0,0,7,255.55502606227938
9,54,1,0,0,0,239.8413351207883
9,55,1,0,0,1,242.69877223846908
9,56,1,0,1,6,261.62294146226884
9,57,0,1,1,3,260.60076531497884
9,58,0,1,1,7,278.10125522177066
9,59,1,1,0,6,261.61629467465843
9,0,1,0,0,2,244.73996787062995
9,2,1,0,0,3,246.88100433998662
9,3,1,0,0,2,248.08506774478934
9,6,0,1,1,3,261.8778024730178
9,12,0,1,0,2,243.9378721957021
9,15,1,1,1,5,284.1863990559066
9,17,1,1,0,5,260.757292004209
9,18,0,1,0,7,261.7477513582632
9,23,0,0,1,6,245.02584484863638
9,26,1,1,1,6,271.7565786091403
9,27,0,0,1,3,243.39023329605334
9,29,0,0,0,3,237.6111843798914
9,30,0,1,0,0,244.17249913831165
9,38,0,0,0,6,233.75576070550227
9,47,1,0,0,1,240.69800507602557
9,55,0,0,0,0,225.38301402918515
9,57,1,0,0,5,247.99839835862076
9,58,1,0,0,7,246.51268222425665
9,6,0,0,1,6,247.25066357184173
9,7,1,1,1,5,279.0314991003123
9,12,0,1,0,1,246.6523499747208
9,14,0,1,0,2,248.94225809904182
9,15,0,0,0,4,230.9002916003379
9,20,0,0,1,4,244.4024044463722
9,22,1,1,1,1,275.5892227596906
9,23,1,1,0,3,258.75175458468277
9,24,1,0,0,1,245.69139221966665
9,29,0,0,0,1,229.67428938272423
9,31,0,0,1,2,240.4572740473835
9,32,0,0,1,6,255.93225734269234
9,34,1,0,1,7,272.64220014454924
9,35,1,0,0,5,248.92310559819825
9,37,0,0,1,3,245.9289752000578
9,38,0,1,0,5,240.3580935106573
9,39,0,1,0,0,242.19411606677235
9,41,0,1,0,1,245.66119921198606
9,42,0,1,0,6,250.24198662045492
9,43,1,0,0,1,242.26145861008993
9,44,1,0,0,0,243.15404724834102
9,45,1,0,0,3,242.7438292096935
9,51,1,1,0,2,257.17819155627694
9,52,1,0,0,5,241.42902457250656
9,57,1,1,0,5,261.26185895931684
9,2,0,1,0,5,247.217976120625
9,7,0,1,1,2,262.20021973280564
9,8,0,0,1,4,246.1266459300724
9,10,1,0,1,0,258.7774442314398
9,11,1,0,1,7,275.58359016868275
9,12,0,1,0,5,245.11839966439445
9,14,0,1,0,4,247.42780946661898
9,16,0,1,0,5,244.77136303472773
9,20,1,1,0,6,258.0174315786727
9,25,0,1,1,0,258.9283962363561
9,26,0,1,1,4,258.32987416760574
9,27,0,1,1,4,260.0063024683856
9,28,1,1,1,6,273.9400516019338
9,29,0,1,1,2,260.1430569177441
9,30,0,1,1,4,259.81328465427447
9,31,0,1,1,6,256.43481661882237
9,32,0,1,1,2,258.29958394090863
9,33,0,1,1,5,256.018793834458
9,34,0,1,0,6,246.5131560847228
9,41,1,0,0,5,242.60362959384258
9,43,0,0,1,6,244.30704073952575
9,44,0,1,1,1,256.5753337568179
9,46,0,0,1,5,245.22088534421002
9,47,0,0,0,0,226.07526485931092
9,57,1,1,0,3,261.43063277314616
9,59,1,0,1,4,260.9559511118963
9,1,0,1,0,6,249.9582410850875
9,5,0,1,0,0,247.14942183718827
9,6,0,1,0,6,254.40961388781437
9,8,0,1,0,4,247.35409054934206
9,13,0,0,0,2,235.2813232770339
9,18,1,1,1,4,279.81718868092196
9,21,1,0,0,7,261.8746886544611
9,22,1,1,0,2,259.1801987929497
9,23,1,0,0,4,243.22701761429644
9,32,0,0,1,5,245.7445539198395
9,34,0,0,1,4,246.00411033571802
9,35,0,0,1,4,242.66161439530023
9,36,1,0,1,4,257.1860545843237
9,37,1,0,1,4,259.84974965469655
9,38,1,0,1,3,262.432185216417
9,41,1,0,0,7,260.1489624796883
9,43,1,1,0,3,261.0969204645179
9,45,0,0,1,6,245.10371759101344
9,46,0,1,1,1,256.56181915933615
9,47,0,1,0,4,246.58507589943693
9,50,1,0,0,6,240.82295501922582
9,53,1,0,1,7,255.94394840191143
9,54,1,1,1,1,272.31929025156
9,57,0,0,0,7,235.3902386441893
9,0,0,0,0,3,240.62515488377687
9,1,0,1,0,5,249.8303558688117
9,9,0,0,0,2,232.60360522054148
9,13,1,0,0,5,247.23744728209624
9,14,0,0,1,3,245.33974042647705
9,15,0,1,1,2,258.2468872823714
9,27,0,1,0,5,247.81003864184976
9,28,1,1,0,0,253.28917010510656
9,34,0,0,0,6,231.570503245293
9,36,1,1,0,5,259.99466838590865
9,38,0,1,1,7,270.5926810179575
9,42,0,1,0,2,247.36968770090178
9,44,0,0,0,3,232.4521430108554
9,47,0,0,1,3,245.58595901191575
9,49,0,1,0,1,239.7502955389356
9,50,0,1,0,5,241.72380209987725
9,51,1,1,0,0,252.96100499153926
9,52,1,1,0,7,267.39037763955156
9,6,0,0,1,4,244.17761514212654
9,7,0,0,1,6,247.41486935930251
9,8,0,1,1,7,273.87134558675314
9,16,0,1,0,1,241.4754878153651
9,21,1,1,0,6,261.50513091846756
9,23,1,1,0,0,260.3013170506299
9,26,1,1,0,7,277.49908330615983
9,27,1,1,0,7,274.65142543531476
9,37,0,1,1,7,274.90954133760886
9,41,1,1,0,2,261.4358564247905
9,43,1,1,0,0,260.1298504285749
9,49,1,0,0,5,241.22452182553195
9,54,0,0,0,7,235.51023500343462
9,56,1,1,0,4,261.50114980319444
9,59,0,1,0,2,249.92290523896577
9,3,0,0,1,2,243.76057676705955
9,9,1,1,0,2,258.5838813042823
9,11,1,1,0,5,262.0976669194986
9,12,1,1,1,0,272.5831363417065
9,13,1,1,1,3,276.45983632891415
9,15,1,1,0,2,260.9488413723135
9,18,0,0,0,4,233.62141660130402
9,19,0,0,0,4,235.93387131083006
9,22,1,0,0,7,257.766879983742
9,28,1,0,0,4,243.7263915341415
9,31,1,1,0,0,255.90895878403225
9,37,0,0,0,6,232.48377537526193
9,38,1,0,0,3,244.890178193885
9,39,1,1,1,7,279.806894584126
9,41,0,1,1,3,257.2570322381519
9,47,1,0,0,4,242.7812151955614
9,53,0,0,0,4,227.44689098143454
9,59,1,0,0,0,241.602441500527
9,1,1,0,0,3,250.69929658846635
9,11,0,1,1,0,259.7533638702902
9,12,0,1,1,3,260.9811467352897
9,19,0,0,0,6,237.53499932962774
9,20,1,1,0,5,258.51401738634337
9,21,0,1,1,2,261.09235926261107
9,30,1,1,0,3,264.89630675698453
9,31,1,0,0,7,251.713019301268
9,32,1,0,1,6,258.972061174693
9,33,0,0,1,2,246.8257459946547
9,34,0,1,1,0,255.4756821091976
9,35,0,1,1,1,257.40823515056246
9,37,0,1,0,5,243.1335346545695
9,38,1,1,1,2,270.9241055539929
9,39,1,0,1,1,256.402385155366
9,42,0,0,0,2,231.46249373592065
9,43,0,1,0,6,245.02869339712987
9,44,1,1,0,3,265.5317685097049
9,45,1,1,0,3,259.60689099645657
9,46,1,0,1,3,261.60031824899465
9,53,0,1,0,2,243.95444937753703
9,56,0,0,0,0,227.24391564259702
9,59,0,1,0,3,248.50518434979625
9,9,0,0,0,1,234.75491955698874
9,10,0,0,0,5,240.00993577913948
9,17,0,1,1,7,278.42900247625585
9,18,1,0,1,4,258.13568300358025
9,19,0,0,1,4,244.04335761893697
9,20,0,0,1,6,247.05438094904213
9,21,1,0,1,2,256.6450758612386
9,22,1,0,1,4,257.5969212719611
9,31,0,0,0,3,235.088691782071
9,33,0,0,0,2,234.24667063516932
9,35,0,1,0,1,242.37120318787882
9,36,0,1,0,2,246.2692882487484
9,40,0,0,0,6,230.5607024412161
9,41,0,1,0,7,261.678960780618
9,43,0,0,1,0,241.87489931903983
9,44,0,0,1,7,263.87703241485616
9,47,1,0,1,5,259.78469236307876
9,56,1,0,0,6,249.5411469036456
9,59,0,1,1,3,260.2729198340046
9,2,1,0,0,4,243.20646782927773
9,6,0,0,0,1,232.95299076577373
9,8,1,1,0,5,263.8165113973496
9,9,1,1,0,5,264.31340107427314
9,12,0,1,0,4,245.3352131553443
9,13,0,1,0,2,248.04666405678657
9,25,0,1,1,4,258.1342138598698
9,30,1,1,0,4,258.62901336738156
9,41,1,0,0,1,242.99131886804565
9,43,0,0,1,7,253.0734058887163
9,44,0,1,0,6,245.534762794076
9,49,1,1,0,1,256.7845842727333
9,50,1,1,0,0,257.578933831819
9,51,1,1,0,4,256.2067138714749
9,53,0,1,0,6,248.02498317342156
9,54,0,1,0,0,239.52124773638369
9,56,0,1,0,3,249.427078975835
9,58,0,0,0,7,243.9213104948554
9,59,0,0,0,6,239.95149090676426
9,14,1,0,0,4,246.64397434316388
9,16,1,0,0,7,262.3073744702022
9,17,0,1,1,6,261.44627770787315
9,18,1,0,1,0,257.4003048171665
9,25,0,0,0,7,245.4409121340083
9,26,1,0,0,2,246.81144185920107
9,28,1,0,1,4,257.4541196485321
9,29,0,0,1,7,261.7757804365224
9,35,0,1,0,7,258.30809120328115
9,36,0,0,0,2,233.6826289207566
9,46,0,1,1,5,259.0981061847026
9,49,0,1,0,7,262.0495002123577
9,50,0,0,1,0,240.37870035062502
9,51,0,0,1,0,240.9098881890788
9,52,0,0,1,1,240.2776650942689
9,4,1,0,0,6,250.21157491077437
9,16,1,0,0,3,248.63100146564514
9,21,1,1,1,6,275.8219678965037
9,22,0,1,1,4,258.0552393337415
9,23,0,1,1,2,259.4811787808844
9,24,0,1,1,5,259.1207900567173
9,25,0,1,0,7,260.15186612966664
9,29,1,0,0,3,250.12951004792373
9,32,0,0,0,2,235.3307320950855
9,33,0,0,0,1,225.47047652630602
9,36,1,0,1,6,260.22174739252443
9,37,0,1,1,6,258.06341973546114
9,41,0,0,1,3,247.18188245300064
9,44,1,0,0,6,256.71871576473205
9,45,0,1,0,3,247.67964576807816
9,48,0,1,0,0,241.91791243108352
9,49,0,1,0,5,244.1838880311959
9,57,0,1,0,6,252.01407521852343
9,58,1,1,0,5,258.86289858057035
9,0,0,1,0,7,260.6993320328181
9,2,0,1,0,7,264.0164467191986
9,10,0,1,1,2,260.47649020525733
9,11,0,1,1,1,261.30155473120016
9,15,0,1,0,2,243.617145049146
9,29,1,0,1,2,260.2726306891384
9,30,1,0,1,1,255.6945763179213
9,31,1,0,0,2,244.15954921779445
9,33,1,0,0,3,243.68002107180433
9,35,1,1,0,2,259.63401388139147
9,41,0,0,0,2,231.48408212102885
9,49,1,1,0,3,258.51331907029726
9,50,1,0,1,2,252.8648613000789
9,51,1,1,1,4,272.4614296628597
9,52,0,1,1,7,270.80623770884387
9,56,0,1,0,1,244.1613771347689
9,58,1,1,1,5,277.6302782576925
9,1,0,1,1,6,257.5965981331468
9,2,1,0,1,5,257.05818810267454
9,5,0,1,0,2,249.99001757798453
9,14,1,1,1,6,276.0064723088821
9,15,0,0,1,0,243.92066932542008
9,17,0,1,1,5,262.3638586209023
9,19,0,1,0,0,244.67449347805237
9,29,1,0,0,6,251.23963144729592
9,34,0,1,0,1,243.5828207697992
9,36,0,1,0,0,240.95586158707903
9,42,1,0,0,6,246.06534952367738
9,43,1,0,0,7,262.0512746675803
9,46,0,1,0,4,243.9856319023563
9,47,1,1,0,4,258.6201258768081
9,50,1,0,0,4,243.38754657994735
9,53,1,1,0,4,259.5222575670282
9,54,1,1,0,6,264.4159458992998
9,55,1,0,0,7,259.0861487375826
9,58,0,1,0,6,249.47098678209593
9,59,1,1,0,3,259.47216681913125
9,3,0,0,1,6,244.85796295778692
9,4,1,0,1,1,262.35892111739287
9,5,1,0,0,1,245.4726128795702
9,7,1,0,0,1,246.76271910159832
9,10,1,0,0,1,245.36265467835278
9,11,1,0,0,6,251.33975041238156
9,16,0,1,1,0,260.54703303418995
9,18,0,1,1,0,257.66029062148823
9,20,0,1,1,5,259.37575303561493
9,21,1,1,0,0,256.33933220922097
9,22,1,1,0,0,257.7563434543713
9,24,1,1,0,5,263.9159895878855
9,28,1,0,1,1,258.10837456923366
9,29,1,0,0,1,244.11051522302654
9,32,1,1,1,5,274.9474401313159
9,36,1,1,0,3,261.7422402085091
9,39,1,1,0,5,255.6117268217849
9,40,1,1,0,5,263.3655880514944
9,41,0,1,1,0,256.23128218333216
9,42,0,1,1,2,257.3305810872863
9,43,0,0,1,1,241.73895214881082
9,48,1,0,0,0,239.9592804472266
9,52,1,1,0,5,256.65856622260304
9,54,1,0,1,6,255.51503305043926
9,56,0,0,1,0,241.82061356892956
9,57,0,0,1,5,245.31101713288774
9,3,1,1,0,2,259.28685197666107
9,4,1,0,0,0,243.6509919522023
9,5,1,0,0,6,248.81358139857065
9,7,0,1,1,5,264.4177392889156
9,9,0,1,0,3,253.70845243550517
9,10,0,1,1,6,263.49991669188825
9,11,0,0,1,1,246.32809470986786
9,17,1,1,1,3,274.0063066044568
9,18,1,0,0,3,248.37199555986527
9,19,1,0,1,4,260.12802193187406
9,20,1,0,1,0,257.81699412708883
9,21,1,0,1,1,257.5263991548166
9,22,1,0,0,3,241.4061367671614
9,24,1,1,0,1,258.9690903184805
9,31,0,1,1,7,276.69843572009347
9,32,0,0,0,6,228.7569258160722
9,34,1,1,0,6,258.5984957344243
9,35,1,1,0,3,259.2791005840784
9,36,1,0,0,1,242.3727982197676
9,37,1,0,1,2,260.0527593647215
9,38,1,0,1,0,256.8105024639651
9,48,0,0,1,1,244.27677803342362
9,51,0,1,0,7,254.77546206113556
9,54,0,1,1,2,256.32880831930356
9,59,0,0,1,1,242.35725311143074
9,1,0,0,1,2,246.2340935721516
9,2,0,0,1,0,239.9707159376244
9,3,0,0,1,5,255.04821858158732
9,6,1,0,0,5,246.31329406560204
9,8,0,1,1,3,261.63489450993825
9,11,1,1,0,3,262.554974048088
9,19,0,0,0,7,246.84077673366744
9,24,1,1,0,6,265.673372738528
9,36,0,0,1,2,245.67143628728715
9,37,0,0,1,2,239.6992530412644
9,43,0,0,0,5,232.7772661590581
9,46,1,1,1,5,274.91989288044766
9,54,0,1,1,1,256.07343132104137
9,58,0,0,0,4,235.0851321484151
9,0,0,1,0,3,248.3988095228974
9,7,1,0,1,1,260.8738824378077
9,8,1,0,1,4,261.5789668311828
9,10,0,0,1,0,247.83077535948826
9,16,1,0,0,2,248.4739774110257
9,22,1,0,0,6,244.98761145004073
9,23,0,1,0,7,247.20495334594378
9,25,1,1,0,3,264.00085020406726
9,26,1,1,1,1,270.9257965863291
9,31,0,1,0,0,243.48184491078663
9,35,0,1,0,4,243.49371067336807
9,37,1,1,0,0,257.5618888386192
9,46,1,0,1,4,262.75563951734773
9,50,1,0,1,0,253.17265423298372
9,51,1,0,1,2,252.99622247147303
9,53,1,1,0,6,259.2168550417339
9,55,1,1,0,6,258.9220724482805
9,56,1,1,0,7,272.20702725488195
9,58,1,0,1,1,261.26001019371955
9,5,1,0,0,0,246.01851329183324
9,8,1,0,0,6,252.8498090668582
9,15,1,0,0,1,245.47547807657196
9,22,1,1,0,7,274.74630923956823
9,30,1,0,0,7,258.80051587076764
9,33,1,0,0,2,244.24722780611265
9,43,0,0,0,2,229.00133160477614
9,46,1,1,0,6,259.538205418611
9,54,0,0,0,5,234.17170866261947
9,59,0,1,0,5,247.12675822481762
9,1,1,1,1,3,272.08955798425586
9,6,1,0,1,3,264.14991560052806
9,8,1,1,0,6,266.2220876061023
9,12,1,1,0,1,259.30236038105323
9,13,1,1,0,0,259.05091375758775
9,14,1,1,0,7,273.11732001956256
9,16,0,0,0,7,251.69185495608195
9,21,0,0,1,6,243.26349050610273
9,26,0,1,1,0,259.0442200685311
9,27,0,1,1,0,258.81533041647316
9,28,0,1,1,1,259.7983520094116
9,29,0,1,1,5,257.508444232044
9,32,0,1,0,4,242.3004283073806
9,33,1,1,0,0,257.793214137118
9,34,1,1,0,3,262.6639112747834
9,38,0,1,1,1,256.5784093844027
9,40,0,1,1,5,261.2329893955314
9,44,0,1,0,3,247.2045860512839
9,48,0,0,1,3,244.03405159826178
9,52,0,1,0,4,241.83612584434204
9,54,0,0,0,6,238.48594853040933
9,59,1,1,1,3,272.4471208186183
9,3,1,1,0,5,266.06228457599804
9,4,0,1,0,4,248.05578412990332
9,10,0,1,0,6,251.60514282474634
9,34,0,1,0,0,241.56489771495026
9,35,0,1,0,6,251.82259575981806
9,36,0,0,0,4,235.11941743588267
9,39,1,0,0,0,243.42377161857874
9,43,1,0,1,0,256.3232472018221
9,44,1,0,1,6,261.11534455775063
9,45,0,1,1,1,257.802893246464
9,46,0,1,0,1,242.46416445060896
9,47,0,1,0,7,256.6010338166
9,48,1,0,0,4,241.92109305205685
9,52,1,1,0,4,254.7967471018923
9,2,0,0,1,3,244.80827333556638
9,9,1,0,1,0,260.1034076160026
9,10,1,0,1,6,264.9955319547029
9,11,1,1,1,6,278.24347817782814
9,13,1,1,1,7,288.5210953092962
9,20,1,1,0,7,277.79353105520426
9,21,0,0,1,4,243.45999028723492
9,22,0,0,1,7,262.76748920727266
9,27,1,0,0,1,245.259978415642
9,30,1,0,0,3,249.39495775210932
9,32,1,0,0,6,245.31546962761905
9,34,1,1,0,5,258.9347039525712
9,35,1,1,1,1,277.38244189701675
9,38,1,1,1,0,270.6278654726882
9,39,1,1,1,0,267.86208265452916
9,40,1,1,1,7,273.54929166635304
9,43,1,1,0,6,266.0298917587514
9,44,1,0,0,7,247.34535541582864
9,47,1,1,0,7,256.12487090808486
9,50,0,1,0,6,245.86387340114723
9,52,1,0,1,0,252.77792237884842
9,53,1,0,1,2,255.02930529815367
9,55,1,0,0,2,244.75466594227615
9,57,1,0,1,0,257.9949565442088
9,0,1,0,0,1,243.74250539500983
9,1,1,0,1,1,257.4269796642069
9,3,1,0,0,3,245.3749220593489
9,11,0,0,0,6,234.61009710988617
9,40,0,0,0,4,227.6985604631454
9,44,0,1,1,3,260.8164403473971
9,47,1,0,1,1,259.27362717140875
9,49,0,0,1,2,241.74244320131345
9,51,0,0,1,6,242.68284291753105
9,53,0,0,1,0,239.66970335255996
9,58,0,0,0,5,236.41495989287486
9,4,0,1,1,4,258.8017021738113
9,5,1,1,1,2,279.5118165012637
9,6,1,1,1,5,274.05441992391627
9,7,1,1,1,0,271.0319747904539
9,8,1,1,1,6,278.25145743174926
9,11,1,0,0,7,261.9484619963302
9,15,1,1,1,2,280.40063074239976
9,16,1,0,1,0,256.91995422919496
9,17,1,0,1,7,258.6215152961239
9,19,0,0,0,1,234.12484865432072
9,37,0,0,1,4,242.2678361499411
9,43,1,1,0,7,278.40053538824844
9,46,0,0,1,6,243.10684936894887
9,47,1,0,1,6,258.7915138197783
9,48,1,0,1,5,257.4791158381295
9,54,1,1,0,0,255.15556238385926
9,1,0,0,1,6,248.37242116173897
9,2,1,0,1,7,258.4874989005989
9,3,0,1,1,5,262.47709597152596
9,4,0,1,0,0,244.3969891737894
9,14,0,1,0,1,245.0132346650051
9,16,0,1,0,6,246.1555401211188
9,24,1,0,0,4,243.49520939964623
9,25,1,0,0,3,244.6365632981607
9,26,1,0,0,3,251.06326584148184
9,27,1,0,1,6,259.92935158627785
9,28,0,1,1,3,260.7214440681266
9,31,0,1,0,5,244.53068174248224
9,40,0,1,0,6,248.67509782272177
9,46,1,1,0,7,277.00962429864023
9,48,0,0,0,2,229.4193249031938
9,51,0,1,1,6,255.93766040927946
9,52,0,0,1,4,239.35048972956457
9,53,1,0,1,1,255.61959846666267
9,56,1,0,0,2,243.8272989849794
9,10,1,1,0,4,260.30572130029395
9,12,0,0,1,7,261.63104639661435
9,20,0,1,0,7,261.86183390734436
9,24,0,0,0,2,229.1705520259298
9,26,0,0,0,5,234.47680272409465
9,27,0,0,1,0,243.2804804976386
9,28,0,0,1,5,241.8948690672811
9,36,0,0,0,6,235.16903151388024
9,0,1,1,1,1,273.5233863618884
9,1,1,1,1,7,271.8150769918478
9,8,0,1,0,7,259.2601924344431
9,11,0,1,0,4,250.4375453938312
9,15,1,1,0,4,262.18841777907903
9,16,1,1,0,1,262.72234460609366
9,20,1,0,0,0,242.66623212404932
9,27,1,1,0,1,259.6586576599955
9,28,1,1,0,3,260.1056253603426
9,29,1,1,0,7,257.96963305154145
9,36,0,1,1,6,273.27889662784827
9,38,0,0,1,1,239.8162442179098
9,47,0,0,1,4,243.39053392552847
9,49,0,1,1,2,255.84133866741706
9,3,0,0,0,6,234.14803854762854
9,18,1,1,0,5,259.44142317084066
9,46,0,1,0,3,243.4036318922769
9,47,0,0,1,6,243.03457074332027
9,48,1,0,1,6,260.43955377420383
9,49,0,1,1,0,252.70344110767186
9,50,0,1,1,6,253.3394537286768
9,12,1,0,0,2,249.2661354485115
9,16,1,0,0,6,250.58219400384178
9,33,1,1,0,3,259.7220977072451
9,34,1,1,0,4,260.5673499708045
9,36,0,1,1,1,258.3386399569489
9,37,0,1,1,4,257.6025184272595
9,44,1,1,0,0,256.3305409998779
9,46,1,0,1,7,275.734463243604
9,52,1,0,0,6,243.9507114464762
9,58,0,1,0,2,247.5964629088816
9,0,0,0,1,4,246.4697169479734
9,2,0,1,1,6,272.74000422776174
9,3,1,1,1,0,269.5502825275826
9,4,1,1,1,0,274.5616659768156
9,5,1,1,1,5,278.7769159948946
9,11,1,0,0,0,244.54093798605984
9,22,1,0,1,3,260.27070585526076
9,23,1,1,1,1,273.2322003318329
9,24,1,1,0,4,263.2736468222363
9,28,0,1,0,7,257.42787999880284
9,33,0,1,1,6,261.7540000614559
9,34,0,1,1,5,257.16285592464516
9,35,1,1,0,5,256.1588923973188
9,37,1,1,0,3,261.40719301178865
9,41,0,0,1,5,244.84212355849883
9,42,1,0,0,3,246.57138446640903
9,43,1,1,1,3,275.4341394762058
9,51,1,1,1,6,272.5942373520447
9,14,1,1,0,5,265.6206361857465
9,17,1,0,0,1,243.2348069473745
9,19,1,0,0,2,244.96584454400764
9,23,1,0,1,7,277.1025694753688
9,25,0,1,1,7,273.41932995995745
9,37,0,0,0,2,230.9528404179801
9,40,0,1,0,3,249.41037291480757
9,42,0,1,0,7,263.1886435240998
9,50,1,1,0,7,273.31891835119427
9,51,1,0,0,4,238.6468614893137
9,56,1,0,0,3,249.96263198955543
9,5,1,0,0,2,252.66787356793364
9,8,1,0,0,7,261.3646181421861
9,17,0,0,1,3,257.4825700109405
9,20,1,0,1,7,279.00676543444393
9,21,0,0,1,7,248.89926691978135
9,28,1,1,0,5,257.1706574330305
9,33,1,1,1,6,276.2337216786574
9,37,0,0,1,5,247.07112254595566
9,39,0,0,1,7,260.6539182447568
9,42,1,1,0,0,257.03292108730216
9,58,0,0,1,3,254.923112653239
9,0,0,0,1,7,261.67418950695844
9,6,1,1,0,7,276.37323440755216
9,7,0,0,0,4,234.68250075452747
9,12,1,0,1,2,262.90656106075016
9,15,1,0,1,0,258.7315965549403
9,16,1,0,1,5,261.5635362509218
9,21,0,1,0,2,243.96171334519042
9,35,0,1,1,7,271.72679991478094
9,43,1,0,0,2,246.6304972174446
9,46,0,0,1,1,243.13768394783418
9,53,0,0,1,7,254.86240163132217
9,10,0,0,0,2,234.70387564775197
9,14,1,1,1,2,273.82958891590556
9,15,1,0,1,3,262.148384386724
9,19,1,0,0,7,261.02237377012676
9,20,1,0,1,3,261.99434255340685
9,21,1,0,1,5,260.7658208720271
9,36,1,1,0,0,257.4987169824976
9,38,0,1,0,0,241.0210063478217
9,39,0,1,0,5,246.5595203393538
9,53,0,0,0,6,232.33398902560992
9,4,1,1,0,3,259.02340571001895
9,5,1,0,1,2,264.8267348775276
9,6,1,0,1,0,260.9242898330403
9,9,1,0,0,3,244.4892730399942
9,10,1,1,0,0,260.7729057998237
9,30,1,1,1,6,272.97471074727457
9,31,0,0,1,7,257.52736759231414
9,33,1,1,0,1,258.2872344073892
9,41,0,1,1,2,256.467403401317
9,42,0,0,1,0,239.754853342255
9,44,0,0,1,4,245.19509879174532
9,45,0,0,1,5,244.64827354545946
9,48,1,0,1,4,259.90905995763256
9,49,0,0,1,0,242.55855252009798
9,50,0,0,1,4,241.69422434375628
9,6,1,0,1,1,263.6268372635245
9,14,0,1,0,5,246.80548982241632
9,18,0,0,1,6,247.0011536791024
9,27,0,1,0,1,245.29316223258328
9,28,0,1,1,4,257.85291702009937
9,29,0,1,1,7,260.1049765997061
9,53,0,0,1,2,241.68838781902394
9,55,0,1,1,3,257.3777883683188
9,2,0,1,0,6,250.97130149496624
9,28,0,0,1,2,242.54312996103698
9,30,0,0,1,6,242.9080593210978
9,33,1,1,0,4,259.1271933738708
9,40,1,0,1,0,259.9248852745551
9,41,1,0,1,1,262.6283336643348
9,43,1,1,0,1,260.54376401231997
9,44,1,1,1,5,272.29739571399097
9,45,0,1,0,6,247.55924698483923
9,46,0,0,0,7,246.23187348548905
9,53,0,0,1,5,242.96375783438535
9,57,0,0,1,2,246.51917277931614
9,58,0,0,1,0,240.20019730096047
9,59,0,0,1,6,254.31290108793064
9,0,0,1,1,5,262.54697403355954
9,5,0,1,1,1,261.53578649409224
9,12,0,0,1,0,246.4548644361488
9,13,0,0,1,6,248.6454115749929
9,17,0,1,0,2,250.0319115519058
9,21,1,0,0,3,244.15448666193208
9,23,1,0,0,1,242.5155383398054
9,26,0,0,1,4,243.76339546040128
9,27,0,0,1,5,247.3032492326532
9,38,0,0,1,7,257.172472747796
9,45,1,0,0,5,243.71632555494003
9,1,0,0,1,3,249.38623277493892
9,9,1,1,1,3,276.54227488359106
9,11,1,1,1,2,277.0859529054682
9,12,1,1,1,7,273.45612474682594
9,16,0,0,1,7,260.65744142139096
9,18,0,0,0,3,237.10627408738594
9,28,0,0,1,1,243.15573762345053
9,38,0,0,1,0,240.03453742341983
9,40,0,1,1,1,261.52171649761453
9,41,0,1,0,3,251.86455900402507
9,42,0,1,0,4,245.07221098915764
9,55,0,1,1,2,259.56404879992016
9,56,0,0,1,7,241.6080814190933
9,8,0,0,0,4,232.72589260824776
9,18,0,1,0,4,247.80673192662138
9,21,0,1,0,1,248.6543482117263
9,25,0,1,1,2,259.29216845384354
9,26,0,0,1,5,245.5492208948085
9,29,1,1,0,2,260.8376268338569
9,30,1,1,0,7,272.59202996267675
9,46,1,1,1,1,274.2586651817968
9,58,1,1,0,4,257.0517053323104
9,8,0,0,1,3,245.9501485026844
9,14,1,1,1,4,275.07423803992134
9,15,0,1,1,1,259.8506504124444
9,17,0,0,0,6,238.1493345342377
9,18,1,0,0,4,243.60993824616452
9,25,1,1,1,4,271.07534713096993
9,26,1,1,1,2,271.9655962522618
9,27,1,0,1,0,256.60291767081463
9,28,1,0,1,7,257.67410185364145
9,36,0,0,1,5,245.55762117539703
9,55,1,0,0,5,242.66473586605574
9,56,0,0,1,4,242.414176462
9,16,1,1,1,7,296.5208126591916
9,23,1,0,1,1,258.1442417987788
9,24,1,0,1,0,257.9107151346736
9,25,1,0,1,2,259.9210900134249
9,26,1,0,1,1,258.2541061389504
9,31,1,0,0,5,246.20612331345592
9,52,0,1,1,5,254.66169084338284
9,57,0,1,0,4,245.11417527103634
9,58,1,1,0,2,257.83024584155646
9,1,1,0,0,5,247.2054505431197
9,6,1,1,0,3,262.4437103441731
8,12,0,0,1,2,248.56963934964116
8,13,0,1,1,5,264.41887650324276
8,14,0,1,1,6,266.86241831317676
8,15,1,0,1,1,259.9594420511154
8,16,1,0,0,1,246.2764854987049
8,17,1,0,1,2,262.8758976917882
8,18,1,1,1,5,279.78572316975055
8,19,1,1,0,1,261.9996087828156
8,20,1,1,1,6,280.68502381314397
8,21,0,1,1,3,263.303836367234
8,22,0,1,0,6,256.976747329268
8,23,0,0,0,3,239.9213823060714
8,24,0,0,0,3,238.53464650224237
8,25,0,1,0,2,254.66735886095884
8,26,0,0,0,4,237.68139197347216
8,27,0,0,0,5,240.9900277400899
8,28,0,0,0,0,237.385954116223
8,29,0,0,0,5,240.63898560489727
8,30,1,0,1,1,260.73840354991637
8,31,1,0,0,6,255.8233382287483
8,32,0,0,0,7,251.24415544528574
8,33,0,1,1,1,264.7178434964395
8,34,0,1,0,2,253.58505898988633
8,35,0,0,0,0,232.01866319355196
8,36,0,0,0,4,239.91691508576878
8,37,1,0,0,4,244.4534061561509
8,38,0,0,0,1,233.3875056500681
8,39,0,0,0,0,233.92384583211606
8,40,0,0,0,4,237.2588849809608
8,41,0,0,0,1,234.6907832770836
8,42,0,0,0,5,233.5217053688473
8,43,0,0,0,2,233.09580619122696
8,44,0,1,0,4,247.9477186967747
8,45,0,1,0,5,248.3934754966469
8,46,0,1,1,1,260.84004034730316
8,47,0,1,0,1,248.74388544857183
8,48,0,1,1,7,269.56388609980047
8,49,0,1,0,4,247.35489849486606
8,50,0,1,0,7,262.58159534447543
8,51,0,0,0,3,233.59409719938898
8,52,0,1,0,1,248.12315091961096
8,53,0,1,0,5,246.95776017868332
8,54,1,1,0,2,264.18655241357357
8,55,1,0,0,1,246.77806588763323
8,56,1,0,0,7,259.68306786765436
8,57,0,1,1,2,261.50522765997874
8,58,0,0,1,2,242.1671781970557
8,59,0,0,1,1,244.76050817205723
8,0,0,0,0,0,231.3615673862962
8,1,0,0,0,3,234.2770395886227
8,2,0,0,0,6,239.26831914063533
8,3,0,0,0,7,248.06267115004434
8,4,1,1,0,2,265.8445750263338
8,5,1,1,0,2,265.4367990396811
8,6,1,0,0,2,253.20066815064794
8,7,1,1,0,4,263.74754253435174
8,8,0,1,0,3,253.23621119534678
8,9,0,0,0,0,235.4563639646163
8,10,0,0,0,4,237.21690187692167
8,11,1,0,0,3,251.86396116930004
8,12,1,0,0,1,249.22001073670344
8,13,1,0,1,7,278.0527996202715
8,14,0,0,0,6,248.0690038950031
8,15,0,0,0,2,237.17028939967977
8,16,0,1,0,3,252.92482690819614
8,17,0,0,0,4,237.44750354291466
8,18,1,0,0,1,247.98910760136584
8,19,1,0,0,1,249.2315849442354
8,20,1,0,1,7,265.38172091080776
8,21,1,1,0,3,267.2978145585161
8,22,1,1,0,4,264.3963170188393
8,23,1,1,0,7,278.5384723625591
8,24,0,1,0,2,248.65068683650182
8,25,0,0,0,1,235.0125540425135
8,26,0,0,1,6,250.77174124149116
8,27,1,1,1,2,275.05117801110276
8,28,1,0,1,7,266.9898414507165
8,29,0,1,1,2,259.7187642866484
8,30,0,0,1,0,247.74708749217842
8,31,0,0,1,4,250.38206614903953
8,32,0,0,1,3,253.12101462246653
8,33,0,1,0,6,258.1599996183916
8,34,0,1,0,0,245.05036292033057
8,35,0,1,0,2,250.58985342541547
8,36,0,1,0,5,251.57473184397287
8,37,1,1,0,7,271.3771321576724
8,38,0,1,0,2,254.6208440666
8,39,0,1,0,4,247.97988005655668
8,40,1,1,0,1,261.37379613412196
8,41,1,1,0,4,261.2284735681157
8,42,1,1,0,4,261.42629844138594
8,43,1,1,0,3,265.1290009079638
8,44,1,0,0,5,251.67663535279786
8,45,0,0,0,4,233.34700225641836
8,46,1,0,0,7,254.97184994890293
8,47,0,1,0,5,248.70673282052755
8,48,0,1,0,2,250.48930830926886
8,49,0,0,0,6,234.391642976931
8,50,1,1,0,4,261.3137359414783
8,51,1,1,0,7,275.5341918483357
8,53,0,1,1,1,260.97917159756616
8,54,0,1,0,7,256.2836240931663
8,55,0,0,0,1,231.85320354068958
8,56,0,0,0,6,233.8328899986791
8,57,0,0,0,3,235.25046335068976
8,58,0,0,1,1,247.6547557140181
8,59,0,0,1,5,248.26696491749405
8,1,0,0,0,5,233.34610208019726
8,2,0,0,0,5,234.98304455164376
8,3,0,0,0,4,237.2503660249142
8,4,1,0,0,7,253.12700198320417
8,5,0,1,0,5,249.93578457388887
8,6,1,1,0,0,259.2941073279201
8,7,1,1,0,0,261.24349397814433
8,8,1,1,0,4,261.59637908143435
8,9,0,1,0,1,248.22319022989547
8,10,0,1,0,7,258.67198724178286
8,11,0,1,1,1,264.74390038655497
8,12,0,1,0,6,255.48078514681765
8,13,0,0,0,0,233.48983587814723
8,14,0,0,0,4,239.05024029517614
8,15,0,0,0,6,239.67512940886266
8,16,1,1,0,7,272.80233422057233
8,17,1,1,0,6,270.69823176054933
8,18,1,1,0,2,262.6676372186274
8,20,1,0,0,2,254.36800765092207
8,21,1,0,0,1,250.92188700326204
8,22,1,0,0,1,245.14547904629532
8,23,1,0,0,7,249.28557358492196
8,24,1,0,0,1,247.6655370893429
8,25,1,0,0,1,249.2171003927988
8,26,1,0,0,4,255.23325156041696
8,27,0,0,0,6,243.25901481665545
8,28,1,0,0,1,253.39170809363856
8,29,1,0,0,7,265.95336473457394
8,30,0,0,0,1,236.97858703718157
8,31,0,0,1,7,264.35355693532364
8,32,1,1,0,1,261.65229593747745
8,33,1,1,0,5,264.1470574171244
8,34,0,1,1,2,263.64569670522826
8,35,0,0,1,5,250.8694737564375
8,37,1,0,0,3,249.20163902033357
8,38,1,1,0,6,258.7083370735439
8,39,1,0,0,7,251.78730095956752
8,40,0,0,0,1,234.57079584163307
8,41,0,0,0,5,233.06168125104787
8,42,0,0,0,2,232.1145983676689
8,43,0,0,0,4,233.23619814190062
8,44,0,0,0,5,234.71402094489994
8,45,0,0,0,7,240.80115846630525
8,46,0,0,1,5,250.89808262492886
8,47,0,0,1,6,248.54564936703068
8,48,0,1,1,0,256.21940212233613
8,49,0,1,1,5,258.5882335758216
8,50,0,1,0,4,250.6958578843739
8,51,0,1,0,5,248.52893271449182
8,52,0,1,0,4,249.30404392274656
8,54,0,1,1,0,260.61528054220116
8,55,0,1,1,0,257.41296551391576
8,56,0,1,1,3,268.6894352147391
8,57,0,0,1,7,256.02821032142003
8,58,0,1,0,7,251.54160754804678
8,59,0,1,0,0,246.684569556324
8,0,0,1,0,5,252.258422065796
8,1,0,1,0,2,248.79178869841172
8,2,0,1,0,5,250.77416025523868
8,3,0,1,0,3,252.63304756061007
8,4,0,0,0,4,235.97374354336526
8,5,1,0,0,3,251.44091227740486
8,6,1,0,0,6,249.4082112277982
8,7,0,0,0,2,237.48805698338114
8,8,0,0,0,5,236.3761183403357
8,10,0,0,0,2,236.82241821350448
8,11,0,1,0,5,253.2207097018762
8,12,0,1,0,2,253.9187108607956
8,13,0,0,0,4,236.59967155515196
8,14,0,0,0,1,234.93939699294265
8,15,0,0,0,5,239.88461655712845
8,16,0,0,1,6,250.44694415914682
8,17,1,0,1,6,264.7157227004124
8,18,0,1,1,6,267.0449091930933
8,19,1,1,1,2,283.3439238600205
8,20,1,1,1,1,279.86737975823735
8,21,1,1,1,2,279.61713596175235
8,22,1,0,1,2,265.5040792794137
8,23,1,0,1,7,277.3050468662471
8,24,0,0,1,3,250.9927880168182
8,25,0,1,0,6,256.6230000457792
8,26,0,1,0,7,269.16479202651533
8,27,0,1,0,6,253.54126730754186
8,28,1,0,0,2,254.68710262786766
8,29,1,1,0,7,280.9623504108398
8,30,0,1,1,3,266.7179557595952
8,31,0,1,0,4,255.5800522610515
8,32,0,1,0,6,260.8040726418983
8,33,0,0,0,0,231.25328795609335
8,34,0,0,0,7,248.4231809277631
8,35,0,1,1,7,279.22155530889785
8,37,0,0,0,5,237.91451035630547
8,38,1,0,1,0,258.84991926191924
8,39,1,0,1,6,265.72449053273795
8,40,1,1,1,0,273.95349069667753
8,41,1,1,1,7,286.93349517582817
8,42,0,0,1,6,241.42669901493056
8,43,0,0,1,2,244.93922143403603
8,44,0,1,1,4,261.5031724143233
8,45,0,1,1,4,257.67175656011335
8,46,0,1,1,4,260.74227614337076
8,47,0,1,1,7,269.6661460531722
8,48,0,1,0,1,243.25988575333878
8,49,0,1,0,5,247.83158622993005
8,51,0,0,0,0,231.10614280699642
8,52,0,0,0,1,230.69882965070505
8,53,0,0,0,7,245.78241889699228
8,54,0,1,0,2,248.70914945980513
8,55,0,0,0,2,232.7328777900686
8,56,0,0,0,2,233.10435545110977
8,57,0,0,0,2,234.3845295581133
8,58,0,0,0,7,243.7498441067017
8,59,0,0,0,5,236.13919002211077
8,0,0,0,0,4,236.08751881525683
8,1,0,0,0,1,234.0415844103628
8,2,0,0,0,1,235.00260754085585
8,3,0,0,0,0,236.82504230486728
8,4,0,0,0,0,235.38474441099274
8,5,0,0,0,5,236.5175314582776
8,6,0,0,0,2,238.52352755491745
8,7,0,0,0,1,238.81808195401345
8,8,0,0,0,6,236.6218779873605
8,9,0,0,0,2,238.81566394597832
8,11,0,0,0,2,235.7327645366788
8,12,0,1,0,5,253.25384154214214
8,13,0,1,0,0,248.5777515698469
8,14,0,1,0,6,253.59224135029083
8,15,1,0,0,4,247.36177036645688
8,16,1,0,0,5,249.24650565055467
8,17,0,0,0,3,239.3657828201171
8,18,0,0,0,2,241.299227643178
8,19,0,1,0,3,250.7132078966109
8,20,0,0,0,3,239.68018059334187
8,21,0,0,0,6,240.20734120950098
8,22,0,0,0,0,235.7746001190904
8,23,0,0,0,6,243.4755468766496
8,24,1,1,0,6,270.9110131687979
8,25,0,0,0,7,251.8758764199029
8,28,1,0,0,5,254.4946947881088
8,29,1,0,1,1,262.1678880592468
8,30,1,0,0,6,265.86427797565636
8,31,0,0,0,3,243.16811917356102
8,32,0,1,1,4,262.77776495950434
8,33,0,1,1,0,259.7938645573073
8,34,0,1,1,1,263.40719861215695
8,36,0,0,0,5,238.94152306149732
8,37,0,0,0,1,233.97226486895056
8,39,0,0,0,1,234.76725868316365
8,40,0,0,1,1,247.76742475101315
8,41,0,0,0,7,242.8722314384283
8,42,0,1,0,3,247.07308120708979
8,43,0,0,0,0,230.53524655120796
8,44,0,0,0,4,235.20022712631294
8,45,1,0,0,1,246.82742591113868
8,46,1,0,0,1,243.69023648100247
8,47,1,0,0,0,244.6642985711118
8,48,1,0,0,6,248.3718439969338
8,49,1,0,0,6,256.886781353066
8,50,0,0,0,2,233.46639747355306
8,51,0,0,0,2,234.6533956682424
8,52,0,0,0,4,232.60085754411966
8,53,0,0,0,1,233.00803866029773
8,54,0,0,0,4,234.40775819771312
8,55,0,0,0,5,234.05476796531156
8,56,1,0,0,0,245.01188374327347
8,57,1,0,0,4,247.70433285247006
8,58,0,0,0,0,232.9790722414581
8,59,0,0,0,2,237.92464021866402
8,0,0,0,0,5,238.75166853183666
8,1,0,0,0,6,240.4409943910546
8,3,0,0,1,2,250.89805272885135
8,4,0,1,1,4,261.5390139209203
8,5,1,1,1,7,282.05103670014137
8,6,1,1,0,3,261.89717989240665
8,7,1,0,0,1,249.67362900186018
8,8,1,0,0,0,248.408787004171
8,9,1,0,0,3,254.75629077385355
8,10,1,0,1,6,264.5226235704777
8,11,0,1,1,6,265.1828428092772
8,12,0,0,1,7,261.4052047377463
8,13,1,0,0,1,251.10829245777984
8,14,1,0,1,1,262.9712780706825
8,15,1,0,0,2,249.3256453253397
8,16,1,0,0,2,246.92589954587513
8,17,1,0,0,0,247.02499393684624
8,18,1,0,0,2,252.71290236976756
8,19,1,0,0,6,252.0221856250958
8,20,0,0,0,7,255.37206996620105
8,21,0,1,1,2,263.49048676218274
8,22,0,1,1,3,263.1566747442041
8,23,0,1,1,3,263.538951617228
8,24,0,1,0,5,249.92846081393014
8,25,0,1,1,5,269.05751163171897
8,26,0,1,0,4,249.36008859041118
8,27,0,1,0,0,248.76915893049718
8,28,0,1,0,2,255.384127537313
8,29,0,0,0,6,236.82356843325803
8,30,0,1,0,6,257.38079582592235
8,31,0,1,0,7,267.52617637454125
8,32,0,0,0,0,235.61750450857036
8,33,0,0,0,1,231.78759543250004
8,34,0,0,1,3,249.42897823131665
8,35,0,0,0,7,248.26432485286887
8,36,1,0,0,7,261.12922384759065
8,37,0,0,1,5,249.93009102872384
8,38,0,0,0,7,242.71184531612477
8,39,0,1,0,1,245.38332409957917
8,40,0,1,0,7,254.76906381207462
8,41,0,1,0,7,248.22950029909015
8,43,0,1,0,7,249.3559640626777
8,44,1,0,1,6,262.1835616032088
8,45,0,1,1,6,266.7130104865223
8,46,0,1,1,5,265.6989461085456
8,49,0,1,0,7,245.77242025596325
8,51,1,1,0,3,267.1187081216979
8,52,1,0,0,5,250.88400120102258
8,53,1,0,0,0,242.66160879444794
8,54,1,0,0,5,246.15944036533344
8,55,1,0,0,7,255.13551915440058
8,57,1,0,0,1,250.1896706003474
8,58,1,0,0,3,249.68592098740504
8,59,1,0,0,3,247.87897759286304
8,0,1,1,0,4,261.4007366681572
8,1,0,1,0,7,256.3417857113781
8,2,1,0,0,2,251.178496088321
8,3,1,0,0,2,247.24488010280663
8,4,1,0,0,5,252.62064418660452
8,5,1,0,1,1,265.4984035051557
8,6,1,0,1,1,263.612582318462
8,7,1,0,0,7,260.62412410284065
8,8,0,1,0,7,261.04092116522503
8,9,0,1,0,6,250.8091303981741
8,10,1,0,0,0,248.00197686079068
8,12,1,0,0,2,250.08619621921807
8,13,1,1,0,5,267.18105326934244
8,14,0,1,0,4,253.33821269174064
8,15,1,1,0,5,268.98900534111215
8,16,0,1,0,2,252.2485358750862
8,17,0,1,0,0,246.0195379863522
8,18,0,1,0,0,246.76796102048326
8,19,0,1,0,6,254.35605287928905
8,20,0,1,0,0,248.3794917072398
8,21,0,1,0,4,251.64337040066837
8,22,0,1,0,7,261.4636909383188
8,23,0,0,0,0,234.0429006845702
8,24,0,0,0,5,235.85607057892605
8,26,1,0,0,2,252.52821771140933
8,27,1,0,0,3,252.66313620329026
8,28,1,0,0,3,254.77415551523768
8,29,1,1,0,5,263.7750317229011
8,31,0,1,0,6,255.88992538705355
8,34,0,0,0,3,239.21677156306444
8,35,0,0,0,2,238.44977705046904
8,36,0,1,0,2,251.39662296057557
8,39,0,0,1,2,243.70430091852984
8,40,0,0,1,3,246.64554706546198
8,42,0,0,0,6,234.41717325764603
8,43,0,0,0,5,233.1893748121427
8,45,0,0,0,3,235.10097901968575
8,46,0,1,0,5,250.9743773708192
8,47,0,1,0,3,252.8506879326607
8,50,0,1,0,2,248.90361919835473
8,51,0,0,0,7,246.607403503721
8,52,0,0,0,7,244.50759042434842
8,55,0,0,0,0,230.94403899708044
8,56,0,0,0,7,243.3496228671737
8,57,0,1,0,0,247.86730176974356
8,58,0,1,0,6,257.63056386013983
8,59,0,1,0,1,250.63542281976095
8,0,0,1,1,2,262.31321060341605
8,1,0,0,1,5,247.27450721474486
8,2,0,0,0,3,235.4294454003859
8,3,0,1,0,0,248.4203553879832
8,4,0,1,0,7,251.8209911970111
8,5,0,0,1,1,248.04031188566304
8,6,0,0,1,7,256.0482146645234
8,7,1,0,0,0,249.90289617792692
8,9,1,0,0,4,249.70789395665855
8,10,0,0,0,5,237.27094834422553
8,12,0,0,0,5,236.02788831042588
8,13,0,0,0,2,236.67275977836414
8,15,0,1,0,0,248.54094818591145
8,16,0,1,0,6,256.0510414768287
8,17,1,0,0,5,251.7999731811928
8,18,0,0,0,6,240.28531453861947
8,19,1,1,0,5,265.60738698755193
8,20,1,1,0,4,264.2922726999472
8,23,0,1,0,5,252.81139564694558
8,24,0,1,0,1,250.71518079386624
8,25,0,1,0,3,256.90751830679295
8,26,0,1,0,2,253.55119349803923
8,27,0,0,0,4,236.8651520288691
8,28,0,0,0,1,238.87340052275007
8,29,0,0,0,0,233.24957775935246
8,30,0,0,0,4,237.33000081830787
8,31,0,0,0,1,236.8513649639661
8,32,0,0,0,3,242.7344663158501
8,33,0,0,1,6,249.70135828647938
8,34,1,0,1,1,263.14682636034286
8,35,1,0,1,5,263.73116568574846
8,36,0,0,1,5,247.47139788126924
8,37,0,0,0,2,238.44415231049683
8,38,0,0,0,2,236.77234341169108
8,40,0,0,0,2,237.56838631349558
8,41,0,0,0,2,233.73170148092535
8,42,0,0,0,1,232.41791002491485
8,43,0,0,0,7,242.39988598662967
8,44,0,0,0,7,238.03071564749348
8,46,1,1,1,2,277.1751460083083
8,47,1,0,1,6,261.42020909022153
8,48,0,0,1,2,245.90666710423093
8,49,0,0,1,7,259.84633345566726
8,50,1,0,1,4,263.688869884473
8,51,0,0,1,4,247.4536222721119
8,52,1,0,1,2,259.86795386106223
8,53,1,0,1,0,255.79181964057503
8,54,1,0,1,7,262.69985757900895
8,55,0,0,0,6,234.48415573850212
8,56,1,0,0,6,250.9198127395493
8,57,1,0,0,7,257.64988659602636
8,59,0,0,0,1,235.8052117833685
8,0,0,0,1,5,250.3854344309474
8,1,0,0,0,0,232.24085157302733
8,2,0,0,0,0,234.66652219821918
8,4,0,1,0,6,252.29062332010778
8,5,1,1,0,3,268.01805875830144
8,6,1,1,0,1,261.90557590570245
8,7,1,1,0,6,266.6657296628449
8,8,1,0,0,7,258.9083800930134
8,9,1,1,0,5,267.8128806078448
8,10,0,1,1,2,263.7779836791215
8,11,0,0,1,3,250.87243504315697
8,12,0,0,0,3,236.54802488065098
8,13,0,0,0,3,235.17144585239993
8,14,0,0,0,5,238.38599107992155
8,15,1,0,0,6,251.31605105068508
8,16,0,0,0,2,238.43919290467107
8,17,0,0,0,7,249.87934702050842
8,18,0,0,0,7,251.21366267894211
8,19,1,0,1,5,262.0090618231268
8,20,1,0,0,1,250.19058790172625
8,23,1,0,0,5,251.3365591015451
8,24,0,0,0,7,241.0703213304501
8,25,1,1,0,6,270.59424338155145
8,26,0,0,0,3,241.21976190278386
8,27,0,0,0,7,260.58937430563816
8,29,0,0,0,4,241.63292070446775
8,30,1,0,0,2,253.87298981489562
8,31,1,0,0,0,248.31275942969353
8,32,1,0,0,6,258.5953313343074
8,33,0,0,0,5,233.22065961166783
8,34,0,0,0,5,235.3753214029841
8,35,0,0,0,5,238.89872811926324
8,36,0,0,0,3,239.501772680345
8,37,0,1,0,7,257.98732029800294
8,38,0,1,0,4,249.0647823024888
8,39,0,1,0,0,245.83763115999815
8,40,0,1,0,5,244.04045289163855
8,41,0,1,0,2,248.13211165527952
8,42,0,1,0,5,248.09091834982465
8,43,1,1,0,0,259.09133793057697
8,44,1,1,0,4,263.09684589651505
8,45,1,1,0,5,262.4187096342563
8,46,0,1,1,6,261.00453411225516
8,47,1,0,1,4,261.6220739343863
8,48,0,0,1,0,244.25963705491773
8,49,0,0,1,4,245.98542376001603
8,50,0,0,1,1,247.15129578944655
8,51,0,0,0,4,233.44580802332413
8,52,0,0,0,3,234.41432250638195
8,53,0,1,0,7,257.5724962876913
8,54,0,1,0,6,249.52033908640854
8,55,0,1,0,7,253.99858114567385
8,56,0,1,0,6,250.65806263362285
8,57,1,0,0,2,250.4808718939483
8,58,1,1,0,3,265.3446700576711
8,59,1,0,0,0,246.57448839714178
8,0,1,0,0,6,249.62977312619674
8,2,0,0,0,4,235.48818851445918
8,4,1,1,0,6,269.34182844606744
8,5,1,1,0,4,265.48722294006757
8,6,0,1,0,0,250.6201718910615
8,7,0,1,0,4,247.69323757769948
8,8,0,1,0,1,248.45272450320516
8,9,0,1,1,1,259.59225518632064
8,10,0,1,0,1,252.90478907985943
8,11,0,1,0,3,253.13991384677357
8,13,0,0,1,0,244.88319939250343
8,14,0,0,1,3,252.37458544655487
8,15,0,0,0,1,235.060743297159
8,16,0,0,0,6,239.29722217333222
8,17,0,1,0,5,253.31343959460432
8,18,0,1,0,1,251.17146191306244
8,19,0,1,0,7,265.6590451019716
8,20,1,1,0,3,264.5587882535075
8,21,1,0,1,3,263.2782450629971
8,22,1,0,1,1,261.08671001078136
8,24,0,0,1,5,249.43697326832475
8,25,0,0,0,3,243.58237695853748
8,27,0,0,1,1,250.77171300083714
8,28,0,0,0,6,242.45661385231688
8,31,0,0,0,4,239.750421673177
8,33,0,0,0,6,241.54802158129903
8,34,1,1,0,3,266.89185916158755
8,35,1,0,0,6,249.6106063669748
8,36,0,1,0,0,247.89987737107367
8,37,0,1,0,3,253.26474622006265
8,39,0,0,0,7,240.0153789039879
8,40,0,0,0,6,236.29405649657912
8,42,0,0,1,7,254.73906410311378
8,43,1,1,0,7,270.03065798256614
8,44,0,0,1,3,247.50789775845044
8,45,0,1,0,0,246.10497005201225
8,47,1,1,0,2,259.5960506636314
8,48,1,1,0,2,257.2620999774628
8,49,1,1,0,0,259.3126833912984
8,50,1,1,0,0,260.9928889087656
8,51,1,1,0,2,265.23220733914803
8,52,1,1,0,1,259.7323968200112
8,53,1,1,1,6,272.7256982195899
8,54,0,0,1,7,260.639572010314
8,56,0,1,1,0,258.48111089575127
8,58,0,1,1,5,259.96268661795904
8,59,0,1,0,2,250.93662919379605
8,0,0,1,0,2,250.887703538918
8,2,1,0,0,0,246.4776140574622
8,3,1,0,0,0,246.44090737726106
8,4,1,0,0,2,249.1599221479039
8,5,1,0,0,0,249.07549594482617
8,7,0,0,0,5,241.02090303630604
8,8,1,0,0,1,248.43801861776265
8,9,1,0,0,7,258.4841130110868
8,11,1,0,0,2,250.28733584153053
8,12,1,0,0,4,250.68674425998054
8,13,0,0,0,7,237.2249974076724
8,15,0,1,0,2,253.45744853565736
8,16,0,1,0,7,266.7321903609892
8,17,0,0,0,5,241.06217458410202
8,19,0,1,0,2,249.60586803364922
8,20,0,0,0,6,237.97341886289564
8,21,1,1,0,4,264.4262548791436
8,24,1,0,0,3,250.60037804850415
8,25,1,1,0,2,268.34987092659003
8,26,1,1,0,0,262.70899867929415
8,27,1,1,0,1,262.6061444646976
8,28,1,1,0,3,263.6355192850026
8,29,1,0,0,0,248.05380083211782
8,30,1,0,0,5,246.44680652191315
8,31,0,0,0,5,238.78591195838854
8,33,0,0,0,4,239.1700755025838
8,34,0,0,0,2,240.74927876092823
8,36,0,0,0,6,239.80773328091084
8,38,0,0,0,4,234.69693741741028
8,39,0,0,0,4,235.67529678844028
8,41,0,1,0,1,245.26958692766215
8,42,0,1,1,0,257.1878290851205
8,43,0,1,1,5,257.1255196306453
8,44,0,1,0,3,249.68404545765563
8,45,0,0,1,6,246.8520774531933
8,46,0,0,1,3,251.3115350654428
8,47,0,0,0,4,232.53841347890193
8,48,1,0,0,0,242.67812666525487
8,49,1,0,0,1,249.18237088220283
8,50,1,0,0,3,244.1248204360051
8,52,1,0,0,1,250.76098996716138
8,53,1,0,0,1,243.904728689345
8,54,1,0,1,4,261.33033181711806
8,55,0,0,1,7,260.3833319800685
8,56,0,0,1,1,245.72949930317168
8,57,0,0,0,4,233.86979476202225
8,58,0,0,0,2,235.51926484807174
8,59,0,1,0,6,252.21308597373462
8,0,1,0,0,3,251.8908815838257
8,1,1,1,0,7,275.16198373636496
8,2,1,0,1,0,261.1688924172246
8,3,1,0,1,4,263.00789362929345
8,4,1,0,1,6,263.6229195715808
8,6,0,0,0,0,235.60974874813883
8,8,0,0,0,1,237.3355095046595
8,9,0,0,0,3,238.6900101940425
8,10,0,1,1,3,260.6381589591496
8,11,0,0,1,1,248.144178560572
8,14,0,0,0,7,239.40382690464094
8,15,0,0,0,3,238.63640266721285
8,16,0,1,0,4,253.2755613733761
8,18,0,1,0,5,251.47699643725937
8,22,1,0,0,6,256.6441662799085
8,23,0,1,0,3,257.38972415462666
8,25,0,1,0,5,258.43830275287905
8,28,0,0,0,5,241.49216620721586
8,29,0,0,0,7,246.65132651143082
8,30,1,1,0,7,276.6483789551325
8,31,0,0,0,7,251.01302871593154
8,32,0,0,0,1,237.40361863073153
8,35,0,1,0,1,248.46490026306134
8,37,0,0,0,4,238.30800150920703
8,38,1,0,0,7,260.16893688642506
8,39,1,0,0,5,251.05088450635378
8,40,0,0,0,0,231.52988561852564
8,41,0,0,0,0,229.51336839705147
8,42,0,0,0,7,234.46914058636997
8,43,0,0,0,3,232.9697115395767
8,44,0,1,1,1,261.0369624505638
8,46,0,1,0,1,246.6760605235962
8,47,0,1,0,6,252.31824733447246
8,48,0,1,0,7,250.01790603584058
8,49,1,0,0,7,250.31854131243162
8,50,0,1,0,0,244.72986755530962
8,51,0,1,0,3,248.9183092532785
8,53,0,1,1,5,260.362555897861
8,55,1,1,0,2,263.25482460892727
8,56,1,1,0,6,265.6481930461978
8,58,0,1,1,6,261.91741947636666
8,59,0,1,1,2,258.2419360064544
8,0,0,1,1,1,265.2474081508674
8,1,0,1,0,1,247.73594357007244
8,2,0,1,0,4,250.85004314958886
8,3,1,1,0,3,262.47768266781065
8,4,1,1,0,0,260.5533522078794
8,6,1,0,0,1,248.36847294087534
8,8,1,1,1,2,280.68389379606987
8,9,1,0,1,2,258.5393079866548
8,10,1,0,1,2,263.57244172428284
8,11,1,1,1,4,278.41398259678266
8,12,0,1,1,4,265.0418470790526
8,13,1,1,1,3,281.01327267442775
8,14,1,0,1,0,259.05906676173083
8,16,1,0,0,6,253.30924242716424
8,17,1,1,0,2,266.2474126023871
8,18,1,0,0,0,247.5171409826771
8,20,1,1,0,7,276.1590862482311
8,21,0,0,0,5,235.97673836865803
8,22,1,0,0,0,244.3964128461381
8,25,0,0,0,0,236.42502394519525
8,26,0,0,0,6,242.0287823656876
8,27,1,0,0,4,250.30395016795893
8,28,0,0,0,3,241.2603848768467
8,29,0,1,0,5,252.9435141060031
8,30,0,1,1,2,265.9572290904067
8,31,0,1,1,1,261.6230773447366
8,33,0,1,1,7,279.33737932786306
8,34,0,0,0,4,236.29125035186763
8,35,0,0,0,1,234.68675730358285
8,39,1,0,0,1,245.92594256163557
8,40,1,0,0,1,245.75296488139026
8,41,1,0,0,3,251.39793737837306
8,42,1,0,0,1,249.14803120638325
8,43,1,0,0,6,248.79325673053742
8,45,0,1,0,4,248.19801490482237
8,46,1,1,0,7,272.86321950234134
8,47,0,1,1,0,256.15477593919115
8,49,0,1,0,0,244.6199188583235
8,51,1,1,0,1,262.7348938163111
8,52,1,1,0,0,257.21001669718
8,53,1,1,0,0,259.6709502784567
8,54,1,1,0,4,262.23448887369085
8,55,0,1,0,3,247.72498944882778
8,56,0,0,1,6,249.29243050345053
8,57,1,0,1,0,254.2026493284944
8,58,1,0,1,5,259.34856765996415
8,59,0,0,0,6,235.9682820038246
8,0,1,1,0,7,271.8755858362357
8,1,0,0,0,7,235.3001583667011
8,3,0,0,0,3,237.09438602845594
8,4,0,0,0,1,235.26474533767257
8,5,0,0,1,7,259.10511399389856
8,6,0,1,1,1,264.48815765184474
8,7,0,1,0,1,250.22004321241772
8,9,0,1,0,4,253.0369381661787
8,11,0,1,0,0,249.8733814752455
8,13,0,1,0,4,251.19706667176675
8,14,0,1,0,7,262.9460285430258
8,15,1,0,0,0,246.03809138838602
8,17,1,0,0,4,250.70378111464245
8,18,0,0,0,5,241.60514125718794
8,19,0,0,0,6,243.10847599134962
8,20,0,1,0,1,248.25021822866321
8,21,0,1,0,2,252.6536189822935
8,22,0,0,0,3,240.74712602273834
8,24,0,0,0,0,235.06216461996792
8,26,1,0,0,3,251.90063266169145
8,27,1,0,0,1,250.26741366561888
8,28,1,0,1,6,278.0565469938494
8,29,0,1,1,1,264.16930288812944
8,30,0,1,0,1,248.2348568835186
8,31,0,1,1,2,262.37705673937234
8,34,1,0,0,1,248.03382919061423
8,35,1,0,0,3,248.42331456961688
8,36,1,0,0,3,251.60459483292254
8,37,1,0,0,0,246.22891655454936
8,39,1,1,0,0,256.6435395845671
8,41,1,1,0,6,263.8859421507425
8,42,1,1,0,7,272.7174445272551
8,43,0,0,1,1,241.3707758652661
8,44,0,0,0,6,234.6656566680612
8,46,1,0,0,6,244.91711235906817
8,48,0,1,0,5,248.52639050666414
8,49,0,1,0,2,247.17360799214163
8,51,0,0,0,5,232.96994437339362
8,52,1,0,0,6,259.8342264261972
8,56,0,1,0,2,250.43732931249258
8,58,0,1,0,5,252.36674618159122
8,0,0,1,0,6,252.24158596976005
8,3,1,1,0,5,260.39579127820326
8,4,0,1,0,2,253.51546657086965
8,5,0,0,0,2,237.3122097358823
8,6,0,1,0,6,255.45246922668392
8,7,1,1,0,1,264.79042986043765
8,8,1,1,0,2,264.37021997181046
8,10,1,1,1,2,278.50533852621436
8,11,1,0,1,1,261.3871080803334
8,12,1,0,1,5,267.7491430124242
8,16,0,0,0,7,240.12508179397986
8,17,0,0,1,7,265.65433704898214
8,18,0,0,0,4,238.49869562320208
8,19,0,0,0,3,240.73158639047134
8,20,0,0,0,2,239.87116979987698
8,22,0,1,0,5,258.7895872002044
8,23,0,1,1,2,261.26656921511267
8,25,0,0,1,1,244.33119022127386
8,27,0,0,0,2,241.41576942022434
8,28,0,1,0,0,247.442013519807
8,29,0,1,0,3,252.5335601032343
8,31,0,0,1,2,251.93145408624713
8,32,0,0,1,6,254.37172280729834
8,33,1,0,1,2,260.6002698116232
8,34,1,0,1,4,260.2308144401552
8,36,0,0,0,1,235.68651219117157
8,37,0,0,0,3,238.77590559027473
8,38,0,1,0,1,250.7898196080714
8,39,0,1,1,2,261.4517772205565
8,40,0,0,1,0,246.20198576767956
8,41,0,0,1,2,247.24503807352704
8,43,0,1,1,1,258.9303128506016
8,45,1,1,0,4,260.4700672318668
8,46,0,1,0,2,248.62763519154512
8,47,0,0,0,7,240.20324215890906
8,49,0,0,0,5,234.75856384064386
8,50,0,0,1,6,249.4643933465541
8,51,0,1,1,1,258.9982571598075
8,52,0,1,0,7,260.6849764215641
8,53,0,1,1,4,262.0348510057985
8,54,0,1,1,7,267.7134589109798
8,55,0,1,0,0,244.64416375814034
8,0,0,0,0,7,245.0768528753175
8,1,1,0,0,6,250.6730594292265
8,4,1,0,0,1,245.62331743174371
8,5,1,0,1,2,263.02693698343865
8,6,1,0,1,0,265.5034633673206
8,7,1,0,1,1,266.1326338047849
8,9,1,0,0,5,247.9955198255501
8,10,0,0,0,1,235.7261597416021
8,12,0,0,0,1,233.46728711441162
8,14,0,0,1,2,247.12283779910769
8,15,0,0,1,2,247.502652392177
8,16,0,0,1,3,248.93509649904087
8,17,0,1,1,0,260.06808885136246
8,18,0,1,1,0,259.1049843040697
8,19,0,1,1,2,265.06549750710667
8,20,0,1,1,7,275.0105476956602
8,21,1,1,1,3,282.5445952767425
8,22,1,1,0,0,261.215842844568
8,23,1,1,0,5,270.6200256929871
8,24,1,1,0,5,264.18063320708785
8,25,1,1,0,0,263.04291303425185
8,26,1,1,0,7,282.5026241343452
8,27,1,0,1,5,268.6952894388997
8,29,1,1,0,2,268.176449718734
8,30,1,0,0,1,247.33767622011908
8,31,1,0,1,6,264.1655097618951
8,32,0,1,1,1,261.5181520350242
8,33,0,1,0,3,257.2794739533428
8,35,0,1,1,1,263.1238529197515
8,37,0,1,0,4,250.82189387964064
8,38,0,1,0,0,246.10166881734747
8,39,0,1,0,3,254.49697900843327
8,40,0,0,1,6,252.0292487417116
8,41,0,0,1,3,248.84523169552588
8,42,0,1,0,2,249.0335610668013
8,43,0,1,0,2,248.91876046723326
8,47,0,1,0,0,244.71524575314382
8,49,0,1,1,2,260.9922926328407
8,50,0,1,1,3,257.6374841853675
8,52,0,1,0,3,250.06972652923452
8,53,0,0,0,3,235.2623504782342
8,54,0,1,0,3,248.96155969914292
8,55,0,1,0,1,246.46476539048572
8,57,0,1,0,5,254.00131985198132
8,58,0,1,1,3,263.41994987552766
8,59,0,1,1,7,261.8168383553832
8,0,0,0,1,4,250.00151723171868
8,1,1,0,1,5,264.55417906408167
8,2,1,0,0,5,251.60603382482245
8,4,0,0,0,5,238.16817919961554
8,6,0,0,0,1,235.79929052110413
8,7,0,0,0,0,232.4672016661659
8,8,0,0,0,4,236.65947502661942
8,10,0,0,0,7,247.5257755722767
8,12,0,0,0,4,235.70634974393363
8,15,0,0,0,7,249.46643572630296
8,16,0,1,1,5,266.4983129043295
8,18,0,1,0,3,254.7439823518819
8,19,0,0,0,0,233.0037614579118
8,20,0,0,0,5,235.88443608826879
8,21,0,0,0,7,248.8230627219896
8,22,1,1,0,7,275.57848669968695
8,25,0,1,0,7,261.1991715291851
8,27,1,1,0,5,263.0520056056073
8,28,1,1,1,7,295.54184485845303
8,30,1,0,0,0,248.34545000528598
8,32,0,1,0,5,256.94304129335666
8,33,0,1,0,7,267.71118802855466
8,34,1,0,0,3,253.01821042353507
8,36,1,0,0,4,246.70514538475328
8,41,0,1,0,6,246.90218453509524
8,42,1,1,0,6,265.37376185527626
8,45,1,1,0,0,261.7333785877935
8,46,1,1,0,6,265.49880744509613
8,52,1,0,0,0,244.66267718936183
8,53,1,0,0,3,250.2401232899866
8,54,1,1,0,3,264.50294841686144
8,55,1,0,1,1,262.3092476496804
8,56,1,0,0,3,251.04859463512904
8,57,1,0,1,1,259.4204717671228
8,59,1,1,0,7,277.1012218773952
8,3,0,0,0,2,236.80872780425403
8,4,0,0,0,2,236.8205658206336
8,5,0,1,0,3,255.15904374696623
8,7,0,0,1,0,246.71084467994137
8,8,0,0,1,4,249.73394220123427
8,9,1,0,1,5,269.92521631216505
8,10,1,0,0,2,248.42821660401216
8,11,1,1,0,2,266.56669854582856
8,12,1,0,0,7,264.2075976880207
8,13,0,0,0,5,238.08955707711084
8,14,0,0,1,5,249.49976896085226
8,16,0,0,0,3,244.3699727134181
8,17,0,1,0,2,252.444688007883
8,18,0,0,0,3,240.92723558571316
8,19,0,1,1,1,264.2783458405069
8,20,0,1,1,5,264.46589903902657
8,21,0,1,0,6,257.81876503647374
8,22,0,1,0,1,255.32582201437305
8,23,0,1,0,6,255.3842057672692
8,24,0,1,0,3,253.86573668335845
8,26,1,1,0,5,268.84961224435506
8,27,1,1,0,4,267.7088124860751
8,28,1,1,0,7,278.7238488504739
8,29,0,0,0,2,238.3747351894081
8,30,0,1,0,4,254.07748987881138
8,32,0,0,0,2,239.13737334392889
8,34,0,0,0,6,241.23322815555483
8,36,0,1,0,3,252.14053596847197
8,37,0,0,0,6,238.53184846047463
8,38,0,0,0,6,239.20633751270265
8,39,1,0,0,3,249.1321829999276
8,40,1,1,1,2,279.9051213512671
8,41,1,1,1,2,273.2640784040554
8,42,1,1,1,2,276.00946606656987
8,43,1,0,1,7,282.0040163042959
8,44,1,0,0,6,253.54445569211342
8,45,0,0,0,1,234.99084749931126
8,46,0,0,0,6,235.03815966389962
8,47,1,1,0,3,266.5140289692775
8,48,1,0,0,4,246.17769367827276
8,49,1,0,0,4,249.01419381384028
8,50,0,0,0,0,230.18754698663673
8,51,0,0,0,1,232.8845353072898
8,53,0,0,0,4,235.51428821238508
8,54,0,0,0,2,234.761329558667
8,56,0,0,0,3,232.94728091621474
8,57,0,0,1,5,243.99247452499102
8,58,0,0,1,4,249.68669151070745
8,59,0,0,1,0,247.59250597662674
8,0,0,0,1,6,244.46665297104042
8,1,1,1,1,5,278.12444409881886
8,2,0,1,0,6,256.24524008218475
8,3,0,0,0,6,236.8433942345714
8,4,0,0,0,3,236.37922161742952
8,5,0,1,0,2,253.33334566995904
8,6,0,1,0,7,257.5418884357313
8,7,1,0,0,6,255.30695807966669
8,8,0,0,0,3,242.10812878863004
8,11,0,1,0,7,262.44849931492735
8,12,0,0,0,7,249.1474270878985
8,15,0,1,0,3,252.08611762891545
8,19,0,1,0,1,249.27700057094683
8,20,0,1,0,7,264.9960221517234
8,22,1,0,1,7,265.0221232554421
8,23,0,0,0,2,238.51971192995205
8,24,0,0,0,6,248.1609466983604
8,26,1,1,0,3,269.1512280902567
8,27,1,0,1,0,259.7058960301519
8,28,1,0,1,5,265.62271628282804
8,30,0,0,0,5,238.85100550091548
8,33,0,0,0,7,250.17812359455957
8,34,0,0,1,0,243.28350239166116
8,35,0,0,1,0,246.85364940197394
8,36,0,0,1,1,247.2772414604636
8,37,0,0,1,3,253.4642096193101
8,40,0,1,0,0,244.11797915083892
8,43,1,1,0,2,262.657295778709
8,44,1,1,0,6,268.39041315188933
8,45,1,0,0,4,247.20026123203974
8,46,1,0,0,3,246.34656498043688
8,47,1,0,1,7,268.73276707772783
8,48,0,1,0,6,255.19058896371058
8,49,0,0,0,7,247.18751003887718
8,56,0,0,0,0,232.8626728078125
8,57,0,0,0,7,243.4845778523547
8,58,0,0,0,4,234.68425283943273
8,59,1,0,0,7,262.17042282594196
8,1,0,0,0,2,233.98195347801501
8,4,1,0,0,4,250.43065333143136
8,5,1,0,0,4,246.27345380367572
8,8,1,0,0,3,252.12508068881888
8,9,1,0,0,6,252.0283438684353
8,10,0,0,0,3,238.47155348686954
8,16,0,0,0,5,238.66380529441705
8,17,1,0,1,4,263.79995632677264
8,18,0,0,1,7,262.3020515490999
8,20,0,1,0,6,251.5107478424059
8,21,1,1,0,6,272.5775284519853
8,22,0,1,0,4,255.584883919281
8,24,1,1,0,7,281.9187276267956
8,25,1,0,0,2,250.86015323680311
8,27,1,0,1,2,265.9686122059368
8,28,1,1,1,5,279.8385307683183
8,29,0,1,0,1,250.6709478647298
8,30,0,1,0,7,266.46483770672523
8,31,0,0,0,2,237.03906857512334
8,32,0,1,0,0,249.11243055938877
8,34,0,0,1,4,248.66198505595176
8,35,1,0,1,2,263.0586685664164
8,36,1,1,1,2,275.80558531143316
8,37,1,0,1,0,258.07442280965483
8,38,1,0,1,3,260.50597057689583
8,40,1,0,0,6,249.01203792356915
8,41,1,0,0,6,254.0693517415947
8,42,0,0,0,4,231.74424527293488
8,46,0,1,0,7,259.35163090182454
8,48,0,1,0,4,244.68053465989635
8,50,1,1,0,5,259.83874159526226
8,52,0,1,0,0,245.9982686664984
8,53,0,1,0,3,250.27195213353997
8,54,0,0,0,7,239.7886869470066
8,55,1,0,1,6,264.79001021133644
8,56,0,0,1,4,244.42001338942197
8,57,0,0,1,1,245.23380894869086
8,0,1,1,0,5,263.7398254211383
8,1,0,1,0,3,249.90130677628585
8,2,0,1,0,3,251.69459967194504
8,4,0,0,0,6,235.8446976084809
8,5,1,0,0,2,247.05993206548033
8,6,1,0,0,3,254.6305359730377
8,7,1,0,0,5,251.88851031103948
8,8,1,0,0,4,252.76447663187702
8,9,0,0,0,1,237.20763067108646
8,12,0,0,0,0,233.44754114095394
8,15,0,1,1,7,275.39948530855827
8,16,0,0,0,4,236.42695726182257
8,18,1,0,0,5,249.76790288419028
8,19,0,0,1,2,248.0472768880425
8,20,0,1,1,1,263.36709524359026
8,21,0,1,0,1,253.1765063265546
8,22,0,1,0,3,256.41007391918663
8,23,0,1,0,2,252.87210211602167
8,29,0,0,0,1,235.43643869436184
8,33,0,0,0,2,241.93944413504033
8,36,1,0,0,1,245.8635617460728
8,38,1,0,0,4,248.9546445833935
8,39,0,0,0,5,236.82745208546098
8,41,0,0,0,3,235.95734893364764
8,42,0,1,0,7,257.21435407410917
8,43,1,1,0,1,261.8715098782085
8,44,1,1,1,5,278.3048571138762
8,45,1,1,0,7,266.3398098347519
8,47,0,0,0,3,234.6485869957967
8,48,0,0,0,2,233.3092196545719
8,50,1,0,0,5,249.0334955856282
8,51,0,0,0,6,233.52098662042926
8,52,1,1,0,3,261.9118115557513
8,55,0,0,0,7,241.78832952411418
8,57,0,0,0,0,231.15832176433506
8,58,0,0,0,3,235.18913836299538
8,2,0,1,0,7,251.14500770925423
8,3,0,0,0,1,237.3921436988006
8,6,0,0,1,1,250.67134651480995
8,8,1,0,0,2,255.54310300492702
8,9,1,0,0,1,254.93645988048004
8,10,1,0,0,3,253.22247820358925
8,11,1,0,1,6,263.5367350386657
8,13,0,1,0,2,251.4633034245264
8,16,1,1,0,0,260.0557823766705
8,18,0,0,0,0,234.1607224464883
8,19,0,0,0,5,237.67209458649813
8,21,1,0,0,5,253.58099330162437
8,22,0,0,0,5,238.72372857241723
8,24,0,0,0,1,236.046888286832
8,25,0,0,0,2,239.82771119267915
8,26,0,0,0,5,240.1921267937891
8,27,1,0,0,6,254.94175560387987
8,30,0,0,0,0,234.3926337508879
8,33,1,0,0,6,248.55045836412546
8,35,0,1,0,3,254.220735217671
8,38,0,0,0,3,238.76659232806506
8,39,0,0,0,3,238.01599022052395
8,40,0,1,0,4,247.24445435403226
8,43,1,0,0,7,253.17294661825366
8,44,0,0,0,2,235.05662685286637
8,45,0,0,0,0,230.4773325590582
8,46,0,0,0,2,234.9460040475171
8,48,0,1,0,3,250.19724612336927
8,49,0,0,0,0,230.96608832498566
8,50,0,0,0,6,235.79560456556908
8,51,1,1,0,0,259.90672063708564
8,52,1,1,0,4,262.52957921704865
8,53,1,1,0,4,258.12355543763346
8,54,0,1,0,5,250.41353226317264
8,55,1,1,1,4,271.8661204154944
8,56,1,1,1,0,273.64351436469303
8,57,1,1,1,6,281.3003649311401
8,58,0,0,1,3,249.22170409124197
8,59,0,0,1,3,248.06293648480894
8,1,0,0,0,4,233.646114233621
8,2,0,0,0,7,237.50379334358323
8,5,0,0,0,3,237.79494043426268
8,6,0,0,0,4,237.5278892997076
8,8,0,1,1,4,263.7310137219716
8,9,1,1,1,4,283.5750309790148
8,10,1,1,1,4,279.33461293306345
8,11,1,1,1,1,277.3818425265589
8,12,1,1,0,1,263.5126016816428
8,14,0,1,0,2,255.19472653641364
8,15,0,0,0,0,233.044373024722
8,17,0,1,0,4,254.26645253285443
8,18,0,1,0,6,254.07325636631919
8,19,0,0,0,4,238.56602848857338
8,20,1,0,0,6,256.5548749885517
8,22,1,0,0,5,251.8014664166906
8,24,0,0,1,0,242.9102692779861
8,25,0,0,1,3,246.50500894631048
8,26,0,0,1,0,247.57489625295884
8,27,0,0,1,4,252.80507199508173
8,28,0,0,1,2,250.067478822675
8,29,0,1,1,7,278.40049256324147
8,30,0,0,0,3,243.09622031318406
8,32,0,0,1,0,246.6315978934772
8,33,0,0,1,1,248.127008027683
8,35,0,0,0,6,241.09132507572298
8,36,0,0,0,7,243.9361255523507
8,37,0,1,0,5,253.26566611690012
8,38,0,1,1,4,260.8397092837583
8,39,1,1,1,1,277.2962801944916
8,40,1,1,0,2,262.01222071998563
8,41,1,0,0,7,250.93963463593371
8,42,1,0,0,0,244.64640380286068
8,43,1,0,0,0,244.23195098931402
8,45,0,0,0,2,235.16529092859594
8,46,0,0,0,3,234.5919994544321
8,55,1,0,0,5,247.1322347833264
8,58,0,0,0,6,235.00256770329554
8,5,1,1,0,7,267.4665485975477
8,9,1,0,0,0,247.59899790673208
8,10,1,0,0,4,251.67747610017452
8,11,1,0,0,6,252.04259897582435
8,12,1,0,0,6,253.03265380882982
8,13,1,0,0,3,256.1670129049577
8,14,1,0,0,0,246.38731437184052
8,16,1,0,0,0,244.6161108582364
8,19,1,0,0,4,251.88944903081997
8,21,1,1,0,0,261.4941822594942
8,22,1,1,0,2,261.3059618150231
8,24,1,1,0,4,263.7798932522863
8,26,0,0,0,2,239.45631506286514
8,27,0,0,0,0,237.10061258937145
8,28,0,0,0,7,249.06967149058679
8,29,0,0,1,6,252.23029698510217
8,30,0,1,1,5,269.19068217448364
8,31,1,1,1,6,282.66285519520864
8,32,0,1,1,5,262.12361884880977
8,33,0,1,0,2,253.88241944181405
8,37,1,0,0,1,248.9979397026942
8,39,0,0,0,6,237.7714092812983
8,41,1,1,0,3,270.2606955177438
8,43,0,0,0,1,233.01644149367993
8,45,0,1,0,1,248.89527209897798
8,46,0,1,0,4,247.90257250622054
8,49,0,1,0,6,258.57031778990176
8,50,1,0,0,6,251.38697521485977
8,51,0,1,0,2,248.09306527740387
8,54,0,1,0,4,246.9014236713607
8,55,1,1,0,1,262.39390662703414
8,56,1,1,0,3,267.08260724935764
8,57,1,1,0,1,259.4687252362452
8,58,1,1,0,2,263.22276780034207
8,59,1,1,0,2,263.03002753066505
8,0,1,0,0,7,258.3371547141221
8,1,1,0,0,2,251.88104056263083
8,2,1,0,0,6,254.66876165173286
8,5,0,0,0,1,235.72895187800773
8,6,0,0,0,3,237.5688992151297
8,8,0,1,0,6,255.27982463643733
8,9,0,0,0,6,241.16519188185862
8,10,1,0,0,1,249.46405681960934
8,11,1,0,0,7,264.80635230358484
8,12,1,0,0,0,247.88782225370315
8,13,1,0,0,4,250.38653799732452
8,14,0,0,0,2,238.25074259105267
8,16,1,0,0,7,263.4342322939141
8,17,1,1,0,4,265.9593058255919
8,21,1,0,0,0,246.7545421277349
8,23,1,0,0,2,254.46168887073088
8,25,0,0,1,7,261.87934565870046
8,26,0,1,0,3,251.78675310903776
8,28,0,1,0,3,255.65231899859396
8,30,1,0,1,3,260.9231532948588
8,31,1,0,0,3,253.9229620449931
8,32,1,0,0,3,248.0432314887449
8,33,1,0,0,7,260.6094701281183
8,34,1,0,0,7,265.6728115015053
8,35,0,1,0,6,251.0813039248217
8,37,1,0,0,5,249.06024188468353
8,39,1,1,0,2,262.7534094562678
8,40,1,1,0,6,261.3343842548692
8,42,0,0,1,1,243.25633894485367
8,44,0,0,0,0,232.1024824442698
8,46,0,0,0,7,244.36116276156838
8,47,0,0,0,1,232.84925846467897
8,48,0,0,0,1,232.4823208156435
8,53,0,1,0,2,250.0298543973561
8,57,1,1,0,3,261.7161450014289
8,58,1,1,0,4,263.5299478048369
8,59,0,1,0,3,251.9876210999794
8,0,0,0,0,1,231.49100658811386
8,1,0,0,1,1,249.63113772383318
8,2,0,0,1,6,248.4458828052989
8,3,0,0,1,4,247.97632083549198
8,4,1,0,1,2,263.71647375170915
8,5,1,0,1,3,264.5638903980355
8,8,0,0,0,2,236.75323082971212
8,11,0,0,1,7,264.0126551024306
8,13,0,0,0,6,243.39537605117619
8,14,0,0,0,0,233.4830326072787
8,18,1,0,0,7,266.0480394411864
8,21,0,0,0,4,238.3314176100655
8,22,0,0,0,6,243.42627621608176
8,24,0,0,0,4,238.01692932263813
8,32,0,1,0,1,253.80348521691354
8,33,0,1,0,4,255.12843250077862
8,34,1,1,0,4,261.26076417945865
8,36,0,0,0,2,237.94239757361643
8,42,0,1,1,6,262.71360972900516
8,43,1,1,1,5,271.7725101619021
8,44,0,1,0,7,249.67068524881836
8,46,0,0,0,5,234.3688746847307
8,48,0,0,0,7,233.08031397320883
8,49,1,0,0,0,245.63127170977273
8,50,1,0,0,1,243.33832435491996
8,51,1,0,0,1,246.65125808658368
8,52,1,0,0,4,247.87287712228175
8,53,0,0,0,5,235.17701328031922
8,54,1,0,0,7,254.87515182632973
8,59,0,0,0,0,233.60955589499756
8,3,0,0,0,5,236.82719017947989
8,8,0,0,0,7,236.3442948510492
8,9,0,0,1,4,248.3161639262706
8,10,0,0,1,4,247.295826948982
8,11,1,0,1,2,262.33281945744204
8,12,1,1,1,3,283.82003750544675
8,13,1,1,0,0,262.1337846812112
8,14,1,1,0,4,262.5031815648528
8,15,1,1,0,1,263.35993847628606
8,16,1,1,0,3,266.5654530571236
8,17,1,0,1,7,263.2261812706172
8,21,0,1,0,3,255.44988160990712
8,22,0,1,1,6,263.8517093159395
8,23,0,0,1,4,246.8013764083841
8,26,0,0,0,0,236.21713178191968
8,32,0,0,0,4,238.8123855543188
8,35,0,1,0,5,252.95087655462422
8,36,1,1,0,3,261.39856944350163
8,40,1,0,0,3,248.77767405369673
8,41,1,1,0,2,263.94005308353235
8,42,1,0,0,2,251.0470882124487
8,44,1,0,0,1,244.55292374217885
8,45,1,0,0,2,249.05976254837054
8,47,1,0,0,1,247.83904341234648
8,49,0,0,0,3,234.22917973895187
8,53,0,1,0,4,244.64970896083764
8,57,0,1,0,6,252.39288721411305
8,58,1,0,0,4,252.93629930567434
8,59,0,0,0,4,234.94195802419645
8,1,1,0,0,0,247.75510444410656
8,2,1,0,0,7,263.34820175953416
8,4,0,1,0,4,251.8884148164207
8,5,0,1,0,0,248.20796044079273
8,9,0,0,0,5,238.6241399855731
8,10,0,0,1,0,245.85677495322133
8,11,0,0,1,0,245.1828455974068
8,12,0,0,1,0,245.88590634367546
8,13,0,0,1,6,252.59737272679934
8,14,1,0,1,3,264.74599438670015
8,15,1,1,1,1,274.53681488806376
8,16,1,1,1,3,278.3586770046366
8,17,1,1,0,3,261.99253020811676
8,18,1,0,0,6,256.38920902157435
8,21,0,1,0,0,249.79758914758943
8,23,0,1,0,4,247.88781651935884
8,24,0,1,0,7,267.552335597234
8,39,1,1,0,1,260.13339800145224
8,40,1,1,1,3,280.8329667325744
8,41,1,0,1,2,260.3766914985938
8,42,1,1,1,5,275.6782510124662
8,44,1,1,0,3,264.3963015318632
8,45,1,0,0,3,246.66846497548573
8,47,1,0,1,5,257.01317486667756
8,52,0,1,1,7,270.02289625967063
8,53,1,0,1,4,263.6109066318902
8,54,0,0,1,2,252.69710469135882
8,55,0,1,1,5,262.3204320191265
8,58,0,0,0,5,235.45112497377553
8,0,0,0,1,0,245.4450709538927
8,1,0,0,1,3,251.51574068497948
8,6,0,0,0,6,237.27086002989407
8,8,1,1,0,7,275.4748075103745
8,11,1,1,0,4,267.3174230830453
8,17,0,0,0,1,238.67042570201713
8,19,0,1,0,4,252.926428791818
8,23,1,1,0,6,265.7136204084956
8,25,0,1,1,6,263.6041422232141
8,26,0,0,1,7,253.21709661239288
8,28,1,0,0,0,247.22011540997056
8,29,1,0,0,5,249.1163679459127
8,33,0,1,1,3,267.2449687366057
8,35,0,0,0,3,239.04412096931583
8,36,0,1,1,4,260.21675679418155
8,37,1,1,1,5,272.88533526034064
8,38,1,1,0,2,257.66468417496185
8,39,1,0,0,2,246.1708768592073
8,40,1,1,0,3,263.08581861807903
8,41,1,1,1,5,276.9423513583733
8,43,0,1,1,3,257.1455617152647
8,45,1,1,0,1,261.29503153717246
8,46,1,1,0,3,264.5599139924943
8,49,0,0,0,4,233.97837582049198
8,52,0,0,1,1,244.0407579475692
8,53,0,0,0,2,235.02738544459515
8,54,0,0,0,5,234.91482433484742
8,55,0,0,0,3,234.62542711930104
8,57,0,0,1,0,241.52401375710926
8,3,0,1,1,1,259.8295104194803
8,4,0,1,1,7,276.49843527936366
8,5,0,1,1,4,260.9251682669049
8,6,0,1,1,0,260.84921698889605
8,7,0,1,1,1,262.3924831752289
8,9,0,1,0,5,248.8005133151759
8,10,0,1,0,0,246.53005871952433
8,11,0,1,0,2,253.99631629813035
8,15,0,0,1,6,249.02327593062168
8,16,0,1,1,2,262.3778987584826
8,17,0,0,1,5,246.78334790080518
8,20,0,1,0,4,250.06607192217993
8,25,0,0,0,5,241.142009693526
8,27,1,0,0,5,252.73344078045176
8,30,0,0,0,7,251.94726683013917
8,31,1,0,0,1,250.0980565976079
8,32,1,0,0,4,249.9582362564294
8,36,0,1,0,4,250.17788664548956
8,38,1,0,0,5,250.13027162715508
8,40,0,0,0,3,237.50875080226132
8,41,0,0,0,6,232.13891913955592
8,42,0,1,0,6,249.62524580159428
8,44,1,0,0,7,250.25240398964206
8,47,0,0,0,2,235.2373984684216
8,48,0,0,0,6,238.83920048745784
8,49,0,0,0,1,232.6143071461384
8,50,0,0,1,5,246.6302083324036
8,52,0,0,0,0,232.93250192362422
8,55,0,0,1,6,254.46038566281842
8,56,0,1,1,5,258.37883590751545
8,59,1,0,0,5,249.77851596742966
8,1,1,0,0,7,257.15782329996733
8,3,1,0,0,5,253.22046511873265
8,5,0,0,1,0,244.6356297344655
8,6,0,0,1,2,248.51680375869643
8,7,0,0,1,7,260.720003769019
8,11,0,0,0,6,236.11520562741111
8,14,1,0,0,2,249.71899943732646
8,15,1,0,0,1,247.40178162924173
8,18,1,0,1,1,259.83163692213
8,21,0,0,0,3,235.89938499820363
8,27,0,0,0,1,238.9252489611432
8,28,0,0,1,3,254.03351735869117
8,30,0,0,0,2,238.21258762673347
8,32,0,0,1,1,249.3849089799501
8,33,0,0,1,5,251.55726154941965
8,35,0,0,1,6,252.35576253892629
8,36,0,1,1,0,256.22349958097914
8,37,0,1,1,4,260.4267415392106
8,39,0,1,1,7,270.9982664750273
8,41,1,1,0,1,260.18201389708855
8,42,1,1,0,5,264.0010447479529
8,43,0,1,0,4,245.68047007813016
8,47,1,0,0,7,249.7280304823017
8,48,1,1,0,5,262.3466212252906
8,55,0,1,0,6,248.04351767062303
8,56,1,1,0,4,264.97587856319683
8,57,0,1,0,2,250.80565712376549
8,59,0,0,1,7,259.85529358719486
8,1,1,0,0,1,248.31067545759663
8,3,1,1,0,6,270.7655362997943
8,6,1,0,0,0,248.07561562177114
8,7,1,0,0,3,247.6893170121638
8,8,1,1,0,6,270.0851597978181
8,12,0,0,0,6,236.06996061923027
8,14,1,1,0,0,262.67085718538044
8,15,1,1,0,7,276.99754645765483
8,21,1,0,1,4,259.45891752446795
8,22,0,0,1,1,249.3173873541065
8,26,0,1,0,1,249.73852100201648
8,27,0,1,0,5,251.92578893486123
8,28,0,1,0,5,252.4409095540924
8,31,0,0,0,0,234.28229551986095
8,35,0,0,0,4,235.6993332552728
8,45,0,0,0,6,235.4289484544032
8,46,0,0,0,4,233.3476983443041
8,48,0,0,0,0,232.93100942356782
8,51,0,1,0,4,248.6640186808456
8,53,0,1,0,1,246.81565220921192
8,54,0,1,1,3,261.2883492671802
8,55,0,1,0,2,248.11374796997723
8,58,1,0,0,2,253.09187860304598
8,59,1,0,0,6,251.22491188731556
8,1,1,1,0,2,264.10638710334865
8,2,1,0,0,1,250.74367026294533
8,3,1,0,1,2,265.60429201140585
8,4,1,1,1,7,290.1703181838343
8,5,0,1,0,1,250.63032216052054
8,6,0,1,0,1,248.79180078169566
8,7,0,1,0,3,253.15368186671512
8,8,0,1,0,2,251.9594803080839
8,9,0,0,0,7,243.68456938947318
8,13,0,0,1,1,248.42266836036669
8,17,0,0,0,2,234.1543611009824
8,20,0,0,0,4,239.43467432615137
8,23,0,0,0,5,238.18219725172324
8,25,1,0,0,6,255.42657528425474
8,27,0,0,0,3,245.27500785018705
8,28,0,0,0,4,235.93642883160982
8,33,0,1,0,0,247.88523743385775
8,34,0,1,0,4,247.45791837784355
8,35,1,1,0,2,264.47906029739977
8,36,1,0,0,5,247.9705839268186
8,42,1,0,0,6,248.18776427161768
8,46,1,0,1,1,257.75905712866654
8,51,0,1,0,1,245.92757872978171
8,52,0,1,0,2,249.57857418200166
8,56,0,0,1,5,245.9802959620054
8,57,0,0,0,6,235.55161930939178
8,58,0,1,0,1,249.3865780874538
8,2,0,0,1,1,245.58774567035508
8,10,0,0,1,7,260.42510735827295
8,13,0,1,1,2,263.83851865672966
8,14,0,0,1,0,244.64941856022156
8,15,0,0,1,3,248.59658216768705
8,17,0,1,0,7,261.72108855373926
8,20,0,1,0,5,250.04834260210305
8,24,0,1,0,0,249.01075329915304
8,26,0,0,0,1,240.254569202217
8,27,0,0,1,5,252.31300125784713
8,29,1,0,0,3,250.53692649350995
8,30,1,1,0,2,260.8720394632847
8,31,1,0,0,4,250.8591003129472
8,34,0,0,0,1,233.00371076353645
8,35,0,0,1,3,251.07612046881488
8,40,0,0,1,2,246.86731664152128
8,41,0,1,1,7,274.33316848210734
8,45,1,0,0,0,244.84240327219325
8,47,0,1,0,7,256.9229237134036
8,50,0,0,0,4,232.16465624310138
8,53,0,0,0,0,230.6542044707461
8,54,0,0,0,1,232.14537805130496
8,57,0,0,0,1,235.34935858915253
8,3,0,1,1,0,260.5065364819821
8,5,0,1,0,7,262.3310198475273
8,6,1,1,0,5,263.72400938745517
8,7,0,1,1,3,269.90242866778345
8,8,0,1,0,5,252.23388131590735
8,9,0,1,1,4,259.9242891899698
8,10,0,1,1,4,265.7456512110614
8,11,0,1,1,5,266.53584880191147
8,13,0,1,0,5,248.86848770404814
8,14,0,1,0,3,255.4891943556088
8,20,0,1,1,4,260.2592395856775
8,21,0,1,1,1,266.2175089470885
8,23,0,0,0,4,239.13066419730688
8,31,1,0,0,2,247.00059776440057
8,32,1,0,0,1,247.9826488185886
8,34,0,0,1,6,248.55741232321816
8,35,1,1,1,3,280.7149492812133
8,38,1,1,0,1,261.38422701604424
8,39,1,1,0,3,261.47052348020645
8,41,1,0,0,2,250.33406142896473
8,44,0,0,0,3,234.88532198359144
8,45,0,0,1,5,249.32907625544118
8,49,1,1,0,4,260.77196027524025
8,50,1,1,0,6,260.6266408125706
8,51,0,1,0,6,248.31318686975658
8,53,1,1,1,5,271.7132589777677
8,58,0,1,0,3,251.25568320611328
8,59,0,0,0,7,243.1324600732336
8,0,0,1,0,4,251.05226059618724
8,2,0,1,1,0,259.1043736259688
8,3,0,1,1,3,261.11521141135256
8,9,0,1,0,7,262.4455451097555
8,10,0,1,0,6,252.42119704405687
8,11,1,1,0,3,267.55962879585337
8,12,1,0,1,2,262.09074872605885
8,13,1,0,1,3,263.4565211553558
8,14,1,0,0,3,262.98538291948694
8,15,1,0,0,5,251.3833878422154
8,16,0,0,1,1,244.3700825626977
8,17,0,0,0,0,231.8134025032351
8,22,0,0,0,1,237.4473492469617
8,23,0,0,1,6,254.1087386168032
8,25,0,0,1,4,245.62401937483796
8,28,0,1,1,1,263.91809261384907
8,29,0,1,1,6,267.8407817788755
8,32,0,1,1,7,279.8126874944438
8,35,0,1,0,7,263.40440139249256
8,36,1,0,0,0,243.4205362987392
8,40,0,0,0,7,237.38175245444629
8,45,0,1,0,6,248.6000270491505
8,47,0,0,0,6,234.9953162576013
8,48,0,0,0,4,233.59701609270647
8,50,0,1,1,7,271.0803427112896
8,55,0,0,1,4,245.794610833153
8,56,0,0,1,0,241.72419224927998
8,57,0,0,1,3,246.20065333408616
8,0,1,0,0,1,250.07414809261684
8,2,1,0,0,3,250.136211677949
8,4,1,0,0,3,248.9060871135163
8,5,1,0,0,1,250.74940013065853
8,6,1,0,1,5,267.42237675002303
8,10,1,0,0,6,255.7965471068352
8,14,1,1,0,6,270.4867951939372
8,24,0,0,1,6,246.2719631977297
8,27,0,1,0,3,257.9614496121324
8,33,0,1,0,1,249.5261773599869
8,34,0,1,0,3,253.37102119618686
8,36,0,0,0,0,234.6792316496857
8,41,0,1,0,5,249.40418409978645
8,42,0,1,1,2,262.30287821680025
8,43,0,0,1,7,253.7249687945594
8,46,0,0,0,1,234.3355462323967
8,49,1,0,0,3,250.32956517899254
8,50,1,1,1,7,273.41949497530356
8,52,0,0,1,5,246.1968651018833
8,56,0,1,0,4,250.55746936557574
8,57,0,1,0,7,260.6745143189823
8,59,0,1,0,5,249.32006950308886
8,0,1,1,0,6,263.2003938267074
8,2,1,1,0,5,266.0098427739602
8,4,0,0,0,7,249.70293079598616
8,5,0,0,0,0,234.17951620834822
8,7,0,0,0,7,245.6378560652389
8,12,0,1,0,3,255.29741103562964
8,13,0,1,0,6,253.7213969214303
8,14,1,1,0,3,269.9135315402237
8,17,1,0,0,7,251.1068439817224
8,19,1,1,0,3,269.77871779392433
8,20,1,1,0,1,263.08706298707614
8,24,0,1,1,7,282.5214290318925
8,25,0,1,0,4,251.60695600296333
8,26,0,1,0,5,252.67875392409297
8,27,1,1,0,7,269.360485834142
8,28,1,1,1,6,280.33673033738387
8,29,0,0,1,2,247.83098625987907
8,30,0,0,1,4,248.52471952283096
8,31,0,0,1,0,247.67573453846217
8,33,1,1,1,5,274.78598586617585
8,39,0,0,0,2,237.37914016239083
8,54,0,0,0,3,234.95119142126063
8,58,1,0,0,0,245.60143878899572
8,59,1,0,0,2,250.8958296773921
8,0,1,0,0,5,250.42427034119947
8,2,0,0,0,2,236.103019005193
8,3,0,1,0,6,252.06098992413646
8,6,0,0,1,6,253.85456209124874
8,7,0,0,1,2,251.37251875661664
8,8,0,0,1,1,249.66650748297423
8,9,0,0,1,2,248.1526645964459
8,12,1,1,1,7,280.841613177164
8,13,1,0,0,6,258.3084696910868
8,16,0,0,0,0,233.34317428263688
8,20,0,0,0,1,234.0970139695587
8,21,0,0,0,0,233.05140017235334
8,25,1,0,0,0,247.8144120822968
8,26,1,0,0,7,267.65200137153045
8,28,1,1,0,1,264.0847325047221
8,30,1,1,0,5,265.25132608690876
8,31,1,1,0,5,264.9403585273806
8,32,1,1,1,7,298.9670259981947
8,37,0,1,0,1,248.8056541125628
8,38,0,1,0,7,263.36913442897077
8,40,0,1,0,2,247.29257512166956
8,43,0,0,0,6,233.349204644985
8,44,0,0,0,1,233.6026929365584
8,46,1,0,0,2,243.66657121489803
8,48,1,0,1,3,259.93922679958865
8,49,1,0,1,7,277.8088315178223
8,50,0,0,0,3,233.93719259633184
8,53,0,0,0,6,235.92595482956804
8,54,0,0,0,6,235.2639658307303
8,56,0,0,0,1,232.89070711232966
8,1,1,0,0,3,251.33706941096221
8,2,1,1,0,7,276.7699039427619
8,5,1,0,0,7,253.98064030199853
8,6,0,0,1,0,247.06568246488453
8,8,0,1,1,0,256.38570797851196
8,9,0,1,1,7,258.99304586424984
8,10,0,1,0,3,250.59118793893444
8,12,0,1,1,0,259.87984236756523
8,13,0,1,1,1,261.3670946895733
8,15,0,1,1,6,263.0855619855698
8,16,0,0,1,5,248.08108959507078
8,20,1,0,0,5,251.70439679763916
8,23,1,0,0,4,245.96729538007136
8,28,0,1,0,1,247.10099841365036
8,30,0,0,1,7,259.0163510622977
8,31,0,1,0,2,256.09949858119785
8,32,0,1,0,7,262.98492904897347
8,34,0,1,0,5,253.17987762812982
8,35,0,1,1,4,265.9673950070254
8,36,1,1,1,5,279.2481973729146
8,38,0,1,0,3,254.16468245558363
8,42,0,0,1,5,243.52302941810794
8,43,1,0,0,2,247.6540015171643
8,44,1,0,0,4,248.1127192124722
8,47,1,0,0,5,249.71353746346503
8,49,0,1,0,3,246.58253863127925
8,54,0,0,0,0,230.39534926877087
8,58,0,1,1,7,274.2728303790909
8,0,1,0,0,0,245.31485720921484
8,1,1,0,0,4,251.99920235820466
8,5,0,0,0,7,243.84095409830556
8,6,1,1,0,4,266.9488791665434
8,8,0,1,1,3,266.18276170534784
8,11,0,0,0,4,235.9236886430473
8,12,0,0,0,2,235.33348148526173
8,13,0,1,0,3,254.95049784899786
8,16,1,0,0,3,244.16492079171093
8,17,1,1,0,1,264.8141927124218
8,18,1,1,0,0,259.9248115309363
8,19,1,1,0,4,264.2009021901616
8,21,0,1,0,7,270.46256598600604
8,23,0,0,0,7,251.16478307154802
8,26,0,0,0,7,253.85294278311153
8,27,1,1,0,6,275.3173180524167
8,29,1,1,0,3,266.9988156050251
8,30,1,1,1,5,278.85665812624364
8,32,0,1,0,3,253.72918615918155
8,36,0,0,1,2,247.80372863919405
8,37,0,0,1,7,248.53587180255337
8,38,0,0,1,0,241.63881799840703
8,39,0,0,1,0,246.3355195134731
8,40,0,0,1,4,249.88093147754321
8,44,1,1,0,7,272.82536458819493
8,46,0,0,1,0,241.46661424810813
8,47,0,0,1,5,246.14554810304145
8,48,1,0,0,2,243.8685250477189
8,49,1,1,0,7,266.66443861050317
8,51,0,1,0,0,245.3721227584737
8,54,0,0,1,6,252.65815362187774
8,56,0,1,1,1,262.0000160320809
8,57,0,1,0,3,253.9538373891733
8,1,0,1,0,5,249.96312397911672
8,2,1,1,0,6,263.85100611832297
8,3,1,0,0,4,248.2066388333352
8,5,0,0,0,4,238.86997652714902
8,6,1,0,0,4,249.08360225365283
8,7,0,0,0,6,239.9269318391706
8,10,1,0,0,5,251.09026244006458
8,13,1,1,0,6,266.4192307597862
8,20,0,0,1,3,249.38924226885734
8,23,0,1,0,7,269.4231517286025
8,25,0,0,0,6,243.50407245863974
8,32,1,1,0,0,262.9756846770904
8,33,1,1,0,2,263.16902871436923
8,34,1,0,0,6,254.49238769925995
8,41,0,1,0,3,248.26359678418345
8,42,0,0,1,4,246.10451025455228
8,43,0,0,1,3,249.99578979755256
8,47,0,1,0,4,246.69594207557375
8,50,1,0,0,4,249.6143569358775
8,52,0,0,0,5,235.71528233245832
8,53,1,0,0,2,244.68165534507932
8,54,1,0,0,2,245.05226776388164
8,55,1,0,0,3,247.89352019808592
8,58,1,0,0,1,248.38280095635238
8,59,1,0,1,3,263.1708185426219
8,0,1,1,0,0,262.5822748284717
8,1,1,1,0,5,261.9922711103965
8,3,0,1,0,7,265.2449834045825
8,11,0,1,0,1,248.8042327331412
8,12,0,1,0,4,250.1089411725322
8,13,0,1,0,1,248.41675040052553
8,15,1,1,0,4,267.08585966255566
8,16,0,1,0,5,253.80068540092967
8,19,1,0,0,5,252.0446196516908
8,20,0,0,1,4,246.42034799949866
8,21,0,0,1,3,251.09129099557305
8,22,0,0,0,2,240.33648525600114
8,24,1,0,0,6,252.26043714910747
8,26,0,1,0,6,254.45471121375115
8,32,0,0,1,5,250.62500082859702
8,35,1,0,1,0,260.31479048200947
8,36,1,0,1,6,261.57444295946686
8,37,0,1,1,2,262.46874611057046
8,38,0,0,1,5,249.73934117252884
8,40,1,0,0,2,248.16176171278738
8,47,1,0,0,6,252.00524291526204
8,50,1,1,0,3,260.5856945657787
8,51,1,0,0,4,246.47514681941027
8,56,0,0,0,5,233.23361064386262
8,4,1,0,0,6,260.7931029114827
8,11,0,0,0,1,234.47813514285755
8,15,0,0,1,4,246.75369517825598
8,16,1,0,1,2,263.22852695531327
8,17,1,0,1,0,255.62698459991407
8,18,1,0,1,7,268.44163810149786
8,19,1,0,0,2,249.82319031450544
8,23,1,0,1,6,262.1249398276166
8,29,1,1,0,1,263.2671804916663
8,30,1,1,1,3,277.3341941399075
8,31,1,1,0,4,264.5197463608274
8,33,1,1,0,1,258.8073192881759
8,34,1,1,0,1,261.1980011534264
8,35,1,1,1,7,292.1652451757011
8,38,0,0,0,5,239.11389581294875
8,39,0,0,1,4,246.07413501098608
8,41,0,0,0,4,236.62407634253216
8,42,0,0,0,3,238.15664324319917
8,43,0,1,0,5,247.62208834084788
8,44,0,1,0,2,247.40866677448568
8,46,0,0,0,0,231.10396541564742
8,52,1,1,0,2,263.56524327501387
8,53,1,1,0,6,263.4317059037752
8,55,1,1,0,3,261.8364841763695
8,56,1,0,1,5,265.8873712603112
8,57,0,0,0,5,234.57820341746347
8,58,0,0,0,1,233.80155767552702
8,0,0,0,0,3,235.91416300046876
8,6,0,0,0,7,241.91020853124564
8,8,0,1,1,7,276.98814562967965
8,16,0,1,0,1,250.87373379972937
8,18,0,1,0,2,254.09856655144193
8,20,1,1,0,0,265.7107130503844
8,21,1,1,0,7,282.21152011844976
8,22,1,0,0,3,249.2974035323553
8,24,1,0,0,4,253.00510164077266
8,28,0,1,0,4,251.9758923194878
8,29,1,1,0,6,269.0496299269538
8,31,0,0,0,6,242.94211201156241
8,33,0,1,0,5,254.11404553345398
8,38,0,0,0,0,232.62928593500862
8,40,1,0,0,4,246.78945015959368
8,46,1,1,0,1,264.2740944255901
8,47,1,1,1,1,270.183262368008
8,48,1,1,0,0,256.90505707923336
8,49,1,1,0,5,260.3589644945567
8,50,0,1,0,3,246.39382213452834
8,56,1,0,0,2,249.8503628521735
8,57,1,0,0,6,250.2586095601894
8,0,1,1,1,1,277.53347110640715
8,1,1,1,0,4,263.9568633941369
8,6,0,1,0,2,252.94530652460261
8,11,0,0,1,4,252.44388988482208
8,13,1,0,0,0,246.26959401881825
8,16,0,1,0,0,247.80561555577515
8,18,0,1,0,4,247.57651636473378
8,24,0,0,1,1,246.31485203819534
8,26,0,1,0,0,249.50181058224325
8,33,0,0,1,4,250.77769140518274
8,40,1,0,0,7,251.89056687139495
8,43,1,1,1,1,275.2456436765161
8,44,1,1,1,6,281.31033039953434
8,45,0,0,1,0,243.44362967816062
8,47,0,0,1,3,249.59193791686772
8,52,0,0,0,2,233.31065701471255
8,54,1,1,1,4,278.0476928894707
8,55,1,1,1,3,281.1936154803533
8,57,1,0,0,0,245.98819123374648
8,58,1,0,0,5,251.995459303813
8,59,1,0,1,6,265.25249865185623
8,0,0,1,1,4,265.45298240655376
8,2,0,1,0,0,247.91726072947841
8,7,1,0,0,2,251.30432721903117
8,9,1,1,0,7,277.3747941763658
8,11,0,0,0,0,233.6032334015972
8,13,1,1,0,3,262.66188914750944
8,16,1,0,0,4,246.55426816109562
8,20,0,0,1,2,246.17124552466947
8,21,0,0,1,1,248.9794218774872
8,28,0,0,1,6,256.43557599171197
8,30,0,1,1,7,283.47810811216146
8,33,1,1,0,0,260.24824623783445
8,34,1,1,0,5,264.11263210681244
8,48,0,1,0,0,242.21599184958708
8,51,0,0,1,2,245.89815830903677
8,52,0,1,1,5,258.65200413543835
8,53,0,1,0,6,248.9070566564671
8,59,1,0,0,4,250.7437841814841
8,2,1,0,1,6,263.169585892333
8,4,0,1,1,1,263.7623696424602
8,9,1,1,0,4,264.1952462666553
8,10,1,1,0,2,263.10978215842476
8,12,1,1,0,2,264.332043144359
8,14,0,1,0,0,247.6709522734603
8,15,0,1,0,4,251.37299944365142
8,18,0,1,0,7,260.15121273137447
8,19,1,0,1,3,273.0492911174231
8,20,1,0,0,7,268.3147778993695
8,21,0,1,0,5,253.94128286192358
8,22,0,1,1,5,263.19500164743624
8,24,0,1,1,2,264.48999896062435
8,25,0,1,1,3,262.1801885247334
8,28,0,0,1,4,254.0056966468414
8,29,1,0,1,7,280.50444436500044
8,32,1,0,0,5,246.332588849136
8,34,0,1,0,6,256.7662792074413
8,37,1,0,0,2,249.03230331644423
8,38,1,0,0,1,243.746180278033
8,42,1,1,1,1,275.1014483117166
8,43,1,1,0,5,262.68884137454825
8,44,1,1,0,1,258.2140585310652
8,46,1,1,1,5,273.10759448927155
8,47,0,1,1,4,259.9358404451528
8,48,1,1,1,4,270.17903691999857
8,49,0,1,1,4,259.5769709840102
8,53,1,1,0,7,272.2775130184308
8,57,0,0,1,4,244.76381875584391
8,58,0,0,1,7,258.4967108446635
8,59,0,0,1,6,250.21298537607396
8,0,1,1,1,2,273.60277063059556
8,1,1,0,1,3,268.00991350224103
8,5,0,1,0,6,254.60697312812493
8,7,0,0,0,4,236.7285123594067
8,9,0,0,1,3,246.25487558675758
8,12,0,0,1,5,245.86014851682893
8,23,0,1,0,1,249.58476298742045
8,24,0,1,0,6,256.743400700424
8,26,1,0,0,0,248.01189307608388
8,29,0,1,0,6,254.19845076067872
8,31,0,0,1,5,252.4990736666316
8,32,0,0,0,5,237.2865188569736
8,37,0,1,0,0,247.13160671206109
8,39,1,1,0,7,278.5160779925435
8,40,0,1,0,6,253.19410639248153
8,55,1,0,0,4,243.786438410837
8,59,1,1,1,4,279.98016451983085
8,0,0,1,1,5,266.54385352379
8,1,1,1,0,3,266.43461012865345
8,4,0,1,0,1,249.6720942244162
8,7,1,1,0,5,267.36255255818367
8,10,0,1,1,6,276.1428223256293
8,14,0,0,1,7,267.2989678065253
8,18,0,1,1,5,268.64961973259403
8,25,0,0,1,5,246.96139177756697
8,30,0,1,0,2,255.91219081411393
8,34,0,0,0,0,232.57327481207682
8,40,1,0,1,2,262.146389941252
8,41,1,0,1,5,259.4725965439472
8,43,0,0,1,4,244.36163971296236
8,44,1,0,1,7,261.49453568816193
8,47,1,1,0,7,269.6353695366902
8,48,0,0,1,4,247.01653864133056
8,49,0,0,1,3,244.8538158287772
8,50,0,0,1,7,259.99365542354656
8,51,0,1,1,3,267.7524950986286
8,53,1,1,0,2,257.98848934949103
8,54,1,0,0,6,249.02128699867572
8,59,0,1,1,1,262.3830171240642
8,0,0,1,0,1,249.35937659078257
8,1,0,1,1,1,258.68601481510143
8,7,0,1,0,6,251.6167892941086
8,14,0,0,0,3,238.17509577019666
8,22,0,1,0,2,252.52252273011314
8,24,0,0,0,2,238.57359255353714
8,30,1,1,0,4,265.0503896700429
8,32,0,1,0,4,254.21554963623433
8,35,0,0,1,2,249.0485737712651
8,37,0,1,1,3,268.4246948382884
8,40,0,1,0,1,245.57912218246673
8,42,0,1,0,0,243.24367273707492
8,43,0,1,0,6,249.40182210539675
8,44,1,1,0,0,257.1414434157327
8,48,0,0,0,3,232.9971733106485
8,55,1,1,0,4,264.3939088866325
8,57,0,1,0,1,250.32161545159786
8,59,0,1,1,4,259.0999552306892
8,0,0,1,1,7,271.0889033887584
8,1,1,1,0,0,259.12746581137
8,2,1,1,0,2,262.8566617216498
8,5,1,0,1,0,262.80364104089364
8,6,1,0,1,3,264.7799023539943
8,7,1,0,0,4,246.06106180028516
8,9,0,0,0,4,238.4281755718138
8,11,1,0,0,1,250.0760780366054
8,12,1,0,1,3,264.1829759594689
8,14,1,0,0,6,250.7479501623988
8,19,1,1,0,7,278.1037437705791
8,22,0,0,1,6,245.8861266029102
8,25,0,0,1,6,249.64123424387037
8,26,0,1,1,2,265.631193028598
8,27,0,1,1,0,259.5825946477495
8,28,0,1,1,0,257.6547445054904
8,35,1,0,0,4,251.01774119500502
8,41,0,1,0,0,243.29089691098903
8,43,0,1,1,7,270.2004243707971
8,45,1,0,0,7,259.11857821585687
8,47,0,1,1,2,263.2215028502123
8,48,0,0,1,1,248.53339666420695
8,52,0,0,0,6,233.6049313332343
8,57,1,0,1,3,260.25616578093997
8,0,0,0,1,7,257.54887396338086
8,3,0,1,0,1,251.0359588287435
8,4,0,1,1,0,258.1809014516566
8,5,0,1,1,2,263.02116657932766
8,9,1,1,1,3,285.72476434396543
8,11,1,0,1,4,261.9656945704049
8,13,1,1,1,4,277.533737305064
8,14,1,1,1,1,274.6644917885769
8,16,1,1,1,7,293.20097884107435
8,19,0,1,0,5,252.93745850733825
8,24,1,0,1,3,265.5292900217868
8,25,1,0,1,1,263.9148973327572
8,26,1,0,0,5,257.19585675243246
8,28,1,0,0,7,265.2543738862424
8,29,1,0,0,1,248.6706899874955
8,39,0,1,0,5,251.1735425948518
8,44,0,1,0,0,245.23673501624688
8,45,0,1,0,2,248.575399867942
8,50,0,0,0,1,232.79014025599102
8,52,0,0,1,6,251.71926718159506
8,53,0,0,1,7,257.9279042329123
8,58,1,1,0,0,261.96802662717687
8,59,1,1,0,0,259.60547332158177
8,0,1,1,0,3,269.1834889136432
8,1,1,0,0,5,246.0626395278524
8,2,0,0,1,3,248.17207947658517
8,3,0,1,0,2,251.25128181767076
8,6,1,1,0,2,264.0337896233268
8,8,1,0,0,6,256.2761921761396
8,9,0,1,0,2,253.8120879787486
8,15,0,0,0,4,236.81993780913874
8,20,0,1,0,3,256.76682903684133
8,25,0,1,0,0,248.6658127801847
8,29,0,1,0,2,251.65625929827482
8,31,0,1,0,1,250.7038132757876
8,34,0,1,0,7,266.9803635364032
8,37,1,1,0,4,262.75702210709267
8,38,0,1,0,5,255.05474647824974
8,39,0,1,0,6,252.0258422111551
8,41,0,0,1,0,241.0785594622788
8,42,0,0,1,3,243.8940442886352
8,47,0,0,0,0,228.29924302168507
8,3,1,1,1,5,281.0604095360476
8,11,0,0,0,3,236.12014653117606
8,13,0,0,0,1,234.01514722845243
8,19,0,0,0,1,235.44397525746507
8,22,0,0,1,4,247.28673519485866
8,23,0,0,1,3,254.20965199249102
8,25,0,0,0,4,240.60768587886463
8,29,0,0,0,3,236.50976081324103
8,30,0,0,0,6,239.88703877305122
8,31,1,1,0,0,261.3960266712312
8,32,1,1,0,4,263.4620689549064
8,33,1,1,0,4,264.86786024478016
8,35,1,1,1,6,280.04325811728063
8,36,1,0,1,4,256.17855765124443
8,37,0,0,1,1,244.53513135225518
8,42,0,1,0,4,248.4177753735319
8,45,1,1,0,6,259.83302387813154
8,46,1,1,0,5,263.556600980254
8,48,1,1,1,7,283.79908146866967
8,52,0,1,1,3,261.37906121613753
8,56,0,1,1,7,258.53802348955224
8,59,0,0,0,3,235.53947228721424
8,0,0,0,0,6,236.01691496450889
8,3,1,1,0,1,262.2328204750955
8,8,0,0,1,6,250.66351742234482
8,10,0,1,1,1,260.5351468077641
8,12,0,1,0,1,251.45554264967208
8,16,0,0,1,2,247.09106116479427
8,17,0,1,1,7,266.65980452373196
8,21,0,1,1,7,263.8552632386125
8,22,0,0,1,7,251.5406124005651
8,25,0,0,1,0,244.54035274627873
8,27,0,0,1,6,251.00701976546486
8,28,1,1,1,0,270.2616717968954
8,29,1,1,1,6,279.6178946453805
8,30,0,1,1,4,262.73853290179517
8,31,1,1,1,7,278.8147622672052
8,33,0,0,1,7,265.23314410278925
8,34,0,1,1,6,269.1130664231141
8,37,1,0,0,7,259.9654511023039
8,38,0,1,0,6,254.90433045387863
8,40,0,1,1,5,260.1687070105888
8,41,0,1,1,1,262.5460453294987
8,42,0,1,1,3,261.59250916867717
8,47,0,0,0,5,234.66960059781783
8,50,0,0,0,7,248.0603153427166
8,56,0,1,0,7,254.65308623835116
8,57,0,1,1,5,260.9166285541954
8,58,0,1,0,2,251.88873800325763
8,1,0,1,0,6,249.7852739185007
8,4,0,1,1,3,265.2544413115887
8,7,0,1,0,7,260.43320372195654
8,8,0,1,0,0,245.58219733196256
8,10,0,0,0,6,236.91257818178053
8,19,0,1,1,3,265.7265194441006
8,21,0,0,1,4,248.35586472750492
8,22,0,0,1,0,247.2539554406564
8,24,0,1,1,4,263.633339892282
8,25,0,1,1,2,261.2168643992349
8,26,0,0,1,1,248.33066908529437
8,30,0,1,0,3,257.03743344745607
8,36,0,1,0,1,248.57059373981676
8,38,1,1,1,6,274.7813226096258
8,40,0,1,1,6,262.2039087024983
8,41,1,0,1,1,258.7763848970496
8,50,1,0,0,2,247.28004131021373
8,51,1,0,0,7,247.82950728507132
8,53,0,1,0,0,244.23939621726424
8,56,1,0,1,3,263.80027314847376
8,57,1,1,0,6,270.675934530296
8,1,0,1,0,0,245.9367488990182
8,4,0,0,1,7,248.53138203506882
8,9,1,0,1,7,260.6244452271559
8,13,0,1,0,7,262.7355583882505
8,15,0,1,0,5,248.8693760931049
8,21,1,0,0,3,256.5503823162424
8,22,1,0,0,2,248.0963149244234
8,25,1,0,0,5,250.12773297699874
8,26,1,0,0,6,257.04304108197783
8,27,0,1,0,7,269.17976842557954
8,44,0,1,0,6,254.20227865097024
8,48,1,0,0,1,242.5075039188271
8,52,0,0,1,0,244.3132845485703
8,56,0,1,0,1,246.41066346025065
8,57,0,1,0,4,253.1512309499818
8,0,1,1,1,6,275.97685317390074
8,1,0,0,1,2,249.94501047318053
8,3,0,1,1,4,262.25071682358566
8,5,0,1,1,1,261.54231539838463
8,18,0,0,0,1,235.41336478309344
8,19,0,0,1,0,246.32001081942443
8,21,1,0,1,1,259.5707728275993
8,22,1,0,1,6,278.1318339456912
8,27,1,0,0,2,255.13299551220194
8,29,0,1,0,7,263.67966311693954
8,48,1,0,1,4,260.0140194990878
8,49,0,0,1,2,246.78395863340654
8,54,1,1,1,0,268.3217754186319
8,55,1,1,1,5,279.00871611573785
8,59,0,1,0,7,259.124476702584
8,0,1,0,0,4,247.60819802778178
8,2,0,1,1,3,260.5075003286788
8,7,0,1,0,5,253.1624143953024
8,10,1,1,0,7,281.0578472376574
8,11,1,0,0,5,251.19391495415397
8,19,1,0,0,7,264.2182470789949
8,23,1,0,0,3,263.56093457237
8,24,1,0,0,7,261.65995363848884
8,28,1,0,0,6,256.76160505213716
8,31,0,1,1,5,261.2422322778556
8,36,0,0,1,7,261.1454313394529
8,37,1,1,1,3,277.96708588128956
8,38,1,1,1,1,271.9938507805217
8,39,1,1,0,5,260.70760444783764
8,45,0,0,1,2,247.02995059710273
8,46,0,0,1,7,255.44574234997168
8,48,1,1,0,4,260.3031194842396
8,50,0,1,0,5,248.783270064859
8,54,0,1,0,1,246.147827278087
8,55,0,1,0,4,247.97197919885204
8,58,1,0,0,7,253.59906923443492
8,5,1,1,0,5,266.8597443137156
8,6,0,1,0,3,252.0212860006115
8,8,0,1,0,4,249.5741624720694
8,9,0,1,0,0,247.75179997115006
8,11,0,1,0,6,253.78645051129095
8,16,0,1,1,4,264.01087384139976
8,21,1,1,0,5,269.5221866584912
8,22,0,1,1,1,265.6076057235939
8,31,1,1,0,7,278.44201681450807
8,32,0,1,0,2,252.1515970944779
8,34,1,0,0,5,249.6979351860363
8,39,0,1,0,2,250.76798402079393
8,41,1,1,0,0,260.4168715782655
8,42,1,1,0,2,261.3444304320474
8,43,1,0,0,1,247.17587457018297
8,50,1,1,0,7,276.4825477277372
8,53,1,0,0,5,246.71397497821073
8,56,0,1,0,3,250.71199073461818
8,10,0,1,0,5,252.46144151795573
8,11,1,1,0,5,264.9558165880477
8,17,0,1,0,1,248.05180764861367
8,19,1,0,0,3,253.12055423471588
8,20,1,0,1,5,264.30497356637966
8,25,1,0,0,7,263.46967863660586
8,26,1,1,0,1,262.41173585580555
8,27,1,1,1,6,279.4217531193882
8,34,0,1,0,1,247.3149835482193
8,35,0,1,0,4,247.8127874772178
8,36,0,1,0,7,258.8052987585835
8,41,1,1,0,5,261.2676268661079
8,46,0,0,1,2,246.18400759345172
8,47,0,0,1,7,255.279309776464
8,56,1,1,0,2,261.39538904460983
8,57,1,0,0,5,250.13779374458505
8,59,1,1,0,1,260.9558456905805
8,2,0,1,1,7,262.7043453923692
8,6,1,1,1,7,290.77720254509165
8,15,0,1,0,6,251.45090824801485
8,17,1,0,0,2,251.343307671908
8,22,1,0,0,7,263.96699158819985
8,25,0,1,1,0,260.75620645460526
8,26,0,1,1,4,261.75091914520203
8,28,0,1,1,6,269.8266989160631
8,29,0,1,1,3,263.8186869538829
8,32,1,1,0,3,264.10666569632133
8,36,0,1,0,6,254.52158228810703
8,37,0,0,0,7,247.60178728236733
8,38,0,0,1,1,244.75812591499744
8,55,0,0,1,3,250.73098852190145
8,0,1,0,1,0,256.9644068428337
8,1,1,0,1,1,264.81231168484265
8,2,1,0,1,7,271.69009053097733
8,9,1,1,0,0,262.5724063383168
8,10,1,1,0,3,267.358599931674
8,13,1,0,0,7,256.41969859654154
8,14,0,1,1,3,264.27644609752963
8,20,1,0,0,3,250.44974544694657
8,22,1,1,0,5,266.4020194206035
8,25,0,1,0,1,252.7589105747934
8,27,1,1,0,0,262.6642962416252
8,28,1,1,0,6,267.8427995354346
8,31,0,1,0,3,256.76980011653575
8,32,0,0,1,7,264.6894816037685
8,36,1,1,0,4,262.19258908311133
8,40,1,0,1,6,263.6583904871295
8,41,1,0,1,6,262.4405855303051
8,43,0,0,1,0,243.71628108035662
8,45,0,0,0,5,235.13665457472587
8,52,0,1,0,6,249.7186449163237
8,54,0,1,0,0,242.9022870218217
8,57,1,1,0,5,265.4169143538229
8,0,1,1,1,4,277.617732148847
8,1,0,1,1,2,260.6459385059446
8,2,0,1,1,2,259.8191922021171
8,3,0,0,1,6,256.2527357535717
8,4,1,0,1,7,278.315668550861
8,5,1,0,0,5,250.01977599298294
8,6,1,0,1,4,267.55632233916975
8,7,0,0,1,1,247.69206505145712
8,8,0,0,1,3,251.34629719879877
8,9,0,1,0,3,253.997947481722
8,10,0,1,0,4,249.5156737151502
8,17,0,1,0,3,252.7613905651809
8,19,0,0,1,1,247.53941907863083
8,27,0,1,1,3,274.8010153813615
8,28,0,1,0,6,255.72358041789937
8,31,1,0,1,4,263.1902696283474
8,33,0,0,1,3,252.69125950145016
8,35,0,0,1,7,259.0786772392349
8,47,0,1,0,2,248.64670632103204
8,1,1,0,1,4,262.15678504650106
8,2,0,0,1,7,258.4945633960757
8,7,1,1,0,7,277.33197935463534
8,8,0,0,0,0,236.03173868879006
8,11,0,0,0,7,248.5989203908818
8,22,1,0,1,4,260.5470558892113
8,23,0,0,1,7,261.7852150449612
8,27,0,1,0,2,253.86695349880546
8,30,1,1,0,0,260.93066256530136
8,31,1,1,0,1,266.98375637824256
8,44,0,1,1,7,275.8731887985902
8,45,1,0,1,5,259.5976798081944
8,52,0,1,0,5,249.80406042130596
8,54,0,1,1,5,260.8543090286424
8,6,1,0,0,7,260.4222915155711
8,7,1,1,1,0,276.6351904501844
8,8,1,1,1,3,282.69537916179536
8,16,0,0,1,4,244.79885460858057
8,17,1,0,1,3,261.8538123199128
8,35,1,0,0,0,244.5509310927966
8,39,0,1,0,7,260.120492152442
8,41,0,1,1,5,262.156224830342
8,43,0,1,0,0,243.24805365286488
8,45,1,0,0,5,249.88229387946112
8,55,0,0,0,4,233.642605930624
8,59,0,0,1,2,248.26092876484293
8,1,0,0,1,6,243.38301293690515
8,2,1,0,1,4,261.2489582525671
8,3,0,0,1,7,253.47394267377138
8,5,1,1,0,0,259.25055758962645
8,8,1,1,0,3,263.0424448828695
8,10,1,0,1,1,259.57572080127187
8,13,1,0,0,2,250.3158916919523
8,15,1,1,0,6,266.58290897298303
8,18,1,0,0,3,251.6188138128447
8,20,1,0,0,0,247.55371396390393
8,24,0,1,0,4,250.7196930858451
8,27,1,1,1,1,274.66196716961167
8,29,1,1,1,4,274.1448611438966
8,42,1,0,0,5,252.9938677233959
8,43,1,0,1,3,264.85581302281315
8,50,0,0,1,3,244.9890349066668
8,51,0,0,1,5,251.11235257375122
8,58,1,1,0,6,263.573217649001
8,4,1,1,0,7,278.44432364849973
8,5,0,1,1,5,265.8287054947664
8,10,0,0,0,0,232.83124839672857
8,18,0,0,1,3,254.5726053847859
8,26,1,0,1,7,277.65970923003283
8,28,0,0,0,2,238.77929675525945
8,31,0,1,0,0,251.1675498926552
8,39,0,1,1,3,261.8572047982665
8,44,0,0,1,6,247.66661089702052
8,46,1,1,1,4,273.5201603584111
8,51,1,0,0,0,245.59743730780028
8,53,1,0,0,4,247.46838594049038
8,58,0,1,1,0,255.62803750517165
8,59,0,1,1,6,260.50141759739506
8,0,1,1,1,7,288.01671130532657
8,2,0,0,1,2,248.51692716894428
8,3,0,1,1,7,272.1195208928493
8,7,0,0,0,3,237.20815469501557
8,11,0,0,0,5,234.5289335473518
8,12,1,0,0,3,251.45187603801173
8,14,0,1,0,5,251.24885743633905
8,31,0,1,1,0,258.6206652410015
8,37,1,1,0,2,263.0670959195026
8,42,1,1,1,3,285.39135848605383
8,43,1,0,0,5,250.33529216555078
8,46,0,0,1,1,246.59900328433207
8,49,0,1,1,3,270.244201195512
8,52,1,1,1,0,267.9105490242833
8,53,1,1,1,3,271.51989617601333
8,56,0,1,0,5,250.3315724811626
8,4,0,1,1,6,265.9422878478301
8,5,0,0,1,5,252.32771285086642
8,6,1,0,0,5,254.69724249548057
8,11,1,1,1,7,292.4974804704431
8,15,1,0,1,4,259.7720903890726
8,18,1,1,0,4,267.2397762062832
8,26,1,0,1,3,266.8511151563404
8,31,1,1,1,3,275.57119215612323
8,36,1,0,1,5,261.9247476875337
8,43,1,0,0,3,243.29803418906042
8,44,1,1,0,2,263.51371287690165
8,11,1,1,1,0,275.4487788746504
8,12,1,1,1,5,277.7207727952404
8,15,0,1,0,7,261.2699580050497
8,19,0,0,1,7,259.30058100298004
8,21,1,0,0,6,252.57659106474404
8,22,0,0,0,4,234.42186610189702
8,26,1,1,0,6,271.54885343026893
8,27,0,1,0,1,250.7440823050283
8,31,1,0,0,5,250.45431659702794
8,33,1,0,0,0,246.5973730303032
8,34,1,0,0,2,249.63774391531163
8,49,0,0,0,2,234.26329721321557
8,56,0,0,0,4,233.06656109514134
8,0,0,1,1,6,267.26438521893425
8,2,0,0,1,0,247.08624310154042
8,3,0,0,1,3,249.67550073757008
8,12,0,0,1,4,248.66197370472577
8,13,1,0,1,6,265.401394532536
8,16,1,1,0,4,259.3456453521952
8,18,1,1,0,7,276.87025278147223
8,20,0,0,1,7,261.7905616863688
8,23,0,0,0,1,236.2244487649546
8,25,1,1,0,4,267.5101452624959
8,30,1,0,1,2,260.9696206878306
8,37,1,1,0,1,259.9737015170395
8,38,1,1,0,4,260.70885607306735
8,48,1,0,0,5,248.81703285387678
8,53,1,1,1,7,283.213213657094
8,0,0,0,0,2,234.25863497085632
8,6,1,0,1,2,266.3067520444913
8,7,1,1,1,1,277.0254340051555
8,12,0,1,0,0,249.58978098931854
8,17,1,1,0,5,263.54035504593105
8,26,1,0,0,1,252.53841147194245
8,31,1,0,1,1,263.3812206594591
8,32,1,0,0,0,243.81210164645918
8,33,1,0,0,4,245.86756657708386
8,38,1,1,0,5,265.08342740495846
8,45,0,1,0,3,248.81351432770379
8,49,1,0,1,0,259.0014065575675
8,51,1,0,1,4,261.8373413817247
8,52,0,0,1,3,247.0124654427559
8,1,0,0,1,0,244.45312560233486
8,6,0,0,0,5,237.65163180872727
8,10,1,0,1,3,262.15744535641727
8,17,0,1,0,6,260.4118364940487
8,22,1,0,1,5,260.8605406717768
8,34,1,1,1,4,279.75079590899406
8,35,0,1,1,6,262.71939151098945
8,36,1,0,1,7,280.67333463435966
8,42,0,0,0,0,227.263138709119
8,48,0,0,1,6,247.82088851757976
8,49,0,0,1,5,247.9670377311761
8,51,0,0,1,6,250.2553411779145
8,52,0,0,1,2,247.1918028255738
8,53,0,0,1,3,245.84248636762766
8,55,0,0,1,2,245.86078460564968
8,56,0,1,1,6,258.5359904566112
8,57,0,1,1,4,260.7381589222017
8,58,0,1,1,4,259.919523250058
8,59,0,1,1,3,269.09879408301816
8,3,1,1,0,0,260.4639574027455
8,4,1,1,0,1,263.3710897357296
8,10,0,1,0,2,253.04943534249367
8,16,0,0,0,1,237.369607667499
8,17,0,0,1,6,253.62458387979484
8,22,0,1,1,7,281.27274311798374
8,24,1,0,0,5,250.09053101970588
8,25,1,0,0,4,251.79596626448554
8,29,0,0,1,4,248.8852262559124
8,30,1,0,1,5,262.4269604481582
8,34,0,0,1,5,250.78642203868418
8,39,1,0,0,6,253.60530253720344
8,42,0,1,0,1,245.14987475423953
8,48,0,1,1,5,262.6230529484188
8,51,0,1,0,7,256.6340160014927
8,52,1,0,0,2,247.8631898843635
8,6,0,1,0,5,249.35635074794166
8,8,1,1,0,5,266.5489438206148
8,13,1,0,0,5,255.69758514400985
8,18,0,1,1,1,261.6772886489723
8,31,0,1,0,5,255.61404711977576
8,33,1,1,1,6,275.3401617914129
8,34,0,0,1,1,251.6675439983236
8,37,0,0,1,6,242.41610435662162
8,38,0,0,1,4,247.3532283365833
8,40,0,0,1,5,247.06654526399768
8,47,1,0,0,4,246.76717947330027
8,49,0,1,0,1,246.5359590341237
8,54,1,0,0,4,247.8963647954126
8,59,0,1,0,4,251.8617344311531
8,0,0,1,0,3,252.2647599319404
8,17,0,0,0,6,240.61048842890267
8,25,1,0,1,0,259.91386949895053
8,26,1,0,1,6,267.5547241740876
8,27,0,0,1,3,251.86441219594997
8,31,0,0,1,6,251.84738100552093
8,32,1,0,1,7,282.1218251988587
8,40,0,1,0,3,251.6355890330317
8,43,1,0,1,6,266.8227462634122
8,46,1,0,0,0,241.35088747869145
8,47,1,0,0,2,245.17950423057292
8,52,1,0,0,7,251.0738288425457
8,53,1,0,0,7,255.3386137204915
8,54,1,1,0,1,261.17780170588026
8,55,1,1,1,0,275.4454434034543
8,56,1,1,1,1,275.0514152928219
8,58,1,1,1,4,274.56740881238795
8,59,1,1,1,3,281.4687771926007
8,10,1,1,1,7,297.2438387949535
8,15,0,1,1,1,262.68412751859813
8,18,0,0,1,5,253.19054430410606
8,21,0,0,0,2,237.79659143366837
8,34,0,1,1,4,261.719050073105
8,35,0,1,1,5,264.6077298959229
8,46,0,1,0,6,251.07005761291452
8,56,1,0,0,5,245.14721821875762
8,7,0,1,0,2,253.01873354741892
8,9,0,0,1,0,244.4857976180853
8,10,0,0,1,5,249.03798654479945
8,12,0,1,0,7,261.7102015041888
8,15,0,0,1,0,243.94019848529726
8,22,1,1,0,1,267.5472548059195
8,33,1,0,1,1,261.7785239820251
8,34,1,0,1,3,262.02358948418896
8,37,1,0,1,3,257.08953056810344
8,38,1,1,1,0,269.40517508455036
8,39,1,1,1,6,282.6668647994921
8,50,0,1,0,1,247.09591858968824
8,57,0,1,1,3,260.6644858710262
8,7,1,0,1,4,265.008620876023
8,8,1,0,1,3,268.807568457535
8,9,1,0,0,2,250.87670602133454
8,10,1,1,0,1,263.27382009760197
8,13,1,1,0,4,263.3765307686098
8,14,1,1,0,1,262.48398209920674
8,15,1,1,0,3,269.91278023313123
8,16,1,0,1,0,258.55678162254264
8,23,0,1,1,6,265.7631936776381
8,24,1,0,1,7,278.3651387066303
8,26,0,0,1,2,249.83950143882015
8,33,1,1,0,6,269.4222348572878
8,36,0,1,1,2,260.7915718238164
8,40,1,0,0,5,244.80359848307643
8,52,0,0,1,4,248.38483404092517
8,53,0,0,1,4,247.0366100951524
8,0,0,1,0,0,244.13921021152663
8,1,0,1,0,4,247.2917852585668
8,4,1,1,0,3,266.2322232715029
8,12,0,1,1,2,265.41438111743173
8,13,0,0,1,5,247.0402170059458
8,29,1,0,0,2,251.61002083282094
8,40,1,1,0,7,270.1611584993401
8,41,1,1,1,4,275.312697384487
8,42,0,1,1,1,261.65787754225767
8,55,1,0,0,6,247.61627230775858
8,57,1,0,1,5,267.0742350335672
8,15,0,1,0,1,251.5287429497675
8,30,0,0,1,2,248.35982175168317
8,37,0,1,0,2,249.95359502887553
8,52,0,1,1,0,256.2068220161675
8,58,1,1,0,1,260.21014490519565
8,59,1,1,0,6,267.65911093400814
8,8,1,1,0,0,259.0558538150708
8,9,1,1,0,3,269.7712574765382
8,12,0,0,1,3,247.13765945434926
8,23,1,1,1,7,295.6161191574138
8,37,0,0,0,0,232.0777028278532
8,41,0,1,0,4,247.9994898763899
8,43,0,1,0,1,244.14530153913609
8,44,0,1,0,1,244.6139123159446
8,45,0,1,1,2,257.66114945739537
8,48,0,0,1,7,257.681894713814
8,49,0,0,1,6,251.32813892801562
8,50,1,0,1,0,257.6463311460088
8,51,1,0,1,1,265.78340673889255
8,57,1,1,0,0,257.922856913971
8,59,1,1,0,5,267.849534962506
8,3,0,0,1,0,245.38963142751385
8,4,0,0,1,2,250.36659616169902
8,15,1,0,0,3,251.312720347732
8,18,1,0,0,4,252.53222030376537
8,19,0,0,0,7,248.0498643672855
8,23,1,0,0,0,245.17914256252556
8,28,1,0,1,2,264.03290252506923
8,29,1,1,1,1,274.4671088871496
8,30,1,1,1,0,273.09369091453783
8,37,1,0,1,7,257.1967927190935
8,38,0,0,1,2,246.85716355322074
8,39,0,0,1,7,254.38176794047627
8,44,1,0,1,5,268.5476730422745
8,45,1,0,0,6,252.4328750045618
8,6,0,0,1,5,249.00777349438505
8,11,1,1,0,7,271.9966545002961
8,13,0,0,1,2,251.1248994289024
8,14,0,0,1,6,249.67452825368818
8,28,0,1,0,7,263.09516147686185
8,54,0,0,1,1,247.19334122494803
8,0,0,1,0,7,261.31292923985444
8,2,1,1,0,4,261.8828211673575
8,7,1,1,0,2,263.78248087626787
8,15,0,1,1,2,262.0242558608883
8,16,0,0,1,0,242.82668855931053
8,17,0,0,1,4,247.950042289539
8,18,1,0,1,2,258.4792282561255
8,19,1,0,1,0,261.94255013080726
8,20,1,0,1,2,264.1985518352904
8,21,1,1,1,7,298.0940901357778
8,24,0,1,1,1,261.90389264412346
8,28,0,1,1,5,262.47275389443496
8,30,0,1,0,0,247.2450169656442
8,32,1,1,0,6,271.91157452635986
8,46,0,1,0,0,245.28463702587166
8,55,1,1,0,0,260.6278059274908
8,56,1,1,0,0,258.89700601695904
8,57,1,1,0,4,263.981065187631
8,59,1,0,0,1,246.52510979844934
8,1,1,0,1,0,259.17062024766534
8,3,0,0,1,1,251.76809206369725
8,14,0,1,0,1,250.54036998937477
8,19,1,1,0,2,262.92888436803935
8,20,1,0,0,4,252.34254062092936
8,24,0,1,1,0,259.6585364425351
8,26,0,1,1,5,263.5875310314076
8,27,1,1,0,3,262.95053532014646
8,29,0,0,1,7,267.2686349143655
8,42,1,0,0,4,243.70851590058308
8,44,1,0,0,2,246.8448798832294
8,58,0,1,0,4,249.1778034407447
8,1,1,1,1,2,279.78770079772664
8,10,0,0,1,1,248.69082037173385
8,21,0,0,0,1,234.43562966216038
8,22,0,0,1,5,257.7290634541335
8,23,1,0,1,0,261.3479263052824
8,25,1,0,0,3,257.4635402076521
7,28,0,1,0,5,239.8878726133532
7,29,0,1,0,2,243.15098650739807
7,30,0,1,0,2,240.8659040246357
7,31,0,1,0,0,239.25574799595367
7,32,0,1,0,7,252.77841419762598
7,33,0,0,0,1,224.54268121544902
7,34,0,0,0,2,227.0973349261089
7,35,0,0,0,7,237.48506096592513
7,36,0,0,0,2,225.93393938565924
7,37,0,1,0,1,240.17666694413722
7,38,0,1,0,4,244.26762815448762
7,39,0,1,0,4,241.39008046586528
7,40,0,1,0,4,246.25248442447247
7,41,0,1,0,3,243.27672823210108
7,42,0,1,0,2,239.9417168210261
7,43,0,0,0,7,240.26414369620184
7,44,0,0,1,0,244.0678021640955
7,45,0,0,1,5,245.15327840784587
7,46,1,0,1,4,258.55459066665145
7,47,0,0,1,1,245.03780605328086
7,48,0,0,0,2,227.47497912911726
7,49,0,1,0,7,254.04689073677133
7,50,0,1,0,1,239.55532988511516
7,51,0,1,0,5,241.54313418996668
7,52,0,1,0,5,250.0859121948896
7,53,0,1,1,3,262.4773455056434
7,54,0,1,0,4,243.95508971340382
7,55,0,1,0,6,243.42159589589022
7,56,1,1,0,6,261.9095796241169
7,57,1,0,0,3,240.03051672220593
7,58,1,1,0,2,257.48782472791953
7,59,1,1,0,4,255.7135979167663
7,0,0,1,0,6,241.6208813138581
7,1,0,0,0,3,228.31914414395644
7,2,0,0,0,4,225.81414532742085
7,3,0,0,0,1,222.96930572362984
7,4,0,0,1,0,240.16718954452665
7,5,0,0,1,3,240.6803799433172
7,6,0,1,1,6,256.9471680941289
7,7,0,0,1,3,241.73294826546604
7,8,0,1,0,4,238.59571281947757
7,9,0,1,0,5,240.00964901852487
7,10,0,1,1,4,258.7715586267331
7,11,0,1,1,7,260.9927595598596
7,12,0,1,0,1,243.41537941736746
7,13,0,1,0,7,252.19386095145313
7,14,0,1,0,0,241.33634141662264
7,15,0,1,0,3,243.28501211831602
7,16,0,0,0,5,226.26188156012168
7,17,0,0,0,5,226.70029606659932
7,18,0,0,0,4,227.3296215397539
7,19,0,0,0,0,226.47750234905192
7,20,0,0,0,4,225.2915101887969
7,21,0,0,0,6,226.35207628030082
7,22,0,0,0,3,237.46100545090988
7,23,0,1,0,3,240.2642117278599
7,24,0,0,0,4,223.2210173234225
7,25,0,0,0,2,226.61341843194785
7,26,0,0,0,6,235.22350687233376
7,27,0,0,0,7,236.18562526882036
7,28,0,1,1,2,258.6087746106177
7,29,0,1,1,3,257.578754728369
7,30,0,1,0,6,241.7476186868379
7,31,0,1,0,3,249.4550778823581
7,32,0,1,0,2,240.16935167964866
7,33,0,0,0,3,226.06528527065356
7,34,0,0,1,6,242.00004257815877
7,35,0,1,1,6,257.4143841449373
7,36,1,1,1,0,267.2165244969781
7,37,1,1,1,0,268.73441641208285
7,38,1,1,1,1,273.8512252152647
7,39,1,1,1,7,276.59031487599384
7,40,0,0,0,4,227.35062282794462
7,41,0,0,0,4,224.92695635054633
7,42,0,0,0,5,224.4185299943554
7,43,0,0,0,0,224.09667525095864
7,44,0,0,0,6,224.9820096635521
7,45,0,0,0,7,242.119722092141
7,46,0,0,0,3,227.20082093916375
7,47,0,0,1,3,244.90134744211878
7,48,0,0,1,4,243.08609986442337
7,49,0,0,1,0,240.80462194580014
7,50,0,0,1,6,245.16915467100557
7,51,0,1,1,4,256.60913194955515
7,52,0,1,1,0,258.2766539621069
7,53,0,1,1,1,262.81049439963215
7,55,0,1,0,3,241.33099084105783
7,56,0,1,0,1,242.10398201195926
7,57,0,1,0,0,240.52869783153815
7,58,0,1,0,3,242.6937508434235
7,59,0,0,0,2,227.84977749461794
7,0,0,1,0,2,242.7419273693224
7,1,0,1,0,7,241.4875342214874
7,2,0,0,0,0,223.78318457310564
7,3,0,0,0,2,223.33295627205595
7,4,0,1,0,2,237.2354592326679
7,5,0,0,0,2,227.1788653194545
7,6,0,0,0,3,224.00472885994714
7,7,0,0,0,1,224.57617157881418
7,8,0,0,1,1,241.32673780036836
7,9,0,0,0,0,225.59329107785823
7,10,0,0,0,6,227.36525158125895
7,11,1,0,0,7,251.91683293578018
7,12,0,1,1,0,252.7910481989745
7,13,0,1,1,2,257.2053252946066
7,14,0,0,1,1,245.41177007807232
7,15,0,0,0,6,232.66250280644164
7,16,0,0,0,1,226.28680892621824
7,17,0,0,0,2,227.70043137666715
7,18,0,1,0,1,243.15718008451555
7,19,0,1,0,1,241.6189311882511
7,20,0,1,0,5,239.92157274644188
7,21,0,1,0,6,239.40058834492652
7,22,1,0,0,2,238.05507243769887
7,23,1,1,0,2,254.90712160351458
7,24,1,1,0,2,254.28399101911873
7,25,1,1,0,3,256.17212304416233
7,26,1,0,0,5,241.1881029837522
7,27,0,0,0,1,226.17772135850385
7,28,0,0,0,4,226.3178698233904
7,29,0,0,0,5,225.82680446106264
7,30,0,0,0,2,224.39596359673612
7,31,0,1,0,2,241.53580454527045
7,32,0,0,0,6,225.2210129135836
7,33,0,0,0,6,234.65760119988985
7,34,0,1,0,2,240.97557422445496
7,35,0,0,0,0,223.2100526956209
7,36,0,0,0,3,226.4003601994508
7,37,0,0,0,4,222.81476417993562
7,38,1,0,0,4,241.41126786943371
7,39,0,0,0,4,224.24296861181816
7,40,1,0,0,5,242.6397871265695
7,41,1,0,0,6,241.83363523481705
7,42,1,0,0,6,242.93305447705987
7,43,0,1,0,5,242.6903494933605
7,44,1,1,0,2,259.9365826618996
7,45,1,1,0,0,258.01829908291546
7,46,1,1,0,1,260.9014516041547
7,47,1,1,0,5,262.2065450855718
7,48,0,1,1,1,257.70395377660816
7,49,0,1,0,3,241.57199014876994
7,50,0,0,0,0,226.58143088454912
7,51,0,0,0,2,226.00192777361116
7,52,0,0,0,1,225.60191960386916
7,53,0,0,0,3,227.5431423987861
7,54,0,0,0,0,224.90071568345715
7,55,0,0,0,2,226.73618180485852
7,56,0,0,0,5,227.9048878745794
7,57,0,0,0,3,228.86097836280786
7,58,0,0,0,3,231.84779727499654
7,59,0,0,0,5,227.00710001250025
7,0,0,0,0,0,226.37291433451605
7,2,0,0,0,7,237.11779317240274
7,3,0,1,0,3,242.07780917541396
7,4,0,0,0,7,225.81167114223007
7,5,0,0,0,5,226.80249355133648
7,6,0,0,0,6,228.97544890008905
7,7,1,1,0,1,256.3926486606488
7,8,1,1,0,1,255.1586483243177
7,9,1,1,0,5,256.380459881035
7,10,0,1,0,0,240.36426101556438
7,11,0,1,0,7,244.34239926994647
7,12,1,1,0,0,256.6386775881379
7,13,1,1,0,4,256.5401996458519
7,14,0,1,0,5,240.1396375763023
7,15,1,1,0,7,269.83229671490267
7,16,1,0,0,7,254.27393211335502
7,17,0,1,0,6,244.51078961223917
7,18,0,1,0,6,242.68611216323993
7,21,0,0,0,7,236.08611610404836
7,22,0,1,0,1,239.00419942474377
7,23,0,1,0,7,252.3994719220998
7,24,0,1,0,4,238.7505896016976
7,25,0,1,0,6,247.94416328919235
7,26,1,1,0,1,257.66995024383294
7,27,1,1,0,2,258.28243662078086
7,28,1,1,0,2,258.38178058684446
7,29,1,0,0,3,241.38830406446036
7,30,1,0,1,4,258.2823342111103
7,31,0,0,1,0,241.51228128588733
7,32,0,0,1,4,243.27962297689007
7,33,1,0,1,3,258.5134185711732
7,34,1,0,0,6,239.58348069632166
7,35,0,0,0,5,225.1870450746414
7,38,0,0,0,1,222.9619082131951
7,40,0,0,0,1,224.9527248402797
7,41,0,0,1,6,244.79837170288127
7,42,1,0,1,2,264.7437983577805
7,43,1,0,1,6,261.40677799750586
7,44,0,1,1,1,259.9363624869856
7,45,0,1,0,6,253.1248963687177
7,47,0,0,1,7,257.8793041248227
7,48,0,1,0,2,242.52311127242638
7,50,1,0,0,2,241.55382534992717
7,51,1,0,0,0,242.30312342391983
7,52,1,0,0,3,244.98447645407035
7,53,1,1,0,1,259.5969104906713
7,54,1,1,0,5,261.1445344611367
7,55,1,1,0,3,257.3070885628052
7,56,1,0,0,5,243.38829328263438
7,57,1,0,0,2,240.0982807767117
7,58,1,0,0,1,241.68204467690418
7,59,1,0,0,7,253.71336727398295
7,0,1,1,1,3,273.5466798666224
7,1,1,1,0,4,255.11948739848597
7,2,0,1,0,2,238.55323976964277
7,3,0,0,0,7,242.60590478608168
7,4,0,1,0,6,238.5560595967884
7,5,0,0,0,6,224.52355373563927
7,6,0,0,0,1,225.2571777190253
7,7,0,0,1,4,240.56821286480786
7,8,1,0,1,7,256.5252951293418
7,9,0,1,0,3,241.59449285559725
7,10,0,1,0,4,241.60724541876942
7,11,1,1,0,7,256.8015748381535
7,12,0,1,1,1,259.04040282186895
7,13,0,1,0,2,244.54441355691716
7,14,0,0,0,0,226.8699071779066
7,15,0,0,0,4,228.67596389347656
7,16,0,0,0,7,239.5881054718541
7,17,1,1,0,7,272.9466532232519
7,18,0,1,0,5,244.61995919502218
7,19,1,1,0,0,256.7741075825243
7,20,1,1,0,4,257.1368597830333
7,21,1,1,0,1,254.52142034450048
7,22,1,1,0,6,256.05706244288746
7,23,0,1,0,6,244.21389409998193
7,24,0,0,0,2,222.53255787150434
7,25,0,0,0,7,235.95846439364212
7,26,0,1,0,2,241.19561068161812
7,27,0,0,0,2,226.40313485267635
7,28,0,0,0,1,225.34654010588338
7,29,0,0,1,5,244.37181259921766
7,30,0,0,0,3,226.38418081304604
7,31,0,0,1,6,241.48352644993093
7,32,1,1,1,4,275.01654418934663
7,33,0,1,1,6,259.00015447504614
7,34,1,0,1,2,259.8222733936315
7,35,1,0,1,7,257.10110517700605
7,36,0,1,0,2,239.36711826885247
7,37,0,0,0,6,227.7837068858532
7,38,0,1,0,3,244.96393038061336
7,40,0,0,0,0,224.60637988973892
7,41,0,0,0,1,223.68412377927524
7,42,0,0,0,2,224.30977326879994
7,43,0,0,0,2,231.48131905431308
7,44,0,0,0,3,228.77770569315874
7,45,0,0,1,1,243.32960018136512
7,46,0,0,0,1,225.46177529745066
7,47,0,0,0,0,226.6182541406496
7,48,0,0,0,1,226.1188656123837
7,49,0,0,0,3,227.47450522473503
7,50,0,0,0,7,243.70202445473862
7,51,1,0,0,3,242.8987048409319
7,52,1,1,0,4,258.8067821077021
7,53,0,1,0,7,260.16820754488134
7,54,1,1,0,1,259.2127800535577
7,55,1,1,0,0,257.18353256999546
7,56,1,1,0,4,260.0289999124565
7,57,0,1,0,7,256.09645033129266
7,58,1,0,0,0,242.06972476924543
7,59,1,0,0,4,243.6459739177908
7,0,1,0,0,7,253.6443235558741
7,1,0,1,1,6,258.8176659238197
7,2,0,0,1,0,240.76983015872366
7,3,0,0,1,1,240.794115989717
7,4,0,0,0,4,223.56063571801778
7,5,0,0,0,1,225.48510993885697
7,6,0,0,0,7,237.44962227261325
7,7,0,1,0,6,242.35712460138683
7,8,0,0,0,1,224.7889109025953
7,9,0,0,0,4,227.72605559818632
7,10,0,0,0,7,237.2231405116708
7,11,1,0,0,5,238.30491217469125
7,12,0,0,0,2,226.20562593444996
7,14,0,0,0,4,228.72206487356056
7,15,0,0,0,3,228.41259491007423
7,16,0,1,0,7,239.32789714496224
7,17,0,0,1,1,245.93121510250663
7,18,0,0,1,3,241.66146752547883
7,20,0,0,0,3,225.4411740785451
7,21,0,0,0,3,225.93820753537236
7,22,0,0,1,2,243.32633133064397
7,23,0,0,1,3,242.04468690101746
7,24,0,1,0,2,237.83258051767532
7,25,0,1,0,1,239.08270218899355
7,26,0,1,1,7,258.1340135213733
7,27,0,0,0,0,226.10735956979798
7,28,0,0,0,6,229.88073842963666
7,29,0,0,0,6,228.30239390091538
7,30,0,0,0,6,227.19549519924684
7,31,1,1,0,4,257.18408536187246
7,32,0,1,0,4,239.88454721467957
7,33,0,1,0,3,238.46497815583552
7,34,0,1,0,6,240.92857492936437
7,35,1,0,0,4,240.28750176692574
7,36,0,0,0,4,225.43071561631007
7,37,0,0,0,0,222.86243428546254
7,38,0,0,0,4,226.1955457695891
7,39,0,0,0,0,223.20517864291926
7,41,0,0,0,7,245.69142384738768
7,42,0,1,1,0,258.45985875931086
7,43,0,1,1,4,260.45575295515386
7,44,0,1,1,4,259.4182385443223
7,45,0,1,1,7,266.61807052610834
7,46,0,1,0,1,243.8714200318346
7,47,0,1,0,7,251.74582204290385
7,48,0,1,0,4,242.13577356682973
7,49,0,1,0,2,242.26547784464975
7,50,0,1,0,6,242.95379279240456
7,51,0,0,0,0,225.71893316330485
7,53,0,0,0,2,226.55026467591108
7,54,0,0,0,4,226.4020672509422
7,56,0,0,0,0,225.43877532187784
7,57,0,0,0,5,227.77961240200386
7,59,1,0,0,6,243.7046998493321
7,0,1,1,0,4,254.2936394248234
7,1,1,1,0,0,254.66108579736766
7,2,1,1,0,6,257.06326802245314
7,4,0,0,0,5,226.07379332811323
7,5,0,0,0,0,223.78720429758485
7,7,0,0,0,4,225.97723503852393
7,8,0,0,0,3,224.8196646373537
7,10,0,0,0,5,227.17171742570906
7,11,0,0,0,3,226.4325718604618
7,12,0,1,0,3,245.0808659366184
7,13,0,0,0,3,227.02467776575764
7,14,0,1,0,3,242.47293460644084
7,15,0,1,1,6,258.84515589291107
7,16,0,0,1,6,250.2138669689585
7,17,0,0,1,5,245.36605236143998
7,18,0,0,0,1,226.28446724115057
7,19,0,0,1,7,257.08530318474436
7,20,0,0,0,7,237.0697559429568
7,21,0,1,0,4,238.5383248640176
7,22,0,1,0,6,237.89550400936577
7,23,1,1,0,0,255.22905069557297
7,24,1,1,0,7,267.8129234306531
7,25,0,1,0,3,238.58438191794397
7,28,0,1,0,0,239.0488130992255
7,30,0,1,0,7,251.74617182354942
7,31,0,0,0,6,224.18538793265338
7,32,0,0,0,4,225.6309989448934
7,33,0,0,0,4,224.6540258164984
7,34,1,0,0,2,239.3319875633234
7,35,1,1,0,3,255.24259641309476
7,36,1,0,0,7,244.02902876984447
7,37,0,0,0,5,225.06113296705163
7,38,0,0,0,5,232.71867853821618
7,39,1,0,0,5,244.01294110916055
7,40,0,0,0,6,229.38227421347264
7,41,1,1,0,6,259.32997624937263
7,42,0,1,0,3,241.57534045395772
7,43,0,0,0,4,224.38807856615966
7,44,1,0,0,4,241.19547784767335
7,46,0,0,1,1,245.5495905290224
7,47,0,0,1,5,244.81916425471553
7,48,0,0,0,4,227.5760726594307
7,49,0,0,0,5,229.42294053678822
7,51,1,1,0,3,257.7924043868979
7,52,1,1,0,3,258.8579918373267
7,53,1,0,0,5,241.98219957929615
7,55,0,0,0,3,239.5730243872246
7,56,0,1,0,6,243.00030768294133
7,58,0,0,0,5,229.5875419433188
7,59,0,0,0,0,226.6880751042697
7,1,0,0,0,4,226.5706964254108
7,3,0,1,1,2,256.51225748921337
7,4,0,1,1,7,263.8213637202432
7,5,1,0,0,1,238.08148067988597
7,6,1,0,0,3,241.4525544197789
7,7,1,0,0,4,240.82475939399444
7,8,0,0,0,4,223.80041759085756
7,9,0,0,0,3,225.55374906664733
7,10,0,0,0,2,226.18064852515087
7,11,0,0,0,0,224.47048950911326
7,12,0,0,0,1,226.43729306618295
7,13,0,0,0,0,226.34717391832507
7,14,0,0,0,2,229.51320023479792
7,15,0,1,0,0,241.00403157935153
7,16,0,1,0,5,240.5738130089014
7,17,1,1,0,6,258.8615686308009
7,18,1,0,0,6,241.92712325298396
7,19,0,0,0,2,227.40390796578728
7,20,0,1,0,1,239.89208829481495
7,21,0,1,0,2,238.34987275013606
7,22,0,1,0,7,252.87169565194168
7,23,0,0,1,6,242.26475877247944
7,24,1,0,1,3,262.1119570200576
7,25,1,0,0,0,238.80460687969145
7,26,1,0,0,1,239.94956530368106
7,27,1,0,0,4,241.03688921487176
7,28,1,0,0,3,243.8951852207741
7,30,1,0,0,0,237.84729083807972
7,31,1,0,0,3,240.470999954705
7,32,1,1,0,0,256.3688787392956
7,33,1,1,0,3,259.0061522332347
7,34,1,0,0,5,239.28192607425495
7,35,1,0,0,0,240.57938501734756
7,36,1,0,0,4,241.26168169146447
7,37,1,0,0,4,239.2605231641748
7,38,1,0,0,2,240.7425776876855
7,39,1,0,0,6,244.1599980021425
7,42,0,0,0,6,230.4662311440025
7,43,0,0,0,6,229.31591609290714
7,44,1,1,0,6,267.39408082019975
7,46,1,0,0,2,243.33113215083148
7,47,1,0,0,2,242.349397181183
7,48,1,0,0,5,242.31754187827767
7,49,0,0,1,4,244.49213862896076
7,50,0,0,1,4,245.05894366155658
7,51,1,0,1,7,273.333490734727
7,52,0,0,0,7,233.31429296268064
7,53,0,1,0,1,244.66893785171263
7,54,0,1,0,5,243.37854556329486
7,55,0,1,0,4,243.23286333480524
7,56,0,1,0,0,241.70613988174657
7,57,0,1,0,5,243.37621561610106
7,58,0,1,1,2,259.4179601424115
7,59,0,1,1,0,253.48023068421963
7,0,0,1,1,3,256.6900817687766
7,1,0,1,0,4,240.57016209554342
7,2,0,1,0,5,239.39240777718967
7,3,1,1,0,4,256.02933692095456
7,4,0,1,0,3,242.9746434432497
7,5,0,1,0,0,239.84686188533158
7,6,0,1,0,2,238.66245681884791
7,7,0,0,0,6,226.81009039402667
7,8,0,1,0,0,237.97097779317707
7,10,0,0,1,3,245.2548182193827
7,11,0,0,0,5,226.47889252825578
7,12,0,0,1,1,241.03125031414163
7,13,0,0,0,1,226.8783685296663
7,14,0,0,1,5,245.24836617298493
7,15,0,0,0,5,229.2632925173698
7,16,0,0,0,3,228.8809305548132
7,17,0,0,0,3,227.9552286814005
7,19,0,1,0,7,247.46954406499515
7,20,0,1,0,0,240.24472429528936
7,21,0,1,0,3,238.53257828155915
7,22,0,0,1,7,252.3607630901447
7,23,0,0,1,4,243.43610897012056
7,24,0,0,1,3,249.04857677821462
7,25,0,0,0,0,223.60470940851582
7,26,0,0,0,0,224.12518728641894
7,27,0,0,0,4,227.49514337591893
7,28,1,0,0,1,242.98071234915238
7,29,1,0,0,4,241.67018907610074
7,30,0,0,0,7,239.87797173107808
7,34,0,1,0,4,239.9921189756122
7,35,1,1,0,0,256.34590819179544
7,36,1,1,0,6,256.26329149511656
7,37,0,1,0,3,240.75742146714651
7,39,0,0,0,1,224.17049109412363
7,40,0,0,0,2,223.90324039375415
7,41,0,1,0,6,246.5243550930372
7,42,0,0,0,0,224.5580937232403
7,43,0,0,0,5,227.56526297412117
7,44,1,0,0,6,240.94170340625783
7,45,0,0,0,1,227.26816050949938
7,47,0,0,1,4,244.93830845637942
7,48,0,0,1,3,250.50677163256725
7,50,1,0,1,6,268.9322405093881
7,51,0,0,1,7,258.1080421993326
7,52,0,1,0,4,242.45605082056696
7,53,0,1,0,5,246.60801257192855
7,54,0,1,0,1,246.020732373915
7,56,0,1,0,7,254.49253027081528
7,57,1,1,0,3,262.1836215931003
7,58,1,0,1,4,258.1398871595701
7,59,0,0,1,2,242.00071573243903
7,0,0,0,1,5,241.30727812824108
7,1,1,0,1,5,255.22883685628193
7,2,1,0,0,1,241.38298717491293
7,3,1,0,0,5,242.32234628341345
7,4,0,0,0,2,226.60595328347517
7,7,1,1,0,6,256.92060031943237
7,9,1,1,0,7,256.15815982396265
7,10,1,0,0,7,250.45204581143275
7,11,1,1,1,7,287.16870974604217
7,12,0,0,0,7,230.33198751594574
7,14,0,0,1,4,245.9591672062221
7,15,0,0,1,4,244.20687698194317
7,16,0,0,1,3,242.55795964723882
7,18,0,0,0,3,226.96781419344973
7,20,0,1,1,1,257.83023085020744
7,21,0,1,0,5,238.36767768545394
7,22,1,1,0,4,256.36857792199
7,23,0,1,0,4,238.86692619580452
7,24,0,1,0,1,237.94259495307318
7,26,0,0,0,2,225.00713417388386
7,28,0,0,0,5,225.40926108552995
7,30,1,1,0,3,256.36760822876874
7,31,1,1,0,5,256.82557519719177
7,33,0,0,0,2,224.56226874566457
7,34,0,0,0,5,225.23468330435406
7,36,1,0,0,3,239.6167474817732
7,37,1,1,1,1,272.1756331731287
7,38,1,1,0,4,257.94001094540835
7,39,0,1,0,2,240.91723936250403
7,40,0,1,0,1,243.79046574038261
7,41,0,1,0,1,243.45451925639105
7,42,0,1,0,1,241.29729593346826
7,43,0,1,0,3,244.38893355730795
7,45,1,0,0,6,241.12282626101205
7,46,0,0,0,4,226.87555834070804
7,47,0,0,0,3,227.3043432070203
7,48,0,0,0,3,230.83755182411124
7,49,0,1,0,0,240.24771710790174
7,51,0,1,0,4,239.50773598636917
7,53,1,0,0,1,240.56094205964538
7,54,1,0,0,0,242.28468936077468
7,55,1,0,0,0,242.46408988094288
7,56,1,0,0,1,240.86105118521172
7,57,1,0,0,4,242.13580457349173
7,58,1,0,0,3,242.29824232568342
7,59,1,0,0,3,241.83993242493125
7,0,1,0,0,3,240.83224440103092
7,1,1,0,0,1,240.70688668191366
7,2,1,0,1,3,257.289572332881
7,3,1,0,0,7,256.4818724958093
7,4,0,1,1,1,254.367218325302
7,6,0,1,0,1,238.20705502407148
7,7,0,1,1,2,255.37501398893255
7,8,0,0,1,6,241.91588926562582
7,9,0,0,1,6,244.4380942840939
7,10,0,1,1,7,271.666563646928
7,13,0,0,0,2,226.8807470169956
7,14,0,1,0,4,242.43518172066956
7,15,1,1,0,5,256.2198360442883
7,17,0,1,0,5,243.12398210742026
7,18,0,1,0,7,253.9321616168615
7,19,1,0,0,3,242.50304926850427
7,20,1,0,0,5,240.77517999689755
7,21,0,0,0,4,224.83892512124982
7,22,0,0,0,5,223.29720004838748
7,23,0,0,0,0,222.102051784851
7,25,0,0,0,6,226.06040386074616
7,27,0,1,0,1,237.782083881986
7,28,0,1,1,1,259.9473069160444
7,29,0,1,1,2,257.2582371697497
7,30,0,0,1,1,241.61772459496078
7,31,0,0,1,2,241.57794163522595
7,32,0,0,1,5,243.14554644947103
7,33,1,0,0,3,241.25309678723067
7,35,1,0,0,2,240.46027826981762
7,36,1,1,0,0,256.31449052945027
7,37,1,1,0,0,255.13684138108587
7,38,1,1,0,0,258.0128717583227
7,39,1,1,0,2,257.5977725588827
7,40,1,0,0,0,241.21367854100328
7,41,1,0,0,2,241.96187324705227
7,42,1,1,0,0,257.2727017528517
7,43,1,1,0,3,257.40710039091664
7,45,0,0,0,0,227.48651315742026
7,47,0,0,0,4,228.059382734641
7,51,0,1,1,1,256.61257765588397
7,52,0,1,0,2,243.52593753165354
7,54,0,1,0,2,245.02658096069806
7,55,0,0,0,5,224.41692435846687
7,56,0,0,0,1,224.3932475251006
7,57,0,0,0,2,228.96350064442157
7,0,0,0,0,3,226.0332382169907
7,2,0,1,1,5,256.0111328100223
7,3,0,1,0,6,243.20972735079357
7,4,0,0,0,0,224.052910613201
7,7,0,1,0,1,239.7722485819186
7,8,0,1,0,3,239.52001701553286
7,9,0,0,0,6,226.60951255994138
7,10,1,0,0,0,239.99549022428238
7,12,0,0,0,4,226.82292710294442
7,13,1,0,0,2,243.40119622476894
7,14,1,0,0,4,242.35729457897088
7,16,0,1,0,3,240.85988820678233
7,17,0,0,1,2,245.27893739560366
7,18,0,1,1,2,260.1038087657876
7,19,0,1,1,5,257.07747226030483
7,20,0,1,1,5,258.06447350705696
7,24,0,1,0,6,237.86821767269618
7,25,0,1,0,4,239.17253153181787
7,26,0,1,0,6,241.05708788657782
7,28,0,1,0,7,239.881776671198
7,29,0,0,0,3,229.88020131976748
7,31,1,0,0,6,241.76661029314712
7,32,1,1,0,3,256.2731770619615
7,34,1,0,0,0,239.09972316460974
7,35,1,0,0,3,241.8113681466189
7,36,1,1,0,1,256.40279737083597
7,37,1,1,0,4,254.8807434300054
7,38,1,1,0,3,258.2695810187989
7,39,1,1,1,2,270.8763741302862
7,40,1,0,1,7,257.1547891197433
7,41,1,1,1,6,274.3371483809568
7,42,0,1,1,3,268.48234604120887
7,44,0,0,0,1,225.30356450961776
7,45,0,0,1,6,246.46725160094184
7,46,1,0,1,7,258.38994212558697
7,47,1,1,0,7,269.53974627155753
7,50,0,0,0,6,228.03010420973
7,51,0,0,0,5,227.2957216254203
7,52,0,0,0,4,224.91818026526573
7,53,1,0,0,3,242.15481368192988
7,55,0,1,1,6,260.0569654360549
7,56,1,0,1,3,258.32770510368994
7,58,1,1,0,5,257.1624806587288
7,59,0,1,0,5,242.72830209456353
7,0,0,1,0,7,252.8341881757309
7,1,0,0,0,0,223.9179290178305
7,2,0,0,0,2,228.65898982913913
7,3,0,0,0,0,223.1717405374815
7,4,0,0,0,1,224.6460786134454
7,7,0,0,0,0,224.26796013755677
7,8,0,0,0,7,234.00079166401852
7,11,0,1,0,4,241.2412896177925
7,12,0,1,0,6,243.32458390870224
7,13,0,0,0,7,236.35900614549072
7,15,0,1,1,3,259.21726628668114
7,16,0,0,0,4,225.92644577276337
7,17,0,0,0,4,226.11870359124913
7,18,1,0,0,5,241.07250097843502
7,19,0,0,0,5,226.90187920921812
7,21,0,1,0,7,252.31435507299426
7,22,0,1,0,5,238.034523274613
7,23,0,1,0,1,239.45008586488268
7,24,0,1,1,7,261.71163932404414
7,26,0,1,0,0,241.12607956356436
7,27,0,1,0,4,237.39402237017674
7,28,0,1,0,3,250.25418837480098
7,30,0,0,1,3,241.65575861239864
7,31,0,1,0,1,239.5606775890136
7,33,0,1,0,1,237.92598364155478
7,36,0,0,0,7,226.23735879338028
7,37,1,1,0,3,257.2427301678896
7,41,0,1,0,2,245.06428096235953
7,43,0,1,0,6,243.72802417146204
7,44,0,1,0,3,246.30515971338107
7,45,0,0,0,3,228.19456506292423
7,46,0,1,0,2,245.02378176917148
7,47,0,1,0,4,243.73383744517807
7,48,1,1,0,1,259.8223976476066
7,49,1,1,0,7,275.5169946760436
7,53,1,1,0,0,259.5425322695701
7,54,1,1,0,7,273.68765883063924
7,55,1,0,0,4,242.52311768986524
7,57,0,0,0,1,226.0401372185824
7,58,0,0,0,0,227.6353660700495
7,59,0,0,0,4,228.06887429153298
7,1,1,1,0,7,265.4952247689377
7,2,0,1,0,1,239.3107993908873
7,4,0,1,0,0,238.88596368675925
7,5,0,1,0,2,244.59661337778917
7,6,0,1,0,0,238.4448631292272
7,9,0,1,0,7,247.75309070632798
7,11,1,0,0,6,238.73315053497004
7,14,0,1,0,1,241.29504499247412
7,16,0,1,0,6,249.56717957581986
7,20,0,1,0,6,250.34399748645865
7,21,1,0,0,4,241.89818724199893
7,22,0,0,0,7,223.06908258571116
7,23,0,0,0,6,223.26895251626954
7,24,1,1,0,5,253.50788258429247
7,25,0,1,0,7,240.42852194331317
7,26,0,1,0,7,254.2808824440021
7,27,0,0,1,0,240.35092477374252
7,28,0,0,1,2,242.9566570502678
7,29,0,0,1,6,246.64519744411433
7,30,1,0,1,5,258.8182345166927
7,31,0,0,1,7,252.12316130687316
7,32,0,0,0,7,231.68589986635402
7,33,0,1,0,4,237.57499047565028
7,35,0,1,0,2,239.14906316294318
7,38,0,0,0,2,226.1364807722364
7,39,0,0,0,6,239.34075607801827
7,40,1,0,0,1,243.07057473681533
7,41,1,0,0,4,241.28618668457736
7,42,0,0,0,1,224.95880029355547
7,43,0,0,0,3,224.54684180494306
7,44,0,1,0,1,241.69028381592221
7,45,0,1,0,2,242.34028688760222
7,46,0,0,0,2,228.8837999675173
7,47,0,0,0,1,228.27216322254176
7,49,0,0,0,0,227.676430522674
7,50,0,0,0,5,231.52392711991303
7,51,1,0,0,5,244.97513051841247
7,52,1,0,0,0,241.4059184968222
7,53,1,0,0,2,243.4527133315204
7,54,1,1,0,2,260.69303365365715
7,55,1,1,0,7,271.78243083892374
7,56,0,1,1,3,258.7976756029345
7,57,0,0,0,6,230.32181377647981
7,58,0,0,0,6,232.6829865801818
7,1,0,1,1,4,258.6558878579061
7,2,0,1,1,0,255.0966641779302
7,3,0,1,1,5,256.3823452631382
7,4,1,1,1,2,262.9554464384116
7,5,1,1,1,7,278.14522103466913
7,6,1,0,0,1,239.3803728313618
7,7,1,0,1,7,274.5242934090448
7,8,1,0,0,1,240.85894518721747
7,9,1,0,0,7,253.6004426301089
7,11,0,1,1,2,256.17640164707035
7,12,0,1,1,6,261.0916852571137
7,13,0,1,1,1,257.88795304046545
7,14,0,1,1,3,258.2947469559346
7,15,0,1,0,4,241.6002033839213
7,17,0,1,0,3,244.80410305638105
7,18,0,0,1,0,242.2333761197993
7,19,0,0,1,3,243.70972492569925
7,20,0,0,0,2,226.82638190000335
7,21,0,0,0,0,225.1933917275624
7,22,0,0,0,0,222.98953373233115
7,23,0,0,0,2,222.083958192857
7,24,0,0,0,7,227.28552603859137
7,25,0,0,1,2,241.0503263868332
7,26,0,0,1,0,242.26094160036175
7,27,0,0,1,6,241.72769660636288
7,29,0,0,1,4,245.28249706707092
7,30,0,0,1,7,252.40865962056785
7,32,1,1,1,7,279.10333929973893
7,33,0,0,0,7,224.28049452501276
7,34,0,1,0,1,241.82812107382674
7,35,0,1,0,5,242.6330653372777
7,37,0,1,0,4,240.5478814701638
7,38,0,1,0,1,242.7618239174916
7,40,0,1,0,7,254.2152135423614
7,42,0,0,0,3,225.4458423787479
7,43,0,0,1,7,244.40694052542446
7,44,1,0,0,5,241.63517368676253
7,45,0,0,0,2,227.24594086319115
7,46,0,1,0,0,244.1546864988714
7,47,0,1,0,0,242.6119626198358
7,49,1,1,0,5,258.9814195155482
7,50,1,1,0,7,258.05409076632844
7,51,1,1,0,6,259.12058017542313
7,52,0,0,0,5,225.288562405217
7,53,1,0,0,0,239.96544972249305
7,55,1,0,0,2,242.49192384438132
7,56,1,1,0,0,259.206190417078
7,57,1,1,0,0,257.2803346853988
7,59,1,1,0,6,255.84314815894038
7,0,0,1,0,1,241.957529839335
7,2,0,1,0,7,252.7003975336869
7,6,0,1,0,6,238.42724968114558
7,7,1,1,0,0,255.9015712825137
7,8,1,1,0,4,254.95373928731368
7,9,0,1,0,1,239.49247481409728
7,10,0,1,0,2,241.62634239826866
7,11,0,0,0,4,227.11142261996056
7,12,1,0,0,5,242.13727053877906
7,15,0,0,0,1,227.39120629592125
7,17,0,0,0,6,227.61022335498518
7,19,0,1,0,2,240.01588272097572
7,21,0,1,1,0,253.0522351114621
7,22,0,1,1,7,267.8181247235319
7,23,1,0,0,6,242.008963828845
7,24,0,0,0,6,231.48333079526148
7,26,1,1,0,7,264.38185505313385
7,27,0,0,0,3,227.1254879101144
7,28,0,0,0,3,226.16519874809597
7,29,0,1,0,7,252.74248712933044
7,31,0,0,0,4,225.40650306515724
7,34,0,1,0,5,240.70283281858326
7,36,0,0,0,1,224.26329499506906
7,37,0,0,1,4,241.17081707399666
7,38,1,0,1,3,261.3783835603368
7,44,1,1,0,3,260.757803494326
7,45,1,0,0,5,240.99755398895508
7,46,0,0,0,6,226.24865685793043
7,47,0,1,0,1,242.54297312497883
7,48,0,1,0,1,241.39026867324424
7,50,0,1,0,3,251.1357116922277
7,51,0,0,0,7,239.62551867509973
7,52,0,0,0,2,225.60652619607953
7,53,0,0,0,5,227.72220596535163
7,54,1,0,0,3,249.81777448664312
7,55,1,0,0,3,243.81142251597058
7,57,1,1,0,4,259.22760444965473
7,58,0,1,0,7,251.672670553655
7,1,0,1,0,1,239.497221885266
7,3,0,1,0,7,250.89322934915845
7,5,0,1,0,6,240.0074674180911
7,6,1,0,0,0,239.61287185799281
7,8,1,0,0,6,240.68147626482912
7,9,1,1,0,1,255.84299463698474
7,10,1,1,1,4,270.73469199573765
7,11,1,1,1,4,272.80098955925746
7,12,1,1,1,7,272.09405236186984
7,13,1,0,0,6,241.95347796748172
7,14,0,0,0,5,227.71864043027642
7,15,0,0,1,7,251.01466203600958
7,17,1,0,0,6,244.02186047918883
7,18,0,0,0,2,226.36551319613403
7,21,0,0,0,2,227.0583782817402
7,24,0,0,0,3,224.07861752554794
7,29,0,0,0,0,225.62609528237218
7,30,0,0,0,1,224.02483279395406
7,31,0,0,0,2,225.53765522592806
7,33,0,1,0,7,241.93222420808638
7,34,0,0,0,7,234.63864406178678
7,35,0,0,0,4,225.02385552007044
7,37,0,0,0,3,224.94214732003803
7,40,0,1,0,0,242.13907009076573
7,43,0,1,0,4,241.9804961468161
7,45,0,1,0,0,243.3816447358924
7,46,0,1,0,3,245.4056266620991
7,47,0,1,0,2,244.20528755628294
7,48,0,1,0,5,243.63233363636766
7,49,0,1,0,6,244.62899740421878
7,50,0,1,0,7,242.84684117382943
7,54,1,0,0,4,241.62323533551654
7,55,0,0,0,6,225.6374038019563
7,57,0,0,1,7,249.7930685304313
7,58,0,1,0,0,242.26323737524436
7,59,0,1,0,6,244.8036131853702
7,1,0,0,0,5,228.51547645799715
7,2,1,0,0,3,241.01270550720002
7,3,1,0,1,1,255.468250275407
7,4,1,0,0,1,238.52995272355824
7,5,1,0,1,1,256.87232239754036
7,6,1,0,0,6,239.75051055784172
7,7,0,0,0,5,227.2225879441819
7,8,1,0,0,7,251.5817371848201
7,9,0,0,1,1,242.85026959382674
7,11,0,0,1,6,243.70989855991837
7,13,1,0,1,7,266.5915587070493
7,15,0,0,0,2,227.2785227330042
7,17,0,0,0,0,224.81257390019414
7,18,0,0,0,0,226.26278180826844
7,19,0,0,0,4,226.64384008288408
7,20,0,0,0,6,228.11027567046105
7,21,1,0,0,0,239.54010546315163
7,24,0,0,0,5,224.10796724971303
7,25,0,0,0,5,225.1395464947395
7,26,0,0,1,4,242.44546110658294
7,27,0,0,1,7,252.67716579131857
7,29,1,1,0,7,256.5719037153646
7,30,0,1,0,3,242.82606760577846
7,31,0,1,1,1,257.03741524906195
7,32,0,1,0,6,242.71592060183426
7,34,0,0,0,4,225.02860142223574
7,36,1,1,0,2,257.39104484333006
7,37,1,0,0,1,240.1383411949078
7,39,1,1,0,5,257.7045611907629
7,40,1,1,0,3,260.6792136095419
7,41,1,0,0,1,243.935158462457
7,43,0,1,0,0,242.20442634057
7,44,0,1,0,5,243.76848168060198
7,45,0,1,0,5,244.45862108522365
7,46,0,1,1,0,259.3231329507438
7,47,0,1,1,2,263.17197716556745
7,48,0,1,1,0,255.98165469441875
7,49,0,1,1,4,256.92042240085965
7,50,1,1,1,2,275.8537059268974
7,52,1,1,1,6,274.2095022393937
7,53,0,0,1,5,243.03208779537164
7,54,1,0,0,2,242.91141267387246
7,56,1,1,0,5,261.4132948149592
7,58,0,1,0,6,244.4980135542272
7,59,1,1,0,2,255.72559072287396
7,0,1,0,0,6,241.75505900852312
7,7,0,1,0,3,241.17199311172251
7,8,0,1,1,1,257.0025180528577
7,9,0,1,1,5,259.4216353634535
7,10,0,1,0,5,241.23066106251324
7,11,0,1,0,6,241.08194065529608
7,12,0,0,0,6,234.4939385828073
7,13,0,0,0,4,227.78919654428694
7,14,1,0,0,3,243.11788160508965
7,15,1,0,0,1,242.43312360702117
7,16,1,0,0,4,242.69507309457404
7,17,1,0,0,1,242.41251241979387
7,18,1,0,1,2,259.13018379428564
7,19,1,0,1,2,261.13599974909494
7,20,1,1,1,6,276.0660757459997
7,21,1,1,1,1,272.9007391263657
7,23,1,1,0,1,254.65452817009512
7,24,1,1,1,5,274.5897367743086
7,26,1,0,0,4,242.24978402608727
7,32,1,0,0,1,241.0052190204816
7,33,1,0,0,2,240.0006895344527
7,34,1,0,0,3,240.37362067385885
7,35,1,1,0,5,256.0984431677948
7,36,1,1,1,3,274.97289617577195
7,37,1,0,0,0,239.90367178792468
7,38,1,0,0,0,241.12974048263837
7,39,1,0,0,1,241.8707394669433
7,40,1,0,0,4,242.49430922294144
7,41,0,0,0,0,224.14246861276834
7,43,0,0,1,3,241.8123381849077
7,45,1,1,0,6,258.30111419152297
7,46,0,0,0,5,225.61721841816922
7,47,0,0,0,5,228.1762310220716
7,50,0,1,0,0,240.41180784294514
7,51,0,1,0,3,240.11928182730333
7,53,0,0,0,4,225.81639993027292
7,56,1,0,0,3,241.91055842591663
7,57,1,0,1,3,257.1740904093908
7,58,1,0,0,4,241.70723677152606
7,1,0,0,0,6,228.10666269073164
7,2,1,1,0,0,255.4223032892092
7,3,1,1,0,6,256.8999539002125
7,4,0,1,0,1,238.14607482679756
7,6,0,1,0,5,238.5001531625584
7,7,1,1,0,3,257.7297403467505
7,8,1,1,0,6,255.1629536453218
7,9,1,0,0,1,241.8928765617475
7,12,0,0,0,0,226.27015304132243
7,13,0,0,0,5,227.92189503611093
7,16,1,0,0,0,242.13394184310005
7,17,1,0,0,0,241.9532587304846
7,18,1,0,0,1,241.88254744065358
7,19,1,0,1,6,260.9598987551362
7,20,0,1,1,3,262.88610318124444
7,23,1,1,1,4,270.1501783314275
7,24,0,1,1,6,254.0614481620774
7,25,0,1,1,3,258.2293039768606
7,26,0,0,1,1,245.421669922313
7,27,0,0,0,5,228.1484331665443
7,28,0,0,0,0,226.43534447612777
7,31,0,1,0,6,240.08800033485267
7,32,0,1,0,3,242.8319760561401
7,33,0,1,0,6,251.9588735814948
7,36,0,0,0,6,240.51937959860024
7,41,1,0,0,0,242.66618006135258
7,42,1,0,0,0,243.19539048940055
7,43,1,0,0,1,242.70882791888633
7,44,1,0,0,7,257.41698489162
7,45,1,1,0,1,258.6662410549243
7,46,1,1,0,6,261.48717456770635
7,47,0,0,0,2,226.7298126277913
7,48,0,0,0,0,227.0248403697437
7,50,0,0,0,1,228.15790089163096
7,52,1,0,0,2,244.77796240386067
7,0,0,0,0,7,240.81843610040502
7,1,0,1,0,5,239.89525833001147
7,2,1,1,0,2,257.8894140809743
7,3,1,1,0,1,256.1029680415138
7,4,1,1,1,5,285.12057460920624
7,6,0,0,0,0,224.18492940598478
7,8,1,0,0,3,240.8680850463624
7,9,1,1,0,3,260.99344873572863
7,11,0,1,0,5,242.90669580112248
7,12,0,1,0,4,243.8714078109763
7,13,1,1,0,5,258.2261251144075
7,17,0,1,0,7,253.00431825635374
7,18,0,1,0,2,242.5027165389856
7,26,1,0,0,3,240.8778817684338
7,29,0,0,0,1,224.97867570300005
7,32,0,0,1,2,241.31859472746274
7,33,0,0,1,1,242.7721212442618
7,34,0,0,0,1,224.50854635344064
7,35,0,0,0,6,226.9326747928329
7,36,0,1,0,1,239.92435917543378
7,37,0,1,0,2,241.6881369785782
7,38,0,1,0,6,246.86236971814157
7,39,1,0,0,2,242.2098329096711
7,40,1,0,0,7,253.72404410766703
7,43,0,1,0,7,259.56623559125626
7,44,1,1,0,7,259.56021267051415
7,47,0,1,0,6,245.83592768380248
7,49,0,0,0,7,241.17451357148556
7,51,0,1,0,1,239.54569152761002
7,52,0,1,0,6,244.7343979305155
7,54,0,1,0,6,245.05751973281446
7,56,1,0,0,4,242.53674522723676
7,59,0,0,0,3,227.45570529268508
7,0,0,1,0,4,243.1018411749867
7,1,0,1,0,6,250.03941594160617
7,2,0,0,0,5,226.9997313388914
7,3,1,0,1,3,255.36574608813243
7,4,1,1,0,1,255.35859623640783
7,5,1,1,1,5,271.47259377059163
7,6,0,1,0,3,238.60139285286715
7,8,1,0,1,6,256.8657350465821
7,9,0,1,1,7,266.0001135703238
7,10,0,1,0,1,241.50726798598387
7,13,0,1,0,0,239.5677648642273
7,14,0,1,0,2,245.56870192581837
7,19,0,0,0,1,226.81277704437485
7,20,0,0,0,1,225.38477102982537
7,24,0,1,0,5,239.8082355260828
7,25,1,1,0,6,256.5387635764846
7,28,1,1,0,4,259.6893332799354
7,29,0,1,0,1,242.12426535400957
7,30,0,1,0,5,241.23892888225677
7,31,0,1,0,7,243.18030982198968
7,32,0,0,0,5,225.5292382634009
7,33,1,0,0,5,240.05447438948863
7,35,0,0,1,3,244.86941430408484
7,36,0,0,1,6,242.3234198425169
7,37,0,1,1,0,254.3472730591109
7,38,0,1,1,4,258.40717400738185
7,39,0,1,1,4,256.9916675564025
7,40,0,1,1,1,258.19487864396336
7,44,0,0,1,2,244.08312129612253
7,49,0,1,0,4,241.00225588973933
7,53,1,0,0,7,241.77483318946494
7,54,0,1,1,6,261.58658004023687
7,55,0,1,1,3,258.5592402985258
7,56,0,1,0,2,243.78692000470195
7,59,0,1,0,3,246.09730552247643
10,0,0,1,0,5,238.22083211082804
9,2,1,1,0,0,256.5985677525539
9,3,1,1,0,3,260.3799719054876
9,4,1,1,0,5,258.6175556604719
9,7,0,0,1,1,248.6661500356013
9,11,1,0,1,3,260.1336522116453
9,19,1,1,1,0,272.9352041826222
9,20,1,1,1,7,280.20026185644815
9,21,1,1,0,3,256.4322792256075
9,22,1,1,1,5,276.049065886676
9,23,1,1,0,6,276.95368530817234
9,24,1,0,0,5,245.473348680114
9,26,0,0,1,6,242.576317289786
9,27,0,1,1,5,262.40110333561336
9,28,1,1,1,2,274.10626534993224
9,40,0,1,0,2,243.48274393453607
9,45,1,1,1,2,276.48601657782075
9,46,1,0,1,1,259.8128857560502
9,47,1,0,0,2,248.43262494931625
9,52,1,0,0,3,244.05192248240422
9,54,1,1,1,2,273.6778198853363
9,55,1,0,1,7,271.96267861640933
9,8,1,1,0,3,260.7084771926366
9,11,1,1,0,7,269.8868927596121
9,13,0,0,1,7,265.43614455414655
9,22,0,1,0,5,248.18483185422778
9,31,1,0,0,1,241.23278964562294
9,37,1,0,1,5,260.5023966635961
9,42,1,0,1,6,260.8064323539373
9,52,1,0,1,7,257.89034487562736
9,7,1,0,1,2,263.96234630842855
9,8,1,0,1,0,256.3585093280553
9,9,1,0,1,1,259.3174340002647
9,13,1,1,0,4,260.40776515521054
9,41,1,0,0,6,249.0862324273911
9,52,1,1,0,2,258.31630677589635
9,58,0,0,1,4,244.12935560473755
9,59,1,0,1,1,259.7792845935729
9,1,1,1,0,1,258.0875139840266
9,7,0,0,1,4,245.31130439184648
9,16,1,0,1,4,260.164999347422
9,18,1,0,0,2,247.26222773588935
9,20,1,0,0,3,244.09353579438704
9,21,1,0,0,5,245.28660374752968
9,28,1,0,0,3,247.61736464093522
9,29,1,1,1,7,287.77599315861414
9,38,0,1,0,7,256.7148129155892
9,40,1,1,1,3,271.0175108572274
9,46,0,1,1,7,272.7080685638853
9,54,0,1,1,7,256.7239957388069
9,55,0,0,1,3,243.2846300017048
9,59,0,1,1,1,258.63901713231024
9,0,0,1,1,7,270.76022136882085
9,3,1,0,1,1,258.49346600053286
9,16,0,1,1,3,271.8954107840048
9,18,0,1,1,7,273.8152623887313
9,27,1,0,1,3,260.8595332882278
9,28,1,0,1,2,257.449909887592
9,30,1,1,1,1,272.30161496840117
9,45,0,1,0,2,245.7436327166739
9,49,1,1,0,7,270.6696314711605
9,55,0,1,1,4,258.06518261214967
9,2,0,0,1,6,251.22593898232637
9,3,1,0,1,7,280.7726843962651
9,6,1,0,0,6,246.81895000046842
9,9,1,0,0,7,262.03861355053255
9,10,1,1,1,4,274.7721527302302
9,11,1,1,1,5,277.7240617135836
9,12,0,1,1,2,261.1734536319828
9,13,0,0,1,5,243.95742734664532
9,23,0,1,1,7,263.3570790097127
9,28,0,1,0,3,248.62618057746045
9,32,1,0,1,5,262.46127215731946
9,34,1,0,0,0,241.6178632796686
9,36,1,0,0,2,243.57711952028075
9,37,1,0,0,6,253.73151252739055
9,48,0,1,1,7,273.6415248495139
9,50,1,1,1,5,274.3876730458227
9,52,0,0,0,2,226.50406043584246
9,1,0,1,1,4,257.9754970809927
9,11,1,1,1,3,279.7408693103701
9,18,1,1,0,1,257.99164524491357
9,20,1,1,1,5,277.88644943200535
9,24,1,0,0,3,250.59903649610936
9,29,0,1,1,6,271.83691771733703
9,30,1,0,1,0,255.00466129866905
9,49,1,1,1,2,269.11567752287203
9,50,1,0,1,4,256.0161590503109
9,58,0,1,0,7,261.48876889193957
9,0,1,1,0,2,259.7811034557993
9,1,1,1,0,6,266.56158657660944
9,12,1,1,0,4,258.79698575957025
9,14,1,0,1,7,262.51161902791796
9,48,1,1,1,4,272.36259296249006
9,49,1,1,1,3,273.4466968043203
9,51,1,1,0,3,260.31079311665655
9,7,0,1,1,3,262.6328909296636
9,8,0,1,0,6,252.11605144378206
9,13,1,0,1,6,261.35759430683294
9,17,0,1,1,0,259.24407591392435
9,19,1,1,0,4,261.3133809101803
9,26,1,1,0,0,260.0016139793758
9,29,0,0,1,4,243.6700554063856
9,30,0,0,1,5,243.5804828868732
9,51,0,1,0,6,245.61100005611098
9,57,0,0,1,3,246.94337223851724
9,2,1,1,0,3,263.51686079134174
9,11,1,1,0,4,267.73358973549097
9,34,0,1,0,4,243.3189653908758
9,38,0,1,0,3,247.6983676758917
9,47,0,0,1,0,242.7703645811722
9,48,0,0,1,6,257.45731330884485
9,6,0,1,1,1,260.2497395107759
9,9,1,1,0,4,258.86091768830664
9,16,1,0,0,4,249.38512854502898
9,23,0,1,0,4,244.05357803778526
9,34,1,0,0,7,248.66376809848424
9,36,1,1,0,1,260.23923845641826
9,38,1,1,0,0,254.29978937870953
9,39,1,1,0,0,258.37093221553454
9,44,0,1,1,7,272.5659432768338
9,46,1,1,0,3,255.87092590821345
9,49,1,0,1,7,267.89994006624465
9,51,1,0,0,5,240.00801301943864
9,58,1,1,1,0,265.99536459395136
9,59,1,1,1,5,273.72549539955526
9,12,1,0,1,4,261.1366587020708
9,21,1,1,0,7,274.22920670800306
9,38,1,0,0,1,240.88502707803394
9,43,1,0,0,5,248.18562508617913
9,47,0,1,1,1,256.58302929963764
9,50,0,1,0,1,238.5541107368697
9,51,0,1,0,0,238.77057777357336
9,58,0,0,1,5,244.1527448822298
9,6,0,1,0,2,249.6663630561481
9,8,0,0,1,2,246.86011726447546
9,11,1,1,1,4,276.82540319841263
9,12,1,1,1,1,272.58480778169667
9,13,1,1,1,4,276.01529062310624
9,14,0,1,1,4,263.5586056558737
9,16,0,1,1,5,258.6580808289599
9,33,1,1,1,2,274.63000721377813
9,34,1,1,1,7,286.3128496870345
9,54,1,1,0,1,256.63486522713316
9,55,1,1,0,2,257.4047647927057
9,56,1,0,0,4,243.16050857469716
9,2,1,1,0,2,258.8780544015235
9,15,1,0,0,6,247.7133997619203
9,18,0,1,1,6,259.65278579220325
9,23,1,0,0,3,248.85127686910474
9,24,1,1,0,2,261.73879559177664
9,25,1,1,0,2,258.77845423650064
9,35,0,0,1,3,240.55961570735468
9,38,0,1,0,1,240.85097440733247
9,40,0,1,1,2,260.497743857498
9,42,0,0,1,5,246.65351015382737
9,44,1,0,1,7,262.4883136315206
9,9,0,0,1,4,248.54220962608736
9,11,1,0,1,6,260.18347854454464
9,13,1,1,0,5,263.56131519204143
9,20,1,1,1,3,278.25913317692795
9,24,1,0,0,6,251.75246929148122
9,34,0,0,0,1,227.0831877492478
9,42,0,0,1,2,242.38968670168614
9,43,0,0,1,4,243.54645553279764
9,48,0,0,1,0,241.97716846802936
9,53,1,1,0,2,256.5554724566253
9,57,1,1,0,6,261.60275217009246
9,59,1,1,0,7,275.08884573817056
9,10,1,0,0,7,250.105618885462
9,29,1,1,0,5,257.77720706036894
9,32,1,1,0,3,259.7017619457904
9,33,1,0,0,5,245.7556863966479
9,46,0,0,1,0,242.9791904367849
9,57,1,0,1,5,263.7643686346862
9,6,0,0,1,3,251.43543697923897
9,7,0,1,0,0,243.34301443374503
9,20,0,0,1,3,250.97287126006088
9,22,1,0,1,2,259.7603269131157
9,23,1,0,1,6,257.80346895120465
9,32,0,0,1,4,241.29810556262393
9,56,1,1,0,0,257.7229875200388
9,2,1,1,1,5,275.32144412921497
9,5,0,1,1,6,261.884935025405
9,7,0,0,1,7,261.4640473388444
9,22,0,1,1,3,256.7348931727781
9,29,0,0,1,0,243.351149628815
9,55,0,0,0,5,230.89543575401012
9,7,1,1,0,7,276.5455514522953
9,8,0,0,1,5,248.2623181402142
9,14,0,1,1,7,279.3712291571761
9,16,0,0,1,4,244.13460560757218
9,17,0,0,1,1,245.63627422112933
9,19,1,0,0,0,242.63789935076403
9,32,1,1,0,1,256.1496584127338
9,33,1,1,1,5,274.0833489578503
9,34,0,1,1,6,259.7468797311077
9,35,0,1,1,2,257.36209376655495
9,36,0,0,1,1,241.7835786782056
9,40,1,0,1,3,261.7228649331165
9,49,0,1,0,6,244.78221566635006
9,51,1,1,0,1,256.4249815548145
9,52,1,1,0,0,254.20484452382655
9,56,1,0,0,7,257.09405372504307
9,5,0,1,1,4,262.55201136611447
9,6,1,1,1,6,278.3535432015181
9,9,0,0,0,4,235.67930359076718
9,17,1,1,1,1,274.7518474133686
9,19,1,1,0,5,260.1642595211513
9,20,0,1,1,1,258.49167654153564
9,27,1,1,0,5,263.2556065215998
9,44,1,1,0,4,259.8199377571539
9,50,1,1,1,3,275.481152871125
9,51,1,0,1,0,253.8425806759076
9,54,1,1,1,4,271.0071413523282
9,10,0,0,1,1,247.96661257362237
9,15,1,1,1,3,281.0851590105009
9,17,0,0,0,5,235.76289056462036
9,28,0,1,1,2,259.07848121831654
9,37,0,1,0,0,240.10741630087253
9,48,1,0,1,0,253.30573783091847
9,50,1,0,1,7,266.16930178105844
9,3,1,0,0,4,252.86722525905645
9,4,1,0,0,4,243.4595277428781
9,8,1,0,0,5,247.4442717579081
9,23,1,1,0,1,260.0816327044783
9,28,1,0,0,2,247.10102190116737
9,29,1,0,0,0,243.56797260729962
9,32,1,0,0,1,244.3744604299255
9,37,0,1,1,2,259.35096590013114
9,42,1,0,1,3,260.94921946446624
9,19,0,0,1,6,248.9813924790312
9,22,1,0,0,0,242.4794457451786
9,29,0,0,1,3,247.37577053974275
9,38,0,1,1,4,256.85604143802
9,40,1,1,1,1,271.40696112315845
9,41,1,1,1,1,272.90757980535545
9,42,1,1,1,2,274.52850181227257
9,45,0,1,1,2,258.4645822666134
9,46,0,0,1,7,259.76841961202734
9,56,0,1,1,0,254.78172622182046
9,57,0,1,1,0,258.83958924323014
9,58,0,1,1,2,259.4861622312671
9,1,1,0,1,3,256.51188015550207
9,3,1,1,0,1,258.28110140126097
9,5,1,1,0,1,260.23130435283497
9,6,1,1,1,2,275.1683665770223
9,20,0,1,0,2,246.4590447676178
9,23,0,0,1,7,258.9120020408163
9,26,1,1,0,6,260.7282757159817
9,32,0,1,1,4,258.9500846059158
9,33,0,1,1,7,275.28133790329076
9,36,0,0,1,3,244.91238089331895
9,54,0,0,1,5,253.93671208377054
9,19,1,1,1,7,278.1296952109119
9,21,1,1,1,3,276.6917621560459
9,23,1,0,0,5,248.61696409263376
9,33,0,0,0,7,240.862605804171
9,36,0,1,1,0,258.0394774937761
9,37,0,1,1,3,264.6041300619237
9,43,1,1,0,5,263.86153771757085
9,44,0,1,1,0,256.15544104607096
9,45,0,1,1,7,274.86405759349253
9,46,1,0,0,3,241.18413749271642
9,47,1,1,1,4,272.9119182521138
9,49,0,1,0,4,244.6553224744479
9,55,1,0,1,2,257.4837046595846
9,57,0,1,1,2,261.9594163140878
9,15,1,0,0,0,244.42366745140953
9,30,0,0,1,3,247.9532648360984
9,39,0,1,1,7,258.93205431586273
9,44,0,1,1,6,262.2931717993078
9,45,0,1,1,4,258.9127158344866
9,47,0,1,1,5,263.3317928877709
9,53,1,1,0,3,258.00924876611975
9,1,0,1,1,0,255.93451635435352
9,3,0,1,1,3,260.841418068241
9,11,0,1,1,5,259.0699344563553
9,13,0,0,1,4,244.4445508784146
9,14,1,0,1,6,264.6338839446955
9,42,0,1,0,3,249.21565112996223
9,48,1,1,1,0,267.6602326011178
9,49,1,1,1,1,270.33131868763064
9,18,1,1,1,7,298.2041079319926
9,25,1,0,0,0,244.72751065913036
9,27,1,0,0,0,244.06661377488365
9,32,1,1,0,2,259.3157487152829
9,41,0,1,0,2,251.587939925664
9,3,0,0,1,7,249.6975660777547
9,18,0,1,1,2,260.10047227400617
9,19,0,1,1,6,260.68350874967956
9,21,1,1,1,2,278.2876092179275
9,24,0,0,1,7,265.43794662704175
9,33,1,1,0,7,273.533134688411
9,5,0,0,1,0,245.8676259150673
9,10,1,1,1,6,289.03309547502624
9,21,1,1,0,5,256.5357597501427
9,25,1,0,0,2,250.07405636066306
9,31,0,0,1,3,248.09656543677534
9,40,1,1,0,2,264.06662826774743
9,41,1,1,0,1,255.81585716213738
9,42,1,1,0,2,261.36193974666685
9,47,1,0,0,3,244.6979927641557
9,53,1,0,0,3,245.8261045704278
9,0,0,1,1,0,257.44120561020316
9,1,0,1,1,1,258.9003151013074
9,6,1,0,1,4,262.4224472124615
9,35,0,1,1,4,257.2171468409308
9,43,0,1,1,2,258.97926381088973
9,56,0,1,1,6,261.42975394872394
9,57,0,1,1,6,262.46984050601407
9,58,1,0,1,5,262.50770425630566
9,0,1,1,1,2,272.487973247021
9,1,1,0,1,2,255.8658763793176
9,2,1,1,1,1,273.1193753156886
9,3,1,1,1,1,275.42132913146173
9,23,1,0,1,0,255.58936296267944
9,25,1,0,1,7,273.9916707035188
9,26,1,0,0,6,249.21153050321664
9,28,0,1,1,0,256.12296566812194
9,30,1,1,1,7,272.4205107561855
9,50,1,1,0,5,260.7466474420987
9,51,0,1,1,1,256.5172358047296
9,55,1,1,0,7,262.9415587408983
9,57,0,1,1,5,260.5253320734332
9,0,1,1,0,6,258.7594737299446
9,23,1,1,0,7,263.4656825497902
9,30,0,0,1,7,262.51288602199963
9,40,1,1,0,3,261.8385385511867
9,45,1,1,0,5,259.9319778960071
9,48,0,1,1,3,264.0319988090587
9,49,0,1,1,1,255.82442902415264
9,5,0,1,1,2,262.9671383137224
9,6,0,1,1,2,258.63290252186624
9,7,0,1,1,7,275.0741873557661
9,21,0,0,1,3,259.025958392301
9,36,1,0,1,0,257.1698888877418
9,0,0,1,1,4,259.39203382410864
9,1,1,1,1,6,271.09720161293404
9,17,1,1,0,2,261.0885795835936
9,27,1,0,1,7,277.5380668616537
9,31,0,1,1,3,258.7451841722171
9,39,1,0,0,2,246.0113969191304
9,3,1,1,1,2,276.9430942002981
9,4,1,1,1,1,271.9214786037895
9,5,1,1,0,5,263.1862840417492
9,11,0,0,1,6,249.19047150420243
9,12,1,0,1,6,262.63998859277916
9,13,0,1,1,7,278.58740979082245
9,17,1,1,1,4,274.6646568246221
9,20,1,0,0,4,246.80254231125565
9,30,1,1,0,6,265.13085124900886
9,40,0,1,0,0,242.9328728129885
9,52,0,0,1,7,253.02108781960447
9,15,0,1,0,5,248.91247829364545
9,21,1,1,1,0,273.8288572815471
9,22,1,1,1,6,276.62052089782935
9,30,0,1,1,5,261.0315086553113
9,34,1,0,1,0,258.8280559969467
9,35,1,0,1,3,262.24339054483846
9,37,1,0,1,1,257.96882111611365
9,50,1,1,1,6,275.86299020695367
9,54,1,0,1,4,255.38540462935273
9,55,1,0,1,4,257.16842342873076
9,57,0,0,1,7,257.3618186081012
9,17,1,0,0,3,251.22331423449927
9,22,1,1,0,4,259.4574420590832
9,36,1,0,0,5,243.72966455947537
9,38,0,0,1,6,240.15368664806564
9,40,1,0,1,5,260.7474790412527
9,44,0,0,1,2,245.2316489932089
9,45,0,1,1,5,259.1271949721065
9,56,1,1,0,1,259.20129914455754
9,7,0,0,1,3,250.18939439827338
9,13,1,1,0,3,261.54948133311126
9,19,0,0,1,7,260.5075582895282
9,26,0,0,1,2,242.16504566575426
9,27,0,0,1,7,259.2106254448375
9,33,1,0,1,7,260.9347233909978
9,55,0,1,0,0,244.10229916654902
9,5,1,0,0,5,245.68025679838036
9,14,1,1,0,1,262.14398933172765
9,15,1,1,0,7,276.45543209538937
9,17,1,0,0,4,244.1429544873802
9,34,1,0,1,3,261.16877807364267
9,44,0,1,0,0,241.1151886369528
9,13,0,1,1,6,264.1152235764199
9,14,0,0,1,4,242.67129607168505
9,17,0,1,1,1,259.4366263542583
9,25,1,0,0,6,251.22230611891865
9,27,1,0,0,3,245.84826386777968
9,32,1,0,0,4,249.40712815735216
9,50,1,1,0,1,259.14914128191083
9,8,1,0,1,2,258.261565974456
9,9,1,0,1,6,260.99263906941724
9,10,1,1,1,0,272.9604314909543
9,11,1,1,1,7,291.7289214371266
9,12,0,1,1,6,264.54755669497325
9,13,0,0,1,2,246.35112929623944
9,15,0,0,1,5,243.2029464085222
9,20,1,1,1,1,271.3354310352417
9,22,1,1,0,6,261.1126687974786
9,34,1,0,1,2,260.4055143402089
9,40,1,1,1,5,271.3606385250972
9,44,0,0,1,0,242.80604447364666
9,45,0,0,1,3,246.74606070951694
9,7,0,1,1,4,260.58183767312613
9,16,1,0,1,1,259.6849325517413
9,30,1,0,1,5,260.7145010847756
9,16,0,0,1,3,245.131833537458
9,30,1,1,0,2,257.02369867939626
9,38,1,1,1,5,271.67591127978744
9,51,1,0,1,6,254.59827760208015
9,54,1,0,1,3,256.66307394550813
9,59,1,1,1,0,271.6133549079774
9,0,1,1,1,3,273.44464668263015
9,34,0,0,1,5,242.75026822285292
9,44,0,1,1,5,259.4427694865671
9,46,0,1,1,3,255.08669000042957
9,6,0,1,0,5,250.52321726437694
9,15,1,1,1,6,284.5016076235977
9,17,1,0,1,2,258.40408795032806
9,26,1,1,1,0,270.56334987459513
9,27,1,1,1,5,275.5793448796462
9,40,0,1,1,3,264.1928039023882
9,42,0,1,1,6,258.0158953477617
9,43,1,1,1,7,279.3943737699753
9,45,0,1,1,6,258.9726486039575
9,48,0,1,0,3,245.23234713517454
9,49,0,1,1,7,269.8355903637697
9,51,1,1,0,7,269.97471740329837
9,57,1,1,0,0,254.54435494122097
9,10,1,0,1,3,264.9536981494142
9,12,1,1,0,5,261.5147786646043
9,13,0,1,0,3,250.31856481551964
9,43,1,1,0,2,266.18275587935324
9,45,1,0,1,3,269.43387400396546
9,54,1,0,0,5,242.8978820735272
9,53,0,1,1,7,269.943277543689
9,56,0,0,1,1,241.70646899547347
9,19,1,1,1,6,287.48778900060796
9,20,0,1,1,6,256.7282224114129
9,31,0,1,1,0,258.5667340434233
9,32,0,1,1,0,255.8283568487622
9,53,1,0,0,1,241.60942094580093
9,8,0,1,1,0,258.25871763318594
9,9,0,1,1,1,262.7817259691758
9,45,1,1,0,2,258.5906055865264
9,48,1,1,0,3,258.2953543749203
9,49,1,0,0,2,242.65935553149686
9,4,0,0,1,2,250.13602999816374
9,6,0,1,1,6,260.2947954918283
9,7,0,1,1,1,260.91123601115424
9,38,1,0,1,4,265.7695349067068
9,40,0,0,1,1,242.01751422062478
9,47,0,1,1,2,256.15356495949845
9,55,1,0,0,3,247.33934484981168
9,3,1,1,0,4,263.6916534043598
9,24,0,1,1,3,258.5768912366994
9,41,1,1,1,3,274.6936739542395
9,47,0,1,0,5,246.19436776017702
9,8,1,0,0,0,244.9290669680574
9,9,1,0,0,1,243.05169614311055
9,13,0,0,1,1,244.15541567878995
9,22,1,1,0,5,258.90984333530514
9,39,1,0,1,0,258.6372435783887
9,24,0,0,1,6,248.7208995834755
9,29,1,1,0,3,259.8534768547692
9,31,1,1,1,4,279.52190761483075
9,32,0,1,1,3,260.33237760261534
9,40,1,0,0,0,243.25215362686924
9,57,1,1,0,7,279.76900872696433
9,19,1,1,1,5,276.3131532701095
9,36,1,0,1,3,258.68286725157
9,38,0,1,0,4,243.8066183700677
9,52,1,0,1,1,255.5330501163672
9,10,1,1,0,3,259.8877164613843
9,32,1,0,0,5,247.25216543368305
9,40,1,1,0,7,276.9011693467677
9,45,0,1,1,0,255.9881848763557
9,46,0,1,1,6,255.70969059932673
9,51,0,1,1,7,273.54327947452003
9,54,0,1,1,0,255.18380147414263
9,55,0,1,1,7,268.44874313953204
9,14,1,0,1,3,262.65014508187795
9,35,0,1,1,0,256.0935997919347
9,48,0,0,1,4,243.81051052150778
9,49,1,0,1,0,254.395828897813
9,50,1,0,1,3,254.87114170819558
9,2,1,0,0,6,248.5403145011823
9,10,1,0,0,0,243.52319777237426
9,19,1,0,1,2,261.496620074612
9,20,1,0,1,6,261.1593487946637
9,22,0,0,1,3,249.84136834785267
9,29,1,1,0,6,268.7154312230971
9,32,1,1,1,3,274.48936342705747
9,44,1,1,0,1,259.1433304183733
9,45,1,1,1,3,276.4522513577299
9,47,1,1,0,6,267.1783093284863
9,54,1,0,0,1,242.2807728326326
9,16,0,1,0,2,243.4756791646802
9,22,0,1,1,1,257.878740091115
9,24,1,1,0,7,279.10986789466256
9,29,1,1,0,1,255.85779719435578
9,32,0,1,1,7,275.05935332297787
9,37,1,0,0,0,242.7956276494652
9,3,0,1,1,4,260.11766944202765
9,13,1,0,1,5,262.0513956489603
9,39,1,1,1,4,275.26956382145244
9,49,0,0,1,4,242.25649088420283
9,56,0,0,1,2,243.99296656584704
9,57,0,0,1,1,244.45250755935086
9,13,1,0,0,1,244.5803947287995
9,24,0,1,1,6,260.5181578017828
9,25,1,1,1,1,271.2685293925666
9,28,1,1,1,1,274.2320726245764
9,36,0,0,1,0,241.91893307541625
9,40,1,1,0,0,255.51861855768655
9,41,1,1,0,3,258.5937791493622
9,45,1,0,0,6,248.68003230225466
9,4,0,1,1,3,261.84432375014234
9,59,1,0,1,6,275.48354846773765
9,1,1,0,1,7,273.8559130656872
9,5,0,1,1,3,265.39930614076144
9,35,1,0,1,7,278.53399369923534
9,3,0,0,1,3,249.88070284685236
9,10,1,1,0,6,261.5558601979945
9,24,0,0,1,5,244.3557301650925
9,50,0,1,1,4,253.93652407272472
9,51,0,1,1,3,261.8494468893294
9,53,1,0,1,3,265.2329701308704
9,23,1,1,1,7,271.59103691485655
9,37,0,0,1,0,240.71819468982127
9,55,1,0,1,3,258.4641131362836
9,56,1,1,0,2,258.12158488885996
9,33,0,0,1,1,246.46568507175058
9,40,1,0,0,3,245.07759734140316
9,46,0,0,1,4,243.0989094610902
9,44,0,0,1,1,241.8465863619853
9,49,0,1,1,3,258.3354826379445
9,7,0,1,1,6,265.58907110960587
9,6,0,1,1,0,258.3047714516999
9,8,1,1,1,1,275.23751530568387
9,9,1,1,1,0,270.54704003971233
9,10,1,1,1,2,275.9935505692721
9,11,1,0,1,2,260.6228664540943
9,26,1,1,1,4,281.54845818912264
9,27,1,1,1,6,274.30984656934737
9,28,1,0,1,6,257.891392020191
9,30,0,0,1,1,244.09371809950346
9,35,0,1,1,5,259.97482656853316
9,37,1,1,0,7,279.24643998829754
9,39,0,0,1,4,241.63617490902942
9,42,1,1,1,0,270.79268837744644
9,43,1,1,1,4,277.6337492931848
9,47,0,0,1,7,256.68361836017937
9,10,0,1,1,0,255.7754568760389
9,11,0,1,1,6,274.88705886061365
9,12,0,1,1,0,261.4606944274435
9,14,0,0,1,0,242.51358574379088
9,30,1,0,1,7,274.2090639132531
9,0,1,1,1,4,272.45429472099784
9,3,1,1,1,4,276.3404412032403
9,4,1,1,1,7,280.9201427050387
9,24,1,1,1,6,274.98253473249935
9,27,1,0,1,5,261.8232138701452
9,38,1,1,1,1,270.7735945198763
9,51,1,0,1,3,254.00660948576206
9,55,1,1,0,0,257.0751183272749
9,6,1,1,0,4,260.30068993165804
9,8,0,1,1,1,259.4286589840056
9,12,0,0,1,4,245.547517041733
9,13,1,0,1,2,262.7898197951906
9,16,1,0,1,3,261.02580348487237
9,18,1,0,1,1,258.6365270511735
9,22,0,1,1,2,259.4290898958616
9,35,1,1,0,4,257.4737703394377
9,38,1,0,0,2,244.7836304516876
9,39,1,1,0,7,256.78899326891167
9,6,1,1,0,5,263.79012470427716
9,17,1,0,0,7,265.52366770752604
9,28,0,0,1,7,258.5694346907331
9,46,0,1,0,6,245.62788960654328
9,50,0,1,1,2,254.180171088629
9,53,0,1,1,5,255.63000270971466
9,55,0,0,1,5,238.3524025333715
9,49,1,1,0,0,255.9319989288131
9,7,0,0,1,5,245.6997711084555
9,15,0,1,1,7,277.58723020208265
9,46,1,0,0,5,245.99318895646627
9,5,1,1,1,6,280.4604756720597
9,7,0,0,1,2,244.17309950169792
9,11,0,0,0,1,232.7596969804117
9,19,1,0,1,7,261.1163418782905
9,48,0,1,1,1,257.1192639099752
9,4,1,1,1,3,279.12054459537177
9,22,1,0,1,7,272.59597718016886
9,24,1,0,1,5,261.8153633647631
9,27,1,1,1,4,275.32440485915333
9,29,1,0,1,1,261.4214777655259
9,16,0,1,1,6,260.5936113453078
9,42,1,0,0,5,250.5283273436239
9,14,0,1,1,1,262.4068969780741
9,23,1,1,0,5,260.2463377936637
9,50,1,1,0,2,258.4765981813156
9,13,1,0,0,0,243.27557417231947
9,41,0,0,1,0,244.09305663274162
9,54,1,0,0,2,242.31272049405197
9,59,1,0,1,0,259.7801685213316
9,58,1,1,1,2,276.53942977133016
9,59,1,0,1,3,261.288505694049
9,7,1,0,1,5,261.64177614601067
9,25,1,0,0,4,246.45131325423267
9,28,0,1,1,7,274.10091064893004
9,35,0,0,1,2,240.70815466016992
9,0,1,1,0,7,277.8235849500988
9,2,1,0,1,0,257.0052359526836
9,3,1,0,1,0,261.12645254760463
9,4,1,0,1,0,261.07418412797864
9,5,1,0,1,6,274.0194666584276
9,8,0,0,1,7,261.9851501880431
9,12,1,0,0,7,257.93824905082295
9,50,0,0,1,7,256.41968037260284
9,14,1,0,0,7,262.87917365952825
9,41,0,1,0,0,245.0388907227408
9,4,1,1,1,4,275.22416460285865
9,6,1,0,1,7,276.90877593577943
9,19,1,0,0,5,248.07141641759105
9,29,1,1,0,0,255.8953073982975
8,54,1,1,0,7,269.32575367259403
8,55,1,1,0,6,263.5225296237305
8,10,1,0,1,4,262.1251715852728
8,15,0,1,1,4,261.7236586407172
8,23,1,0,0,6,251.9633323175681
8,25,0,0,1,2,247.59434730589487
8,35,1,0,0,1,248.45391457970877
8,38,1,0,0,0,244.2224102970684
8,39,1,0,0,4,248.63310635584537
8,45,1,1,0,2,261.52561452147506
8,47,1,1,0,4,260.77648761267596
8,50,0,1,0,6,250.72375029280258
8,54,1,1,1,6,281.8907136224648
8,55,0,1,1,4,261.36580917237626
8,26,1,1,0,2,269.02413409274027
8,45,1,1,1,3,275.0675026742787
8,48,1,0,1,2,260.1799875763885
8,49,1,1,1,3,277.19809776987614
8,56,1,1,0,1,261.9558164070396
8,11,0,1,0,4,250.99154350668996
8,12,1,1,0,3,269.546994537406
8,13,1,0,1,2,264.72178806635344
8,14,1,0,1,7,278.3879428433892
8,34,0,1,1,0,261.22930363159344
8,36,1,1,0,5,264.6655742111631
8,37,0,1,0,6,251.99227319816254
8,43,1,1,1,3,276.8919434308121
8,53,1,1,1,1,271.3195910402816
8,54,1,1,0,6,265.81086736322237
8,55,0,1,0,5,247.76938026365855
8,9,1,1,0,6,270.6891536863553
8,37,1,0,1,1,256.8922411958018
8,38,1,0,0,3,250.5677039175766
8,40,1,0,0,0,244.7675906537564
8,41,1,0,0,4,246.84144568212062
8,44,0,0,1,0,240.50095110498847
8,45,0,0,1,4,245.4949562667627
8,2,0,1,0,1,246.3249818941211
8,8,0,0,1,2,247.92497259061233
8,9,0,0,1,7,262.53680310055194
8,17,1,0,0,1,248.9166175926727
8,40,1,1,1,7,296.50260563483766
8,44,1,0,0,0,245.60409527118424
8,46,1,1,0,0,259.3342451090856
8,48,1,1,1,3,273.27249355467063
8,51,1,0,0,5,244.64817371145645
8,55,0,0,1,0,243.45565547379405
8,27,1,0,1,7,286.83149444268986
8,33,1,0,0,2,249.13260011771672
8,35,0,1,1,0,257.6642840716212
8,36,0,1,1,3,264.3567992039718
8,41,1,0,1,3,264.47154506590823
8,42,1,0,1,0,257.75666871441683
8,43,1,0,1,4,261.064055795973
8,45,1,0,1,0,257.32202448788394
8,46,1,0,1,6,263.38302229796955
8,1,0,1,1,3,262.2851566684954
8,4,0,1,0,3,251.50874201423437
8,13,1,1,0,7,273.6631813045073
8,17,1,0,0,6,261.5189255745379
8,27,1,0,0,0,250.03680147329646
8,41,1,0,0,5,250.27692633483633
8,58,1,0,1,7,267.1497495264828
8,4,0,1,0,5,251.1060561111174
8,18,1,1,0,3,270.66012493188856
8,29,0,1,0,4,253.00245421890708
8,33,1,1,1,2,274.65443616960783
8,34,1,0,1,5,264.4035803382954
8,40,0,1,1,1,257.5695048955965
8,41,0,1,1,0,259.1216773456725
8,42,0,1,1,4,259.60179903027813
8,49,1,1,0,6,264.64042025668647
8,3,0,1,0,4,250.70009074473427
8,7,0,1,1,6,263.4490133701871
8,8,1,1,1,0,279.1385871636798
8,9,1,1,1,1,277.7263753117553
8,10,1,1,1,3,281.3753488062666
8,17,0,1,1,1,259.1151446806187
8,18,0,1,1,7,267.68416700435483
8,35,1,1,0,7,265.12568310910007
8,45,0,1,0,7,256.94645681027697
8,2,1,0,1,2,263.66835432755414
8,3,1,0,1,0,263.4015779326655
8,4,1,0,1,3,266.9420019907082
8,5,1,1,1,3,279.07624653710866
8,11,1,1,0,1,262.76444706437593
8,13,1,1,0,1,264.4405642594396
8,14,1,1,0,5,266.3678707348206
8,16,1,1,0,5,261.27585282315385
8,19,1,1,0,0,260.9335626169467
8,20,1,1,0,2,267.573423457236
8,21,1,1,0,1,264.3756910770841
8,23,1,1,0,3,266.14203361738265
8,24,1,1,0,1,265.5310379678623
8,25,1,1,1,3,293.510359841747
8,34,1,1,0,2,263.0428312103503
8,35,1,0,0,5,248.93002708915355
8,43,1,1,0,6,263.39870395971906
8,52,0,0,1,7,259.8744144324903
8,58,1,1,1,7,274.9366625791149
8,7,1,0,1,7,269.86480718979993
8,17,0,0,1,2,248.41657074379862
8,18,0,1,1,3,280.01166509565917
8,23,0,1,1,1,263.9427681234306
8,27,0,0,1,0,249.1664245919983
8,34,1,1,0,0,258.6133969806063
8,35,1,1,0,0,259.72213380003865
8,36,1,1,0,1,262.5511559167196
8,37,1,1,0,0,258.8101893036979
8,58,0,1,0,0,247.63378032474907
8,3,1,0,1,6,267.6843781486499
8,4,0,0,1,4,251.39330146632872
8,7,0,0,1,3,254.10496431044902
8,8,0,0,1,7,259.44503938598723
8,18,1,1,1,4,278.59434112408076
8,19,1,1,1,6,278.6691306453756
8,20,0,1,1,2,263.9195459358303
8,21,0,0,1,7,263.3670577190206
8,22,1,1,1,2,276.8175686083622
8,24,0,0,1,7,264.8325908151054
8,36,0,1,1,5,263.6304223243341
8,40,1,0,1,4,264.6681144863444
8,42,1,1,1,0,268.5255528683774
8,43,1,1,1,6,284.1912526263904
8,44,0,1,1,2,264.0231288477828
8,46,0,0,1,6,251.97198013105606
8,3,1,0,1,1,264.50845773495286
8,15,0,0,1,7,257.7496812733688
8,20,0,0,0,0,234.38355240857786
8,31,1,0,1,0,263.3723386822412
8,32,1,0,1,1,264.2925340102594
8,57,0,0,1,6,243.58138330815908
8,18,1,1,0,1,258.81217056153446
8,23,1,1,0,2,268.89628939033156
8,24,1,0,0,0,248.60606485329504
8,37,1,1,0,3,265.9422612312324
8,42,0,1,1,5,263.81122967886506
8,43,0,1,1,4,260.26862711144383
8,44,1,1,1,2,277.22832069445974
8,45,1,0,1,6,261.4865806990344
8,46,0,1,1,2,262.62235111801454
8,47,0,0,1,2,250.3979427139199
8,49,0,1,1,7,261.78712580311964
8,51,0,1,1,7,264.4350184950853
8,58,0,0,1,0,244.66305813792704
8,2,0,0,1,5,246.6407627529572
8,14,1,0,0,4,246.34999950047018
8,22,0,1,0,0,251.9016890165951
8,23,0,1,0,0,247.75743574074193
8,31,1,1,0,2,263.1529116005503
8,32,1,1,0,7,278.52744369749917
8,34,1,0,1,0,258.4897861275048
8,35,1,0,1,7,276.79163489553247
8,44,0,0,1,4,241.55079940324174
8,45,0,0,1,3,245.02776769913788
8,47,1,1,1,5,275.9057056137832
8,3,1,0,0,1,246.31355657233433
8,6,1,1,0,7,275.8176571199443
8,14,1,1,0,7,280.8983697812731
8,17,0,0,1,1,247.12670835900988
8,21,1,0,1,5,263.71254374490366
8,27,0,1,1,7,265.6709153509787
8,28,1,0,0,4,250.05842111997652
8,30,1,0,0,4,249.76600725452153
8,51,1,1,0,5,262.6707164615362
8,1,1,1,0,1,262.5260163868483
8,2,1,1,0,3,264.2991420475908
8,20,0,0,1,1,246.39513493764207
8,21,0,0,1,0,244.05669877484274
8,35,1,1,0,5,262.89681430554253
8,37,1,1,1,7,288.73380503365564
8,39,0,0,1,3,246.97703229187144
8,42,1,0,0,7,253.1465637922036
8,9,0,0,1,1,248.96306424702013
8,19,0,1,0,0,246.92465906687264
8,23,0,0,1,2,247.86030669178078
8,41,1,0,0,1,247.81172761494338
8,48,0,1,1,3,259.5373085431291
8,55,0,1,1,3,263.43003206178497
8,14,1,0,0,7,251.80357807641263
8,31,0,1,1,6,259.05762023620224
8,32,1,0,1,4,266.4550068397456
8,41,1,1,0,7,271.7693027420548
8,43,0,1,0,3,255.3630530111294
8,48,0,0,0,5,233.238084073405
8,50,0,1,1,2,260.4139653868669
8,51,0,0,1,1,245.99175317415205
8,0,1,0,0,2,251.59547473422518
8,3,1,0,0,6,253.34783004893143
8,7,0,1,0,0,247.19985355770973
8,11,1,1,0,6,274.7927686176686
8,23,1,1,0,4,263.3523138388973
8,26,0,1,1,3,265.184010192684
8,32,0,0,1,2,250.52904637815172
8,52,1,1,1,2,274.25870377910854
8,53,1,0,1,3,262.43507044669616
8,54,1,0,0,3,248.24806109999074
8,2,0,1,0,2,248.72454248353228
8,3,0,1,0,5,252.32642825385886
8,14,0,1,1,1,263.32073535717154
8,19,1,1,1,5,283.41832103132816
8,36,0,0,1,0,240.29202110416966
8,38,0,1,1,0,256.35179675201334
8,39,0,1,1,4,261.8713307333611
8,41,1,0,1,0,255.6223566731441
8,42,1,0,1,4,256.40146640077944
8,44,0,0,1,1,243.12712182306686
8,47,1,1,1,4,272.3797893745723
8,48,0,1,1,6,262.07752487897733
8,11,1,0,0,4,251.40979691997262
8,14,0,0,1,1,247.78871498825566
8,23,0,0,1,1,251.6154631078337
8,30,1,0,0,7,256.6790410852278
8,36,1,1,0,0,257.63546417239496
8,37,1,1,0,5,258.0377970466118
8,43,0,1,1,2,257.54063606274593
8,44,0,1,1,3,270.51296185004577
8,50,0,0,1,2,252.3837869592553
8,57,1,1,0,7,267.533168788152
8,0,1,1,0,2,264.93810092964065
8,21,1,0,1,6,263.627614295754
8,22,0,1,1,2,267.2447245418039
8,28,1,1,0,2,264.77868671357066
8,29,1,0,0,4,246.5731788871499
8,51,1,0,1,5,261.9878926370208
8,59,1,1,0,3,268.33995019482
8,0,1,1,0,1,264.55594811108796
8,14,1,0,0,5,252.14500066511246
8,24,0,0,1,4,246.00384161653196
8,38,1,0,0,2,250.19445455606117
8,4,0,1,0,0,249.12527825088185
8,32,1,0,0,2,248.44162389192445
8,33,1,1,0,7,279.64049344229414
8,41,1,1,1,0,273.9633996093172
8,47,0,1,1,1,261.42078256746953
8,50,0,0,0,5,233.05460722455157
8,53,0,0,1,2,247.13646578600498
8,54,0,1,1,6,271.7195884999691
8,55,0,0,1,5,250.21667376693102
8,3,1,1,0,4,263.8617022620921
8,15,1,0,1,3,262.7353111161237
8,16,1,1,0,1,262.07033972062266
8,50,1,0,0,0,243.94462958926098
8,52,1,0,0,3,249.01889446215336
8,4,1,0,0,0,242.55331678133825
8,11,0,1,1,4,267.3976344557088
8,12,1,1,1,6,289.3063238521693
8,13,0,0,1,4,248.8252802455025
8,14,0,0,1,4,247.095590806316
8,15,0,0,1,5,250.9059795393833
8,20,0,0,1,0,246.66817522038377
8,43,0,0,1,5,241.54089953810197
8,50,0,1,1,0,257.47320977214855
8,56,1,0,0,4,249.37696626245815
8,4,0,0,1,5,251.70841252169924
8,38,1,1,0,7,277.40142632947124
8,47,1,1,0,1,258.0239542354949
8,4,1,1,1,5,281.15124648703676
8,17,1,1,1,5,275.67271442553044
8,19,1,1,1,0,275.02865877007156
8,20,1,1,1,2,280.122848065094
8,21,1,0,1,0,257.5174591347803
8,23,1,0,1,5,262.4668798825882
8,24,1,0,0,2,251.4168801068906
8,28,1,1,0,0,263.79281719516104
8,29,1,1,0,4,267.3160493460442
8,46,1,0,1,7,270.8332376669258
8,56,1,0,0,1,246.74546634882864
8,1,0,1,1,7,276.44832101786824
8,6,0,1,1,3,265.6210903343856
8,15,1,1,0,0,258.2639031311465
8,18,0,1,1,2,263.694080089291
8,19,0,1,1,0,259.07140699543595
8,24,1,1,0,3,270.8868341616346
8,30,0,1,0,5,255.82504136986807
8,34,1,1,0,7,278.49733039455487
8,38,0,1,1,7,270.16612922013707
8,46,1,1,0,4,262.72323211182317
8,53,1,1,0,5,263.2411984788347
8,1,1,0,1,6,263.93875434852
8,19,0,0,0,2,239.64471301660745
8,32,1,1,0,5,262.87383283239956
8,35,1,0,0,2,248.9433739542983
8,37,1,1,0,6,265.14602722626967
8,45,1,0,1,1,258.2176732031734
8,1,1,1,0,6,266.8831910904756
8,7,1,0,1,3,271.52269524839403
8,8,1,0,1,4,263.0286332251982
8,9,0,0,1,6,252.61500152944302
8,26,0,1,1,7,279.88353950469036
8,30,1,0,0,3,255.09627930025948
8,39,1,1,0,4,262.55301359928114
8,44,1,0,1,0,257.3157395731977
8,45,1,0,1,7,272.01366859121896
8,56,0,1,0,0,250.10997351157187
8,9,1,0,1,6,260.9608507759325
8,10,0,0,1,3,250.6847598929136
8,25,1,1,0,7,280.0294124399741
8,33,0,0,0,3,236.84702712118295
8,43,1,0,1,1,259.28493831358236
8,44,1,0,1,1,262.1897316687721
8,5,1,0,1,4,262.2368836024588
8,20,1,1,0,6,263.56614484514625
8,21,1,0,0,7,264.72908703871553
8,28,1,1,0,4,263.70610115487995
8,36,0,1,1,6,262.2766534375451
8,37,1,0,1,2,257.86247590519133
8,38,1,0,1,2,258.7885722102899
8,40,0,1,1,0,255.42023847119043
8,54,1,0,0,1,243.43157475804594
8,2,1,1,1,7,290.323169961159
8,21,0,0,1,2,250.8317304975756
8,35,1,1,1,0,277.845076567883
8,36,1,1,1,6,276.52746425592744
8,44,0,1,0,5,244.7403408505306
8,51,0,0,1,7,259.566956224658
8,56,0,0,1,3,241.57102147889685
8,57,0,0,1,2,243.59762560762732
8,1,1,0,1,2,258.3756937227081
8,2,1,0,1,3,262.72698739455063
8,3,1,1,0,7,266.743780780189
8,41,0,0,1,6,247.55753505107867
8,32,0,1,1,2,264.0775387236681
8,48,1,1,0,7,265.03767559043666
8,28,1,1,0,5,264.8887472199728
8,29,0,1,0,0,248.532978839343
8,33,1,0,0,5,251.47011335899361
8,11,1,1,0,0,262.4846254252176
8,23,1,1,0,0,263.2331731752355
8,27,0,1,0,4,250.822652117196
8,49,0,1,1,1,260.40957250171743
8,12,1,0,1,7,278.9929800114775
8,27,1,0,0,7,268.6701379790193
8,32,0,1,1,3,262.52083910368276
8,35,1,1,0,3,261.25333387961587
8,36,1,1,1,4,278.6354990363252
8,8,0,1,1,1,260.4431189740504
8,14,1,0,1,2,260.20310462199535
8,15,1,0,1,5,262.643765416908
8,16,0,0,1,7,261.52926745921997
8,19,0,0,1,4,248.80767681884285
8,20,1,0,1,6,271.87403819879756
8,30,0,0,1,1,249.88159209042658
8,34,0,0,1,2,246.76642658191506
8,35,0,1,1,2,268.1730496560143
8,37,0,0,1,2,247.66830470137373
8,38,0,0,1,3,243.54168092829997
8,54,1,0,1,0,259.87448729672917
8,55,1,0,1,2,260.2954641885712
8,56,1,0,1,0,256.5135736141205
8,57,1,0,1,7,261.2295674765215
8,2,1,0,0,4,253.68465223926796
8,5,1,0,0,6,250.33770525806943
8,21,0,0,1,6,250.41997000586525
8,22,1,1,1,5,280.1274871936029
8,26,0,1,1,0,259.90658195707874
8,27,0,1,1,6,261.8622184093812
8,33,0,0,1,2,248.34449641001513
8,0,0,0,1,2,250.18432575447753
8,3,0,1,1,2,266.1133640122452
8,5,0,0,1,3,249.67998373218938
8,19,0,0,1,5,253.99396533715017
8,20,0,0,1,6,248.34384912214276
8,40,0,1,1,7,272.43813413120523
8,49,1,0,1,2,260.5714725305288
8,50,1,1,1,3,273.7043462717518
8,7,0,0,1,4,248.6933124890031
8,19,1,1,0,6,268.785343093044
8,23,1,1,1,3,281.031645649215
8,28,1,0,1,3,263.9991061924925
8,29,1,1,1,2,276.47341851885176
8,32,1,0,0,7,265.8031295400494
8,40,0,1,1,4,260.8425738942508
8,23,0,1,1,4,262.0199229415838
8,24,1,1,1,6,281.89303301874946
8,25,1,1,1,2,276.8568029521317
8,26,1,1,1,1,274.2898642038829
8,31,1,1,0,3,264.7143548231612
8,36,0,1,1,7,271.47126555969345
8,39,0,0,1,5,243.8821601299901
8,41,0,0,1,5,253.22039248545786
8,48,0,1,1,4,258.6005572401764
8,10,0,0,1,2,245.15509262698055
8,12,1,1,1,4,277.24828769845607
8,13,1,1,1,5,280.37107131768295
8,19,1,0,0,0,247.7631057577119
8,21,1,0,0,2,251.5909633751175
8,25,0,1,1,7,281.64335395267454
8,41,0,1,1,3,260.06758883103714
8,50,1,0,1,1,262.4788425729173
8,54,1,0,1,3,259.49865370291485
8,4,0,0,1,0,247.03384336939763
8,24,1,0,1,1,264.47471027294347
8,38,0,1,1,1,260.09384620007046
8,48,1,1,0,3,260.84572540423767
8,53,1,0,0,6,244.33052412129626
8,55,1,1,0,7,272.39954169426403
8,30,1,1,1,7,290.5123675325624
8,36,0,0,1,6,245.86890489020027
8,37,1,1,1,2,274.53669557900616
8,38,1,1,1,2,273.02119631207387
8,39,1,1,1,2,278.2071796704683
8,40,1,0,1,5,258.4574560804647
8,51,1,1,1,7,287.5772322688258
8,53,0,0,1,0,244.73577468554583
8,55,0,1,1,7,274.5161423889315
8,57,0,1,1,1,260.3473766182749
8,3,1,0,1,7,277.5280393637208
8,10,1,1,0,6,266.08732783402576
8,38,1,1,1,4,279.3241227516395
8,39,1,1,1,7,287.4650094736956
8,55,1,1,0,5,267.2557547445611
8,8,0,0,1,5,251.48916381695392
8,29,0,1,1,4,259.4424652029811
8,30,0,1,1,6,265.5931130599854
8,31,0,1,1,3,264.1056876707177
8,33,0,1,1,2,264.5410805832272
8,34,0,1,1,5,260.6352601011552
8,35,1,1,1,2,279.6525308320707
8,36,1,0,1,1,256.2492247569362
8,9,0,1,1,2,262.52694284497613
8,10,0,0,1,6,249.1343162659431
8,17,1,1,0,0,260.6820810292325
8,18,1,1,0,6,271.69968269377915
8,22,0,0,1,3,247.59426557645654
8,24,0,0,1,2,242.7074577278258
8,46,0,1,0,3,251.25417606498388
8,51,0,0,1,3,250.89897723078155
8,6,1,1,1,5,280.6271592439659
8,7,0,1,1,2,267.733812061094
8,12,1,1,0,5,271.0057399526287
8,17,1,1,0,7,276.5266117468045
8,32,1,1,0,2,261.79600845280964
8,38,1,1,1,7,272.3002876919104
8,51,1,1,0,6,264.4374980846574
8,0,1,0,1,7,261.70594585383884
8,5,1,1,0,6,274.86407424756874
8,12,1,1,1,0,273.46525318315435
8,13,1,1,1,1,277.7653962905749
8,14,1,1,0,2,264.9681439330539
8,21,1,1,0,2,263.3727662496624
8,26,1,0,1,1,263.96969318996133
8,27,1,0,1,4,265.289851435393
8,29,0,0,1,1,249.74469986075206
8,38,1,1,0,0,257.1271457102929
8,47,1,0,0,3,250.15337965084777
8,52,0,1,1,6,260.7169455870589
8,53,1,0,1,1,259.32438015536377
8,11,1,0,1,5,263.28428256827596
8,25,1,1,0,1,265.5929340882305
8,26,1,1,0,4,267.5096125108198
8,29,0,1,1,0,262.26432149016546
8,32,0,0,0,6,242.73096818450335
8,16,1,1,0,2,263.4566303326194
8,27,1,1,0,2,265.3999344781869
8,29,1,1,1,5,275.2231166921598
8,31,1,1,0,6,268.46154888727835
8,40,0,1,1,3,262.5740423569268
8,42,1,1,0,1,259.9258246503602
8,47,1,1,0,5,263.35269496970386
8,53,1,0,1,6,262.1261023991715
8,58,1,0,1,4,257.15043286192827
8,0,0,0,1,3,250.4023761869054
8,5,0,0,0,6,237.78322701005806
8,8,1,1,0,1,260.5411275476964
8,29,0,0,1,3,248.8284928843376
8,43,1,1,1,4,274.35331117618915
8,44,0,1,1,5,263.6688611058669
8,7,0,1,1,4,263.7886741393337
8,13,1,0,1,0,261.9739275743369
8,4,1,1,0,4,263.5313438412334
8,12,1,0,0,5,254.78308842331785
8,22,1,0,0,4,248.81892094730506
8,24,1,0,1,2,264.56983093936765
8,25,1,0,1,5,265.07003182327895
8,33,1,1,0,3,262.1511688328033
8,46,1,0,0,4,248.00642738889684
8,52,1,1,0,6,265.4182922069145
8,36,1,1,0,7,264.0395258221129
8,51,1,0,0,6,255.0148631150962
8,21,1,1,1,6,279.9070618227973
8,50,0,0,1,0,245.0679433638352
8,51,0,0,1,0,244.70418460153263
8,53,0,0,1,5,252.78652395387647
8,5,0,1,1,0,261.1173976768823
8,6,0,1,1,4,263.8755452715123
8,7,0,1,1,5,264.97809567162335
8,35,0,1,0,0,246.85662453410507
8,43,0,1,1,0,258.6839229235147
8,46,0,1,1,0,258.1954267420355
8,2,1,1,0,1,262.65397325163207
8,12,1,1,0,6,272.1560860756162
8,38,1,0,0,6,254.99523358551681
8,42,0,1,1,7,274.8932716266997
8,6,0,1,0,4,252.68615334280452
8,9,1,1,0,1,266.5983479357618
8,10,1,1,1,0,276.8432705933119
8,21,1,0,0,4,251.07402843726624
8,28,0,0,1,7,264.92208793364296
8,29,1,0,1,0,255.3439882298328
8,11,1,0,0,0,246.99735370745728
8,13,1,1,1,2,278.4335443957055
8,15,1,0,0,7,264.62786916049333
8,48,1,1,0,6,262.6014861492152
8,59,1,0,1,0,255.42647850969018
8,2,1,1,1,1,275.23175715409104
8,3,1,1,1,0,274.78349402200837
8,4,1,1,1,1,274.1292758629042
8,5,1,1,1,0,272.7169305305622
8,6,1,1,1,0,273.2238497107951
8,7,1,1,1,6,281.5529724256947
8,27,0,1,1,1,261.2372312630626
8,56,0,0,1,2,245.6179086852649
8,58,1,0,1,3,261.53298670930917
8,17,1,0,0,3,251.07061764248078
8,33,1,1,1,0,272.46603228289655
8,34,1,1,1,7,294.5441109784367
8,42,1,1,0,0,256.36733058807596
8,50,1,1,0,1,265.58390194766594
8,52,1,1,1,1,272.7940053799948
8,12,0,0,1,6,247.42661725224474
8,13,0,1,1,7,273.635586396508
8,20,0,0,1,5,252.5676251873046
8,27,0,0,1,2,250.90899933074826
8,29,0,0,1,0,245.39257832119742
8,37,0,1,1,0,257.04718905023225
8,38,0,1,1,5,263.7487728339551
8,46,1,0,0,5,248.72779123985393
8,49,1,1,0,1,260.16789903349445
8,53,0,1,1,2,258.98572432148836
8,9,0,0,1,5,250.5615596526715
8,19,1,0,1,7,267.0024464958072
8,40,1,1,0,4,259.1675091382502
8,48,1,0,0,7,256.69449211372324
8,53,0,1,1,3,262.9227286037271
8,45,1,0,1,2,261.8511076964334
8,46,1,0,1,4,259.44563402846217
8,54,1,1,0,5,264.20155798115326
8,56,1,1,0,7,272.3822048651498
8,1,1,1,1,7,288.8711093042475
8,21,1,1,1,1,276.320297326804
8,39,0,1,1,1,259.58643138280115
8,48,1,1,0,1,257.2848434254138
8,7,0,0,1,5,250.1536890735847
8,38,1,1,0,3,262.34328580374046
8,48,1,0,0,3,246.8531714022841
8,49,1,1,0,2,260.2124218223742
8,33,1,0,1,0,259.70491021195375
8,41,1,0,0,0,245.2577206538598
8,57,1,1,0,2,262.2532942289996
8,18,0,0,1,6,257.08537170781733
8,19,1,0,1,4,261.190326532176
8,34,1,1,0,6,272.05310868875506
8,35,1,1,0,4,263.3720421583454
8,54,1,1,1,5,281.2927473047717
8,17,1,1,1,6,278.4543444440491
8,18,1,0,1,3,261.7135201638463
8,36,0,0,1,3,250.22732804696267
8,49,1,0,0,5,249.4238825994182
8,51,1,0,0,3,247.3871191839584
8,54,1,1,0,0,260.09510805002276
8,14,0,1,1,5,268.40521429837946
8,15,1,1,0,2,264.988899089854
8,38,1,0,1,4,259.88843000952295
8,42,1,0,1,6,257.07778241605456
8,53,0,1,1,0,258.0918704849476
8,54,0,1,1,4,259.7808132430494
8,57,1,0,0,3,248.8612889625463
8,18,0,0,1,4,247.3349631586967
8,20,1,1,1,0,278.58807029619237
8,21,1,1,1,0,273.8475614934595
8,22,1,1,1,6,278.1290510762124
8,39,1,1,1,3,274.6568271479803
8,40,1,0,1,7,274.62550783403276
8,13,0,1,1,6,264.4260703553057
8,14,0,1,1,0,259.3643858605255
8,39,0,0,1,1,247.87238122346366
8,45,1,1,0,3,255.89479789788547
8,3,1,0,0,7,256.7349931142377
8,5,0,1,0,4,250.6883811526763
8,13,0,1,1,0,261.2944209981918
8,15,0,1,1,0,260.46038842747157
8,37,0,1,1,7,262.89341540318
8,41,1,1,1,1,275.21130761528116
8,55,1,1,1,2,276.92697199601344
8,4,1,1,0,5,264.2613718930046
8,5,1,1,1,5,278.6631755212448
8,9,1,1,1,6,287.29185289241644
8,10,1,0,1,0,258.9044843748012
8,8,1,0,1,6,276.6131726974114
8,25,1,1,1,6,277.03917338638996
8,26,1,0,1,0,262.21727134217855
8,27,1,0,1,6,265.5070661208698
8,38,0,1,1,2,257.4130683076664
8,50,0,1,1,4,256.10220560059196
8,10,1,1,0,0,261.79569207025065
8,32,0,1,1,6,261.4497330986168
8,35,1,0,1,1,261.96095449241136
8,36,1,0,0,2,245.75310250366513
8,37,1,0,0,6,251.3543657320559
8,39,1,1,0,6,262.1420701591966
8,58,1,0,1,0,258.3229668398711
8,59,1,0,1,5,264.09975779560835
8,5,0,0,1,2,249.549189347302
8,8,0,0,1,0,247.2812082069112
8,32,1,0,1,2,262.52172696921446
8,34,1,1,1,3,277.2318492289547
8,40,0,0,0,5,237.6970818223396
8,42,1,0,1,3,260.91379491293713
8,43,1,0,1,0,257.18238554988113
8,7,1,0,1,5,266.2847176531578
8,11,0,0,1,2,249.8367053523993
8,12,0,0,1,1,247.03196511098338
8,13,0,0,1,3,252.0634514180013
8,22,1,1,0,3,262.7158408412635
8,8,1,0,0,5,253.98708373337618
8,12,1,1,0,7,276.5054217081847
8,28,0,1,1,3,263.83710389843674
8,31,0,1,1,4,260.94419348196345
8,32,0,1,1,0,262.6089436240003
8,36,1,0,0,6,255.75547161747508
8,41,0,1,1,6,261.019520162011
8,51,0,1,1,5,258.21215804039963
8,58,0,0,1,6,246.83750839167917
8,51,1,1,0,4,262.19033997949293
8,11,0,0,1,6,255.39378916243135
8,16,0,1,1,3,264.9776097811175
8,21,0,1,1,4,260.79689932058955
8,26,0,0,1,4,248.66265883568906
8,49,0,1,1,6,259.38166242355413
8,54,0,1,1,1,258.6099443135556
8,11,1,0,1,7,274.0301591522136
8,25,1,0,1,7,280.0712729880157
8,39,1,1,1,5,272.43934597606085
8,41,0,0,1,4,243.88055743742456
8,42,0,0,1,2,244.84418401534253
8,44,0,0,1,7,256.4796232105941
8,58,1,1,1,6,274.3800949318495
8,12,0,1,1,5,261.41223689318997
8,42,1,0,0,3,246.66790243473667
8,25,0,1,1,4,263.81939057099396
8,26,1,1,1,4,274.3437653316483
8,27,1,1,1,0,272.87592648777763
8,31,0,0,1,3,252.73764591546774
8,49,1,1,1,2,275.2851303781262
8,50,1,1,1,6,283.4649584152832
8,51,1,0,1,6,262.9646276748982
8,52,1,0,1,0,259.49649251054444
8,53,1,0,1,2,265.3942990002603
8,54,1,1,1,7,291.33690312650856
8,18,0,0,1,1,249.2913966538757
8,24,1,1,1,7,296.0963765728844
8,43,0,0,1,6,244.31299286080423
8,44,1,1,1,7,286.4736804762174
8,49,0,0,1,0,245.3516104474843
8,51,1,1,1,2,272.8406017610565
7,52,1,0,1,5,258.09656471133945
7,55,1,1,1,2,274.8812256170899
7,56,1,0,1,6,258.97802648152003
7,57,0,0,1,5,243.17958429670767
7,59,0,0,0,7,235.63942419373308
7,0,1,1,0,5,257.1586146122915
7,1,0,1,0,0,238.8032790724938
7,3,0,1,1,4,255.23600735416827
7,4,0,1,1,3,254.81046899287279
7,6,0,0,0,5,225.62087321827215
7,9,1,0,0,4,241.3286360024518
7,10,1,0,0,1,240.0822628757014
7,14,0,1,0,6,243.2936522462858
7,16,0,1,0,4,240.8649855895264
7,19,1,0,0,2,241.9768392484043
7,21,1,0,0,7,254.0169413464516
7,22,0,1,0,2,237.83474080821037
7,26,0,0,0,5,225.37454728997702
7,27,0,0,1,5,241.33441180187648
7,28,0,0,0,7,237.87423756017088
7,29,1,1,0,5,256.5687048298342
7,30,1,1,0,1,254.67475000101794
7,31,1,1,0,7,269.4767863407633
7,35,1,1,0,4,256.1426293833023
7,36,0,1,0,0,239.58840447278791
7,38,0,1,0,7,253.76070855400036
7,40,1,1,0,0,260.14353163651265
7,41,1,1,0,3,259.722907392803
7,42,1,0,0,4,243.93134277234591
7,45,0,0,1,3,244.53947304786556
7,46,0,1,0,6,247.51283761286382
7,50,0,1,0,4,240.900625644704
7,52,1,1,0,1,258.2296777141214
7,53,1,1,0,7,272.29533879508836
7,55,0,1,0,5,246.91778436965615
7,56,1,1,0,2,257.72339279794517
7,57,1,0,0,7,253.09911912984197
7,58,0,1,0,1,241.29810677600375
7,59,0,1,0,0,240.91845537553243
7,2,0,0,0,6,225.93962229230283
7,3,1,0,0,3,243.23816600197654
7,4,1,0,0,7,252.883812775306
7,6,1,1,0,3,258.74915162949526
7,8,1,1,0,2,255.8686972752521
7,9,1,0,0,6,242.32932866114237
7,10,0,1,0,6,241.7587170310446
7,13,0,1,0,1,241.8027990995775
7,14,0,1,0,7,242.6344617616233
7,15,1,1,1,3,287.17585769544434
7,17,0,0,0,1,225.85549855161136
7,18,0,0,1,4,242.2835353929674
7,19,0,0,1,2,243.70836795998403
7,20,0,0,1,2,241.16058651675945
7,21,0,1,1,6,258.93476847395664
7,22,0,1,1,2,255.19046888800355
7,23,0,0,1,5,242.15713585147537
7,28,0,1,0,4,239.20380499412428
7,29,0,1,0,0,240.65303817193492
7,32,0,0,0,3,223.93318474763612
7,35,0,1,0,0,238.44046036844864
7,36,0,1,0,5,240.8892433678034
7,37,1,1,1,3,272.1628398964811
7,39,1,0,0,4,241.84281280802736
7,40,0,0,0,7,241.37963571391654
7,41,1,1,0,4,258.3508384500268
7,44,1,1,1,6,275.8826064387995
7,51,0,1,0,2,241.28387585491714
7,53,0,0,0,7,228.9031998602294
7,54,0,0,1,1,243.62231276254133
7,55,0,0,0,1,224.30263293260964
7,56,0,0,0,4,225.48464914386344
7,58,0,0,0,1,227.72193205732216
7,3,0,0,0,4,224.80215264460054
7,5,0,1,0,7,256.7352787474466
7,7,1,0,0,5,239.60457789063489
7,8,1,0,0,5,240.46944792070715
7,11,0,0,0,7,233.35680928214447
7,13,1,0,0,1,243.36842484164657
7,15,1,0,0,0,240.6295640668121
7,16,1,0,0,1,241.59150140765516
7,17,1,0,0,3,241.95096190512913
7,18,1,1,0,2,259.82110032580016
7,19,1,0,0,0,241.2208584006275
7,20,1,0,0,4,241.28666863453375
7,22,0,0,0,6,226.51241803444248
7,23,1,1,0,6,257.51548410723143
7,25,1,0,0,5,241.0379176634127
7,26,0,0,0,3,226.11575618873778
7,30,0,0,0,4,224.06226974216716
7,33,0,0,0,5,227.4665704559823
7,36,0,0,0,0,224.02409935764467
7,39,1,1,0,3,257.52316207284116
7,40,1,0,0,3,243.00664713257146
7,44,1,0,0,0,241.14304870892826
7,51,0,0,0,4,226.84282772168453
7,54,1,0,0,1,243.28837579713894
7,58,0,0,1,0,242.60654957967114
7,59,0,0,1,7,243.63756735474902
7,0,1,1,1,2,272.434089138577
7,1,1,0,1,6,256.59059698117517
7,2,1,1,1,0,270.27403209462034
7,3,1,1,1,1,275.37485773002817
7,4,1,1,0,4,254.52257847499388
7,5,0,1,0,5,240.16334457323055
7,6,1,1,0,6,258.03382030966276
7,7,1,0,0,2,240.49432646128793
7,11,1,0,1,3,256.46396942714904
7,12,1,1,0,5,258.4326016863081
7,13,0,1,1,7,257.33941348793167
7,15,0,1,0,5,242.47551948698163
7,16,1,1,0,5,258.27904981600415
7,17,0,1,1,1,258.6017700815105
7,18,0,1,0,4,243.25423159532585
7,19,1,1,0,2,257.8170188399533
7,20,1,0,0,6,252.21428444882693
7,22,1,0,0,6,238.01960893973435
7,24,0,0,0,1,223.19264549809023
7,26,1,0,0,0,240.44527498273803
7,27,1,0,0,6,242.3836729495932
7,29,0,0,1,3,243.60460938103398
7,30,0,1,0,4,240.92952980814894
7,31,0,1,0,4,239.8881026081264
7,33,0,1,0,5,238.84011858800085
7,34,1,1,0,2,255.67240650352824
7,36,1,0,0,1,239.58755516475443
7,37,1,0,1,6,263.8004515176714
7,38,0,1,1,5,259.3495185551431
7,39,0,1,0,0,240.86395529250407
7,42,0,1,0,7,257.39447535510874
7,43,1,0,0,4,241.46299585269168
7,45,0,0,0,6,226.60670573550692
7,49,0,0,0,2,229.09488099671972
7,51,0,1,1,5,260.2755436390787
7,54,1,1,1,3,276.84795026954174
7,56,1,1,1,2,276.5410757907305
7,57,1,1,1,6,279.2853432181922
7,58,1,0,1,6,259.61716189982826
7,59,0,1,1,4,258.0718279014051
7,0,0,1,1,5,256.4648055975086
7,4,0,1,0,4,237.47169480935133
7,5,0,1,0,4,241.12012782602136
7,10,0,0,0,4,226.7755017240721
7,11,0,0,0,1,226.49441320925357
7,12,0,0,1,0,239.27181031426386
7,13,0,0,1,4,241.10962243491213
7,15,0,0,0,7,236.07138000267707
7,18,0,0,1,1,241.88680738006238
7,19,0,0,1,4,242.81883389491776
7,20,0,0,1,5,242.42898510885
7,24,0,1,0,0,237.3968666947552
7,25,0,1,0,2,239.39394026840372
7,27,0,1,0,7,241.0437456858887
7,31,0,1,0,5,240.26789480705622
7,33,1,1,0,1,259.00767406566433
7,34,1,1,0,3,255.7208941144562
7,38,0,0,0,7,224.2424554874457
7,39,0,1,0,7,252.93232399756442
7,45,0,0,1,4,244.30445928417728
7,46,0,0,1,5,244.9745103185773
7,48,1,1,0,5,259.7307547898007
7,49,1,1,0,1,259.3000864219971
7,50,1,1,0,1,259.03619012083345
7,58,0,0,0,7,237.443069069655
7,0,0,1,0,5,241.5860820177505
7,1,1,1,0,3,254.37123570391483
7,4,1,1,1,0,260.8754907002769
7,5,1,1,1,0,271.41735670821265
7,6,1,1,1,3,276.01165852351824
7,9,1,1,1,6,273.56299876645255
7,10,0,0,1,4,243.76987997702798
7,11,0,0,1,0,242.2659142887593
7,12,0,0,1,3,240.8609468155548
7,13,0,1,0,5,243.2289445188496
7,14,1,1,0,0,254.78871762381007
7,15,1,1,0,1,256.31232812470193
7,16,1,1,0,2,257.69807529240813
7,17,1,0,0,4,242.70311070433857
7,18,1,0,0,2,241.34955306958966
7,19,1,0,0,4,241.33614309042753
7,20,1,0,0,0,241.26588343148651
7,21,1,0,0,5,240.1707232736039
7,22,1,0,0,0,237.96686276405757
7,23,1,0,0,2,240.89432172346415
7,24,1,0,0,0,240.57402472281956
7,25,1,0,0,1,238.6267883532958
7,34,1,0,0,7,251.5890135595446
7,35,1,1,1,3,277.03989092619656
7,36,1,0,1,6,261.6692043537069
7,37,1,0,1,7,258.7017281487445
7,39,0,1,0,5,240.92291097788157
7,40,0,1,1,5,258.0208637052074
7,43,0,1,0,1,241.06400672906713
7,46,0,1,0,7,256.54820170074095
7,47,1,0,0,0,240.33151360866543
7,48,1,0,0,0,240.85901847443142
7,49,1,0,0,3,244.237573351584
7,50,1,1,1,5,276.23124544140654
7,54,0,1,0,3,246.07467501005522
7,55,0,1,0,7,257.70843244548365
7,56,0,0,1,5,242.54864173962133
7,59,0,1,1,1,257.92775869948673
7,0,0,1,0,0,240.1022492842089
7,6,0,0,0,2,226.41667079308166
7,8,0,0,0,2,225.5593032044357
7,9,0,0,0,1,227.31161455012827
7,10,0,0,0,0,226.12728484812098
7,14,1,0,0,5,242.24531164520283
7,22,0,1,1,4,253.96835008638303
7,23,0,1,1,6,256.10590236392625
7,24,0,0,1,1,240.40448915704857
7,26,0,0,0,7,225.37901582805216
7,31,0,0,0,5,223.93279558765317
7,32,0,0,1,3,243.23168280967244
7,33,0,0,0,0,224.13001678549608
7,34,0,0,0,0,224.79911947928494
7,39,0,0,0,7,224.66108240672585
7,45,0,1,0,7,244.87246693981123
7,48,0,1,0,3,243.31151591418123
7,49,0,1,0,5,243.88708888618663
7,50,1,1,0,2,259.31771415322527
7,52,1,0,0,5,244.7234264273216
7,54,0,0,0,1,227.02084062584493
7,57,0,0,0,0,226.43705885993836
7,4,1,0,0,6,238.46937441377275
7,5,1,0,0,6,245.7109456487159
7,6,0,1,0,7,254.63745937069558
7,7,1,0,1,6,261.8898268931032
7,8,1,0,1,3,261.339764577945
7,11,1,0,1,2,256.29612070257883
7,12,1,0,1,7,266.615570901672
7,13,0,1,1,4,257.70059316043574
7,16,0,0,1,0,243.2506110096243
7,18,1,0,1,0,258.9649559957913
7,19,1,0,1,4,260.6561898524427
7,20,0,0,1,1,242.4384237731741
7,23,0,0,0,1,221.95210508190942
7,25,1,0,0,7,245.4502625972005
7,29,0,0,0,7,237.4789141860945
7,34,0,0,0,6,225.81721824613953
7,35,0,0,0,3,226.4090143115746
7,39,1,1,1,1,271.8964707444254
7,40,1,1,0,6,261.2092241850237
7,42,0,1,0,0,239.95028028497686
7,44,0,1,0,7,256.54329482469666
7,45,0,0,0,5,227.24837731554692
7,47,0,0,0,7,233.25541302842618
7,48,1,0,1,0,256.7420086367863
7,49,1,0,1,0,254.65764721656788
7,50,1,0,1,0,255.219474585809
7,51,1,0,1,4,256.82013865508156
7,52,0,0,1,2,241.07980883621659
7,53,0,1,1,0,262.4020402843159
7,54,0,1,1,1,259.2600923782342
7,55,0,1,0,2,245.12803600353058
7,1,0,0,1,4,242.6240209316509
7,3,0,0,1,0,240.71284912161062
7,4,0,0,1,3,241.51483045184943
7,9,0,1,0,2,240.60162654364825
7,11,0,1,0,2,241.43167513687965
7,13,0,0,0,6,227.12929340929875
7,15,0,1,0,6,254.87531407859197
7,19,0,1,0,0,239.78977731489948
7,22,0,1,0,0,238.1867605294076
7,23,0,1,0,2,239.014599448392
7,25,0,1,1,5,257.80084643575265
7,26,1,1,1,4,273.86178753400196
7,27,0,1,1,5,259.2523153198214
7,29,0,1,0,5,240.26189510530523
7,30,1,1,0,7,254.57704802473785
7,33,1,0,1,0,257.1956525194667
7,34,1,0,1,3,263.30179021825563
7,35,1,0,0,6,241.40800835958615
7,38,0,1,1,0,255.14179418162357
7,40,0,1,1,4,257.82574822191776
7,41,0,1,1,7,258.58197393882773
7,43,0,1,0,2,244.36016592875106
7,47,0,0,1,2,245.2174553834815
7,48,0,1,1,2,258.3757255086116
7,50,0,0,1,1,243.59339070827247
7,52,1,0,0,6,246.04298253319885
7,53,0,0,0,1,225.9291268764161
7,55,0,0,0,4,227.34717017935867
7,56,1,0,0,7,255.8639638894994
7,1,1,1,0,6,254.69473272739216
7,3,1,0,0,2,240.40770239896062
7,7,0,0,0,2,225.4558686876892
7,9,0,1,0,6,240.80343326023504
7,10,1,1,0,2,258.3294280590743
7,11,1,0,0,2,238.47824349609377
7,12,1,0,0,4,242.05856869286038
7,15,1,0,0,7,254.13589426471736
7,18,1,1,0,3,260.6173263700279
7,19,1,1,0,6,257.4462785019204
7,21,0,1,1,7,268.7410748586695
7,23,1,1,0,5,254.78291845346217
7,24,1,1,0,3,256.50785168166067
7,26,1,0,0,7,253.30190223647347
7,27,0,1,0,3,248.62270658779147
7,30,0,0,0,0,224.60739526250887
7,31,0,0,0,7,237.9032037977117
7,33,1,0,1,7,258.7518911854679
7,34,1,1,0,4,256.0196486056146
7,37,0,0,0,2,222.5894086474556
7,38,0,0,0,3,223.04025598204322
7,41,0,1,0,5,243.09749970079386
7,43,1,1,0,2,257.58347367064204
7,44,1,0,0,2,241.25710768502148
7,45,1,1,0,3,257.72740474177766
7,46,1,0,1,2,258.04160912902745
7,47,1,0,1,2,260.4316759162785
7,48,1,0,1,3,258.6715112647729
7,49,1,0,1,1,257.36180018318396
7,50,1,0,0,4,241.16128980566515
7,54,0,1,0,7,257.29435515991906
7,55,1,1,0,6,258.02348004947385
7,56,0,0,0,7,244.94284972397463
7,58,1,1,0,4,258.7041162700617
7,59,1,1,0,5,256.2988318602324
7,0,1,1,0,0,255.20838675369828
7,3,1,0,0,1,239.6315820717412
7,5,0,0,0,3,223.68014623492874
7,13,1,0,1,0,258.9486571350016
7,14,1,0,1,0,257.1684965792994
7,15,1,0,1,6,259.0557904074348
7,16,1,0,1,0,256.79092285877095
7,17,1,0,1,1,259.2704328846105
7,19,1,0,0,1,240.93527000462302
7,20,1,0,0,7,242.39375725717903
7,21,0,1,0,0,238.05718050230115
7,23,0,1,0,5,238.81578723204987
7,28,0,1,0,6,240.21712114454877
7,31,0,0,0,1,223.706709273204
7,35,1,0,0,7,250.28135051604693
7,40,0,1,0,6,242.56912629968912
7,44,0,1,0,6,243.70752324509627
7,45,1,1,0,5,258.80952201609836
7,48,0,1,0,7,243.74357600797137
7,52,0,1,1,5,257.72404416875094
7,53,0,1,1,2,260.95999936579545
7,54,0,0,1,3,243.47294797228778
7,55,0,1,1,7,272.09236537647155
7,56,1,0,0,0,239.26848778820784
7,58,1,1,0,6,269.8621579631473
7,59,0,1,0,4,243.25311533490503
7,2,0,1,1,1,255.81644195911412
7,4,0,1,0,7,254.9320442169109
7,8,1,1,0,3,255.44935093264422
7,9,1,0,1,7,264.07641575182254
7,10,0,1,0,3,245.9863412675354
7,14,0,0,0,3,229.27620054703544
7,16,0,0,0,6,231.94301384473042
7,17,0,1,0,1,242.47037534243486
7,20,0,1,0,3,241.0364574839585
7,23,0,0,0,5,221.03957418699224
7,26,0,1,0,1,240.39061984446508
7,27,0,1,1,2,259.5701597585621
7,29,0,1,1,1,257.7930200007351
7,30,0,1,1,5,256.1443487110928
7,33,0,0,1,3,242.46822446670916
7,34,0,0,0,3,225.6434342486712
7,35,0,1,1,3,254.83021354375626
7,36,0,0,1,3,241.74527781861704
7,39,0,0,0,5,225.40323102069993
7,40,0,0,1,5,244.35932753395483
7,41,0,0,0,5,224.29848175167322
7,42,0,0,0,7,242.57138393371272
7,45,1,0,0,3,242.57265513963085
7,46,1,1,0,0,259.7834433547433
7,47,1,1,0,2,257.88318497806483
7,48,1,1,0,2,259.3122977079223
7,49,1,1,0,6,258.7998518369643
7,50,0,0,0,2,228.8043129673767
7,51,0,0,0,3,229.06694506339056
7,52,0,1,0,0,242.6304603553136
7,54,0,1,1,2,262.80111500472395
7,55,0,0,1,0,244.46834989170452
7,56,0,0,1,7,255.05802519522703
7,58,1,0,0,7,244.9334268430229
7,59,1,1,0,7,273.6407867457373
7,0,1,1,0,6,256.4889247933035
7,2,0,0,0,3,224.10431506462737
7,3,0,1,1,3,256.25671183162837
7,7,0,1,1,1,255.10832236128255
7,8,0,1,0,6,240.1237461519543
7,11,0,0,0,2,226.63107575162144
7,12,0,1,0,5,243.29417624190208
7,13,0,1,0,6,242.10354725408598
7,15,0,1,0,1,242.7026486817565
7,16,0,1,0,0,238.13854246197076
7,17,0,1,0,4,242.20148449858328
7,19,0,1,0,5,240.23210944745142
7,23,0,1,0,0,238.77578945724682
7,25,0,1,1,2,257.094838782871
7,27,0,0,1,4,241.00671557348815
7,28,1,0,1,2,256.3221682828
7,29,1,0,1,3,256.6980195188899
7,32,0,1,1,5,255.40166411406722
7,34,1,1,0,7,267.53123702457157
7,37,0,1,0,6,240.8761300697924
7,40,0,0,0,3,228.1359057770536
7,42,1,0,0,1,243.28370527911693
7,43,1,0,0,6,241.36749898532173
7,44,0,0,0,0,225.24594333258608
7,45,0,0,0,4,226.67266889219349
7,46,1,0,0,6,244.4192247732298
7,47,0,1,0,3,243.81287828286037
7,48,0,1,1,6,259.2962194756112
7,49,1,1,1,1,275.4746182265237
7,50,1,1,0,0,258.7536080832328
7,51,1,1,0,5,257.1422105534253
7,53,0,0,0,6,235.72240907325778
7,54,0,1,0,0,242.71369223584995
7,56,0,0,1,1,243.6757007817023
7,57,0,0,0,7,240.08723999006588
7,0,0,0,0,5,226.43789771532647
7,1,1,0,1,1,255.4330260366241
7,2,1,0,1,0,254.96915245854015
7,3,1,0,1,6,255.47313985555266
7,4,0,1,1,4,254.25266245878007
7,5,0,1,1,6,258.2431017962036
7,6,0,1,1,1,257.44039600612194
7,8,0,1,0,1,239.5817418310579
7,12,0,1,0,0,243.39040331508957
7,13,0,1,0,4,242.12830252293872
7,14,1,1,0,7,258.5913444558523
7,22,0,1,1,0,253.4626713717082
7,23,0,1,1,0,255.86368167911738
7,24,0,1,1,1,253.90625823980199
7,28,0,0,1,4,242.32143205085697
7,29,0,0,1,1,243.81854009855553
7,30,0,0,1,0,240.96547797812673
7,36,1,0,0,0,238.96318406722534
7,39,1,1,0,0,257.78405546768187
7,40,1,1,0,5,259.0431412587134
7,43,1,0,0,0,241.61643139496695
7,45,1,0,0,7,253.8525351619405
7,50,1,1,0,4,257.48560615673887
7,54,0,0,0,3,225.79476730400634
7,56,1,1,0,7,273.48817155726925
7,59,0,1,0,2,242.36491787630223
7,0,0,0,0,2,227.42208307645458
7,8,0,0,0,0,224.17863931702095
7,10,0,0,0,3,226.60710314818127
7,14,1,1,0,1,258.1433528586594
7,15,1,1,0,0,256.11945580882605
7,18,1,1,1,2,275.9473976066035
7,20,1,0,1,2,257.0563698537843
7,21,1,1,1,6,277.93449181382493
7,22,0,1,1,5,253.62746269884482
7,26,0,0,0,1,225.47394842931095
7,27,0,0,1,3,241.181397452173
7,32,0,1,1,7,254.99815949503386
7,33,0,0,1,6,242.1482250899685
7,34,0,0,1,3,243.70795645537143
7,35,0,1,1,5,254.50337222204024
7,37,0,1,0,5,241.57445810375975
7,46,1,0,1,0,251.59440241878596
7,47,1,0,1,7,264.87506398274934
7,54,0,0,0,5,227.9977159775798
7,59,0,0,0,1,226.19160440579478
7,4,1,0,0,5,239.20390197815786
7,7,0,1,0,2,241.18473760764147
7,8,0,1,0,2,241.00004940764595
7,12,1,1,0,4,259.13425105656034
7,17,1,0,1,6,260.7915874006077
7,20,1,0,1,7,268.164996911862
7,21,1,1,1,7,273.4645397052865
7,24,0,0,0,0,222.52011510584123
7,27,1,0,0,5,241.30182076289714
7,28,1,0,1,0,255.43059518454118
7,29,1,0,1,2,256.5018444958527
7,30,1,1,1,2,275.29003291603385
7,31,1,1,1,2,274.71471853647137
7,32,1,0,1,5,260.1785938138371
7,35,1,0,0,5,239.47143153494912
7,41,1,1,0,7,273.2054969481808
7,52,0,1,0,1,242.59398595430528
7,53,0,1,0,6,248.40343620280063
7,58,0,1,0,4,241.56770332547913
7,59,0,1,0,7,257.77461240317166
7,0,0,1,1,4,256.4736085177744
7,2,1,1,1,1,268.8812644353519
7,4,1,1,0,6,257.15622808958994
7,12,1,1,1,1,269.631151462565
7,13,1,1,0,0,256.74408846958477
7,14,1,1,0,6,266.92545977321305
7,16,0,0,0,2,225.8893721211928
7,17,0,0,0,7,239.72833029827717
7,22,0,0,0,2,223.47618236687626
7,24,1,1,0,1,254.90215758553148
7,25,1,1,0,0,257.1795646166227
7,26,1,1,0,3,257.2297425094001
7,27,1,1,0,5,257.3562061740717
7,28,0,1,1,3,259.3334073512914
7,29,0,0,0,4,226.90919147909307
7,31,1,0,0,1,240.97972538873464
7,32,1,0,0,7,248.6873506635682
7,38,1,1,0,6,259.3640979106952
7,39,0,0,0,3,228.08746716748539
7,40,0,1,1,0,257.8193023555444
7,41,0,1,1,1,258.2036228453946
7,42,0,1,0,6,243.74641889484138
7,44,1,1,0,0,258.4215691336622
7,46,1,1,0,5,261.1040849662924
7,47,0,1,0,5,243.79517653359724
7,48,0,1,0,6,253.27931413978155
7,49,0,0,0,6,230.9443834223471
7,50,0,0,0,3,228.55363185433274
7,51,0,0,0,1,223.93358340119406
7,54,0,0,0,6,226.47331906970098
7,57,0,0,0,4,226.39500007313526
7,0,1,0,0,0,241.1689131357405
7,1,1,0,0,0,239.7251343018021
7,3,1,0,0,4,240.8974562417252
7,10,1,0,1,2,254.19684576178992
7,11,1,0,1,1,255.75508256452193
7,12,1,0,0,1,242.2175661727758
7,14,1,0,0,6,241.98521636299424
7,25,0,0,1,6,247.15485697330965
7,28,0,1,0,1,239.66373094420518
7,30,0,1,1,0,256.69385989071134
7,31,0,1,1,2,256.76804310714897
7,34,1,0,1,1,259.59873386194573
7,40,0,0,0,5,224.5071969500959
7,41,0,0,0,3,226.3143241456873
7,44,0,1,0,2,243.93449669592133
7,49,0,0,0,1,228.74172756232923
7,51,0,0,0,6,225.76102927393956
7,53,1,0,0,4,241.13806470149908
7,55,1,0,0,5,243.71817595137284
7,58,1,0,1,0,255.1440788574614
7,59,1,0,1,1,257.1338955928793
7,0,1,0,0,1,240.8803620526812
7,2,1,0,1,7,267.11204238174537
7,3,0,0,1,6,241.39738617001416
7,4,0,0,1,2,243.02280934672606
7,5,0,0,1,5,240.76515051217393
7,8,1,0,0,0,241.2471781500723
7,10,1,0,0,5,240.59210578897208
7,12,0,0,0,5,227.9482083018492
7,15,0,0,0,0,227.3426788031214
7,18,1,0,0,4,241.10826915169363
7,19,1,0,0,6,249.65962529388904
7,28,0,0,1,6,249.1593944001645
7,30,0,1,0,1,239.04239551566977
7,33,1,1,1,2,274.02263478610473
7,34,1,1,1,5,270.7474615388164
7,35,1,1,0,2,256.1680647230598
7,37,1,1,0,2,254.5560153509129
7,43,1,0,0,2,243.22671441809695
7,45,1,0,0,2,241.50613164890154
7,46,1,0,0,5,244.3286860624355
7,47,1,0,0,7,245.32974991732164
7,48,1,1,0,4,259.5171799216438
7,49,1,1,0,4,256.48203455389626
7,50,0,1,0,5,243.3288888861467
7,51,1,1,0,0,257.3710493945134
7,52,1,1,0,5,258.46105483670175
7,53,0,1,0,3,244.09387102004445
7,55,0,0,1,1,245.8606666134526
7,59,0,0,1,1,242.06737691932142
7,1,0,0,0,7,241.84654182410546
7,2,0,0,0,1,226.1395187050174
7,5,0,0,0,7,234.52003693892937
7,6,0,0,1,3,243.27194415847276
7,9,0,1,0,0,239.10333485180536
7,12,1,1,0,3,259.3420632895792
7,13,1,0,0,3,244.23034559520158
7,14,1,1,0,2,258.55228724295864
7,16,1,0,1,3,259.1833126884125
7,17,1,1,1,0,271.8142713876767
7,18,1,1,1,3,275.4313723613333
7,25,0,0,1,7,242.0442088258503
7,27,1,1,1,3,275.7131992886083
7,29,1,0,1,6,256.14026743265475
7,30,1,1,1,7,289.82328602552394
7,31,1,1,1,7,283.3282949209767
7,32,0,1,0,1,240.2254083196646
7,34,1,1,0,5,256.1026679039516
7,36,1,1,1,4,275.186010268221
7,37,0,1,1,1,255.57721605550813
7,38,0,1,0,0,243.16776212520006
7,41,0,1,1,5,268.4837280836649
7,44,1,1,0,4,259.21020690039325
7,46,1,1,0,3,260.2587706066905
7,48,1,1,0,0,259.56106372406697
7,49,1,1,0,0,259.0423915013372
7,52,0,1,0,7,244.90657193387955
7,57,0,1,0,4,241.608893604644
7,58,1,1,0,3,257.8512433634302
7,59,1,1,1,1,274.732945837433
7,1,0,1,0,3,241.41030970245802
7,4,0,0,0,6,235.4813838134382
7,6,0,0,0,4,226.6521911130934
7,8,0,0,0,6,224.8597377220835
7,10,1,1,0,1,257.3125663768551
7,11,1,1,1,1,277.59580662738836
7,21,1,1,0,4,255.38867594709947
7,28,1,0,1,1,257.5777953353772
7,29,1,0,0,7,253.89160235992853
7,30,0,0,0,5,224.07028939399376
7,31,0,0,1,1,241.54151574715635
7,34,0,1,0,0,239.57850636553195
7,35,0,1,0,3,239.6787160403581
7,36,0,0,0,5,224.10068690344283
7,37,1,0,0,7,252.51032632144597
7,38,0,1,0,2,243.96835861573948
7,47,1,1,0,4,259.5176303998135
7,48,0,1,0,0,241.0885340474811
7,50,1,0,0,6,241.07115466009233
7,53,1,1,0,3,258.6834210616301
7,54,1,1,1,7,285.54272297414434
7,58,0,0,0,2,228.46136019389155
7,1,1,0,0,3,240.6681165557716
7,9,0,0,0,7,233.86403680753645
7,16,1,0,0,2,243.24759559865643
7,19,0,0,0,7,230.5038102073592
7,20,0,0,1,3,242.99814605510224
7,24,1,0,0,6,241.666783338805
7,25,0,0,0,4,224.0631571133068
7,27,1,0,0,7,243.9014621117164
7,29,0,0,1,2,244.56999741854176
7,30,0,1,1,6,256.3766189299027
7,31,0,0,1,5,241.23685612301696
7,32,0,0,1,1,243.52323080172147
7,34,1,1,1,7,280.2515390355563
7,35,1,1,0,7,265.4649411276115
7,36,0,1,0,7,240.67732511086018
7,43,1,1,1,5,275.3179947603125
7,45,1,1,0,4,259.50568647890714
7,47,1,0,0,3,242.8917562350045
7,48,1,0,0,7,251.93506530326263
7,51,1,0,1,5,260.4849986180075
7,57,1,0,0,0,240.427838787315
7,58,1,0,0,2,241.4979528999849
10,0,0,0,1,3,165.53737474357658
9,11,0,1,0,5,247.3061976853122
9,21,0,0,1,2,243.24791639085493
9,24,1,0,1,4,258.1043615988474
9,50,1,0,1,1,253.31309187155202
9,0,1,0,1,1,258.9152573975098
9,6,0,0,1,0,245.67009412503467
9,41,0,1,1,1,257.25243344640364
9,49,0,0,1,3,244.87641524662567
9,0,1,0,1,3,259.6915092457206
9,6,0,1,1,7,272.6456921000024
9,16,1,0,0,1,246.289944078528
9,18,1,0,0,7,261.6642975666973
9,31,1,0,0,4,241.63721109252265
9,52,0,0,1,3,239.45713291799134
9,57,0,0,1,6,246.36943633245608
9,17,1,1,0,6,263.5288200847518
9,25,1,1,1,6,271.339835304168
9,30,0,1,1,1,259.63556039810504
9,35,0,0,1,7,255.4244807602598
9,50,1,1,0,4,259.1287333091872
9,9,0,1,0,7,266.6549119614589
9,35,1,1,1,7,294.4148658858032
9,4,0,1,1,7,275.8563486741862
9,45,1,1,0,4,257.70010727839144
9,2,1,0,1,6,258.5523451757059
9,4,1,0,1,5,261.7975670142748
9,10,1,0,1,7,279.5201482923643
9,44,1,1,1,0,273.216359406365
9,45,1,1,1,5,274.90412552079516
9,19,0,0,1,0,245.7876424508446
9,21,1,1,1,5,279.1573665726628
9,24,1,1,0,3,263.3707095980162
9,27,1,1,1,3,277.3428218904841
9,39,0,0,1,3,244.11931526189431
9,43,0,1,1,7,264.7410134258947
9,52,1,1,0,3,256.8365559052732
9,58,1,0,0,6,256.0629658467567
9,19,1,1,0,7,279.14746283046713
9,24,1,0,0,2,246.69143788664542
9,33,1,0,0,6,243.70353046913522
9,49,0,0,1,5,243.28531588390777
9,39,1,0,1,2,258.10900423447714
9,52,1,0,1,4,256.4955629539499
9,54,0,1,1,3,257.4961172524806
9,56,1,1,1,6,274.282653117804
9,58,1,0,1,0,259.5264154993189
9,59,1,0,1,7,261.67554464512955
9,2,0,0,1,4,241.5121055458832
9,4,0,1,1,0,260.3788649777428
9,18,1,1,1,2,279.19540466950326
9,19,1,0,1,3,261.446957172183
9,28,1,1,0,2,259.75861510275644
9,30,1,0,0,6,244.43708732762454
9,44,1,0,1,1,259.3970970743211
9,45,1,0,1,4,258.36149061407383
9,46,1,0,1,2,261.6194856294172
9,49,1,1,0,2,256.20981572705773
9,51,1,1,1,5,272.07983632236653
9,52,0,1,1,4,256.49126639089644
9,54,0,0,1,2,242.38785100420495
9,55,0,0,1,7,253.94181185360392
9,0,1,0,1,6,261.801062346402
9,1,1,0,1,5,259.741382646666
9,8,1,0,1,3,258.7546121620585
9,14,0,0,1,5,247.22021631419037
9,19,0,1,1,0,258.1389703422191
9,40,1,0,1,4,262.9198177315436
9,41,0,0,1,4,244.0320771969166
9,52,0,0,1,5,239.13041849988215
9,59,1,0,0,7,250.88743305346358
9,2,0,0,1,7,243.44246833711424
9,12,0,1,1,1,262.41328353329556
9,16,1,1,0,3,261.4126193786233
9,32,1,1,0,0,257.145508910397
9,39,1,0,0,5,249.80684087474003
9,4,0,1,1,2,259.65078863690087
9,5,0,0,1,2,246.34757335789476
9,19,0,1,1,5,259.6057240203424
9,33,0,0,1,3,247.44211873130428
9,58,0,1,1,0,257.68972656831374
9,38,0,0,1,4,241.9504762900599
9,40,0,0,1,4,242.26286526702458
9,26,0,1,1,3,258.9304065841907
9,58,0,0,1,1,246.06372055586212
9,59,0,0,1,0,242.35347746556886
9,0,0,0,1,0,246.19912497210154
9,2,0,1,1,7,263.0692359876577
9,20,0,1,1,0,257.66185234117495
9,42,0,0,1,3,246.25534227923018
9,45,0,0,1,0,242.65812547641323
9,0,1,0,0,5,242.65516726387148
9,8,0,1,1,5,261.6529989754539
9,9,0,1,1,7,278.1072043588835
9,10,1,1,1,3,276.3672193388278
9,18,0,1,1,4,261.2132229670152
9,54,0,0,1,7,243.78003004129863
9,30,0,0,1,4,243.04121584319634
9,33,0,1,1,1,256.25449588557876
9,54,0,0,0,3,231.1099434379722
9,37,1,1,0,1,257.1981788791658
9,24,1,1,1,5,276.25348988415743
9,39,1,0,1,7,257.5718555106058
9,44,1,1,1,4,273.0713466247485
9,47,0,1,1,6,267.8347436153762
9,48,0,0,1,5,243.45592944418496
9,58,1,0,1,7,280.19785064043776
9,14,1,1,1,1,277.2442662567669
9,15,1,1,1,1,277.9066793908103
9,25,1,0,1,1,259.94299654554703
9,26,1,0,1,5,263.2278267723588
9,28,1,0,0,5,245.90820111229604
9,39,0,1,1,6,269.3074709932344
9,27,1,1,1,7,291.8883404610692
9,32,0,1,1,5,258.6380684686644
9,55,1,1,1,6,274.68593864344456
9,56,0,1,1,2,260.919646182189
9,2,1,1,1,4,273.7477440338067
9,3,1,1,1,7,277.11339661454434
9,52,1,1,1,0,269.20655592936214
9,53,1,1,1,0,257.8983929306413
9,21,1,0,0,2,238.5771846394158
9,48,1,1,0,5,255.05315984116442
9,5,1,1,0,7,274.50238798809147
9,16,1,1,1,4,277.33980935512074
9,43,0,1,1,1,259.1112689889442
9,33,1,0,1,1,257.5391616956403
9,42,1,1,1,6,277.12196225870116
9,4,0,0,1,4,244.99287150827436
9,5,1,0,1,0,261.15020480675526
9,7,1,0,1,6,261.10767799517475
9,51,0,1,1,2,254.52605505326883
9,53,0,0,1,3,246.80789732903492
9,4,1,0,1,7,263.98018105447034
9,11,0,0,1,2,248.14025258053678
9,14,0,0,1,7,256.85605370026786
9,27,1,1,0,2,261.4946839760981
9,57,1,0,0,2,243.29668589956194
9,58,1,1,0,3,256.2640575354152
9,1,1,1,1,1,271.25896835486
9,11,1,0,1,5,262.2252798684038
9,27,1,1,0,3,264.63658747767016
9,53,0,1,1,0,256.7852684434191
9,8,1,0,1,1,258.7186753805297
9,39,0,1,1,1,256.2931652213944
9,5,1,0,1,1,260.9175484955631
9,32,0,0,1,1,240.5084798594412
9,50,0,1,1,5,253.2143442596213
9,5,0,1,1,5,260.16401321862287
9,14,1,0,1,0,260.2622619400333
9,15,1,0,1,4,261.90747389536125
9,25,0,1,0,4,247.00148022545747
9,51,1,1,1,1,271.8345658103163
9,2,1,1,1,2,273.5496739211416
9,47,1,1,1,7,284.6030112771133
9,11,1,0,1,1,259.7795209977855
9,17,1,0,1,0,258.8611894507809
9,18,1,0,1,7,260.89573245273795
9,19,1,0,1,1,263.2562448228881
9,40,1,1,1,0,267.52555347897857
9,41,1,1,1,2,275.4536727322615
9,3,0,1,1,1,262.1380126385104
9,35,1,1,1,3,277.63728668796557
9,22,1,1,1,7,289.61942728359924
9,23,0,1,1,4,259.13414351693814
9,24,0,1,1,7,273.5825035975242
9,46,1,1,1,2,274.40634288993186
9,47,1,1,1,5,272.8055418494227
9,54,1,1,0,5,258.15468694166884
9,14,0,1,1,3,264.1826137813565
9,23,1,0,1,4,258.24617784823124
9,44,0,1,1,2,261.62928769254364
9,42,1,1,1,3,276.9665719068051
9,15,0,1,1,6,259.0296847792414
9,16,1,0,1,2,258.7942122344946
9,17,1,0,1,3,258.0353387893347
9,22,1,0,1,5,257.55648016334976
9,30,1,1,1,3,272.2114430654791
9,42,1,0,1,2,260.333633319103
9,43,1,0,1,7,259.1742789072973
9,1,1,1,1,4,271.0546845502876
9,3,0,1,1,2,262.1893839630348
9,22,1,0,1,1,257.3047384415264
9,36,1,1,1,2,276.5774136626352
9,46,0,0,1,3,244.59604895764832
9,1,1,1,1,2,271.47034090563284
9,2,1,0,1,3,271.25590394901826
9,17,1,0,1,5,269.71743092754895
9,27,0,1,1,7,276.0279000442388
9,22,0,1,1,0,257.13612479808944
9,27,1,0,1,2,260.3323428776563
9,28,1,1,1,4,273.94285633184273
9,35,1,1,0,7,276.3018807934892
9,41,0,1,1,4,256.65310715610843
9,42,0,1,1,1,258.20825709811714
9,48,1,0,1,1,256.679844549039
9,35,0,1,1,6,259.32082195161126
9,37,1,0,1,3,259.03005475706584
9,1,0,0,1,1,247.088231646747
9,2,0,0,1,5,242.65292413662655
9,27,0,1,1,1,261.3166104795145
9,44,0,0,1,6,243.6238646669826
9,50,0,0,1,6,240.80392313418344
9,3,0,0,1,4,249.23975492901204
9,18,0,0,1,7,262.37672693041145
9,20,1,1,0,2,259.036230204715
9,42,1,0,1,5,260.3965321159543
9,6,1,1,0,6,260.0894632887958
9,20,0,0,1,7,262.4682395525416
9,34,0,0,1,7,258.9624366592981
9,9,0,1,1,2,262.5633436125984
9,47,0,1,1,4,256.5853579332306
9,34,1,0,1,5,258.12234838818654
9,0,0,1,1,6,261.24821813389184
9,3,1,1,1,6,287.2940820743031
9,4,0,1,1,5,261.78762626979545
9,41,0,0,1,1,246.2869781849652
9,39,0,1,1,5,257.95884066664775
9,57,1,0,1,1,259.61615287592
9,27,0,1,1,3,260.69615476433194
9,29,0,1,1,0,256.9316043601107
9,59,0,0,1,7,246.70015307122185
9,25,0,1,1,3,258.7853188431586
9,3,1,1,0,6,266.88124850717537
9,1,0,1,1,5,259.53441139584487
9,3,0,1,1,6,264.17874653230706
9,4,1,0,1,4,261.89102963679267
9,5,0,0,1,3,249.89622422492593
9,23,1,0,0,2,244.95636496586445
9,29,1,1,1,4,273.52824804112544
9,30,0,1,1,6,261.47748265933325
9,7,1,0,0,2,247.75600899735758
9,23,1,0,1,2,257.29034191435363
9,24,1,1,1,7,288.891013917608
9,28,0,0,1,3,246.1605227542531
9,52,1,1,1,7,268.9819291122808
9,59,0,0,1,5,244.25237995220866
9,1,1,0,1,0,255.57840414705242
9,51,0,1,1,5,254.05269279896052
9,4,1,1,0,6,262.368560685183
9,19,0,0,1,2,244.9950580605411
9,51,1,1,1,2,273.74189917463843
9,37,1,1,1,7,287.6593653214529
9,53,1,0,1,0,254.63089690321212
9,3,1,0,1,4,260.40122991869293
9,4,1,0,1,6,278.3937179079797
9,8,1,1,1,5,274.9728317854263
9,21,1,0,1,0,255.33112509535883
9,30,0,1,1,3,261.45472655332617
9,39,1,1,0,6,256.7721220549936
9,15,1,0,1,1,259.9518101277062
9,21,1,1,1,4,276.39755457767757
9,22,1,1,1,2,275.7524447932479
9,17,0,0,1,7,246.99639841122183
9,57,0,1,1,1,260.3087052617896
9,23,0,0,1,4,246.07465835438742
9,7,1,0,0,0,244.47225748553385
9,33,1,0,1,6,257.14947823991145
9,55,1,0,1,5,256.61991083239525
9,4,0,1,1,6,259.29812281931476
9,5,1,1,1,0,270.3983427489824
9,20,0,0,1,2,245.86826426306808
9,21,0,1,1,4,261.5449688664984
9,57,0,0,1,4,244.0781898935988
9,47,1,0,1,3,260.9025110487513
9,0,1,0,1,0,256.33441817488335
9,55,0,1,1,0,258.3428018820314
9,56,0,1,1,1,258.5803126718652
9,40,1,1,0,6,264.8603202672943
9,49,1,0,1,1,254.53651589174476
9,54,1,1,0,2,262.0714717098964
9,59,0,0,1,4,244.54425870646398
9,22,0,1,1,6,261.3330706897132
9,38,1,1,0,6,259.45441290145783
9,58,1,1,1,1,272.1858747655031
9,6,0,1,1,5,264.20581746789077
9,13,0,1,1,2,263.9426081864038
9,5,0,0,1,1,243.5106238784345
9,22,1,1,1,3,280.6802354916059
9,23,1,1,1,5,274.3815437304992
9,43,0,1,1,5,262.00987222002954
9,52,0,1,1,1,255.45216147624996
9,55,1,1,0,5,270.19732418630116
9,57,1,1,1,6,276.1509930951909
9,58,1,1,1,7,290.4999555669183
9,4,1,1,0,7,275.1207928086959
9,48,1,1,1,7,273.3343441291562
9,53,1,0,1,4,253.8742623985436
9,0,0,0,1,3,249.5339902814747
9,19,0,1,1,7,273.09953620818516
9,23,0,1,0,5,246.22825924046955
9,46,0,1,1,2,257.056422678689
9,47,0,1,1,7,260.78390316170265
9,36,0,1,1,4,261.0346614660267
9,39,1,1,0,4,255.93370208090553
9,54,0,1,1,5,262.4302891953981
9,12,0,1,1,7,275.4142228119881
9,2,1,1,1,3,286.7758286304208
9,16,0,0,1,6,252.3109726737706
9,54,1,1,1,5,272.3823524762932
9,34,0,1,1,4,256.5099352205432
8,58,1,0,0,6,259.21226147406736
8,25,1,0,1,4,261.33888176042876
8,26,0,0,1,5,262.6241686484415
8,29,1,1,1,0,271.3968601316575
8,51,0,1,1,2,260.7100967770705
8,1,1,1,1,4,273.651320156555
8,12,1,0,1,6,270.59359276908975
8,33,1,0,0,1,247.41124680253034
8,34,1,0,0,0,246.95972311046037
8,7,1,1,1,7,290.6687265909229
8,9,0,1,1,5,261.1694968152544
8,24,0,1,1,3,264.18342684319646
8,30,0,0,1,6,248.17272469921323
8,35,1,0,1,4,264.6117194287998
8,37,0,0,1,4,243.29206764822456
8,38,0,0,1,6,253.9632998616432
8,39,1,0,1,1,258.5467473791971
8,17,1,1,1,3,279.9392852940569
8,24,1,0,1,0,260.7355250907675
8,33,1,1,1,3,287.7067511139469
8,52,1,0,1,1,258.4202180457747
8,16,1,0,1,7,277.8740745518196
8,29,1,0,1,6,264.61968861462157
8,30,0,1,1,0,255.7626677547891
8,7,1,1,0,3,267.1697946346154
8,9,1,0,1,3,260.4324172299836
8,52,1,1,1,5,274.9996842153575
8,55,0,1,1,1,260.978329797605
8,11,1,0,1,3,263.68196269010906
8,40,0,0,1,7,258.81293944122046
8,49,1,1,1,7,286.04159189884876
8,22,1,0,1,0,260.8351241159537
8,48,1,0,1,5,256.8768105311808
8,1,0,0,1,7,259.2906599377593
8,27,0,1,1,5,261.83899919247324
8,46,1,1,0,2,264.22181033222563
8,50,1,0,0,7,263.98521611532345
8,22,1,1,1,7,292.5761891874273
8,26,0,1,1,1,263.4450586850635
8,48,0,1,1,2,260.5502188896594
8,21,0,1,1,6,265.86287706216564
8,22,1,1,1,1,276.2824198569133
8,23,1,1,1,5,279.9410572447771
8,56,1,0,1,7,273.38319780093894
8,9,1,1,0,2,267.9186455107156
8,30,1,1,0,6,265.92719245517185
8,43,1,1,0,4,260.4349290888172
8,49,1,1,0,3,261.77036395057956
8,1,0,0,1,4,247.48049794685645
8,4,0,1,1,5,264.8490843042492
8,6,1,1,0,6,264.45534448192495
8,11,1,1,1,3,281.7398179283159
8,43,1,0,0,4,247.13164270388344
8,56,1,0,1,2,263.8405720262955
8,0,1,1,1,5,273.239141992469
8,4,0,0,1,6,258.01421517286497
8,5,1,1,1,4,281.5661149831315
8,6,0,1,1,7,269.3994363397545
8,14,1,0,1,6,263.53454437198417
8,57,1,1,1,7,285.72359183278655
8,22,0,1,1,4,267.7915752570178
8,23,0,1,1,5,264.0146087530069
8,59,1,1,0,4,265.2927632438055
8,13,1,0,1,5,266.30075247631237
8,41,0,1,1,2,258.22366450942445
8,55,1,0,0,0,245.78732823961846
8,5,0,1,1,3,264.34329972424973
8,31,1,0,0,7,267.6112425647827
8,5,0,0,1,6,246.98265736837735
8,6,1,0,1,7,277.791227536975
8,24,1,1,1,0,274.80884001797773
8,25,1,1,1,7,277.6541116195129
8,33,1,0,0,3,244.89192308263245
8,20,0,1,1,0,260.10242773443605
8,21,0,1,1,0,261.81602825898324
8,29,1,1,0,0,261.284399867804
8,52,1,1,1,4,274.09580687892486
8,53,0,1,1,6,262.8808058317506
8,54,1,0,1,6,269.0909055735653
8,55,0,1,1,2,261.4755509885753
8,5,1,1,1,1,276.50232807689173
8,23,1,0,0,1,249.02176327475902
8,2,0,1,1,1,260.14570590972835
8,3,0,1,1,6,265.2992340563917
8,4,0,0,1,3,253.25273685540023
8,33,0,1,1,5,270.5235299880209
8,38,1,0,1,6,263.41328401583644
8,51,0,1,1,0,257.29114716136417
8,55,0,0,1,1,248.98459637410915
8,58,0,1,1,2,261.489850652835
8,14,1,0,0,1,251.63368347665505
8,16,1,0,1,3,261.1487346972517
8,50,0,1,1,5,262.12024085423
8,51,1,1,1,1,272.9348043655808
8,56,1,1,0,5,265.43719110777516
8,59,1,1,1,6,282.86137623645385
8,31,1,0,1,3,265.1775680576379
8,47,0,0,1,4,249.13398613449203
8,11,0,0,1,5,247.2700141173956
8,56,1,0,1,6,261.9915824373208
8,33,0,0,1,0,248.05311427162454
8,49,1,0,1,5,260.8983828118964
8,5,0,1,1,7,265.93601066067674
8,23,0,0,1,5,250.29760905244686
8,35,1,1,0,1,259.02170525790916
8,36,1,1,0,2,259.47859272380276
8,39,1,0,0,0,244.6524169121048
8,3,1,0,0,3,250.8831395320745
8,26,1,0,1,2,264.89808311737806
8,42,1,1,0,3,268.3650945021017
8,0,1,0,1,6,265.6407512263634
8,47,1,1,0,6,267.0372479625009
8,51,1,0,0,2,247.77654486831216
8,52,1,1,0,5,259.9044389057638
8,4,1,1,1,4,276.99042405745035
8,18,1,1,1,2,277.66800494525586
8,25,0,1,1,1,262.76597330021457
8,36,0,0,1,4,246.2181105864244
8,14,1,1,1,0,273.7348694206269
8,15,1,1,1,5,278.3564561181015
8,17,0,1,1,5,264.972030681681
8,21,1,1,1,5,279.06220557235065
8,24,1,1,0,0,263.77012278478287
8,52,0,1,1,1,259.6441280895099
8,54,0,1,1,2,262.50662265040836
8,58,0,0,1,5,248.9230676020939
8,35,0,1,1,3,264.2516602444067
8,44,1,1,0,5,263.17751226801363
8,17,0,0,1,3,248.86715517466743
8,19,0,0,1,6,250.90834458681005
8,20,0,1,1,3,262.97601201195664
8,25,1,0,1,3,267.01076992596666
8,29,0,0,1,5,252.6320562030158
8,53,0,1,1,7,273.5032929287891
8,16,0,1,1,7,278.2475000898001
8,32,1,1,1,5,279.03092329095983
8,46,0,0,1,4,245.6399469012207
8,12,0,1,1,7,271.8265709010857
8,19,0,0,1,3,254.89329690586544
8,32,1,0,1,0,256.18585440065976
8,35,1,0,0,7,261.0124825813204
8,45,1,1,1,6,275.71152309996955
8,15,1,0,1,2,261.62159962053545
8,40,0,1,1,2,262.1546800372883
8,47,1,1,1,0,266.6278743692526
8,48,1,1,1,6,276.2596142403218
8,3,1,1,0,2,261.30783301072114
8,5,1,1,0,1,260.0524138806779
8,39,1,0,1,7,275.3037045504056
8,16,0,1,1,6,266.018681624913
8,17,0,1,1,4,263.7877023342985
8,52,1,0,1,6,260.0637847237031
8,45,1,0,1,3,258.0052191370329
8,57,1,1,1,0,269.86240343716366
8,58,1,1,1,0,278.7226115369682
8,59,1,1,1,5,285.5825761314188
8,7,0,0,1,6,252.4571892873411
8,53,1,1,1,4,274.26893912498497
8,25,1,1,1,4,275.1170663774163
8,26,0,1,1,6,264.6370773948908
8,29,1,1,1,3,277.4630289142953
8,30,1,0,1,7,261.0551874235481
8,31,0,1,1,7,274.07682471938506
8,54,0,0,1,3,247.478401427107
8,10,0,1,1,5,264.7435006949441
8,16,1,0,1,6,257.5237398113484
8,29,1,0,1,5,264.9415976442748
8,12,0,1,1,1,261.9162091974067
8,23,0,0,1,0,245.3401648506059
8,30,1,1,0,3,262.6771645637148
8,49,1,1,1,6,275.9561436491316
8,53,0,0,1,6,248.38645408187668
8,2,1,1,1,3,280.29853130556194
8,6,0,1,1,6,278.43286872599487
8,57,0,1,1,7,273.08308318390425
8,5,0,1,1,6,268.9480885175034
8,7,1,0,1,0,261.6522144920913
8,9,1,1,1,7,297.3375810445715
8,32,0,0,1,4,247.88944360426544
8,47,1,0,1,0,254.09136722554334
8,48,1,0,1,0,258.8067965419861
8,54,1,0,1,2,260.4198967358826
8,55,1,0,1,3,265.8002752702878
8,12,0,1,1,3,265.3749461082711
8,20,1,1,0,5,262.91982848544313
8,21,0,1,1,5,273.95069069999147
8,25,1,1,0,3,271.22790987707276
8,48,0,0,1,5,244.50764267626988
8,27,0,0,1,7,270.18985515394604
8,30,1,1,1,6,277.25932963356087
8,31,0,0,1,1,246.67092520818989
8,38,0,0,1,7,256.8925514830958
8,42,1,1,1,6,275.04138613126895
8,52,1,1,1,3,278.3849641008002
8,55,1,1,1,1,273.2341864053647
8,56,1,1,1,2,277.2797688539521
8,58,1,0,1,1,259.5283028785922
8,47,0,0,1,0,241.89986778717727
8,54,0,0,1,5,248.41280579238773
8,34,0,1,1,7,267.64702820064423
8,50,0,1,1,1,259.14455000310784
8,59,1,0,1,2,260.7111967051977
8,0,1,0,1,2,257.8342578311705
8,1,1,1,1,0,275.02595408516845
8,2,1,1,1,6,275.23029723919313
8,54,0,0,1,0,248.04459965706113
8,20,0,1,0,2,254.45696685375432
8,52,0,1,1,4,258.7463318997943
8,12,1,1,0,0,261.47784793359625
8,39,1,0,1,0,258.18056278851145
8,40,1,0,1,0,259.49690521092174
8,41,1,0,1,7,276.5629929335408
8,0,1,0,1,4,259.20545046596
8,6,1,0,1,6,270.20069710477725
8,7,1,0,1,2,267.73985480695103
8,8,1,1,1,6,293.11781753640366
8,47,0,1,1,5,260.13016433775886
8,42,1,0,1,2,258.1871994130876
8,48,0,1,1,1,258.1139488395881
8,11,0,1,1,7,277.62779820373316
8,16,1,1,1,5,277.37336423856163
8,33,0,1,1,4,263.84755057934814
8,38,0,1,1,6,262.1109849207818
8,52,0,1,1,2,261.50911624798175
8,18,0,1,1,4,262.10804902450025
8,19,1,1,1,3,280.6747477938405
8,10,1,1,0,5,263.8399226499707
8,12,1,1,0,4,264.69368087222676
8,11,0,1,1,3,262.6562193658192
8,12,0,1,1,6,273.69567247419633
8,52,1,1,0,7,273.6846045656522
8,9,1,1,1,0,278.4256017822402
8,8,1,0,1,0,257.34814221546145
8,9,1,0,1,4,261.70295094788787
8,11,1,0,1,0,261.74990831194805
8,14,1,1,1,4,274.94891654242326
8,29,1,0,0,6,255.54459630322012
8,34,1,0,0,4,250.15258796879058
8,58,1,1,0,5,263.2876786872963
8,22,0,0,0,7,252.88448870700665
8,1,0,1,1,5,265.8391615337797
8,3,0,1,1,5,263.0559178611049
8,25,1,0,1,2,263.5874647323702
8,26,1,1,1,5,276.0331982911558
8,28,0,1,1,2,263.54049146578717
8,29,0,1,1,5,263.8404905217806
8,46,1,1,1,6,274.10092941859705
8,57,1,0,1,4,261.2687011645248
8,59,1,0,1,7,276.52945497202273
8,1,1,0,1,7,272.5370642962407
8,19,1,1,1,7,301.64077136316496
8,30,1,0,1,0,259.2451533923533
8,31,1,0,1,7,281.5912919072422
8,37,0,0,1,0,243.0905403264431
8,59,1,1,1,2,278.2198262905372
8,9,1,0,1,1,262.1691027809393
8,22,1,1,1,3,276.6016622935488
8,28,0,1,1,7,278.09850866654267
8,34,0,1,1,3,273.828177634109
8,46,1,1,1,0,270.9107634555909
8,4,1,0,1,0,260.25833584316103
8,34,1,1,1,6,275.5697709401059
8,9,1,1,1,2,281.3600343637872
8,10,1,0,1,5,261.43927066611633
8,7,1,1,1,2,277.38082007746704
8,8,1,0,1,1,262.87777722952853
8,28,0,0,1,1,248.50046029136882
8,13,0,0,1,7,263.23795587993834
8,26,1,1,1,2,274.8699776537957
8,27,1,0,1,3,266.25625913403434
8,5,1,0,1,7,263.58817160631236
8,42,1,0,1,1,257.46454294512046
8,6,0,1,1,2,265.76505537878944
8,53,1,1,0,1,260.4507236917452
8,49,1,0,1,1,261.9437344681785
8,25,1,1,0,5,266.08917934604017
8,41,0,0,1,7,258.7693188976439
8,45,0,1,1,0,255.97538153434652
8,49,1,1,1,5,276.0721802418648
8,6,0,0,1,3,253.5121067464286
8,14,1,0,1,4,262.0352090728536
8,20,1,1,1,7,292.13501041709884
8,47,0,0,1,1,246.78543625258874
8,59,1,0,1,4,262.9037218619311
8,4,0,0,1,1,251.08047292378822
8,37,1,0,1,4,257.3315304437499
7,8,1,0,0,2,241.62406617899174
7,9,1,0,0,0,241.31366674569887
7,18,0,0,0,5,225.93968207440884
7,21,1,0,0,6,240.0794932870491
7,22,1,0,0,5,238.22739668412567
7,23,1,0,1,6,259.5463418964064
7,27,0,1,0,0,237.3063738300213
7,30,1,0,0,2,239.3512735499823
7,31,1,0,0,0,241.86317722159026
7,32,1,0,0,4,241.13142154712494
7,40,1,0,1,3,256.96183552457586
7,44,0,1,1,7,270.6209680402392
7,46,1,0,0,7,255.61524926730695
7,49,1,0,0,5,242.72784621911617
7,51,0,0,1,4,244.17800154723147
7,52,0,0,1,5,241.1289873234433
7,54,0,0,0,2,228.07216586772992
7,55,0,0,0,7,227.5344437778406
7,56,0,0,0,2,228.70104774700002
7,57,0,1,0,6,244.55784786430507
7,59,1,0,0,5,243.49856244878563
7,0,1,0,0,5,241.7724002531545
7,1,1,0,0,4,239.07588976392907
7,3,0,1,0,5,242.19956400004955
7,5,0,1,0,3,242.7673795895989
7,11,0,1,0,3,252.46525261943935
7,18,0,0,0,7,242.78108633036337
7,19,0,0,1,6,243.44489672154427
7,20,0,0,1,4,242.8196084238394
7,21,0,0,1,5,239.17005642119344
7,28,0,0,1,3,243.83345550540838
7,32,0,0,0,2,223.79605549526985
7,33,0,1,0,0,236.94011675222956
7,35,0,1,0,4,238.9601823279923
7,38,0,0,1,5,241.20414899353233
7,41,0,1,0,7,256.6796816584085
7,52,0,1,1,3,259.3177444858901
7,56,0,0,0,6,227.71164067169002
7,59,0,1,0,1,240.6497727939946
7,3,0,1,0,2,241.09778034960465
7,7,0,0,0,3,226.98510255077233
7,8,0,0,1,7,255.10947769510798
7,10,1,1,0,6,263.78595264820717
7,14,0,0,1,0,244.12492588250495
7,15,0,0,1,3,244.1786706110974
7,18,1,0,0,0,241.50048648639248
7,20,1,0,1,1,257.01270904339395
7,25,1,1,0,7,265.4846694932646
7,26,0,1,0,4,240.21823710062486
7,28,0,1,0,2,239.8340283481704
7,32,0,1,0,5,239.76665993771257
7,34,0,1,0,3,239.91101236885444
7,38,1,0,0,3,241.60553880716492
7,41,1,1,1,5,275.74400863102426
7,48,0,0,0,5,229.15234088793747
7,50,1,1,0,6,268.5375785244005
7,51,1,0,0,4,242.09894392106585
7,55,0,1,1,2,259.7092092336303
7,56,0,1,1,4,257.61829008226727
7,57,1,1,1,3,277.5229743769322
7,58,1,0,0,5,242.85130477161644
7,3,0,1,0,0,237.56006868255315
7,5,0,0,1,7,247.3336943334947
7,6,0,1,1,0,251.74278716288768
7,7,0,1,1,5,255.36813761378951
7,8,0,1,0,5,242.01156229289123
7,14,0,0,0,7,239.49910568645117
7,19,1,1,0,4,257.39762866635664
7,20,1,1,0,3,256.8784673338256
7,21,1,1,0,3,255.36818637945137
7,25,1,0,1,5,257.6902319112771
7,26,1,0,0,2,240.4982694323668
7,33,1,1,0,2,257.35831562258454
7,34,1,1,0,6,257.41221599266436
7,39,1,0,0,3,242.23888842890108
7,46,1,0,0,1,242.92101277436618
7,48,1,0,0,2,240.39949681475764
7,49,1,0,0,6,246.97535251772607
7,52,0,0,0,0,225.77951968891344
7,55,0,0,1,3,246.85616804129222
7,58,0,0,0,4,227.5741938112433
7,0,0,0,1,0,240.6291256104201
7,1,0,0,1,6,240.97734626352542
7,2,0,0,1,1,240.7663461944252
7,5,1,0,1,7,257.25018382994466
7,6,0,1,1,3,257.4673877898576
7,8,0,0,0,5,224.42904830699263
7,12,1,0,0,3,242.6061822078845
7,14,0,0,0,6,228.66768239991973
7,23,0,0,0,3,222.8623811391915
7,26,0,0,0,4,223.80798684618182
7,28,1,0,1,7,257.4402168972286
7,35,0,1,0,6,246.46279852257854
7,41,0,1,0,4,241.27538458029102
7,45,0,1,1,1,259.0273242377909
7,46,0,1,0,4,245.97934277258315
7,48,1,0,0,4,240.91416276860505
7,54,1,1,0,0,258.31434279894523
7,55,1,1,0,5,258.4492249662461
7,56,0,1,0,3,244.90218200663045
7,9,0,1,0,4,241.44197220009173
7,12,1,0,0,6,242.26358873106906
7,17,0,1,1,6,257.7856568138694
7,18,0,1,1,1,258.11759527674957
7,20,1,1,0,5,257.36164046873716
7,25,0,1,0,0,238.6694756931506
7,27,0,0,0,6,226.67404285907273
7,28,1,1,0,7,270.05797870502045
7,31,1,0,1,7,257.06176016825
7,32,0,0,0,1,223.98875062517655
7,33,0,0,1,7,250.9252810492983
7,35,0,0,1,4,240.96645361726843
7,36,0,0,1,2,241.86781773426327
7,37,0,1,1,2,254.8204947997967
7,38,0,1,1,6,260.9123101808766
7,39,0,0,1,2,242.76504661405056
7,40,0,1,1,6,257.48148944596403
7,42,0,1,1,7,258.3088081533597
7,50,0,0,1,3,243.37810428968785
7,51,0,0,1,0,241.5298671082432
7,52,0,0,1,1,241.92279684074205
7,53,0,0,0,0,226.57124586731544
7,9,0,0,0,2,226.42189706524732
7,15,1,0,0,2,242.6300553406136
7,16,1,1,0,1,258.55109196759844
7,17,1,1,1,7,273.7526068223651
7,19,0,0,1,5,244.20996403640044
7,22,0,0,0,4,224.4506866059841
7,35,0,1,0,7,240.7871985528402
7,39,0,1,0,3,242.67107957511752
7,40,0,1,0,2,243.38350825618943
7,41,0,1,0,0,241.0979299867027
7,44,0,0,0,4,227.82315028159186
7,54,0,0,1,7,261.2933152991953
7,56,1,0,0,6,242.8744003032392
7,59,0,1,1,5,258.4026846902864
7,1,1,1,0,5,257.0934443945357
7,13,1,0,0,4,241.59285949385344
7,16,0,0,0,0,225.72567030003628
7,21,0,0,1,1,239.35993229997547
7,23,1,0,0,3,242.2259114866327
7,24,1,1,1,7,284.1521021248873
7,27,0,1,0,2,241.23191995133502
7,31,1,1,0,6,258.6704471239024
7,33,0,1,0,2,237.47998262910164
7,36,1,0,0,6,247.86388062994595
7,39,1,1,0,7,257.60486058983435
7,42,0,1,0,4,241.47863315796522
7,43,1,1,0,7,271.0856607217572
7,46,1,0,0,4,244.30545722015216
7,48,0,1,1,3,258.84007276534726
7,51,0,0,1,2,243.72220284221163
7,58,0,1,0,5,241.258178126424
7,4,0,0,1,7,257.56466179928657
7,5,1,1,0,7,269.12119101457864
7,6,0,1,0,4,238.2627986469326
7,8,0,1,0,7,248.80933088726468
7,22,0,0,1,4,243.4285450027329
7,23,0,0,1,2,241.16774547774202
7,25,1,1,1,5,273.11653030870065
7,26,1,1,1,0,267.3433231988404
7,27,1,1,1,6,273.2761076115974
7,28,0,0,1,5,242.35477293495273
7,37,1,0,0,6,241.71492806187857
7,39,1,0,0,7,255.85825425444506
7,40,1,0,0,2,243.0850483884261
7,41,1,1,0,1,259.53137010759997
7,42,1,1,0,4,259.32319476486725
7,45,1,1,0,2,257.8111359130391
7,52,0,0,0,6,229.16090593511746
7,2,1,0,0,7,255.30333690752096
7,7,0,1,1,3,255.49101635315535
7,10,1,1,0,0,257.64102428480294
7,14,1,0,0,7,249.95775711349162
7,18,0,1,0,3,243.38323173569304
7,21,0,1,0,1,237.76056328292538
7,22,0,1,1,6,255.58795742713505
7,23,0,1,1,1,256.2142636494489
7,25,0,0,0,1,225.4765501694513
7,27,0,1,0,5,239.8533018614623
7,28,1,1,0,1,257.5778481686923
7,29,1,1,0,3,267.60786732041487
7,30,1,0,1,6,258.9115387490513
7,39,0,1,1,1,256.7812974590359
7,42,1,1,0,5,257.5393675844909
7,46,0,1,0,5,243.62070510216918
7,48,1,1,0,3,260.3118690119732
7,49,1,0,0,0,240.91906467130954
7,51,1,0,0,2,244.01178456125461
7,53,1,0,0,6,253.574863856472
7,0,0,0,0,1,227.51938575180165
7,11,0,0,0,6,227.47822827219082
7,12,1,0,0,7,251.71209461780717
7,18,1,1,0,4,260.36906972569835
7,29,0,0,0,2,224.40011933099728
7,33,1,0,0,7,251.47478045145573
7,35,1,0,0,1,240.01424886892937
7,36,1,0,1,5,260.1827176232777
7,37,0,0,0,7,238.22529865833582
7,38,0,0,1,0,240.3085565263357
7,39,0,0,1,0,242.49448416191927
7,40,0,0,1,6,244.66903533784148
7,41,0,0,1,0,243.41509382677648
7,42,0,0,1,0,242.14826110543385
7,45,1,0,0,0,241.73929995475626
7,49,1,0,0,1,242.24127437999724
7,50,1,0,0,7,244.64569640516063
7,52,1,0,0,7,256.925604809462
7,53,0,0,1,3,253.42258960421782
7,55,0,0,0,0,224.68875669432697
7,3,0,1,0,1,239.93989209191528
7,13,1,0,0,0,242.4759442460444
7,14,1,0,0,2,242.29523960286897
7,15,1,1,0,4,255.79137974046037
7,17,0,1,0,2,240.3365780908137
7,21,0,0,1,4,239.31483287811395
7,23,0,1,1,7,266.1639186341387
7,25,1,0,0,4,239.50882510936216
7,29,1,0,0,0,240.9032119917745
7,30,1,0,0,1,238.4746285279993
7,31,1,0,0,2,240.73702297960423
7,42,0,0,1,4,242.8502451524782
7,43,0,0,1,6,250.69217287338034
7,44,1,1,1,7,289.573325982563
7,48,0,0,1,2,243.89327874731796
7,49,0,1,1,1,256.697232990733
7,50,0,1,0,2,242.8646977450601
7,53,0,1,0,0,241.87310462778885
7,58,0,1,1,4,259.435392103257
7,59,1,1,1,0,271.1852925713006
7,1,1,0,1,4,255.48679206607304
7,4,1,1,1,3,276.2423210808147
7,5,1,1,0,1,255.68745508987877
7,7,1,0,0,7,247.35839993027065
7,11,0,0,1,5,244.37912561075404
7,20,1,1,0,1,257.2177812028812
7,21,1,1,1,5,273.9095689715605
7,30,0,1,0,0,240.87192926293147
7,43,0,0,0,1,225.37457891391193
7,46,0,0,0,0,225.6069815443291
7,52,0,0,0,3,225.7253221460938
7,53,0,1,0,2,244.76851098000574
7,1,0,0,0,2,227.89648720698256
7,3,0,0,0,6,225.70580874710924
7,4,0,1,0,5,241.32945621238525
7,5,0,1,1,4,257.5311046170596
7,13,0,1,1,0,257.1727220166896
7,14,0,1,1,1,258.57573789358094
7,15,0,1,1,5,258.64268128684046
7,18,0,0,0,6,227.9076839919871
7,20,0,0,0,5,226.52655170676292
7,23,0,0,0,7,235.53374300206326
7,24,0,0,1,2,240.7838227670651
7,25,0,1,1,1,256.738708575592
7,30,0,1,1,2,257.6799967793569
7,31,0,1,1,7,257.07499107087824
7,37,1,1,0,7,264.70230859252007
7,51,1,0,0,7,255.66188529823697
7,55,1,0,0,1,243.12249860938795
7,6,1,1,0,5,258.3852071305639
7,7,1,1,0,5,257.38835355348783
7,10,0,1,1,5,259.50512874018847
7,13,1,1,0,1,257.0623103234897
7,15,1,1,0,6,256.26847826605155
7,21,1,1,0,5,255.17042543557207
7,22,1,1,0,5,256.0317958260413
7,30,0,0,1,6,241.96096382405656
7,31,1,0,1,3,257.9405751675217
7,32,1,1,0,2,256.42556344724517
7,37,0,0,0,1,222.88985853591862
7,38,0,0,0,6,224.70153778247948
7,40,1,0,1,4,256.55366964683446
7,41,0,0,1,1,243.5290850985882
7,44,0,0,0,7,243.15300648898312
7,52,1,1,0,2,259.66074721992516
7,57,0,1,0,1,243.4323022062129
7,59,1,0,0,2,243.87589699615904
7,6,1,1,0,1,257.2525987630192
7,8,1,0,1,0,254.87877341749834
7,9,1,0,1,6,257.6196276508506
7,10,0,0,1,2,244.48325724040944
7,16,0,1,0,2,239.16902578337186
7,20,0,0,0,0,225.54312864793403
7,32,1,0,0,0,240.8938195553474
7,36,1,1,0,4,256.9570496282376
7,38,0,0,1,1,241.27105751463822
7,39,0,0,1,4,242.67460041977216
7,40,0,0,1,0,244.39295881019058
7,41,0,0,1,2,244.47792062131103
7,44,1,0,1,3,259.8680038196786
7,46,0,0,1,4,245.82006710924483
7,47,0,0,1,6,244.7619859370329
7,49,0,0,1,6,243.3240237509176
7,58,1,0,0,6,254.27032426317436
7,1,1,0,0,7,250.3704832805853
7,2,1,0,0,4,242.72844557515697
7,10,0,1,0,7,240.94684204828656
7,11,0,1,1,4,255.96105951010193
7,12,1,1,1,6,269.94412795931606
7,13,0,0,1,5,241.08056144969984
7,15,1,0,0,4,241.92063959596052
7,17,1,0,0,5,244.5884662885066
7,28,1,0,0,2,243.85064899497002
7,29,1,1,0,0,255.25240340452868
7,30,1,1,0,6,265.7398803982889
7,31,0,0,0,0,223.60365129053403
7,38,0,0,1,6,240.49214538512177
7,40,0,1,0,3,245.8119026299609
7,44,0,0,0,2,227.97736225476757
7,53,0,0,1,7,243.2051279111676
7,3,0,1,0,4,240.16818417957765
7,4,1,1,0,3,257.1742841517056
7,5,1,1,0,6,258.3909272905423
7,17,1,1,1,6,272.7156218991609
7,19,0,1,1,0,257.1626643723505
7,20,0,1,1,0,257.6672395561303
7,21,0,1,1,1,255.8158081999915
7,22,0,1,0,3,239.19419405811465
7,25,0,1,1,6,257.8588582410778
7,26,0,0,1,2,244.20191544507162
7,28,1,1,1,1,272.4062143520548
7,29,1,1,1,0,272.7164441474427
7,30,1,1,1,1,276.93335506667836
7,31,1,1,0,3,256.9865811490717
7,38,1,0,0,6,242.45307648366332
7,39,0,1,0,1,241.07778196880523
7,42,1,0,0,3,243.10561235737984
7,44,1,0,0,1,242.14510782909878
7,47,1,0,0,5,243.78165308819084
7,0,0,0,0,4,227.17333389589967
7,9,0,1,1,6,259.64151285484917
7,10,0,0,1,7,251.5188858575433
7,12,0,0,0,3,227.16230708011238
7,14,1,0,0,1,242.2360077960495
7,16,0,0,1,4,243.46727505751818
7,17,0,0,1,6,245.28606326305
7,18,0,1,1,3,260.2671828702723
7,21,0,0,1,7,238.95781606415522
7,24,0,1,0,3,238.45396628907844
7,26,0,0,1,3,242.79232015827662
7,29,0,1,1,7,271.2038098294471
7,32,1,0,0,5,240.16524342803956
7,35,0,0,0,2,226.22402962066056
7,41,1,0,0,3,242.49067327063977
7,42,1,1,1,4,279.41714404515864
7,43,0,1,1,1,259.5991114685548
7,44,0,1,0,4,241.8251845847665
7,51,0,1,0,6,241.7823255589483
7,53,1,0,1,4,259.9591242176452
7,54,1,0,1,4,260.30574378705893
7,56,0,1,1,7,273.05728784166035
7,0,0,0,1,2,241.0396237159037
7,6,1,1,1,4,269.0613904787399
7,7,0,1,1,0,255.36766870358758
7,8,0,1,1,5,257.67652890051835
7,9,1,1,0,6,256.5409238892176
7,11,1,1,0,1,256.6552288472776
7,13,1,1,0,7,267.9501953330332
7,14,0,0,1,3,246.40958523039245
7,21,0,1,1,3,258.82482166572873
7,29,0,0,1,7,255.2226350855257
7,40,0,1,0,5,241.21202058905388
7,41,1,1,0,2,261.0063784163714
7,1,0,1,1,5,259.99685544231625
7,2,0,1,0,6,241.0838015498811
7,3,1,1,0,7,268.78252155283315
7,4,0,0,0,3,229.0521456503909
7,5,0,1,1,7,270.4373373800148
7,7,0,0,0,7,240.20291616861556
7,11,0,1,0,0,241.43078152378635
7,19,0,1,1,7,261.7607754962204
7,41,1,1,0,5,259.69379441669565
7,45,1,0,1,5,261.90906180411724
7,48,1,0,1,2,259.51306364134945
7,49,1,1,1,0,270.6991261127652
7,51,1,1,1,2,272.9666514123792
7,52,1,0,1,1,257.4568606975772
7,53,1,0,1,2,260.6995198487125
7,54,1,0,1,1,258.5440392684369
7,56,1,1,0,1,261.91777670418446
7,58,0,0,1,2,242.58969142989596
7,59,0,1,1,2,257.14552848634514
7,1,0,1,0,2,240.4166269589992
7,5,0,0,0,4,226.48621797648744
7,12,0,0,1,6,240.81161382050593
7,13,0,0,1,0,241.03379318734977
7,20,0,1,0,7,240.4562095615804
7,23,1,0,0,5,241.21288445943665
7,24,0,0,1,7,240.56852525899487
7,36,0,1,0,3,239.57276101797927
7,49,0,0,1,3,243.88005963518663
7,51,0,1,0,7,250.64956988421685
7,55,1,0,0,7,254.51838635933578
7,56,0,0,1,3,243.31332467718636
7,0,1,1,0,2,255.6158907500521
7,1,1,1,0,1,255.14652137985087
7,2,1,1,0,4,257.1798386968402
7,4,1,1,0,5,259.635640060364
7,8,0,0,1,2,243.05142130963392
7,9,0,1,1,0,258.1246999792949
7,10,0,1,1,3,260.5429304785962
7,17,1,0,0,7,255.51612027294192
7,43,1,0,0,5,240.6782232797914
7,49,1,1,0,3,259.62690003366356
7,53,1,1,0,6,259.62750426012974
7,55,0,1,0,0,242.44774436105016
7,56,0,1,0,4,242.2361411862997
7,57,1,1,0,6,263.60008128097536
7,58,0,1,0,2,243.50168433021437
7,3,1,1,0,5,255.8873156528378
7,12,0,1,1,2,258.75240886875054
7,13,0,0,1,1,241.19396204501814
7,17,0,0,1,0,240.7711187825447
7,20,1,0,1,4,255.71643418536948
7,27,0,1,1,1,258.6384458124149
7,37,1,1,0,6,254.12220632024804
7,40,0,0,1,2,245.55290341694382
7,41,0,0,1,5,243.25071121502506
7,43,1,0,0,3,240.71977901186975
7,45,1,1,0,7,275.5244917700261
10,0,0,0,1,4,167.99583808719106
9,22,1,1,1,4,274.44660021196955
9,23,0,1,1,0,256.0153556395337
9,24,0,1,1,4,257.10378855012436
9,1,1,0,1,4,257.70698331624124
9,27,0,0,1,2,243.21422153887207
9,24,0,1,1,1,258.64670391297636
9,50,1,0,1,6,256.35326588944815
9,10,0,1,1,4,259.62357252917275
9,16,1,1,1,1,276.668135464461
9,30,1,0,1,3,258.7791811604915
9,5,0,1,1,7,278.2358708576439
9,41,1,0,0,4,243.18099999149254
9,29,1,0,1,5,259.92671737736185
9,0,1,0,1,2,258.9136706290476
9,14,0,0,1,1,243.73019196250755
9,21,1,1,1,1,276.5417922174702
9,24,1,1,1,4,274.1268790189777
9,48,0,0,1,2,241.85139596947494
9,14,1,1,0,0,260.48064351234314
9,53,0,1,1,3,258.4217245441473
9,9,0,1,1,4,258.85694405130914
9,34,0,0,1,6,249.88536513593047
9,42,1,0,1,7,275.826950888832
9,0,1,1,1,0,269.14485019701306
9,1,1,1,1,0,270.39084379664087
9,22,1,0,0,1,240.51243710214254
9,25,1,1,1,2,271.5128550577615
9,50,0,1,1,1,252.97859592455757
9,11,0,1,1,3,259.82671541821253
9,28,1,0,1,5,256.99436103926854
9,34,0,1,1,7,274.2450716291701
9,57,1,1,1,3,274.26365414439823
9,58,1,1,1,6,275.9988076249946
9,27,1,1,1,0,270.36267047481755
9,28,1,1,1,7,285.72344573580926
9,10,1,0,1,4,265.9500177842474
9,12,0,0,1,2,248.25341050104726
9,13,0,1,1,4,265.8167254362602
9,33,1,1,1,3,275.7999921450614
9,35,1,1,1,6,278.78639083548416
9,36,1,1,1,4,277.41557003532967
9,50,1,1,1,1,277.37290330006925
9,51,1,1,1,7,285.7787974978863
9,11,1,1,1,1,274.9924749997676
9,12,1,1,0,3,260.2332563996837
9,39,0,0,1,5,243.77654187697695
9,6,1,1,1,3,273.61680026886415
9,8,1,0,1,6,272.69849984185583
9,10,1,0,1,2,266.1215940953252
9,19,1,1,1,1,274.0567161470589
9,23,0,0,1,3,245.87727167019753
9,59,1,1,1,7,273.17576428812424
9,28,1,1,0,4,258.807183535071
9,32,1,1,0,7,278.5657151348264
9,54,0,0,1,4,241.1225332178412
9,19,1,0,1,0,260.12715326725765
9,21,1,0,1,3,257.58759148584846
9,39,1,1,0,1,257.13440885424166
9,44,1,1,0,2,259.58938320453325
9,27,0,1,1,6,260.83527102765095
9,2,1,1,0,1,257.1202213518775
9,23,1,1,1,2,272.3570351340782
9,52,1,1,1,1,268.9913392465481
9,10,0,1,1,7,274.73655496290706
9,22,0,0,1,0,243.1690621134835
9,24,0,1,1,2,259.1174398726603
9,34,1,1,1,4,276.39235513963115
9,36,1,1,1,1,277.078488426283
9,16,1,0,1,7,276.64093465367023
9,31,1,1,1,6,280.75377620877276
9,3,0,0,1,1,245.25159673111128
9,11,1,0,1,0,260.4669048289056
9,36,0,1,1,5,259.6182582681345
9,23,0,0,1,5,242.66876721942012
9,58,0,1,1,3,264.6118777006375
9,4,1,0,0,1,243.23752736561784
9,45,0,0,1,1,242.8430240080314
9,59,1,1,0,2,262.36768119252145
9,30,0,0,1,0,242.67059684168203
9,31,0,0,1,0,239.8385528207828
9,12,0,0,1,6,252.36516644144152
9,28,1,0,1,3,274.0767508218145
9,33,0,1,1,2,258.2625242109133
9,24,1,0,1,3,258.6322062671576
9,33,1,1,1,7,292.2405580067026
9,7,1,0,0,5,252.1244531992933
9,15,0,1,1,3,260.4146227662655
9,43,0,1,1,0,255.96365460591812
9,34,1,1,0,0,257.75939872954183
9,2,1,1,1,0,273.01158531381526
9,3,1,1,1,3,276.9959340859435
9,31,1,0,1,4,258.04645467246286
9,3,0,1,1,0,260.18716439646704
9,51,1,1,0,6,259.1470078801886
9,32,1,0,1,1,259.33456639913396
9,2,0,1,1,4,258.9664767925482
9,55,1,1,1,1,272.56396885464034
9,24,1,0,1,6,258.04404092535526
9,13,1,1,0,6,273.1103536073034
9,18,1,0,1,5,271.6674606047897
9,32,1,0,1,7,275.2709592463951
9,56,1,0,1,5,261.7301466761101
9,8,0,1,1,2,259.87703901172745
9,20,1,0,1,2,261.78869075392174
9,41,1,0,1,6,265.0316048270004
9,2,0,1,1,5,258.26984942102
9,23,1,0,1,3,257.7993084164777
9,51,1,0,1,7,271.2114755385202
9,55,1,0,1,1,256.8668397577438
9,5,1,0,1,3,264.1481051974573
9,25,1,1,0,6,259.8677468571037
9,11,0,1,1,7,262.0990936279364
9,2,0,0,1,2,249.19594164303615
9,19,1,1,0,1,257.654867192484
9,26,0,1,1,7,258.52745043937716
9,29,1,1,1,5,273.55525845819307
9,5,0,1,1,0,260.00666917367073
9,6,0,1,1,4,258.90190462023156
9,7,0,1,1,0,256.90798938488547
9,13,1,0,1,3,262.30484746668577
9,53,1,1,1,3,274.1563881294119
9,36,0,1,1,7,261.58082706471555
9,38,1,1,1,7,285.68289836688905
9,33,1,1,1,4,274.3986856640306
9,32,1,1,1,2,275.0069531274615
9,33,1,0,1,0,255.74344748478285
9,17,1,0,1,6,259.0459685776748
9,11,1,1,1,0,271.18623404476955
9,12,1,1,1,2,273.6422064676182
9,13,1,1,1,5,276.651019315195
9,30,0,1,1,2,260.4120058667889
9,45,1,0,1,1,261.198994545337
9,47,1,0,1,2,260.9333855407436
9,48,1,0,1,2,257.71838599205614
9,22,1,1,1,0,267.4940877159393
9,23,1,1,1,3,272.05843242967353
9,8,1,1,1,0,272.6960826252034
9,29,1,1,1,2,272.95905893893433
9,31,1,0,1,7,272.2497540467501
9,43,1,0,1,2,258.32405767976206
9,26,0,1,1,6,277.01189061878773
9,4,0,0,1,7,250.88571050061242
9,25,1,1,0,7,271.59400686567574
9,0,0,0,1,2,246.53547911582373
9,4,1,0,1,2,262.3793529241128
9,15,1,1,1,0,274.4724478362768
9,48,0,1,1,4,257.66845913131885
9,52,1,0,1,2,256.18152310278066
9,53,1,1,1,1,266.56365664560064
9,24,1,1,1,2,271.7424837751422
9,25,1,1,1,5,271.59923667513385
9,44,1,0,1,3,269.60933575184856
9,1,0,0,1,4,245.25777500305014
9,6,0,0,1,7,257.42391128043323
9,20,1,1,1,6,291.7926520000364
9,1,0,1,1,7,274.2293991464495
9,1,1,0,1,6,257.048127465612
9,13,1,1,1,2,277.95176540776833
9,31,1,1,1,5,282.0726772415416
9,22,1,0,1,0,257.77804384052763
9,1,0,0,1,5,248.7329513408334
9,40,1,1,1,4,271.5056983302838
9,14,0,1,1,0,259.4208090573696
9,33,0,0,1,6,247.2534261906206
9,34,0,0,1,3,247.41332410234412
9,41,1,0,1,4,264.0274732134244
9,25,1,0,1,0,256.7343132835641
9,27,1,0,1,4,261.14077195887177
9,48,0,1,1,0,254.7209768727143
9,57,0,1,1,4,261.19266824545855
9,47,0,1,1,3,258.4158573609967
9,34,1,0,1,4,261.0158385808285
9,41,1,1,1,4,273.33782610949896
9,12,1,0,1,3,262.0031945448012
9,43,1,1,1,5,285.7876128956175
9,2,1,1,1,7,273.24916192740415
9,29,1,1,1,0,266.7417485719159
9,49,1,1,1,0,269.9473858575614
9,2,1,1,1,6,277.27750509995525
8,28,0,0,1,0,248.78555871172753
8,7,1,0,1,6,267.0445579566602
8,12,1,0,1,4,264.3008814192906
8,3,0,0,1,5,250.01315239207318
8,23,1,0,1,2,267.10830666727645
8,25,1,1,1,1,278.2483372854886
8,47,1,1,0,0,256.9243960262082
8,20,1,0,1,1,261.52689317596696
8,27,0,1,1,4,261.72391911361285
8,44,1,1,1,3,278.7068085164892
8,57,0,1,1,0,259.6613503482116
8,51,1,0,1,2,263.08559319119365
8,58,1,0,1,6,261.436672670023
8,1,0,1,1,6,266.5081208610081
8,2,1,1,1,0,278.88879741714123
8,3,1,1,1,1,278.35147194250357
8,26,0,0,1,3,254.7190358152507
8,41,0,1,1,4,258.1516508814174
8,50,1,0,1,5,266.8398231829816
8,4,0,1,1,2,261.51417720834826
8,6,0,1,1,5,267.3400252789383
8,16,1,1,1,0,275.7358121120595
8,17,1,1,1,7,292.07536596973995
8,43,0,1,1,6,257.1914969842045
8,50,1,1,1,5,273.93453707436277
8,54,0,0,1,4,247.72007940129487
8,18,0,0,1,0,245.68489786908737
8,39,1,0,1,5,261.99261527362336
8,50,0,0,1,4,246.5158012622398
8,45,1,1,1,5,275.9171669817589
8,48,0,0,1,3,249.99488621137968
8,59,0,0,1,4,246.6400928430664
8,56,1,1,1,7,290.1540310025387
8,4,1,1,1,0,274.98683873483003
8,39,0,0,1,6,247.5297774669881
8,22,1,1,1,4,278.36457763491774
8,56,0,1,1,4,260.88471931175843
8,3,1,0,1,5,271.22675342227325
8,27,1,1,1,3,271.9789320396047
8,34,0,0,1,7,264.7338972579722
8,10,1,0,0,7,268.30210339884746
8,24,1,1,0,2,267.69394189279797
8,27,1,1,1,7,288.8800162530064
8,0,1,0,1,1,257.82554655111176
8,41,1,0,1,4,259.72182864070334
8,57,0,1,1,6,264.86003765604084
8,7,0,1,1,7,277.24082031886735
8,10,1,1,1,6,280.2283775008765
8,15,0,1,1,3,261.50103683089117
8,23,1,1,1,0,274.52473191028776
8,24,1,1,1,4,277.27090791950945
8,49,1,0,1,4,260.5398064786463
8,49,1,1,1,1,274.4159677101505
8,16,1,1,1,1,276.7601354610547
8,30,1,1,0,1,260.63660039138654
8,34,1,1,1,5,277.86534556711734
8,5,1,0,1,6,273.59936799536905
8,40,1,1,1,4,274.88216441138945
8,42,1,1,1,7,275.30807790218006
8,44,0,1,1,6,268.0029575244068
8,48,1,1,1,2,275.5560796146084
8,15,1,1,1,0,272.1563223904411
8,18,1,0,1,0,257.23167189467574
8,29,1,0,1,3,264.0780300478172
8,35,0,0,1,1,247.35962652719397
8,12,1,0,1,1,262.4487274125616
8,22,1,1,0,6,266.426744131576
8,54,1,0,0,0,241.81784764982532
8,14,1,1,1,2,278.98105832062083
8,15,1,1,1,3,275.9081487116315
8,39,0,1,1,5,260.5975806830537
8,40,1,1,1,6,283.35354992113037
8,30,1,1,1,4,274.0279560477047
8,42,0,0,1,0,243.25656540686933
8,37,1,1,1,0,266.73720334552456
8,23,1,1,1,6,280.6706746126109
8,39,0,1,1,0,258.36094808473854
8,51,0,1,1,4,258.52183380240433
8,4,1,0,1,4,264.9520127593268
8,24,1,1,1,2,278.9552204384105
8,25,1,1,1,0,268.20160383417345
8,39,1,0,1,2,261.8153245919346
8,37,1,1,1,1,275.0675414389572
8,44,1,0,0,3,249.38600708355196
8,49,1,0,1,3,260.2267443861146
8,51,1,1,1,6,273.96353332888833
8,8,1,1,1,7,280.88209382630305
8,2,1,1,1,2,278.92041915320385
8,11,1,1,1,6,285.2982180625204
8,39,0,1,1,6,259.25891703484973
8,11,0,1,1,0,259.9654147312052
8,13,0,1,1,3,264.68444668702506
8,22,0,1,1,0,263.55845551464506
8,23,0,1,1,7,281.6385866031043
8,26,1,1,1,7,292.1386933656392
8,10,1,1,0,4,265.7260212383724
8,30,1,0,1,6,271.5671237330482
8,41,1,1,1,6,274.2308776889897
8,53,1,1,0,3,258.58177207962893
8,22,0,0,1,2,247.10087792250013
8,47,1,0,1,3,257.35443624133194
8,48,1,1,1,1,272.54658840557437
8,23,1,1,0,1,266.3374872215599
8,28,0,0,1,5,253.4590876075697
8,0,0,1,1,0,261.76253034108544
8,4,1,1,1,2,277.0370417300594
8,42,1,0,1,7,266.8324138824581
8,17,0,0,1,0,245.62176555624956
8,14,0,1,1,4,260.84494550911467
8,51,0,1,1,6,260.2411725983602
8,58,0,1,1,1,261.8434650727301
8,37,0,1,1,5,263.62199626792227
8,15,0,0,1,1,249.84399333294607
8,30,0,0,1,5,249.9640459503177
8,0,1,1,1,0,273.24167149223547
8,1,1,1,1,3,277.5302194509886
8,2,1,1,0,0,260.0593311172587
8,13,1,0,1,4,264.10487018042477
8,5,0,0,1,4,252.53866233468017
8,44,0,0,1,2,243.2464004757516
8,45,0,0,1,1,244.66124528842892
8,33,1,0,1,7,260.5654621101499
8,29,1,0,1,2,263.27400062982275
8,54,1,1,1,3,280.0800728590556
8,18,0,0,1,2,253.6075250430772
8,28,1,0,1,0,262.6830134690054
8,19,1,0,1,2,262.34897352472217
8,10,1,0,1,7,282.83991732286927
8,2,0,1,1,4,261.9568004241137
8,3,1,1,1,7,296.19247068651947
8,59,0,1,1,5,264.50748785724863
8,55,0,1,1,6,264.9248173461414
8,38,1,1,1,5,272.4090436689071
8,41,0,0,1,1,244.16748639339573
8,0,0,1,1,3,263.86405437529254
8,16,1,1,0,6,263.31357132403406
8,35,1,1,0,6,274.7160434873594
8,50,1,1,1,2,274.01263668945575
8,51,1,0,1,7,272.4115299172474
8,39,1,0,1,4,261.6078242296389
8,15,1,0,1,7,279.5406059178807
8,44,0,0,1,5,248.40153398289203
8,45,1,1,1,0,269.5480774254131
8,47,0,1,1,3,258.96189758363363
8,16,1,1,1,4,274.9728769883772
8,17,0,1,1,6,261.31217409523157
8,18,1,1,1,6,277.03038984124646
8,35,0,0,1,4,247.34148140900973
8,36,1,0,1,0,250.8249343274094
8,49,0,0,1,1,246.0200075693225
8,56,1,1,1,3,278.01914823717004
8,7,1,1,1,5,278.03329140417065
8,27,1,0,1,1,265.92426734827825
8,31,1,0,1,5,262.3525502384107
8,36,1,1,1,0,268.1604975501496
8,46,0,1,1,7,269.93532345652386
8,9,0,1,1,3,269.17023158052564
8,9,0,1,1,0,258.191612347675
8,26,1,1,1,0,269.163465928346
8,8,1,0,1,7,266.8929363450991
8,52,1,0,1,7,270.69875754751456
8,3,1,1,1,3,281.2416715552902
8,19,0,1,1,4,262.5592483730116
8,20,1,1,1,4,278.4664649298702
8,31,1,1,1,1,275.71609571230556
8,17,1,0,1,5,271.587315116322
8,24,1,0,1,5,268.1354247777419
8,34,1,0,1,2,263.18988314498563
7,2,1,0,0,2,240.70147027248302
7,5,0,0,1,2,240.73405416625656
7,16,0,1,0,1,239.32140177852372
7,18,0,1,0,0,241.7160593215589
7,20,0,1,1,7,257.31241093422915
7,22,1,1,1,0,270.3199742622246
7,23,1,1,1,6,272.8284341450775
7,28,0,0,0,2,226.99705452389117
7,38,0,0,0,0,222.23779219668333
7,46,0,0,1,2,247.08510242334955
7,47,0,0,1,0,243.4284659853975
7,49,0,0,1,2,244.10825159150536
7,51,1,0,1,0,255.31722824761093
7,54,1,0,0,6,241.87320800083637
7,55,1,1,0,2,257.62061966154903
7,5,0,0,1,1,241.1945165382915
7,7,0,0,1,7,250.3857325483794
7,10,1,0,0,3,240.75151492394048
7,11,1,0,1,7,263.57394978012235
7,22,0,0,1,3,242.9716050674155
7,36,1,0,1,2,258.7915959026817
7,37,1,0,1,5,257.92072615036034
7,41,1,1,1,0,274.86663554791664
7,42,1,1,1,5,280.2313449938865
7,45,0,1,0,3,242.22249340589138
7,46,0,0,0,7,238.65847938236786
7,52,1,0,0,4,243.56116071310882
7,55,1,0,1,1,259.0132654658533
7,0,1,0,1,3,259.40393162995576
7,11,1,0,0,0,238.6381754358141
7,17,1,1,0,5,259.52109515255165
7,26,1,1,0,0,257.21104338755094
7,27,1,1,0,4,257.6211441169389
7,35,0,1,0,1,239.71472353159623
7,36,0,1,0,6,254.79902255642415
7,41,0,0,0,6,225.91659388177771
7,47,1,0,1,6,259.32371992254406
7,50,1,1,1,3,275.7251852850005
7,51,1,1,1,6,273.94908157885527
7,52,1,0,1,4,257.86690946394884
7,53,1,0,1,0,257.51511478916296
7,54,1,0,1,7,259.7939012103882
7,56,0,0,0,3,227.88028313586005
7,5,1,0,0,4,237.83144657970556
7,11,1,1,0,2,257.30610421566604
7,12,1,1,0,6,265.21988224452747
7,16,1,1,0,3,258.28468159442355
7,23,0,1,1,3,256.72545909513786
7,24,0,1,1,3,254.42254300899555
7,30,1,0,0,3,238.42852667082758
7,31,1,1,1,3,273.9711663010737
7,35,0,0,0,1,224.77512143588763
7,37,0,0,1,6,249.8273293373141
7,38,0,0,1,3,243.397284827244
7,43,0,0,1,2,240.7360785358472
7,44,0,1,1,6,259.6460525125368
7,45,0,0,1,7,256.54092360854236
7,47,0,1,1,0,254.69100972492015
7,50,1,0,0,5,243.04238713324173
7,54,0,0,1,5,243.64408541422014
7,0,1,1,0,3,255.33325235701622
7,1,1,1,0,2,254.55631623829373
7,2,1,0,0,0,240.84604584484487
7,5,1,1,1,4,271.1401805339244
7,7,1,0,1,4,260.8675542542214
7,8,0,0,1,5,243.01620670344346
7,11,0,0,1,2,243.53282745152367
7,12,0,1,1,4,257.38697113467015
7,14,0,1,1,4,258.45801077244204
7,16,1,1,1,2,276.09905463846667
7,28,1,0,0,0,242.10141968917682
7,29,1,0,0,5,240.96084204113373
7,31,0,0,1,4,241.33995637379365
7,39,1,0,1,6,262.81682064538796
7,41,0,1,1,3,258.19686887946705
7,45,0,1,1,2,259.03318789067873
7,46,0,1,1,6,262.66747623741844
7,48,0,0,1,7,243.75171469473054
7,51,0,1,0,0,239.925730372668
7,52,0,1,0,3,240.59808048870963
7,53,0,1,1,5,262.6808107110863
7,1,0,0,1,0,240.27561613346148
7,2,0,0,1,4,240.35303927759938
7,3,0,0,1,7,254.19911314842852
7,17,0,1,1,5,259.9958505443508
7,18,1,1,0,1,260.57170052745465
7,22,0,0,0,1,223.1800079127429
7,24,1,0,1,2,259.3831059733223
7,25,1,0,1,1,256.9444038501081
7,26,1,0,1,6,256.0549766637426
7,35,0,1,1,0,254.58763003253284
7,36,0,1,1,4,254.8313499366874
7,37,1,1,1,6,271.92897073200726
7,39,1,1,0,4,257.6648654358815
7,0,0,1,1,2,256.74081995657826
7,11,1,0,0,3,240.1734805156403
7,12,1,1,0,7,258.8433950034193
7,14,0,0,0,1,226.88583155044773
7,24,1,1,0,6,255.48527124215306
7,27,0,1,1,4,259.27883779037137
7,28,0,1,1,4,258.6218811355118
7,30,1,1,1,5,277.2250755475209
7,31,1,1,1,4,269.1359033104276
7,33,1,0,0,4,241.3817539271356
7,38,1,0,1,0,258.5887456482008
7,40,1,0,1,2,257.23688481650214
7,41,1,0,1,1,262.32881372946923
7,48,0,0,0,7,239.00312198013546
7,57,1,0,0,6,240.2913269305945
7,3,0,0,0,5,223.1296894800429
7,10,0,1,1,2,258.84736304983676
7,11,0,0,1,7,250.44445071727804
7,15,0,0,1,5,245.69561056549924
7,19,0,1,0,3,241.93023926742993
7,22,1,1,0,7,266.33635673474555
7,24,1,0,0,7,251.4077635519692
7,29,1,0,0,2,241.0654595139657
7,30,1,1,0,2,254.76403114404238
7,31,1,0,0,4,242.12152939577447
7,34,0,1,1,3,255.92010923945273
7,43,1,0,1,5,263.5421751111237
7,44,1,0,1,5,261.31265797060223
7,51,0,0,1,1,244.3285829874727
7,2,0,1,0,0,238.89069844859785
7,12,0,0,1,4,240.72370576714874
7,13,1,0,1,5,261.3918015596671
7,24,1,1,0,0,254.7853970401113
7,25,1,1,0,4,257.0092472836469
7,26,1,1,0,5,256.34298426051095
7,27,0,1,1,3,259.3680868959675
7,29,0,1,1,5,257.2455708252595
7,34,0,1,1,2,255.15567210246834
7,38,1,1,0,2,258.5518605261158
7,44,0,0,1,7,256.49546617817737
7,49,0,0,0,4,229.19466705715266
7,27,1,1,0,3,258.03097138248086
7,28,1,1,0,5,258.7728603603333
7,39,0,0,0,2,224.89764798117142
7,44,0,1,0,0,242.71330015167732
7,59,1,1,0,0,254.74057813096607
7,0,1,1,0,7,272.4763876520673
7,3,1,0,0,6,241.34013126498974
7,10,1,1,0,4,257.6492788652216
7,12,0,1,0,2,243.64660410275235
7,15,1,0,0,6,243.6275495618578
7,17,0,1,0,0,242.85304047345107
7,20,1,0,0,3,241.8981337277132
7,21,1,0,0,3,240.19852725323702
7,22,1,1,0,1,255.9041653536025
7,25,1,1,0,1,256.8533132778347
7,27,1,1,0,7,267.96571077207153
7,31,1,0,1,0,257.4829888428908
7,32,1,0,1,1,258.0861488680026
7,42,0,0,0,4,227.52828853302603
7,51,1,0,1,3,261.3476960081083
7,57,0,0,1,3,242.40637670839536
7,58,0,0,1,3,242.52659405927682
7,3,1,1,0,3,256.26134458297196
7,7,0,1,0,5,240.20399796129246
7,9,0,0,1,4,242.52831772854702
7,10,0,0,1,1,243.77639523322875
7,21,0,0,0,5,225.29582616953542
7,24,0,1,0,7,251.4468768771262
7,26,1,0,1,3,256.0345756264951
7,27,1,1,0,1,257.65480329545295
7,28,1,1,1,7,284.6045801085622
7,41,1,0,0,7,257.3687204517766
7,44,1,1,1,0,272.6773541705504
7,45,1,1,1,7,286.21474552644753
7,46,0,0,1,7,246.73309272639082
7,5,1,0,0,2,238.71897018713253
7,8,1,1,0,5,254.73163095186953
7,11,1,1,0,4,257.03093959689426
7,16,1,1,0,4,258.34044843141754
7,17,1,1,0,1,259.412098682285
7,19,1,1,0,5,257.83875474103525
7,20,0,1,0,4,242.07694915456935
7,22,1,1,0,2,255.64749598713124
7,24,1,1,1,6,274.78331220099653
7,25,0,1,1,7,266.4411436351061
7,27,1,0,0,1,240.48055942208686
7,29,1,0,0,1,240.80891612990752
7,36,0,1,1,7,257.14266793874856
7,37,0,1,1,5,255.24608136550668
7,38,0,1,0,5,245.2469614419255
7,45,0,1,0,1,242.7424508800981
7,46,0,1,1,1,259.430462044935
7,51,1,0,1,6,261.2277830177513
7,52,0,0,1,6,244.73531452756453
7,56,1,1,1,0,274.19926160858165
7,57,1,1,1,0,272.0511368493632
7,58,1,1,1,7,285.066011760796
7,2,0,1,1,3,255.79166995211148
7,6,1,1,0,0,257.7071802468154
7,7,1,1,0,4,256.8030221474168
7,12,1,0,0,0,242.09552824806207
7,15,1,0,0,5,242.7762789079035
7,22,1,0,0,1,238.3527413653375
7,24,1,1,0,4,254.2117967659805
7,26,0,1,0,3,241.39546556835376
7,34,1,0,0,1,241.47538134790867
7,44,0,0,0,5,227.36592315718656
7,7,1,0,0,6,240.35119888961515
7,12,1,0,1,2,259.98523121137185
7,13,1,1,1,2,275.09214208831906
7,14,1,0,1,6,261.4290846166705
7,15,0,0,1,2,244.93767099486155
7,17,1,1,1,2,272.8691086485997
7,18,1,0,1,5,258.0933537833273
7,22,1,0,0,7,254.0886200381933
7,25,1,1,0,2,257.9947284241734
7,27,1,1,0,6,258.02438098619
7,32,0,1,0,0,240.75531879790066
7,36,0,0,1,5,241.80014057624481
7,37,0,0,1,3,240.62192043950432
7,50,1,1,1,7,287.7724180354138
7,3,1,0,1,2,254.94269246793436
7,4,1,0,1,5,256.9030335399648
7,5,0,0,1,0,240.74087464137168
7,10,0,0,0,1,226.90989451938245
7,12,1,1,1,5,270.2867750977221
7,19,0,1,0,4,239.18537969685988
7,27,1,0,0,3,247.7262675276222
7,32,1,1,0,4,256.4171975941204
7,47,1,1,0,3,261.18090986216725
7,48,1,0,1,7,268.01087310989556
7,49,0,1,1,3,258.17405303729146
7,55,0,1,0,1,241.45724624452566
7,6,1,0,0,4,240.0498503814599
7,16,0,0,1,1,242.7690447711173
7,19,1,0,0,5,242.46355614727707
7,22,1,0,1,7,258.19735210671365
7,23,1,1,1,5,272.28919439805526
7,27,1,1,0,0,257.43231634851423
7,28,1,1,0,0,258.07709939078836
7,32,1,0,0,2,241.96167958825308
7,34,1,1,0,0,255.18761684383938
7,39,0,1,0,6,241.33261566245423
7,43,1,1,0,6,258.8758060894687
7,55,0,0,1,6,245.18716758913789
7,56,0,1,1,1,259.53209842328295
7,57,0,1,0,2,242.5381656703789
7,5,1,0,1,4,257.67922916402864
7,6,0,0,1,0,242.27142587007293
7,7,0,0,1,5,242.01169415296437
7,18,1,1,1,6,275.7741010176665
7,19,0,1,1,4,257.94230149128174
7,20,0,1,1,6,257.159402662313
7,21,0,0,1,3,245.61527313998997
7,0,0,0,1,4,241.26917955611782
7,2,0,0,1,2,240.63068126037828
7,4,0,0,1,5,242.36826052140918
7,9,0,1,1,1,259.37827966015885
7,21,0,0,0,1,225.13504338587282
7,34,1,1,1,2,273.037945545495
7,35,1,0,1,0,257.5472513514398
7,36,1,0,1,0,254.5858614255559
7,37,1,0,1,2,258.9137262913904
7,38,1,1,1,3,281.72518893416446
7,43,0,1,1,5,261.7989257524712
7,47,0,1,1,1,257.6763753161842
7,48,0,1,1,5,257.9740124958782
7,58,1,1,0,1,257.53828866884675
7,59,1,1,1,3,275.87841860932906
7,0,1,1,0,1,254.98781018927622
7,5,1,1,1,3,271.07808469760676
7,7,1,1,1,5,272.9462616417839
7,9,0,1,1,2,259.3479944932337
7,10,0,0,1,0,243.66646032647733
7,12,0,0,1,5,241.33823595082407
7,31,0,0,0,3,225.2637794545182
7,2,1,0,0,6,240.91195799025422
7,5,1,0,0,0,237.94876407353811
7,18,0,0,1,7,250.41254877890867
7,23,0,0,0,4,222.3903683386842
7,24,1,0,0,5,240.29671786434577
7,25,0,0,0,3,226.77714237307214
7,36,0,1,1,1,256.88403736279633
7,39,0,1,1,3,257.32869206045643
7,48,0,0,1,0,243.27163246051944
7,49,0,0,1,5,244.00606023332077
7,57,1,1,0,1,258.12472191029605
7,7,1,0,0,3,240.55096594501498
7,9,1,1,0,4,255.67502040763438
7,18,1,1,0,0,258.70312747073825
7,22,0,0,1,1,242.03717801396058
7,25,0,0,1,4,240.9465017874863
7,33,0,0,1,5,242.57028941437093
7,37,0,1,1,6,264.4831143670891
7,40,0,0,1,3,244.26516455626628
7,47,0,0,0,6,238.91873568622648
7,49,1,1,0,2,257.7527284478404
10,0,1,0,1,3,160.91966765339487
9,22,0,0,1,5,252.20923244884398
9,11,0,1,1,2,259.0171251096195
9,55,1,1,1,4,274.9680675203716
9,6,1,0,1,6,265.0986286943889
9,28,1,1,1,3,274.7364159346919
9,31,1,0,1,3,258.76472100459193
9,41,1,1,1,5,273.36703303850163
9,43,0,1,1,6,270.3237574813371
9,15,0,1,1,0,257.3720803239433
9,39,0,0,1,1,243.0870318421561
9,55,1,1,1,2,278.7439244844101
9,26,0,1,1,2,263.04081429576195
9,45,1,0,1,7,258.07326894869806
9,50,1,1,1,4,275.437943347648
9,51,1,1,1,3,272.1031323928
9,54,1,0,1,2,255.50901512081174
9,55,1,0,1,0,257.3621454819566
9,13,1,0,1,0,260.39296362043956
9,14,1,0,1,1,261.24532816358914
9,27,0,1,0,7,244.8301923836488
9,36,1,1,1,7,291.5300653761347
9,41,1,1,0,6,258.96657255640423
9,44,1,0,1,2,260.1089593642114
9,58,1,1,1,3,275.9119796089943
9,2,1,0,1,2,257.04832048902864
9,12,1,1,1,4,274.4110309747666
9,13,0,1,1,3,272.37753047495573
9,38,1,0,1,2,259.6721296296871
9,42,1,0,1,0,259.3148356858936
9,43,1,0,1,5,259.7592891536365
9,49,1,0,1,5,252.40020412746875
9,3,0,1,1,7,276.18391581033734
9,0,0,0,1,6,246.75337235021573
9,32,1,1,1,1,272.79974030004536
9,51,1,1,1,0,266.40017518003526
9,52,1,1,1,3,269.40089870278877
9,54,1,1,0,7,268.6110446469359
9,31,0,0,1,5,246.42013287836406
9,59,0,1,1,6,273.1922205988145
9,58,1,0,1,6,262.7818157885581
9,51,1,0,1,1,254.09015773402916
9,26,1,0,1,6,258.2272306741233
9,25,1,0,1,5,261.3061988199581
9,37,1,0,1,7,273.6201745167887
9,59,1,1,1,6,282.1656708982621
9,47,1,1,0,3,256.09051494877997
9,14,1,0,1,5,272.52205494992756
9,45,0,0,1,7,259.956619554764
9,48,1,1,1,6,276.27095246071815
9,7,1,0,1,4,261.4845396030185
9,17,1,1,0,1,258.9853197665296
9,53,1,1,1,4,270.4552704472107
9,23,1,1,1,4,272.05639002925824
9,17,1,0,1,4,258.4755106071851
9,29,1,0,1,4,259.8045832139707
9,30,1,0,1,4,256.03793442663385
9,56,1,0,1,3,263.5586950962576
9,15,1,0,1,6,262.305748334895
9,43,1,0,1,3,258.7649254913521
9,0,1,0,1,4,260.338362670297
9,48,1,1,0,4,258.8513557249484
9,46,1,0,1,6,260.5835962489154
9,37,1,1,1,0,268.9504787501489
9,38,1,1,1,4,270.8652690818814
9,56,1,1,1,0,271.4630994560648
9,57,1,1,1,5,276.01630169095694
9,51,0,1,1,4,256.7439813817779
9,59,0,1,1,5,260.34548083623065
9,34,0,1,1,3,259.0962464341527
9,3,1,0,1,2,260.61519182011614
9,5,1,0,1,7,267.16417232129055
9,44,1,0,1,5,261.7610812605247
9,9,1,0,1,5,261.18667640730615
9,58,0,1,1,6,261.81834676810064
9,12,1,0,1,5,260.9291106945189
9,21,1,1,0,2,261.2929491449371
9,40,1,0,1,7,277.8870408752343
9,49,1,0,1,3,256.75175292235116
9,0,1,1,1,6,273.73381456360465
9,2,0,1,1,0,259.5213759236475
9,4,0,1,1,1,259.7944860702977
9,45,1,0,1,0,258.55230587010425
9,41,0,1,1,7,258.56391731262715
9,6,1,1,1,0,273.4092706955237
9,44,1,0,1,4,258.5005401540774
9,10,1,1,1,5,275.5368633369387
9,31,1,1,1,7,296.4021083075584
9,56,1,0,1,0,259.79267454392544
9,57,1,0,1,3,264.16085017101153
9,16,0,1,1,1,258.57190505359875
9,48,1,1,1,2,273.20148671303895
9,7,1,0,1,0,257.43821601180747
9,9,1,0,1,2,260.7403837950735
9,31,0,1,1,1,259.761482934018
9,2,1,0,1,1,257.6331956569667
9,43,1,1,1,6,276.2277818468882
9,43,1,1,1,0,272.59135147399974
8,58,1,1,0,7,273.40735666980424
8,6,0,0,1,4,247.05465426678506
8,48,1,0,1,1,257.39521922403145
8,11,1,1,1,2,282.1821005433659
8,49,1,0,0,2,249.1277940719486
8,20,1,0,1,0,259.87649584453567
8,55,1,0,1,5,263.47064616494225
8,17,1,1,1,2,275.30031664467725
8,18,1,1,1,0,277.9372722699526
8,20,1,0,1,3,279.52473082884313
8,47,1,0,1,2,257.13794871096934
8,48,1,1,1,0,271.49841110326804
8,47,0,1,1,6,258.53376672454664
8,48,1,0,1,7,270.01839512950244
8,16,0,1,1,1,261.9076575090134
8,33,0,1,1,6,269.87360847126024
8,35,1,1,1,1,274.82284599932416
8,36,1,1,1,1,272.60643581753504
8,21,1,0,1,2,261.3345567271461
8,56,1,0,1,1,259.3489987804218
8,36,1,1,0,6,273.1770951667647
8,46,1,0,1,0,254.32267847781415
8,20,0,1,1,6,264.23870510614927
8,21,0,0,1,5,250.56466112374977
8,50,0,1,1,6,264.32112719372356
8,23,1,1,1,1,278.90049574289986
8,43,1,1,1,7,277.31970746339914
8,45,0,1,1,5,266.1079626940766
8,45,1,1,1,7,287.590934824097
8,5,1,1,1,2,279.7718389037463
8,27,1,1,1,4,275.8103257430408
8,44,1,1,1,0,271.1928151234296
8,8,0,1,1,2,264.24088713777473
8,36,1,1,1,7,294.287339071955
8,7,0,1,1,0,262.46515835385014
8,17,1,1,1,0,275.3686152953334
8,19,1,0,1,6,262.7527294405398
8,15,1,1,1,2,276.4053800590776
8,18,1,0,1,5,261.04825776832047
8,37,0,1,1,1,261.0240044237658
8,14,0,1,1,2,264.7910359819386
8,28,1,1,1,1,279.4072068091037
8,18,1,1,0,5,271.18723994331117
8,50,1,1,0,2,263.4576645243153
8,6,1,1,1,6,283.21640457272713
8,7,1,1,1,3,279.5285033548771
8,24,0,1,1,5,267.07001538537406
8,31,1,1,1,2,290.9131386347597
8,2,0,1,1,6,270.66689881056107
8,34,1,1,1,1,278.1985227533717
8,55,1,1,1,6,272.94836801969245
8,33,1,0,1,3,258.501977779238
8,41,1,1,1,3,275.1203603865516
8,16,0,1,1,0,259.1703795171961
8,46,1,1,1,1,273.4654051117028
8,23,0,1,1,0,262.1509616997803
8,30,0,0,1,3,252.57723960733375
8,55,1,0,1,0,260.43730013949255
8,29,1,1,1,7,290.4067274087392
8,55,1,0,0,2,247.72232910519645
8,8,1,0,1,5,264.84436390382973
8,8,0,1,1,6,263.08455485158515
8,9,1,0,1,0,258.8607933402103
8,14,0,1,1,7,276.55036863328473
8,45,0,0,1,7,254.88102286930842
8,4,1,0,1,1,260.3004001299649
8,34,1,1,1,2,276.6643355635998
8,54,1,0,1,1,259.7931928430122
8,34,1,0,1,6,267.65831512267806
8,44,1,0,1,3,261.50170090352697
8,46,1,1,1,7,286.7543696484584
8,0,0,0,1,1,246.55499990198277
8,2,1,0,1,1,261.32781169171153
8,10,0,1,1,7,264.7412527373696
8,50,1,1,1,0,270.55382430638736
8,51,1,1,1,4,274.5845998076221
8,38,0,1,1,3,265.38744191736953
8,46,1,0,1,3,260.9244090578069
8,34,1,0,1,7,278.57962181260604
8,22,1,1,1,0,276.6672306320909
8,50,1,0,1,3,265.823091428353
8,56,1,1,1,5,276.56800023302384
8,19,0,1,1,6,270.27747975781676
8,20,1,0,1,4,263.06626168889954
8,2,1,0,1,5,262.5400007359249
8,30,1,0,1,4,259.5591362382665
8,32,1,0,1,3,269.74777743739435
8,13,1,1,1,0,272.9652955260271
8,14,1,1,1,3,277.5803046592341
8,36,1,0,1,2,259.79347729073777
8,21,1,0,1,7,276.01901488168585
8,56,1,1,1,6,278.9492708497259
8,40,1,1,0,0,258.501453126141
8,17,1,1,1,4,276.0788864307727
8,38,1,0,1,7,279.99875660640663
8,24,1,0,1,4,266.1425016726885
8,58,1,1,1,5,275.82769924385457
8,16,1,0,1,5,266.58098362240844
8,7,1,1,1,4,275.4784397048696
8,8,1,1,1,5,281.5440560452539
8,59,1,0,1,1,259.19637892532364
8,2,0,0,1,4,247.6570046367712
7,55,1,1,0,4,257.81940663766864
7,2,0,1,0,3,241.4393114082404
7,9,1,0,0,2,242.06981308728012
7,13,1,0,0,5,243.80080066842226
7,21,0,0,1,2,239.69223781032366
7,33,1,1,0,5,258.46731824129813
7,37,0,1,0,7,254.0045082091475
7,41,0,0,0,2,228.0935208257821
7,44,0,0,1,4,244.39555157792395
7,47,1,0,1,3,259.229633956466
7,51,1,1,0,4,258.5331569351132
7,3,1,0,0,0,240.36557476104704
7,6,0,0,1,5,243.26840227042544
7,15,1,1,0,2,258.02268340856597
7,16,1,0,0,6,242.98915598438978
7,24,1,0,1,6,260.0975826488819
7,25,0,0,1,5,239.90201039626388
7,29,0,1,1,4,257.007326304807
7,37,1,0,0,3,239.9231495793456
7,39,1,1,0,1,257.58560472827827
7,40,1,1,0,1,258.0705507727272
7,50,0,1,1,7,268.06264732414303
7,53,1,1,1,3,278.7081358441484
7,55,1,1,0,1,258.1444265757923
7,56,1,1,1,6,275.92510815603305
7,57,0,0,1,4,242.83933555740714
7,58,1,0,1,1,256.3072983058538
7,12,1,0,0,2,241.64638049436462
7,19,0,0,0,3,228.2084422565477
7,29,1,1,0,1,256.7345618801957
7,37,0,0,1,7,240.85025772133514
7,42,1,0,0,2,244.3486289794213
7,49,0,1,1,0,257.23148551095767
7,21,0,1,1,2,258.21774961012517
7,23,1,0,1,1,260.092637697817
7,24,1,0,0,4,242.0474529136713
7,37,0,1,1,7,254.26973526268276
7,39,0,0,1,5,242.74296953979433
7,45,1,0,0,1,241.56851588619307
7,47,1,0,0,4,243.33967378286957
7,48,0,0,0,6,228.88412494308778
7,49,1,0,0,2,244.62515059572044
7,53,0,0,1,0,242.61830442155534
7,3,0,0,0,3,223.18892287392077
7,6,1,0,0,5,240.94254771573083
7,15,1,0,0,3,242.26708325425093
7,16,1,0,0,3,242.15084967312214
7,17,1,0,0,2,242.315534535125
7,22,1,0,0,4,240.7285597192522
7,26,1,1,0,2,257.07621893733807
7,35,0,0,1,6,240.45867527471225
7,36,1,0,1,1,259.5282189428268
7,38,1,0,0,5,241.54587415108583
7,46,1,0,0,3,243.31575521491737
7,53,0,1,0,4,244.7083852435947
7,57,0,1,0,3,244.7568115978436
7,1,0,0,1,2,240.86869543829906
7,10,1,0,1,1,255.22756071691205
7,11,1,0,0,1,239.56307588515574
7,12,1,0,1,3,259.91038426339554
7,13,1,1,0,6,256.9875239908127
7,22,0,1,0,4,237.37849516935898
7,25,0,1,1,0,256.83286312704644
7,28,0,1,1,0,257.7414805846437
7,34,0,0,1,2,242.3573012614732
7,35,0,0,1,1,240.926574603276
7,39,0,0,1,3,251.41705732697017
7,40,0,0,1,7,255.69022434528912
7,42,1,1,1,2,279.19170665073085
7,43,1,0,1,2,262.8597822559114
7,45,1,0,1,7,270.93144381270235
7,54,0,0,1,2,243.62276952846176
7,55,0,0,1,7,259.50466069725223
7,58,0,1,1,7,274.9651227680335
7,59,1,0,0,0,242.54911879188512
7,2,1,0,0,5,241.4668624980369
7,4,1,0,1,3,257.97383675124775
7,7,1,1,0,7,267.79186625575306
7,13,1,1,0,3,256.5667678608969
7,33,1,1,0,4,259.7895138254793
7,35,1,1,0,6,255.13712002361612
7,43,1,1,0,4,257.8935938878276
7,44,1,1,0,5,259.90491762408243
7,52,0,0,1,4,240.88968192701466
7,10,1,0,0,6,240.71679530618718
7,15,0,1,0,7,243.9248765490568
7,20,1,0,1,0,257.15365974863806
7,21,1,0,1,6,261.6716117305482
7,22,1,1,1,6,270.5588568798391
7,24,0,1,1,4,254.49997592249272
7,29,1,1,0,4,256.6680960381025
7,32,0,0,0,0,223.72238477970544
7,34,0,1,0,7,252.86303143338924
7,35,0,0,1,7,240.80428628882117
7,36,1,0,0,5,241.48087979417562
7,46,1,0,0,0,243.36808284809536
7,51,1,1,0,7,266.2581808904642
7,56,0,0,1,2,243.17908690636423
7,57,0,0,1,0,243.0522374247422
7,59,0,1,1,6,257.93756936159923
7,0,0,1,1,1,256.79632550372946
7,14,0,1,1,6,257.9706188511485
7,33,0,0,1,2,242.55972612844644
7,34,0,1,1,5,255.32283907805066
7,49,1,0,0,4,243.89486188371876
7,1,0,1,1,3,259.7091010930219
7,7,0,1,0,4,239.616486936478
7,9,1,0,0,3,242.16536745961506
7,13,0,1,1,5,256.9566829353903
7,14,0,1,1,0,258.9197958352129
7,15,0,1,1,0,256.78581775213473
7,16,0,1,1,2,258.9763708414439
7,17,0,1,1,2,257.3880633496452
7,18,0,0,1,2,241.31402613335075
7,25,0,1,1,4,255.66928639980986
7,26,1,1,1,1,274.3307557545835
7,27,1,1,1,7,273.2327953776969
7,31,0,1,1,4,256.5230500775981
7,32,1,1,1,5,273.699593480595
7,46,1,1,0,2,260.31784437389007
7,49,0,1,0,1,240.76405216136908
7,59,1,1,0,3,254.60328967865965
7,0,1,1,1,1,271.71399931362635
7,8,1,1,1,6,269.33232076072716
7,9,0,0,1,2,242.65343590255486
7,11,0,0,1,1,244.57999774749362
7,23,1,1,0,3,254.87644771654666
7,36,1,0,0,2,239.63056504119965
7,6,0,1,1,4,256.9408601225213
7,8,1,1,0,0,255.33233561044256
7,10,1,1,0,7,257.7260076962877
7,16,1,0,1,5,258.5364853271396
7,24,0,0,1,5,241.78696479694733
7,34,1,1,1,3,273.17956542021886
7,43,0,0,1,5,243.34471101354285
7,46,1,0,1,6,265.8691085506241
7,2,0,1,0,4,240.21784256382944
7,19,0,1,0,6,243.99839856533026
7,23,1,0,0,7,252.77220870763298
7,40,1,1,1,3,274.5193792391696
7,41,1,0,1,4,260.24663494833084
7,42,1,0,1,1,260.500001614579
7,16,0,0,1,2,243.40118651137297
7,33,1,0,0,6,241.72473583731832
7,37,0,1,0,0,240.26852834607766
7,44,1,0,0,3,241.7811896673358
7,52,0,0,1,3,241.7132588025199
7,58,1,1,1,2,275.9694251059575
7,59,1,0,1,7,266.4227094287422
7,20,0,1,0,2,240.32829994902053
7,32,0,0,1,7,257.0993341942455
7,34,0,1,1,1,255.24250783756779
7,25,0,1,0,5,239.3897062928576
7,32,1,0,0,3,240.8533473574808
7,33,1,1,0,6,258.89097420595317
7,41,1,0,1,0,257.90393201365964
7,42,1,0,1,4,262.61101298946187
7,5,0,1,0,1,240.8900062788913
7,13,1,0,1,3,259.59643362922463
7,29,0,0,1,0,242.7329627286968
7,30,0,0,1,4,241.29042989171163
7,31,1,0,1,2,258.24700293645475
7,32,1,0,1,7,260.1105825530233
7,45,0,1,1,4,258.62393559432934
7,46,0,1,1,7,259.5317434576884
7,51,1,0,0,1,242.81184110150411
7,1,1,0,1,2,255.69814663977627
7,2,1,1,1,6,271.47342061715614
7,10,1,0,0,4,242.25434739035836
7,26,0,1,0,5,243.72253961802122
7,35,1,1,0,1,255.6898609333332
7,40,1,1,0,2,260.1238539835739
7,42,1,1,0,3,257.54296006084263
7,45,0,0,1,2,245.47279183838492
7,50,1,1,0,5,258.304311597843
7,54,1,1,1,2,277.0281226505433
7,55,1,1,1,0,273.84285555039565
7,56,1,1,1,3,274.8671103465235
7,59,0,0,1,5,243.34407586595407
7,3,0,1,1,0,252.49424688492945
7,4,0,1,1,0,254.6403492535319
7,6,1,1,1,2,275.6046737002303
7,7,1,0,1,1,261.67390549174684
7,9,1,0,1,3,257.79442737420925
7,30,1,1,1,4,276.64820745270737
7,32,0,1,1,3,260.26079648038984
7,33,0,1,1,5,259.50673984374293
7,46,0,1,1,5,259.3551028448815
7,50,0,0,0,4,231.0331208800843
7,55,1,0,0,6,246.2239051353208
7,58,0,0,1,4,242.1522018215072
7,59,1,0,1,3,257.3771590539499
7,0,1,1,1,4,273.2899000342517
7,1,0,1,1,2,259.42746549307157
7,2,0,1,1,7,271.72964537896115
7,8,0,1,1,2,256.32550869232654
7,9,0,0,1,5,243.3232745742894
7,14,0,1,1,2,258.0381358812848
7,42,0,0,1,1,243.73200502763274
7,44,1,0,1,6,259.1755497193143
7,59,0,0,1,6,243.00573784474776
7,0,0,0,1,6,240.0857897299573
7,2,0,0,1,6,241.0929974766592
7,5,1,1,1,2,270.6460428089929
7,6,1,1,1,6,276.13343544527424
7,7,1,1,1,0,264.7479136966718
7,10,1,1,1,7,282.3401008332332
7,11,1,1,0,5,257.14836487630174
7,35,1,1,1,7,284.74148613121935
7,37,1,1,0,5,254.25732362788742
7,42,0,1,0,5,240.61762397873318
7,48,0,0,1,5,244.121684699014
7,8,1,0,1,1,256.8574526200613
7,13,0,1,0,3,244.1113848794743
7,41,1,0,0,5,246.10166166128406
7,46,1,1,0,4,260.3638248749353
7,47,1,1,0,1,258.53155907214756
7,48,1,1,1,3,274.72605153244115
10,0,1,1,0,4,160.23419698171747
9,39,1,1,1,3,275.40593803600694
9,13,0,0,1,0,241.5845125493741
9,35,1,0,1,6,258.5401263518591
9,27,1,0,1,1,258.9452168662351
9,41,1,0,1,2,262.0323614924812
9,0,0,1,1,1,259.9798971813176
9,35,1,1,1,0,274.75258591596616
9,7,1,1,1,6,279.0046916090894
9,26,1,0,1,7,276.0120858679319
9,43,0,1,1,4,258.6346955387072
9,4,1,1,1,5,275.5015651018432
9,28,1,1,1,0,269.71156691336574
9,29,1,1,1,3,273.76233329964873
9,15,1,0,1,2,260.42365760882046
9,16,1,0,1,6,259.505952582638
9,20,1,1,1,2,277.8959148234323
9,45,1,0,1,2,258.72526026489965
9,25,1,1,1,0,265.35512863217144
9,14,1,1,1,7,288.6232020412608
9,46,1,1,1,3,276.5545196557557
9,33,1,0,1,4,266.2534599347989
9,47,1,0,1,4,262.14249594954686
9,21,0,1,1,5,262.8439748275963
9,31,0,1,1,5,262.3830282600558
9,12,1,0,1,0,260.94878482864476
9,12,1,1,1,5,273.57979398726275
9,18,1,1,1,3,279.92434103015916
9,23,1,1,1,0,271.655524782992
9,52,1,0,1,5,255.61614604442542
9,16,1,1,1,3,278.60579731244485
9,9,1,0,1,7,274.6258818059656
9,10,0,1,1,3,260.62686994018713
9,20,1,0,1,5,263.3253499685801
9,46,1,0,1,5,261.2407146198585
9,39,1,1,1,2,275.32168738226324
9,59,1,1,1,4,271.1196013737417
9,7,1,1,1,1,277.3422676027666
9,39,1,1,1,5,274.8636575595801
9,43,0,0,1,3,244.76508566027152
9,19,0,1,1,4,257.77553672151964
9,31,1,1,1,1,277.14524982088085
9,37,1,1,1,2,275.48266277406736
9,26,1,0,1,3,258.67718389664066
9,2,0,1,1,2,259.78208971599423
9,26,1,1,1,7,271.42656736798676
9,12,1,1,1,6,286.6168964800039
9,36,1,1,1,5,276.3257151282491
9,19,0,0,1,3,249.53299878819584
9,59,1,0,1,5,262.2092704169211
9,36,1,1,1,3,277.74417952262513
9,29,0,0,1,6,247.74294320234318
9,44,1,1,1,1,271.5864064975098
9,56,1,1,1,4,272.1955932855466
9,5,1,1,1,3,278.1033726370716
9,37,1,1,1,3,275.5405561416763
9,55,1,1,1,3,274.88444971227307
9,56,1,0,1,1,263.4262536666262
9,9,0,1,1,3,264.2121681351979
9,9,1,1,1,6,277.3436652742905
9,10,1,0,1,5,269.91460187732224
8,8,1,1,1,4,279.629404968518
8,47,1,1,1,6,279.13352918863524
8,48,1,1,1,5,273.80417841363175
8,15,0,1,1,5,263.79820968277147
8,26,1,1,1,3,274.70130595516326
8,54,1,0,1,5,258.997906754692
8,45,0,1,1,3,258.1443479159845
8,44,0,1,1,0,255.90557638076615
8,2,1,1,1,5,281.27135039633436
8,17,1,1,1,1,277.3421035605116
8,2,0,1,1,5,262.91469983194906
8,13,1,1,1,7,295.8274331505528
8,22,1,0,1,3,260.90889272600054
8,27,1,1,1,5,277.6997305289253
8,40,1,1,0,5,260.82048648837315
8,52,1,0,1,3,261.3192667432219
8,58,1,1,1,3,276.4827088274712
8,32,1,1,1,0,270.0050936254603
8,37,1,1,1,6,274.8055659483897
8,38,1,0,1,1,260.94938310256265
8,51,1,1,1,0,270.1123332540991
8,17,0,1,1,2,259.33390744784526
8,50,1,0,1,6,268.26787243749163
8,18,1,0,1,6,272.81803170296274
8,32,1,1,1,4,275.6840174171539
8,8,0,1,1,5,262.85590689102946
8,51,1,1,1,5,273.74328222739945
8,56,1,0,1,4,263.9650770109783
8,3,1,0,1,3,264.59134749798113
8,26,1,0,1,4,265.5146364782804
8,17,0,1,1,3,277.6113495115156
8,57,1,1,1,4,274.3257687804104
8,50,1,0,1,2,263.67425399616377
8,24,0,1,1,6,268.6932795898428
8,37,1,1,1,4,273.0660878901034
8,38,1,1,1,3,271.855730416262
8,51,1,0,1,3,265.30549585954253
8,57,1,1,1,5,278.3523175930876
8,19,1,0,1,1,263.3296741876785
8,4,1,1,1,6,278.4163803508368
8,35,1,1,1,5,279.537521874598
8,25,1,0,1,6,265.8342271439643
8,37,0,1,1,6,261.9792228319308
8,26,1,0,1,5,264.7230452178516
8,11,0,1,1,2,267.1674597468897
8,21,1,1,1,4,280.0647300497402
8,28,1,1,1,3,278.15493743640576
8,11,1,1,1,5,282.51606658474293
8,44,1,0,1,2,261.8574719442223
8,28,0,1,1,4,263.07927283332174
8,30,0,1,1,1,262.9284903752152
8,4,1,0,1,5,263.63812130610313
8,31,1,0,1,2,265.7709631920794
8,32,1,1,1,1,278.7555311768702
8,45,1,1,1,1,275.9624120391714
8,19,0,1,1,5,265.4338878569593
8,10,0,1,1,0,261.88447091593116
8,55,1,0,1,4,260.2765279405856
8,49,0,1,1,0,256.96495638283744
8,58,1,1,1,2,275.580490509698
8,23,1,0,1,3,265.2765467166347
8,54,1,1,1,1,275.22012439199244
7,17,1,1,0,4,259.3284178515942
7,20,1,0,0,2,241.45877003637588
7,29,0,1,0,4,240.58654554726016
7,42,1,1,0,2,257.2521901827009
7,51,0,0,1,5,247.3560398664782
7,57,1,0,0,5,241.33259024059808
7,59,0,0,0,6,227.85610931794488
7,9,0,0,0,5,230.44404507923883
7,30,1,1,0,4,253.86314689582773
7,35,1,1,1,5,275.4532714339695
7,36,1,1,0,5,257.58810831070105
7,41,0,1,1,4,256.515986715979
7,42,0,1,1,2,257.48336176653316
7,43,0,1,1,3,261.63445561755174
7,54,1,0,1,5,260.3180521202957
7,57,0,0,1,2,243.14333397074282
7,3,0,0,1,5,240.92625813303124
7,7,0,1,1,4,255.25886030679933
7,8,1,1,1,7,274.54186484562877
7,10,0,1,1,1,259.65074922129776
7,12,1,1,0,2,257.6185761711493
7,14,1,1,0,3,258.5626199472203
7,15,1,1,0,3,256.52975174966537
7,18,0,0,1,5,241.80188646865105
7,20,0,0,1,0,243.1234837914886
7,29,1,0,0,6,243.73814709033942
7,38,0,0,1,4,241.09319825993322
7,40,0,0,1,1,245.632580965981
7,57,0,0,1,1,241.24159031717116
7,9,1,0,1,2,257.45239886804995
7,10,1,0,1,4,254.9240157406294
7,12,0,0,1,7,254.19848922147133
7,20,0,0,1,6,242.3390690285225
7,21,0,1,1,4,257.55369529520976
7,23,0,0,1,7,250.79140728045525
7,31,1,0,1,1,256.6350423175598
7,38,1,0,0,1,240.91366500731934
7,45,1,0,0,4,241.2066906780719
7,7,1,0,0,0,239.84516188567093
7,19,1,0,0,7,241.34005932002194
7,21,1,1,0,7,270.96508031602536
7,23,1,0,0,1,240.16294806133348
7,35,0,0,1,0,240.71706828357412
7,36,0,0,1,0,241.15166287924797
7,37,0,0,1,2,240.73084062535972
7,39,1,0,1,5,261.46107621785166
7,41,0,0,1,7,254.90084367664167
7,53,1,1,0,2,259.0090608949964
7,13,0,0,1,2,241.21299104162514
7,14,0,1,1,5,258.9134053224267
7,15,0,1,1,1,258.274614226136
7,19,1,1,0,7,268.95243177378006
7,47,0,1,1,4,260.2665154981434
7,54,0,0,0,7,244.6540410806269
7,56,0,1,1,6,258.02284660685393
7,1,1,0,0,2,240.47442029457395
7,5,1,0,0,7,240.3440485487494
7,6,1,1,1,7,285.66825743861324
7,10,1,1,0,3,257.6695473419011
7,11,1,1,1,5,278.24666031306185
7,17,1,1,0,0,259.2772936176919
7,9,0,1,1,3,260.1370001178712
7,20,1,0,0,1,241.05555820717785
7,21,1,0,0,1,240.35123224778448
7,22,1,0,0,3,239.3936455741212
7,28,0,0,1,0,243.16251485244146
7,37,1,1,0,1,254.69409876925215
7,42,1,1,0,6,257.6179725543131
7,52,0,1,1,2,259.95356714845536
7,17,0,0,1,7,257.57759226676257
7,30,1,1,0,5,254.5946847463412
7,51,1,0,1,1,258.39933738802097
7,52,1,0,1,3,257.49477731180707
7,7,1,0,1,5,261.0927774043983
7,11,0,1,1,3,255.97134012359172
7,15,0,1,0,2,244.7564668596809
7,23,0,1,1,5,255.88558201789388
7,36,0,1,0,4,240.02088776510536
7,40,1,0,0,6,242.31494771994733
7,42,1,0,0,5,247.085368453735
7,53,0,1,1,6,264.89820905888536
7,59,1,1,1,6,275.41793789983524
7,0,1,0,1,0,254.28428814696727
7,1,1,0,1,3,262.48371793904363
7,4,1,0,0,0,237.71306623749692
7,6,1,0,0,2,240.51284808426234
7,24,0,1,1,2,254.44362873955623
7,26,0,0,1,5,243.23689071788493
7,27,1,0,1,7,260.0005865753359
7,28,1,1,1,0,270.15277051844186
7,29,1,1,1,4,272.6974430088547
7,30,0,1,1,1,257.010989901953
7,41,0,1,1,2,258.77171606142804
7,42,0,1,1,4,258.8267948977599
7,44,0,1,1,3,259.40817182919284
7,50,0,1,1,5,260.4590909914964
7,53,1,1,0,4,259.367481334142
7,54,1,1,0,4,259.56473318755604
7,56,1,1,0,3,261.01695252457887
7,7,1,1,0,2,256.26517684213053
7,8,1,0,0,4,242.44390927382955
7,17,1,0,1,4,258.0162738333491
7,22,0,1,1,1,253.5343846029251
7,27,0,0,1,2,241.35765117303143
7,37,1,0,1,1,258.1101823017208
7,43,1,1,1,1,273.16267544882754
7,3,1,1,0,2,258.62276486621147
7,13,0,0,1,6,241.16421882771203
7,14,0,1,1,7,270.5089431528331
7,16,1,1,1,6,276.42236821664017
7,36,1,1,0,3,256.6352464238513
7,40,1,1,0,4,259.8971926873708
7,5,0,1,1,1,257.82831626253994
7,12,1,0,1,0,255.54110584768057
7,14,1,0,1,3,261.82537144030596
7,16,1,0,0,5,242.6210540245014
7,17,0,0,1,3,245.2311274447429
7,25,0,0,1,1,240.4438953659338
7,42,1,0,1,0,262.1151752536402
7,43,1,0,1,1,263.3077698608844
7,48,1,1,1,0,274.348662688527
7,49,1,1,1,3,278.15184378600554
7,51,0,1,1,6,257.0283958514806
7,52,0,1,1,7,271.70883004444494
7,7,0,1,0,7,257.68615799331707
7,11,1,1,1,0,265.6082808466344
7,19,0,0,0,6,240.84991346692772
7,29,1,1,1,6,273.7054479725249
7,38,0,1,1,2,259.7781595772444
7,40,0,1,1,3,257.0663605872242
7,41,0,0,1,4,243.64487143560925
7,42,1,0,1,3,264.2858046589821
7,1,0,1,1,7,269.946430397141
7,5,1,1,0,4,255.98864460052596
7,6,1,1,0,2,257.24154487974204
7,9,0,0,1,0,242.75521860544148
7,28,0,0,1,1,242.69593973542828
7,18,1,1,0,7,269.70920508081934
7,27,0,0,1,1,241.04728148129232
7,30,1,0,1,1,259.27895193016764
7,43,1,1,0,0,258.00537436690706
7,47,1,0,0,1,242.01278259443967
7,54,0,0,1,4,243.612358769524
7,56,0,0,1,6,249.68885938482458
7,57,1,0,1,0,257.12476611272126
7,58,1,0,1,5,258.1104676833893
7,0,0,0,1,3,241.3619217247657
7,6,0,0,1,6,247.08825245376718
7,19,1,1,1,4,274.6990723834237
7,23,0,1,1,2,255.4730632883136
7,4,1,0,1,4,256.7732283651327
7,7,0,0,1,6,241.7413230239622
7,8,0,1,1,4,257.61512193316054
7,13,0,1,1,6,265.6297792913525
7,14,1,0,1,2,261.3629775978832
7,15,1,0,1,4,258.9614880105288
7,33,0,1,1,4,256.6464289674801
7,38,1,1,0,5,258.3988368468259
7,47,1,0,0,6,250.63671061277077
7,54,1,0,0,7,242.3239762350833
7,0,0,0,0,6,228.58717422035218
7,6,0,0,1,1,243.16699361514748
7,16,0,1,1,3,259.0673120759078
7,19,1,1,0,3,256.17783359503096
7,21,1,0,0,2,240.1058428383353
7,23,1,0,0,0,240.46614118243107
7,27,1,0,0,0,240.95965131556338
7,28,1,0,0,7,252.6517579865857
7,45,0,1,1,0,259.0682846169719
7,48,1,1,1,1,270.6283001925445
7,17,0,1,1,7,258.49050122690903
7,19,0,0,1,1,243.11750558948398
7,26,0,0,1,6,242.64047771989678
7,27,1,0,1,0,258.1316785040266
7,29,1,1,1,2,272.77492434726696
7,31,0,0,1,3,242.86994349811192
7,36,1,1,0,7,268.9029263370887
7,38,0,0,1,2,240.39494951727445
7,39,0,1,1,5,256.4953096955352
7,42,0,1,1,5,258.10353241193565
7,58,0,0,1,5,243.09412808341818
7,4,1,0,1,1,256.1527261711085
7,30,1,0,1,7,270.4025730110812
7,37,1,1,1,4,272.1922169680203
7,5,1,0,0,3,238.47871971307134
7,15,1,1,1,6,275.1623816870382
7,16,0,1,1,0,257.2226084368192
7,22,0,0,1,6,243.45504805082274
7,40,1,1,1,1,274.47812620248715
7,45,0,1,0,4,241.81616847697472
7,50,0,0,1,2,246.0067018484985
7,51,0,0,1,6,243.1302245547217
7,54,0,1,1,7,272.2094833437239
7,59,0,0,1,0,238.75824663932798
10,0,0,0,0,5,156.9327688249154
9,56,1,1,1,1,275.16562436025714
9,47,1,0,1,7,275.69265053789417
9,13,1,1,1,0,271.93122502453843
9,12,1,0,1,7,277.7979423516608
9,5,1,1,1,4,276.67214926640884
9,7,1,1,1,4,277.47271070919305
9,10,1,1,1,1,275.42500704674484
9,0,1,1,1,7,291.13044770370755
9,53,1,0,1,5,254.8860663097302
9,57,1,0,1,4,262.37263980752004
9,35,1,1,1,5,278.68732932823366
9,56,0,1,1,7,277.4803608370515
9,7,1,1,1,3,280.1234483837796
9,55,1,0,1,6,255.16695064196153
9,56,0,0,1,6,256.23639247220405
9,29,1,1,1,1,271.56321173211586
9,45,1,1,1,6,277.4493206276786
9,52,1,1,1,2,269.87975458579444
9,53,1,1,1,5,269.3471345802444
9,19,1,1,1,3,273.1869297587231
9,30,1,1,1,4,271.94138846580444
9,26,1,1,1,3,270.8252952805785
9,9,1,1,1,5,276.43255626611176
9,10,1,1,1,7,277.7522218707131
9,40,1,1,1,2,271.18336658352274
9,24,1,0,1,2,257.2763635280906
9,20,1,0,1,4,260.55052793200167
9,31,1,0,1,5,258.3194947367425
9,18,0,0,1,5,248.6285533447259
9,35,1,0,1,5,259.10575260825954
9,36,1,1,1,0,270.2236737570201
9,8,1,1,1,2,274.2789229555723
9,34,1,1,1,2,271.69907324735357
9,1,0,1,1,3,260.2227670035064
9,39,1,0,1,4,255.7450648555627
9,29,1,0,1,6,261.92263578877356
9,55,1,1,1,5,274.89967819442654
9,8,1,0,1,5,261.7414721433839
9,53,1,1,1,6,274.6231315126207
9,58,0,1,1,1,260.84846418601694
9,57,1,1,1,2,276.3270624823363
9,58,1,0,1,2,262.8305603757417
9,16,1,1,1,5,277.2297827817423
9,50,0,1,1,7,267.4539316272192
9,42,1,1,1,4,274.28550205871414
9,57,1,1,1,0,270.9798923770929
9,13,1,1,1,1,276.95183316636417
9,37,1,1,1,6,275.86815058877744
9,52,0,1,1,2,255.27935040402951
9,17,0,1,1,2,262.382892116327
9,26,1,0,1,0,257.35860932574775
9,18,1,0,1,3,258.3169023494278
8,33,1,0,1,5,259.04103475040574
8,56,0,0,1,7,260.19096108665497
8,53,0,0,1,1,250.08010947675885
8,46,1,0,1,5,259.71501898016106
8,5,1,0,1,5,266.72725887068054
8,19,1,1,1,4,277.7685678589107
8,24,1,1,1,5,279.24898520133195
8,37,1,0,1,5,256.8966336650683
8,1,0,1,1,0,257.2391842023599
8,53,1,1,1,2,270.74569924089315
8,53,1,0,1,5,261.97978573431976
8,10,1,1,1,5,276.7335433764584
8,14,1,1,1,6,276.16533461211895
8,33,1,1,1,1,275.3658189937486
8,30,1,1,1,1,275.86998344619104
8,51,1,0,1,0,257.3461554842891
8,36,1,0,1,3,264.41255119105375
8,13,1,1,0,2,266.1958558772152
8,3,1,1,1,2,279.5145854761558
8,59,0,1,1,0,260.68851819253916
8,27,0,1,1,2,262.7210380518943
8,51,1,1,1,3,278.068862045582
8,50,1,0,1,7,271.4356682367849
8,58,1,0,1,2,258.33331305139734
8,0,1,0,1,5,259.27026641181686
8,6,1,1,1,2,277.7727073939185
8,24,1,0,1,6,264.9724205356988
8,57,1,0,1,6,263.39552489020866
8,0,1,0,1,3,256.4938026176419
8,32,1,0,1,6,266.7874992723661
8,31,1,1,1,4,277.2159599736484
8,57,1,1,1,3,281.7259847049437
8,46,1,1,1,3,275.00226106642856
8,45,0,1,1,7,254.43979753167253
8,15,1,1,1,6,276.2001909990167
8,52,1,1,1,6,283.98119582228384
8,56,0,1,1,2,259.21183864766056
8,1,0,1,1,4,261.18897212688046
8,12,1,1,1,1,276.1697022530758
8,28,1,0,1,4,268.2160768703279
8,31,1,1,1,0,275.7793753196191
8,32,1,1,1,3,281.6842183957704
8,12,1,1,1,2,280.3022301152779
8,18,1,1,1,3,277.73610292620606
7,31,1,1,0,1,256.5709785794972
7,32,1,1,0,7,256.8220513501835
7,38,1,1,1,2,274.3274770847414
7,39,1,0,1,2,260.18742694899333
7,43,0,0,1,0,241.60195356127358
7,33,0,1,1,0,254.74890513295145
7,35,0,1,1,7,263.59522429504034
7,39,0,0,1,6,244.44346737957508
7,41,0,0,1,3,244.3819495082276
7,47,1,1,0,0,260.2871124799516
7,1,0,0,0,1,226.00293685021146
7,14,1,1,1,0,272.60892113500165
7,24,1,0,1,1,258.74913494213354
7,25,1,0,0,6,243.96613302225063
7,55,0,0,1,2,245.85338527611796
7,58,0,1,1,1,260.1768629692629
7,0,0,1,0,3,242.35261868941444
7,6,0,0,1,4,243.5031253857039
7,9,0,0,1,3,249.95406214457626
7,41,0,1,1,6,258.9244971007701
7,43,1,1,1,7,277.26874651164167
7,44,1,1,1,2,275.82112051631896
7,45,1,1,1,1,266.33722494838713
7,47,1,0,1,0,254.89666514564263
7,49,1,0,1,7,268.17606741678856
7,51,0,1,1,0,257.33466452583497
7,52,0,1,1,6,258.17956909610325
7,57,1,0,1,2,257.1156505548235
7,58,1,0,1,7,265.574570928128
7,3,0,1,1,1,256.9104242074481
7,4,0,1,1,6,254.66005010742884
7,6,1,0,1,4,258.2603327269574
7,8,1,0,1,4,256.78916337047394
7,9,1,0,1,1,257.47845056928776
7,14,1,1,0,4,257.4142170952698
7,21,1,0,1,1,257.2141660079815
7,34,0,0,1,4,241.67730597527859
7,37,1,0,0,2,240.43870075391916
7,50,1,0,0,0,240.68558539763634
7,57,0,1,1,4,259.58210933220374
7,58,0,1,1,5,262.01680833056895
7,6,1,0,0,7,248.82770954349672
7,12,1,0,1,6,259.08110077398356
7,13,0,0,1,7,249.7768042983546
7,20,1,1,0,0,256.688290841516
7,21,1,1,0,2,255.46958442787843
7,26,1,1,1,3,275.3103683724236
7,42,0,0,1,5,244.41787477460744
7,51,0,0,1,3,244.54386837462604
7,0,0,0,1,1,241.07492512887123
7,11,0,1,0,1,242.6262138592295
7,12,0,1,0,7,254.75039508364608
7,19,1,0,1,5,261.8646939299808
7,52,1,1,0,6,258.66645408683036
7,10,1,1,1,5,276.40754630879417
7,23,1,1,1,0,270.8724969535253
7,36,0,0,1,4,240.90850111087377
7,38,1,0,1,4,260.37872615686774
7,39,0,0,1,1,242.4427973490453
7,56,0,0,1,4,242.8004640193976
7,1,0,0,1,5,241.0508955545962
7,30,1,0,0,7,251.1875784431664
7,32,1,0,1,4,258.4135748563098
7,33,0,0,1,4,242.6402261347731
7,34,1,0,1,5,259.5840733948094
7,42,0,0,1,2,243.39006541703787
7,44,0,0,1,3,242.77890677865128
7,49,0,1,1,7,264.9300381330547
7,55,1,0,1,5,263.15869065389916
7,57,0,1,1,7,268.74215630260807
7,59,0,0,1,3,252.05132753464804
7,4,1,0,0,2,237.09220151598055
7,31,1,0,0,5,241.7216757865549
7,44,1,1,1,5,275.5179932421446
7,2,1,1,0,5,257.1958354450972
7,33,1,1,0,7,272.0143257218459
7,46,0,1,1,3,259.5001204496495
7,50,1,0,1,4,259.15133410509327
7,6,1,1,0,4,258.0192572128024
7,14,0,0,1,6,248.3450987311177
7,16,0,1,1,6,258.7871336606023
7,18,0,0,1,6,241.41966761440253
7,19,1,1,1,6,275.24892175106555
7,46,0,1,1,2,259.552483811687
7,47,0,1,1,5,260.4131634383285
7,48,1,1,1,2,275.6386430839109
7,49,1,1,1,6,278.521622263932
7,50,1,1,1,4,274.3442206970687
7,51,0,1,1,3,256.2690414380711
7,4,1,0,0,3,238.485934200003
7,14,1,0,0,0,241.73670942633996
7,19,1,0,1,7,270.94403520315655
7,39,0,1,1,0,254.49995769521144
7,48,1,1,0,6,260.7197896795653
7,54,0,0,1,6,245.02223202807062
7,55,1,0,1,6,263.2800401109663
7,1,1,0,0,6,241.78713901585465
7,4,1,1,0,0,254.84489892546424
7,49,0,0,1,7,256.20696497843807
7,14,0,0,1,7,257.5572845454354
7,26,0,1,1,2,258.78197238548165
7,27,0,1,1,7,268.4681594537428
7,40,1,0,1,0,256.21813717298096
7,6,0,0,1,2,243.7941456283315
7,31,1,1,0,2,256.2439522239612
7,13,1,0,0,7,251.10084790884764
7,28,1,1,0,6,258.6923268891488
7,29,0,1,0,3,242.8969474359953
7,50,1,0,0,3,253.8953243865495
7,34,0,1,1,4,255.37347415861035
7,0,1,0,0,4,241.14960842092262
7,12,0,0,1,2,239.45450409833865
7,20,1,1,0,7,269.4912839008015
7,22,1,1,1,3,270.0438187592777
7,23,1,1,0,4,254.4207325676296
7,28,1,0,1,6,266.619183960947
7,39,0,1,1,2,256.9029375986837
7,59,0,0,1,4,240.61023260964413
7,0,1,0,1,1,257.8226896693356
7,34,0,0,1,1,242.86047897829624
7,42,0,0,1,3,243.72254092247147
7,2,1,1,1,7,270.31384896666583
7,18,1,1,0,5,259.7564896196239
7,20,1,1,0,6,256.63951628710925
7,28,0,1,1,5,258.2408983236385
7,7,0,0,1,0,241.68692579508902
7,42,0,0,1,6,243.09326816845086
10,0,0,1,0,7,198.65514981239522
9,9,1,1,1,2,276.4135670952942
9,30,1,0,1,2,258.5461263543498
9,25,1,0,1,6,260.34969819183937
9,49,1,1,1,6,270.44449849424586
9,52,0,1,1,3,257.2064259464756
9,3,1,1,1,5,276.95945853704063
9,14,1,1,1,3,276.1377432468322
9,44,1,0,1,0,258.92028866482315
9,45,1,0,1,5,258.29008987404364
9,28,1,0,1,0,258.66346565386976
9,32,1,1,1,6,275.27450947175356
9,42,1,1,1,1,273.0873748808404
9,45,1,1,1,1,270.44534387304014
9,42,1,0,1,1,260.9181944920932
9,15,1,1,1,7,294.34999337583344
9,25,0,1,1,6,261.1008602092754
9,17,1,1,1,0,275.2281933768201
9,50,1,1,1,0,270.88489127338556
9,54,1,0,1,0,255.573960499472
9,16,1,1,1,6,282.2257286476456
9,21,0,1,1,3,257.35493203143113
9,36,0,1,1,2,259.8862525651845
9,54,1,1,1,3,273.88447751039985
9,48,1,1,1,1,273.3771919076058
9,6,1,0,1,2,263.4851182610725
9,7,1,0,1,3,262.93785313942624
9,16,1,1,1,0,271.3203388058695
9,17,1,1,1,6,275.06942137890354
8,57,1,0,1,2,257.3081640389385
8,37,1,0,1,6,268.14876575598237
8,52,1,1,1,7,275.71983373974416
8,25,1,1,1,5,276.695327248774
8,13,0,1,1,4,262.60380373841576
8,42,1,1,1,4,273.87994386345895
8,43,1,1,1,2,274.9320772016637
8,35,1,0,1,6,264.76325712680267
8,2,1,1,1,4,281.9021451374544
8,6,1,1,1,1,274.76722715728425
8,45,1,1,1,4,274.6149615980968
8,16,1,0,1,4,261.886701947732
8,19,1,1,1,1,277.72403869598423
8,59,1,1,1,7,290.34019317052474
8,47,1,0,1,1,257.8571633424831
8,45,0,1,1,1,259.15317982682024
8,15,1,0,1,6,262.8891373819029
8,46,0,1,1,3,267.16182864025444
8,59,1,1,1,0,271.1561317801031
8,32,1,0,1,5,267.70251746593823
8,36,0,1,1,1,260.5296717549103
8,47,1,1,1,3,275.8964664073296
8,6,1,1,1,4,278.77632328693596
8,28,1,0,1,1,263.37673096267713
8,40,1,1,1,5,277.5664653503145
8,57,1,1,1,1,274.2746027131198
8,40,1,0,1,1,257.59646360832414
8,43,1,1,1,0,272.59464063967124
8,57,1,1,1,2,277.6077139251126
8,28,1,1,1,4,274.9601908914995
8,3,1,1,1,6,284.52845139498334
8,44,1,0,1,4,259.28289233563373
8,49,1,1,1,4,273.8982813455
8,4,1,1,1,3,278.204831802492
7,24,0,0,1,0,239.5254059931233
7,25,0,0,1,3,242.16863200064412
7,48,1,0,0,3,240.54892946873937
7,52,1,1,0,7,272.3448232614675
7,16,0,0,1,7,243.2865800687055
7,38,1,0,1,2,262.2322962539506
7,39,1,1,1,3,272.43332892972626
7,40,1,1,0,7,272.5875539924755
7,50,0,1,1,6,258.0625818442371
7,59,1,0,1,2,256.8841123257955
7,5,1,1,1,1,270.80978607870657
7,43,1,1,0,1,256.61224296882085
7,18,0,1,1,5,264.09078098166583
7,26,0,1,1,0,258.3391427419104
7,32,0,0,1,0,242.68655156707743
7,34,1,0,0,4,239.24975418732683
7,7,1,0,0,1,241.12761072506444
7,9,1,0,0,5,242.2303847270344
7,10,1,0,0,2,240.80793814804306
7,19,1,1,0,1,256.2776525431313
7,28,1,1,1,4,273.22824696187746
7,53,1,1,0,5,259.2322033431674
7,54,1,1,0,6,259.3457293985541
7,14,0,0,1,2,246.61438758740474
7,15,0,0,1,1,243.33377443675556
7,23,0,1,1,4,254.94995030864874
7,24,1,1,1,3,274.5340937731641
7,25,1,1,1,4,272.09471087595506
7,26,0,1,1,1,257.35229912023715
7,34,0,0,1,7,249.6584841357964
7,37,0,1,1,4,254.67394183881132
7,38,0,1,1,1,259.4748350479962
7,42,1,0,0,7,261.6610091405755
7,43,1,0,1,0,259.91000663636873
7,46,0,0,1,6,254.0487949609754
7,48,1,1,1,6,276.02091517266797
7,4,0,0,1,1,241.90411840259608
7,17,0,1,1,4,257.76400457487983
7,34,1,0,1,0,257.4960565209252
7,36,1,0,1,7,274.0498993037399
7,43,0,0,1,1,241.94682757528466
7,52,1,1,1,7,274.8731234073768
7,54,0,0,1,0,243.5089117302307
7,1,1,1,1,7,286.4817398881796
7,4,1,1,1,1,270.29797820427154
7,5,1,1,0,5,258.4733155967298
7,38,0,0,1,7,253.9499846496675
7,14,1,1,1,3,276.5025079745315
7,16,1,1,0,7,272.8053384665657
7,31,0,1,1,0,254.20730176668522
7,32,0,1,1,4,257.31959184072963
7,33,0,1,1,2,257.8244363930363
7,34,0,1,1,6,254.87412240102483
7,43,0,0,1,4,241.82765118406843
7,55,0,0,1,5,243.8220029593589
7,1,1,0,1,7,256.62998872535087
7,30,1,1,1,6,277.23552500933295
7,33,0,1,1,3,258.28420737798547
7,50,1,1,0,3,259.19312475510225
7,30,1,0,0,5,238.32032000141808
7,48,1,0,0,6,245.7981389382946
7,24,0,0,1,4,239.80443543182417
7,11,1,1,0,6,263.8834930676969
7,14,1,1,0,5,257.81869436244176
7,20,1,0,1,5,257.5676261165381
7,27,1,0,1,5,270.92296730087884
7,28,0,0,1,7,242.61445718325672
7,1,1,0,0,5,239.06655175834095
7,10,0,0,1,6,244.22465751330532
7,11,0,0,1,3,243.60287701845468
7,30,0,0,1,2,241.53081488781626
7,32,0,1,1,6,255.17935094494513
7,37,1,1,1,2,272.79967422456394
7,38,1,0,1,5,262.3448063436615
7,39,1,0,0,0,242.12637746285216
7,52,0,0,1,0,241.4637166420318
7,53,0,0,1,4,242.38651315847983
7,2,0,0,1,5,240.45111392798617
7,7,1,1,1,7,281.82766324990365
7,14,1,0,1,1,261.3726655436739
7,36,0,1,1,6,256.53786069841476
7,52,1,0,1,7,265.1288962154954
7,55,0,1,1,5,260.0926181680644
7,30,1,0,0,6,239.03789337217825
7,6,0,1,1,5,257.23318484338535
7,8,0,1,1,6,257.52456893129414
7,15,1,1,1,1,274.35378729425787
7,17,1,1,0,3,259.67741572127966
7,56,0,1,0,5,242.2165072534371
7,22,1,0,1,4,258.57868523796384
7,23,1,0,1,4,259.67954056534273
7,36,0,0,1,7,250.92095937561592
7,45,0,1,1,5,258.81562211557065
7,50,0,1,1,3,258.2331161697025
7,5,0,0,1,6,241.51067090851794
7,6,1,0,1,2,259.81417347858655
7,11,1,0,1,5,256.3316488466562
7,22,1,0,1,0,257.8939221973242
7,34,0,1,1,0,253.63296755291879
7,37,0,0,1,0,240.923715739832
7,39,0,1,1,6,258.11123983267123
7,50,1,0,1,2,258.957743127368
7,15,0,1,1,4,258.537222398544
7,16,1,1,1,7,282.0709457228205
7,54,1,0,1,3,267.44023571485053
7,15,1,1,1,7,277.5166604765087
7,18,1,0,0,3,241.81555160058792
7,23,0,0,1,0,240.57583494663746
7,25,1,0,1,4,257.2029207501336
7,31,1,0,0,7,254.62500304017846
7,34,0,0,1,5,242.3461745723959
7,3,0,0,1,3,242.53730708627472
7,7,1,0,1,3,262.38862359896586
7,27,1,1,1,4,274.2490689626639
7,28,1,1,1,6,273.38325741893345
7,35,0,1,1,2,254.51925182917077
7,59,1,0,1,6,256.9525104102818
7,2,0,0,1,3,240.82047895082235
7,15,0,1,1,7,269.1714845697925
7,23,1,0,0,4,241.0969275122377
7,24,1,0,0,2,242.02888292488035
7,29,1,1,0,2,255.72432969325666
7,30,1,0,0,4,237.68318139725082
7,39,1,0,1,3,261.3097437114385
10,0,0,1,0,1,195.58069786592668
9,39,1,1,1,6,289.00458062435473
9,49,1,1,1,5,280.74024371764074
9,47,1,1,1,2,271.8073142875643
9,29,1,0,1,7,275.09647199075016
9,59,1,1,1,2,270.9844704474853
9,5,1,0,1,4,261.71443536693874
9,26,1,1,1,5,270.7840797602208
9,25,1,0,1,3,262.58392360772285
9,17,1,1,1,5,276.0536846841779
9,10,1,0,1,1,262.1644437419188
9,27,0,1,1,2,261.41907002031724
9,40,1,0,1,2,261.20331764951624
9,3,1,0,1,6,266.5369002105775
9,42,1,1,1,5,275.351042614238
9,56,1,0,1,4,260.5989249215503
9,24,1,1,1,3,275.5931838859968
9,14,1,0,1,2,261.72019741538446
8,19,0,1,1,7,280.31222787133447
8,56,1,1,1,4,276.6178078851275
8,48,1,0,1,6,258.1861093069907
8,50,1,1,1,4,275.2634681812924
8,52,1,0,1,4,260.5214669813258
8,15,1,0,1,0,258.5471185102268
8,47,1,1,1,2,278.0218550500759
8,39,1,0,1,3,261.0999834713372
8,16,1,1,1,2,275.441816010534
8,15,1,1,1,4,274.7577734259785
8,14,1,1,1,7,287.920184595632
8,59,1,1,1,1,271.1166782639465
8,23,1,1,1,4,280.5939189999683
8,18,1,0,1,4,260.89306723172416
8,26,1,1,1,6,276.02534333088533
8,33,1,1,1,4,275.2639323951998
8,18,1,1,1,1,274.2013005379431
8,33,1,0,1,6,272.6313491362304
7,54,0,1,1,5,261.622293428907
7,8,1,1,0,7,269.78201726646347
7,18,1,1,1,5,275.94435758293037
7,22,0,0,1,5,242.92210978222656
7,36,0,1,1,3,265.13194625329544
7,46,0,0,1,3,248.6434354069636
7,52,1,1,0,0,258.70739295355406
7,13,0,0,1,3,240.83179875096175
7,16,1,1,0,0,258.1918798751796
7,25,1,0,0,2,238.8387136852259
7,26,1,0,0,6,241.1347001023428
7,33,1,1,1,1,272.89712592344387
7,59,1,0,0,1,242.81552070740074
7,5,1,1,0,0,255.74167063404238
7,16,0,1,1,4,258.7982820544236
7,18,0,1,1,7,260.2117765643167
7,37,0,0,1,5,242.6289503063374
7,50,0,1,1,1,258.5769609717882
7,18,1,1,0,6,260.8321317130915
7,26,1,1,0,4,256.6909708662557
7,39,1,0,1,0,254.02370290092605
7,40,1,0,1,5,257.22643091484457
7,57,0,1,1,1,259.7530784905653
7,6,0,1,1,7,269.3019276883533
7,16,1,1,1,3,276.40790671422064
7,29,1,1,0,6,256.7077567658702
7,43,1,1,1,4,275.1510175871734
7,44,0,1,1,0,255.04623856374297
7,48,1,1,0,7,269.8292738429926
7,51,1,0,0,6,244.91964369000317
7,4,0,0,1,6,242.1949872984308
7,23,1,1,0,7,264.0392576085434
7,25,1,0,0,3,240.4415410511794
7,56,1,0,1,0,255.1701241879582
7,57,1,0,1,6,256.888297478366
7,54,0,1,1,0,257.0432381303992
7,7,0,1,1,6,260.6642189899816
7,27,0,1,1,6,259.7957005413672
7,29,0,1,1,6,257.87343277294394
7,32,0,0,1,6,243.14161632396141
7,33,0,1,1,7,269.3614229576955
7,7,0,1,0,0,239.3338951796625
7,17,1,1,1,1,273.545939424521
7,21,1,1,0,6,255.32908307204153
7,50,1,0,0,1,241.58071697978693
7,23,0,0,1,1,242.41126735885803
7,57,1,1,1,7,287.6587184351996
7,11,1,0,1,6,255.53515812819947
7,13,1,0,1,1,257.5941797870727
7,19,0,1,1,2,257.9969487880527
7,52,1,1,1,4,274.6313186314542
7,53,1,1,1,1,275.7483090655978
7,57,1,1,0,5,259.99462195126597
7,25,0,0,1,0,240.54021518798
7,26,0,0,1,7,256.06749147366816
7,5,1,1,0,2,257.3073994187015
7,24,1,0,0,3,241.35685449132248
7,28,1,0,0,6,243.37309059316885
7,45,1,1,1,0,254.42092439604525
7,46,1,1,1,2,275.3512470553093
7,47,1,1,1,4,272.09814220631995
7,50,0,1,1,0,255.294799379977
7,51,0,1,1,7,271.38845748249435
7,18,1,1,1,7,286.0492803820559
7,20,1,0,1,3,257.62330769439586
7,27,1,0,0,2,243.00644683162776
7,47,0,1,1,3,263.05840434851586
7,55,1,0,1,3,263.49398962345117
7,1,1,1,1,0,262.3470202307445
7,3,1,1,1,7,287.0036528501665
7,19,0,1,1,6,257.98867949684046
7,21,1,0,1,2,262.10790012988014
7,48,0,0,1,1,243.75669376012695
7,57,1,0,1,1,256.5313153435642
7,8,1,0,1,2,256.6393697934101
7,9,1,0,1,5,257.3989510877241
7,17,1,0,1,7,270.2641192689541
7,52,0,1,1,4,258.2919905767458
7,58,0,0,1,6,242.95177899321334
7,21,1,1,0,0,255.25372083242803
7,22,1,1,0,0,254.31543839772942
7,59,1,1,0,1,255.169044498236
7,16,0,0,1,5,243.32635515905204
7,47,0,1,1,6,262.4774488619664
7,58,0,0,1,1,242.7918606057206
7,31,0,1,1,3,256.2001946565586
7,9,1,1,1,5,273.72405994996905
7,18,1,1,1,1,274.25146161329
7,46,1,0,1,5,257.8698573154137
7,55,1,1,1,6,275.1097785615855
7,3,1,1,0,0,256.33939037248706
7,4,1,1,0,2,254.01213220152826
7,8,0,0,1,0,242.41979565221754
7,28,0,1,1,7,267.59307372000166
7,38,1,1,0,1,257.8334470493654
7,57,1,0,0,1,239.5823871589158
10,0,1,0,0,2,88.17240995590868
9,9,1,1,1,4,276.7817227944694
9,15,1,0,1,7,279.88306255409725
9,47,1,1,1,1,272.1861070116721
9,37,1,1,1,1,273.70941441885486
9,38,1,1,1,6,273.5801254107569
9,40,0,1,1,0,255.71013128361722
9,18,1,1,1,6,282.3194156720035
9,4,1,1,1,2,275.37030696210263
9,25,1,0,1,4,258.7891918941748
9,53,1,1,1,7,284.35393857941864
9,21,0,1,1,6,274.39852569264633
8,15,1,1,1,7,294.5261517321563
8,31,1,1,1,5,278.3659918571011
8,6,1,1,1,3,277.95017447360357
8,44,1,1,1,4,276.54746647592054
8,45,1,1,1,2,272.72094140340346
8,23,1,1,1,2,277.9710555990995
8,39,1,1,1,4,273.9875578094319
8,23,1,0,1,1,260.2357147661382
8,45,1,0,1,4,260.529675804688
8,0,1,1,1,3,281.7984359069522
8,38,1,0,1,5,259.61111011297294
8,9,0,1,1,6,263.0777672474953
8,32,1,1,1,2,277.1564386335888
8,47,1,1,1,7,291.3213456171447
8,46,1,0,1,2,258.84310626661073
8,49,1,1,1,0,268.24356672528575
8,20,1,1,1,3,280.09409044617524
8,43,1,0,1,5,262.27466387449715
8,33,1,1,1,7,274.17875926577466
8,53,1,1,1,0,271.4457137748374
8,17,1,0,1,1,262.0465072619721
8,39,1,1,1,0,273.7403355538312
8,53,1,0,1,7,274.27619183007096
8,1,1,1,1,6,278.1281166082406
7,46,1,1,0,7,267.9312485607311
7,5,0,0,1,4,240.76641674087747
7,6,1,0,1,1,257.76523578209446
7,38,1,1,0,7,265.1387486845538
7,44,0,1,1,2,259.6276890598807
7,45,0,1,1,3,259.16140696799056
7,13,1,1,1,4,274.4971502345806
7,35,0,0,1,5,244.1212047790237
7,52,1,0,0,1,243.66885605230925
7,22,1,0,1,6,258.57865353341083
7,23,1,0,1,2,259.04300750303685
7,24,1,0,1,5,259.96282482837626
7,36,0,0,1,1,241.50490647964452
7,38,0,1,1,3,259.23250266404256
7,28,1,0,0,4,242.72566652475032
7,43,0,1,1,6,260.8893765000346
7,45,0,1,1,6,259.1202750449982
7,56,0,1,1,5,258.63626756807844
7,57,1,1,1,2,278.24396369694244
7,58,1,1,1,1,273.85935595278556
7,5,1,0,0,5,237.7226381914698
7,13,1,1,0,2,256.183196058365
7,15,1,1,1,0,267.3965102916876
7,16,1,1,1,5,276.22076648310224
7,17,1,1,0,2,259.1537905531613
7,44,1,1,1,3,276.4180935790778
7,49,1,0,0,7,253.49073613548907
7,10,0,1,1,6,259.6456643823158
7,36,0,1,1,5,257.9768934070304
7,40,1,0,1,1,256.2441107435902
7,57,1,0,1,5,257.30686090093025
7,4,1,1,0,7,266.41100555586803
7,49,1,0,1,3,260.3898461617954
7,58,0,0,1,7,258.4258115793946
7,30,0,0,1,5,241.99808935947516
7,42,0,1,1,6,257.9120313297463
7,45,1,0,1,2,261.9110475458157
7,46,1,0,1,3,258.30979893708576
7,33,0,1,1,1,258.3225940555061
7,16,1,1,0,6,260.0335863053365
7,18,1,0,0,7,252.5626715497242
7,40,0,0,1,4,244.16988537039282
7,55,1,0,1,0,255.53545931074103
7,56,1,0,1,5,257.7688177641759
7,7,0,0,1,2,241.07210133523407
7,11,0,1,1,1,256.18106332638547
7,28,1,0,1,3,258.0212912814036
7,30,1,0,1,3,259.1435674604006
7,31,1,1,0,0,254.91582765309607
7,35,0,0,1,2,240.72940517043568
7,49,0,1,1,5,257.9348942639984
7,54,1,0,0,5,242.0077355909454
7,4,1,0,0,4,238.01396465728982
7,11,1,0,0,4,238.3921096763518
7,29,1,1,1,1,272.80330753356475
7,32,1,1,1,3,273.4980042095449
7,57,1,1,0,7,268.79710107457265
7,53,1,1,1,4,279.4057784547768
7,54,0,1,1,3,261.7378544723154
7,58,1,1,1,3,276.1487677729459
7,23,1,0,1,0,258.6686161176569
7,25,1,1,1,1,273.00702295440095
7,28,1,1,1,5,273.21380206517574
7,30,1,1,0,0,254.84511486258094
7,33,1,0,0,1,239.797330328964
7,46,0,1,1,4,259.4276629801552
7,49,1,0,1,4,257.6125488201927
7,55,0,1,1,0,258.54806070649823
7,27,0,1,0,6,238.93740266134253
7,38,1,0,1,7,270.8058967224547
7,57,0,1,1,0,259.41165868635267
7,58,0,1,1,3,259.750018210924
7,0,1,0,0,2,241.09907111753222
7,18,1,1,1,4,273.86386919458715
7,20,1,1,1,5,278.55871637213454
7,38,1,1,1,0,264.7203846919303
7,39,1,1,1,5,271.8185972203497
7,17,0,0,1,4,243.3428303091206
7,28,1,0,0,5,244.10700668582282
7,34,0,1,1,7,261.16442086893335
7,53,0,1,1,7,270.8435398316646
7,58,0,1,1,0,256.67470289298814
7,2,1,1,0,7,269.9679299072106
7,27,1,0,1,6,259.53204213641914
7,42,1,0,1,5,264.8361460499761
7,53,0,0,1,6,242.96617396613237
10,0,0,0,0,6,246.41591575649255
9,30,1,1,1,0,281.5158642940753
9,35,1,1,1,4,277.70363390676386
9,48,1,1,1,5,284.8326946296556
9,47,1,1,1,0,272.17252347199695
9,57,1,0,1,6,265.19408704691597
9,7,1,1,1,2,276.3748689939901
9,9,1,1,1,1,274.8117489275894
9,24,1,1,1,0,267.93818769798173
9,52,1,1,1,4,269.1204716385547
9,9,1,1,1,7,286.02082174523343
8,13,1,0,1,1,263.478355154527
8,40,1,0,1,3,259.24623593038945
8,24,1,1,1,1,277.92674710102665
8,12,1,0,1,0,262.2970384650608
8,58,1,1,1,1,275.2925538682825
8,49,1,0,1,6,263.86236940611565
8,18,1,1,1,7,292.31287696349705
7,33,1,1,1,6,275.8216311502452
7,39,0,0,1,7,242.55942395220154
7,47,1,0,1,1,257.43699706243234
7,56,1,0,0,2,241.26886091337408
7,28,1,0,1,5,258.00427949541535
7,52,0,0,1,7,253.27953280789077
7,25,1,1,0,5,257.3112274568922
7,54,0,1,1,4,261.4183124192439
7,15,0,1,1,2,258.951363653124
7,20,0,0,1,7,251.478402313793
7,26,1,1,0,6,257.0988642728423
7,31,0,1,1,5,257.7648285627474
7,32,1,1,0,6,266.9781488576084
7,32,0,1,1,0,254.18873712669694
7,56,0,1,1,2,258.78100147873386
7,9,0,1,1,4,258.58768995430944
7,11,0,0,1,4,244.3854001090343
7,32,1,1,0,5,256.62246950363414
7,38,1,0,1,1,263.6434797772557
7,40,1,0,1,6,260.53596913493766
7,0,0,1,1,7,266.9787511292373
7,40,1,1,1,5,273.8863740421595
7,48,1,0,1,1,257.9082756190699
7,43,1,0,0,7,253.66691488851137
7,6,0,0,1,7,257.78458225334936
7,7,1,0,1,2,262.0857014522533
7,8,1,0,1,5,256.70379833784386
7,15,0,0,1,0,242.83848375582565
7,17,1,0,1,5,258.9383257289384
7,12,1,1,0,1,259.26455763317375
7,13,1,1,1,7,275.0129665292224
7,43,0,1,1,7,276.21737393946194
7,35,0,1,1,4,254.50093562039623
7,36,1,1,1,1,271.69703455759594
7,42,1,1,0,1,257.0303582095029
7,43,1,1,0,5,259.72806540917105
7,20,1,1,0,2,257.1668235316775
7,47,1,0,1,4,259.0770868673301
7,57,0,1,1,5,259.3278844909104
7,58,1,1,0,7,257.4362644072886
7,2,1,1,0,3,259.51959768694536
7,11,1,0,1,4,255.58887600588557
7,38,1,1,1,4,273.60771779797267
7,2,0,0,1,7,254.3692938331516
7,5,0,1,1,0,257.1609172851854
7,31,1,0,1,5,257.9486238587851
7,41,1,1,1,1,273.4224154912026
7,42,1,1,0,7,273.5292720279435
7,57,1,1,1,1,275.04084644298825
7,49,1,1,1,7,286.5730159752401
7,16,1,1,1,4,271.99399407185615
7,43,1,1,1,0,272.9638228796751
7,46,1,1,1,6,278.94389320544366
7,56,0,1,1,0,258.83751623167416
7,3,0,1,1,6,257.3940986476628
7,4,1,0,1,0,256.1583378428645
7,11,0,1,1,6,255.83256218651223
7,24,1,0,1,4,260.25107587192605
7,44,0,0,1,6,243.78797922900202
7,9,1,1,0,2,256.5938413395194
7,22,1,0,1,2,257.8202929576657
7,39,1,1,1,0,268.81183882750196
7,40,1,1,1,2,276.2592094312634
7,41,1,1,1,7,275.2720879720333
7,53,1,0,1,3,260.488073364458
7,12,1,1,1,4,270.27657566817527
7,13,1,1,1,0,270.42823854216704
7,14,1,1,1,1,274.5136865467791
7,5,1,1,1,6,271.0562437156059
7,10,1,0,1,5,262.3050481133505
7,14,1,1,1,6,275.40964576155073
7,54,1,1,0,3,260.5342295028416
7,1,0,1,1,1,255.9831796652535
7,5,1,0,1,6,266.3422089299244
7,6,1,0,1,5,259.7476488948899
7,18,0,1,1,6,259.44941524090285
7,19,0,0,1,0,243.4087403798993
7,21,1,1,1,2,273.2660151604827
7,23,1,1,1,1,272.4303951834621
7,24,1,1,1,4,273.91777323304717
7,36,1,1,1,6,274.19000258685946
7,57,1,0,1,4,256.9165571100565
7,2,1,0,1,4,256.9143090649527
7,24,0,0,1,6,240.81508703939465
7,27,0,1,1,0,259.2084990803386
7,35,1,0,1,4,257.44354809533803
7,37,0,0,1,1,240.64597930663746
7,48,1,0,0,1,240.87623707525233
7,3,1,0,1,7,262.99700873314447
7,44,0,0,1,5,245.27159498580863
10,0,0,1,0,3,258.34764426690725
9,12,1,1,1,3,275.104300441393
9,49,1,1,1,4,269.8129539434092
9,34,1,1,1,3,275.5657894039205
9,18,1,1,1,1,276.003651554016
9,6,1,1,1,7,289.7418545591614
9,25,1,1,1,3,271.0518742553225
9,24,1,1,1,1,274.33913816792835
9,17,1,1,1,7,288.5130333201599
9,23,0,1,1,1,257.27943100584605
9,20,1,1,1,4,278.50105927893117
9,24,1,0,1,1,258.0966412493534
8,42,1,0,1,5,256.8708645058225
8,5,1,1,1,6,289.24534531729233
8,3,1,1,1,4,277.3524807887867
8,52,1,0,1,5,261.1249282863133
8,29,1,0,1,4,261.58381023251565
8,35,1,1,1,4,276.30740013010126
8,40,1,1,1,1,279.48702342265807
8,28,1,1,1,2,278.46342839707916
8,54,1,1,1,2,278.2210783715471
8,16,1,1,1,6,277.2533884491808
8,34,1,1,1,0,270.33450453953446
8,20,1,1,1,5,279.0344511626251
8,43,1,0,1,2,264.0199587393934
8,50,1,1,1,1,273.43046567360227
7,9,1,1,1,1,273.43087988029606
7,16,0,1,1,5,259.0242884992702
7,42,1,1,1,7,286.68798209822717
7,59,0,1,1,7,267.79180021223135
7,43,0,1,1,2,261.8175998806454
7,51,1,0,1,2,259.4174118099312
7,52,1,0,1,6,257.84855255291535
7,53,0,0,1,1,242.80900649806404
7,18,1,0,1,7,264.74343243449937
7,27,1,1,1,2,272.76092435222495
7,28,1,0,1,4,257.97494214916463
7,29,1,0,1,4,256.7160964579703
7,22,1,1,1,2,270.44643947999486
7,57,0,1,1,6,258.7999912661601
7,11,1,1,1,3,278.29625804083804
7,17,1,1,1,3,281.1206503241596
7,26,1,0,1,4,256.258108287804
7,18,1,0,1,4,258.8594705091308
7,29,0,1,0,6,240.31223255458656
7,33,1,0,0,0,239.38992663600646
7,7,0,0,1,1,241.93038890956072
7,21,1,0,1,3,259.71301431223
7,30,0,1,1,4,256.04902887737023
7,32,0,1,1,2,255.07257853469002
7,50,1,0,1,7,257.68983781738785
7,43,0,1,1,0,257.34367278074006
7,49,0,1,1,6,257.7456737199494
7,50,1,0,1,5,257.8116437182856
7,58,1,1,0,0,256.6027256735284
7,37,1,0,0,5,240.50009081958206
7,53,1,1,1,6,280.2052168260516
7,54,1,1,1,0,270.9245512150594
7,58,1,0,1,3,259.448826281239
7,1,1,0,1,0,255.66668304106844
7,2,1,0,1,6,257.5141874923098
7,3,1,1,1,0,271.4838910399226
7,4,1,1,1,6,276.3814316661181
7,9,1,0,1,0,255.97625225911477
7,10,1,0,1,6,255.27405175642056
7,57,0,0,1,6,243.09493667036173
7,11,1,1,1,6,280.0679263260653
7,21,0,0,1,0,239.74492796294226
7,34,1,1,1,0,272.7812839024552
7,35,1,1,1,0,272.4161795149774
7,2,1,0,1,2,256.93570655078764
7,26,0,1,1,4,258.1995090809057
7,8,0,0,1,4,242.0886468017958
7,9,0,0,1,7,243.51525483552675
7,10,1,1,0,5,257.9072278620308
7,2,0,1,1,6,255.5919497594191
7,8,1,1,1,3,269.7858695054287
7,31,1,1,1,1,265.61674227785926
7,57,1,1,0,2,260.3814737686367
7,12,0,1,1,5,260.07867157427665
7,38,0,1,1,7,268.11060581899375
7,59,1,0,1,4,256.93088037993004
7,39,1,1,0,6,267.45868255817504
7,24,1,0,0,1,240.53082188624435
7,33,1,1,0,0,257.6772119713776
7,9,1,0,1,4,257.42265566960384
7,10,0,0,1,5,244.50876896200143
7,3,0,0,1,4,241.09334118181204
7,59,1,0,1,0,256.8711082355915
7,0,1,0,1,4,258.9275882046493
7,1,0,0,1,7,251.21365422937177
7,51,1,1,0,2,257.81670333383187
7,12,1,1,1,2,269.2598261955378
7,13,1,1,1,1,275.01872494445274
7,49,1,1,1,4,277.86732206549254
7,51,0,1,1,2,258.5768461026901
7,53,0,0,1,2,244.2083083275674
7,33,1,1,1,7,288.02354128234
7,51,1,1,0,1,258.2094965700775
10,0,0,0,1,1,93.32030723179066
9,30,1,1,1,5,272.7206257393897
9,5,1,1,1,1,276.3434204603308
9,37,1,1,1,5,276.0526981120166
9,7,1,1,1,7,297.31579690870774
9,8,1,1,1,7,287.1704955820302
9,5,1,1,1,7,287.98091258986284
8,13,1,1,1,6,283.7382392301642
8,24,1,1,1,3,277.01662549225773
8,30,1,1,1,2,277.48233518009715
8,33,1,0,1,4,258.8228387593926
8,35,1,0,1,3,263.87513924871877
8,55,1,0,1,7,275.9345832723555
8,10,1,1,1,1,279.67724674397755
8,1,1,1,1,1,278.63636493720475
7,5,1,0,1,5,257.32682229663345
7,33,1,0,1,1,258.7691504200825
7,37,1,1,1,7,271.9049200563512
7,45,0,0,1,0,243.63509401965263
7,46,0,0,1,0,245.67344384053047
7,47,1,1,1,6,273.4632597978692
7,25,1,1,1,6,274.82139839869046
7,26,1,1,1,6,275.03671448883887
7,14,1,0,1,7,269.7043069640038
7,54,1,0,1,0,258.62356033013236
7,7,1,1,1,3,272.93517995501406
7,17,0,1,1,3,262.3117223793372
7,32,1,0,1,3,265.87485268021254
7,34,1,1,1,1,271.890604624739
7,41,1,1,0,0,258.4425448190562
7,17,1,0,1,2,259.9424683631248
7,32,1,1,1,1,271.3320656855955
7,45,1,0,1,4,262.43762296456794
7,46,1,0,1,1,258.54297963272944
7,38,1,0,0,7,249.99869466476892
7,6,1,0,1,3,259.2305053837263
7,42,1,1,1,0,272.36968348277134
7,44,1,1,1,1,274.75266162244446
7,45,1,1,1,4,274.2492797716265
7,38,1,1,1,5,274.2828226385195
7,4,1,1,1,7,269.80357575309336
7,42,0,0,1,7,253.65745339515627
7,15,1,1,1,4,271.05526911468246
7,22,1,1,0,3,256.5480869269517
7,41,1,0,1,7,270.69752234641226
7,32,1,0,0,6,240.67939909408784
7,41,1,0,1,2,262.1521472491626
7,42,1,0,1,7,274.8035641523858
7,32,1,1,0,1,257.2417350410809
7,33,1,1,1,0,267.084766236685
7,41,1,0,1,3,261.7130396228551
7,8,0,1,1,3,257.24721089535035
7,21,0,0,1,6,239.5896675320202
7,22,0,0,1,0,242.4967662699238
7,35,1,0,1,1,257.73262335612054
7,38,1,0,1,6,261.6998094026317
7,40,1,1,1,7,274.3595901579006
7,12,1,1,1,0,270.00306129075375
7,13,1,1,1,6,282.7122042115608
7,14,1,1,1,4,274.84683357963115
7,15,1,1,1,5,275.1734329430227
7,6,1,1,0,7,265.6699222588102
7,33,1,1,1,4,275.9095159798492
7,56,0,0,1,0,240.43591760383032
7,37,0,1,1,3,255.2672653794106
7,5,0,1,1,2,258.43052555291484
7,15,1,0,1,7,269.36554289029795
7,54,1,0,1,2,260.08533362526174
7,55,1,1,1,5,274.78405039142984
7,0,1,0,1,5,259.88863731649263
7,6,1,1,1,1,273.7283125590411
7,8,1,1,1,2,269.59653644582727
7,9,1,1,1,3,272.90056284717497
7,20,1,0,1,6,257.2658763591335
7,39,1,0,1,7,272.9983249382156
10,0,0,0,1,2,166.323683783546
9,26,1,0,1,2,258.2871135372397
9,36,1,1,1,6,275.9705947996781
9,4,1,0,1,3,262.62801077171173
9,43,1,1,1,2,276.179788229728
9,8,1,1,1,4,275.61178309946996
8,14,1,1,1,5,274.0977339152998
8,32,1,1,1,6,284.08440245741883
7,49,0,0,1,1,244.16139563083962
7,1,1,1,1,4,275.123803937797
7,17,1,0,1,0,256.564161051062
7,45,1,0,1,1,259.1413306672456
7,50,0,0,1,5,244.85471910062773
7,36,0,1,1,0,252.43645212078312
7,50,0,0,1,0,243.3213315767824
7,56,1,0,1,7,269.3335909305957
7,59,0,1,1,3,258.1487873816252
7,0,0,0,1,7,250.9473804197902
7,11,1,1,0,0,256.754514057632
7,22,1,1,1,7,276.6734064385718
7,31,1,1,1,0,262.5506517001238
7,40,0,1,1,7,264.756182828457
7,15,0,0,1,6,245.07270720407575
7,30,1,0,1,2,258.97987992773
7,37,1,0,1,4,256.83707392024996
7,57,0,1,1,3,260.95416522283847
7,10,0,1,1,0,254.3539288156842
7,19,1,1,1,7,282.86214158716245
7,44,1,0,1,0,258.44224196448135
7,45,1,0,1,0,256.4265044402877
7,3,0,0,1,2,241.499934254565
7,26,1,1,1,7,282.4552598432972
7,30,0,1,1,3,256.56469769226226
7,19,1,0,1,1,259.6575886207309
7,32,1,1,1,6,273.5371371827131
7,43,1,0,1,7,273.313608107337
7,56,1,1,1,4,274.6653060235718
7,11,0,1,1,0,256.16311266485707
7,12,0,1,1,3,259.2460703942977
7,48,1,0,1,5,259.50311237424773
7,22,1,1,1,4,270.37062688320793
7,36,1,0,1,4,258.97793605292986
7,35,1,0,1,3,257.1769254080552
7,44,1,0,1,7,277.36807045803545
7,52,1,0,1,2,258.28987436538847
7,23,1,0,1,7,260.0147271153392
7,49,1,0,1,5,260.68351550561164
10,0,1,0,1,2,144.39036771954366
8,36,1,1,1,3,273.7378234347138
8,23,1,0,1,4,261.10231324824207
8,8,1,1,1,1,279.37849484965506
8,16,1,0,1,1,262.0428845727949
7,24,0,1,1,5,253.6431976242311
7,48,0,1,1,7,269.5957981177151
7,54,1,0,1,6,260.1500736139222
7,58,0,1,1,6,259.2359786280043
7,31,1,1,1,5,271.10769319127456
7,51,1,1,1,7,284.2462849584668
7,44,0,0,1,1,243.27594786763888
7,50,0,0,1,7,250.87419714525376
7,58,1,1,1,0,274.02972338638165
7,59,1,1,1,5,275.779755845498
7,21,1,0,1,7,272.96738664609063
7,26,1,0,1,5,256.3003247465896
7,59,1,0,1,5,256.9882877891056
7,3,1,0,1,4,255.17779935484774
7,48,1,0,1,6,259.47096593764473
7,21,1,0,1,5,261.851702037472
7,11,1,1,0,3,256.38238757416013
7,30,0,1,1,7,268.4868366774635
7,39,1,1,1,6,273.2080672403106
7,19,1,1,1,1,274.3854130199315
7,22,1,1,1,1,270.44833107950393
7,55,1,0,1,4,263.03564601224537
7,57,1,0,1,7,270.6843085833294
7,4,0,1,1,2,254.10059365850464
7,7,1,1,1,6,272.8223343468505
7,26,1,1,1,5,274.5629930602321
7,13,1,1,1,5,274.3424140536272
7,27,1,1,1,5,272.6185910862405
7,28,0,1,1,6,257.66762502224947
7,8,0,0,1,3,241.86116185869048
7,40,1,1,1,0,269.06896478673576
7,44,1,0,1,2,259.7617500694393
7,45,1,1,1,2,276.55799565201113
7,46,1,1,1,1,272.6004292356929
7,15,1,0,1,0,258.64662828449656
7,16,1,0,1,4,258.98499671369456
7,53,1,1,1,0,272.42497164549934
7,54,1,1,1,5,274.16252459998
7,16,1,1,1,1,273.06086432792057
7,35,1,1,1,6,277.5961968080726
7,36,1,1,1,5,274.9662559946697
7,57,0,1,1,2,260.6284422971507
10,0,1,1,0,1,56.52899682231599
9,57,1,0,1,7,274.6011929406659
9,57,1,1,1,7,291.5446471958963
9,45,1,1,1,4,275.14221498327794
9,46,1,1,1,4,274.2188100497909
9,46,1,1,1,7,288.05555232762936
8,9,1,1,1,5,284.6328167243351
8,55,1,1,1,7,278.1114989268145
7,29,1,1,1,7,279.75570156483536
7,52,0,1,1,1,258.3188007146521
7,20,1,1,1,4,276.046106605041
7,28,1,1,1,3,273.12913916995876
7,27,1,0,1,1,260.2261994101421
7,40,0,1,1,2,257.9598205871772
7,4,0,0,1,4,240.25729975290008
7,5,1,0,1,2,257.44768470034876
7,7,1,1,1,1,270.43468980920545
7,26,1,0,1,0,256.34357620273363
7,27,1,0,1,4,259.59343806926427
7,38,1,1,1,6,274.1378783704436
7,48,0,0,1,6,243.28725559956797
7,49,1,0,1,2,258.4073133048875
7,50,1,0,1,3,258.1357340988825
7,0,0,1,1,0,255.5875080363851
7,1,0,1,1,0,254.8099462726733
7,20,1,1,1,1,276.03819070307486
7,55,1,0,1,2,259.3776931091588
7,20,0,1,1,4,257.08351534724113
7,23,1,1,1,3,272.35135217016426
7,53,0,1,1,4,262.2877890679189
7,55,1,1,1,7,288.604364564245
7,0,1,1,1,5,273.17705281843854
7,4,1,0,1,7,264.29158068164764
7,18,1,0,1,6,259.1415835511782
7,54,1,1,1,4,273.9865586909962
7,55,1,1,1,3,275.1007471379609
7,54,1,1,1,1,275.54431942299306
7,56,1,1,1,1,275.5226577561944
7,47,1,1,0,6,261.1719857003544
7,30,1,1,1,0,270.75889408567633
7,41,1,0,1,6,262.320382458936
7,45,1,0,1,3,261.3337900180077
7,0,0,1,1,6,258.20157258367465
7,2,0,1,1,2,256.33142459445463
7,53,1,0,1,5,268.7369107879191
7,0,1,1,1,6,280.15325094747845
7,1,0,0,1,1,241.51395154634133
7,26,1,0,1,7,267.06365002078974
10,0,0,0,0,4,167.01530227346151
8,14,1,0,1,5,265.8185777513152
7,34,1,0,1,6,259.3312068194892
7,43,1,0,1,4,262.79048559810775
7,50,1,0,1,1,257.216014555688
7,5,1,0,1,3,257.0844776974474
7,35,0,1,1,1,254.83044980721655
7,19,1,0,1,0,257.0426517830726
7,56,1,1,1,5,275.9093846864436
7,55,0,1,1,1,256.60104240171233
7,2,0,1,1,4,255.59243504208314
7,33,1,1,1,5,274.61427281587385
7,41,0,1,1,0,256.64541306253784
7,46,1,1,1,0,268.3408603222245
7,47,1,1,1,3,273.49986242158366
7,55,0,0,1,4,245.7358109123815
7,21,0,1,1,5,259.0084908157633
7,25,1,1,1,3,272.54087257714116
7,7,1,1,1,4,272.76841244822606
7,8,0,1,1,0,257.5393560298196
7,39,1,0,1,4,261.37161815628986
7,32,1,0,1,2,259.7967559382487
7,1,1,1,1,3,276.5817940613761
7,49,1,0,1,6,259.9263604374591
7,5,1,1,0,3,255.48398726496325
10,0,0,1,0,0,82.67824190822293
10,1,0,1,0,5,34.21970142745397
9,38,1,1,1,3,272.64184018223114
9,26,1,0,1,4,258.364206223624
9,27,1,1,1,1,276.138041219687
8,8,1,0,1,2,262.9567256829968
7,50,0,1,1,2,257.5573886723892
7,52,1,0,1,0,258.43019631555757
7,53,1,0,1,7,261.82769916120003
7,10,1,1,1,6,275.70352392635186
7,9,1,1,0,0,255.6184225007773
7,12,1,0,1,4,259.5343767520445
7,22,0,1,1,3,254.10451386596228
7,30,1,0,1,0,255.9348605761062
7,31,1,0,1,6,263.1119891046615
7,32,1,0,1,6,259.9737840190567
7,35,1,0,1,2,257.78082144332257
7,43,1,0,1,3,262.6995236551384
7,50,0,1,1,4,257.13666286213623
7,17,1,1,1,4,271.3991004339232
7,24,1,1,1,2,272.9766182903212
7,16,1,0,1,1,259.0225748475346
7,56,1,1,1,7,288.53715928837005
7,26,1,0,1,2,256.0982009117156
7,44,1,0,1,4,259.9664103385206
7,3,1,0,1,0,254.45338534011307
7,24,1,0,1,0,255.08939507802248
7,3,0,1,1,7,273.0747443183604
7,13,0,1,1,3,257.79642969426067
9,3,1,0,1,5,260.83093548124475
9,36,1,0,1,1,256.67300324490543
8,44,1,1,1,1,273.87232767011557
7,2,1,1,1,2,269.50629135573627
7,47,1,0,1,5,259.1216723952791
7,3,1,1,1,2,274.4921607301927
7,59,1,1,1,4,274.1255841368983
7,1,1,1,1,1,272.377190106957
7,37,1,0,1,3,258.8919426161942
7,49,0,1,1,2,256.7468488093622
7,35,1,1,1,2,277.35799621185083
7,36,1,1,1,2,274.0835481623112
7,14,1,0,1,5,261.9988835920594
7,25,1,0,1,0,255.39105214375738
7,44,0,1,1,5,259.5691446285419
7,6,0,1,1,2,256.54439822239704
7,33,0,0,1,0,242.425809644534
7,45,1,1,1,6,277.2459992506315
7,22,1,0,1,3,258.403221612362
7,18,1,0,1,1,258.8630036134042
7,44,1,1,1,4,275.80886394921
7,46,1,1,1,7,275.9347587091303
7,9,1,1,1,2,273.31570388197406
7,10,1,1,1,1,271.41798963537246
10,0,1,0,0,5,97.069182769597
9,39,1,1,1,1,274.5431572962315
9,44,1,1,1,2,272.4949755516502
7,8,0,1,1,7,266.5722434759772
7,55,1,1,1,4,273.54882349560944
7,51,1,1,1,3,274.8659666512428
7,2,1,0,1,5,256.9950059929233
7,15,1,0,1,3,258.86137399996517
7,42,1,1,1,1,272.39061950009557
7,40,1,1,1,4,273.11173253098053
7,35,1,0,1,6,257.18995060588713
7,16,0,1,1,7,263.80793745426183
7,59,1,1,1,2,275.51260388714195
7,10,1,0,1,3,255.0626856437922
7,56,1,0,1,1,258.33382315286184
7,58,1,1,1,6,275.7034752827136
7,48,1,0,1,4,260.26903122642346
7,16,1,0,1,7,267.99059785904046
7,17,0,1,1,0,257.835951422482
7,25,1,0,1,3,256.6953096267912
7,28,1,1,0,3,260.85528926775754
7,32,1,1,1,0,269.6216073590326
7,33,1,1,1,3,275.38195642326104
7,3,1,0,1,5,255.31753041064513
7,20,0,1,1,2,257.4796476207706
9,52,1,1,1,5,270.1302970013463
9,29,1,1,1,6,273.62703116221024
9,6,1,1,1,4,273.38574345383506
7,11,1,1,1,2,275.6434809423074
7,23,1,1,1,2,271.9376970148521
7,34,1,0,1,4,259.10298917555247
7,22,1,0,1,1,258.2558049245037
7,17,1,1,1,5,273.5418515718127
7,43,1,1,1,3,273.4182843877116
7,44,1,1,0,1,260.04155168337365
7,24,0,1,1,0,254.00791486204852
7,4,0,1,1,5,254.15648901740113
7,39,1,1,1,4,271.3540741937659
7,41,1,1,1,3,275.6779109251513
7,36,1,0,1,3,260.73874758231227
7,12,1,0,1,1,259.89774348958707
7,24,1,1,1,1,274.0977922824764
7,16,0,1,1,1,259.10073786522145
7,19,1,1,1,2,275.25856917001073
7,11,0,1,1,5,256.0298286737044
7,21,1,0,1,0,259.948017775144
7,22,1,0,1,5,264.40535785646017
7,39,1,0,1,1,261.40179678317935
7,6,1,0,1,6,259.23849292589665
7,16,1,0,1,6,259.1331449599912
7,26,0,1,1,5,257.88171585339524
7,35,1,1,1,1,276.17640698355285
7,36,1,1,1,7,280.14404159271055
7,48,1,1,1,7,286.3758960244471
7,19,1,0,1,3,260.79395557544575
7,1,0,0,1,3,241.08800032434476
7,37,1,0,1,0,258.7449815078076
7,55,1,0,1,7,273.517952443334
7,5,0,1,1,3,258.600371493732
10,0,0,0,1,7,187.2474383353512
9,25,1,1,1,7,282.7777906111785
7,9,1,1,1,0,271.9162867114239
7,10,1,1,1,3,276.4154440447477
7,33,1,0,1,5,263.10051184072677
7,52,1,1,1,5,280.58262163308086
7,27,1,0,1,3,260.23726002178665
7,45,1,1,1,5,275.8874468869702
7,32,0,1,1,1,256.5343892104499
7,26,0,1,1,3,266.27458841613225
7,48,0,1,1,4,257.1289526978522
7,12,0,1,1,7,270.93021858679947
7,41,1,0,1,5,262.4947177525236
7,8,1,1,1,1,269.3157289940746
7,14,1,1,1,5,275.00684743776355
7,20,1,1,1,2,276.0405550824346
7,53,1,0,1,1,258.9096746926007
7,15,1,0,1,2,258.71814216694827
7,21,1,1,1,3,273.8467482047452
7,1,1,1,1,6,276.7750707548146
7,3,1,1,1,5,275.92209371832337
7,21,1,1,1,0,267.48010571779287
7,18,0,1,1,0,255.49501347093928
7,20,1,1,1,3,275.44146731203756
7,19,0,1,1,3,257.9301724593998
7,29,1,1,1,3,272.5419184682996
7,22,1,1,1,5,269.67901400259564
7,29,1,0,1,1,256.40826420379693
7,43,1,1,1,2,277.07658086482746
7,55,0,1,1,4,259.88885371453927
7,29,0,1,1,0,256.2082669515206
7,58,1,1,1,4,276.5749829841109
7,21,1,0,1,4,261.3108360128972
7,9,1,1,1,4,274.38771956168057
7,12,1,1,1,3,270.29195897460016
7,56,1,0,1,2,258.7761459034617
7,24,1,0,1,7,268.5280523276836
7,47,1,1,1,2,273.0456505892982
7,34,1,1,0,1,256.0879613744766
7,50,1,1,1,1,276.008971335175
7,51,1,1,1,1,273.15512653175017
10,0,1,0,1,4,263.4464697878969
9,59,1,1,1,1,271.41388167109676
7,41,1,1,1,2,280.1318900326513
7,47,1,1,1,0,267.3111007987994
7,48,1,1,1,4,265.8027248237823
7,52,1,1,1,3,274.6077729731165
7,7,1,1,1,2,272.8482910458138
7,53,1,0,1,6,260.6603109912013
7,51,1,1,1,0,270.04148914844734
7,9,1,1,1,7,283.9949098006621
7,19,1,1,1,3,274.63457665250894
7,29,1,0,1,7,267.0305051590302
7,34,1,0,1,7,259.8427985644038
7,44,1,0,1,1,258.791228127419
7,12,1,0,1,5,259.89143676335004
7,41,1,1,1,4,272.21669634429827
7,42,1,1,1,6,280.0831778648447
7,17,1,0,1,3,260.2416602001744
7,7,1,0,1,0,254.42881369190485
7,26,1,1,1,2,273.78327771008077
7,29,1,0,1,0,255.95926071267553
7,34,0,0,1,0,239.73216712363765
7,26,0,1,1,6,258.6914075324261
7,3,1,1,1,3,275.9209962008799
7,37,1,1,1,5,272.2255593119279
7,14,1,0,1,4,261.84587924636867
7,25,1,1,1,2,272.08866506394503
7,29,1,1,1,5,271.4807601329294
7,42,1,1,1,3,279.3908237443024
7,13,1,0,1,6,261.94928370835504
10,0,0,0,0,3,196.37334607861533
7,1,1,1,1,5,277.018653497254
7,20,1,1,1,0,273.8294302444451
7,47,1,1,1,7,283.1809813883441
7,51,1,1,1,4,275.0658223424757
7,8,1,1,1,5,270.88120774736643
7,48,1,1,1,5,273.82156597172394
7,23,1,0,1,3,260.01241248743634
7,35,1,1,1,4,276.5887719778505
7,45,1,0,1,6,262.34627081370104
7,34,1,1,1,4,271.0894028905691
7,5,1,0,1,0,256.4016669475539
7,10,1,0,1,7,255.41791280725218
7,45,1,1,1,3,273.48312591997336
7,13,1,0,1,2,262.82201804659604
7,10,1,1,1,0,272.6392449119587
7,16,1,0,1,2,259.11939441500533
7,26,1,0,1,1,255.9749506212233
7,32,1,1,1,2,269.1970443803267
7,53,1,1,1,2,275.84453881593356
7,30,1,1,1,3,277.4357310464505
7,55,1,1,1,1,274.34965072565154
7,14,1,1,1,2,273.5296198741944
7,6,1,0,1,7,267.6478080279358
7,57,1,1,1,5,279.20899364309656
7,7,0,1,1,7,255.5164496117885
7,42,0,1,1,1,259.26378103895945
7,58,1,0,1,2,259.55233201616625
7,0,1,0,1,2,257.9101966600482
7,1,1,1,1,2,272.3788214526917
7,2,1,1,1,4,270.11139628548267
7,3,1,1,1,4,275.2744976284056
7,6,1,1,1,5,275.7690943231304
10,0,1,0,0,0,23.150019926041118
10,1,1,0,0,0,0.0
10,2,1,0,0,1,6.7688603431261605
7,56,1,0,1,4,258.8671822087785
7,40,1,1,1,6,274.60692532586324
7,15,1,1,1,2,276.57538967740084
7,21,1,1,1,4,273.16660244571233
7,28,1,1,1,2,272.93120266036806
7,46,1,1,1,3,276.1399593709556
7,42,1,0,1,6,264.6346666693304
7,47,1,1,1,1,273.61800492442876
7,15,1,0,1,5,259.4726016602953
7,39,0,1,1,7,263.51199762434845
7,25,1,0,1,6,257.30628782566134
7,11,1,0,1,0,256.24584323674225
7,25,1,1,1,0,270.64825598540153
7,43,1,1,1,6,283.0603669654484
7,49,1,1,1,5,278.5556069264588
7,18,1,0,1,3,258.14931104920186
7,2,1,1,0,1,255.55671363962296
7,51,1,1,1,5,274.751225472005
10,0,0,0,1,0,37.291148498849175
10,1,0,0,1,2,102.25905172002331
7,20,1,1,1,7,276.4524149700554
7,33,1,0,1,4,258.63688002219396
7,38,1,1,1,7,273.6714724777457
7,27,1,0,1,2,258.9566456686729
7,8,1,1,1,4,269.5882742851509
7,47,0,1,1,7,274.5559572350842
7,6,1,0,1,0,259.19837886878895
7,59,1,1,1,7,283.60904999893967
7,50,1,1,1,0,272.97629800908175
7,2,1,1,1,3,276.1816547962933
7,3,1,1,1,6,275.75465480841314
7,23,1,0,1,5,266.3459388052302
7,27,1,1,1,0,272.0993435907397
7,14,1,1,1,7,287.46400092281243
7,53,1,1,1,7,289.9785711534091
7,8,1,1,1,0,269.1606096611338
7,10,1,1,1,2,275.76223784431426
7,31,1,0,1,4,257.845319683413
7,6,1,1,1,0,265.61205801319625
7,13,1,1,1,3,274.54799874313125
10,0,1,1,0,6,265.9283314521077
7,16,1,1,1,0,266.15318046614703
7,53,1,1,1,5,279.4184768244664
7,50,1,1,1,6,277.25236970771573
7,4,1,0,1,6,257.07469262662045
10,0,0,0,0,0,54.35842520297021
10,1,0,0,0,2,146.79091116633364
7,57,1,1,1,4,275.46046271493174
7,24,1,1,1,0,266.19250167581106
7,19,1,1,1,0,273.8790583165145
7,31,1,1,1,6,275.0149528312703
7,13,1,0,1,4,261.89693433500184
10,1,0,1,0,0,0.0
10,2,0,1,0,0,0.0
10,3,0,1,0,7,8.80154500040593
7,46,1,1,1,4,276.3024682600632
7,29,1,0,1,5,255.78278492078874
7,2,1,0,1,1,257.4328410150659
10,0,0,1,0,2,167.24696925592244
7,27,1,1,1,1,272.38734907670573
7,47,1,1,1,5,273.49587752908064
7,0,1,1,1,7,273.3434061287604
7,4,1,0,1,2,257.08398187207166
10,0,1,0,0,4,143.7772351520258
7,58,1,1,1,5,276.2364010077929
7,31,0,1,1,6,261.77592674909744
7,15,1,0,1,1,258.82342457187525
7,5,0,1,1,5,258.4207756484435
7,19,1,1,1,5,275.26099168962537
10,0,0,0,0,1,163.61061314681723
7,10,1,0,1,0,253.01823581045537
7,33,1,0,1,6,258.3085810289234
7,19,0,1,1,1,256.6054528147718
10,0,0,0,1,6,254.88989329098982
7,52,1,1,1,0,271.19250572936124
7,4,1,1,1,4,266.6028864213694
10,1,0,0,1,3,25.96589665193077
7,52,1,1,1,2,274.809540922157
7,33,1,0,1,2,258.5987972461518
7,49,1,1,1,2,277.27756932646804
7,18,1,1,1,0,269.595702285984
7,34,1,1,1,6,272.896630397195
7,36,0,1,1,2,256.80004110752685
7,32,1,0,1,0,257.86873340804357
7,25,1,0,1,2,256.4181070582041
7,0,1,0,1,7,268.9525955706622
10,0,1,0,0,6,274.6693873682185
7,18,0,1,1,4,259.17287820961917
7,52,1,1,1,1,273.5964464769149
10,0,0,1,0,6,209.78660453068892
7,2,1,1,1,5,270.0275885580314
7,35,1,0,1,5,264.51795506661205
10,0,1,0,1,0,12.575949236890416
10,1,1,0,1,7,12.753819684651951
10,0,1,1,0,0,16.218501966414216
10,1,1,1,0,2,77.27748545951516
7,25,1,1,1,7,272.97615441755875
7,0,1,0,1,6,259.5737997565435
7,0,1,1,1,0,272.3194924024241
7,23,1,1,1,7,280.47464657867044
10,0,1,1,0,5,152.48014366755115
7,25,1,0,1,7,265.1373708383102
10,0,0,0,1,5,170.64068751576187
7,46,1,1,1,5,275.7857909654774
10,1,0,1,0,7,173.2373292687914
10,0,1,0,1,1,111.3247081345821
7,54,1,1,1,6,277.5122222149264
10,0,0,1,0,4,236.48004648426237
10,1,1,0,0,1,93.6818384548369
10,1,1,0,1,4,87.81320868000006
10,2,0,1,0,4,18.71662868736944
10,0,1,0,0,3,146.14569362492995
10,0,0,0,0,7,195.79257629616765
10,0,1,1,0,3,85.66582313383452
10,1,0,0,0,0,0.0
10,2,0,0,0,6,21.880210089565182
10,1,1,1,0,1,23.747130912256807
10,1,0,1,0,1,23.546800790269486
10,0,1,1,0,7,70.68560142584882
6,35,0,1,0,7,216.6295970370398
6,36,0,1,0,1,216.54577350991687
6,37,0,1,1,0,228.66064600161855
6,38,0,1,1,3,234.54627807764348
6,39,0,1,0,2,217.87655193690995
6,40,0,1,0,6,219.3170191699246
6,41,0,0,0,5,203.8913553020615
6,42,1,0,0,3,215.33185530590208
6,43,1,0,0,0,217.50877454191152
6,44,1,0,0,0,215.54100989017098
6,45,1,0,0,5,219.57746755722977
6,46,1,0,0,4,217.50156593277893
6,47,0,0,0,0,201.43744275057327
6,48,0,0,0,1,203.61062074759977
6,49,0,0,0,6,198.82183368951863
6,50,1,0,0,6,217.83086445067897
6,51,0,1,0,6,217.62508682406184
6,52,0,1,0,6,216.191046109852
6,53,0,1,0,0,216.85848975892574
6,54,0,1,0,1,216.6545194274821
6,55,0,1,0,2,218.73789431341766
6,56,0,1,0,5,218.57920579080647
6,57,0,1,0,3,221.20418603395555
6,58,0,0,0,5,207.51280917684934
6,59,0,0,0,1,202.50462945439222
10,1,1,0,0,3,24.82132153216983
6,47,0,1,0,6,221.9085743775625
6,48,0,1,0,6,217.07559263440564
6,49,0,0,0,7,215.5743380626554
6,50,0,1,0,3,222.04039655138453
6,51,0,1,1,3,236.97043561218965
6,52,0,0,0,0,201.54946969727524
6,53,0,0,0,5,206.1526147777653
6,54,0,0,0,3,203.60505882061022
6,55,0,1,0,5,216.97645067467283
6,56,0,1,0,0,218.59559976755628
6,58,0,0,0,0,200.75713895645637
6,59,0,0,0,7,214.87430398241813
6,33,1,0,0,2,219.37352919100917
6,34,1,1,0,6,229.3665637556517
6,35,0,0,0,5,203.44810629817087
6,36,0,0,1,7,218.17274920028004
6,37,0,1,0,3,218.99841740384497
6,38,0,0,0,0,199.8277212166099
6,39,0,0,0,4,202.26982743548706
6,40,0,0,0,0,201.64242258175688
6,41,0,0,0,2,202.8097217052705
6,42,0,0,0,6,213.87427044469283
6,43,0,1,0,6,216.50894753763646
6,44,0,0,0,0,201.72787475922257
6,45,0,0,0,0,199.53454149622485
6,46,0,0,0,0,200.9155394249108
6,48,0,0,0,0,202.32226565838175
6,49,0,0,0,0,202.0173464683044
6,50,0,0,0,0,203.83751263717352
6,51,0,0,0,0,202.68097671441348
6,52,0,0,0,3,205.59585934383693
6,53,0,0,0,0,202.6961573409459
6,55,0,1,1,4,235.30507562178863
6,56,0,1,1,0,233.00706035279563
6,57,0,1,1,0,230.59959917583717
6,58,0,1,1,1,233.2094131151958
6,59,0,1,0,1,215.18848775145347
6,44,0,0,0,4,205.42956407784706
6,45,1,0,0,2,218.3665550394887
6,46,1,0,0,0,213.62672776492067
6,47,1,0,0,0,215.09019027172428
6,48,1,0,0,0,215.4344055909323
6,49,1,0,0,3,218.30844111054813
6,50,1,1,0,0,232.62512474664936
6,51,1,1,0,5,237.60366606528433
6,52,0,1,0,3,218.41437682588702
6,53,0,0,0,7,218.344679686732
6,54,0,0,0,4,203.10530179698495
6,55,0,0,0,6,199.90541835086975
6,56,0,0,0,0,203.0769483511655
6,57,0,0,0,0,203.0974088294921
6,59,0,0,0,6,205.67678741889887
6,30,1,0,0,7,233.41775808094852
6,31,0,1,0,3,221.88342465494102
6,32,0,0,0,1,202.43558839409107
6,33,0,0,1,1,217.9435947199626
6,34,0,0,0,0,202.22546892578168
6,35,0,0,0,0,201.78319098333478
6,36,0,0,0,2,204.6410223989113
6,38,0,1,0,2,218.60640148691
6,39,0,0,0,6,202.3149835250362
6,41,0,0,0,0,200.8501897694386
6,42,0,0,0,0,202.0896731137612
6,43,0,0,0,0,203.42763637731994
6,46,0,0,0,4,202.41677854732166
6,47,0,0,0,6,207.58452131837782
6,48,1,1,0,0,228.9870860137389
6,49,1,1,0,7,250.28262601748338
6,50,1,1,0,4,234.25647636936418
6,52,0,0,0,2,203.32965699455005
6,54,0,1,0,0,216.05212985651326
6,55,0,1,0,4,219.5968236392164
6,56,0,1,0,1,218.42360098766773
6,57,0,1,0,6,223.90831838724506
6,58,0,0,0,6,203.97943515706712
6,59,0,0,0,0,199.41649494853573
6,37,0,0,0,0,200.0835380029647
6,39,0,0,0,0,201.49978942523
6,41,0,0,0,4,204.01845482579785
6,42,0,0,0,2,205.32849043459373
6,43,0,0,0,1,203.58311354603327
6,47,0,0,0,4,202.10071515060838
6,48,0,0,0,6,206.9940278556201
6,50,0,0,0,2,208.29183676221712
6,55,0,0,0,0,202.7640841399021
6,57,0,0,0,4,204.80548812668425
6,10,0,0,0,3,201.72492709769537
6,11,0,1,0,0,215.47217586830456
6,12,0,1,0,2,217.12875624868946
6,13,0,0,0,2,205.29639629427342
6,14,0,1,0,2,219.49504029566396
6,15,0,1,0,1,218.73760647335556
6,16,0,1,0,0,216.10069822780065
6,17,0,1,0,0,215.3491999103689
6,18,0,1,0,0,215.3562616588396
6,19,0,1,0,4,217.84211855185353
6,20,0,1,0,0,216.04040988893524
6,21,0,1,0,3,218.8280193154597
6,22,0,1,1,4,231.4851900565796
6,23,0,1,1,4,233.01042621710562
6,24,0,1,1,4,232.65660284265638
6,25,1,1,1,3,244.50497936516777
6,26,1,1,0,0,232.83577796128563
6,27,1,1,0,0,230.4206368492792
6,28,1,1,0,2,231.89653193603695
6,29,1,0,0,0,216.43619112902246
6,30,1,0,0,3,220.34527133358534
6,31,1,0,1,0,231.7076334457414
6,32,1,0,1,0,230.0704961029161
6,33,1,0,1,6,237.3047476539039
6,34,0,0,1,7,219.35617438003564
6,36,0,1,0,2,218.75371762054638
6,37,0,0,0,4,200.1883057257375
6,38,0,0,0,1,201.29970774695937
6,40,0,0,0,7,219.40533778250662
6,41,0,0,0,3,200.40379487436883
6,42,0,0,0,3,203.82081603361823
6,44,0,0,0,5,207.20030663233447
6,46,0,0,0,6,206.70274898093464
6,50,0,0,1,0,216.84248986828723
6,51,0,0,1,7,229.06005647516872
6,52,0,1,1,3,239.07998894588826
6,54,1,0,0,0,216.17147652536494
6,55,1,0,0,3,219.69963186845047
6,56,1,0,0,0,218.78652619333292
6,57,1,0,0,2,218.43485516193354
6,58,1,0,0,7,229.0298637250596
6,59,0,0,1,0,212.65740583299095
6,9,1,0,1,0,225.7746687354011
6,10,1,0,1,4,232.40569693741767
6,11,1,0,1,0,217.36347538509102
6,12,1,0,1,0,207.65239183497735
6,13,1,0,1,4,226.94105190956606
6,14,0,0,1,3,225.76955995640196
6,15,0,0,0,0,197.7771538964337
6,16,0,0,0,2,203.34626607146737
6,17,0,0,0,0,200.87949832027704
6,18,0,0,0,0,200.25947759672684
6,19,0,0,0,7,218.55705037976517
6,20,0,0,0,0,199.0505678001132
6,21,0,0,0,1,201.1797521044175
6,22,0,0,0,0,200.04596616484662
6,23,0,0,0,1,203.37817881196543
6,24,0,0,0,0,201.19340917499468
6,25,0,0,0,0,202.96041079978744
6,26,0,0,0,7,215.2867848306946
6,27,0,0,0,0,202.8301803165374
6,28,0,0,0,3,203.38654133859833
6,29,0,1,0,0,212.91925929857064
6,30,0,1,0,2,216.86025685324586
6,32,0,0,0,0,201.32707139261888
6,33,0,0,0,0,202.45691345898425
6,34,0,0,0,4,204.6987303979886
6,35,0,0,0,2,202.31997525477004
6,40,0,0,0,4,202.63816785706805
6,42,0,0,0,7,203.96142799408528
6,43,0,1,1,4,231.24831541169192
6,44,1,1,1,0,235.54585632618554
6,45,1,1,1,0,222.70370523795066
6,46,1,1,1,0,201.58491314250833
6,47,1,1,1,2,219.58954469954676
6,48,1,1,1,2,246.84660960230752
6,49,1,0,1,7,231.43845618205188
6,51,0,0,0,7,220.71730984853536
6,52,1,0,0,2,218.18478909611852
6,53,1,0,0,5,220.0852782243097
6,54,1,0,0,1,218.34062903177298
6,55,1,0,0,5,219.8471069099314
6,57,0,0,0,5,214.26492669909422
6,58,0,0,0,3,204.00105698564633
6,59,0,1,0,7,227.12149106553227
6,6,0,0,0,0,201.08701897466779
6,7,0,0,0,3,210.25505262543112
6,8,0,1,0,0,216.2899831041134
6,9,0,1,0,7,218.39205575680876
6,10,0,0,1,2,216.30456852483357
6,11,0,0,1,2,216.04628370995457
6,12,0,1,1,0,227.41307036192902
6,13,0,1,1,7,229.51800982388232
6,14,0,1,1,0,230.7533924684326
6,15,0,1,1,0,231.08496450273796
6,16,0,1,1,1,232.52424322382558
6,17,0,1,0,2,217.07739240318193
6,19,0,0,0,0,199.85449703832447
6,20,0,0,0,7,201.74529445354062
6,21,0,1,1,0,228.56185056582842
6,23,0,1,1,0,231.6606286367002
6,24,0,1,1,0,232.92998191545223
6,25,0,1,1,0,232.56526179057195
6,26,0,1,1,0,221.54970155391703
6,27,0,1,1,1,231.0631361334874
6,28,0,1,0,6,222.32378533106396
6,29,1,1,0,1,229.69250359535886
6,30,1,1,0,0,228.6601011445561
6,31,1,1,0,5,232.5302162912066
6,32,0,1,1,0,231.56726243352392
6,33,0,1,1,1,233.69177451638538
6,34,0,1,0,0,216.65714054538404
6,35,0,1,0,5,218.15298398138415
6,37,0,1,0,4,217.08239541532734
6,39,0,1,0,6,218.28072394360024
6,42,0,0,0,5,204.71136181399675
6,43,0,0,0,3,206.28347506759826
6,45,0,0,1,0,217.9227651399256
6,46,0,0,1,5,219.7954971718103
6,48,0,0,0,4,205.97979244967942
6,49,1,0,0,0,215.53434810421726
6,50,1,0,0,4,218.87607267091906
6,51,0,0,0,3,207.27705638355036
6,52,0,1,0,2,218.51357689089346
6,53,0,1,0,6,216.33322854171988
6,54,1,1,0,0,232.5973989782882
6,55,1,1,0,0,233.5153472621678
6,56,1,1,0,0,232.45069923347697
6,57,1,1,0,1,231.64274546561825
6,58,1,1,1,2,238.3133652146665
6,59,1,0,1,0,228.36564312723812
6,0,1,0,1,0,225.15464328300206
6,1,1,0,1,0,224.06782631416598
6,2,1,0,1,0,199.3302832516671
6,3,1,0,1,0,226.18008807304608
6,4,1,0,1,0,211.1875014664048
6,5,1,0,1,1,230.10922494908644
6,6,1,0,1,0,227.18693129756332
6,7,1,0,1,0,228.8243157245148
6,8,1,0,1,2,223.54847101899037
6,9,1,0,1,4,232.64182297422101
6,11,0,0,1,4,215.19817930670882
6,12,1,0,1,4,219.7567589620132
6,13,0,0,1,0,213.64448256513953
6,15,0,1,0,0,217.318652887509
6,19,0,0,0,1,203.84364943515965
6,20,0,0,1,5,218.11635674138532
6,21,1,0,0,7,220.48984972487432
6,22,0,1,0,4,218.17437035665134
6,23,0,1,0,0,214.69193394755163
6,24,0,1,0,1,216.62847703714758
6,25,0,1,0,0,215.2266892057212
6,26,0,1,0,0,215.93535190722676
6,27,0,1,0,0,212.8309335268131
6,28,0,1,0,7,217.98666362195547
6,29,0,1,0,2,218.536319605545
6,30,0,1,0,4,217.34023056579866
6,31,0,1,0,7,230.13976308140232
6,33,0,0,0,4,203.10867222253464
6,34,0,0,0,7,214.33508697689885
6,35,0,0,0,6,204.0654460480749
6,36,0,1,0,0,214.96478937413264
6,37,0,1,0,1,214.4164017069104
6,38,0,1,0,4,220.44555376760408
6,39,1,1,0,0,231.65603844811838
6,40,1,1,0,0,230.7532094245868
6,41,1,1,0,5,233.0330405058017
6,42,0,1,0,0,215.98950362049501
6,44,1,0,0,5,219.70897590205902
6,47,0,0,0,7,203.01187612720005
6,48,0,0,0,5,206.17119643908558
6,50,0,0,0,4,205.54278924114195
6,51,1,0,0,0,216.94626833108768
6,52,1,0,0,0,217.92963515350792
6,53,1,0,0,0,215.18972958066522
6,54,1,0,0,7,229.29710426922423
6,56,1,1,0,3,234.88051581958385
6,57,1,1,0,5,233.576611436254
6,58,0,1,0,7,218.20717100521938
6,59,1,0,1,7,231.01138147460193
6,0,0,0,0,7,212.03795491265748
6,1,0,0,0,3,206.28665493108193
6,2,0,0,0,6,201.4523748507214
6,3,0,0,0,3,214.3545170924557
6,4,0,0,0,0,204.03928182466885
6,5,0,0,0,6,204.90437814901463
6,6,1,1,0,0,231.0189542625863
6,7,1,1,0,5,232.449524965869
6,8,0,1,0,6,217.86264315721436
6,9,0,1,0,6,221.1491574269892
6,10,1,1,0,0,230.5682486143216
6,11,1,1,0,5,232.97538232907024
6,13,0,0,0,1,201.26069409232113
6,14,0,0,0,0,200.64138619479883
6,15,0,0,0,2,201.5253388045413
6,17,0,1,0,6,216.93255527087987
6,18,1,0,0,1,215.9155812381255
6,19,1,0,1,0,230.03334006696508
6,20,1,0,1,0,230.97937949332498
6,21,1,0,1,6,232.62793142348676
6,22,0,0,1,7,230.23545292191235
6,23,1,0,0,5,221.34380159545947
6,24,1,0,0,5,221.05876736400086
6,25,0,0,0,7,201.88720931834277
6,26,0,0,0,4,202.9633395627256
6,27,1,0,0,0,217.1550542899846
6,28,1,0,0,0,216.75686338147634
6,29,1,0,0,2,218.87981655058323
6,31,0,1,0,0,216.95019094973622
6,32,0,1,0,2,221.57733903572276
6,33,0,1,0,0,215.35616972278495
6,34,0,1,0,5,221.85109958837515
6,35,0,1,1,3,234.82809661008204
6,36,0,0,0,7,216.8227027358363
6,42,0,0,0,4,204.47028955113356
6,45,0,0,0,1,202.25216170910235
6,51,0,0,0,5,205.95511163557072
6,52,0,0,0,5,205.4039960331894
6,55,0,1,1,7,246.02155660238373
6,56,0,1,0,2,219.82629196673858
6,8,0,0,0,0,201.51714085834905
6,9,0,0,0,1,202.6678979114153
6,10,0,0,0,2,202.59841895408715
6,11,0,0,0,3,197.14928653322704
6,12,0,0,0,7,213.7874768144987
6,13,0,0,0,6,203.4901452022937
6,14,0,0,0,7,214.62762494889228
6,15,1,0,0,1,220.28076955767685
6,16,1,0,0,0,215.1460127127855
6,17,1,0,0,2,217.3672397384294
6,18,1,0,0,2,216.52662929379665
6,19,1,0,0,1,219.5226370496581
6,20,1,0,0,5,218.5153216799273
6,21,0,0,0,0,200.56972739153346
6,23,0,0,0,0,202.31391361190734
6,25,0,0,0,2,203.9765610776451
6,26,0,0,0,6,205.72685508980808
6,28,0,1,0,0,213.42145151745981
6,29,0,1,0,4,213.72564447975702
6,30,0,1,0,0,214.90926468049835
6,36,0,1,0,7,234.45589555203796
6,37,1,0,1,0,231.11904999833183
6,38,1,0,1,1,234.29805062809228
6,39,1,0,0,0,216.80002706269184
6,40,1,0,0,6,230.34157344528117
6,42,1,0,0,0,216.24494044043095
6,43,1,0,0,1,219.10103993935027
6,46,0,0,1,7,230.13119679147286
6,50,1,0,0,5,219.4242121689736
6,53,0,1,0,4,219.39567550187627
6,54,0,1,0,2,220.21779429206356
6,59,0,0,0,4,203.12616486842626
6,44,1,1,1,2,249.64629166542753
6,45,1,0,1,0,222.1487352854947
6,46,1,0,1,0,232.99369518769254
6,47,1,0,1,0,222.73379958064592
6,48,1,0,1,7,232.98096768692992
6,49,1,1,0,1,230.88920502611418
6,50,1,1,0,7,234.78632017154598
6,51,0,1,0,5,217.49935881583872
6,0,0,0,0,0,199.75411130658813
6,1,0,0,0,0,201.33948238532471
6,2,0,0,0,7,216.79995083027922
6,3,0,1,0,6,218.8867890358788
6,4,0,1,0,4,218.38375080852842
6,5,0,1,0,5,218.859260106248
6,6,1,1,0,4,235.19057353389303
6,7,0,1,0,6,222.96907000059275
6,9,0,0,0,5,201.5294064753756
6,10,0,0,0,0,200.69708514120853
6,11,0,0,0,4,201.18171484439472
6,12,0,0,0,0,202.82819336482746
6,13,0,0,0,0,200.00463799268562
6,15,0,0,0,1,201.0663376603316
6,16,0,0,0,6,199.38763509692726
6,18,0,0,0,3,204.82558486860316
6,19,0,0,0,5,205.09151703376997
6,20,1,0,0,4,217.4372879903538
6,22,1,0,0,5,218.2677476332196
6,23,1,0,0,1,223.14722736077027
6,24,1,0,0,0,217.18688103499903
6,25,1,0,0,0,217.55780909485608
6,26,1,0,0,5,217.16541340645762
6,27,0,0,0,4,203.42259187944012
6,31,0,0,0,0,199.65206682113188
6,32,0,0,0,2,205.46034928931135
6,36,0,0,0,0,203.20038800297257
6,38,0,0,0,2,201.98750385133766
6,40,0,0,0,5,204.886721460932
6,44,0,1,0,0,217.55206616668994
6,45,0,1,0,0,217.5690149316905
6,46,0,1,0,0,217.9506956751138
6,48,0,1,0,2,222.63216915613646
6,50,1,1,0,1,233.05883520873206
6,51,1,1,1,0,204.3293195357973
6,52,1,1,1,0,209.93757341473201
6,53,1,1,1,6,207.23949360289953
6,54,0,1,1,3,232.94485471639734
6,55,0,1,0,0,217.30684943116495
6,59,0,1,0,0,214.9727988115682
6,0,0,1,0,4,215.3940487259298
6,1,0,1,0,7,215.9856294045288
6,2,1,1,0,0,231.6633402584022
6,3,1,1,0,0,231.26493059378467
6,4,1,1,0,3,232.75376330424288
6,5,1,1,0,0,233.29888572204885
6,6,1,1,0,1,230.2974109479721
6,9,1,0,0,7,225.59607191572252
6,10,1,0,0,2,217.27441945219672
6,14,0,0,0,5,203.22782914948473
6,17,0,0,0,1,201.5266108472933
6,18,0,0,0,7,205.36127557680226
6,19,0,1,1,2,230.46496409633926
6,20,0,0,1,7,216.6145967245003
6,23,0,0,0,6,203.2021102914694
6,24,1,0,0,7,232.89812644093175
6,25,0,0,1,4,215.08584725992176
6,26,1,0,1,0,222.45257076192024
6,27,1,0,1,6,231.19084977028484
6,28,0,0,1,7,215.1211402633516
6,29,1,1,0,4,231.0950083755561
6,30,0,1,0,5,223.67403193409655
6,31,0,1,0,5,218.29471526263487
6,32,0,1,0,4,219.33879207976537
6,33,0,1,0,5,217.35829833473983
6,34,0,1,0,4,220.880213937102
6,35,0,1,0,6,220.25854003936348
6,38,0,0,1,3,212.99443304352945
6,39,0,1,0,7,216.00659525372583
6,41,1,0,0,0,214.75618506550012
6,44,1,0,0,3,218.54953992750583
6,45,1,1,0,4,234.76417894468148
6,46,1,1,0,6,234.84074778871732
6,47,0,1,0,5,220.75063751824726
6,48,0,1,0,0,216.09050625071842
6,49,0,1,0,0,218.4861833497399
6,51,0,1,1,7,247.5059881366219
6,54,0,0,0,5,203.81356097054163
6,56,0,0,0,1,204.95985289459546
6,59,0,0,0,2,202.5457988669841
6,13,0,0,0,7,216.2861009620306
6,14,0,1,0,0,216.19795159657988
6,18,0,1,0,7,217.23101546465426
6,19,0,0,0,2,204.53216922976665
6,23,0,0,0,4,203.1243821216355
6,26,0,0,0,5,203.19919893763273
6,30,1,0,0,5,217.93839442631244
6,33,0,0,0,5,207.82922939628614
6,40,0,0,1,6,218.68629959152898
6,41,0,0,1,0,215.15952230717113
6,42,0,0,1,4,217.78095197916252
6,43,0,0,1,3,226.8795976323594
6,44,0,0,1,0,215.10728446827238
6,46,0,0,1,3,224.68654507925328
6,47,0,1,0,1,219.6032280188142
6,48,0,1,1,1,231.33830190601736
6,51,0,0,0,2,203.93572322350644
6,52,0,0,0,1,204.851184015443
6,53,0,0,0,2,205.31381987962376
6,54,0,1,0,7,236.45519939367898
6,55,0,1,1,0,231.4368714690211
6,57,0,1,1,1,236.7072610947904
6,58,0,1,0,5,219.6121175191894
6,59,0,1,1,2,233.25589834108274
6,0,0,1,1,0,228.76774228686637
6,1,0,1,1,4,223.77704435788274
6,2,1,1,1,3,254.93544334329343
6,3,1,1,0,3,234.09779058888313
6,6,1,0,0,0,216.4198475708435
6,7,1,0,0,0,216.22420352024255
6,8,1,0,0,1,216.387958590761
6,9,1,0,0,1,217.0223716574137
6,10,1,0,0,4,217.61887129090377
6,12,0,0,1,0,216.90669525474524
6,15,0,0,1,5,218.40336137603884
6,17,0,0,0,6,210.47827585097718
6,19,0,1,0,0,216.85266678248996
6,22,0,0,1,2,214.69461671047281
6,23,0,0,1,0,215.39353682873573
6,24,0,0,1,0,217.0664536099604
6,25,0,0,1,0,213.12045222238945
6,26,0,0,1,0,215.73768247747972
6,27,0,0,1,2,219.82080901092246
6,29,1,1,0,0,226.2251858807845
6,30,1,1,0,4,230.43429543629105
6,33,0,0,0,2,205.1725367826282
6,34,0,1,0,6,216.99360560403593
6,37,0,0,0,5,200.3324159074698
6,40,0,0,0,6,202.89957505226508
6,41,0,1,0,0,216.39412806001963
6,43,0,1,0,3,218.86734214804187
6,44,0,1,1,0,229.8016095523567
6,45,0,1,1,4,232.38776807169515
6,46,0,1,1,1,232.95432883808957
6,47,0,1,0,3,226.28248121618154
6,50,1,0,0,3,223.58295701022047
6,52,0,1,1,4,233.00111091832323
6,53,1,1,1,5,251.19173938911803
6,54,0,1,1,2,233.3092773674426
6,55,0,0,1,0,218.7346844760139
6,56,0,0,1,5,220.01636992173079
6,0,0,0,0,6,203.1494137602237
6,1,1,0,0,0,214.7299689184716
6,2,1,0,0,7,216.15322638627777
6,4,1,1,0,2,233.8373327906194
6,5,1,0,0,0,215.75174513319402
6,7,1,0,0,6,222.15598359819782
6,9,0,0,0,0,199.126573483028
6,10,0,0,0,6,202.9039887186555
6,11,1,0,0,0,217.17614038131876
6,12,1,0,0,3,221.1830427518402
6,13,1,0,0,0,213.9929742710961
6,14,1,0,0,5,219.70878586818128
6,15,0,0,0,7,204.82782753421836
6,17,1,0,0,4,214.71105282314846
6,18,0,0,0,1,200.7963986009609
6,19,0,0,1,4,221.99551095086665
6,22,0,0,0,5,202.92446323721202
6,23,1,0,0,3,220.5883738323907
6,24,1,0,0,1,217.6318528047035
6,26,1,0,0,1,216.13061367673237
6,29,0,0,0,2,203.83902923717358
6,31,0,0,0,6,207.32066078055192
6,32,0,1,0,3,219.3876845392645
6,33,0,1,1,2,232.25504575728198
6,34,0,1,1,0,231.51494046225935
6,35,0,1,1,1,236.14241104189273
6,36,0,1,0,3,219.316525535166
6,40,0,0,0,2,204.0695821460304
6,42,0,0,0,1,204.6132525911979
6,44,0,0,0,3,205.42343459330652
6,45,0,1,0,2,218.2791507526228
6,51,1,0,1,6,231.90885419329274
6,52,0,0,1,7,221.35852561572216
6,55,0,0,1,3,218.34294984239017
6,56,0,0,1,1,217.8777624818615
6,21,0,1,1,2,231.88886395485994
6,22,0,1,1,0,231.66681737944856
6,24,0,1,1,6,235.4642133191866
6,26,0,0,1,2,215.40240422063422
6,27,0,1,1,4,230.50157796702914
6,28,0,1,1,3,236.40663053918712
6,29,0,1,0,3,220.31632957716445
6,30,0,1,1,3,232.76589448897846
6,32,0,0,0,5,206.35103590803539
6,33,0,0,0,3,214.98922964767192
6,34,0,1,0,7,220.76320450352875
6,37,0,1,0,5,217.12492195635582
6,38,0,1,0,0,215.65402761672027
6,41,1,0,0,7,229.67401523959438
6,42,1,0,0,2,219.01063230973713
6,45,1,0,0,6,220.5291749174918
6,48,0,0,0,3,208.21420827057966
6,49,0,0,1,3,217.14936710215457
6,50,0,0,0,7,217.02447175745607
6,54,0,1,0,3,219.6362219160437
6,56,0,0,0,5,204.86561714930463
6,57,1,0,0,0,215.58940643548996
6,58,1,0,0,6,219.42234106615086
6,59,0,1,0,2,215.59939476168387
6,31,1,1,0,7,234.95946628643864
6,32,0,0,0,3,211.97912218557536
6,33,0,0,1,7,230.62132739825245
6,34,0,0,0,2,205.7004229394093
6,36,1,0,0,6,229.4292755843287
6,39,0,0,0,5,203.42803612071177
6,41,0,1,0,5,217.53490379033903
6,42,0,1,1,2,235.32665108518654
6,43,0,0,1,6,220.73755089691764
6,44,0,0,1,2,215.70694245586589
6,49,0,0,0,1,203.76780038453316
6,55,0,0,0,3,214.5323164422747
6,56,0,0,0,6,204.35000797925116
10,0,1,0,1,5,88.45304057190856
6,24,0,1,0,6,215.6438812739605
6,25,0,1,0,4,219.27482875733162
6,27,0,1,0,6,216.9075608278585
6,28,1,0,0,5,219.33774371884235
6,29,0,0,0,6,199.67324109080656
6,30,0,0,0,0,198.5846741326949
6,35,0,0,0,7,213.52635711633027
6,38,1,0,0,2,218.60158014535781
6,40,1,0,0,3,219.08970630970634
6,41,1,1,0,0,232.11794131860722
6,42,1,1,0,1,228.98465679038335
6,43,1,1,0,5,229.28793845692445
6,46,0,1,0,7,232.73648175168057
6,47,1,1,0,0,229.57340512724022
6,48,1,1,0,4,230.8467975626141
6,49,0,1,0,4,219.18131928742696
6,51,0,0,0,6,202.34061526871818
6,54,0,0,0,7,218.86205832043285
6,56,1,0,0,1,218.55021397005527
6,57,1,0,1,3,231.37002912823345
6,59,1,0,0,1,217.72416816967802
6,41,0,0,0,6,216.84719776205944
6,43,0,0,0,7,214.7441129153283
6,44,1,1,0,5,232.43583309758532
6,46,0,1,0,4,219.05208656858423
6,50,0,1,0,2,222.31843200553396
6,51,0,0,0,4,205.76569339422966
6,53,0,0,1,3,217.88239107858524
6,54,0,0,0,1,203.076997558534
6,2,0,0,0,0,202.04251401999355
6,3,0,0,0,4,204.0471906188444
6,4,0,0,0,3,204.60073270007564
6,5,0,0,1,1,217.2313060431274
6,6,0,0,0,4,202.50955786424655
6,7,0,0,0,0,202.0036425979123
6,10,0,0,0,1,201.7677539411875
6,11,0,0,0,1,201.18673953835798
6,14,0,0,0,1,201.60095615171127
6,15,0,0,1,1,216.0478924589222
6,17,1,0,0,5,215.63193113682516
6,22,0,0,0,2,204.612745171304
6,24,0,0,0,5,201.9889000506155
6,25,1,0,0,7,229.098985269718
6,26,1,1,0,5,240.27953532742498
6,28,0,1,0,1,216.3668897450149
6,30,0,1,0,7,219.52413905427005
6,37,0,0,0,2,204.541667243374
6,40,1,0,1,0,213.8586358050771
6,41,1,0,1,0,225.0251292581837
6,42,1,0,1,0,162.36636622078754
6,43,1,0,1,0,224.89312770781873
6,44,1,0,1,0,210.8396668248734
6,47,1,0,1,1,236.07066565766868
6,49,1,0,0,5,219.3407066535594
6,51,0,0,1,2,217.81964672697612
6,52,0,1,1,5,232.9796645126657
6,53,0,1,0,5,227.84099102483958
6,56,1,1,0,4,236.2721156003317
6,57,0,1,0,5,223.01393132537382
6,58,0,1,0,3,229.62985231562456
6,59,0,0,1,6,217.31852876885492
6,44,0,0,0,6,206.692916900098
6,45,0,0,0,3,205.01712065841176
6,46,0,1,0,2,220.0160710826641
6,47,0,0,0,3,206.5319414273783
6,48,0,1,0,4,218.83519532245452
6,52,0,1,0,1,217.07166547475816
6,56,1,1,0,6,231.68290921236505
6,0,1,0,0,0,213.31117371775164
6,1,1,0,0,2,216.54723920949343
6,3,1,1,0,1,230.366728382119
6,5,1,1,0,2,233.19319327201129
6,9,0,0,0,7,214.55627666228398
6,10,1,0,0,1,216.59769993100858
6,11,1,0,0,2,217.0265092045337
6,12,1,0,0,0,213.7179746512965
6,13,1,0,0,2,214.26523765905893
6,15,1,0,0,0,215.8537523669594
6,18,1,0,0,3,217.74769788083793
6,19,1,1,0,6,232.7906708820509
6,20,0,1,0,2,218.94806337524108
6,22,0,0,0,3,204.2412915945712
6,23,0,1,1,1,232.6384044274852
6,26,0,1,1,5,236.26809572654105
6,28,1,0,0,1,216.98237693396774
6,32,0,0,0,4,204.41462375283865
6,35,0,0,0,3,207.37721819770087
6,37,0,0,0,7,220.5054481056031
6,38,0,0,0,4,204.56158771811317
6,40,1,0,0,7,221.64727792405358
6,45,0,0,0,7,218.79909246296626
6,54,0,1,0,5,220.01258863569157
6,56,1,1,0,5,234.58625622442563
6,57,0,1,0,0,218.40287254366532
6,58,0,1,0,0,213.49464705888423
6,0,0,0,0,2,204.05914744965926
6,1,0,0,0,1,203.03905595746417
6,2,0,0,0,2,204.24835084880797
6,3,0,0,0,7,204.24251782778964
6,4,0,0,0,5,203.61435510310542
6,5,0,0,0,0,202.08232647202536
6,6,0,0,0,1,201.3473125071481
6,7,0,0,1,5,215.44455359734008
6,8,0,0,0,2,204.10428180162955
6,9,0,1,0,5,219.61372648512886
6,14,0,1,0,6,220.04241810154758
6,16,0,0,0,3,209.40854717942307
6,21,0,0,0,7,204.3684741938561
6,24,0,0,0,7,203.85338027595608
6,28,1,0,0,7,228.08154889816038
6,29,1,0,0,3,219.39273543367295
6,30,1,0,0,4,216.11584507650187
6,31,0,0,0,2,203.48514464617958
6,33,0,1,0,4,218.39512054908855
6,34,0,1,0,3,228.46165980148947
6,35,0,0,1,5,218.20718631668183
6,38,1,0,0,0,215.53415435352522
6,45,0,0,0,5,205.8506440701966
6,49,0,0,0,4,201.8474968373736
6,50,0,0,0,1,205.48620816465876
6,55,1,1,1,0,219.73608883058816
6,56,1,1,1,0,225.6697663884298
6,57,1,1,1,0,183.06999184677568
6,58,1,1,1,1,234.58122683360452
6,59,1,1,1,3,256.8289677027109
6,31,0,1,0,2,218.38225107631044
6,35,1,1,0,0,229.91774053166517
6,36,1,1,0,0,232.57602295668818
6,37,1,1,0,7,248.54802003672395
6,39,0,0,0,7,199.52607773924242
6,40,1,1,1,7,262.26730280018535
6,41,0,0,0,7,201.99151105680147
6,47,0,1,0,4,218.68955374063228
6,49,0,1,0,1,218.70489457738057
6,52,0,0,0,7,212.0578620872824
6,53,1,0,0,4,220.076047419604
6,59,0,0,0,5,202.8818667461637
6,0,1,0,0,1,213.31152643633393
6,1,1,0,0,7,214.66935948265586
6,2,0,1,0,0,216.75745555990193
6,4,1,1,0,4,232.35010217506823
6,5,0,1,0,4,219.3757871251642
6,6,1,1,0,6,239.36409732419975
6,10,0,1,0,0,215.98777436060163
6,11,0,1,0,6,228.34581386681302
6,15,0,1,0,2,216.02362624197312
6,17,0,1,0,5,216.82970029898652
6,18,0,1,1,7,232.90863712042943
6,19,0,0,0,4,204.80786338581055
6,20,0,0,0,3,209.93010748352367
6,21,0,1,0,0,215.97437370629973
6,22,0,1,0,2,217.51174336525483
6,23,0,1,0,3,217.86846466481535
6,26,0,0,0,0,200.56864845233244
6,27,0,0,0,3,202.5213325713511
6,28,0,0,0,6,212.98231610981642
6,30,1,0,0,1,216.70230529131823
6,31,1,0,0,7,233.4463156484096
6,32,1,0,0,0,217.44091929521394
6,40,1,0,0,1,217.66180536751298
6,41,1,0,1,4,229.78118992216343
6,42,1,0,1,4,230.17123282747002
6,45,1,0,1,4,224.78095387687952
6,46,0,0,1,2,218.8594486249214
6,47,0,1,1,0,232.57104977465792
6,49,0,1,0,6,221.17454629125095
6,55,1,0,1,0,227.0463111774237
6,56,1,0,1,0,223.64631600599003
6,57,1,0,1,5,234.86764649026725
6,58,0,0,0,1,203.94169265776196
6,0,0,0,0,1,200.947353620851
6,4,0,0,0,2,203.5477762787671
6,5,0,1,0,1,218.1779086623894
6,6,0,1,1,6,233.89008763361912
6,7,1,0,1,4,227.57508336733642
6,8,0,0,1,0,213.94171845344863
6,9,0,0,1,7,215.75855515773816
6,10,1,1,0,7,229.4199739560098
6,11,0,0,0,0,201.75588765494635
6,12,0,0,0,3,201.36972754869
6,15,0,0,0,5,201.3797588871047
6,18,0,0,0,2,202.74116048568945
6,20,1,0,0,0,215.74575282715875
6,21,1,0,0,1,216.49331600874714
6,22,1,0,0,1,216.2988932439889
6,23,1,0,1,0,231.9250307794568
6,24,1,0,1,4,224.6943053312717
6,26,0,0,1,4,214.74559279175492
6,27,0,0,1,6,220.20450533260393
6,28,0,1,1,7,232.2022302024088
6,29,0,0,0,4,204.98511402002228
6,30,0,0,0,5,199.65732365976845
6,38,0,1,1,4,233.52934410683628
6,39,1,1,1,1,241.99751548855414
6,40,1,1,1,3,239.25072699009775
6,44,1,0,0,6,229.73298972067334
6,48,0,0,0,7,217.0948599461698
6,51,0,1,0,1,216.8279113166153
6,52,0,1,0,5,217.96144692703578
6,55,0,1,0,1,217.40640677590517
6,57,0,0,0,7,205.4238641031958
6,58,0,0,0,4,204.13682929846436
6,42,0,1,0,1,217.12139331717313
6,44,1,1,0,4,232.48547303161885
6,45,0,1,0,4,221.83598093308677
6,51,0,1,0,2,219.71255999078986
6,53,1,0,0,2,220.24756896559273
6,56,0,1,0,6,213.10795511620523
6,3,0,0,0,0,202.5376402295665
6,6,0,0,0,5,201.616221495441
6,8,0,0,0,7,200.18074916418976
6,9,0,1,0,4,219.55638843835118
6,10,0,1,0,3,219.1402291136259
6,12,0,0,0,4,202.83021954197469
6,14,1,1,0,1,232.0095309268479
6,15,1,1,0,0,235.29692092891963
6,16,1,1,0,7,249.13566277898494
6,20,1,0,0,3,219.2815854993735
6,22,1,0,0,3,218.71288011917906
6,23,1,1,0,0,228.95865088827247
6,24,1,1,0,2,223.2849913867771
6,25,1,1,0,3,232.99048751272215
6,28,1,1,0,6,236.59860977308415
6,31,0,0,0,4,202.53575227014855
6,33,1,0,0,4,217.74130271906762
6,34,1,0,0,4,219.78060163402824
6,35,0,0,0,4,202.74765440557383
6,37,1,0,0,0,217.16524586709517
6,39,1,0,0,7,216.97499454176275
6,45,0,1,0,6,227.41220397132156
6,46,1,0,0,6,222.0062540033714
6,50,1,1,0,6,234.14612481471227
6,53,0,0,0,4,205.22163373918062
6,0,0,0,0,4,202.12180865184575
6,2,0,0,0,5,205.92211325813795
6,3,1,0,1,3,228.71854542820486
6,4,1,0,0,7,228.8024131738782
6,8,0,0,0,6,209.05805063420345
6,10,1,0,0,3,217.25725036825867
6,14,0,0,0,3,202.07678093448266
6,17,0,1,0,7,230.35787754859237
6,18,1,0,0,0,214.73073381627424
6,19,1,0,0,0,216.5251186568542
6,21,1,1,0,7,241.47895631343778
6,25,1,0,1,0,222.12433294437713
6,26,1,0,1,5,234.1831311053384
6,29,1,1,0,7,246.96089207722093
6,31,0,1,0,1,218.49717835102405
6,32,0,1,0,1,217.51809767426653
6,34,0,1,0,1,221.3031934790537
6,37,0,1,0,7,236.62661743575907
6,38,1,0,1,3,248.28425367383812
6,39,1,1,0,1,232.11616308726227
6,41,1,1,0,6,231.27723475596534
6,46,0,1,0,6,222.03025384970974
6,51,0,1,1,0,231.51492234427096
6,55,0,1,0,7,229.373612551527
6,56,0,0,0,2,205.84582837762213
6,58,0,0,0,7,217.65317557748642
6,59,1,0,0,6,220.41755249156614
6,54,1,1,0,1,235.4813980742497
6,55,1,1,0,1,233.9862101285582
6,57,1,1,0,2,233.11167582462252
6,58,1,0,0,5,216.92606714922192
6,1,0,1,1,0,231.73062386700002
6,2,0,1,1,2,234.09796264806323
6,3,0,0,1,0,214.54458400708003
6,4,0,0,1,5,216.81443264544092
6,5,1,0,1,5,226.70684784905944
6,8,0,1,0,3,224.70797927638827
6,9,0,0,1,6,222.16975290859378
6,10,0,0,1,0,214.014439464842
6,11,0,0,1,0,215.66648142527956
6,13,0,0,1,2,216.38025562297668
6,15,0,0,0,4,200.56471480605094
6,16,1,0,0,7,213.31523030143344
6,18,0,0,1,7,216.39233414761185
6,21,0,1,0,7,214.0398796429892
6,26,0,0,1,1,215.8418048239555
6,32,1,1,0,4,233.41651397371203
6,33,1,1,0,7,242.91741243183282
6,45,0,1,0,5,218.09111076964098
6,49,0,0,0,2,204.9196456294289
6,50,0,0,0,3,207.88539889883526
6,55,0,0,0,4,202.9211573248261
6,57,0,0,0,1,202.6797409680123
6,0,0,0,0,3,203.6426790588411
6,4,0,1,0,0,216.23558898009878
6,6,1,1,0,7,243.24907132050302
6,9,1,0,0,0,213.939550625252
6,10,1,0,0,7,215.42237993650136
6,11,1,0,0,7,217.41844992111572
6,12,0,0,0,6,202.87050391584586
6,13,1,1,0,0,229.36836973547503
6,14,1,1,0,0,231.59318042273932
6,15,1,1,0,2,234.9192386848247
6,16,1,1,0,1,232.30926804958347
6,17,1,1,0,6,231.31228794627373
6,22,0,0,0,7,208.35838497728065
6,23,1,0,1,3,233.72845549740688
6,24,1,0,1,1,229.5331724424525
6,26,1,0,1,4,234.33051160127462
6,27,0,0,1,1,219.17824275161874
6,29,1,0,0,5,218.57580907667338
6,31,0,0,1,5,222.80716559206323
6,35,1,1,0,4,234.96648351983458
6,36,0,1,0,5,221.2635985978254
6,42,0,1,0,6,219.61794323051492
6,43,1,0,0,6,227.178251940908
6,46,1,0,0,1,214.7251190243005
6,48,1,0,0,5,214.52583729557836
6,53,0,0,0,1,203.76669045292817
6,54,0,0,0,2,203.98446224632755
6,55,0,0,0,7,200.71103551362154
6,56,0,0,1,7,228.59797824124107
6,59,0,0,1,1,217.48525971491904
6,3,0,0,0,6,198.54836706695946
6,5,1,1,0,1,233.84506871735155
6,8,1,1,0,4,235.1443451328654
6,12,0,0,0,2,202.7545983217691
6,13,0,0,0,3,206.28193549959764
6,19,0,0,0,6,199.3069070196499
6,20,0,1,0,3,219.87348513225712
6,23,0,0,0,2,203.28936788154317
6,25,0,0,0,6,208.23171350510813
6,26,1,0,0,6,219.32521635481348
6,29,0,1,0,6,212.76853073060875
6,30,1,1,0,3,239.22698925576543
6,32,1,0,1,2,236.2078368503677
6,34,0,1,1,1,233.64410024447983
6,36,0,1,1,0,231.57389174040543
6,37,0,1,1,5,227.85331202749842
6,41,0,1,0,2,220.68103857832995
6,44,1,1,0,3,232.7096700150838
6,47,0,1,0,2,220.56494600601067
6,49,0,0,0,3,204.5300839028219
6,53,0,1,0,1,218.91478142134392
6,56,1,0,0,2,219.40943323179994
6,59,0,0,0,3,202.93045562373956
6,0,0,1,0,7,225.0526796905953
6,11,0,0,1,1,214.81103124240397
6,13,0,0,0,4,205.0121313011369
6,16,0,0,0,1,201.70184045576974
6,20,1,0,0,1,216.77235662822886
6,24,0,0,0,6,208.94688237252217
6,25,1,0,0,5,216.3063903476902
6,39,0,0,0,2,202.39212644087547
6,44,0,0,0,2,206.59968698611863
6,48,0,1,1,2,234.8270521113865
6,57,0,1,1,5,235.23572505300015
6,56,0,0,0,7,201.5869878463703
6,3,0,0,0,2,202.84620996295243
6,6,0,1,0,0,217.57576860639065
6,7,0,1,0,7,216.73404269700936
6,13,0,0,0,5,197.92345637081797
6,16,0,1,0,7,228.73905430011516
6,17,0,1,1,0,230.67818811089683
6,21,0,0,0,2,202.27361499329868
6,23,1,1,1,4,232.8586839915827
6,27,1,1,1,6,250.195735475599
6,37,1,1,0,3,235.58188217879305
6,38,1,1,0,0,232.76773614411815
6,41,1,1,0,2,233.03385598260292
6,42,1,1,0,7,245.37175142384643
6,44,1,1,0,7,230.54811381293953
6,52,0,1,0,0,215.14915360085686
6,53,0,1,0,3,219.79344777634844
6,56,0,1,0,7,217.5926702143654
6,57,0,1,0,7,232.44409456186028
6,58,1,1,0,2,234.3817196966568
6,59,1,1,0,0,228.11589866091322
6,0,1,1,0,0,228.23790139781934
6,1,1,1,0,4,232.28349577004997
6,2,1,1,0,4,235.08918854297892
6,8,0,1,0,5,216.26378484317482
6,11,0,1,1,0,233.35211519447813
6,12,0,1,1,7,242.75358867251288
6,13,0,1,0,0,216.04653288082835
6,15,0,0,0,6,214.93878598609732
6,17,0,0,0,7,200.74801940486222
6,19,0,1,0,2,219.63638040153788
6,20,0,1,0,5,220.2382872607649
6,27,0,0,0,2,202.89191201920946
6,28,0,0,0,5,202.97131851896287
6,40,0,0,0,1,203.26037617509172
6,44,1,0,1,6,195.46740552549292
6,45,0,1,1,0,230.76416553069723
6,46,0,1,1,0,230.71793330526663
6,47,0,1,1,6,233.2409316726992
6,49,0,1,1,6,230.58979277207627
6,50,1,0,1,5,237.0850664017723
6,54,0,0,1,0,216.26917633461414
6,55,0,0,1,2,219.52827064996654
6,56,0,1,1,3,236.73684562817118
6,0,0,1,0,0,211.88640731047755
6,3,0,1,0,4,218.78985884676862
6,4,0,1,0,2,221.7577377937306
6,10,0,1,0,5,220.15611947565978
6,11,1,1,0,1,231.71452664299787
6,12,1,1,0,2,232.06498652004285
6,16,1,0,0,2,217.84353386491335
6,17,1,0,0,3,216.60655688237145
6,24,1,0,0,4,218.45269480410224
6,32,0,1,0,5,221.44195575262577
6,33,1,1,1,0,167.45418722660582
6,34,1,1,1,0,237.28363144707495
6,35,1,1,1,3,250.6966141720201
6,37,1,1,0,4,235.32113123239878
6,42,0,1,1,3,233.74257040662317
6,44,0,0,0,7,215.61779496175603
6,45,1,1,0,3,232.67316463624476
6,48,1,0,0,6,226.76676196667927
6,52,0,0,1,6,218.21430768019036
6,57,1,0,0,5,223.63146417258375
6,8,1,0,0,5,221.03245863686567
6,15,0,0,0,3,203.04418334792103
6,16,0,0,0,5,202.785658249769
6,24,0,0,0,2,202.20077462737208
6,25,0,0,0,3,203.79867062280601
6,26,0,1,0,4,218.4278647036263
6,27,0,1,0,1,215.20819742922515
6,29,0,1,0,5,217.61512752073958
6,33,0,0,0,7,207.35159437546616
6,41,1,0,0,2,215.37818794146168
6,42,1,0,0,6,218.83564534236555
6,47,0,0,1,5,218.46218766883607
6,48,0,0,1,3,222.14925250607178
6,50,0,1,0,7,221.3944835797193
6,54,1,1,0,7,240.6555827609489
6,56,0,0,0,3,211.3010264505449
6,0,0,0,1,4,213.86926099998166
6,1,0,0,1,0,214.72861840735823
6,2,0,0,1,0,217.4672860736712
6,3,0,0,1,5,217.62951519991617
6,5,1,0,1,6,232.75308686217858
6,6,1,0,1,1,234.44085698300313
6,9,0,1,1,5,236.9742411264725
6,10,0,1,1,3,233.45536994440215
6,11,0,0,0,2,200.48600269176603
6,16,0,0,0,0,200.6452368304518
6,21,1,0,1,4,229.77560336746564
6,22,0,0,1,5,214.81211645283688
6,24,0,0,0,4,202.23474900496194
6,25,0,0,0,5,205.9070298096476
6,28,0,0,0,0,200.64545403604978
6,29,0,0,0,3,203.5507596971333
6,30,0,0,0,4,204.28939044815442
6,36,1,0,0,5,220.51698954149398
6,40,1,0,0,2,218.34050302646094
6,42,1,0,0,7,228.68917193292143
6,43,1,0,0,7,215.34864520045002
6,45,1,0,0,3,225.26956634703257
6,49,1,1,0,4,233.44398212433032
6,50,0,1,0,4,219.21202114204243
6,52,1,1,0,0,230.6745600334931
6,53,1,1,0,0,231.7602285381177
6,54,1,1,0,6,236.53559866447682
6,1,0,1,0,4,215.7075016729276
6,2,1,1,0,1,233.51184229755285
6,4,1,1,0,0,231.42019644537717
6,7,0,0,1,4,216.73190185603377
6,9,1,1,1,0,210.17798386638506
6,10,1,1,1,0,220.672919566698
6,11,1,1,1,0,222.98061829981907
6,12,1,1,1,7,257.828130671611
6,19,1,1,1,0,219.33720425146464
6,20,1,1,1,0,230.17472027673298
6,21,1,1,1,2,246.24041139857397
6,22,1,1,1,7,246.78737297697015
6,27,0,0,0,6,198.16803588059145
6,28,0,1,0,5,216.41461267039122
6,32,0,0,0,7,202.82375618614142
6,36,1,0,0,4,218.8541570586951
6,54,0,0,1,2,221.32276810821568
6,5,0,1,0,2,219.8590184280169
6,9,0,0,0,4,200.97490397712167
6,18,1,1,1,2,232.01046348349684
6,20,1,1,1,3,257.0386542244751
6,21,1,0,1,2,233.17028712052857
6,22,1,1,1,0,244.36855274836128
6,23,1,1,1,7,241.98531171808955
6,27,1,1,0,3,237.71791391111768
6,37,0,0,0,3,202.3473873824343
6,39,1,0,0,4,219.3555448086868
6,46,1,0,1,5,234.49316434906368
6,48,0,0,0,2,205.5641399717436
6,49,0,1,0,7,217.31966957828953
6,50,0,0,0,5,204.72761182728152
6,54,1,1,0,2,234.8920955884595
6,55,1,1,0,6,234.44719911748666
6,0,0,0,1,0,214.15831820448125
6,2,0,0,1,4,217.2918715405018
6,3,0,0,1,6,217.56660642190204
6,4,0,0,1,7,215.54659749565423
6,7,0,0,1,0,214.87438328221657
6,8,0,0,1,4,217.37955794504649
6,20,0,1,0,4,217.43098212227486
6,22,0,1,0,5,216.55409792156598
6,23,0,1,0,1,217.3189677124868
6,24,0,1,0,2,218.1340076753432
6,33,1,0,0,3,221.72535544548657
6,37,1,1,0,2,235.08399032401795
6,39,1,1,0,2,235.06305833689197
6,41,1,0,0,6,213.20937822296946
6,43,0,1,1,0,229.53033742338408
6,44,0,1,1,1,229.90294140789757
6,45,0,1,0,1,218.42954471614473
6,46,0,1,0,3,221.93108688282624
6,47,0,1,1,5,231.8650842055661
6,50,1,1,0,3,234.93518132585464
6,52,1,1,1,7,263.67748065621475
6,54,0,0,0,6,204.19107979553658
6,55,1,0,0,1,215.86057036225196
6,56,1,0,0,5,218.73837633020497
6,57,0,0,1,0,217.60229128489206
6,58,0,0,1,7,235.3016941241286
6,4,0,1,0,1,220.53583288252975
6,5,0,1,1,1,232.66899118730865
6,7,1,1,1,0,231.92279565043557
6,8,1,1,1,0,237.73386118253507
6,11,1,1,1,6,199.1136322666809
6,12,0,0,1,3,227.63214292132585
6,14,0,1,0,4,221.78997218986268
6,17,0,0,1,5,216.7077552579868
6,20,0,0,0,5,204.47361340612267
6,23,0,0,1,3,218.52395178508388
6,31,1,1,0,4,233.81225799123064
6,34,0,0,0,5,208.96162292229667
6,37,0,1,0,2,216.17741515951332
6,40,0,0,1,0,217.9457504930862
6,42,0,0,1,1,218.90258950553428
6,44,0,0,0,1,202.39426913101707
6,47,1,0,0,2,216.43342274177402
6,52,0,0,0,6,202.92665422991902
6,59,0,1,0,5,214.83384431702328
6,0,1,1,1,0,218.83163729805923
6,1,1,1,1,0,226.28581896114872
6,2,1,1,1,1,198.65050918222153
6,4,1,1,1,0,232.25175759665134
6,5,1,1,1,4,210.0612996150298
6,6,1,1,1,2,233.02752242501666
6,7,1,1,1,5,249.2875469385732
6,8,0,1,0,2,210.010509964266
6,17,0,0,0,5,201.966555733281
6,18,1,0,1,5,235.66105945715412
6,23,0,0,0,3,203.36593968202226
6,28,0,0,1,4,217.47011453525826
6,29,0,0,1,0,217.4386459181536
6,30,0,0,1,0,216.0323949153408
6,40,1,0,0,5,220.69212867225932
6,43,0,0,0,2,206.30436890081387
6,46,0,0,0,7,202.20742710275667
6,47,0,0,1,6,220.51914707165992
6,51,0,0,1,5,218.14236591825437
6,52,1,0,0,4,219.07281666301043
6,54,1,0,0,4,219.55109733685873
6,56,0,0,0,4,204.5423721777188
6,0,0,1,0,1,215.96803637861618
6,2,0,1,1,5,233.9665333446373
6,3,0,1,0,0,215.5465377645994
6,6,0,1,0,2,217.39540962322943
6,7,0,0,0,4,201.90973480688996
6,13,1,0,0,4,209.42200268197965
6,17,0,1,0,1,217.92412731874782
6,21,0,0,1,2,214.82809960114002
6,24,0,1,0,5,217.64576662085406
6,26,0,1,0,2,220.11372927819983
6,31,0,0,0,3,202.86043768877474
6,33,0,0,1,2,222.44365245484548
6,34,0,0,1,5,219.77064187360466
6,43,0,0,0,5,205.9814359651731
6,51,0,1,1,4,232.08725158608124
6,57,0,1,0,2,220.7514796002149
10,0,1,0,1,7,111.32973057617049
6,51,0,0,0,1,204.93704521830895
6,2,0,0,1,3,220.88240811425857
6,3,0,1,1,3,234.42392247395085
6,4,0,0,1,0,215.8177022717977
6,5,0,0,1,0,215.79271735455217
6,6,0,0,1,0,214.81680685750896
6,7,0,0,1,1,215.29670108090042
6,12,0,1,0,6,224.51435817371114
6,15,0,0,1,6,228.47671372814852
6,16,1,1,1,7,257.9048783966643
6,20,0,0,1,3,218.1714343321959
6,21,0,0,0,5,202.25787711421046
6,23,0,1,0,7,228.74707582616833
6,35,0,1,0,0,217.5300326879028
6,36,0,1,0,4,216.5598189636977
6,37,1,1,0,0,232.5377297980421
6,40,1,1,0,7,228.37130311449909
6,46,0,0,1,6,221.485547664801
6,47,0,0,1,4,216.657645241084
6,48,0,0,1,1,216.92006808627812
6,50,0,1,0,5,219.5920325802842
6,57,0,0,0,6,205.25773559894506
6,0,0,1,1,6,231.21702147884105
6,1,0,1,1,1,232.71086904137744
6,2,0,1,0,2,219.1617828348777
6,3,0,0,0,5,203.45692615325336
6,4,0,0,0,4,203.89016639043172
6,5,1,0,0,1,215.80814481244457
6,6,1,0,0,6,223.61963326249855
6,7,0,0,0,7,200.7929164985766
6,8,0,1,1,2,233.5753168662144
6,18,1,0,0,6,218.65896536044247
6,24,1,0,0,6,222.5350935800998
6,28,1,0,0,4,220.1180199008802
6,29,1,0,0,1,216.98536402456244
6,31,1,0,0,6,213.4860346564511
6,35,1,0,0,5,219.22982114429527
6,36,1,0,0,3,222.1903063925546
6,38,1,0,0,6,232.2878651535681
6,45,1,0,1,7,238.88354596280337
6,51,0,1,1,2,236.40677390175682
6,52,0,1,1,1,236.48783425020412
6,55,1,0,0,2,219.71423294738509
6,1,0,0,1,4,215.61811044833937
6,2,1,0,1,7,201.82092798855177
6,3,1,0,0,3,217.39714301697512
6,4,1,1,0,5,232.38918037081112
6,5,1,1,1,6,250.04447467456458
6,7,1,1,1,2,209.07488757811373
6,8,1,0,1,3,238.7940617329419
6,9,1,0,1,6,227.86606678830412
6,10,1,1,1,1,245.59764961688433
6,14,1,1,0,6,232.15894188805885
6,15,1,1,0,6,248.68615138162644
6,16,1,0,0,3,225.40319495766016
6,22,0,0,0,1,203.12566779263585
6,24,0,0,0,1,202.8308148453688
6,28,0,1,1,4,231.83476276013926
6,29,1,1,1,0,214.60648017459056
6,30,1,1,1,7,260.7689333540671
6,33,0,0,0,1,206.17055126004516
6,52,1,1,0,5,236.4742288872282
6,1,0,0,1,5,217.14904224221743
6,3,1,1,0,6,232.25863791066456
6,7,0,0,1,3,218.6742361549957
6,11,0,0,0,7,201.1047675784967
6,17,0,0,0,3,200.61632302153185
6,18,0,0,1,3,221.91855636940113
6,24,0,0,0,3,201.231413328144
6,26,0,1,0,5,217.82172451927934
6,27,1,1,0,2,236.76377753774298
6,30,0,0,1,5,216.21389344466067
6,31,0,0,1,1,216.0606298779873
6,33,0,0,0,6,207.03136775888592
6,38,1,0,0,1,217.71682915254843
6,46,0,1,0,1,217.82515948712074
6,48,0,1,1,0,231.149252425065
6,49,0,1,1,3,232.8102108049154
6,52,0,1,0,4,216.2338192304458
6,57,0,0,1,6,216.24840783593032
10,0,1,1,0,2,25.614185688531713
6,3,0,1,0,7,232.17384300895566
6,4,0,1,1,0,230.91715629741404
6,5,0,1,1,6,233.45546312837254
6,7,1,0,1,6,232.8721736202672
6,13,0,1,0,3,218.5928265025137
6,14,0,1,0,5,219.78681926101342
6,16,0,1,1,3,240.45564082799442
6,18,0,1,0,2,222.13780791328003
6,19,0,1,0,6,219.23978252753386
6,22,0,0,1,4,214.4401558630755
6,28,1,1,1,5,247.3317150776402
6,31,0,1,0,6,214.53259286580106
6,32,1,0,0,5,221.74314787427795
6,40,0,1,0,3,229.50118550611407
6,41,0,1,1,0,229.7052707487328
6,48,1,1,0,1,230.24538019155892
6,50,0,0,1,4,219.21095313533596
6,52,0,0,1,4,219.4055055609787
6,2,0,1,0,5,215.97878341208488
6,4,0,1,0,5,221.0195485948202
6,6,0,1,0,3,218.35563158607485
6,12,0,0,1,7,215.94284421913252
6,13,0,1,1,4,229.76716797650425
6,16,0,1,1,7,231.32240400427006
6,17,1,1,1,1,242.2028164004378
6,18,1,1,1,5,235.0670587846042
6,20,0,1,0,1,219.96007194846615
6,21,0,1,0,2,218.907078964851
6,22,0,0,0,6,204.57583154079072
6,27,1,0,1,4,229.71931368161376
6,28,0,0,1,5,218.0005898233469
6,36,1,0,0,2,219.22056942514652
6,37,1,1,0,1,235.1807834977132
6,38,1,1,1,0,229.19723625369204
6,39,1,1,1,6,239.67405092230143
6,40,0,0,1,4,219.35972222553033
6,42,0,0,1,7,228.57581053713182
6,48,1,0,0,7,217.3716722989817
6,49,1,0,0,6,223.6619422087473
6,58,1,0,1,5,232.34690616370156
6,2,1,1,0,2,234.45216182934337
6,3,1,0,0,1,217.05066297105535
6,6,1,0,0,3,219.93164344701853
6,12,0,0,0,5,202.9374752589219
6,23,1,1,0,3,232.87745767109678
6,24,1,0,1,7,235.49906514849408
6,25,1,1,0,0,228.48935375000474
6,26,1,1,0,7,233.4587044481812
6,27,1,1,0,6,244.96549004227714
6,28,0,0,0,4,204.3460980047487
6,30,0,0,0,1,200.1348129416201
6,32,1,1,0,0,228.65302265362442
6,33,1,1,0,5,234.1303243728757
6,37,0,1,0,6,216.6138918847677
6,47,1,0,0,3,221.26127898007883
6,51,1,0,0,6,230.01175985742404
6,1,0,1,0,2,221.19788356859638
6,5,1,1,1,0,209.45160237520614
6,6,1,1,1,1,245.13971395800985
6,9,0,1,0,2,219.48237865557414
6,14,1,0,1,0,201.428171561206
6,15,1,0,1,0,223.7340410829858
6,16,1,0,1,0,224.20813189969803
6,17,1,0,1,2,225.0988816942362
6,18,1,1,1,7,244.12439857053855
6,21,0,0,0,4,204.0116864945346
6,22,1,0,0,6,224.9319047940601
6,28,0,1,0,4,217.20289539883092
6,31,0,0,0,5,204.70274585429846
6,32,0,0,1,5,217.03460533738303
6,36,0,0,0,6,204.77698187564712
6,37,1,0,0,7,219.59207427100804
6,38,0,1,0,1,214.80717145897648
6,52,0,0,1,2,219.6641506375465
6,53,0,0,1,2,217.62247602746388
6,59,0,0,1,3,220.05908521003823
6,31,1,0,0,0,217.9484487167677
6,34,1,0,0,5,219.95755126012472
6,44,0,1,0,7,217.15448430052308
6,52,1,1,0,7,245.3889396368236
6,54,0,0,0,0,201.96138394190518
6,8,0,0,0,5,203.31434702200374
6,14,1,0,0,0,216.59411056093668
6,17,1,0,0,6,215.61326152472301
6,18,1,1,0,6,229.91466765531845
6,19,1,1,0,3,238.87919637031325
6,20,1,1,0,3,230.41134521436146
6,22,1,0,1,0,231.39891832318406
6,34,0,0,1,3,219.5104452377144
6,38,0,0,1,7,216.57563494660843
6,39,0,1,0,3,230.36986354441427
6,42,0,0,1,3,218.99867564149608
6,4,1,0,0,3,222.4663043749009
6,8,1,0,0,3,225.43320114060842
6,9,1,1,0,6,234.53235928964207
6,12,1,0,1,1,230.86366584009815
6,18,0,1,0,4,218.03226873670033
6,19,1,1,0,7,225.92898746997545
6,22,1,1,1,4,244.47603747103182
6,23,1,1,1,2,239.6262581733683
6,25,0,0,0,1,204.43268217262275
6,26,0,0,0,3,205.8123196033962
6,27,0,0,0,7,203.3476457588819
6,29,0,1,1,0,232.69667538171936
6,37,1,1,0,6,235.9113532430437
6,47,1,0,0,7,214.435594161781
6,48,0,1,0,7,217.17785765347438
6,53,0,0,0,3,203.07944758721132
6,55,0,0,0,2,202.49703020454015
6,58,0,1,0,4,218.1303026067801
6,0,0,1,1,5,235.05141044160402
6,6,0,0,0,3,202.03250423752235
6,21,0,0,0,6,195.23393064533562
6,23,1,0,0,4,221.03242109936835
6,30,1,1,1,4,225.92078357703605
6,31,0,1,1,0,228.95288268294988
6,37,0,0,1,0,212.59162198356364
6,43,0,1,0,1,218.68825377965402
6,44,0,1,1,7,245.43050652031965
6,46,0,0,0,2,202.65998094064852
6,48,1,1,0,6,229.22942622679767
6,51,1,0,0,4,218.1858120691553
6,58,0,1,0,6,215.9286931682777
6,27,0,0,0,5,207.6480746677786
6,29,0,0,0,7,202.78393631097148
6,33,0,1,0,6,227.76784236898146
6,37,1,1,0,5,233.82058077888814
6,40,0,0,1,2,219.99065582059222
6,41,0,1,1,3,235.3717478982082
6,54,1,0,1,0,223.2518309227792
6,56,1,0,1,5,228.87051426271998
6,2,0,1,0,4,222.2884220301607
6,5,0,0,0,2,205.041567417156
6,14,0,0,0,4,203.03645783241842
6,21,0,1,1,1,231.48074546982002
6,23,0,1,1,5,233.33514699667577
6,28,0,0,0,2,204.06478735650498
6,32,0,0,0,6,205.98374143735722
6,38,0,0,0,5,211.82266491015085
6,39,0,0,0,1,202.09913241349642
6,43,0,0,0,4,206.06101024733888
6,55,1,1,0,5,235.31399756701268
6,58,0,0,1,4,222.71015508440854
6,5,0,1,0,7,217.2771010876038
6,6,0,0,1,6,220.5938585200737
6,7,1,0,1,3,235.11994729467224
6,10,1,0,0,6,215.7418456526076
6,14,0,0,0,6,203.5813627818299
6,17,1,0,0,1,216.137547231918
6,24,1,1,0,0,230.91768917511274
6,25,1,1,0,6,246.12847391820657
6,33,0,1,1,6,233.41122232173234
6,34,0,0,1,1,216.75599290091216
6,39,1,0,0,6,230.55815687182832
6,46,0,1,0,5,221.9592693728691
6,48,1,1,0,5,231.0992814159918
6,53,0,0,1,7,217.57803371037886
6,55,0,1,0,6,218.13866188094119
6,57,0,1,0,4,220.3681311883354
6,1,1,0,0,4,216.04995196265315
6,5,0,1,0,0,216.61906897198514
6,7,0,1,0,3,219.65982441617032
6,10,1,1,0,4,233.9063427712306
6,12,0,1,0,4,216.3850195555683
6,14,1,1,0,3,230.87493106262144
6,21,0,1,0,1,216.7741033254689
6,29,1,0,0,7,228.66213616728476
6,36,0,0,0,1,205.0316112550541
6,38,0,1,0,7,216.96729184129128
6,39,1,1,1,2,243.93897914339192
6,43,0,1,0,2,218.47154927401684
6,44,0,1,0,1,217.4254244522167
6,48,0,0,1,6,217.36843195077034
6,49,0,1,1,1,230.41164911747168
6,53,0,1,0,2,219.25144648616316
6,55,1,1,1,5,262.58255231987476
6,56,0,1,0,4,219.65261320240026
6,15,0,1,0,5,219.8674934434286
6,16,0,1,0,1,218.77554560394134
6,20,0,0,0,4,203.3733066401696
6,21,1,0,0,2,217.39684471673542
6,22,1,0,0,4,218.43840441551453
6,27,0,0,0,1,203.227243606753
6,35,0,1,0,4,217.89749507243332
6,41,0,0,1,3,220.1445779971352
6,44,0,1,0,3,218.89027218878618
6,45,0,1,0,3,220.7974329327306
6,48,0,0,1,4,218.5047342557134
6,49,0,0,1,6,217.88072651486354
6,50,0,1,1,0,234.9131883951157
6,51,0,1,1,1,232.96781734659857
6,55,1,0,1,4,233.3987101180789
6,56,0,0,1,4,218.99697243706925
6,1,0,1,0,5,207.9486782450833
6,2,1,1,0,7,232.64344731523988
6,3,1,0,0,7,234.82786912456737
6,5,1,0,1,0,226.87343166077187
6,6,1,0,1,2,229.7707729635185
6,7,1,0,1,7,242.73222654094891
6,26,0,0,0,1,204.39390490309336
6,37,1,0,1,2,232.6311997131843
6,38,1,1,1,3,257.04982637476195
6,45,0,1,1,6,243.35512740505058
6,54,0,1,0,4,219.51535959460094
6,55,0,1,0,3,220.1733879807406
6,58,0,0,0,2,208.24854532826745
6,59,0,1,0,3,212.87673227730937
6,7,1,1,0,2,235.05193774981186
6,9,1,1,0,0,229.28853782962466
6,11,0,1,0,7,218.08738436619487
6,16,0,0,1,0,216.3013664308805
6,33,1,0,0,1,217.08038397314647
6,35,1,0,0,3,217.95419060683335
6,36,1,0,0,1,219.4348949857477
6,38,1,0,1,4,235.27274443716288
6,39,1,0,1,7,233.30547657685634
6,40,0,0,0,3,204.9934345490645
6,47,1,0,0,5,215.91324204390077
6,58,0,1,1,5,232.5472260006572
6,3,0,0,0,1,201.06947590411872
6,4,0,0,1,1,217.6913691241362
6,5,0,0,0,5,204.84100801618627
6,6,1,0,0,2,216.77773108576116
6,9,0,0,0,3,205.46304845027052
6,10,0,0,0,4,201.68616199668622
6,13,0,1,0,4,216.86364213135712
6,18,0,0,0,4,201.72805236673983
6,20,1,0,0,2,220.18961587364328
6,29,0,0,1,1,216.94540186058498
6,31,1,0,1,4,232.45638161663751
6,32,0,0,1,1,218.8990950454321
6,34,0,0,0,1,206.39920558128503
6,38,0,1,0,6,218.14334996900232
6,45,0,0,1,1,218.4188263632551
6,47,0,0,0,2,205.3616625777517
6,51,1,1,0,4,233.85589137103145
6,59,1,1,0,2,227.00888759674095
6,0,1,1,0,4,231.2320226432372
6,1,0,1,0,0,214.95112079869764
6,4,0,1,0,3,221.3981862952603
6,9,0,1,0,3,224.73217952999534
6,17,1,1,0,3,243.22240269005871
6,26,1,1,0,6,233.74081782530746
6,29,0,0,0,1,204.50307657482546
6,33,0,0,1,0,216.39851262083116
6,38,0,0,0,6,203.661404406716
6,39,1,0,0,1,218.16769253373434
6,43,0,1,0,7,220.4267877165554
6,44,0,1,0,6,231.93804491015024
6,47,1,1,0,7,244.87424720737107
6,53,0,1,0,7,218.60714188071515
6,57,1,1,1,6,225.38618900174802
6,1,0,0,0,2,202.51306892153144
6,3,1,1,1,6,253.40498213654354
6,4,1,0,1,5,237.8156949017927
6,6,1,1,0,2,236.59883620817774
6,10,1,1,0,1,232.12561007583116
6,12,0,1,0,0,214.69074928866596
6,13,0,1,0,7,218.68328310736234
6,16,1,0,0,5,217.56076266417702
6,17,0,0,0,4,202.73606178094462
6,19,1,0,1,7,227.20990128971823
6,20,0,0,1,0,214.1261457681349
6,21,0,0,1,3,215.32424594571273
6,23,0,0,0,7,208.02567813412338
6,35,0,1,0,1,218.2329295016956
6,37,0,1,0,0,213.9105460689381
6,39,0,1,0,4,216.96376673434014
6,42,0,0,1,0,217.93100668445516
6,48,0,1,0,3,218.4493806221213
6,50,0,1,0,1,218.44072158942603
6,53,1,0,1,4,231.09240869940524
6,59,1,0,0,0,213.2817102515557
6,0,0,0,0,5,202.70872487083628
6,1,0,0,0,4,202.83504340204632
6,2,1,0,0,5,216.09568374584222
6,7,0,0,0,6,199.00492409993305
6,13,1,0,0,3,223.72620964083552
6,17,1,1,0,2,234.84485757040946
6,18,1,0,0,4,220.58823954158436
6,22,0,1,0,1,217.2959498347491
6,24,0,1,1,5,226.52270051741803
6,25,0,1,0,7,217.73359829189198
6,33,0,1,0,1,218.91257471583967
6,37,0,0,1,1,216.14754455799297
6,39,0,0,0,3,216.418078134513
6,40,0,1,0,5,218.7553848872152
6,45,1,0,0,0,214.1185414263631
6,46,1,0,0,5,212.33685625687693
6,57,0,0,0,2,205.15927755457867
6,18,0,1,0,3,219.23481732223917
6,20,0,0,0,6,201.35551207749984
6,27,1,0,0,4,218.72422673780926
6,36,0,1,1,5,232.87641609070744
6,49,1,1,0,5,236.3030122773369
6,3,1,1,1,2,217.69300524310597
6,5,1,1,1,2,208.54359076192355
6,6,1,1,1,3,248.77443371983003
6,7,1,0,0,3,215.4139074425236
6,9,1,1,1,5,251.85749933452342
6,21,1,0,0,4,217.6162056553632
6,25,1,0,0,6,220.13942015107764
6,26,0,1,0,6,219.26704541953933
6,28,1,1,0,0,228.73977550597408
6,29,1,1,0,3,232.19295765846027
6,30,1,1,0,2,230.6544408621494
6,40,0,0,1,1,217.41940098376386
6,45,0,0,1,7,219.198471072061
6,48,0,1,1,5,233.26901059652172
6,55,0,1,1,2,235.04637242451676
6,4,0,0,0,1,203.77440547227343
6,11,0,0,0,6,209.4730750432779
6,12,0,1,0,7,221.7428319137412
6,14,0,1,0,1,216.53667844976587
6,16,0,1,0,5,216.6226667235093
6,25,0,1,0,3,222.78576803581555
6,31,1,0,0,1,218.20569418510334
6,33,0,0,1,4,219.8793215799092
6,34,1,0,1,1,233.0335324480209
6,35,1,0,0,0,216.4306369943336
6,37,1,0,0,3,220.51319117265857
6,42,0,1,0,4,220.6352415906052
6,43,1,1,0,7,244.8985445880039
6,48,1,1,0,7,228.03737119708433
6,51,0,1,0,7,229.93816266829376
6,52,0,0,1,5,222.7031780756043
6,59,0,1,1,4,235.01874081084733
6,5,0,0,0,4,202.97540591590706
6,16,0,1,0,3,218.9944610202521
6,18,0,1,1,2,229.8227810578798
6,19,0,0,1,7,216.09231994127848
6,20,0,0,1,2,218.1162948807056
6,30,0,0,0,6,204.84499882722153
6,34,1,1,0,7,230.81421819352116
6,35,1,1,0,3,237.45302589348051
6,36,1,1,1,0,204.1794220303529
6,37,1,1,1,5,250.32853860137737
6,40,1,1,1,6,241.33667735760875
6,41,1,0,1,7,229.26218848957416
6,58,0,1,0,1,216.3731362132562
6,2,1,0,0,2,217.46634892971636
6,8,0,1,0,1,215.76362760717006
6,10,0,1,0,2,220.0513187198658
6,11,0,1,0,1,217.88503633726455
6,12,0,1,1,6,232.60508647931363
6,13,0,1,1,0,227.0991617890867
6,14,0,1,1,7,228.65566946735072
6,16,0,0,0,7,203.854417267186
6,20,0,1,0,7,231.84827135606446
6,21,1,1,0,1,233.06527699701974
6,22,1,1,1,2,247.34501184828198
6,23,1,0,1,4,226.77181249306182
6,25,0,1,0,2,218.61248186734474
6,32,0,0,1,0,217.96796122991555
6,33,0,0,1,3,217.7031122212295
6,39,0,1,0,1,217.00193396506987
6,40,0,1,0,0,215.00712570473294
6,41,0,1,0,7,232.46381448359165
6,48,0,1,0,1,216.86748065730808
6,2,0,1,0,3,217.21567938103615
6,6,0,1,0,6,228.8270742874097
6,18,0,0,0,5,199.40961443905766
6,25,0,0,0,4,203.85859168007045
6,27,1,0,1,2,224.782918541283
6,28,1,0,1,0,226.565539657027
6,29,1,0,1,6,235.33013345656394
6,36,1,1,0,2,232.73731962996828
6,44,0,1,0,5,221.1838344254083
6,45,1,1,0,2,234.28133956969367
6,51,1,0,1,5,238.30997294208092
6,58,1,0,0,4,219.5628657481634
6,50,0,0,0,6,208.4047692277358
6,57,1,1,0,3,239.1259881334078
6,58,1,0,0,3,218.16308700514824
6,59,1,1,0,5,229.748127391733
6,1,0,1,0,3,212.32553136131858
6,4,0,0,1,4,217.29354291367923
6,5,0,0,1,6,218.51689945694596
6,6,0,0,1,5,217.22732854974282
6,8,0,1,0,7,215.72489053282794
6,15,1,0,0,4,218.25827243945196
6,19,1,1,1,5,253.30927948454317
6,28,1,1,0,7,231.46455559113576
6,29,0,0,0,5,210.71296036801039
6,31,1,0,0,3,218.83443655375484
6,33,1,0,1,0,221.468472591242
6,36,0,0,0,4,202.594100323167
6,42,1,0,0,1,217.53714380489876
6,55,0,0,0,1,202.82812007492433
6,58,0,0,1,1,219.77108621149642
6,0,0,1,1,4,231.45111026262936
6,5,0,0,1,4,215.57997264438723
6,6,0,0,1,1,219.66828145152917
6,9,0,0,0,6,206.43227221681576
6,19,0,1,0,3,221.66607066492423
6,20,0,1,0,6,220.31638517154585
6,31,0,0,0,1,201.3155150305331
6,38,0,0,0,3,197.79158069986497
6,41,1,0,0,5,215.8143134304139
6,48,0,0,1,0,214.76839003107074
6,56,0,0,1,6,222.60316313407375
6,57,0,1,1,2,236.86972345501079
6,58,0,0,1,5,223.5555448783001
6,1,1,0,1,1,224.34263779087988
6,4,1,1,1,4,240.55992827365094
6,5,0,1,1,0,229.63022200759215
6,6,0,1,1,2,231.91433774255938
6,7,0,1,1,0,230.52905358570288
6,9,0,1,1,7,231.9578363328887
6,11,0,0,1,7,215.53861983878795
6,14,0,0,0,2,203.26879043889602
6,20,1,0,1,3,225.1063281734653
6,25,0,1,1,6,233.18083980569114
6,26,0,0,1,5,215.7362355112137
6,29,1,0,0,6,216.72806941940482
6,30,1,0,0,2,219.50549711601946
6,35,0,0,0,1,201.92839967161265
6,42,1,0,0,5,219.1029615548263
6,49,1,1,0,3,232.69888454723164
6,51,1,0,0,7,220.4575671007308
6,52,1,0,0,6,224.57821119325797
6,59,0,1,0,6,214.84046234353337
6,1,0,1,0,1,215.3520922124527
6,2,0,1,1,6,232.9035475143225
6,3,1,1,1,0,208.40407294294636
6,5,1,1,1,5,243.65200210800234
6,8,0,0,0,4,204.8401481857622
6,13,1,0,0,7,211.53994473022794
6,14,0,0,1,6,213.68845438748977
6,27,0,0,1,0,214.97082797285668
6,30,1,1,1,2,226.9672027738594
6,32,0,0,1,4,226.81498002418067
6,41,1,0,0,1,214.5980486602237
6,42,1,0,0,4,218.79253326864415
6,45,1,1,0,7,243.21538269755374
6,47,0,0,0,1,203.36313490310908
6,28,1,1,0,3,240.43506339306657
6,29,1,0,0,4,218.96592830499006
6,36,0,0,1,1,220.37526224384888
6,37,0,0,0,1,204.29337114706738
6,54,1,0,0,3,218.93168608424523
6,55,1,1,1,4,248.9433778705622
6,4,0,0,0,6,204.15843113592854
6,6,0,0,0,6,210.41131684596223
6,7,0,0,0,5,194.09865830977205
6,9,0,0,0,2,206.3982304512891
6,10,0,0,0,5,202.8955756462955
6,24,0,1,0,7,218.1000690368259
6,28,1,0,0,6,224.1917902291296
6,33,1,0,1,4,226.3946390677873
6,34,0,0,1,6,233.32305146363953
6,35,0,0,1,0,216.16418697218995
6,36,0,0,1,6,216.037974656692
6,37,0,0,1,3,223.87610336730188
6,42,0,1,1,6,231.60332750095773
6,43,0,0,1,2,220.10664023616343
6,44,0,0,1,3,217.12848111449114
6,45,0,0,0,2,206.57224179306664
6,48,1,0,0,1,214.668857589513
6,2,1,1,0,3,234.09180384408342
6,7,1,1,1,4,222.4227163177196
6,8,0,1,1,4,231.09401783405673
6,11,0,0,1,3,213.4718871037153
6,13,1,1,0,3,230.90050337866614
6,16,1,0,0,6,217.3649955131662
6,19,1,0,0,6,216.91098305440474
6,33,0,0,1,6,223.37081071421852
6,37,1,1,1,1,244.02527460917273
6,45,0,0,0,6,207.52175889267184
6,46,0,0,0,1,201.79999671779666
6,51,1,1,1,6,254.6659304739085
6,52,0,0,1,1,217.14521277953804
6,56,1,1,0,1,232.92923621692825
6,58,1,1,0,1,227.30704277292355
6,0,1,0,0,6,217.91045588598286
6,23,0,1,0,6,217.62770674557342
6,24,1,1,0,5,234.04003841888428
6,40,1,1,0,3,232.90809907173815
6,43,1,0,0,2,220.04994731749161
6,57,1,0,0,6,221.99691446461378
6,3,0,1,0,2,221.74985652756686
6,4,0,1,0,7,228.21996737397316
6,16,0,1,0,6,222.28715544130293
6,23,1,0,1,2,235.59980006812475
6,24,1,1,1,5,178.61824549599518
6,30,0,0,0,2,200.97712920569987
6,39,0,0,1,2,220.40086207406483
6,52,0,1,1,7,233.78991411637114
6,54,1,1,0,3,235.2885659076889
6,56,1,0,0,4,218.47193356927806
6,34,1,1,0,2,231.94492156166928
6,39,0,1,0,5,218.04446557050468
6,50,0,1,0,0,216.20890139350672
6,56,0,1,1,5,237.38105477917736
6,57,1,1,0,7,231.16070233025772
6,59,0,0,1,5,217.59524490133995
6,2,0,0,1,1,220.11941354680042
6,4,0,0,1,3,224.66512386117236
6,8,0,0,1,6,218.3375113851402
6,11,0,1,1,3,236.29734603494956
6,18,0,0,0,6,210.08501644499862
6,23,0,1,0,2,216.52837900035635
6,28,0,0,1,0,216.53095424821976
6,30,0,0,1,2,218.5791800118306
6,31,0,0,1,3,216.38930072282042
6,34,0,0,0,6,206.88657761212585
6,46,0,1,1,2,234.8471311243563
6,47,0,0,1,7,232.04948162736775
6,14,1,0,0,3,219.74360144783273
6,17,1,1,0,5,233.6538196057585
6,18,1,1,0,4,235.64116359470586
6,26,1,0,0,7,225.9947983034961
6,33,1,0,0,6,218.99219898503185
6,41,0,0,0,1,202.4146780666478
6,42,0,0,1,5,218.75687575818733
6,49,0,0,0,5,202.8790950767255
6,53,1,1,0,1,235.46894219954197
6,0,0,0,1,1,215.88426182180228
6,6,1,1,0,5,235.07246296326142
6,12,0,1,0,3,220.81404162582123
6,18,1,0,0,7,229.06564990845888
6,26,0,1,0,3,218.1961662545161
6,38,1,1,0,1,232.59827438145965
6,44,1,0,0,4,221.50107005880406
6,50,1,1,0,2,234.2499483094283
6,51,1,1,0,7,240.6612490114823
6,1,0,0,0,7,198.83017982490819
6,6,0,0,0,2,201.86406878407203
6,12,1,0,0,4,215.66069999363344
6,15,1,1,0,3,235.83407104402042
6,19,0,1,0,5,219.06300606198926
6,22,0,0,0,4,196.44319119309114
6,38,0,0,0,7,200.64644580297224
6,46,1,0,0,7,228.75647851399304
6,49,0,1,1,0,223.65773387801462
6,50,0,1,1,1,235.77830177929218
6,56,1,0,0,6,218.57172658968548
6,4,0,1,1,3,234.16564281378325
6,5,0,0,1,7,219.07182688048957
6,10,0,0,0,7,210.66459359585923
6,13,0,1,0,1,217.7407025053295
6,15,0,1,0,7,227.8980498997721
6,17,0,1,0,3,218.60692062666894
6,34,0,0,0,3,203.9340868549288
6,41,0,1,0,6,219.51665858360548
6,43,1,0,0,5,219.92225690565417
6,50,0,0,1,6,218.96649464222946
6,51,0,0,1,0,216.4257144818845
6,54,1,1,0,4,233.88131067350199
6,1,0,0,0,6,211.27881296025004
6,2,0,1,0,7,213.06852761191297
6,6,0,1,0,1,217.44835793435192
6,19,0,1,0,1,216.97489334103545
6,21,0,1,0,5,221.1512953788038
6,27,1,0,0,5,213.73103231534972
6,35,0,1,0,3,229.7436505921427
6,36,0,0,0,3,203.62429521062703
6,40,0,0,1,3,223.6619299301622
6,47,0,1,0,0,214.0857312211286
6,6,0,0,0,7,203.26069740387064
6,7,1,0,0,1,217.81332816420343
6,8,1,0,0,4,217.6401718774299
6,23,1,0,1,6,228.24233471460906
6,32,1,1,0,1,230.83691539238166
6,46,0,0,0,5,205.0731003686964
6,47,1,0,1,7,245.47583387757535
6,52,0,1,0,7,230.39033697221413
6,0,0,1,0,2,218.32636579187667
6,2,0,0,0,3,205.230469876492
6,7,0,0,0,1,201.77277763096086
6,15,1,1,1,6,255.8671698208988
6,16,0,1,1,2,234.0579974219287
6,22,1,0,1,1,232.2851789715894
6,26,1,1,0,1,232.17269205355134
6,30,1,1,0,7,229.32620362849207
6,31,1,0,1,2,233.61443922815573
6,32,1,0,1,6,226.0177022227488
6,40,1,0,0,0,214.7315205914947
6,41,1,0,0,3,216.27120345117717
6,49,0,1,0,2,219.05870763546181
6,11,1,0,0,3,217.4933969975892
6,17,1,0,1,0,230.64380241195025
6,19,1,0,0,5,219.56364379100893
6,21,1,0,0,6,227.36020557608816
6,25,0,1,0,6,220.68589201266767
6,29,0,1,1,7,231.27380677279567
6,34,1,1,0,0,230.67288598814116
6,37,1,0,0,1,216.6550404899643
6,8,0,0,0,3,204.02690339458547
6,14,1,1,1,5,252.74996265981153
6,18,1,1,0,7,243.7265092494645
6,22,0,1,0,6,218.56333106754272
6,30,0,0,0,3,204.49090678108828
6,35,0,0,1,6,229.3965155385901
6,47,0,0,0,5,209.7509616712905
6,52,0,1,1,0,232.2926124810763
6,53,0,1,1,1,232.2769007957368
6,4,1,1,0,7,233.239267232353
6,5,0,0,0,1,205.9532981520424
6,20,1,1,0,1,229.03307634371052
6,22,1,1,1,6,245.12387787617683
6,23,1,1,1,5,248.75959525688168
6,25,0,1,0,5,218.61800876356622
6,30,0,0,0,7,215.3668734936921
6,47,1,0,0,6,217.2753962642613
6,54,1,0,0,6,215.80407035934857
6,7,0,0,1,2,215.32047667757465
6,8,0,0,1,1,217.85655743136303
6,9,0,0,1,0,215.50834138185013
6,10,0,0,1,7,224.46416770764327
6,11,1,0,0,6,216.42870300812845
6,18,0,1,0,6,214.36117858624186
6,24,1,0,0,3,222.7222862290165
6,25,1,0,0,3,221.3559003779897
6,29,0,1,0,1,214.60433029802866
6,31,0,1,0,4,219.70281179456663
6,33,0,1,0,3,220.93390250919404
6,49,0,0,1,5,216.6232634051732
6,10,1,1,0,2,233.0050930571708
6,13,1,1,0,5,239.60286060091647
6,16,1,1,0,4,233.78563675047118
6,48,0,1,0,5,216.31389329165233
6,4,0,1,0,6,220.2204155250199
6,5,0,0,0,3,205.44062478478767
6,7,0,1,0,5,219.49562112386326
6,8,1,1,0,1,234.17787327015654
6,9,1,1,0,4,234.45768613374292
6,14,0,1,1,1,232.89785272879752
6,15,0,1,1,2,232.89349318530958
6,16,0,0,1,4,218.33476954649348
6,26,0,1,0,1,217.1539472695629
6,35,0,0,1,3,216.99403382788665
6,57,0,1,0,1,219.84214316530512
6,58,0,1,1,2,233.95885327379506
6,59,0,0,1,7,231.6896553819394
6,0,1,0,0,7,224.95217717714635
6,3,0,1,0,5,220.4186115183
6,6,1,1,1,0,209.72846981758047
6,9,1,0,0,6,217.31983402046998
6,17,0,0,1,4,216.7854642839199
6,18,1,0,1,2,232.93013421352936
6,20,0,1,1,0,230.93446176580534
6,24,0,1,0,0,215.48926400950566
6,26,0,1,1,1,233.6167618173471
6,29,0,1,0,7,215.4152036187786
6,34,0,0,1,2,220.88473898697177
6,39,0,0,1,1,219.78519593470435
6,54,0,1,0,6,217.9227537803137
6,10,1,1,0,6,237.3293738314485
6,11,1,0,0,4,217.45215921924375
6,16,1,0,1,7,244.07437661358009
6,19,0,0,1,6,216.1674638898559
6,35,0,0,1,2,219.16088648965456
6,36,0,0,1,2,216.88056551865444
6,39,1,1,0,6,235.79335617775135
6,40,0,1,0,7,217.66917288421513
6,43,0,1,0,4,215.74234731270997
6,44,0,1,0,2,221.65197081129844
6,55,1,1,1,6,251.42974011147615
6,56,0,1,1,1,233.6104103602787
6,59,1,1,1,0,242.33485672028877
6,33,0,1,0,2,221.4070457556927
6,36,0,0,0,5,202.4913948497675
6,37,0,0,0,6,207.0839074565141
6,42,1,1,0,4,232.4468075613719
6,59,1,1,0,7,241.17422826031427
6,0,1,1,0,1,231.19675446775415
6,3,1,1,0,4,234.03664769592856
6,6,0,1,1,0,229.54138367962395
6,7,0,1,1,6,235.42772589619673
6,10,1,0,0,5,220.8918778720991
6,18,1,0,0,5,211.56265925587192
6,31,0,0,1,4,216.12093496453235
6,32,0,0,1,2,218.46213499558718
6,34,0,1,1,5,234.29483431322683
6,38,0,1,0,5,216.3477410232734
6,43,1,0,0,3,217.6778200792974
6,52,1,1,0,3,235.99997250001996
6,55,0,0,1,4,217.65598828922998
6,0,0,1,0,6,218.0165940717989
6,29,0,0,0,0,200.15338354406245
6,35,1,1,0,5,234.6634830849066
6,40,0,1,1,7,248.52543027837163
6,53,1,0,0,3,220.4947780883872
6,57,1,1,1,3,217.5567001302678
6,58,1,0,1,6,240.1041141207726
6,9,0,1,1,2,231.7828360081497
6,22,1,1,0,0,230.664355726134
6,25,1,0,0,4,212.7238380129502
6,31,0,0,0,7,200.1146049629567
6,39,1,0,0,5,218.8143956055687
6,43,1,1,0,2,233.52288337254265
6,47,0,0,1,1,219.76276656231306
6,57,1,0,1,4,233.74691108610853
6,0,1,0,0,5,217.4209892503407
6,2,0,0,0,1,205.38528615562655
6,4,0,0,0,7,212.64662279760842
6,6,0,0,1,3,221.38832471994743
6,34,0,0,1,4,218.21586797419056
6,41,0,0,1,2,218.04551302808298
6,45,0,1,1,5,234.23205913391908
6,49,0,1,0,5,219.5877556391241
6,51,0,1,0,0,215.33271959170824
6,21,0,1,0,4,216.49254071820536
6,30,0,1,0,6,216.59734699170787
6,31,1,0,0,2,218.4096377203957
6,32,1,0,0,3,230.22626076599823
6,35,1,0,0,6,232.07010817502717
6,36,1,1,0,7,229.7215402226689
6,43,0,1,1,6,223.73973411631712
6,48,1,0,0,2,218.22388763973072
6,57,1,1,0,4,232.12187259679473
6,59,1,0,0,2,216.71708602002258
6,10,0,1,0,7,227.9965365657728
6,13,0,1,0,6,227.7661328806691
6,24,0,0,1,2,219.68034953916109
6,25,0,0,1,6,212.14881162383477
6,26,1,1,1,0,243.7431559961823
6,28,0,0,1,3,223.6492153722858
6,40,0,1,0,2,212.40091448388506
6,45,0,0,1,3,220.68350610774766
6,49,1,1,0,2,233.2224201305091
6,51,1,0,0,5,218.89347336107696
6,58,0,1,0,2,219.56784196050742
6,0,1,0,0,3,215.7195003535927
6,1,1,1,0,0,229.83374988822948
6,3,1,1,0,5,233.96981479583314
6,7,1,0,0,5,216.32595011136087
6,16,0,0,1,1,219.28197305647964
6,19,1,1,0,2,232.45758637755242
6,21,1,1,0,6,232.05273670309685
6,27,0,1,0,3,221.12665473809182
6,37,1,0,0,5,218.95814868652445
6,38,1,0,1,2,234.41408975700895
6,39,1,0,1,2,235.83855858346396
6,40,1,0,1,3,233.15623865071134
6,54,0,0,1,1,218.550632703302
6,13,0,1,0,2,217.40912856286496
6,21,0,0,1,5,220.88107715771707
6,26,1,1,0,2,231.2701013990488
6,42,0,1,0,5,219.21697569369772
6,45,0,0,1,2,218.6454377195631
6,7,0,1,0,0,213.50697060091798
6,15,1,0,0,2,219.0257547397478
6,29,1,1,0,6,234.65245571193137
6,34,0,1,1,2,234.24423313664056
6,41,0,1,0,4,217.8322587002018
6,43,1,1,0,6,232.81670184007785
6,47,1,0,0,1,215.52976207688437
6,50,1,0,0,2,217.89881560898507
6,4,1,0,0,6,220.82165832769005
6,6,0,1,0,4,218.14936816829194
6,9,1,0,0,3,217.2418681719348
6,11,0,1,0,2,218.21070993067332
6,16,1,1,0,3,237.86801637183513
6,19,1,0,0,3,219.61400512284706
6,22,1,0,1,5,233.93238817313116
6,26,0,0,1,6,213.96192563285902
6,28,0,0,1,1,218.34863727296135
6,38,1,0,0,3,215.19101114053234
6,39,1,1,0,7,254.37085806197913
6,38,1,1,0,3,238.18024442024972
6,39,1,1,1,3,250.3146837763027
6,41,1,0,0,4,216.6238582748005
6,54,1,0,1,2,232.23918834213836
6,55,1,0,1,3,232.54842439494072
6,57,1,1,0,6,229.51086812620753
6,7,0,1,0,1,219.15623179632456
6,12,0,1,1,3,233.79261409974526
6,20,0,0,0,2,203.83933764335188
6,46,1,1,0,1,231.4602267859907
6,22,0,0,1,6,214.67421893614767
6,23,0,0,1,1,215.68545915764955
6,26,0,0,1,7,215.71806195574837
6,29,1,0,1,3,229.9441834731378
6,30,1,1,0,6,222.8986836587758
6,43,0,1,0,0,216.29286203561898
6,49,0,1,0,3,225.152446318563
6,52,1,1,0,2,237.0215876854962
6,54,1,0,0,5,217.20275650736582
6,3,0,0,1,3,225.2678868389105
6,23,1,0,0,6,220.3970552994004
6,28,0,0,0,1,204.20924589466048
6,33,1,1,0,4,235.73657657480982
6,43,0,1,1,2,232.44468477216415
6,8,0,1,0,4,217.11544621249794
6,9,1,1,0,2,234.25205427930047
6,19,0,1,1,5,230.91981437773762
6,59,0,1,0,4,215.8369720973856
6,5,1,1,0,7,246.34256313466753
6,14,1,0,0,6,226.6875858884917
6,26,1,0,0,3,217.3343180080498
6,42,0,1,0,3,219.4236476328181
6,49,1,0,0,7,224.08570579748678
6,2,0,1,0,6,217.35176264285596
6,3,1,1,0,2,234.2257467972229
6,5,1,1,1,3,232.52375525223295
6,11,0,1,1,6,241.3237501844857
6,12,0,1,1,2,233.92568360111528
6,14,0,0,1,2,217.7009661622341
6,20,1,1,0,5,231.93356149837086
6,21,1,1,0,4,231.1848812819238
6,23,1,1,0,6,231.40229716510703
6,41,0,0,1,5,218.16158836077716
6,54,0,1,1,5,233.14448209208325
6,12,0,1,0,1,218.1900118353791
6,21,0,1,1,7,231.65677988177418
6,49,0,0,1,7,229.04676863472616
6,10,0,1,0,1,217.59758067753006
6,11,0,1,0,3,219.00627709918655
6,12,0,1,1,1,233.55692130189001
6,26,0,1,0,7,227.8816330622314
6,30,0,0,1,4,216.84923612123708
6,59,0,0,1,2,216.54566588230526
6,0,0,0,1,2,215.95790160890886
6,1,0,0,1,2,216.70176087316372
6,3,0,0,1,2,217.66719858407757
6,11,1,0,1,5,229.91695816425127
6,21,0,1,1,3,230.95420101479203
6,34,1,0,0,1,216.60346162967116
6,35,1,0,0,7,216.59256044423782
6,44,0,1,0,4,221.35111902434295
6,47,0,1,0,7,219.04820757942022
6,0,1,1,0,6,236.68754812107352
6,4,0,0,1,6,215.87480885431393
6,19,1,1,0,0,228.51590783205197
6,21,1,1,0,0,230.14475407925
6,22,1,1,0,2,235.0767205194525
6,27,0,0,1,7,216.72212198677775
6,32,0,1,0,6,219.37452739263824
6,47,1,1,0,3,229.8186743778627
6,51,1,1,0,2,236.1030638991089
6,59,0,1,1,3,233.6870472662741
6,19,0,0,1,5,216.25685626092937
6,21,0,1,1,4,233.28279656531575
6,22,1,1,1,5,252.36165142817057
6,27,1,1,1,0,213.0441736921543
6,28,1,1,1,7,240.00754296482867
6,45,1,1,0,5,234.53098413590013
6,12,0,0,1,5,221.6269974024288
6,16,0,1,1,4,232.65906317338224
6,50,1,0,0,1,219.1115991052942
6,2,1,0,0,1,216.0810008274632
6,27,1,0,1,3,238.93683505488985
6,29,1,0,1,7,235.49850985767515
6,36,1,1,0,3,226.78449611449716
6,51,1,1,1,1,226.0648634860151
6,57,1,0,0,7,227.04067390062625
6,1,0,1,0,6,212.13069907813787
6,9,0,1,1,4,231.64337169030898
6,10,0,1,1,7,241.01335784212603
6,12,1,1,0,4,231.69437504426912
6,18,0,1,0,1,217.2102817149984
6,24,0,0,1,7,219.82692824863219
6,50,0,1,1,3,236.72146164922927
6,0,0,1,0,5,218.60597168541597
6,9,1,0,0,5,217.52618936274033
6,26,0,0,0,2,204.74694284828084
6,37,0,1,1,6,234.99020797477806
6,38,0,1,1,5,232.6995824855875
6,46,1,1,0,2,233.57031469851643
6,55,1,0,1,2,231.51024574467502
6,56,1,1,1,3,255.98622387274852
6,57,1,1,0,0,230.15277215618636
6,58,1,1,0,6,240.9596393877833
6,2,0,1,0,1,215.30446525825644
6,11,1,0,0,5,225.24951051408894
6,20,0,1,1,6,232.57957799016557
6,21,0,1,1,5,231.05892818499882
6,23,0,0,0,5,203.28021518331602
6,38,0,1,0,3,231.24378495578634
6,49,0,0,1,1,218.04399911141067
6,53,0,0,1,1,219.4456685778597
6,0,1,1,0,7,232.07523060896526
6,34,0,1,0,2,220.47410511055548
6,41,1,1,0,3,232.96973149747254
6,45,1,1,0,1,233.07493284847857
6,46,1,1,1,5,226.40828872924075
6,7,0,0,0,2,203.04916809042743
6,8,0,0,0,1,204.22227234794718
6,14,0,0,1,0,215.99311815577386
6,46,0,0,0,3,203.34403064175171
6,56,0,0,1,2,220.30358494772958
6,4,1,1,0,6,237.33785143226999
6,10,0,1,1,5,233.96515853332755
6,20,1,0,1,7,242.63973439308026
6,24,0,0,1,6,228.25146454025293
6,25,0,1,1,7,246.36993505189648
6,39,0,0,1,0,216.59454440928687
6,46,1,0,1,1,230.46645988156146
6,52,0,0,0,4,205.97022744038566
6,4,1,1,1,5,220.22736291466518
6,14,0,0,1,7,217.32483823203165
6,23,0,1,1,3,232.58499607628164
6,25,0,1,0,1,217.29928154749152
6,45,1,1,0,0,232.83640890144486
6,47,1,1,0,1,231.67100305354018
6,49,1,1,1,0,206.72813462732182
6,50,1,1,1,0,213.60890180710328
10,1,0,0,1,7,24.20236668803146
6,14,1,0,0,4,219.4712048724045
6,21,0,0,1,7,219.6390156054435
6,23,0,0,1,2,215.19029801679787
6,24,0,0,1,5,219.73363142507847
6,28,1,1,0,5,234.2171469190531
6,54,1,1,0,5,234.82925662435028
6,3,0,1,0,3,219.73447019047018
6,20,0,1,1,2,232.94634452455844
6,27,1,0,0,3,214.98894814844726
6,32,1,0,0,1,221.3626936153156
6,33,1,0,0,0,216.9736843768347
6,58,0,0,1,3,222.58942093496597
6,3,0,1,0,1,219.82994165397741
6,13,1,1,0,7,229.09080599906704
6,17,0,0,1,3,209.27058321142155
6,19,1,0,0,4,217.41222863282823
6,20,0,0,0,1,202.33947189080638
6,27,0,1,0,7,227.7059562893269
6,45,0,0,0,4,202.94258107491333
6,55,1,1,0,3,239.64342193015588
6,1,1,0,1,7,247.09290362205456
6,8,1,0,0,7,217.2774940240886
6,24,0,1,1,2,233.88745723074396
6,27,0,0,1,3,224.01545349970598
6,51,0,0,1,6,221.66611589972285
6,52,1,1,1,1,232.04655716604663
6,53,1,1,0,5,234.25944231826773
6,5,0,1,0,6,223.18886799710157
6,21,0,0,1,6,222.96351834471366
6,22,1,0,1,7,234.60098305144427
6,42,0,0,1,2,217.1099071876346
6,43,0,0,1,4,220.40725630931004
6,53,1,0,0,7,219.61354607932284
6,6,1,0,1,7,229.38505548355204
6,11,1,1,0,4,234.03460025996938
6,21,1,0,0,0,213.96152154763286
6,27,1,1,0,5,236.28942227804552
6,28,0,1,1,5,233.07974404794274
6,29,0,1,1,3,235.54942000233524
6,40,1,1,0,4,229.7676515131742
6,48,1,0,0,4,217.92050447734462
6,50,1,0,0,0,216.16912014714222
6,53,0,0,0,6,206.20616957932825
6,7,0,0,1,7,226.59292178287618
6,12,0,1,0,5,216.98255347713618
6,19,1,0,0,2,216.5892608674482
6,20,1,1,0,7,242.32131474298333
6,35,1,1,1,4,239.10671667947528
6,38,0,1,1,6,242.12983411540404
6,39,0,1,1,0,231.54820499152655
6,40,0,1,1,3,239.27457652631188
6,41,0,1,1,2,235.91898201207337
6,50,0,1,0,6,229.1617902572386
6,3,0,1,1,5,236.31820866082705
6,37,1,0,0,4,218.47434630089725
6,41,1,1,0,7,244.50887783082396
6,43,0,0,1,7,218.14895611596012
6,45,0,0,1,6,226.63432221516106
6,56,0,1,0,3,228.69485909178638
6,58,0,0,1,6,222.7063441699632
6,12,1,0,0,1,215.1019914207142
6,14,1,0,0,7,219.9250106877613
6,24,1,1,0,4,234.61289440865002
6,52,1,0,1,0,224.84997907355228
6,54,1,0,1,1,231.0990440922898
6,3,1,0,0,6,217.53436424168217
6,17,1,0,0,7,228.02825149262713
6,21,1,0,1,7,245.80552447364127
6,35,0,1,1,0,231.44976520818315
6,41,0,1,0,3,217.06822098899727
6,50,1,0,0,7,218.9079332303649
6,8,1,1,0,5,233.92208400889854
6,15,0,1,0,6,219.70407210620223
6,16,0,0,0,4,202.6036630022071
6,30,0,0,1,3,217.41549064199995
6,31,0,0,1,6,201.75389762137686
6,32,0,1,1,1,232.81724441932832
6,46,1,1,0,0,230.31405368469433
6,19,0,1,1,3,237.8177810807398
6,40,1,1,0,1,231.90687217630375
6,54,1,0,1,3,232.0496287079762
6,18,1,1,0,2,236.14042389824792
6,21,0,0,0,3,204.44351171109335
6,25,0,0,1,3,216.49630542025426
6,27,0,1,1,6,220.83366936874185
6,32,1,1,0,2,242.35956921255215
6,35,1,0,0,4,216.3152526760363
6,32,1,0,0,7,220.08991736605512
6,37,1,0,0,6,227.9388099272363
6,42,1,1,0,3,229.51921118188437
6,45,1,0,0,4,220.85670736944394
6,55,1,0,1,7,243.8813478349615
6,16,0,1,0,2,217.705461882042
6,44,1,0,0,1,215.65172893965317
6,50,0,0,1,2,219.3124702985289
6,4,0,1,1,5,236.6252155873722
6,19,1,1,0,1,231.4229032630188
6,48,1,0,0,3,218.8921423895275
6,49,1,0,0,1,216.90187723928952
6,57,0,0,0,3,204.40204538240002
6,3,1,0,1,5,236.4102463967059
6,7,1,0,0,2,220.22005266044764
6,25,1,0,1,5,235.90623773531462
6,29,1,0,1,1,230.29596828846226
6,31,1,1,0,1,231.81182332694448
6,3,1,0,0,5,221.18300771136637
6,9,0,1,0,1,218.56509706983627
6,15,0,0,1,4,219.06182028723447
6,32,1,1,1,2,166.76188352719765
6,40,1,1,1,2,233.93210268609366
6,42,1,0,1,1,214.46400927227808
6,46,0,0,1,1,218.04570853037944
6,40,1,0,0,4,219.6721505002203
6,44,1,1,0,0,231.8364174563293
6,10,1,0,0,0,214.75501575130104
6,18,1,0,1,7,244.57896958477463
6,20,1,1,0,4,231.33965073651004
6,22,0,0,1,0,213.82727340156518
6,29,0,1,1,5,234.34591689280109
6,52,1,1,0,1,232.36636822671755
6,5,0,0,0,7,210.14359298987335
6,18,1,1,0,0,229.9482930304938
6,22,0,1,0,0,215.29479169436374
6,27,0,1,0,2,220.46246345824312
6,36,0,1,0,6,217.7033813715645
6,38,1,1,1,4,236.3374971457074
6,43,0,0,1,5,224.770232648623
6,53,0,1,1,7,242.9309526212632
6,6,1,0,1,6,228.63986573383332
6,12,0,0,0,1,202.53928202726368
6,13,0,0,1,6,217.86276765448432
6,21,1,1,1,3,249.97074298427128
6,23,1,1,0,5,237.0909293940833
6,27,1,0,0,2,219.86157422008662
6,38,1,1,0,5,233.27555809843125
6,15,1,0,0,5,217.38510925115023
6,24,0,1,0,4,218.18668668671327
6,56,1,0,0,7,229.4957170862425
6,22,0,0,1,3,213.27013401236684
6,28,1,0,1,2,227.4938691611173
6,29,1,1,1,1,244.87591573314643
6,30,1,1,0,5,230.69445292572505
6,32,0,1,0,7,227.13895949363635
6,33,0,1,0,7,216.61598826765015
6,45,0,1,0,7,221.7633245015136
6,58,0,1,1,4,231.4049366235068
6,0,0,1,1,1,228.83353619005268
6,18,0,1,0,5,219.84068783730572
6,19,1,1,1,7,239.31456488328277
6,31,1,0,0,4,217.96304004374693
6,46,1,1,1,6,258.0201710375037
6,52,0,0,1,3,220.20519149157064
6,6,1,0,0,4,219.5996853911219
6,10,1,0,1,3,232.8554027937898
6,23,1,1,0,1,229.27875170611458
6,24,1,1,1,7,251.11529029013175
6,27,0,1,0,5,216.99371156066488
6,28,0,1,0,3,216.72497376018197
6,36,1,0,1,0,233.4240413451882
6,17,0,0,0,2,201.14293320157432
6,46,0,1,1,7,235.54114767518797
6,56,0,1,1,6,236.41653558349174
6,3,0,1,1,4,234.60795959814226
6,13,0,0,1,1,216.09880192297186
6,21,0,1,1,6,240.1601459917255
6,28,0,0,0,7,200.77948928866087
6,51,1,1,1,2,190.6147981984994
6,58,1,1,0,4,231.07440928591876
6,24,1,1,0,1,231.05813211494544
6,51,1,0,0,2,219.23430312414442
6,52,1,0,0,5,219.03215840316358
6,53,0,0,1,6,217.67865220281936
6,54,0,1,1,1,233.1432444336461
6,59,1,0,1,1,234.35720192552589
6,17,0,1,0,4,216.73944083999845
6,44,0,1,1,4,230.73154411826135
6,24,1,1,1,0,207.61427323898846
6,4,1,0,0,0,216.8672153838155
6,5,1,0,0,3,220.42587402023713
6,11,1,1,0,6,235.0335474324606
6,22,0,1,1,6,234.04085375729989
6,23,0,0,1,5,214.80784906978317
6,36,0,0,1,5,227.95407661819823
6,37,0,0,1,7,214.56832658276664
6,42,1,0,1,3,229.00520366673553
6,14,0,1,0,7,231.75263701072345
6,22,1,0,0,0,215.0487602609938
6,23,1,0,0,2,220.4683423253144
6,24,1,1,0,3,236.2311773593238
6,28,1,1,0,4,235.75471089515582
6,43,1,0,0,4,220.17082368845976
6,52,0,0,1,0,214.2688549160527
6,57,0,0,1,4,218.01198352711273
6,2,1,1,1,7,178.09233142485337
6,13,1,0,0,6,216.30610268279537
6,42,1,0,1,5,240.55383666588466
6,51,1,1,1,7,203.09077495438288
6,32,0,1,1,3,235.20606796620947
6,34,1,0,0,3,219.95527166822254
6,6,1,0,0,1,216.79127616513816
6,9,0,1,1,3,248.96166253094609
6,10,0,1,0,6,217.82896821232055
6,15,0,1,0,4,219.98347560795125
6,57,1,1,1,2,241.52614585732366
6,58,1,0,1,4,231.61501636864043
6,59,0,0,1,4,217.26282756401315
6,0,1,0,1,1,230.41369116743735
6,2,1,1,0,6,233.35653109405567
6,15,1,0,0,3,222.0342916496152
6,27,1,0,0,6,224.90583881843133
6,33,1,0,1,5,223.63250911722596
6,40,1,1,0,5,241.35943747753325
6,45,0,1,1,7,234.38335905893842
10,0,1,0,0,7,116.47702361098005
6,11,1,0,1,4,228.9989274906551
6,21,0,1,0,6,221.65886711795403
6,23,0,1,0,5,217.95283906835158
6,30,0,1,0,1,216.29386611577303
6,49,0,0,1,2,217.31465003454167
6,56,1,0,1,3,234.39152878547213
6,58,1,0,1,7,236.02967531985965
6,1,1,1,0,2,230.67681414718146
6,24,0,1,1,3,237.75645533182632
6,50,1,1,1,3,256.65892316307554
6,58,1,1,0,0,226.5034380334309
6,9,0,1,1,6,234.64876032647936
6,26,1,1,0,4,232.84100039884007
6,38,0,0,1,4,214.6097992756234
6,48,0,1,1,3,241.72957705414908
6,57,0,1,1,4,233.67886999512348
6,0,1,0,0,2,217.97364884489696
6,1,1,1,0,6,235.59906368179008
6,4,1,1,0,1,231.68602108815173
6,13,1,0,0,1,214.296964198069
6,17,1,1,1,5,239.3885760301731
6,18,1,1,0,5,235.03870001999712
6,31,1,0,1,6,234.4361640790407
6,54,0,0,1,5,218.2833736078706
6,58,0,1,1,3,240.92832818099563
6,16,0,0,1,7,230.78572141709392
6,44,1,1,1,5,249.8748929833627
6,54,1,0,0,2,218.9257528459923
6,58,1,0,0,1,215.55179331816655
6,7,0,1,0,4,216.9763504349338
6,15,1,0,0,7,215.71027053575736
6,37,1,0,0,2,219.6517445470629
6,39,1,0,0,2,219.76835780907805
6,47,1,0,0,4,214.7087600336027
6,52,0,1,1,2,231.90025644087052
6,53,0,1,1,4,233.32525511402903
6,6,0,1,0,5,217.875758678766
6,16,1,0,0,1,214.12687679798552
6,17,1,0,0,0,216.12593546221558
6,25,0,0,1,5,227.08829847870956
6,38,1,0,0,5,218.7073195585751
6,53,1,0,1,3,231.61088749748959
6,11,1,0,0,1,216.86291271301008
6,16,1,0,1,3,234.10675254201396
6,21,0,0,1,1,217.26712732286438
6,35,0,1,0,2,217.54462695254614
6,46,1,1,0,3,236.97648728815997
6,55,0,1,1,1,234.01087399420362
6,56,0,1,1,4,236.55206141178036
6,57,1,1,1,5,247.85789902763116
6,31,0,0,1,2,215.42002916657628
6,44,1,0,1,4,232.0729620687111
6,53,1,0,0,6,220.3774204451004
6,8,1,1,1,4,247.46449291455235
6,39,0,1,0,0,215.11236131784293
6,42,0,1,0,7,230.7821331757699
6,44,1,1,0,1,231.5524364005031
6,48,1,1,1,5,233.12001263749323
6,53,1,0,1,7,234.11362918810943
6,55,1,1,0,7,242.72483697092792
6,11,1,1,1,3,254.0502613441105
6,12,1,1,1,1,233.65072440260116
6,3,0,0,1,7,211.23071383156076
6,9,1,0,1,2,216.60483444581115
6,12,0,0,1,1,218.27498748027395
6,24,0,0,1,1,217.2458598831512
6,48,1,1,0,3,237.5522563140686
6,50,1,1,0,5,240.86425318434524
6,51,0,1,0,4,216.50462572314916
6,53,1,1,0,2,237.20507508457527
6,8,0,1,1,3,229.1803702806817
6,16,1,1,0,6,238.5041935996282
6,33,1,1,0,0,231.01615328654677
6,36,1,1,1,3,255.9662851200263
6,5,0,1,0,3,219.48713610241418
6,13,1,1,0,4,232.1966197529295
6,14,0,1,0,3,221.58881178694153
6,24,0,0,1,3,219.29177320326636
6,37,0,0,1,6,212.0475630229821
6,38,0,0,1,5,228.33530241182783
6,59,0,1,1,6,244.71964202207943
6,0,0,0,1,3,215.6510298919807
6,6,0,1,0,7,217.79404180671352
6,7,1,1,0,1,232.9795733784092
6,8,1,1,0,2,234.76928558381317
6,34,0,0,1,0,214.8488408586136
6,36,0,0,1,3,220.34147916607998
6,44,1,1,0,6,245.6230435358141
6,8,1,0,1,5,227.20320203122327
6,18,1,1,0,1,231.22422443384292
6,23,0,1,0,4,215.90212824755065
6,55,0,1,1,6,240.7179283254536
6,17,0,1,1,6,233.7000845656703
6,18,1,0,1,3,237.46828404333095
6,20,1,1,0,0,227.67691648417528
6,21,1,1,0,5,233.15734124070846
6,25,0,0,1,7,213.1415796652503
6,41,1,1,0,4,230.3787875484145
6,44,0,0,1,5,211.95567408840685
6,7,1,0,0,4,215.42678804614448
6,11,0,0,0,5,198.5305982057779
6,15,1,0,1,7,239.51836618494008
6,24,1,1,0,7,233.57399224796504
6,44,1,0,0,7,221.15026262436155
6,45,1,1,1,6,255.7809455060648
6,46,0,1,1,4,233.5964603170567
6,47,0,1,1,4,232.95294522660038
6,48,0,1,1,6,234.94367364559508
6,49,0,0,1,4,216.85954605271638
6,50,0,0,1,7,221.2155702112299
6,10,1,0,1,5,233.1976348167728
6,11,1,0,1,3,229.22845474566122
6,14,1,0,0,2,218.5403799690639
6,15,1,0,0,6,230.20904128137747
6,22,0,1,0,7,221.1458153981295
6,45,0,0,1,5,218.43613998248068
6,54,1,0,1,7,236.40753516329733
6,58,0,0,1,0,217.69181106774857
6,12,1,0,0,6,221.34251492974022
6,6,0,0,1,4,219.12175505858292
6,18,0,1,1,3,225.04607092459
6,27,1,1,1,2,228.48792460514935
6,31,1,1,1,0,160.56594184678698
6,32,1,1,1,7,258.73807118183146
6,35,1,1,0,2,235.45209119215482
6,36,1,1,0,1,231.64635100314104
6,41,1,1,1,3,255.0938930673141
6,46,1,1,0,7,245.09574659290692
6,59,0,1,1,7,234.18149018251992
6,11,0,1,1,1,233.66316695865356
6,44,1,0,1,1,206.5006566761802
6,45,1,0,0,7,220.11765252974178
6,27,1,0,1,0,216.37934786694436
6,30,1,1,1,1,243.76327497479465
6,32,1,1,1,5,236.5313152074897
6,33,1,1,1,2,167.29147491537674
6,34,1,1,1,3,248.70135451930892
6,35,1,1,0,7,246.8835932183701
6,51,1,0,1,3,233.37433576182445
6,53,1,0,0,1,218.097652698745
6,14,1,1,0,5,230.59672225486463
6,30,1,0,0,6,220.01661550203292
6,32,0,1,0,0,214.47006628750623
6,39,1,1,0,3,233.41527259421767
6,42,1,1,0,6,232.80629988951455
6,53,0,0,1,4,217.63297578695818
6,1,1,1,0,3,230.83250554985017
6,7,0,1,0,2,219.72818594123862
6,13,1,1,0,2,229.55382503275027
6,19,1,0,1,3,231.1922589544622
6,29,0,0,1,5,218.69924110040319
6,35,1,1,1,0,237.23781326380487
6,44,0,0,1,4,202.99647381767755
6,1,1,0,0,5,208.18681335029783
6,53,1,0,1,2,229.55229060885867
6,54,1,0,1,4,231.77746883314313
6,59,1,0,0,5,218.49831040223597
6,27,1,0,0,1,217.01433288277786
6,28,1,0,1,7,234.26721242797967
6,53,0,0,1,0,216.94767901181945
6,19,1,1,0,5,229.0599003411179
6,25,1,1,0,5,232.72733278265116
6,14,0,0,1,1,216.2110696621554
6,19,0,1,0,7,226.92615132451692
6,22,1,1,0,1,233.45556353400306
6,23,1,1,0,2,232.17588857402922
6,33,1,1,0,2,234.63101962056604
6,46,0,0,1,0,217.0610417134807
6,47,0,0,1,0,217.18448574902737
6,4,1,0,1,6,211.96749547570747
6,8,1,0,1,4,228.6418296540507
6,9,0,0,1,5,213.32164288924446
6,24,0,1,1,1,234.05624240705467
6,30,1,0,0,0,214.5006582679817
6,36,1,0,0,7,220.2494250498636
6,3,1,1,0,7,244.0123319868463
6,17,0,0,1,1,216.4349521804004
6,19,1,0,1,1,229.0114442108073
6,20,1,0,0,6,217.81718831364233
6,57,0,1,1,7,245.6823751971186
6,0,1,1,1,7,262.04447325672174
6,4,1,0,0,2,218.99806636628213
6,12,1,0,0,2,218.18342112791225
6,18,1,1,1,0,237.7031951811474
6,28,0,1,0,2,220.5486633963516
6,55,1,1,0,2,236.8770026489546
6,56,1,0,0,3,209.21203390184507
6,2,0,0,0,4,201.98133508816588
6,34,0,1,1,6,246.6329257615066
6,35,0,0,1,1,216.5560450086246
6,43,0,0,1,0,214.94777176159306
6,48,0,0,1,5,217.60685230080264
6,49,1,0,0,4,220.19352383193927
6,1,1,0,0,3,223.5602350853567
6,7,0,1,1,5,226.93557792302312
6,37,0,1,1,3,229.66274529611132
6,55,1,1,0,4,233.5504800263829
6,0,1,0,1,6,211.21913382010112
6,18,1,0,1,6,234.32543698406826
6,19,0,0,1,0,214.6117120245391
6,20,0,0,1,6,218.09533603176277
6,26,1,0,0,2,213.3832391650356
6,28,1,0,0,3,221.53539497310808
6,57,0,1,1,3,236.40818416968898
6,0,1,1,0,3,232.4980812556168
6,2,1,1,1,5,213.13266740322675
6,37,0,1,1,1,229.975060803168
6,48,0,0,1,2,217.79742357698208
6,55,1,0,1,6,229.28738045861564
6,56,1,0,1,1,231.9821312759323
6,3,1,0,0,2,221.31866746689604
6,8,0,0,1,5,217.5983659793298
6,17,1,1,0,7,231.2058274960698
6,30,0,1,1,7,230.71851916702474
6,41,0,0,1,4,219.45238095160764
6,55,0,0,1,6,227.4769083862741
6,2,1,0,0,0,215.89240148737565
6,5,0,1,1,3,242.63903640054224
6,22,1,1,0,6,237.23719484484766
6,24,0,1,0,3,225.50005033839457
6,27,1,1,0,7,237.0228912475514
6,28,0,1,1,2,232.93073384275698
6,29,0,0,1,2,220.45168354161436
6,30,0,1,1,2,232.15686344054473
6,43,0,0,0,6,208.24513865897657
6,12,1,1,0,3,233.66582166823946
6,14,0,1,1,4,230.574872113854
6,15,0,1,1,3,232.1376789288208
6,2,0,0,1,7,224.9417643169227
6,8,1,0,1,7,222.21603854929916
6,20,0,0,1,4,220.95853388625022
6,8,0,1,1,7,243.41772992189823
6,10,0,0,1,6,214.88787430029663
6,53,1,1,0,3,235.86992899941964
6,2,1,0,1,3,178.85513222192134
6,1,0,0,0,5,202.67013540756287
6,2,1,0,0,3,212.57118035289432
6,7,1,0,1,1,232.86704329185852
6,38,1,0,0,4,218.3427419149081
6,48,0,1,1,4,233.05542121698065
6,49,0,1,1,4,231.71348815337984
6,50,0,1,1,6,235.3912994216747
6,2,1,1,0,5,242.06179949077355
6,7,1,1,1,7,235.4015105729934
6,10,0,0,1,4,215.71629759129584
6,40,1,1,0,6,232.83507816811968
6,42,1,1,1,0,242.56465322777672
6,43,1,1,1,0,234.14869424477268
6,44,1,1,1,1,223.39056913880137
6,59,1,0,0,3,219.4402600131315
6,0,1,0,1,2,238.58570264183462
6,1,1,0,1,3,237.12027570842142
6,6,1,0,0,7,219.58451625681965
6,25,0,0,1,2,217.78308532017144
6,27,1,1,1,3,229.94316602530432
6,34,1,1,1,4,249.39962656989485
6,5,0,1,1,5,227.04575325622795
6,6,0,1,1,1,232.21620756863766
6,27,1,1,0,4,236.48973301763132
6,18,0,1,1,0,229.07836423363236
6,23,0,0,1,7,214.78533797431425
6,37,1,1,1,0,232.947419076732
6,38,1,1,1,2,230.3971419303104
6,42,0,0,1,6,212.14376483815664
6,4,1,1,1,3,252.9031275368501
6,16,0,0,1,5,217.79740272097501
6,47,0,0,1,2,217.67868470078486
6,3,1,0,0,0,218.07813830741017
6,27,0,1,1,7,228.77785316398402
6,31,0,0,1,0,214.61032072345307
6,32,0,0,1,7,223.79159657537417
6,14,1,0,1,7,225.72536071123727
6,34,1,0,0,2,226.56607947298212
6,38,0,0,1,1,214.00393988311797
6,47,1,1,1,5,250.962243993747
6,8,1,0,0,0,215.67513691243516
6,9,1,0,0,4,216.56176449170277
6,18,0,0,1,0,215.42621646497017
6,31,1,1,1,3,254.82952595974592
6,32,1,0,1,5,227.97892521660324
6,6,1,0,1,5,228.21020272985328
6,43,0,1,1,5,232.53036016673641
6,6,1,0,0,5,219.70374078686055
6,23,1,0,0,7,228.5059475451316
6,29,1,1,1,2,221.7046656033909
6,34,1,1,0,4,232.4269473719384
6,50,0,1,1,4,234.12246414821743
6,5,1,0,1,4,232.85453909274966
6,7,0,0,1,6,219.27940505992223
6,10,1,0,1,7,239.44960321963254
6,12,1,1,1,0,235.2741264370984
6,13,1,1,1,0,223.11988626132245
6,15,0,1,0,3,216.23608564314566
6,29,0,1,1,1,231.41548677514868
6,41,1,1,1,4,236.06305221631288
6,51,0,1,1,6,233.53703929917612
6,19,1,1,0,4,231.6955444575663
6,38,1,0,1,7,234.80077168980108
6,50,0,1,1,7,245.37313837501162
6,3,0,0,1,1,217.42471524012808
6,35,1,0,0,2,217.20220059007795
6,13,0,1,0,5,219.6320503173202
6,43,0,1,1,3,245.93419634699438
6,44,0,0,1,6,214.7196078438672
6,52,1,0,0,3,219.42954986052277
6,53,1,0,1,5,229.90380012187634
6,33,1,1,0,1,231.66382365753765
6,36,0,0,1,0,215.38376933607864
6,37,0,0,1,5,215.05270588649103
6,52,1,0,1,3,235.71762908708106
6,18,0,0,1,1,217.14273311914036
6,12,1,1,0,5,232.36720292817165
6,14,1,1,1,1,237.73658310651282
6,15,1,1,1,5,195.98382418301514
6,14,0,0,1,5,216.00267767159752
6,47,0,0,1,3,217.57776613111847
6,57,0,0,1,3,224.96850953220294
6,8,1,1,0,0,232.8065256672299
6,9,1,1,0,1,229.8614459435615
6,11,1,1,0,7,233.59239687332595
6,36,1,1,0,6,228.35470475956473
6,15,0,1,1,5,233.46554681317227
6,59,1,0,1,6,235.01474040654304
6,8,1,1,0,3,234.07889794915127
6,55,1,1,1,1,247.35280388562958
6,59,1,0,1,2,234.41409050627345
6,39,1,1,1,4,239.80809336497526
6,59,1,1,1,6,246.7707584277305
6,28,0,1,1,0,231.9871795287227
6,1,1,1,0,7,244.87118992381747
6,25,1,0,1,4,225.25716307113117
6,36,0,0,1,4,218.4018832264567
6,45,0,1,1,1,233.12522910860648
6,55,1,0,0,0,214.71710463456375
6,1,1,1,0,5,231.48513182997698
6,21,0,0,1,0,212.02612073118536
6,23,1,0,1,7,247.32939570231827
6,25,0,0,1,1,217.2671372695195
6,5,1,0,0,7,229.31495037546935
6,10,1,1,0,5,233.23823960556075
6,15,1,1,0,5,235.63523149473787
6,17,1,0,1,4,228.46722480766604
6,40,0,1,0,4,217.2543788888941
6,43,1,1,1,5,259.3888071944919
6,48,0,0,1,7,225.73736535427048
6,25,1,1,0,1,231.22807292943278
6,1,0,1,1,3,232.95856497682817
6,34,1,0,0,6,218.12623197100453
6,31,0,1,1,3,233.9654149102162
6,35,1,1,0,1,230.80957902636098
6,56,1,1,1,4,239.65529759612573
6,57,1,0,0,3,220.324143782903
6,6,1,0,1,4,228.55941119030143
6,9,0,0,1,1,214.57601311482557
6,37,1,0,1,1,233.97051156913992
6,47,0,1,1,2,233.58638848916738
6,19,0,0,0,3,205.48902107455825
6,32,0,1,1,5,232.4984380198055
6,38,1,1,0,2,236.6322819243407
6,6,1,1,1,5,243.96863091841968
6,26,1,1,0,3,231.3109700314105
6,28,1,0,1,5,232.6099071836707
6,51,0,0,1,3,218.72916613885164
6,55,1,0,0,7,219.81924352625745
6,10,1,0,1,1,223.84907195610168
6,36,1,1,0,5,229.23256995332508
6,13,1,0,0,5,213.38332722796125
6,30,0,1,1,1,232.32192997978956
6,38,1,0,1,6,233.95408004338236
6,16,0,0,1,3,222.07243733734
6,17,0,1,1,1,232.11095436842422
6,19,1,0,1,5,236.45998123272983
6,29,0,0,1,4,218.5505986025968
6,31,0,1,1,4,234.0335101970902
6,28,1,1,0,1,227.77537270886586
6,46,1,0,1,7,241.38096477770958
6,47,1,1,0,2,232.67773282356495
6,53,0,0,1,5,217.5380101642187
6,58,1,0,0,2,215.77004616329225
6,11,0,1,1,4,233.81043080779568
6,12,1,1,1,6,236.44275434070104
6,13,0,1,1,5,235.03070419061083
6,15,1,1,0,7,235.52458580112824
6,13,1,1,0,6,223.85390877618792
6,16,0,1,0,4,217.52590136091854
6,49,1,0,1,0,213.2800465642839
6,56,0,0,1,0,215.3967708378969
6,10,0,1,1,6,233.57237768441564
6,15,0,0,1,0,216.20522388869128
6,28,1,0,0,2,219.5401544888868
6,8,1,0,0,2,217.89892488898764
6,9,1,0,0,2,217.70208662250533
6,7,1,1,0,7,240.76562502601024
6,24,0,0,1,4,218.04573468081628
6,30,0,1,0,3,219.02901111833145
6,46,1,0,0,3,217.33863843572476
6,59,0,1,1,1,230.93463488998356
6,7,1,1,0,3,234.52655640381718
6,10,1,1,0,3,233.96230814696236
6,36,0,1,1,2,233.97019898010691
6,37,0,1,1,2,232.25622161428868
6,43,0,1,0,5,222.27189999920893
6,49,1,0,0,2,217.7507713171975
6,51,1,1,0,6,234.20146599263603
6,55,0,0,0,5,203.1096938596984
6,0,0,1,0,3,217.88608482984841
6,0,0,0,1,5,210.54962286965196
6,18,1,1,1,3,251.05403297314172
6,20,1,0,1,1,233.49434057546537
6,37,0,1,1,7,245.07918482106268
6,57,1,0,0,4,222.4210985865188
6,59,1,0,0,7,224.78755546033992
6,21,1,1,1,1,241.48143767671647
6,7,1,0,0,7,232.9561643827091
6,14,0,1,1,5,230.97056221648612
6,1,0,0,1,7,216.41332074260652
6,10,0,0,1,5,214.87772997194398
6,22,1,0,0,2,218.46475324244096
6,23,1,1,0,7,242.4845952236617
6,27,0,1,1,0,229.1008515486919
6,47,1,1,0,5,235.18991570535368
6,7,1,0,1,5,233.85235181051596
6,30,1,0,1,0,223.1847182795443
6,32,0,0,1,6,213.57482134063366
6,13,0,0,1,4,216.1998894576388
6,29,1,1,0,5,233.2483885557869
6,46,1,1,1,7,237.11755559504866
6,34,1,1,1,1,251.11855501946204
6,51,1,0,1,4,224.83005561604764
6,47,0,1,1,3,241.90857729307788
6,53,1,1,0,4,236.68366031633866
6,39,1,0,1,5,235.3481945059311
6,8,1,1,0,6,241.4409049153866
6,19,1,0,1,6,230.58514852491453
6,20,0,1,1,4,230.90718488081882
6,38,1,1,0,7,245.84535322310208
6,43,1,1,0,3,231.2707755781736
6,45,1,0,1,1,229.2296971116889
6,15,0,0,1,7,221.56134901466282
6,27,1,0,0,7,216.36458187256582
6,28,0,0,1,6,212.7554235495162
6,3,0,1,1,2,234.43094702763568
6,14,1,0,1,1,228.94826055669577
6,47,0,1,1,1,231.82540746365916
6,6,0,1,1,5,234.16409848900045
6,7,1,1,0,6,236.95035274035848
6,1,1,1,0,1,230.62954821476018
6,4,0,1,1,2,234.54127896515388
6,20,1,0,1,5,232.94759933223258
6,51,1,0,0,1,217.8958023897428
6,19,1,1,1,3,239.24902804680966
6,20,1,0,0,7,228.986326771598
6,56,0,1,1,7,248.2164392250824
6,57,1,0,0,1,215.7313174795176
6,46,0,1,1,3,238.5989491126174
6,49,0,1,1,2,234.99737035782923
6,53,0,1,1,5,234.0149634106624
6,4,1,0,0,1,218.8934720628027
6,5,1,0,0,5,221.19391745876476
6,10,0,0,1,1,217.61371179867095
6,24,1,1,1,1,225.55993902354996
6,55,0,0,1,5,218.907424200088
6,9,1,1,0,7,243.1341142221759
6,25,1,1,0,2,234.93687008564422
6,40,0,1,1,1,233.62618294019128
6,41,0,1,0,1,217.93954007784845
6,49,1,0,1,4,211.60578529172344
6,5,0,1,1,4,233.1237882459916
6,38,1,1,0,6,234.17708076467198
6,48,1,0,1,6,223.0732843029305
6,11,0,0,1,5,215.94294141157943
6,23,1,1,1,6,239.58553316708532
6,48,1,1,1,6,229.41367580971496
6,5,1,0,0,6,217.68829848871408
6,55,1,1,1,2,247.45063099662528
6,0,0,0,1,6,214.9739967097761
6,58,0,0,1,2,221.0055768010552
6,6,0,1,1,4,231.8854867817311
6,9,1,1,1,7,254.61053747093382
6,17,0,0,1,0,212.56218158223695
6,23,0,1,1,7,244.2302694720545
6,0,1,0,1,4,226.36236616282108
6,4,1,0,0,4,219.28630934825682
6,27,0,0,1,4,217.96089216195367
6,38,0,1,1,2,235.5498001517705
6,39,0,0,1,4,218.3470480462455
6,51,0,0,1,4,216.05017311815448
6,1,1,1,1,7,259.3687874566094
6,12,1,0,0,5,221.60694295053798
6,36,1,0,0,0,215.30103298281455
6,22,1,1,0,5,234.3447748937723
6,25,1,0,0,2,217.21212780950992
6,26,1,0,0,4,217.15222184891795
6,51,0,1,0,3,221.71767235805456
6,0,0,1,1,3,230.5525860886461
6,10,0,1,0,4,219.3029310567362
6,25,1,1,0,4,234.20803154474467
6,41,0,0,1,1,217.06761318239603
6,52,1,0,1,6,242.58382948868777
6,57,1,0,1,7,235.24553600140672
6,59,1,1,0,3,231.8044047454609
6,17,0,0,1,7,229.3514637849959
6,50,0,0,1,1,217.79522355301927
6,53,0,1,1,2,232.78404268821447
6,4,0,1,1,1,232.96068840692092
6,29,1,1,0,2,232.95485054471564
6,33,1,0,1,7,246.9284644544775
6,42,1,1,0,5,232.38781079593946
6,58,1,0,0,0,213.3315940407271
6,4,1,0,0,5,222.60029864042735
6,11,1,1,0,2,233.90865252401645
6,16,1,0,1,2,228.0558925250168
6,34,1,0,0,0,216.24688319690506
6,12,1,0,0,7,230.84337686907006
6,40,1,1,0,2,232.4193369564464
6,2,0,1,1,1,233.9033342231916
6,55,1,0,0,4,216.95482027911274
6,0,0,0,1,7,224.83006875585914
6,5,0,1,1,7,231.81020563878425
6,16,1,0,1,4,231.55917582234846
6,22,1,0,1,6,234.01173035522964
6,12,1,1,0,6,230.11927674463385
6,18,0,0,1,4,214.52619617268343
6,22,1,0,0,7,215.21245729491352
6,39,1,0,0,3,218.767896139962
6,1,0,1,1,6,228.00934502966598
6,3,1,0,1,6,228.46945127325404
6,12,0,1,1,5,232.22255290821107
6,17,0,1,1,3,235.16736205461402
6,9,1,1,0,5,233.78065689156728
6,10,0,1,1,2,230.10686479981854
6,19,0,1,1,0,229.49907433655133
6,20,0,1,1,3,232.5107427660731
6,28,0,1,1,1,230.92066748402945
6,34,0,1,1,3,235.00811045102304
6,55,1,0,1,1,230.2541570191848
6,58,1,0,1,2,230.83767975888088
6,33,0,0,1,5,219.84630364221726
6,49,1,1,0,0,229.70776339852085
6,0,1,0,0,4,216.60628672630003
6,17,0,1,1,7,245.63542364319326
6,24,1,0,1,6,250.95663330600425
6,38,0,0,1,2,211.71298252840438
6,46,0,1,1,5,233.48851211474226
6,32,1,1,0,3,226.0152536290449
6,39,1,1,0,5,237.43560077092255
6,27,0,1,1,3,228.28085046613475
6,40,1,0,1,2,221.47381763843202
6,41,1,0,1,1,230.15381273065904
6,55,1,0,0,6,231.03443958997738
6,40,0,1,0,1,218.29662386120384
6,29,0,0,1,6,219.9853132177392
6,34,1,0,1,4,232.31080786282803
6,5,1,0,0,4,218.99473120977981
6,41,0,0,1,6,220.58756691101345
6,42,1,1,1,1,245.76269451658467
6,43,1,1,0,0,228.3396984890735
6,12,1,1,1,2,244.9442608997628
6,17,1,0,1,6,234.39958421004837
6,21,1,1,0,2,230.95967732687618
6,51,0,0,1,1,217.69704405918662
6,14,0,1,1,6,230.23267926871495
6,55,0,0,1,1,218.71411995770958
6,22,0,1,0,3,217.40716483740698
6,8,0,0,1,7,229.67771917179368
6,11,1,0,1,1,222.00720382137055
6,34,1,1,0,1,234.823022762982
6,46,0,0,1,4,220.80799708485057
6,13,0,0,1,3,220.30235143574396
6,37,1,0,1,3,234.38731372113867
6,38,1,0,0,7,216.2499148066871
6,59,1,0,0,4,216.17047584532366
6,56,1,1,0,7,248.4243781000637
6,3,1,0,0,4,220.0118101518139
6,16,1,0,0,4,216.21966808007053
6,22,1,0,1,3,241.73084674505802
6,42,0,1,0,2,219.3520709927242
6,10,1,0,1,2,230.65436356570174
6,19,0,0,1,3,213.2909899775505
6,36,1,0,1,3,242.6353006823388
6,38,1,0,1,5,233.63937211715344
6,1,1,0,0,1,216.05132969618467
6,46,1,0,1,3,228.22423085957084
6,54,1,1,1,7,248.5177343774584
6,2,0,1,1,4,234.3015497998792
6,3,1,1,1,5,226.7198861610228
6,13,0,1,1,1,229.76226970732975
6,15,1,1,1,3,197.7218009161144
6,27,0,1,0,4,218.3929214621047
6,31,1,0,0,5,220.4685617893998
6,45,0,0,1,4,218.02898037434966
6,12,1,1,0,7,246.80083808215443
6,54,0,0,1,4,219.59961562895592
6,14,1,1,0,2,240.36236550314186
6,39,1,1,1,7,263.033817622941
6,10,1,1,1,5,240.68572070881388
6,26,1,0,1,3,238.1538073075758
6,9,1,1,0,3,235.9768808079359
6,20,1,0,1,2,235.12250853320393
6,21,1,1,1,4,237.83410912969313
6,25,1,0,1,7,242.36297757664374
6,41,0,0,1,7,230.91083769488196
6,37,0,0,1,2,217.5166441413958
6,45,1,1,1,2,212.48733524162296
6,46,1,0,1,4,235.35212659909303
6,43,1,0,1,4,235.2293149679303
6,57,0,0,1,2,217.3124086866312
6,58,0,1,1,7,233.31475158026674
6,59,1,1,0,4,230.10267967552176
6,33,0,1,1,0,231.63374309447565
6,42,1,1,1,6,262.27647751286275
6,43,1,0,1,3,234.08243587422987
6,51,1,1,0,1,233.1996084811675
6,23,1,0,0,0,219.01953077077636
6,9,0,1,0,0,215.07090700389674
6,23,0,0,1,4,215.61896717557818
6,10,0,1,1,1,234.76190233046754
6,11,0,1,1,5,233.98734295407237
6,14,1,1,0,7,230.34537126478338
6,1,0,0,1,3,223.62400613828387
6,7,1,1,1,3,225.81960594708755
6,22,0,1,1,2,232.05963872726016
6,4,0,0,1,2,217.8847626920541
6,9,0,0,1,4,212.31810038735665
6,18,1,1,0,3,233.61531576460453
6,20,1,0,1,6,233.2463184916744
6,29,0,1,1,4,232.8972640268774
6,30,0,1,1,6,241.52028937635487
6,35,0,0,1,4,217.44657770037136
6,11,1,0,1,6,230.16342708020971
6,7,0,1,1,1,231.5906657882956
6,16,1,0,1,6,233.12585688035995
6,17,1,1,1,3,235.70502098595156
6,58,0,1,1,0,229.4495337806717
6,59,0,1,1,5,231.6680724463934
6,8,0,1,1,5,233.30723420677526
6,16,0,0,1,2,221.69572831298132
6,44,1,1,1,6,258.65562488147657
6,43,1,1,0,1,233.3857511609817
6,3,1,0,1,7,223.59255081914566
6,24,1,0,0,2,219.90431698968015
6,52,1,1,0,6,235.6098978102945
6,38,1,1,0,4,236.82711256543953
6,48,1,1,1,3,239.71784563832261
6,52,1,0,0,7,219.08830511041353
6,1,0,1,1,7,232.47677973555156
6,4,1,0,1,3,235.60781617219146
6,14,0,0,1,4,215.61727610892876
6,8,1,1,0,7,226.90378246177264
6,39,1,1,1,5,249.32600649376874
6,36,1,0,1,6,232.68045114073092
6,31,0,1,1,2,234.98974874274015
6,44,1,0,0,2,220.91546554514252
6,28,1,1,1,0,168.2713414862041
6,36,0,1,1,7,247.24944103438318
6,54,0,0,1,7,227.26775302658746
6,14,1,1,1,7,268.3394552691472
6,41,1,1,0,1,232.73930791088335
6,13,1,1,0,1,229.77533491109475
6,34,1,0,1,0,226.3018567496889
6,35,1,0,1,3,233.81793351354952
6,37,1,0,1,7,243.45371460091394
6,47,1,1,0,6,235.46838089223203
6,27,1,1,1,1,218.33869601520058
6,28,1,1,1,4,220.97101873650854
6,31,1,1,0,6,239.2879775931037
6,30,1,0,1,3,228.66030373211407
6,28,0,0,1,2,218.35855305140302
6,45,1,0,1,3,232.35728872245534
6,51,1,0,1,1,226.84055708453394
6,18,0,1,1,4,229.34187543614303
6,59,1,1,0,1,228.06321694699315
6,32,1,0,0,6,223.371877144206
6,42,1,1,0,2,232.84732684553245
6,56,0,0,1,3,219.45760989007528
6,57,0,1,1,6,236.78767806815375
6,19,1,0,1,2,230.69535379458122
6,30,1,0,1,7,235.39106901392122
6,52,1,0,0,1,217.86792328546323
6,6,1,1,0,3,238.78205255487262
6,52,0,1,1,6,235.6372244564173
6,59,1,1,0,6,231.5250331604501
6,51,1,0,0,3,220.6858519444255
6,7,0,1,1,4,233.44756102057877
6,8,0,1,1,6,228.08520661673893
6,45,1,1,0,6,233.20152655197637
6,5,1,1,0,4,233.98633254974817
6,25,0,1,1,2,234.14716768759754
6,34,0,1,1,4,234.14041044036102
6,35,1,1,1,1,235.66396628102063
6,3,1,1,1,7,211.96869533449458
6,19,1,1,1,2,241.20023160276656
6,54,0,1,1,4,233.49600073447033
6,7,0,1,1,2,231.3142506159374
6,11,1,1,1,2,193.09720234952252
6,32,1,1,0,6,231.0007106377435
6,12,0,0,1,2,219.3835166203368
6,17,1,0,1,5,233.72105196506996
6,26,1,0,0,0,214.57064540317424
6,32,1,1,0,7,234.1250952567137
6,8,1,0,0,6,217.48483901853896
6,11,1,1,0,0,230.26041938438698
6,15,0,0,1,3,218.15937127805856
6,56,1,0,1,6,228.39535121885564
6,3,1,0,1,2,214.64075273023838
6,4,1,1,1,1,229.99925101961753
6,5,1,1,1,1,226.88670348618842
6,19,1,0,0,7,228.43317287276972
6,6,0,0,1,7,231.11466984125434
6,22,1,1,1,1,246.56272245245245
6,29,0,0,1,3,226.78669075310165
6,39,0,1,1,2,243.74181450221857
6,52,1,0,1,5,235.21839354567825
6,10,1,1,1,4,239.33408285291574
6,33,1,0,0,5,218.76398410848887
6,49,0,0,1,0,216.43462419449622
6,32,1,0,0,4,219.6835891781651
6,15,0,1,1,1,234.3393931838472
6,30,0,1,1,0,233.46368852486188
6,2,1,0,0,4,216.87923049383267
6,41,0,1,1,4,232.6396488898994
6,14,1,0,1,3,207.76774294157505
6,29,1,0,1,4,233.65919446303874
6,9,0,0,1,2,217.35352646708887
6,15,1,1,0,4,235.4879324274985
6,32,0,1,1,7,234.22538765047705
6,47,1,1,0,4,231.73413978326607
6,25,1,0,1,2,220.44077953799888
6,54,0,1,1,0,233.40775526948323
6,55,0,1,1,5,238.88685101620476
6,40,1,0,1,4,230.5962572422376
6,28,0,1,1,6,231.7987445064971
6,42,1,1,1,4,228.11542380387942
6,45,1,0,1,5,220.69283202869406
6,32,1,0,1,3,247.18691241612976
6,55,1,0,1,5,234.89505812097426
6,11,0,0,1,6,220.5668418649461
6,21,1,0,0,5,218.91025198947733
6,39,1,0,1,6,238.24063870987072
6,14,1,1,1,4,214.41882125002869
6,44,1,1,1,3,244.37776966629812
6,46,1,0,0,2,216.07385731194535
6,53,1,0,1,1,231.32082636382418
6,11,0,1,0,5,218.54179313912482
6,33,1,0,0,7,230.88397534722245
6,20,0,1,1,5,232.56100078119815
6,31,1,1,1,5,240.28498707073277
6,59,1,0,1,3,238.540751037852
6,5,0,0,1,5,218.62190774933688
6,30,0,1,1,4,233.19959245510609
6,31,0,1,1,7,246.19237829733012
6,34,1,1,1,5,245.62778187132517
6,12,1,0,1,5,218.76365348224977
6,20,1,1,0,2,230.97426930416339
6,2,1,0,0,6,226.0063830168545
6,5,1,1,0,5,235.31423513916528
6,12,1,0,1,7,210.04662921508364
6,21,1,1,1,5,217.64493118830705
6,1,0,1,1,2,233.52269030258802
6,37,1,0,1,5,232.12188647688032
6,52,1,0,1,2,209.4301378677037
6,53,1,1,1,2,184.00684513215975
6,19,1,1,1,4,235.05658975178196
6,41,0,1,1,6,235.54956424103955
6,42,0,1,1,0,231.93202097584464
6,45,0,1,1,3,235.23412557973944
6,16,0,1,1,0,229.48213965915056
6,44,0,0,1,1,215.98072318418278
6,27,1,1,0,1,230.72221931527034
6,2,0,1,1,7,248.83974320433154
6,26,1,1,1,7,245.64795549300658
6,31,1,1,1,1,198.1963006259391
6,26,0,1,1,6,234.62420318647082
6,4,1,1,1,2,214.1902031920232
6,58,1,1,0,7,232.29883861127158
6,20,0,0,1,1,217.3419251905738
6,3,0,1,1,6,237.2681132633413
6,1,0,1,1,5,236.86697085308765
6,57,0,0,1,7,214.11683177738888
6,5,0,0,1,2,218.05111122608213
6,25,1,0,0,1,216.85173331477222
6,36,0,1,1,3,233.09689016324458
6,42,0,1,1,7,244.20066651359465
6,50,0,0,1,5,220.99467029872227
6,11,1,0,1,7,239.72278959422712
6,8,0,0,1,3,219.73323182988278
6,10,0,1,1,0,231.19332532228412
6,38,1,1,1,5,245.59212317382946
6,48,0,1,1,7,234.3286341256679
6,4,0,1,1,4,233.33418603203702
6,30,1,0,1,5,226.90498305137984
6,29,1,0,1,5,247.58330370065374
6,17,1,1,0,1,231.6168854446271
6,53,0,1,1,3,233.6939092061324
6,19,0,1,1,1,231.0259229330091
6,24,1,1,0,6,229.31225300654557
6,3,0,1,1,7,245.03691800197956
6,4,1,0,1,2,227.39204261946426
6,7,1,1,1,1,234.24520789538244
6,33,1,1,0,3,233.73499699897232
6,48,1,1,1,7,237.04980338031385
6,22,0,0,1,1,215.020967130947
6,59,0,1,1,0,230.051350498319
6,0,0,1,1,7,246.17393102620974
6,28,1,1,1,1,239.49234541945708
6,35,0,0,1,7,218.482556321277
6,34,1,1,1,6,259.66416652625156
6,37,1,0,1,6,231.87576813138176
6,1,1,1,1,3,239.81300993063556
6,2,1,0,1,5,239.2438818030269
6,22,0,1,1,5,237.21206094408512
6,30,0,1,1,5,231.87742154412567
6,31,1,1,0,3,232.24794284521906
6,18,1,0,1,4,231.8265358857766
6,32,0,1,1,2,234.10337749107237
6,35,0,1,1,2,236.22238644036236
6,41,1,0,1,6,244.1137087013815
6,38,0,0,1,6,215.38029866214703
6,39,0,1,1,7,232.93019202411122
6,3,0,0,1,4,217.2104354871893
6,49,1,1,0,6,230.75973695917875
6,23,1,1,1,0,241.01236058803875
6,27,1,1,1,4,219.2775914023208
6,41,1,0,1,3,229.75666668200074
6,58,1,1,0,3,232.97602750666266
6,21,1,0,1,3,233.2732678607364
6,27,1,0,1,1,218.6440054718688
6,40,1,0,1,1,226.86961477866097
6,21,1,1,0,3,223.77219040200794
6,58,1,1,0,5,234.48129797727307
6,20,1,1,0,6,230.9315513427909
6,51,0,1,1,5,235.99265671596734
6,36,1,1,0,4,239.09081496084403
6,0,1,1,0,5,231.55114559622567
6,43,1,1,0,4,231.9588770758976
6,50,0,1,1,5,235.5218692603008
6,7,1,1,0,0,230.77820457685402
6,9,1,1,1,1,237.25512163710823
6,32,0,0,1,3,218.31450688098988
6,7,0,1,1,7,243.50395431545527
6,15,1,0,1,6,236.45897039221555
6,2,1,1,1,2,209.32710263532866
6,13,1,0,1,1,230.41510254769315
6,19,1,1,1,1,237.82075642200886
6,34,1,0,0,7,218.9048068670611
6,5,1,0,0,2,217.84250800663725
6,17,1,1,0,4,232.16259579644208
6,12,1,1,0,1,228.29097075650105
6,22,1,1,0,3,236.0465630435233
6,23,1,1,1,1,240.0054956868227
6,24,1,1,1,4,186.81947737223598
6,25,0,1,1,1,232.4978810515309
6,27,0,1,1,5,236.3822091190122
6,54,0,1,1,6,232.6234919504387
6,12,0,0,1,4,217.62593980591927
6,49,1,0,1,5,219.89314340447376
6,49,0,1,1,5,237.54605379037451
6,0,1,1,0,2,231.5151112777202
6,17,1,0,1,7,246.41402948314166
6,37,0,0,1,4,216.1324055244028
6,15,0,0,1,2,218.89039930019885
6,42,0,1,1,1,233.45890903769634
6,48,1,1,1,0,210.59690674255236
6,24,0,1,1,7,233.86951886590035
10,0,1,0,1,6,74.31635588071795
6,45,1,0,0,1,219.3026353098114
6,12,1,1,0,0,228.97078701471386
6,40,0,1,1,5,235.1624895978162
6,11,1,1,0,3,241.17392608905254
6,20,1,0,1,4,231.8341705685965
6,30,1,1,1,0,222.3012061552714
6,57,0,0,1,5,218.93606657170903
6,2,0,0,1,6,217.13447413545634
6,8,1,1,1,1,218.51211627374843
6,14,1,1,0,4,231.03788387988087
6,1,1,0,0,6,214.85899563774188
6,17,0,1,1,4,233.43236881951657
6,18,0,1,1,6,230.7859287184474
6,28,1,1,1,6,235.50547814152924
6,29,1,1,1,5,216.87786625505365
6,0,0,1,1,2,231.13102566326515
6,11,0,1,0,4,214.41790957112576
6,54,1,1,1,0,213.90661662643484
6,7,0,1,1,3,233.26327782162397
6,45,1,1,1,1,220.67693644056382
6,22,0,1,1,3,234.2844272171415
6,38,1,1,1,1,232.2358282351855
6,22,1,1,0,7,245.53983263223603
6,40,1,0,1,5,224.80699185755375
6,42,1,1,1,5,238.05105340280892
6,10,0,1,1,4,232.8752096758965
6,20,1,1,1,5,239.00601851619098
6,39,0,1,1,1,234.40169599443496
6,10,0,0,1,3,219.32084288175002
6,0,1,1,1,1,220.89263767388746
6,46,1,0,1,2,234.53354525972765
6,13,0,1,1,2,230.4818451269789
6,19,0,1,1,6,226.35455259733322
6,27,0,1,1,2,230.9367831393379
6,32,1,0,1,4,232.56023848022255
6,33,1,0,1,2,232.53253934000634
6,3,1,0,1,1,223.12600217870346
6,9,0,1,1,0,231.80033910391802
6,32,1,0,0,2,222.87342667801153
6,33,1,1,0,6,234.02582663883848
6,43,1,0,1,6,236.27666487743073
6,39,0,0,1,7,234.88788360371018
6,58,0,1,1,6,224.02655654265266
6,0,1,0,1,7,223.98750365754023
6,21,1,1,1,6,246.086882994824
6,22,1,1,0,4,234.72803217395645
6,25,1,1,1,7,263.46691512983637
6,34,1,1,0,5,234.1596678997633
6,35,0,1,1,4,234.37593803110144
6,58,1,0,1,3,234.1141574535777
6,14,1,1,1,3,228.5237282965527
6,41,0,1,1,1,235.57572522689424
6,18,0,0,1,5,209.50484988261326
6,36,1,0,1,7,234.3312305858588
6,15,1,1,1,0,215.29553928305484
6,16,1,1,1,4,209.93623854098124
6,23,0,1,1,6,233.2503115338987
6,18,0,1,1,5,235.33903138793738
6,25,1,0,1,6,232.0883836322438
6,40,0,0,1,7,233.1713965436795
6,17,1,1,1,2,247.4032540958304
6,21,1,0,1,1,232.17787261912056
6,45,1,1,1,4,233.7122757869337
6,18,1,1,1,6,238.89705680209926
6,30,1,0,1,6,239.9957251209877
6,7,1,0,1,2,230.73511524529644
6,8,1,1,1,5,260.78824942678256
6,35,0,1,1,7,251.52119170622962
6,5,1,1,0,3,236.03074497729003
6,31,1,1,0,2,233.79469893922277
6,30,1,0,1,2,217.5437590741494
6,15,1,0,1,3,201.39614060967074
6,22,0,1,1,1,232.41058338189632
6,30,1,0,1,4,228.7261352435312
6,54,0,0,1,6,221.2798494933578
6,41,1,1,1,1,236.26418962254053
6,57,1,1,1,7,263.4164871078855
6,49,1,1,1,7,258.5813400718478
6,7,1,1,0,4,233.1256432478641
6,26,1,0,1,6,232.09564984261183
6,39,0,1,1,4,235.39787132940134
6,40,0,1,1,6,238.09702048153463
6,12,0,1,1,4,232.2527705096373
6,13,1,1,1,3,255.14546372197532
6,14,1,0,0,1,216.8200891849096
6,26,1,0,1,1,227.7830901690849
6,54,0,0,1,3,219.6193815959949
6,16,0,0,1,6,215.13125558347906
6,50,0,0,1,3,227.50643163553633
6,35,1,0,1,1,219.7400981885154
6,38,0,0,1,0,214.93833434793666
6,3,0,1,1,0,232.28823039503888
6,32,0,1,1,4,232.74784747919372
6,37,1,1,1,2,242.85093965535629
6,20,1,1,1,2,236.37882719332734
6,23,0,0,1,6,214.32888759792843
6,25,1,0,1,3,224.70145887626958
6,54,1,0,1,6,230.94183560171632
6,34,1,1,0,3,243.83590593048422
6,28,1,0,1,1,224.51150889652297
6,35,1,1,0,6,235.88387860248608
6,44,1,1,0,2,224.6173581963073
6,16,1,1,0,0,231.68520293769384
6,33,1,0,1,1,220.3865711892683
6,38,0,1,1,7,234.48975786398645
6,21,1,1,1,0,220.7143049468735
6,47,0,1,1,7,232.27224675712486
6,56,0,1,1,2,230.19606871699503
6,13,1,0,1,0,212.87918628689968
6,49,1,1,1,2,172.1159227751175
6,54,1,1,1,3,243.84776490543095
6,53,1,1,0,7,243.63530279128022
6,10,1,1,1,2,206.22042763896027
6,55,0,1,1,3,237.2331145499506
6,35,1,0,0,1,215.61396572754052
6,50,1,1,1,4,140.56837280426515
6,47,1,1,1,4,169.28750371159342
6,49,1,1,1,6,240.08862527965732
6,33,0,1,1,3,243.48810428688938
6,47,1,1,1,0,177.97010795392077
6,30,1,1,0,1,229.11869970433673
6,17,1,0,1,1,232.60688104324637
6,38,0,1,1,0,232.52967955810874
6,13,1,0,1,5,235.9990350418151
6,39,0,1,1,6,221.66527923465478
6,52,1,0,1,1,231.91974073878976
6,55,0,0,1,7,217.20866846766174
6,27,1,1,1,5,229.78520595032916
6,12,0,0,1,6,220.196214184654
6,46,0,1,1,6,228.86209680151643
6,56,1,1,0,2,237.3579256320283
6,32,0,1,1,6,242.69659583051867
6,6,1,1,1,4,245.10906613314563
6,36,0,1,1,6,235.8206837923676
6,9,1,1,1,2,222.1669250913727
10,1,1,1,0,0,0.0
10,2,1,1,0,2,27.398903122600743
6,5,1,0,1,7,228.68377295738765
6,22,1,0,1,4,235.3701590059967
6,13,0,1,1,6,230.5392483085588
6,29,0,0,1,7,221.48760305122025
6,25,0,1,1,5,233.8794151371379
6,42,1,1,1,7,248.24579949121772
6,17,0,1,1,2,233.19923336997346
6,23,1,0,1,5,233.43639954398026
6,5,1,0,1,3,237.23013183475763
6,48,1,0,1,3,237.47142043452806
6,19,1,0,1,4,228.8346594946592
6,24,1,0,1,3,234.21367380974314
6,25,1,1,1,0,231.27258313147615
6,26,1,1,1,3,237.74797248947507
6,39,1,1,1,0,240.17529985074756
6,9,0,0,1,3,217.65992688207987
6,19,0,0,1,1,213.99371374351716
6,31,1,1,1,6,202.62472810797624
6,18,0,0,1,2,214.43994859320986
6,2,0,1,1,0,233.6065084845984
6,14,0,1,1,3,239.0098157421191
6,54,1,0,1,5,231.75655141875916
6,44,1,1,1,4,243.41455444458822
6,20,1,1,1,6,244.7033104324726
6,49,1,1,1,1,212.33039146630176
6,53,1,1,1,3,243.05297693219254
6,13,0,0,1,7,227.69515294404755
6,31,0,1,1,1,233.93113448575104
6,8,0,1,1,1,229.91778103772444
6,50,0,1,1,2,234.17751738247364
6,16,0,1,1,6,233.07907801973016
6,24,1,0,1,5,235.75890930301944
6,40,0,0,1,5,220.6374439139735
6,26,0,1,1,2,234.19600259231257
6,49,0,1,1,7,241.80773056874833
6,44,0,0,1,7,228.65293664173075
6,26,0,1,1,3,235.34989874346297
6,11,0,1,1,7,235.45211116549626
6,32,1,1,0,5,231.43393964085888
6,26,0,1,1,4,231.25525015036737
6,17,1,1,0,0,232.09369646825286
6,53,1,1,1,1,228.7003373220772
6,6,1,1,1,6,242.3446301480671
10,1,1,0,0,7,27.266300991044904
6,52,1,1,0,4,235.9910721568585
6,33,0,1,1,5,234.13354715876332
6,39,0,1,1,5,234.80228473056417
6,31,1,0,1,1,233.5241741718779
6,59,1,1,1,1,239.91916814367272
6,43,0,0,1,1,218.96531269801937
6,17,0,0,1,6,217.73639404296972
6,38,1,0,1,0,232.8786875864127
6,39,1,0,1,3,243.76742625885717
6,51,1,1,0,0,232.39428280599085
6,53,1,0,1,0,228.518786131936
6,14,1,1,1,6,236.5592920743568
6,15,1,1,1,7,225.91980176665504
6,5,1,1,1,7,243.99955746067062
6,31,1,1,1,2,213.9434880457571
6,23,1,1,0,4,235.6590684999913
6,9,1,0,1,7,242.63883442239376
6,30,1,0,1,1,232.56483565333218
6,37,1,1,1,4,224.5110348710972
6,17,1,1,1,0,241.8812383311717
6,39,0,0,1,5,220.63283868085804
6,44,0,1,1,2,230.5826837769093
6,11,0,1,1,2,235.65217667321303
6,15,0,1,1,7,249.24811353742896
6,21,1,0,0,3,218.39612025467076
6,30,0,0,1,1,217.80915166606005
6,31,0,1,1,5,235.7274166685565
6,46,1,1,1,4,235.24998763033335
6,48,1,1,0,2,235.74742319728537
6,5,1,1,0,6,235.56190998737645
6,44,0,1,1,5,232.87282964605694
6,48,1,0,1,5,230.2042330425126
6,0,1,0,1,3,229.2175439628857
6,14,0,1,1,2,230.7010366140918
6,28,1,0,1,3,231.066919428104
6,42,1,1,0,0,226.98385050130935
6,38,1,1,1,6,243.80408373835812
6,0,1,1,1,4,228.03058275783795
6,19,0,0,1,2,216.1363619496015
6,10,1,1,1,6,239.4068364628497
6,41,0,1,1,5,237.05991394652705
6,23,0,1,1,2,234.22690273604994
6,47,1,1,1,7,204.38849642810536
6,27,0,0,1,5,220.38515580220906
6,18,0,1,1,1,229.59921793907657
6,40,0,1,1,4,235.87304169164608
6,28,1,1,1,2,241.26125152825819
6,29,1,1,1,3,160.35646508716337
6,13,1,0,1,7,225.88535093203416
6,8,1,0,1,0,226.796762694851
6,9,1,0,1,5,196.03245645503256
6,59,1,0,1,4,229.14492319396206
6,50,1,0,1,0,214.97936664405762
6,48,1,0,1,1,222.70473137561223
6,37,1,1,1,7,266.34509597580825
6,48,1,1,1,1,240.47668098524827
6,46,1,1,0,5,236.55529447959924
6,43,1,0,1,7,254.26466838455127
6,54,0,1,1,7,240.90447969673124
6,44,1,0,1,7,246.86221926513943
6,1,0,0,1,1,217.53426951068116
6,55,1,1,1,3,250.13843869834997
6,56,1,1,1,7,249.31244349005007
6,3,0,1,1,1,232.06975606421307
6,12,1,0,1,3,231.42265472776623
6,59,1,1,1,5,246.49863146762783
6,26,1,1,1,5,252.50633395134338
6,42,0,1,1,4,233.37784397660232
6,44,0,1,1,6,231.82199734162953
6,16,1,1,0,2,232.18645539365352
6,33,0,1,1,4,234.23787141202834
6,35,1,1,1,7,241.51103063500307
6,56,1,1,1,5,237.70958902475462
6,6,0,0,1,2,218.50884496530477
10,0,1,0,0,1,48.12979311585214
6,48,1,0,1,2,229.27084383852085
6,49,1,0,1,1,224.0972199592758
6,39,1,1,0,4,230.89446951827077
6,46,1,1,0,4,232.73112441433778
6,19,0,1,1,4,230.27262722354658
6,42,1,0,1,7,224.68260219412542
6,26,0,0,1,3,223.0362587641554
6,53,1,1,0,6,237.25110699990253
6,30,0,0,1,6,217.91725641882314
6,29,1,1,1,6,198.35527091476268
6,30,1,1,1,3,245.53503833701183
6,25,1,1,0,7,235.8075725014268
6,25,0,1,1,3,235.52950548354033
6,1,1,1,1,2,226.01514430687646
6,20,1,1,1,1,241.58333379022793
6,41,1,0,1,5,232.83908001540857
6,20,0,1,1,7,241.15500842682667
6,45,1,0,1,6,229.1201614813828
6,33,1,1,1,5,255.99323167017104
6,19,0,1,1,7,229.22559533918277
6,31,1,1,0,0,230.38547672757412
6,34,1,0,1,7,230.60552912411953
6,37,0,1,1,4,230.36484484593277
6,59,1,1,1,2,244.35488330069614
6,44,1,0,1,2,227.43141068596626
6,18,0,0,1,6,215.64731917161188
6,18,1,0,1,0,232.32895964947826
6,15,1,0,1,1,233.67509443040908
6,24,1,1,1,2,189.1075161314876
6,21,0,0,1,4,217.92480114932115
6,5,0,0,1,3,225.31715621282694
6,16,1,1,0,5,237.05281119206103
6,4,1,0,1,4,218.64269772260323
6,8,0,1,1,0,228.4313789819218
6,39,0,0,1,3,222.73148291764105
6,44,1,0,1,3,228.38837002351295
6,31,1,0,1,7,247.34411294449032
6,8,1,1,1,6,220.32775001641193
6,43,1,1,1,2,203.46514712930158
6,29,0,1,1,2,234.55927781939494
6,39,0,0,1,6,219.9810957121094
6,40,1,0,1,6,241.92677758500201
6,44,1,1,1,7,251.06240417297371
6,53,1,1,1,4,213.73720762227504
6,2,1,1,1,4,202.2891768281272
6,16,0,1,1,5,233.0410037565153
6,36,1,0,1,5,233.51727188237263
6,47,1,0,1,5,236.34927900576443
6,10,1,0,1,0,223.89833502409775
6,43,1,1,1,3,219.05009542791927
6,40,1,1,1,0,228.6942472476292
6,43,1,1,1,7,244.53931691575437
6,20,0,1,1,1,230.54449818415225
6,57,1,0,1,6,241.4539994621513
6,1,1,0,1,4,228.60719661955576
6,34,1,0,1,2,232.5877347416482
6,36,1,0,1,1,228.1599534609495
6,57,0,0,1,1,215.87496656043302
6,17,0,0,1,2,216.49338860003076
6,6,0,1,1,3,237.27000299093098
6,41,1,1,1,5,239.38824551691764
6,6,0,1,1,7,233.4922502896074
6,6,1,0,1,3,229.9457997430361
6,38,0,1,1,1,233.13634835487446
6,57,1,0,1,1,230.5726854557885
6,4,1,1,1,7,247.46177377275578
6,36,1,1,1,7,236.78043480879288
6,29,1,1,1,7,159.24171545660093
6,36,1,0,1,4,232.57251718644292
6,41,1,1,1,2,234.90083548365618
6,56,1,1,1,1,236.34503482228428
6,2,0,1,1,3,230.51879671339705
6,5,0,1,1,2,233.55813680566297
6,32,1,0,1,7,235.03835091911176
6,0,1,1,1,5,250.10053841539076
6,22,1,1,1,3,234.81888397482692
6,29,1,0,1,2,231.4954226214736
6,31,1,1,1,4,211.19030795932304
6,13,0,1,1,3,229.8405052291791
6,40,0,1,1,0,232.74773809919867
6,42,1,0,1,6,189.22768154623327
6,52,1,1,1,3,226.3884762107
6,51,1,1,0,3,234.68016663773057
6,59,1,0,1,5,232.3578285433287
6,2,1,0,1,4,197.4008760833679
6,54,1,1,1,6,222.83373765946186
6,29,1,1,1,4,224.0543784343923
6,56,1,0,1,2,233.36351650359194
6,12,1,0,1,2,222.3159807296415
6,13,1,0,1,2,227.61831405444707
6,34,0,1,1,7,236.89153466456787
6,9,1,0,1,1,214.76924127594705
6,44,1,0,1,5,233.2808025668753
6,1,1,1,1,5,231.32257434415607
6,15,0,1,1,6,231.3351051635717
6,25,0,1,1,4,232.99205131462577
6,31,0,0,1,7,215.73425015455462
6,50,1,0,1,3,197.80361474589483
6,0,1,1,1,3,204.77113205675693
6,42,0,1,1,5,233.22637599538447
6,15,1,1,0,1,234.72694537348465
6,56,1,0,1,7,231.67705623653322
6,11,1,1,1,1,185.16200936989082
6,4,1,1,1,6,204.9856883486434
6,28,1,1,1,3,238.40927781559427
6,35,1,1,1,6,247.18106294191875
6,6,1,1,1,7,252.48860775923572
6,15,0,1,1,4,231.72221477324052
6,51,1,0,1,0,229.84485641262208
6,9,0,1,1,1,231.19197972872422
6,56,1,1,1,2,232.90319340769398
6,21,1,1,1,7,258.93452026500313
6,48,1,1,1,4,232.52186434815275
6,53,0,1,1,0,230.93960712741463
6,17,0,1,1,5,234.0550019456554
6,30,0,0,1,7,228.12589979944775
6,9,1,0,1,3,207.15699413485459
6,35,1,0,1,2,216.9636238353142
6,43,1,0,1,5,236.6768809521612
6,33,1,0,1,3,235.55418749468797
6,8,1,1,1,3,224.93856087038478
6,1,1,0,1,5,233.91257896098017
6,17,1,1,1,7,239.16012676500148
6,40,0,1,1,2,237.38341587088644
6,47,1,1,1,6,216.5758727203921
6,1,1,1,1,4,225.16905120258147
6,12,1,0,1,6,243.400449771524
6,29,0,1,1,6,243.702333216277
6,31,1,0,1,5,233.05751883700708
6,35,0,1,1,5,229.35219968762604
6,50,1,0,1,6,225.58533138169108
6,47,1,0,1,3,237.80936295285693
6,24,1,1,1,6,241.2556183381612
6,13,1,0,1,6,227.10892618496393
6,47,1,1,1,3,235.7703586078501
6,45,0,1,1,2,234.6920916103026
6,41,1,0,1,2,227.20867665746414
6,25,1,1,1,1,232.30430647564606
6,10,1,0,1,6,231.411993758806
6,34,1,1,1,7,239.24952408260665
6,58,1,1,1,6,232.90813329682425
6,43,1,1,1,1,230.77222998456253
6,36,1,0,1,2,223.3548763642445
6,0,1,1,1,6,235.25089093651764
6,41,1,1,1,0,217.80847359748742
6,51,1,1,1,4,222.39216716222194
6,26,1,1,1,1,226.38332206224803
6,35,1,0,1,5,223.16177566343373
6,41,0,1,1,7,249.43717466672902
6,39,0,1,1,3,234.61257145047313
6,50,1,1,1,2,202.64513907795907
6,34,1,0,1,6,233.55485361907773
6,49,1,0,1,2,209.9284674673038
6,59,1,1,1,4,247.01276374545654
6,20,1,1,1,7,202.52130189689026
6,17,1,1,1,4,239.479592620351
6,27,1,1,1,7,265.0092004106328
6,16,1,0,1,1,224.70743015462998
6,52,1,0,1,4,234.08448858021663
6,0,1,0,1,5,224.6072386147275
6,28,1,0,1,4,229.8818849644461
6,45,1,1,1,7,237.5578110004682
6,39,1,0,1,0,227.51355853130087
6,1,0,0,1,6,217.2182653480239
6,18,1,1,1,1,211.64331994948688
6,51,1,0,1,2,228.4042050296041
6,46,1,0,1,6,233.25704156306318
6,8,0,0,1,2,219.64130635802965
6,57,1,0,1,0,218.6832869815099
6,5,1,0,1,2,232.64633320867634
6,1,1,1,1,6,237.70564233548217
6,30,1,1,1,6,244.2410525071412
6,36,1,1,1,5,240.43896625878375
6,22,0,1,1,7,232.57640227132214
6,12,1,1,1,3,247.69228776563074
6,28,1,0,1,6,240.14715032236904
6,54,1,1,1,5,256.3907746039577
6,12,1,1,1,5,218.71030406947273
6,36,1,1,1,4,216.87430503485515
6,48,1,0,1,4,232.9531690114685
6,53,0,1,1,6,235.80264436183072
6,31,1,0,1,3,226.35044320685623
6,41,1,1,1,7,211.5276276744584
6,40,1,0,1,7,223.64663451691865
6,1,1,0,1,2,232.62699613325088
6,46,1,1,1,1,218.50038869782145
6,57,1,0,1,2,227.14012050651144
6,4,1,0,1,7,244.67429283659382
6,3,1,0,1,4,225.395002536791
6,20,1,1,1,4,240.9187917920834
6,35,1,0,1,0,207.06164986350018
6,58,1,1,1,3,235.86920390646213
6,58,1,1,1,4,224.72442460453541
6,34,1,0,1,5,243.2006078742374
6,13,1,1,1,6,221.0815480490189
6,15,1,0,1,4,209.70965934018608
6,26,1,1,1,2,246.94337889988373
6,32,1,1,1,1,160.94303456995522
6,29,1,0,1,0,222.64902783073873
6,45,1,1,1,3,243.77403083010356
6,18,1,1,1,4,245.0386480754404
6,45,1,0,1,2,224.4068208074318
6,50,1,0,1,2,211.02942573190725
6,58,1,1,1,5,255.7432052016839
6,43,0,1,1,1,232.7654733114308
6,36,1,1,1,1,222.89025748602657
6,4,1,0,1,1,221.72927908347896
6,31,0,1,1,6,236.28370252248772
6,24,1,0,1,0,230.82624309035717
6,26,1,0,1,7,240.50220936420726
6,35,1,0,1,7,245.2150632638794
6,14,1,0,1,5,242.80939810987266
6,37,1,0,1,4,230.8907023097927
6,52,1,1,1,2,200.85497638852345
6,2,0,0,1,2,221.18217745626004
6,19,1,1,1,6,244.473918437932
6,13,1,1,1,4,204.78982101809453
6,49,1,0,1,3,239.04427676603436
6,16,1,1,1,2,227.97542035243194
6,17,1,1,1,6,233.72244423858584
6,35,0,1,1,6,235.22948802836675
6,25,1,1,1,6,248.51430805136388
6,8,1,1,1,7,239.58154509823967
6,2,1,0,1,6,112.76494536420637
10,1,0,0,0,4,23.253106087386094
6,34,1,1,1,2,230.45138910123
6,37,1,1,1,3,227.06994426658517
6,46,1,1,1,2,234.7190949565888
6,43,0,1,1,7,232.84114199808886
6,21,1,0,1,5,233.27075355605254
6,47,1,0,1,6,223.25613592811027
6,36,0,1,1,4,229.3533365610523
6,8,1,0,1,1,211.306804460083
6,18,1,0,1,1,234.52553619880555
6,54,1,1,1,4,211.7644067035732
6,56,1,0,1,4,230.63835322602446
6,58,1,0,1,0,218.95049968011242
6,53,1,0,1,6,234.24701551735635
6,57,1,1,1,1,225.7960385643217
6,59,1,1,1,7,246.182188442586
6,39,1,0,1,1,234.29555798858073
6,11,1,0,1,2,219.36777409687963
6,2,0,0,1,5,219.8114724017584
6,7,1,1,1,6,246.36245553017997
6,27,1,0,1,5,207.67654920722373
6,55,1,1,1,7,249.8708399598416
6,8,1,1,1,2,224.31778523266797
6,33,0,1,1,7,233.64417878778528
6,13,1,1,1,1,223.87345218467607
6,54,1,1,1,1,218.43261389619394
6,26,0,1,1,7,240.09951221756583
6,9,1,1,1,3,239.88511456151343
6,22,1,0,1,2,232.28849453840877
6,21,1,0,1,0,232.5354426241961
6,40,1,1,1,1,214.4428220181775
6,46,1,1,1,3,211.4891919084154
6,4,0,1,1,7,245.05248417145688
6,35,1,0,1,6,233.42468005832126
6,16,1,0,1,5,233.52625105793146
6,49,1,0,1,6,229.8990509064599
6,47,1,0,1,2,232.17278072218207
6,51,1,1,1,3,193.5175251137472
6,1,1,0,1,6,233.51459395440983
6,4,0,1,1,6,231.9730645282278
6,32,1,1,1,0,178.3061225689102
6,12,1,1,1,4,220.78677329124636
6,15,1,1,1,2,194.53139890912828
6,40,1,1,1,5,226.68149162692995
6,43,1,0,1,1,229.59103719853536
6,23,1,0,1,1,232.1223476333912
6,39,1,0,1,4,232.6597177610011
6,52,1,1,1,4,233.24957373622308
6,42,1,1,1,2,240.93794915481803
6,49,1,1,1,5,222.07004344719977
6,26,1,1,1,6,246.22874556195828
6,36,0,1,1,1,233.1615683242449
6,2,1,1,1,0,143.4187912279257
6,13,1,1,1,5,215.82405887874586
6,33,1,1,1,4,214.25305463611235
6,41,1,1,1,6,217.50298273041017
6,44,0,1,1,3,223.71619887482217
6,9,1,1,1,6,237.49375469715932
6,35,1,1,1,5,255.85942950831605
6,50,1,0,1,4,215.47068639485886
6,43,1,0,1,2,229.72385287313983
6,13,1,0,1,3,227.87387454353996
6,14,1,0,1,6,223.86110339748413
6,11,1,1,1,4,218.82080613267684
6,31,1,1,1,7,216.20484946563744
6,16,1,1,1,0,208.98054086081157
6,56,1,1,1,6,230.95083619094
6,25,1,1,1,2,245.9398513685062
6,2,1,0,1,2,156.09018147816067
6,43,1,1,1,4,216.11252519149576
6,42,1,1,1,3,242.22509053419594
6,53,1,1,1,7,213.57231462581376
6,25,1,1,1,5,256.35898855459385
6,3,1,1,1,1,239.86936578668488
6,16,1,1,1,1,226.94288675077973
6,2,1,0,1,1,179.72231346290238
6,0,1,1,1,2,243.834453080067
6,13,1,1,1,2,237.68350326884973
10,1,0,0,1,5,24.855268493552316
6,52,1,0,1,7,238.5384042609414
6,37,1,1,1,6,251.3655082652494
6,32,1,1,1,3,232.75453802838456
6,17,1,0,1,3,229.34329979691364
6,45,1,1,1,5,219.90151251837116
6,47,1,0,1,4,231.67833601442263
6,49,1,1,1,4,188.5433025318294
6,50,1,0,1,1,209.55359699589988
6,48,1,0,1,0,229.27991173244445
6,58,1,0,1,1,216.43178485347383
6,25,1,0,1,1,232.14005106148835
6,26,1,1,1,4,242.99211337508783
6,36,1,1,1,6,221.29789237871563
6,25,1,1,1,4,241.0877541507733
6,13,0,0,1,5,220.69433944016768
6,30,1,1,1,5,245.37769677137834
6,32,1,0,1,1,232.8840641259982
6,49,1,1,1,3,192.528181175223
6,24,1,0,1,2,232.90325603176467
6,51,1,0,1,7,214.73765212668022
6,11,1,1,1,7,207.95810806827075
6,52,1,1,1,6,243.61897129755556
6,47,1,1,1,1,231.25500254914522
6,16,1,1,1,6,245.42628419970274
6,26,1,0,1,2,232.42806997940107
6,8,1,0,1,6,231.41147963868815
6,10,1,1,1,7,194.07216126427087
6,15,1,1,1,1,189.0486959478089
6,40,1,1,1,4,241.68444535653134
6,3,1,1,1,3,235.2379922734875
6,14,1,1,1,2,228.68521734316238
10,1,0,0,1,6,46.666125165918295
6,35,1,0,1,4,216.18934982920774
6,23,1,1,1,3,242.33110352038508
6,54,1,1,1,2,216.19960845305465
10,1,1,1,0,5,26.1282378228281
6,58,1,1,1,7,233.59277526870417
6,14,1,0,1,4,210.93589410544436
6,58,1,1,1,0,223.38482681460764
6,52,1,1,1,5,237.76952788960483
10,1,1,0,0,2,25.740975637358293
6,15,1,0,1,2,235.72349669262007
6,50,1,1,1,7,209.7282305289478
6,33,1,1,1,3,206.93139528711325
6,34,1,0,1,3,234.98469906210858
10,1,0,1,0,2,24.48382476759845
6,24,1,1,1,3,232.6739769735104
6,14,1,1,1,0,193.6982654780408
6,10,1,1,1,3,230.7056409730234
6,3,1,1,1,4,215.5989931062531
6,33,1,1,1,6,237.29382486847425
6,38,1,1,1,7,227.43294813880902
6,33,1,1,1,1,223.7715966507369
6,50,1,0,1,7,211.70052591841053
6,42,1,0,1,2,199.39570390520902
6,50,1,1,1,5,179.8326339415417
6,53,1,1,1,0,226.0789841885124
6,2,1,1,1,6,211.29908955797114
6,15,1,0,1,5,235.84950766522053
6,16,1,1,1,5,202.02146593417157
6,9,1,1,1,4,233.14331398544903
6,16,1,1,1,3,212.51011865777556
6,35,1,1,1,2,220.67310207729466
6,32,1,1,1,4,179.51814775302458
6,15,1,1,1,4,208.2604092183584
6,13,1,1,1,7,240.87235980587087
6,51,1,1,1,5,198.31592167252185
6,1,1,1,1,1,223.9759582039604
6,36,1,1,1,2,235.37159728214104
6,33,1,1,1,7,231.6451926152733
6,32,1,1,1,6,200.23841637127413
6,50,1,1,1,1,174.27312972522367
6,27,1,0,1,7,230.39661410271697
6,11,1,1,1,5,218.21020651706345
6,14,1,0,1,2,216.6868311512591
6,57,1,1,1,4,194.61575693190233
6,43,1,1,1,6,243.34799060699225
6,50,1,1,1,6,187.21272598077272
5,45,0,1,0,0,48.24914485441544
5,46,0,1,0,0,41.987870431250414
5,47,0,1,0,0,110.32927764880698
5,48,0,1,0,0,83.74097444952582
5,49,0,1,0,0,40.35369780788537
5,50,0,1,0,0,26.335077825759782
5,51,0,1,0,0,32.307163257339596
5,52,0,1,0,1,8.489999144347708
5,53,0,1,1,0,10.76839410509107
5,54,0,1,1,0,9.988517793557762
5,55,0,1,1,0,29.463285375525594
5,56,0,1,1,0,16.85064965833731
5,57,0,1,1,0,97.95685541042025
5,58,0,1,1,7,103.37704700347957
5,59,1,0,0,3,49.92049849316369
5,29,0,0,1,0,98.47749575197147
5,30,0,0,1,0,34.927250520213974
5,31,0,0,1,0,7.3849465833808985
5,32,0,0,1,0,94.93124421246404
5,33,0,0,1,0,11.926889680348493
5,34,0,0,1,0,0.0
5,35,0,0,1,4,-0.008
5,36,0,0,1,0,103.50968553080291
5,37,0,0,1,0,0.0
5,38,0,0,1,3,92.7301389182403
5,39,0,1,0,1,42.150626047215255
5,40,0,1,1,1,60.14466692371997
5,41,0,1,0,0,95.66121098354978
5,42,0,1,0,0,52.73331381001826
5,43,0,1,0,0,107.00467534643988
5,44,0,1,0,0,112.2155092070403
5,49,0,1,0,6,111.72231330155572
5,52,0,1,0,0,38.87138647017548
5,53,0,1,0,0,94.38736560150082
5,54,0,1,0,0,51.38654284521289
5,55,0,1,0,4,62.689856575391886
5,56,0,1,0,5,70.49674999816195
5,57,0,1,0,0,100.1801589365327
5,58,0,1,0,0,20.628210223312955
5,59,0,1,0,0,15.663995036162852
5,7,0,0,0,4,51.519299701830796
5,8,0,0,0,0,73.79597283333047
5,9,0,0,0,0,77.65496231777269
5,10,0,0,0,0,80.46524798768856
5,11,0,0,0,0,58.823260290936815
5,12,0,0,0,0,76.02069043139308
5,13,0,0,0,0,80.0883815675396
5,14,0,0,0,0,84.25597891266538
5,15,0,0,0,0,41.10900336069963
5,16,0,0,0,7,44.079046921404995
5,17,0,0,0,0,81.59748326027672
5,18,0,0,0,0,85.76103116683159
5,19,0,0,0,3,69.11854392467109
5,20,0,0,1,0,0.013458082619843353
5,21,0,0,1,0,89.67109328523064
5,22,0,0,1,0,7.044639253352198
5,23,0,0,1,0,84.53032761363048
5,24,0,0,1,0,89.37226165302332
5,25,0,0,1,0,94.29898049827352
5,26,0,0,1,0,24.865834947700595
5,27,0,0,1,0,100.65463209257135
5,28,0,0,1,0,9.760996395802376
5,30,0,0,1,7,105.9437141711419
5,31,0,0,0,0,76.50399261510785
5,32,0,0,0,1,69.95469166582197
5,35,0,0,1,0,95.2978793376296
5,37,0,0,1,5,108.81351889511912
5,39,0,0,0,0,40.97914127990938
5,40,0,0,0,0,82.91624336072856
5,41,0,0,0,0,86.9708747465025
5,42,0,0,0,0,91.38620973675627
5,43,0,0,0,0,96.34788941100223
5,44,0,0,0,0,78.48297088207693
5,45,0,0,0,0,95.5505889274281
5,46,0,0,0,0,83.89430963964719
5,47,0,0,0,0,60.668626964915
5,48,0,0,0,0,90.95398339991374
5,49,0,0,0,0,81.41072059323915
5,50,0,0,0,0,87.75970320070363
5,51,0,0,0,0,92.58203745895925
5,52,0,0,0,0,82.91675795643482
5,53,0,0,0,3,74.85220266028489
5,54,0,0,0,0,85.02929348595055
5,55,0,0,0,0,22.782028389468074
5,56,0,0,0,0,37.21999652205777
5,57,0,0,0,0,80.55548246643724
5,58,0,0,0,0,53.02420194858882
5,59,0,0,0,0,74.91135738129707
5,6,0,0,0,5,42.254773503166405
5,7,0,0,1,7,101.81941228525197
5,8,1,0,0,0,60.364276803423365
5,9,1,0,0,0,4.7580006731151965
5,10,1,0,0,0,86.68112181196594
5,11,1,0,0,0,91.41983884430445
5,12,1,0,0,0,96.5267770010593
5,13,1,0,0,7,101.10193140418713
5,14,0,0,1,0,99.14085914475953
5,15,0,0,1,0,104.52809827750505
5,16,0,0,1,0,37.336189036259206
5,17,0,0,1,0,108.39538539143868
5,18,0,0,1,7,114.18983844611279
5,19,1,1,1,0,12.439741591774936
5,20,1,1,1,0,113.54113394782621
5,21,1,1,1,0,119.97467439265274
5,22,1,1,1,0,1.2317315583212398
5,23,1,1,1,0,121.03863903746557
5,24,1,1,1,0,17.43971519581926
5,25,1,1,1,0,132.67593249906082
5,26,1,1,1,0,0.08304885216158943
5,27,1,1,1,0,7.088675326947017
5,28,1,1,1,0,40.180790988282496
5,29,1,1,1,0,78.84584088570156
5,30,1,1,1,0,101.6500350738385
5,31,1,1,1,0,119.42137572041617
5,32,1,1,1,0,126.90978458937045
5,33,1,1,1,0,134.0478908742562
5,34,1,1,1,0,35.70792582032277
5,35,1,1,1,0,120.06452430401528
5,36,1,1,1,0,0.07695798000000001
5,37,1,1,1,0,133.21090588812726
5,38,1,1,1,7,140.87107192723334
5,39,0,0,1,1,74.3832327918524
5,50,0,0,0,5,47.85616239035552
5,53,0,0,0,0,61.88987042344112
5,54,0,0,0,1,25.5811254476424
5,59,0,0,0,5,50.63422698683478
5,24,1,0,0,0,32.69867089150927
5,25,1,0,0,0,99.46734314199678
5,26,1,0,0,0,13.243756260976191
5,27,1,0,0,0,103.9605758028244
5,28,1,0,0,0,22.886734765428134
5,29,1,0,0,0,97.94189505252244
5,30,1,0,0,0,0.0
5,31,1,0,0,0,22.035978561791826
5,32,1,0,0,0,100.45315888921512
5,33,1,0,0,0,23.83167277341386
5,34,1,0,0,0,98.69037830062845
5,35,1,0,0,0,107.28379130990307
5,36,1,0,0,0,9.519929553053643
5,37,1,0,0,0,101.88019168116651
5,38,1,0,0,0,23.158648689382524
5,39,1,0,0,0,104.19166021942594
5,40,1,0,0,0,29.02066239206524
5,41,1,0,0,0,92.9517127763611
5,42,1,0,0,0,98.18421027277608
5,43,1,0,0,0,103.8759036008562
5,44,1,0,0,0,109.7485851800329
5,45,1,0,0,0,57.63660791544974
5,46,1,0,0,4,114.23485683146943
5,54,0,0,1,7,110.8407113895583
5,55,0,1,0,6,103.74171205042994
5,46,0,1,0,6,115.16752344563446
5,47,0,1,0,5,75.24966241632399
5,48,0,1,0,6,113.03345423134482
5,49,1,0,0,0,45.01768299324145
5,50,1,0,0,3,17.09829960745596
5,51,1,1,0,5,123.61428679234314
5,54,0,1,0,1,98.93640271636312
5,56,1,0,0,0,15.305310340439044
5,57,1,0,0,0,89.68552339150501
5,58,1,0,0,0,94.75418908116897
5,59,1,0,0,0,51.51498023829354
5,0,1,0,0,0,93.36231241006729
5,1,1,0,0,0,14.591249830563285
5,2,1,0,0,0,2.6647869245151702e-05
5,3,1,0,0,0,8.324454297742703
5,4,1,0,0,0,74.98950055435544
5,5,1,0,0,0,78.99603762966716
5,6,1,0,0,0,83.27769831497724
5,7,1,0,0,0,86.88712449036292
5,8,1,0,0,1,66.97504084276439
5,10,1,0,0,3,-0.004
5,11,1,0,1,0,90.3375187309085
5,12,1,0,1,0,95.39220098608489
5,13,1,0,1,0,100.25675435148166
5,14,1,0,1,0,105.22707074966499
5,15,1,0,1,0,5.366055181446141
5,16,1,0,1,0,57.66217190521174
5,17,1,0,1,0,13.788289851136518
5,18,1,0,1,0,68.24014230238468
5,19,1,0,1,0,0.0
5,20,1,0,1,0,2.1010569273733783
5,21,1,0,1,0,42.60441485215274
5,22,1,0,1,0,88.38285642510918
5,23,1,0,1,0,103.89755499764419
5,24,1,0,1,0,0.1262305308251365
5,25,1,0,1,0,61.719851790546095
5,26,1,0,1,0,7.382288235243685
5,27,1,0,1,0,1.4941528649286673
5,28,1,0,1,0,17.020590980266295
5,29,1,0,1,0,64.4403324571196
5,30,1,0,1,0,0.7665295064092126
5,31,1,0,1,0,31.680831203824685
5,32,1,0,1,0,0.10825175028731808
5,33,1,0,1,0,34.910655833673225
5,34,1,0,1,0,90.2453347740035
5,35,1,0,1,0,2.8896390021233302
5,36,1,0,1,7,120.5658177706787
5,37,0,1,0,0,90.58815292145545
5,38,0,1,0,0,95.42553625064117
5,39,0,1,0,0,100.78091072258508
5,40,0,1,0,0,106.71804952670907
5,41,0,1,0,1,73.91190895959497
5,43,0,1,0,5,10.438338999447208
5,44,0,1,1,0,7.42270451684711
5,45,0,1,1,0,0.0
5,46,0,1,1,0,107.80489614250263
5,47,0,1,1,0,9.073982210655048
5,48,0,1,1,1,120.5534418056418
5,34,0,1,0,0,0.5099684034238734
5,35,0,1,0,0,0.006535946389083096
5,36,0,1,0,0,86.18430963589442
5,41,0,1,0,2,112.45502002023105
5,47,0,0,0,5,48.86140984021023
5,50,0,0,0,2,70.78542069245364
5,52,0,0,0,1,97.28212389600189
5,58,0,0,1,1,92.7150850445866
5,59,0,0,1,0,39.07350401502764
5,35,1,1,0,0,2.5373609241149415
5,36,1,1,0,0,107.85873479776225
5,37,1,1,0,1,113.41841773806993
5,55,0,0,0,7,46.541589900630015
5,56,0,0,1,0,83.99461716978726
5,57,0,0,1,0,88.42578163508615
5,50,0,0,1,0,61.74363495640621
5,51,0,0,1,0,83.44944459622312
5,52,0,0,1,0,96.86336209654523
5,53,0,0,1,0,105.41995634824609
5,59,0,0,0,3,66.87697541694776
5,51,1,0,0,0,107.12513744032694
5,52,1,0,0,0,0.2406570169402964
5,53,1,0,0,0,104.32429149397677
5,54,1,0,0,0,24.72828707118535
5,55,1,0,0,0,8.977689283509251
5,50,0,0,0,3,70.57303577371573
5,49,1,0,0,6,112.78299809233826
5,14,0,1,0,0,9.351874639726084
5,15,0,1,0,0,95.57498985116437
5,16,0,1,0,0,37.64570065414196
5,17,0,1,0,0,100.06855989778987
5,18,0,1,0,0,16.210522927014104
5,19,0,1,0,0,98.67947234169685
5,20,0,1,0,0,44.25482314851723
5,21,0,1,0,0,95.83942065420716
5,22,0,1,0,0,101.53216612638789
5,23,0,1,0,0,60.773643291905735
5,24,0,1,0,0,93.45667542881907
5,25,0,1,0,1,14.895328068540032
5,26,0,1,0,0,103.11671625823203
5,27,0,1,0,0,31.964151919394485
5,28,0,1,0,0,31.770118239420235
5,29,0,1,0,0,95.61026089793768
5,30,0,1,0,0,61.71223671763621
5,31,0,1,0,6,97.03794933134571
5,32,0,0,0,0,81.08519794319905
5,33,0,0,0,0,85.10228190327935
5,34,0,0,0,0,88.28314784322377
5,35,0,0,0,0,77.0801848853167
5,36,0,0,0,0,87.33145402568609
5,37,0,0,0,0,91.60258111254461
5,38,0,0,0,0,76.76571772320733
5,49,0,0,0,4,57.92802188703267
5,50,0,0,0,6,71.73881855618853
5,55,0,0,0,3,41.821712935853526
5,56,0,1,0,0,57.734944529231534
5,19,0,0,0,0,60.01226416847909
5,20,0,0,0,0,88.19207448085216
5,21,0,0,0,0,65.59087043187908
5,22,0,0,0,0,46.86753914705727
5,23,0,0,0,0,85.41188499159614
5,24,0,0,0,0,15.527025527343584
5,25,0,0,0,0,78.74527432306677
5,26,0,0,0,6,64.89822113488455
5,27,0,0,0,0,87.20729926856707
5,28,0,0,0,0,52.58438482283045
5,29,0,0,0,0,76.55131273310305
5,30,0,0,0,0,28.69995592775237
5,54,0,1,1,2,116.59809503097567
5,55,0,0,1,0,11.41981289147194
5,0,0,0,0,0,77.9782775604068
5,1,0,0,0,7,51.50963710939695
5,2,0,1,0,0,3.928132114090541
5,3,0,1,0,0,90.60943070251255
5,4,0,1,0,0,33.62650091696517
5,5,0,1,0,0,95.19081958283756
5,6,0,1,0,7,100.09770203029363
5,16,0,0,0,0,77.20709814964789
5,20,0,0,0,7,43.30097082524257
5,21,1,0,0,0,81.00099908362495
5,22,1,0,0,0,85.28408189534854
5,23,1,0,0,2,37.48871815304986
5,24,1,0,0,4,96.04447527119159
5,26,0,0,0,0,82.98463729876218
5,35,0,0,0,4,88.14291080920009
5,49,0,0,0,7,64.59639359671543
5,50,1,1,0,0,117.6761066534624
5,58,0,1,1,3,2.9960000000000004
5,25,0,1,0,0,98.31180414088188
5,37,0,0,0,7,65.64538959280162
5,32,0,1,0,0,102.04031595608106
5,33,0,1,0,0,18.42397455636859
5,40,0,1,0,5,69.33377809854989
5,41,1,1,0,0,120.61673939190946
5,42,1,1,0,0,2.252120503610073
5,43,1,1,0,0,124.244026119296
5,44,1,1,0,0,6.213668813819492
5,45,1,1,0,0,127.03470982855303
5,46,1,1,0,0,2.6559201229558447
5,47,1,1,0,0,120.78307286226556
5,48,1,1,0,0,35.70044934062456
5,49,1,1,0,0,12.250696382347952
5,14,0,0,0,4,52.67495851240801
5,15,1,0,0,2,24.44128898427584
5,16,1,1,0,0,17.737917338995185
5,17,1,1,0,0,8.027199494323698
5,18,1,1,0,0,93.70408753219716
5,19,1,1,0,0,101.6993530430492
5,20,1,1,0,0,107.57021280766547
5,21,1,1,0,0,113.37149533458958
5,22,1,1,0,0,63.78229294377078
5,23,1,1,0,0,115.63964995715821
5,24,1,1,0,0,120.3119495353608
5,25,1,1,0,0,29.576324985727197
5,26,1,1,0,0,10.62711488380187
5,27,1,1,0,0,9.863353796864686
5,28,1,1,0,0,84.69839848325374
5,29,1,1,0,0,105.6015544167111
5,30,1,1,0,5,112.13289763775444
5,59,0,0,0,1,52.99874058774944
5,13,0,0,1,0,8.4428282755341
5,26,1,1,0,3,125.95565197776635
5,30,1,0,0,6,104.79162438116974
5,50,0,0,0,7,58.09454793595551
5,54,0,0,0,6,23.49936944043596
5,59,0,0,0,6,59.28452823986651
5,0,0,1,0,0,88.96157992167187
5,1,0,1,0,0,93.36841439781436
5,3,0,1,0,5,38.94436221106357
5,8,0,0,1,0,0.513922832319087
5,9,0,0,1,0,25.904809339226134
5,10,0,0,1,0,108.98270152292602
5,11,0,0,1,2,5.515989754504657
5,12,0,0,1,0,87.84789362186021
5,57,0,0,0,3,63.895204934273444
5,59,0,1,0,4,8.40696766933767
5,55,0,1,1,1,111.54742596166885
5,58,0,1,0,6,105.61231803626116
5,59,1,1,0,0,103.80007587345278
5,55,0,0,0,4,34.19159753129548
5,44,0,0,0,1,70.09678558589137
5,59,0,0,0,7,48.53535333868241
5,56,1,1,0,0,0.0
5,57,1,1,0,0,10.358974782210137
5,58,1,1,0,0,2.180798522614171
5,33,0,0,0,4,66.6236484235489
5,29,0,0,0,7,98.17237326088804
5,30,0,1,1,0,8.067981622616239
5,31,0,1,1,0,0.017480922306698184
5,32,0,1,1,0,26.084687379211886
5,33,0,1,1,0,88.58219693011831
5,34,0,1,1,0,121.91635060346754
5,35,0,1,1,0,0.0
5,36,0,1,1,0,10.474786888599263
5,37,0,1,1,0,0.0012853766
5,38,0,1,1,0,102.6586953862884
5,39,0,1,1,0,0.142424
5,47,1,0,0,0,18.67511583532042
5,48,1,0,0,0,104.55388673620753
5,56,0,1,1,7,118.16498822488948
5,37,0,0,0,6,82.0459024747369
5,43,0,0,0,1,79.76668999802227
5,48,0,0,0,5,38.27144476956747
5,49,1,0,1,0,0.0
5,50,1,0,1,0,2.6577578875646126
5,51,1,0,1,0,20.26650772684195
5,52,1,0,1,0,61.90765838745359
5,53,1,0,1,5,110.646285837717
5,38,1,1,0,2,120.41420417450827
5,39,1,1,0,0,11.729343987152903
5,40,1,1,0,0,114.28681063079125
5,52,1,1,0,0,11.169180883689057
5,53,1,1,0,0,107.48677178500121
5,54,1,1,0,0,46.38272173665153
5,55,1,1,0,0,53.663089805719736
5,0,1,1,0,0,109.92707306555556
5,1,1,1,0,0,0.0
5,2,1,1,0,0,94.03037652236733
5,3,1,1,0,0,105.63313150643806
5,4,1,1,0,0,34.82307313142764
5,5,1,1,0,0,109.39400056754346
5,6,1,1,0,0,17.450675206945586
5,7,1,1,0,0,9.020904654538043
5,8,1,1,0,0,108.57958072395535
5,9,1,1,0,0,2.053920659097351
5,10,1,1,0,0,90.89745140081627
5,11,1,1,0,0,100.2240459212892
5,12,1,1,0,0,16.661233415456174
5,13,1,1,0,0,100.89115843732853
5,14,1,1,0,0,108.62843180662685
5,15,1,1,0,0,115.0782778019077
5,17,1,1,0,4,113.6948756424767
5,18,0,1,0,5,54.530936213504326
5,30,0,1,0,6,101.28216807870953
5,31,0,0,0,4,49.867204194854295
5,32,0,0,0,2,54.8694372607303
5,34,0,0,0,4,75.32838525546143
5,57,0,0,0,6,66.63461603138171
5,58,0,0,0,5,87.23192679866312
5,59,1,0,0,5,100.77079254221513
5,23,0,0,0,2,18.301354446008443
5,54,0,0,0,7,17.622990499189687
5,1,0,0,0,0,81.47935383374818
5,2,0,0,0,0,58.72116625104804
5,3,0,0,0,0,29.203228337783393
5,4,0,0,0,0,28.00082267982514
5,5,0,0,0,0,75.00336745716983
5,6,0,0,0,0,45.339565833007846
5,7,0,0,0,0,44.91041873433063
5,8,0,0,0,1,29.77584193449731
5,7,0,0,0,1,43.49242697650902
5,12,0,0,0,5,40.37570819975933
5,13,0,0,0,4,37.652086830761306
5,14,1,0,0,0,91.1974081544819
5,15,1,0,0,0,95.71467953195454
5,16,1,0,0,0,101.44626002313157
5,17,1,0,0,0,26.901674848180274
5,18,1,0,0,0,12.654291343368811
5,19,1,0,0,0,72.40457389225597
5,20,1,0,0,0,76.99446798833016
5,23,1,0,0,0,90.13478421738203
5,28,1,0,0,7,109.24012020503378
5,46,0,0,0,6,75.37075519988261
5,1,1,0,0,3,58.45074559115872
5,2,1,1,1,0,144.75416755605298
5,3,1,1,1,0,21.086608461455683
5,4,1,1,1,0,122.09492461321133
5,5,1,1,1,0,3.0438077615202275
5,6,1,1,1,0,0.0
5,7,1,1,1,0,0.8849349073532725
5,8,1,1,1,0,16.417435538347412
5,9,1,1,1,0,62.74644327487869
5,10,1,1,1,0,0.08219474662788528
5,11,1,1,1,0,11.448556106210996
5,12,1,1,1,0,82.75181507803234
5,13,1,1,1,0,87.92038993305721
5,14,1,1,1,0,94.08253261938125
5,15,1,1,1,0,99.51049007698082
5,16,1,1,1,0,104.94718289265987
5,17,1,1,1,0,110.64100043144015
5,18,1,1,1,0,116.65433158770317
5,19,1,1,1,2,123.07391517088858
5,21,0,0,0,5,39.74784825009692
5,28,0,0,0,2,91.415987092028
5,38,0,0,0,2,88.97704927513972
5,42,0,1,0,7,123.09881469228007
5,43,0,1,1,0,21.603018657013138
5,47,0,1,1,5,135.37855127367288
5,48,1,1,1,0,0.00898552377783884
5,49,1,1,1,0,71.1669741924367
5,50,1,1,1,0,127.54275422166606
5,51,1,1,1,0,134.82991861944785
5,52,1,1,1,0,1.0079967790711208
5,53,1,1,1,0,20.68319059960512
5,54,1,1,1,0,119.84289174836842
5,55,1,1,1,0,22.079833320122045
5,56,1,1,1,0,0.0
5,57,1,1,1,0,45.23900193225365
5,58,1,1,1,0,85.81161577819928
5,59,1,1,1,0,1.2120235647849587
5,7,0,0,0,5,43.70030134783921
5,33,0,0,0,7,62.26374555266143
5,0,0,0,0,5,69.67889245806676
5,7,0,0,0,2,45.29088206237299
5,8,0,1,0,0,30.77693820604993
5,9,0,1,0,0,92.0291263615414
5,10,0,1,0,0,97.55320653753242
5,11,0,1,0,0,25.97142770491392
5,12,0,1,0,0,101.79664834983424
5,13,0,1,0,0,47.12131591170814
5,23,0,1,0,4,65.34946818509958
5,25,1,1,0,6,127.29123783753263
5,29,0,0,0,6,46.6738183822183
5,45,0,1,1,2,94.83700351804171
5,49,0,1,1,0,67.28864268627144
5,50,0,1,1,0,109.86883585297281
5,51,0,1,1,0,116.51461374528884
5,52,0,1,1,0,124.12241937709507
5,53,0,1,1,7,129.9834948546202
5,54,1,0,1,0,31.11411745601026
5,55,1,0,1,0,1.1575762825000002e-05
5,56,1,0,1,0,79.55299409645588
5,57,1,0,1,0,116.21882133940679
5,58,1,0,1,0,122.46100848242791
5,59,1,0,1,0,11.690039527450732
5,32,0,0,0,3,62.31268819246537
5,1,1,0,0,2,28.799996529669553
5,16,1,1,0,3,121.6379990491213
5,18,1,0,0,7,113.24515897584942
5,19,0,0,0,2,76.05266151479239
5,23,0,1,0,7,107.50140674461596
5,28,0,0,0,3,58.01353011867378
5,43,1,1,1,1,135.23691982560547
5,18,0,0,0,7,72.77394835336722
5,29,0,0,0,1,46.2685639694969
5,39,0,1,0,4,74.36934259013915
5,46,1,1,0,6,132.54495451734493
5,50,1,0,0,0,19.98822644176288
5,7,0,1,0,0,97.42539700298038
5,8,0,1,0,5,40.25817431307112
5,39,0,0,0,6,90.03778049944522
5,44,1,1,0,3,131.6140728503424
5,45,1,1,1,0,122.04357405134087
5,46,1,1,1,0,128.37577609092244
5,47,1,1,1,1,135.20590079541165
5,25,0,0,0,3,27.268118579022904
5,57,0,0,0,4,59.03743944783769
5,17,0,0,0,7,61.4730194249832
5,33,0,0,0,1,66.79001228724128
5,56,0,0,0,5,84.6306099928383
5,1,0,1,0,1,15.806897618849067
5,27,0,0,0,6,45.31848177550864
5,36,0,0,0,6,70.8336469331455
5,40,0,1,0,4,88.97690120195165
5,46,0,0,0,3,101.23311520762711
5,54,0,1,0,4,41.11076158102531
5,57,0,1,0,4,0.3445175521569555
5,45,0,1,0,1,45.79850561983923
5,50,0,0,0,4,68.13989113037218
5,56,0,0,0,2,56.0249671741584
5,39,0,0,0,1,45.95325262036759
5,39,0,1,1,3,108.45113113488058
5,47,0,0,0,1,59.11261221616436
5,48,0,0,1,0,104.29383675940097
5,49,0,0,1,3,110.04495359316333
5,50,0,1,0,2,111.31856487595981
5,31,0,0,0,1,47.35308544626683
5,37,0,0,0,4,80.18627529098005
5,39,0,1,0,5,53.99103189861903
5,51,0,0,0,1,58.020305279944104
5,55,0,0,0,5,52.80553627893616
5,38,1,0,0,5,105.93931520001563
5,51,0,0,0,6,84.41765648880028
5,22,0,0,1,5,94.98625755097201
5,4,0,1,0,7,94.11951086193258
5,10,0,0,0,2,67.54037444906396
5,12,0,1,0,4,50.22139451108796
5,13,0,1,0,5,53.89711029609589
5,20,0,1,0,2,104.37693034331892
5,27,0,0,0,3,75.08224562018363
5,28,0,0,0,4,62.27291911911265
5,41,0,0,0,7,41.81794901273479
5,47,0,1,0,1,57.85410682482827
5,35,0,0,0,6,71.5446080656915
5,46,0,0,0,5,75.54227316610756
5,47,1,0,1,0,23.02616951375891
5,48,1,0,1,0,0.39602080000000006
5,49,1,0,1,6,135.6805823271034
5,0,1,1,1,0,101.8816021861998
5,1,1,1,1,0,136.39167424462573
5,26,1,1,1,3,140.43439407409255
5,0,0,0,1,0,1.8711689614373372
5,1,0,0,1,0,55.20816611902512
5,2,0,0,1,0,80.02299804590814
5,3,0,0,1,0,84.26111192328207
5,4,0,0,1,0,88.73851439271317
5,5,0,0,1,0,93.40771581349465
5,6,0,0,1,0,98.03268269540763
5,11,0,0,1,0,9.645865876745003
5,18,0,0,1,6,22.498872853299854
5,19,0,1,1,0,114.60944052829984
5,20,0,1,1,0,0.38733826963960777
5,21,0,1,1,0,0.0
5,22,0,1,1,0,104.24282017342256
5,23,0,1,1,0,2.853983274338895e-07
5,24,0,1,1,0,106.16307186235984
5,25,0,1,1,0,6.056080751707622
5,26,0,1,1,0,0.006142039788420229
5,27,0,1,1,0,0.3756436177003733
5,28,0,1,1,0,109.09493989472423
5,29,0,1,1,0,27.617487021709003
5,41,0,1,0,5,78.22948280911115
5,42,0,1,1,0,12.697217421984632
5,56,1,1,1,6,88.474213904285
5,45,1,0,0,4,114.40311912021491
5,1,1,1,0,7,115.69636925331041
5,32,0,0,0,5,66.00735528446047
5,43,0,1,1,6,134.90725285505613
5,44,0,1,1,1,125.06138943492816
5,37,0,0,0,3,73.92750940610935
5,42,0,0,0,4,73.0090547148941
5,45,1,0,0,7,40.32302738560644
5,46,0,0,1,0,100.41491497874827
5,47,0,0,1,0,31.25398255195075
5,49,0,0,1,5,32.395574387197115
5,54,0,0,0,4,21.71868407334213
5,15,0,0,0,3,90.65064511074614
5,27,0,0,0,5,47.722142456258084
5,40,1,0,0,2,31.058578144720663
5,59,1,0,0,1,49.41859914613748
5,6,1,0,0,2,40.50136080002842
5,11,1,1,0,1,1.6081033354359595
5,20,0,1,1,3,120.72229777141708
5,27,0,0,0,2,56.61931758287764
5,37,0,0,0,5,57.851430503279474
5,38,1,0,1,0,103.11276568511506
5,39,1,0,1,0,2.6983262710054303
5,40,1,0,1,0,19.164975296542607
5,41,1,0,1,0,109.61265817381006
5,42,1,0,1,0,115.60448401218845
5,43,1,0,1,0,122.17221049773742
5,44,1,0,1,0,5.087712046866774
5,45,1,0,1,0,63.67758860222284
5,46,1,0,1,0,0.0
5,56,1,0,0,4,92.86196523695817
5,58,0,0,0,4,42.835095758167256
5,5,0,1,1,2,108.55951825917796
5,6,0,1,1,0,102.6690513944066
5,7,0,1,1,0,111.56515592283681
5,8,0,1,1,0,5.421923113376342e-05
5,9,0,1,1,0,2.1602481007415117
5,10,0,1,1,0,98.39191755977227
5,11,0,1,1,0,110.7015649102261
5,12,0,1,1,0,3.641904084633984
5,13,0,1,1,0,47.23691600643977
5,14,0,1,1,4,12.18548362592383
5,15,0,1,1,0,68.12095882569322
5,16,0,1,1,0,97.74046803471055
5,17,0,1,1,0,103.2191858801397
5,18,0,1,1,0,108.85885751399091
5,21,0,0,0,4,64.27998733155505
5,28,1,0,0,6,27.404570692895454
5,51,0,0,0,5,82.60111908818561
5,8,1,0,0,5,89.85824698128503
5,53,0,0,0,6,84.59144836502884
5,1,0,1,1,0,0.005470998091955891
5,2,0,1,1,0,51.72831234485374
5,3,0,1,1,0,89.4933495171719
5,4,0,1,1,0,100.21584318697032
5,7,0,0,1,3,36.90884110957336
5,25,0,0,0,7,56.27300558873448
5,53,0,0,0,7,99.50256930285073
5,52,1,1,1,7,143.15600359404948
5,8,0,0,0,5,39.94548368182947
5,15,0,0,0,2,59.826037225477414
5,28,0,0,0,6,53.58263969537988
5,38,0,0,0,3,78.10544651694957
5,58,0,0,0,2,41.460501459318614
5,26,0,0,0,1,46.52243412659053
5,45,1,0,0,1,19.48608774303146
5,8,0,0,0,4,32.15327298938692
5,45,0,0,0,5,34.6594383958829
5,56,1,1,0,5,105.48827075480887
5,37,0,0,0,2,77.7646417768043
5,43,0,1,1,5,7.21168726067547
5,44,1,1,1,0,82.23874903673115
5,17,0,0,0,2,47.746133365652256
5,44,1,1,0,5,12.91106551989483
5,45,0,1,0,2,117.5132090096746
5,51,1,0,0,1,-0.0008
5,40,0,0,0,1,31.175777637113647
5,41,0,0,1,0,89.18361012525702
5,42,0,0,1,0,0.06863500771009287
5,43,0,0,1,0,98.98095073096266
5,44,0,0,1,0,104.2103614185192
5,45,0,0,1,1,109.61667406456242
5,10,1,1,1,4,115.51600063194834
5,14,0,1,1,0,2.203442845381706e-06
5,54,1,0,0,7,112.19139237947164
5,59,0,1,0,1,21.58189479003321
5,46,0,0,0,2,84.66042541616007
5,2,0,0,0,4,66.39336854230466
5,11,0,0,0,6,84.44676224723078
5,13,1,0,0,6,33.8690722752207
5,17,1,0,0,3,57.105899080255256
5,26,1,0,1,4,109.73934659587881
5,27,1,0,1,6,117.73817202008243
5,28,0,0,1,7,106.69581035108818
5,36,0,0,0,5,69.93887710929866
5,47,1,0,0,6,112.47180226793584
5,36,1,0,1,4,1.8882728756696947
5,39,0,0,0,4,37.18132324790527
5,58,0,0,0,1,59.95611870741506
5,16,0,0,0,2,22.166385709813188
5,52,0,0,0,3,83.36275391394165
5,44,0,0,0,6,102.15023725878599
5,48,0,0,1,2,0.42404624941024294
5,16,0,1,0,2,97.59473101853919
5,55,0,1,0,1,51.023730662414955
5,48,1,0,1,3,88.68112882022672
5,56,0,1,0,7,100.61606125424457
5,5,0,0,0,3,40.877231831306794
5,20,0,0,0,3,28.13712426410855
5,38,0,0,0,1,65.23129619087217
5,39,0,0,0,7,44.77723130923109
5,46,1,0,1,1,102.25754498011763
5,49,1,1,0,1,28.739714461912634
5,35,0,1,1,7,130.53615687879545
5,42,0,0,0,3,70.64257502154253
5,21,0,0,0,3,58.92696928528933
5,24,0,0,0,2,34.78767075606793
5,55,1,0,0,4,94.89237697595118
5,52,0,0,0,6,67.1898365384472
5,18,0,0,1,2,6.07590859311675
5,19,0,0,1,0,0.0
5,30,0,0,0,1,56.885932705463176
5,3,0,0,0,5,77.03328911684538
5,5,0,0,0,2,40.39598218823964
5,8,0,0,0,7,49.34748821496704
5,26,0,1,0,4,55.30131320700042
5,30,0,1,0,3,58.6659638861277
5,57,0,0,0,2,70.40034360454317
5,30,0,1,1,3,108.02870392514073
5,36,0,0,0,7,72.47556095183585
5,37,0,1,1,6,112.57848461320317
5,52,0,1,0,2,109.37612164734315
5,10,0,0,0,3,73.14209306528873
5,35,0,0,0,1,69.07799932748192
5,39,0,0,0,2,57.51235643798582
5,43,0,0,0,7,80.18069090625761
5,57,0,1,0,2,32.29457234111083
5,24,0,0,0,6,89.53574082943895
5,34,0,0,1,2,3.9162554523618103
5,54,1,1,0,1,113.68638657008124
5,27,1,0,0,2,21.179158447056924
5,42,0,1,0,2,60.9967246077799
5,52,0,0,0,4,85.22150037932815
5,15,0,0,0,6,57.9017720335449
5,47,0,0,0,3,100.20609187217454
5,30,0,1,1,2,11.085373577318084
5,48,0,1,0,1,71.23494496959087
5,31,0,1,0,0,48.17557738477821
5,47,0,1,0,6,64.63542605138343
5,13,0,0,0,2,47.00836920664276
5,40,0,0,0,2,37.65708486627063
5,14,0,0,1,4,-0.007147974334100001
5,21,0,0,0,6,91.41313447855879
5,22,0,1,0,2,31.12761533968829
5,30,0,1,1,7,2.9893123304520497
5,34,0,0,0,5,79.1101159774988
5,4,1,0,1,0,10.606998479350858
5,5,1,0,1,0,8.641645532303684
5,6,1,0,1,0,57.210550501323446
5,7,1,0,1,0,93.01896755795438
5,8,1,0,1,0,0.0
5,9,1,0,1,0,80.84990661863073
5,10,1,0,1,0,85.48473324221457
5,17,1,0,1,1,119.47691265271091
5,20,1,0,1,5,114.60335756729836
5,21,0,0,1,4,7.086063201022489
5,49,1,1,0,7,132.59155543872117
5,32,1,0,0,3,14.981330682398696
5,36,1,0,0,7,113.30170012315625
5,37,1,0,0,2,0.38215116000000005
5,53,0,0,0,5,81.12533334601494
5,47,0,0,1,5,106.3201594660385
5,38,0,0,0,7,65.44737116029366
5,11,0,0,0,7,70.95991518173143
5,18,0,0,0,4,59.70937684298511
5,19,0,0,0,5,52.63570611257214
5,29,0,1,1,2,115.36710401361617
5,31,0,0,1,1,98.2950018571957
5,33,0,0,1,5,100.75459158814841
5,43,0,0,0,3,79.91382090478817
5,44,0,1,0,4,35.80751392022479
5,55,1,1,0,3,55.446571529007144
5,53,0,0,0,1,70.90605024428055
5,2,0,0,0,7,87.81028298826479
5,24,0,0,0,3,54.312661116170915
5,48,1,1,0,7,128.11185274248336
5,51,0,0,0,4,72.72666455194596
5,26,1,0,0,4,103.8463368192444
5,39,1,1,0,4,116.95543317169421
5,7,1,1,1,4,40.41364604342124
5,20,0,1,1,2,18.829532781577853
5,23,0,0,1,4,8.448943207114883
5,22,0,0,0,4,43.091572221713115
5,23,1,0,0,4,48.53378443167479
5,42,0,1,0,1,64.81097467774333
5,56,1,0,1,2,-0.0032
5,8,1,0,0,2,56.15970585314163
5,9,1,1,0,1,8.119312143542194
5,41,0,1,0,4,106.0906048114634
5,47,1,1,1,0,0.0
5,52,1,1,1,3,20.596282585739264
5,55,1,1,0,6,116.47761896303598
5,3,1,0,1,0,110.14502870118417
5,15,1,0,1,2,1.4437991677015085
5,26,0,0,0,7,41.08365493113908
5,46,0,1,0,3,47.92439215265454
5,54,0,0,1,5,47.879738410304554
5,18,0,1,0,6,105.79410714531915
5,19,0,0,0,6,87.40543364641093
5,27,0,1,0,3,109.69547454985509
5,50,1,0,0,6,113.09832134999156
5,3,1,1,1,7,152.62060176654893
5,17,1,0,0,7,108.40042378544179
5,44,0,0,0,4,84.07418676785514
5,57,0,0,0,1,38.010649322648945
5,53,0,0,0,2,80.0316856728423
5,0,1,0,1,3,126.10224185032732
5,6,1,1,1,1,55.26927970897859
5,25,1,1,0,5,41.86967389296989
5,33,0,1,0,3,110.17729885566074
5,35,0,1,1,6,17.655410611559677
5,36,1,1,1,3,127.13294570460187
5,6,1,1,0,4,116.1982657345823
5,7,1,1,0,5,115.39364478486071
5,12,1,1,0,3,110.7896673695683
5,19,1,0,1,1,88.75797810948148
5,49,0,0,0,2,72.97351094598729
5,58,0,0,0,7,62.88588005697653
5,14,0,0,0,5,65.94782694950077
5,44,0,1,0,7,36.16464993398249
5,37,1,0,1,3,88.079269719625
5,42,0,1,0,3,66.43927302977694
5,52,0,0,0,5,76.25258851193904
5,55,0,0,0,2,87.83797225051335
5,43,0,0,0,6,65.66613588709843
5,55,1,1,1,2,17.67888895453144
5,12,0,0,0,6,48.41645675298362
5,22,0,0,0,7,93.05315564125168
5,31,0,1,0,1,54.14348547841502
5,51,0,1,0,5,108.50785248017203
5,35,0,0,0,3,80.06269253804724
5,13,0,1,0,7,107.94150014308168
5,40,0,0,0,6,40.12165229661075
5,55,0,0,1,7,102.81207214262854
5,55,0,1,0,7,51.21972906425763
5,8,0,1,0,7,102.44830663319598
5,9,0,1,0,4,7.017200314653497
5,39,0,1,0,2,78.4912972088049
5,41,1,0,0,3,6.003215281745964
5,56,0,1,1,1,12.873686705429032
5,59,0,0,1,5,102.41421005573058
5,49,0,1,0,5,36.62553223768012
5,7,0,0,0,3,44.89244802826517
5,12,0,0,1,6,-0.011200000000000002
5,19,0,0,1,3,71.51341536798091
5,44,0,1,1,4,7.72727095121729
5,48,0,1,1,2,1.4968000000000001
5,30,0,0,0,5,52.536526239741605
5,32,0,0,0,4,59.55485274558939
5,43,0,0,0,2,76.23719950601054
5,55,1,1,1,4,126.97569583734676
5,9,0,0,1,3,106.27411260239163
5,22,1,1,0,4,119.1959768409762
5,39,1,1,0,6,13.065423598292764
5,55,0,1,0,0,54.04969093491486
5,59,0,1,0,7,99.49329093922012
5,38,0,0,0,6,96.11652033901127
5,46,1,0,0,1,23.06146145447598
5,4,1,0,1,7,116.82481970172802
5,35,0,1,0,3,96.0467442102874
5,55,0,1,0,2,51.42704341299602
5,43,0,0,0,5,81.92580338135807
5,50,0,1,0,6,49.961504032139665
5,13,1,0,0,1,24.77265528025567
5,27,0,0,0,1,43.71072110671647
5,17,0,0,1,6,17.733732731215625
5,16,0,0,0,5,20.395316011857815
5,59,1,0,1,4,130.74911178354571
5,5,1,1,1,7,126.89500612990032
5,12,1,0,0,4,17.52172833666751
5,22,1,0,0,4,39.38810186269036
5,23,0,0,0,5,8.13471267534747
5,45,0,0,0,7,49.46994456023532
5,50,1,1,0,6,28.38187839262078
5,2,0,0,1,2,12.863310231456854
5,45,0,1,0,4,56.69899889376593
5,47,0,0,0,2,69.81410327315447
5,21,0,0,0,1,53.06262757751218
5,1,0,0,0,2,63.10382505703861
5,8,1,0,0,3,72.06864604436572
5,9,1,0,0,7,96.64442978541042
5,13,0,0,0,5,36.892790215796616
5,32,1,1,0,0,4.554642433862192
5,33,1,1,0,0,0.8849897519256262
5,34,1,1,0,0,103.57885638488496
5,59,0,0,1,2,40.128308493458654
5,37,0,0,0,1,74.67183024120521
5,1,0,0,0,5,62.7164266424462
5,12,0,0,0,1,44.698096846885775
5,53,0,0,1,6,35.85779468256091
5,57,1,1,0,6,117.84627699943866
5,58,1,0,0,4,25.910640573347262
5,35,0,0,0,5,83.31148379735902
5,1,1,0,0,5,97.73341005503181
5,29,0,0,0,3,63.86146265419581
5,54,1,0,0,6,43.651154988048475
5,6,0,1,0,0,9.188867685770614
5,31,0,1,0,5,46.31589483057115
5,57,0,0,0,7,71.21901833317992
5,40,0,0,0,4,34.54134023755603
5,56,1,0,0,5,18.856652801703873
5,2,0,0,0,1,65.69245146982209
5,14,1,0,1,2,48.61522283268477
5,59,0,0,0,2,45.94865347562593
5,2,0,1,0,2,98.3561951666145
5,3,0,1,0,2,58.332575470933826
5,12,0,1,0,6,50.95134465541799
5,14,0,1,0,2,101.7144604808695
5,35,0,0,0,2,70.43930585789964
5,45,0,0,0,4,45.14484413185458
5,4,1,1,0,3,111.76454541754623
5,52,1,0,0,5,113.861391136238
5,55,1,0,1,4,94.60489847736511
5,52,0,0,0,2,68.89956390630125
5,22,0,0,1,2,7.970127205606566
5,26,0,1,1,3,67.48819938151249
5,27,0,1,1,6,54.96219807560364
5,31,0,0,0,7,48.80433022483633
5,35,0,0,0,7,90.64364644391812
5,38,1,1,0,6,15.7108839053776
5,39,0,0,0,3,50.360771068211555
5,50,0,0,0,1,55.14050114608382
5,36,0,0,0,4,80.12450580363472
5,55,1,1,0,2,35.509225625820534
5,57,0,0,0,5,56.975815389359276
5,35,1,0,1,5,113.93630505535201
5,14,0,0,0,2,61.412582901675016
5,28,0,0,0,7,70.42082995956919
5,49,0,1,0,3,26.518084266139304
5,11,0,1,0,7,101.83529104699602
5,18,1,0,0,2,5.6599075711286
5,25,1,0,0,7,26.7400758226898
5,34,1,1,1,6,141.68330052155164
5,47,0,0,1,2,18.373595061905416
5,0,0,0,0,2,66.94598125398875
5,4,1,1,0,2,23.197637309935054
5,22,0,0,0,6,39.722310452489126
5,11,0,0,0,3,69.849987505871
5,26,1,1,0,1,10.734947792746288
5,28,0,1,0,7,106.80511748290834
5,54,0,0,1,3,54.47895410701358
5,21,0,1,0,1,36.07849273634114
5,6,0,0,0,4,78.76975300281204
5,43,0,1,1,2,4.984911197635411
5,17,0,0,1,7,1.561223035919645
5,2,1,0,0,4,97.0180446912309
5,15,0,0,0,1,42.02568270388658
5,19,0,0,0,1,47.234614503514486
5,33,0,0,0,5,62.04207381243372
5,51,1,1,0,4,40.174969514812815
5,53,0,1,0,5,10.977350213663236
5,12,1,0,0,7,38.6543006525195
5,29,0,1,0,3,75.96278529175797
5,48,0,0,0,3,37.95188394216824
5,41,1,0,0,1,0.14744765352509973
5,16,0,0,1,5,112.24980594237397
5,44,1,0,0,6,8.23288734425336
5,18,0,1,0,1,24.61773031366801
5,30,0,0,0,2,91.77054507683921
5,40,0,0,0,7,39.35423387718
5,44,1,1,0,1,12.662109748912673
5,45,1,1,0,6,35.800528489697555
5,47,0,0,1,7,54.93286590043441
5,18,0,0,0,1,55.61109304393126
5,24,1,0,1,3,116.4300785211802
5,56,0,0,0,3,55.51705358655757
5,6,0,0,1,5,44.663999868822174
5,45,0,0,0,6,32.741301267816006
5,1,0,0,0,6,64.76137494852624
5,23,1,0,0,5,47.04589805714278
5,44,1,0,1,3,130.09818900233245
5,54,0,1,0,7,65.65232536828887
5,55,1,1,1,3,37.599315920390794
5,58,1,0,0,5,12.67132410648385
5,42,1,1,0,6,126.81134543247121
5,53,0,0,1,1,52.482297799253054
5,27,0,0,0,7,65.28571387078512
5,31,0,1,0,2,66.02329526234655
5,52,0,0,0,7,72.74228544801242
5,14,0,1,1,5,107.23868981111909
5,22,0,1,0,6,42.27942071068228
5,26,0,0,0,4,58.029788159822104
5,33,0,0,0,3,65.02473906790804
5,47,0,1,0,3,75.79771802391585
5,49,0,0,0,1,58.92033714757662
5,25,1,0,0,1,21.92625995498377
5,50,1,1,0,5,33.29050981488629
5,6,0,1,0,3,24.177576910316333
5,28,0,0,0,1,53.21063793999112
5,39,0,1,0,3,47.292216238721466
5,28,0,0,1,3,24.0155836201507
5,46,1,0,0,6,9.145749605336041
5,47,0,0,0,4,57.77533587366776
5,26,0,1,0,7,28.371204304347582
5,50,0,1,0,4,19.978688628415945
5,53,0,1,0,1,20.9947032599762
5,7,0,0,0,6,80.08811552686532
5,46,0,1,0,7,43.83161822239765
5,7,1,0,0,1,55.16312458926918
5,18,0,0,0,2,58.062103812018755
5,16,1,1,0,6,34.39183179058735
5,48,0,0,1,3,15.43469747763735
5,23,1,0,0,3,37.66665547859658
5,21,0,1,1,6,96.95101958037519
5,32,0,0,0,6,64.969970269816
5,34,0,0,0,7,69.66907531748322
5,24,1,1,1,4,128.2579142267328
5,19,0,0,0,7,69.875687836011
5,20,0,0,0,1,34.679108206562574
5,51,1,1,0,0,10.443911776206473
5,25,1,0,0,5,50.6589835132415
5,29,0,0,0,5,47.698974907321066
5,30,0,0,0,3,34.753508261705576
5,22,1,0,0,1,34.81754834479847
5,54,1,0,0,4,60.67038673084817
5,6,0,0,1,7,57.61472988494886
5,8,1,0,0,7,74.36814685138646
5,22,0,0,0,2,29.29373137219215
5,25,0,0,1,2,1.217330536888039
5,26,0,0,1,1,99.56507608620524
5,55,0,1,0,5,84.70480229873746
5,59,0,0,1,3,26.629908136478832
5,58,1,0,0,6,56.650048164540614
5,55,1,1,0,1,49.64246545140863
5,58,0,1,0,3,38.414973198239494
5,39,0,1,0,6,80.40561303892662
5,11,0,1,0,1,15.013475381832363
5,8,0,0,0,3,30.94684335641883
5,14,0,0,0,6,48.89548063391997
5,45,1,0,0,6,62.72533601712346
5,21,1,1,0,2,31.01185627056525
5,27,1,0,0,6,12.371731381422528
5,49,1,0,0,4,19.739799174888418
5,3,0,1,0,4,35.93113210252152
5,8,1,0,1,5,110.68686555421397
5,10,0,0,0,5,73.85037878650402
5,23,0,1,0,6,65.7618236307546
5,40,0,1,0,1,87.08782688527225
5,41,0,1,1,0,53.88814096139263
5,42,0,1,1,4,101.32853096783937
5,55,0,0,0,1,44.19382412095334
5,16,1,0,0,5,29.23909399224877
5,49,0,0,0,3,68.6063533561501
5,23,0,1,1,5,130.10432896991856
5,56,1,0,0,3,1.1053429913620634
5,4,1,1,0,5,38.931906666990926
5,40,1,0,0,7,111.35779125544377
5,54,0,1,1,6,34.643878700438265
5,56,0,0,0,4,47.027782190502805
5,5,1,0,0,1,20.681529044322524
5,25,0,1,1,6,112.4431657541659
5,28,0,0,1,5,8.879744176560443
5,3,1,1,1,3,28.330203444988264
5,5,1,1,1,1,24.13888851360172
5,8,0,1,0,4,55.4023097424
5,4,0,0,0,4,72.34173957429086
5,15,1,0,1,1,110.58568216371535
5,37,0,1,0,4,10.682849531659052
5,8,0,0,1,7,102.51655241203451
5,56,0,1,0,2,56.88443661831943
5,14,0,1,0,6,28.635613861659973
5,23,1,1,0,7,49.0076268752686
5,2,0,0,0,5,67.14095130288328
5,12,0,0,0,4,39.9746785291879
5,12,0,0,0,2,35.605272146127575
5,23,0,1,0,2,63.32432831641651
5,44,0,0,0,2,87.73007455137622
5,47,0,1,0,2,72.14562054548678
5,53,0,0,1,2,33.33480808473407
5,31,0,0,0,2,50.02130778630101
5,29,0,1,0,6,73.46751056372136
5,20,0,1,0,4,44.25373403660988
5,21,1,1,0,1,50.158478625909495
5,53,0,0,1,4,48.13919262100409
5,53,0,0,0,4,88.6316607792808
5,59,1,0,1,2,20.174913965338035
5,48,0,0,0,4,56.50991753116395
5,20,1,0,0,3,6.3747463217169695
5,3,1,0,1,4,3.5942112638145822
5,33,0,0,0,2,62.94423318116314
5,53,1,0,1,1,4.204242320668658
5,56,0,0,0,7,27.739531374443374
5,4,0,1,0,3,29.21437319141971
5,25,1,1,0,1,28.126089052266046
5,54,0,0,0,3,28.771566225665975
5,29,0,1,0,2,46.02760677902518
5,49,0,0,1,7,30.2993288829069
5,0,0,0,0,4,53.67798977440387
5,4,1,0,1,1,34.345877854728414
5,47,1,0,0,1,10.119547759941979
5,20,1,0,1,6,15.885775889930663
5,30,0,1,0,7,47.0663357671536
5,41,0,0,0,6,39.73487523800489
5,48,0,1,1,7,18.607546700351
5,52,0,1,0,7,28.996110753494108
5,7,0,0,1,0,63.89563353523305
5,45,0,1,0,5,69.66896079131537
5,2,0,0,0,2,59.291202345669724
5,9,0,0,0,3,55.08413780480795
5,16,0,1,0,7,65.97841833880837
5,41,0,0,0,1,47.61623247076229
5,46,0,0,0,1,81.91867332703144
5,4,1,0,0,7,9.630002781433264
5,32,0,0,1,2,1.0414342708535054
5,40,0,1,0,2,70.39647074223376
5,48,0,1,0,3,81.5170015700191
5,34,0,0,0,6,75.14399995874334
5,54,0,0,1,1,50.7715445507274
5,16,0,0,1,3,42.12271731939179
5,56,0,0,1,2,0.8156724713074053
5,59,0,0,1,7,32.87321417656568
5,47,0,1,0,7,70.64365032770829
5,5,0,1,0,7,28.518996706936818
5,40,0,1,0,6,80.89352411205432
5,15,0,0,0,5,49.09102389093265
5,16,1,0,0,4,45.37554860404505
5,29,0,1,0,7,66.41349742738662
5,39,0,1,0,7,65.31882818377919
5,7,1,1,0,3,11.975450090154055
5,21,0,0,0,2,38.245538229463435
5,36,0,1,1,3,114.88054340627927
5,16,0,0,0,4,21.114379584684013
5,24,1,0,0,2,60.12699693208923
5,29,0,1,0,4,49.552701764398535
5,34,0,1,0,6,103.99472550215887
5,46,1,0,0,2,27.96312399120672
5,47,1,0,0,5,12.147052893686194
5,6,1,1,0,2,3.051759038925637
5,14,0,0,1,2,9.118135880341523
5,22,0,0,1,3,24.14956663884142
5,44,1,0,0,4,18.527772639467468
5,26,0,0,1,3,26.364255175930197
5,27,0,0,1,5,13.253184871913783
5,30,0,0,0,7,37.92665971955215
5,49,0,1,0,4,7.300135873623859
5,11,0,0,0,5,49.728860596404594
5,26,0,0,0,5,52.93720752835276
5,56,0,0,0,6,53.496357942711114
5,21,1,1,0,6,47.264371306707055
5,22,0,1,0,4,40.342321700147686
5,42,0,0,0,2,87.25355157897802
5,54,1,0,1,3,123.12619687492872
5,3,1,0,0,5,89.64230137217767
5,51,0,1,0,1,21.08725457701491
5,20,1,0,0,1,10.871262671243198
5,36,1,1,1,6,16.616749588427943
5,9,0,0,0,6,67.96371030384051
5,6,1,0,0,5,28.681675762057317
5,36,0,0,0,1,80.83733833122845
5,17,0,0,0,5,48.28420655815412
5,42,0,0,0,7,80.22987970363796
5,59,0,0,0,4,48.249211188845436
5,31,1,1,0,0,111.36425291766938
5,5,0,0,1,4,29.3470188667645
5,28,0,0,1,1,4.534129056390933
5,45,1,1,0,4,13.75960788159104
5,46,0,1,0,5,16.167165539515253
5,52,0,1,0,5,23.663086336433416
5,14,1,0,0,3,0.43491293619964067
5,48,0,0,0,1,54.46401886651897
5,5,1,0,0,6,41.757165580353444
5,13,0,0,1,4,93.27364145686153
5,45,1,0,0,3,56.915555311626406
5,26,1,1,0,7,4.016137741963289
5,28,1,0,0,1,26.975216295954926
5,4,1,0,1,4,40.208072325080806
5,42,0,0,0,6,79.25639123281901
5,44,0,1,0,3,36.04721255166542
5,8,0,0,1,4,19.762954135788867
5,18,1,0,0,3,3.5775834443256755
5,1,0,0,0,4,71.91781877527774
5,13,1,0,0,5,34.81182017857805
5,13,0,1,0,1,45.07683006584763
5,14,0,1,0,4,41.19182070699195
5,21,1,1,0,3,40.22679927455089
5,29,1,1,0,2,6.39952610316047
5,13,0,0,0,3,57.780987571301395
5,15,0,0,0,4,54.09832653812669
5,44,0,0,0,3,66.99961517381335
5,2,0,0,0,3,61.18814448511537
5,17,1,0,1,6,10.82903702368922
5,13,0,1,0,2,59.30584239183719
5,18,0,1,0,7,57.43619783496727
5,12,0,0,0,7,39.96125301627349
5,58,1,0,0,7,27.175259994329238
5,6,1,0,0,3,25.560214141744467
5,22,0,0,0,1,35.63334060310538
5,29,0,1,0,5,59.51569744295301
5,9,0,0,0,1,61.540598336668154
5,6,0,0,0,7,52.19813617075341
5,18,0,1,1,4,0.8655233036950071
5,20,0,1,1,7,14.707650128298814
5,21,0,1,0,6,41.28034268393217
5,29,0,0,0,4,57.89205557058132
5,44,1,1,0,4,23.009799111258438
5,39,1,0,1,2,-0.0032
5,26,1,0,0,1,35.95293618662283
5,40,0,0,0,5,26.984783287380935
5,42,0,1,0,4,58.965588639624876
5,56,0,1,0,6,59.19925285630782
5,6,0,1,0,5,34.27145804165028
5,7,1,0,0,3,39.77999631892217
5,26,0,1,0,2,42.745530317905605
5,5,0,0,1,3,28.5151065201282
5,15,1,0,1,3,3.309509959538315
5,12,1,0,0,5,44.14121355417287
5,0,0,0,0,3,67.14545772959491
5,3,0,0,0,6,51.268902660606315
5,13,0,1,0,3,47.00318716988664
5,20,1,0,1,2,-0.0032
5,3,0,0,1,4,12.005613062804835
5,8,1,0,0,6,58.601329888057194
5,20,0,0,0,2,46.88445409871602
5,3,0,0,0,1,46.37803023239125
5,5,0,0,1,1,62.74787117832569
5,6,1,0,0,7,35.110505179266575
5,26,1,1,0,5,16.980156022279495
5,58,1,0,0,1,31.11433393804519
5,14,0,0,0,7,49.42252787311765
5,55,1,1,1,7,52.01403080927797
5,24,1,0,0,1,51.36122667111236
5,14,1,1,0,2,2.4441196398747342
5,16,1,0,0,1,48.72303392436058
5,46,1,1,1,4,4.05610171022096
5,15,0,0,0,7,65.33886029767734
5,18,0,0,0,5,55.81851567999867
5,35,1,1,0,7,118.96463004795194
5,45,0,1,0,3,58.62823951798819
5,51,0,1,0,3,44.33244987434027
5,1,0,0,0,3,62.474842452479145
5,46,1,1,0,3,18.223991915669597
5,7,1,0,0,2,40.51843425174815
5,21,1,1,0,7,38.10950982379495
5,48,0,0,1,5,14.701657370739383
5,54,1,0,1,6,15.66814567142811
5,44,1,0,0,2,23.08058923414137
5,15,0,0,1,4,19.30802462166205
5,17,0,0,1,2,12.151074712085636
5,19,1,1,1,5,23.936014698474292
5,45,1,0,0,2,46.02494411690613
5,28,1,0,0,3,0.9893177351062777
5,20,0,0,0,6,45.4793145726189
5,14,0,0,0,1,63.33833279061902
5,22,0,0,0,3,52.1076332638802
5,26,0,0,1,2,0.9807999197721474
5,6,0,0,0,6,57.28044898543097
5,31,0,1,0,3,61.24553520361983
5,38,0,0,0,5,66.87062621721425
5,48,0,1,0,4,79.98433837685768
5,32,1,0,0,1,8.465825890746013
5,33,1,0,0,7,106.36673426850498
5,0,0,0,0,6,74.95234598079857
5,47,0,0,0,6,55.27991716827893
5,7,1,0,0,7,51.622588029763435
5,27,1,1,0,5,117.0798058605814
5,29,0,1,1,3,45.177566727563025
5,31,1,0,0,1,4.362978484810243
5,3,0,0,0,3,34.978220931507195
5,5,0,0,0,7,51.92890766198879
5,6,0,0,1,6,38.732539609790514
5,55,1,0,0,6,12.558323738811913
5,30,0,1,0,5,69.15600469226494
5,48,0,0,0,6,62.782353121008306
5,16,0,0,1,7,12.234434708350669
5,18,0,1,1,2,16.51587539020842
5,57,1,0,0,7,13.953389932522807
5,31,0,0,0,3,32.41443959191227
5,16,0,1,0,3,49.654313685473305
5,25,0,0,0,2,50.19369728927077
5,45,0,1,0,6,92.20585311982587
5,17,0,1,0,5,44.14009300843924
5,20,1,1,0,1,41.6456662106729
5,56,0,0,0,1,43.71720329128069
5,51,0,1,0,4,37.2383356737264
5,55,0,1,0,3,46.784809319053444
5,51,0,0,0,3,73.99780885997893
5,48,0,0,0,2,38.17237231706115
5,19,0,0,0,4,63.60878488677538
5,5,1,1,0,7,21.31187709241322
5,46,0,0,0,7,56.421368660369566
5,51,0,0,0,2,76.88542461585774
5,23,1,0,0,1,29.633668743686695
5,6,0,0,1,4,29.20535570041252
5,18,0,1,0,3,50.30480358249962
5,30,1,0,0,4,9.619171089024956
5,19,1,1,0,7,23.33944798027639
5,22,1,1,1,1,126.84905212099272
5,42,0,1,0,5,31.925518340510607
5,24,1,1,0,6,40.15117462836781
5,26,0,0,1,5,25.0084744602416
5,23,0,0,0,1,24.467539385986065
5,33,1,0,0,5,23.47622200880556
5,56,0,1,1,6,54.53513196095174
5,59,1,0,0,4,34.04066056812346
5,6,0,0,0,1,40.44702551041064
5,20,0,0,0,4,31.65858872070313
5,26,0,0,0,2,49.48381428948982
5,34,0,0,0,2,65.28467787974338
5,58,0,0,1,0,19.686837027518344
5,56,0,1,0,1,60.37465630007385
5,4,1,0,1,6,12.879864294469042
5,23,0,1,0,5,50.69425131142752
5,58,1,0,0,3,19.047173762951598
5,45,0,0,0,1,55.42989692076302
5,58,1,0,1,2,2.042305186159073
5,6,1,1,0,7,12.345950298391447
5,28,0,1,0,1,9.969020302806717
5,29,0,0,1,1,19.114710841073325
5,1,0,1,0,5,11.077800451170699
5,49,1,0,0,5,33.66079980064875
5,54,0,1,0,5,41.87010799761215
5,5,0,1,0,5,2.296559909968816
5,57,0,0,1,6,24.666751304642474
5,38,0,0,0,4,75.90975240302838
5,25,0,1,0,6,43.10276768747577
5,3,1,1,1,2,46.68579031240479
5,44,0,1,0,5,20.028091253981593
5,47,0,1,0,4,61.733151761358364
5,33,1,1,0,5,65.55307412565148
5,48,0,1,0,2,88.82608925719975
5,17,1,0,0,4,52.80515560006737
5,24,1,1,0,2,55.573544071862095
5,54,0,0,0,5,11.365252165448164
5,36,0,0,0,3,74.86914299884327
5,1,1,0,1,0,97.40606922859476
5,2,1,0,1,0,103.63144259298734
5,5,0,1,1,1,10.370145862500138
5,12,0,1,1,7,117.94670756289645
5,44,1,0,0,5,26.33785406970004
5,9,0,0,0,7,53.75877799322534
5,24,0,0,0,4,22.804151686134052
5,48,1,1,1,2,143.62539009585038
5,10,0,0,0,1,60.10412155331693
5,17,0,0,0,6,71.03473885658025
5,0,0,0,0,7,70.00878682346338
5,4,0,1,0,2,48.45333132492136
5,12,0,1,0,5,8.229769777772283
5,17,1,0,1,7,17.385510645241553
5,28,0,1,1,7,17.876980046509615
5,32,1,1,0,6,116.771445710706
5,26,1,1,0,2,13.203866361022255
5,27,0,1,0,6,22.16242425738978
5,41,0,1,0,6,97.38371530054297
5,42,0,0,0,5,74.08466449793887
5,2,0,0,0,6,71.57204276768665
5,10,0,0,0,7,70.8688554974036
5,9,1,1,0,6,114.63839228325247
5,12,0,1,0,1,32.60795506222913
5,23,0,0,0,4,21.995790464480432
5,31,1,0,0,4,95.00112741756384
5,56,0,1,1,3,5.399026138520682
5,17,0,0,0,4,51.88452270922857
5,47,1,1,1,5,10.738143771958107
5,42,0,0,0,1,73.18065617141866
5,0,1,0,0,4,38.36477051731828
5,40,0,0,0,3,50.86242508859888
5,45,0,0,1,7,18.2511455943446
5,6,1,1,0,1,29.75698114926385
5,19,1,0,1,6,1.4900785178488851
5,20,0,0,1,6,54.12647815074056
5,29,0,0,1,6,7.177251328707743
5,38,1,0,0,1,11.29056232661885
5,45,0,1,0,7,81.68167943771806
5,49,1,0,0,1,30.884026369476388
5,22,0,0,0,5,22.255611060224844
5,26,0,0,1,4,1.5390370809486642
5,8,0,1,1,1,118.61736436982638
5,54,1,1,0,3,61.27124580267225
5,33,0,1,0,7,10.913935651560122
5,59,0,1,1,0,40.3111152970156
5,0,0,1,1,0,93.41663490889863
5,31,0,0,0,5,35.522208603075676
5,53,0,1,0,7,4.5753594451301
5,13,1,0,1,3,17.80295987090037
5,40,0,1,0,3,68.40379016493142
5,57,0,0,1,3,40.82631628876741
5,34,0,1,1,3,5.381753536882935
5,8,0,1,0,1,49.09380034164707
5,49,1,0,0,3,31.30936252165746
5,45,1,1,0,1,26.790847323669865
5,46,0,0,0,4,74.1586171032162
5,3,0,0,0,7,29.92462855210292
5,9,0,0,1,5,12.23249011326197
5,15,0,0,1,5,27.618622320506876
5,9,0,0,0,5,73.78542689839232
5,40,1,0,0,1,34.567861613669244
5,58,0,0,1,7,57.11272549506789
5,56,0,1,0,3,62.20703579584355
5,26,1,0,0,2,39.94286959825854
5,10,0,0,0,4,68.17925242561346
5,24,0,0,0,1,35.23846883734189
5,30,1,0,0,5,3.256653137964687
5,54,1,1,0,2,37.129300386949375
5,11,0,0,0,4,59.853340325927114
5,18,1,0,0,6,10.4582115036871
5,41,0,1,0,3,89.92073329342428
5,13,0,0,1,3,13.555497231261388
5,12,1,0,0,6,48.383704348688575
5,34,0,0,1,5,97.10828938101406
5,41,1,1,0,3,3.274562148601787
5,55,1,1,0,7,31.631957981881868
5,44,0,1,1,7,14.030972955479122
5,11,0,0,0,1,50.73546705563803
5,23,1,0,0,7,27.353084211120162
5,46,0,1,0,1,53.99522252272397
5,58,0,0,1,6,21.82672191427966
5,12,0,1,1,2,1.992059391982932
5,33,0,0,0,6,72.65496296562951
5,57,0,1,0,3,12.160780126465847
5,39,1,1,0,3,16.489164135402117
5,57,1,0,1,1,13.945707521290787
5,59,1,0,0,6,38.27605649777787
5,58,0,1,1,1,3.1479630475973472
5,13,0,1,0,6,51.55361587888299
5,22,1,0,0,6,57.32530935078356
5,55,1,0,1,1,4.213363429527962
5,37,1,1,0,5,4.194918074855269
5,38,1,1,0,3,14.560104599273032
5,44,0,0,0,7,82.72388316190863
5,55,0,0,1,4,8.638643609095833
5,0,0,1,0,5,10.037739049956585
5,14,1,0,1,4,20.48638734150063
5,32,0,0,0,7,62.89413496487688
5,47,0,0,1,1,28.084013903235643
5,14,1,0,0,2,19.57067546616986
5,45,1,1,0,7,46.10305960090962
5,54,1,0,0,1,26.753074668119353
5,10,0,0,1,6,0.002156223981778678
5,15,0,0,1,6,11.459781695204136
5,5,0,0,1,5,43.28767235600847
5,6,0,0,1,1,51.04507271019334
5,55,0,1,1,6,25.936498583717427
5,23,0,1,1,1,2.7555167662210964
5,25,0,1,0,4,31.224118162020144
5,8,0,0,0,2,36.016539664276145
5,31,0,0,0,6,59.27018673762474
5,34,0,1,1,6,18.614168676493087
5,17,0,0,0,3,65.74247382619407
5,4,0,0,1,6,42.60988393409632
5,54,1,0,0,2,31.056293226102024
5,26,1,0,0,7,53.078496231746534
5,49,0,0,0,5,63.09886197349489
5,32,1,1,0,5,13.071707791868622
5,10,0,0,0,6,67.15919702813693
5,26,0,0,1,7,24.048701633898414
5,39,1,0,0,4,14.647623996799895
5,3,0,1,0,3,23.221780086754634
5,6,0,0,0,3,36.94104516387534
5,6,0,1,0,6,27.390544067062415
5,33,0,1,0,4,16.055890378856926
5,3,0,1,0,1,44.50040365886755
5,32,1,0,1,6,66.99034613641417
5,46,0,1,0,2,47.470850455869574
5,57,0,0,1,7,12.902430921947712
5,12,0,1,0,7,41.09308564734354
5,24,1,0,0,3,43.47798230228722
5,59,1,0,0,7,44.194663661207144
5,41,1,1,0,2,13.291655616147217
5,29,0,0,0,2,51.04746982661517
5,20,1,0,0,5,33.15974870657009
5,25,1,0,0,2,37.20590295667051
5,28,1,0,0,2,26.912105704207374
5,13,0,1,0,4,50.90644167485373
5,22,1,0,0,5,30.041337186188873
5,58,0,0,1,3,3.3518174041808453
5,44,0,1,0,6,50.90697074503151
5,5,1,0,0,7,26.446044048953894
5,56,1,0,0,6,19.07524823591359
5,50,0,1,0,5,50.49707328198109
5,48,0,1,0,7,83.4979980601207
5,1,0,0,1,4,1.1178268971959155
5,54,0,0,0,2,45.95171538408249
5,6,1,0,0,6,27.26797408920436
5,11,1,0,0,5,11.802089651787336
5,14,1,0,0,5,10.33851993002984
5,17,1,0,0,2,25.515911934285914
5,3,0,0,1,2,12.721308362060142
5,34,0,0,0,1,74.15454673777631
5,34,0,0,0,3,79.41301846377476
5,5,1,1,0,5,4.206032533342287
5,24,1,0,0,7,63.71128779461809
5,57,1,0,0,5,40.22576842716837
5,12,1,0,0,1,37.55710159373022
5,17,0,1,0,6,19.699857199182205
5,50,1,1,0,4,20.948489650992776
5,5,0,0,1,7,68.39840004739537
5,0,0,0,1,2,2.5996219783180243
5,25,0,0,0,6,43.51613341020825
5,35,1,0,1,7,5.8920347278330265
5,57,0,0,1,5,31.76677306795478
5,11,0,0,0,2,71.74814922480407
5,17,1,1,1,6,36.930691251210334
5,12,1,0,0,3,40.84638584124695
5,17,1,0,1,3,11.491583820352819
5,30,0,0,0,4,61.28341460320688
5,58,0,1,0,1,16.25220556695606
5,2,0,1,0,1,15.782032502947953
5,43,1,1,0,3,16.477876366455753
5,27,0,0,1,3,11.694166475473342
5,49,0,1,0,1,38.301564940776856
5,58,0,0,0,3,65.92458447717823
5,5,1,1,1,3,35.523358982316125
5,16,0,0,0,3,28.625747528358612
5,20,0,1,1,6,17.32196070574888
5,24,1,0,1,4,12.912996881141199
5,51,0,0,0,7,82.56380476208525
5,57,1,0,0,3,2.786056921380757
5,3,0,0,1,1,39.63326553939071
5,0,0,0,0,1,54.29464787419126
5,19,0,1,0,5,13.702995574089814
5,59,1,0,1,6,25.66872593869244
5,2,1,1,1,7,20.27684848037725
5,11,0,1,0,2,43.99206344400001
5,16,1,1,0,4,4.974804433423337
5,20,0,1,0,6,52.57956909365788
5,0,0,0,1,7,111.94337183783873
5,5,0,1,1,5,4.099875209499618
5,8,1,0,1,6,5.403310522120568
5,20,1,1,0,3,24.025307516704135
5,29,0,1,1,6,28.056304826437298
5,37,0,0,1,1,5.313414387487511
5,44,0,0,0,5,76.95818742996276
5,47,0,0,0,7,62.081801417639525
5,55,0,1,1,7,16.579750250260222
5,25,0,0,0,5,39.48809841488571
5,30,0,0,0,6,59.94373128019461
5,54,1,1,0,4,48.733397980809656
5,3,1,1,0,6,37.6540590092233
5,3,0,0,0,4,30.562375111923515
5,29,0,0,1,7,17.627806227714103
5,0,0,1,0,2,13.534662557866573
5,27,0,0,0,4,71.00658783848215
5,8,0,1,1,2,13.618887705205022
5,24,0,0,1,6,10.454221718212281
5,25,0,1,1,3,25.109356882323844
5,48,1,0,0,4,13.831219461846118
5,9,1,1,0,4,4.202691891235683
5,41,0,1,0,7,79.29784375791897
5,43,1,0,0,5,5.34804482916012
5,54,0,1,1,1,22.85141565082587
5,47,0,0,1,3,16.74312354250387
5,54,1,0,0,5,30.726824009452884
5,14,0,0,0,3,53.95445588046338
5,18,0,0,0,6,56.194122706696916
5,53,1,1,0,7,7.60206181632165
5,1,0,1,1,3,106.09307244477581
5,41,0,0,0,2,18.743754501590878
5,30,0,0,1,5,32.50714646777212
5,13,0,0,0,1,28.686506837060943
5,13,1,0,0,2,36.38911685484951
5,29,0,1,1,1,21.957168161456593
5,6,0,0,0,2,24.94337001571992
5,2,0,0,1,1,12.329740333612541
5,22,0,1,0,1,62.245205841596054
5,37,0,0,1,4,9.006473582455031
5,58,0,1,0,5,29.076388238541846
5,12,1,1,0,4,36.769316653983374
5,57,1,0,1,6,4.906827886965006
5,1,1,1,0,3,13.171843683320766
5,26,1,0,0,5,50.2949681288168
5,43,1,1,0,4,6.53154197273322
5,7,0,1,0,4,24.252921395105055
5,46,1,1,0,7,8.020252692545482
5,9,1,1,0,3,3.2884596873866485
5,20,0,1,0,1,45.74194199781074
5,15,1,0,0,6,44.19570205217983
5,39,0,0,0,5,39.410091246287045
5,54,0,1,0,2,23.835913682692237
5,2,1,1,1,2,10.289914698144868
5,54,0,0,1,2,55.38800425993159
5,29,1,0,0,3,17.356747240920996
5,1,1,0,0,7,23.60624161961001
5,9,0,1,1,7,114.33408046674307
5,22,1,1,0,5,35.80926603748398
5,43,0,1,0,4,46.40334711342044
5,4,1,1,0,6,17.346861987498357
5,17,0,0,1,1,29.01374641047925
5,43,1,0,0,6,40.25917531052378
5,30,1,1,0,1,1.7675338026134977
5,43,0,0,0,4,81.40540459274916
5,4,0,0,0,7,11.86310526839582
5,7,0,0,0,7,16.833680157532022
5,50,1,1,0,3,3.8668500724776234
5,58,0,0,0,6,53.02042911163162
5,20,1,1,0,7,46.72257960587854
5,5,1,0,0,2,25.93672674737347
5,58,0,1,0,2,20.8324198037651
5,59,1,0,0,2,45.05470904312145
5,14,1,0,0,4,14.745126091075502
5,26,1,1,1,5,6.1788129780169
5,25,1,1,0,3,55.60705359641102
5,30,0,1,1,6,24.385674400594418
5,33,0,0,1,1,12.473452192523679
5,17,1,1,1,2,16.952220438221264
5,29,0,1,0,1,61.87748798030643
5,59,1,0,1,5,29.83170211943289
5,4,1,1,0,4,37.61316498608437
5,10,0,1,0,7,26.149116935300547
5,21,1,0,0,3,35.8311557405266
5,47,1,1,0,3,7.3226415520869494
5,5,1,0,0,3,11.670664598711829
5,9,1,0,0,2,9.794492313715473
5,17,0,1,0,7,45.103019808619116
5,20,0,1,1,4,11.800204807810141
5,14,0,1,0,5,41.87439797855774
5,17,0,0,0,1,60.88108815320844
5,40,0,0,1,0,48.96363829732099
5,42,0,0,1,5,104.14882746844918
5,8,1,0,0,4,54.7128407413846
5,40,1,1,0,1,10.591698256196063
5,41,1,1,1,0,14.781677825135269
5,42,1,1,1,0,72.57537237490001
5,26,0,0,0,3,39.91244855482807
5,31,0,1,1,3,106.84865115547441
5,4,1,1,0,1,30.58245811871807
5,15,0,0,1,7,43.25769056226706
5,4,0,0,1,7,56.56002273186691
5,1,1,0,0,4,36.87624026537345
5,18,0,0,0,3,63.20356176124333
5,7,0,0,1,4,51.48356576637049
5,10,0,1,0,4,37.38625496885538
5,23,1,1,0,4,9.052451772198397
5,22,1,1,0,6,61.15121779622317
5,1,1,0,0,1,11.80426748781358
5,9,0,0,0,2,64.67651410811965
5,26,1,0,0,3,5.733324313978791
5,52,0,1,0,3,42.75064019623692
5,55,0,0,1,5,28.121960094880993
5,3,1,1,0,5,24.821312933147315
5,4,0,0,1,1,40.16724655882766
5,21,1,1,0,4,52.824483607678054
5,18,0,1,1,7,12.095759541398792
5,26,0,1,0,6,34.57808775321354
5,4,1,0,1,5,15.576007673408704
5,30,0,1,0,4,77.25269595358441
5,33,0,1,0,6,25.688155271503497
5,12,1,0,0,2,43.587645469697435
5,48,0,1,1,3,21.902967207455603
5,14,1,0,0,7,11.966896893140936
5,3,0,1,0,7,54.48952008192024
5,48,0,0,1,1,6.410393252879121
5,9,0,1,0,1,16.67882203484839
5,25,0,0,0,1,30.955578504845384
5,23,0,1,0,3,42.74211901138896
5,25,0,0,0,4,45.55356823868845
5,51,1,1,0,1,6.384618025459618
5,13,1,0,0,3,34.554609642086604
5,18,1,1,1,1,16.85731301880751
5,54,1,0,1,5,33.170841599559395
5,16,0,0,1,4,3.8445145182112785
5,23,0,1,1,7,7.02426280863217
5,57,1,0,1,3,1.4962433744675003
5,48,0,1,1,6,2.8001016507311807
5,59,0,0,1,4,32.84797173605261
5,18,1,1,1,3,37.05127476348653
5,48,0,1,0,5,69.45364066106313
5,40,1,1,0,4,27.068546940732656
5,5,0,0,0,4,34.14782491330197
5,29,1,0,0,6,9.28689767957786
5,29,0,0,1,3,19.146362585840137
5,8,1,1,0,1,4.653837863663598
5,32,1,1,0,7,18.424767593725775
5,47,1,0,0,3,10.770022275198661
5,45,0,0,0,2,58.945383971583915
5,21,0,0,1,6,8.693752442733693
5,54,0,1,1,3,35.60067347914177
5,1,1,1,1,5,18.824424808498897
5,16,1,0,0,7,52.56971672917634
5,32,1,0,1,2,1.4539744989713141
5,54,0,0,1,4,20.33165907998398
5,23,1,1,1,1,14.93200977818237
5,56,1,0,0,7,27.752286560316552
5,40,1,1,0,6,17.28746535762585
5,5,0,0,0,5,8.511041313958877
5,56,1,1,0,7,13.750397954205557
5,24,0,0,0,5,27.559506923093934
5,5,1,1,1,2,10.012789132144881
5,52,0,1,1,6,22.409691903624626
5,22,1,1,0,1,55.1117166049955
5,47,0,0,1,4,27.85447033431268
5,11,0,0,1,7,117.49988106279464
5,20,1,0,0,4,32.45103269799663
5,11,0,1,0,6,44.03661458285181
5,27,1,1,0,4,26.676118910229214
5,32,0,0,1,7,4.795546471342895
5,52,0,1,1,2,37.463054801879935
5,5,1,0,0,4,21.38800011500871
5,28,0,1,1,5,13.28968227058819
5,55,0,0,0,6,46.79834507707898
5,21,1,0,0,2,26.484519543321028
5,22,0,1,0,3,48.83480639477362
5,2,1,0,0,3,11.708616881848794
5,10,0,1,0,1,44.90458131137109
5,4,0,1,0,5,37.71026828516249
5,22,0,1,0,5,33.049829417497605
5,21,0,1,0,3,23.77164334740571
5,1,0,0,0,1,68.68163529000724
5,40,1,1,0,3,1.5545945406946233
5,5,0,0,1,6,31.036782556686475
5,45,1,1,0,5,25.415514466923412
5,23,0,1,0,1,50.776041128259536
5,16,0,0,0,6,18.603879283626583
5,4,1,1,1,3,17.78351433525767
5,30,1,0,0,1,16.882082137797
5,27,1,1,0,6,24.7614017950285
5,23,1,1,1,4,12.961229588975604
5,51,1,0,0,4,6.260289447430022
5,55,0,0,1,1,16.080286006483515
5,17,1,1,0,6,6.768142165463861
5,21,1,0,0,7,39.81974698148001
5,5,0,1,0,3,12.587784517243806
5,52,1,1,0,1,101.29215643621853
5,20,1,1,0,5,37.49305804730788
5,17,0,1,0,4,27.571229542570144
5,25,1,1,0,4,43.0727545929293
5,28,0,1,1,2,12.095056629831483
5,5,0,0,0,1,40.60825159760065
5,21,0,1,0,7,11.343670723532277
5,5,0,0,0,6,31.116962200054722
5,26,0,0,1,6,14.064010699921917
5,27,1,0,1,3,2.1031282386690378
5,4,0,0,0,2,25.269800261126
5,22,0,1,0,7,46.2017877473374
5,24,0,0,1,4,0.39459557415639995
5,26,1,0,1,6,14.063740580653876
5,8,0,1,0,3,56.36544842749628
5,8,0,1,0,2,43.84647741570328
5,14,1,1,0,6,36.711846894691654
5,9,0,1,1,2,12.040598421471666
5,9,0,0,0,4,54.48797992745256
5,17,0,1,1,2,25.89509070417467
5,22,1,0,0,7,26.34045170203153
5,59,1,0,1,7,24.705154900550212
5,51,0,1,0,7,25.14489054133565
5,6,0,0,1,3,53.899069314156996
5,12,0,1,0,3,30.797317146651338
5,7,1,0,0,6,34.53702911382788
5,40,1,0,0,6,55.13994772978202
5,3,0,0,1,7,40.622511985774196
5,24,1,0,1,5,5.988295963334571
5,0,1,0,0,1,35.795642737865805
5,5,1,0,1,5,115.28827005229566
5,15,1,0,1,6,50.15017745864864
5,20,1,1,1,4,3.1802337512464343
5,19,1,1,0,2,34.14358326889406
5,12,0,0,0,3,41.547351913414765
5,3,0,0,0,2,34.06687213868101
5,54,1,0,1,4,7.946696785948303
5,46,1,1,0,1,49.190745876396015
5,46,1,1,0,4,35.875678100705
5,57,0,1,0,6,27.38243451232016
5,35,1,0,0,3,4.048181035438069
5,24,1,0,0,5,45.749113499337405
5,11,0,1,1,5,1.4912
5,18,1,1,1,2,13.678213788384934
5,55,1,1,0,5,58.32482695012489
5,53,0,1,0,2,42.14600967170967
5,5,0,0,1,2,50.39329236244343
5,7,0,0,1,6,49.36475963572474
5,8,0,1,1,5,4.987304816825325
5,15,1,1,1,4,13.571730624678821
5,14,0,1,1,2,27.777104318491777
5,19,0,1,0,2,15.80742396025693
5,9,0,0,1,4,14.334634404758038
5,32,0,0,1,6,8.210310808480498
5,49,1,1,0,3,34.02375148222602
5,55,1,0,0,2,20.032764860003816
5,2,0,0,1,4,24.89974863726573
5,36,0,0,0,2,74.1074614703663
5,17,1,0,0,6,42.127883872455826
5,25,1,0,0,4,39.724690074650496
5,43,1,0,0,1,5.793440806975334
5,43,0,1,0,6,17.96034862434721
5,20,0,1,0,3,58.4655730710588
5,25,1,1,0,7,48.06634329711633
5,54,1,0,1,1,5.543725410998822
5,38,1,1,0,4,7.2954196223676595
5,50,1,1,0,7,5.79763526068565
5,51,0,1,1,1,7.317368471594486
5,16,0,1,1,1,15.791240654093386
5,7,1,0,0,5,57.324061602697746
5,4,0,1,1,4,3.0909529469976382
5,22,1,0,0,2,44.760888720066525
5,59,1,1,1,2,114.85073596782944
5,21,1,0,0,6,40.10063521721204
5,14,1,1,0,1,22.649169630983376
5,24,0,1,1,2,5.768993448072695
5,28,0,0,1,2,36.77563760638016
5,31,1,0,0,2,14.864119499007408
5,54,1,1,0,5,62.796746981975176
5,43,1,0,0,4,34.78670646278515
5,45,0,0,1,5,16.530192636549927
5,23,1,1,0,5,28.043262431840496
5,15,0,1,0,7,5.114279264932684
5,56,0,1,0,4,60.86375022679781
5,30,0,1,0,2,66.39384306112524
5,23,1,1,0,2,34.565362965377936
5,57,1,0,0,4,33.84897057891284
5,44,0,1,1,3,28.61153762432578
5,54,1,1,0,6,25.98325834009478
5,18,1,0,0,4,9.869003206776053
5,57,0,1,1,7,29.35852594607398
5,3,0,1,0,6,40.20193422370719
5,5,0,1,0,2,25.337296570189952
5,4,1,0,0,4,19.49104394700405
5,9,0,1,0,6,11.33134939685093
5,41,0,0,0,5,36.70614801599374
5,45,1,0,0,5,49.409234071452005
5,28,0,1,0,4,10.880821562899051
5,4,1,1,1,4,15.458647909186446
5,14,0,1,0,7,19.50584817684179
5,31,0,1,0,4,63.32042079541081
5,23,1,1,1,3,7.787008808634929
5,57,1,0,1,2,11.232203434465264
5,1,1,1,0,2,16.50148285005481
5,38,1,0,0,6,16.600553095823912
5,7,0,1,0,6,12.845863273370004
5,10,1,0,0,1,11.963198239561454
5,14,1,0,1,3,42.21475014440525
5,16,0,1,0,1,59.40793724642149
5,49,0,1,0,2,53.89784234154591
5,15,0,1,0,1,28.100872243123845
5,55,1,1,1,6,10.273271015049133
5,5,0,1,0,4,21.180522738985438
5,59,0,1,0,6,14.621807142366343
5,18,0,1,0,2,51.41383630363349
5,1,1,1,1,1,2.830612768999767
5,16,0,1,0,5,61.30358118384828
5,27,1,1,0,7,20.15065379918754
5,32,1,1,0,3,45.39245551949102
5,34,0,0,1,3,6.029894431816751
5,50,1,1,0,1,16.566442040375115
5,8,1,1,0,3,7.654631394402684
5,34,0,1,0,7,1.9163043096546197
5,22,0,0,1,7,16.720934211025742
5,28,0,1,0,5,36.09950657343212
5,54,0,1,1,4,6.2141689169608565
5,24,1,1,1,2,2.4000079374670964
5,20,0,0,0,5,23.102692164030515
5,0,0,0,1,6,11.457642069482437
5,15,0,1,0,6,12.565718610814425
5,28,1,0,0,5,20.86478134582574
5,7,0,0,1,2,63.853898683959834
5,43,0,0,1,6,5.933824375264392
5,29,1,1,0,3,7.844353172581545
5,19,1,1,1,7,47.726579349679426
5,57,1,1,0,1,10.608338507207971
5,3,1,0,0,6,28.770355374036797
5,48,1,1,0,4,8.119968053187247
5,4,0,0,0,5,22.324512507456568
5,37,0,0,1,7,7.031468283341386
5,51,0,1,0,6,31.688489831216327
5,57,0,0,1,2,37.111908743640186
5,0,1,0,1,1,11.860123270874215
5,44,0,0,1,7,17.864135722230053
5,7,1,0,0,4,60.29162655429528
5,8,0,0,0,6,36.11777070222508
5,28,0,0,0,5,51.716987071498686
5,13,0,0,0,6,44.12681973568377
5,20,1,1,1,5,18.820613571710243
5,31,1,1,1,2,8.637526519645046
5,47,1,1,1,2,3.9603120441617414
5,10,0,1,0,5,29.19829074882481
5,7,0,0,1,5,40.881660179914235
5,49,0,0,0,6,94.00569447419326
5,47,1,1,0,1,2.7022509303129567
5,4,0,0,1,4,33.910393394451255
5,14,1,1,1,4,13.353125063335883
5,40,0,1,0,7,73.16022605752323
5,10,0,1,0,3,37.03755563254442
5,0,1,0,0,5,47.34061266635372
5,24,1,1,0,4,61.031574071459616
5,38,1,0,0,3,4.875768038838181
5,17,1,1,0,1,2.8892356426330443
5,19,1,1,0,5,33.47870098646486
5,5,1,1,1,4,3.9315749577070758
5,42,1,0,0,3,19.887543168478487
5,5,1,1,0,2,16.563346680653392
5,14,0,1,1,6,8.501317306390744
5,20,1,1,0,2,59.44634118744879
5,18,0,1,1,6,12.292788469174077
5,7,1,1,0,6,6.839740705493423
5,20,1,1,0,6,64.94871001828704
5,17,0,0,1,3,13.522100355710204
5,9,0,1,0,3,22.97319733566026
5,30,0,1,1,4,13.965708698549136
5,23,1,1,0,3,39.01001774591044
5,27,0,1,0,7,51.48454513669927
5,48,0,0,1,6,17.108728889510527
5,54,1,0,1,2,19.010023514132012
5,38,0,1,0,3,26.64365245814484
5,57,1,0,1,4,24.02686032382048
5,21,0,1,0,4,22.309433873581128
5,14,1,0,0,6,25.34444575536251
5,20,1,1,0,4,29.734131551545637
5,40,1,1,1,0,1.9973221292586767
5,24,1,0,0,6,49.316097885660575
5,25,1,0,0,3,59.201231627419475
5,30,0,1,1,1,25.981206074517043
5,50,0,1,0,3,18.855500714626295
5,21,0,0,1,3,7.490000908753849
5,13,0,0,0,7,34.89379795618979
5,16,1,1,0,2,18.670369512127714
5,41,0,0,0,4,26.875536484134
5,42,1,0,0,6,7.824734657284798
5,4,1,0,0,1,19.531956156708436
5,33,1,0,0,1,20.43156624663014
5,34,1,0,0,1,3.429797071362421
5,43,1,1,0,7,19.599664999735403
5,24,0,0,1,2,13.127261734646206
5,56,0,0,1,4,11.285508968251959
5,35,0,1,1,4,16.066400841821608
5,4,0,1,0,4,22.090948389652915
5,46,1,0,0,0,34.902442199113445
5,16,0,1,0,4,45.93099620185026
5,17,0,1,0,2,41.94354952218169
5,4,0,0,0,3,32.56067862229431
5,3,1,0,1,7,10.459331377162513
5,20,1,1,1,6,5.448640846740137
5,50,0,1,0,7,47.65436215887165
5,15,0,0,1,2,6.602908730920371
5,24,0,0,1,5,11.93667396571713
5,3,1,1,0,3,44.44916155413267
5,34,1,1,1,2,6.337796939233899
5,9,0,1,1,1,6.951964641747576
5,24,1,1,0,5,42.854540144484844
5,14,1,0,1,7,19.441145041963026
5,21,0,0,1,1,16.385492708338962
5,25,0,1,0,5,6.937528333411322
5,15,0,0,1,3,6.022095158868461
5,26,1,0,0,6,33.89856587888201
5,32,1,1,0,1,16.895092623084448
5,54,1,0,1,7,10.073676869403236
5,2,0,1,0,3,34.48912527038084
5,20,0,1,0,7,35.66169024899508
5,58,1,0,0,2,15.43601478241687
5,27,0,1,0,5,27.970707179407576
5,14,1,1,0,3,18.038247736324884
5,5,1,0,0,5,39.65438001009588
5,33,1,0,0,2,23.66392087221707
5,5,1,1,0,1,21.175626580044884
5,58,0,1,0,7,47.63906145368338
5,18,1,0,0,1,13.218198331821625
5,10,0,1,0,6,49.111567135869066
5,11,0,1,0,4,47.63018454001519
5,54,0,0,1,6,59.20757245972053
5,4,0,1,0,1,33.20084000140036
5,21,1,0,0,1,6.220819334782312
5,10,1,0,0,6,24.2794168436804
5,31,1,1,0,5,44.60690039324878
5,52,0,1,1,7,29.43567104810903
5,0,0,1,0,4,11.62134284680293
5,23,1,1,0,6,35.44344868884529
5,9,0,1,1,6,2.292440967032624
5,35,1,0,0,5,7.040268759508546
5,13,0,0,1,1,23.630207514017634
5,31,0,0,1,3,5.924471332857643
5,57,1,0,0,2,17.931492287599372
5,16,0,0,1,2,27.959001881270446
5,4,1,0,1,2,40.91914304116546
5,4,0,0,1,2,34.04694357613074
5,50,1,0,0,7,30.34761154107737
5,4,0,0,1,5,61.36220798038788
5,25,1,1,1,6,18.94202280722866
5,17,1,1,0,5,28.033271075598968
5,58,0,0,1,5,39.10483323995289
5,31,1,1,0,6,20.146561030160775
5,0,0,1,0,7,7.766738335369816
5,25,0,1,0,3,7.572833706058811
5,8,0,0,1,3,6.255419864214767
5,18,0,0,1,4,5.163233334392789
5,31,0,1,0,7,61.17470332349253
5,18,1,1,1,4,20.59526816141192
5,24,1,1,1,3,41.06216983855691
5,42,1,1,0,4,17.58199447544305
5,47,0,1,1,2,8.69355992055182
5,58,1,0,1,7,16.649970602432802
5,54,0,1,0,6,33.065460912490764
5,25,1,1,0,2,56.16211899441922
5,41,0,0,0,3,68.51811357253092
5,3,1,1,1,4,21.8548015802209
5,3,0,0,1,5,35.05927977984054
5,35,0,1,0,6,15.901271175278787
5,6,1,0,0,1,33.211898726113546
5,54,0,1,1,5,20.440343002999832
5,35,0,1,1,2,4.83126611998288
5,58,1,1,0,4,113.18897392112856
5,24,1,1,0,1,48.617815873630775
5,15,0,1,0,5,25.471972763108543
5,12,1,0,1,4,24.020072774988684
5,33,0,0,1,3,7.747578999353903
5,51,0,1,0,2,55.37012413165788
5,13,1,0,1,7,26.978084222181757
5,23,0,0,1,3,6.812326138794241
5,4,0,0,1,3,59.698384087947325
5,27,1,1,0,3,10.530043619862496
5,2,0,0,1,5,23.576845244182934
5,19,1,1,0,3,49.62714895697596
5,54,0,1,0,3,27.89662435946941
5,53,0,0,1,7,63.276206478628744
5,28,1,0,0,4,6.373500590168845
5,43,0,1,0,1,9.094304710247387
5,10,0,0,1,3,7.129610362337235
5,15,1,0,0,3,15.839875904506833
5,25,0,1,1,1,24.279268959838536
5,20,1,0,0,6,20.68706963296965
5,24,1,1,0,7,50.41105374950463
5,17,1,0,0,1,45.009935546824096
5,25,0,0,1,6,17.94772820849313
5,35,1,1,1,7,10.624466975598171
5,2,0,1,0,6,16.872863069569824
5,24,0,0,1,1,13.027118593701047
5,0,0,0,1,3,7.99402623685038
5,32,1,1,0,4,34.037603881123665
5,20,0,1,0,5,44.37381953269305
5,55,1,0,0,7,26.275761250059382
5,29,0,1,1,5,27.60712863539451
5,16,0,0,1,1,29.230018362039424
5,22,1,1,0,3,38.550254419149184
5,10,0,1,1,3,7.56838726375571
5,12,0,1,0,2,44.36350758549172
5,10,1,0,1,7,7.779827754993383
5,47,1,1,0,4,10.181764527468689
5,57,1,0,1,7,31.86913342934421
5,22,0,0,1,1,13.961188826259502
5,3,1,1,1,1,21.72233050099774
5,26,1,1,0,6,8.16342745785244
5,59,1,0,1,3,37.12168836845409
5,49,0,0,1,0,0.8123645167755149
5,17,1,1,1,7,31.562641904376825
5,43,0,1,0,7,29.318072462115573
5,35,1,0,0,7,13.787966092500746
5,59,0,1,0,5,20.64050587317918
5,22,1,1,0,7,50.98898998086367
5,44,0,0,1,4,15.364520900602562
5,18,0,1,0,4,51.125680622448776
5,2,0,1,0,7,16.09423395693468
5,43,1,0,1,1,9.488643971431527
5,27,0,1,0,4,50.74424349118926
5,0,0,1,1,5,8.14027338630538
5,27,0,0,1,2,29.30014716139517
5,27,0,1,0,1,41.90304743603418
5,31,1,1,0,2,41.833816283525096
5,14,1,1,1,5,19.708469231331932
5,23,1,0,0,6,56.152533913974416
5,15,0,1,0,3,14.97736731653752
5,49,0,0,1,6,0.9959762940322667
5,49,0,0,1,2,10.212263614196473
5,26,1,1,0,4,8.750378372732536
5,47,1,0,0,2,7.920565656595653
5,26,0,1,0,1,49.90806522356759
5,18,0,1,1,5,33.02532405496591
5,19,1,0,0,5,22.78983804186383
5,5,1,0,1,6,8.47228610329399
5,14,1,1,1,2,28.03400445556786
5,17,0,1,0,3,38.25876735989441
5,31,1,1,1,6,14.533799738947259
5,44,1,1,0,6,12.058665620099688
5,14,1,0,0,1,14.425146905737694
5,19,1,0,1,3,6.487774713280453
5,10,1,1,1,1,6.242495931396599
5,54,0,0,1,0,31.32143444657368
5,12,1,1,1,2,17.426997523275844
5,3,1,1,0,1,40.7063678249462
5,43,0,1,0,2,30.312187488689958
5,15,1,0,0,4,14.212884617281027
5,16,0,0,1,6,35.80044183970561
5,30,1,1,0,3,18.1807678727355
5,59,1,1,0,1,12.080067881398767
5,3,1,1,1,5,10.190099664512742
5,47,1,1,0,5,22.103794810321748
5,16,0,1,0,6,51.86339050824722
5,12,1,1,0,7,20.934978134943258
5,2,0,1,0,4,14.693114499059366
5,21,1,0,0,5,24.54840435320864
5,8,1,1,0,7,8.842801954638398
5,36,1,0,0,1,31.178698960776906
5,15,0,0,1,1,7.045156629560118
5,27,1,1,0,2,13.609104161763167
5,32,0,1,0,3,37.9274256269634
5,55,0,0,1,6,25.205572124290352
5,25,0,0,1,4,20.693275360781442
5,5,0,1,0,6,23.594272865531064
5,13,1,0,0,4,31.110960014119808
5,16,1,0,0,6,68.27857840582837
5,44,1,0,1,1,21.04359388704936
5,53,0,1,1,3,21.89387602210206
5,52,0,1,1,1,8.846945544434545
5,13,1,0,1,4,27.795918591869036
5,4,0,0,0,6,26.699758543657797
5,55,1,1,0,4,44.39390022798712
5,24,0,1,0,4,6.905133077930997
5,33,1,0,0,3,3.8695860753349174
5,23,1,0,1,2,8.949630432117045
5,19,1,0,1,2,8.527157695756967
5,25,0,1,0,7,23.722103049921095
5,3,0,0,1,3,37.09333611169197
5,20,0,1,1,5,24.99532994904113
5,24,1,1,1,6,28.178411143773516
5,4,1,0,0,2,24.570896842239332
5,5,1,0,1,1,3.7427316228346976
5,16,1,1,1,6,23.58891512832985
5,21,1,1,0,5,27.292862539674616
5,21,0,0,0,7,55.763329443713346
5,53,1,1,0,6,10.928693187966813
5,27,1,0,0,3,13.356721304898727
5,15,1,1,1,5,46.27329236846249
5,24,1,1,0,3,11.795532865160594
5,59,1,1,0,3,32.293823057779136
5,49,0,1,0,7,48.0304298170973
5,54,1,1,0,7,20.51207483928561
5,37,1,0,0,1,8.195316129398964
5,16,1,1,0,7,21.792320891415834
5,1,0,1,0,7,17.35389445928959
5,30,0,1,0,1,62.508599683946436
5,41,1,0,0,2,7.270318727855853
5,1,1,1,1,2,12.96155323563452
5,16,1,1,1,1,9.787265575522094
5,29,1,0,0,2,7.984498432841683
5,35,0,0,1,2,3.725876315920761
5,23,1,1,1,5,9.644238881548004
5,48,1,0,0,2,8.899107814045859
5,44,1,0,0,1,26.279433569585116
5,0,1,0,0,6,33.01062338412443
5,59,0,0,1,6,36.46562891873843
5,12,1,1,0,5,17.0167337924452
5,12,1,0,1,6,8.328299268068504
5,9,0,0,1,2,1.9825897276497735
5,51,0,1,1,3,21.347605549999564
5,18,1,1,1,5,30.62614431231065
5,52,0,1,1,4,10.49320039396823
5,48,0,0,1,7,14.836985587042449
5,13,1,0,1,2,8.478693134456417
5,15,0,1,0,2,27.298376202292374
5,14,0,1,1,3,14.312140771984929
5,19,0,1,1,5,9.530259065049341
5,1,0,1,0,4,7.9950031577373855
5,4,1,0,0,5,30.691507266882365
5,32,0,1,0,1,2.0289957167264694
5,43,0,1,0,3,29.88383837479391
5,13,1,1,1,5,28.951792530975858
5,21,0,1,0,2,8.126731386034292
5,16,1,0,0,2,44.14498869928168
5,32,1,0,0,6,7.309205844312307
5,43,0,0,1,2,20.094343589546916
5,33,0,1,0,2,7.639833772994208
5,19,1,1,0,6,22.175633730992356
5,50,1,0,0,4,18.159430148377368
5,1,1,1,1,3,20.671734947942383
5,54,1,1,1,7,13.113897204000871
5,22,0,0,1,4,5.765020403126317
5,56,0,0,1,7,33.85669266446889
5,33,0,0,1,7,7.655272161066346
5,45,0,0,0,3,50.34025400975524
5,3,1,0,1,6,11.253861555657615
5,37,0,1,0,6,8.97460590651785
5,26,1,1,1,6,2.990671208397167
5,43,1,0,0,7,19.818468297404795
5,22,0,0,1,6,9.893479301602817
5,3,1,1,0,4,27.53014352868921
5,30,1,0,1,7,116.23801773170695
5,11,0,1,0,3,32.09041504579902
5,56,0,1,1,4,6.220182376365477
5,41,1,1,0,7,33.112201967199965
5,27,1,0,0,1,15.903030698769962
5,29,0,1,1,7,39.36366349023622
5,24,1,1,1,1,11.509859517655737
5,3,0,1,1,1,9.30965360519439
5,20,1,0,1,4,16.661733115458638
5,14,0,0,1,6,30.199116063328862
5,32,1,0,0,2,15.783292417735353
5,19,0,1,1,2,21.12150446772398
5,56,0,0,1,3,28.166340978756548
5,43,0,0,1,7,11.595645797729631
5,55,1,0,0,3,18.419756505483697
5,15,1,0,0,5,7.347114853476068
5,26,0,1,0,3,38.12608465634696
5,48,0,0,0,7,39.87317987600812
5,48,1,1,0,5,12.223423870110196
5,11,0,1,0,5,30.080676191884947
5,12,1,1,0,1,21.201710529689144
5,39,1,0,0,6,20.252752527424953
5,6,0,1,0,1,7.949104676564952
5,42,0,1,0,6,65.90738623381392
5,58,1,0,1,1,10.189758551533968
5,6,0,0,1,2,37.908901885367314
5,26,1,1,1,2,1.5059361199265657
5,55,0,1,1,2,35.95888658924913
5,46,1,0,0,7,9.745775821537018
5,47,1,0,0,4,17.48447772939972
5,57,0,1,1,4,8.63970928089641
5,7,0,0,1,1,53.06439851783052
5,23,0,1,1,6,8.826081349006783
5,56,1,0,0,1,34.44509593285228
5,44,1,0,1,5,21.932221903663674
5,30,1,0,0,7,8.83615960374669
5,30,0,0,1,6,15.262210633953831
5,13,1,0,1,6,28.38579696651724
5,32,1,0,0,7,24.254804997277084
5,38,1,0,0,2,17.84510962848622
5,2,1,0,1,2,26.09353114165623
5,43,1,1,0,5,21.258093738967432
5,22,1,1,1,7,10.53238680302624
5,53,0,1,0,3,27.47377914524623
5,31,1,1,1,1,30.856382028828143
5,10,0,1,0,2,48.89485224642907
5,1,1,0,0,6,23.733735895523314
5,48,1,0,0,5,21.374248622938946
5,24,0,0,1,7,23.14922343478864
5,30,0,0,1,4,1.0437120058880491
5,17,0,1,1,1,10.169503981153737
5,58,1,0,1,5,9.156601376744177
5,43,1,0,0,2,27.894309361146536
5,2,1,0,0,2,14.403944599197832
5,44,1,0,1,6,20.849112897264142
5,46,1,1,0,2,32.978039563525016
5,21,1,1,1,2,16.429633444736286
5,42,1,1,0,3,34.038438537590714
5,57,1,0,1,5,29.11618772727298
5,13,1,1,1,4,9.01138078873491
5,9,1,0,1,7,14.78446344089097
5,45,0,0,1,4,13.024583070009633
5,19,0,1,1,4,27.942799576112076
5,53,0,1,0,6,18.761330330962977
5,45,1,1,1,7,8.724201077930585
5,52,1,1,1,4,12.90752069511475
5,50,0,1,0,1,33.59217319478076
5,4,1,1,0,7,38.31059332791682
5,6,1,0,0,4,23.843713804190102
5,20,0,1,1,1,32.81693986051132
5,24,0,1,0,6,6.895637732752924
5,8,0,1,0,6,31.12907151559587
5,20,1,0,0,2,37.50721171720282
5,10,1,0,1,1,9.045415798320212
5,36,0,1,1,1,2.8342160391405162
5,28,0,1,1,3,21.20527347071751
5,16,0,1,1,4,24.1669594039681
5,17,1,1,1,4,10.480948298258062
5,16,1,1,1,3,23.26608344884949
5,51,1,1,0,2,30.395691892622537
5,43,0,1,1,3,12.554033768063736
5,57,0,0,1,1,37.5802015051827
5,19,1,1,1,6,16.051164885941223
5,45,1,1,0,2,13.307361672437565
5,20,1,0,0,7,32.437784899014154
5,17,0,1,1,4,9.033020162501629
5,8,1,1,0,2,11.481803235674052
5,14,1,0,1,5,19.674036456079016
5,27,1,0,1,4,18.85082461314053
5,57,0,1,0,5,25.43287385402193
5,54,1,1,1,4,11.697229023577421
5,3,1,0,1,2,20.38610359421158
5,49,1,1,0,2,33.721457166585935
5,30,0,0,1,1,7.145746221820011
5,34,1,1,1,1,22.071182436237784
5,19,1,0,0,2,8.914724927553136
5,33,0,1,0,5,7.92080200930689
5,48,1,1,0,1,32.536640998572246
5,20,1,0,1,3,37.50782935173064
5,17,1,0,1,4,10.941840548750248
5,34,0,1,1,4,9.959048506883413
5,12,0,1,1,6,9.261107331138858
5,10,1,0,1,3,17.683507477055283
5,18,1,1,1,7,32.7467291735674
5,9,1,0,0,1,7.3202318637526105
5,3,1,0,1,3,8.008191095459773
5,6,1,1,0,3,6.786429584475915
5,44,1,0,0,7,12.851065003864537
5,28,0,1,1,6,28.74845586206022
5,19,1,1,0,1,8.895892036202266
5,23,0,0,0,6,7.211307551152712
5,44,0,0,1,3,22.15454141564131
5,31,1,0,0,7,24.18372589015358
5,21,0,1,0,5,26.79601673968264
5,11,1,0,1,6,17.409659172062373
5,57,0,1,0,7,11.306447052944108
5,44,0,1,1,6,11.00102083362492
5,52,1,0,0,7,9.995985536383564
5,18,0,0,1,3,22.326129616049396
5,33,1,1,1,3,10.349183660578554
5,10,1,0,1,4,17.537872872951034
5,13,1,0,1,5,20.11139207006753
5,12,0,0,1,4,7.851714871851414
5,36,1,1,1,2,12.010952728247215
5,19,1,1,1,3,30.096377172824628
5,32,1,1,0,2,14.999586373895657
5,15,1,1,1,6,12.070425325456243
5,17,1,0,1,2,3.4590687002215725
5,11,1,0,1,4,9.642018892392748
5,2,0,0,1,3,4.90818021891358
5,0,1,0,0,3,19.96919720569734
5,56,1,1,0,2,9.529209601586741
5,48,1,1,0,6,24.973803212584386
5,0,1,0,0,7,31.56180952356787
5,37,1,1,0,0,9.609464606274173
5,14,0,0,1,5,18.126726593767565
5,30,1,1,0,7,8.825279291634645
5,32,0,1,0,4,8.381644856420252
5,24,1,1,1,7,20.924086370768254
5,24,0,0,0,7,29.086140976380317
5,21,1,0,0,4,37.30545330511862
5,27,0,0,1,7,17.29893506499174
5,51,1,1,0,6,11.790577435737108
5,52,1,1,0,2,9.7975480037803
5,58,0,0,1,4,36.826631737433836
5,33,0,0,1,2,7.11257347537389
5,32,1,1,1,2,2.391449408012959
5,50,1,0,0,2,30.531646630491778
5,39,0,0,1,4,0.1521259639073479
5,31,1,1,0,7,22.844742443468924
5,39,1,0,1,5,108.76865212072849
5,47,0,0,1,6,13.719591314001292
5,55,0,1,1,3,37.39842929185775
5,57,0,1,0,1,25.63625868150577
5,11,1,0,0,1,29.1792969124339
5,13,1,1,0,3,9.214943655032329
5,0,1,0,0,2,35.284644444847956
5,52,1,1,1,2,18.448983589055736
5,4,1,0,1,3,25.835374463679347
5,9,0,1,1,5,10.232052880918493
5,18,0,0,1,1,5.3263195150702405
5,30,0,0,1,3,24.389197067314846
5,42,1,1,0,2,12.173516809402365
5,42,1,0,0,7,10.170140477438247
5,50,0,1,1,6,1.976700069679482
5,34,1,1,1,4,11.724814124733733
5,48,1,1,0,2,11.680692452307213
5,25,0,0,1,5,10.54164358547695
5,19,0,1,1,1,39.16835134153819
5,15,0,1,0,4,18.89198084594882
5,22,1,1,0,2,39.920209518807255
5,11,1,0,1,3,20.69736669638232
5,40,1,0,0,4,32.77102232298394
5,24,0,1,0,2,17.595474553838475
5,16,1,1,1,4,10.876072880148651
5,19,0,1,1,7,11.408668716441444
5,34,0,1,1,1,8.442172299579537
5,19,1,1,0,4,9.938473334412814
5,43,0,0,1,3,11.497458406964046
5,34,0,1,0,5,13.550815912104646
5,36,1,1,0,6,11.632540713615585
5,21,0,0,1,7,9.720393136437451
5,14,1,1,1,1,11.527019304610333
5,55,1,0,0,1,16.21740833208628
5,53,0,0,1,5,39.90131128101583
5,57,1,1,0,4,11.610862373425242
5,6,0,1,0,4,8.733800331704824
5,14,1,1,1,7,12.537751024979485
5,9,0,0,1,7,26.19134400535558
5,15,1,1,1,7,12.906556432789035
5,19,0,1,0,7,11.698262832620252
5,52,0,1,0,4,24.036685671951478
5,49,0,0,1,1,18.288806928275626
5,53,0,0,1,3,18.956059384138065
5,25,1,0,0,6,7.178859799650907
5,27,0,1,0,2,26.365315743340915
5,58,0,1,0,4,8.864634581390833
5,52,1,1,1,1,10.467175616264619
5,8,0,1,1,3,12.437365155171822
5,50,0,1,1,2,7.309672795104442
5,32,0,1,0,7,6.73143627939882
5,31,1,1,0,4,20.95458736741056
5,12,1,0,1,2,22.19670186165558
5,22,1,0,0,3,26.360433991244903
5,50,1,0,0,5,33.89237947558753
5,23,0,1,1,4,10.652963678731911
5,0,1,0,1,2,12.627617345954281
5,6,1,1,0,6,10.043638221089594
5,34,0,1,0,4,7.4631107616081795
5,59,1,0,1,1,26.8777158764563
5,12,1,0,1,7,49.63610798696364
5,8,0,0,1,5,10.825866833402214
5,11,0,0,1,4,15.932339364349787
5,28,0,0,1,6,7.971223059001108
5,45,0,0,1,2,8.859235191271159
5,4,0,0,0,1,38.78648059121781
5,49,1,0,0,2,30.614583245583326
5,17,0,1,0,1,25.223769150900466
5,16,0,0,0,1,20.27538055348293
5,12,1,1,1,5,12.303681737322794
5,15,1,0,0,7,17.06518117481137
5,45,0,0,1,6,17.615580106403485
5,34,0,1,0,1,15.308005878101365
5,2,1,0,0,7,17.58709181547996
5,9,1,1,0,7,16.84942605826808
5,13,1,1,0,5,10.097847874749727
5,55,0,1,1,4,14.348035806439535
5,10,1,0,1,6,11.077273458960136
5,43,1,1,0,1,31.73146179237905
5,57,1,0,0,1,16.265617919955726
5,46,1,1,0,5,53.780872266447304
5,21,0,0,1,5,9.07297441023935
5,17,0,1,1,7,23.56645836848843
5,23,1,1,1,7,22.603915044455025
5,46,0,0,1,2,9.565694943744669
5,50,0,1,1,3,11.426742469474895
5,4,1,0,0,3,13.953773915194834
5,0,0,0,1,5,18.708203842988922
5,7,0,1,0,1,9.271087352769543
5,47,1,1,1,7,15.27691943891942
5,21,1,1,1,6,10.595699814248889
5,56,0,1,1,2,9.51356070811491
5,40,1,1,0,5,12.326695718249502
5,46,0,1,0,4,18.547801294474482
5,50,1,1,0,2,13.657376997641283
5,55,1,1,1,5,23.411344350810168
5,18,0,0,1,0,4.801771385607292
5,42,1,1,0,7,11.798025454779314
5,32,0,1,0,2,54.46609007372841
5,27,0,0,1,4,0.13995596715218092
5,47,1,0,0,7,21.585045300114107
5,10,1,0,1,2,7.783822735035912
5,54,1,1,1,2,12.721208411235109
5,52,0,0,1,1,11.067309753239163
5,15,1,1,0,4,9.885541081419856
5,14,1,1,0,7,10.578036660929055
5,20,1,0,1,7,25.709275272754564
5,25,1,1,1,7,19.683199274566732
5,20,1,1,1,7,13.998154099314556
5,49,1,1,0,4,11.240886213865718
5,4,0,1,0,6,19.159205464219806
5,55,1,1,1,1,32.297436476752665
5,15,1,1,0,3,10.262335993490638
5,14,1,0,1,1,20.28871943604826
5,30,1,0,0,3,24.92740574555858
5,23,1,1,1,2,21.158031043032537
5,24,1,0,1,6,8.764378968692844
5,6,1,0,1,4,10.586925736482803
5,25,0,1,0,2,7.489268563049895
5,34,0,1,1,7,11.742901667840705
5,1,1,0,1,4,8.60014170017873
5,19,1,1,1,1,20.553220831875237
5,35,1,0,1,1,10.572300105002732
5,16,1,1,1,5,11.329484131399903
5,39,1,0,0,2,9.053386660994358
5,15,1,0,1,5,18.284759974331205
5,24,0,1,1,5,9.310124901397113
5,2,0,0,1,7,15.77629249672292
5,19,0,1,1,3,15.914702622894929
5,55,0,0,1,3,34.29676074560249
5,14,0,1,1,1,16.09011268085548
5,16,0,1,1,3,9.685333836327855
5,28,0,1,0,3,7.686719220080619
5,5,1,0,1,3,12.185056686918566
5,57,1,1,0,5,34.942431701492524
5,8,1,1,0,6,10.977030521257634
5,14,1,0,1,6,37.353704124762444
5,56,0,1,1,5,12.458822913299967
5,31,1,1,1,5,11.06672684555669
5,44,1,1,0,2,11.496063333496087
5,57,0,0,1,4,26.138285878055747
5,4,1,1,1,2,13.124087299757873
5,15,1,0,1,7,18.772534718818843
5,43,0,0,1,5,28.9008580880715
5,24,0,1,1,7,8.55800407438756
5,59,1,1,0,6,11.388339946368944
5,55,1,0,0,5,17.221397518759268
5,26,1,0,1,3,11.743505177440566
5,13,1,1,0,6,10.154330014484032
5,19,1,0,0,6,20.434957387009874
5,19,1,1,1,4,11.813083033683952
5,17,1,1,0,3,17.82393335398445
5,16,1,1,0,1,18.094127434273574
5,8,1,1,0,4,9.443164749773306
5,17,1,0,0,5,26.377883524892308
5,18,1,1,0,4,10.13569681262225
5,7,0,1,0,7,10.899698734361777
5,57,1,1,0,3,23.700863962452043
5,14,0,1,1,7,10.618068583641854
5,25,0,0,1,3,9.729430672553182
5,45,1,1,0,3,30.946932019610742
5,8,0,1,1,7,12.160851792514944
5,36,1,0,0,3,25.342552724162346
5,19,0,1,0,3,17.028338576895088
5,29,1,0,0,5,10.05927338704142
5,13,1,1,1,2,9.648724704539113
5,58,1,0,1,6,8.151353772375728
5,28,0,1,0,6,15.443263250127842
5,45,0,0,1,3,9.098960032706708
5,25,0,0,1,1,24.934181497548845
5,41,1,1,0,6,23.806930145484404
5,2,1,0,1,6,15.157266096905008
5,25,0,1,1,5,9.750297237874122
5,9,0,1,0,7,9.105025255286746
5,6,1,1,0,5,11.954628781752582
5,52,0,1,1,5,10.841094966866308
5,11,0,1,1,2,11.999111108989155
5,38,1,0,1,4,7.8040286210338055
5,46,1,0,0,3,11.071243048650132
5,37,1,0,0,7,10.027185076150365
5,16,1,1,1,2,23.13319753193175
5,24,0,1,0,1,7.763162940312696
5,37,0,0,1,6,2.4149995626971656
5,14,0,0,1,1,8.701685304998952
5,42,0,0,1,6,10.46731428416284
5,28,0,1,1,4,36.05945474140593
5,9,0,1,0,5,7.509964126103397
5,29,0,1,1,4,18.051573132464853
5,14,0,1,0,3,8.698266631471416
5,12,1,1,0,2,10.434221901151304
5,26,1,1,1,4,1.770647690942372
5,31,1,0,0,6,7.987802215316967
5,13,1,1,1,1,9.710437999762384
5,1,0,1,0,3,9.374603503622593
5,3,1,0,1,1,16.148003308752983
5,36,1,0,0,5,34.985613876196425
5,39,1,1,0,1,19.933678706339315
5,3,1,0,0,3,25.839192917611733
5,10,1,0,0,2,8.028667367208184
5,17,1,1,1,3,33.77605969146753
5,16,1,0,0,3,33.73008004130776
5,39,1,0,0,1,18.963952137755143
5,2,1,1,1,1,21.31967753107856
5,49,1,0,0,7,26.978171809199054
5,50,1,0,0,1,16.64627536405286
5,16,0,1,1,2,10.364406278182786
5,27,1,0,0,7,11.116665032404503
5,3,0,0,1,6,33.12803025222152
5,37,1,0,0,3,10.28187349789441
5,22,1,1,1,6,9.721369510695174
5,44,0,1,0,1,18.24488258759655
5,38,0,1,0,1,17.239814775157612
5,47,0,1,1,6,8.358856614003596
5,48,1,0,1,6,13.9791150589867
5,22,1,1,1,5,14.107495914254708
5,26,1,1,1,7,14.897375133496732
5,36,1,0,0,6,28.369568896629936
5,5,0,1,0,1,9.060477175972446
5,43,1,0,1,6,10.688505654481403
5,0,1,0,1,5,6.660502859013473
5,48,0,0,1,4,19.241162119368223
5,18,1,0,0,5,8.720215981120777
5,35,1,1,0,6,10.717848578899867
5,23,1,0,1,5,10.348875764785033
5,55,0,0,1,2,7.654168048927807
5,9,1,1,0,2,9.055233571818114
5,38,1,0,1,1,11.171365363628558
5,35,1,1,1,2,12.76980390977539
5,26,1,0,1,2,10.471622956806907
5,39,1,0,1,4,4.5157312153356575
5,1,1,1,1,7,13.371928720669423
5,36,1,0,0,4,36.43777834774463
5,47,0,1,1,4,13.100450628285692
5,54,1,1,1,5,12.589763724805294
5,40,1,0,0,3,19.990491029805977
5,7,0,1,0,3,10.55901689094934
5,37,0,1,0,1,8.689971297316001
5,43,0,1,1,7,13.016552275715865
5,11,1,0,0,7,8.05227338082147
5,39,1,0,1,3,11.334414361567013
5,27,1,0,1,1,21.514367924818522
5,13,1,0,0,0,7.97127642906964
5,46,1,1,1,7,15.373875682761238
5,39,1,0,0,5,11.559376579555373
5,54,1,0,0,3,21.497739636773936
5,1,1,0,1,3,9.792045578802846
5,9,1,0,0,6,9.163214764851963
5,14,0,0,1,3,18.62932306241363
5,52,0,1,0,6,28.956313583777494
5,2,1,1,1,5,11.368900970948282
5,48,0,1,1,4,6.255328422662092
5,26,1,1,1,1,23.133466193507317
5,32,0,0,1,1,9.011495304322706
5,19,1,0,0,4,9.035793038300273
5,57,1,1,0,7,13.465561247438457
5,50,1,1,1,5,26.371717974091208
5,57,1,0,0,6,25.1805390056875
5,10,1,0,0,4,9.700424063489503
5,44,1,0,1,2,4.513858717303864
5,17,0,1,1,3,10.374489796722512
5,17,0,1,1,6,7.430176222987922
5,36,1,0,0,2,41.23214879786793
5,38,1,1,0,1,10.82429512280601
5,2,0,1,0,5,16.337014169134733
5,52,1,1,0,7,12.230162021939567
5,33,0,1,0,1,10.780336524720463
5,40,1,0,0,5,9.734362669870247
5,10,1,1,0,5,10.70654772096318
5,7,0,1,0,5,9.508867137183024
5,37,0,1,1,1,20.165450289441285
5,59,0,0,1,1,26.03359519250396
5,50,1,1,1,4,12.334675705248465
5,34,1,1,1,3,14.048672168104668
5,45,1,1,1,6,22.060483092876417
5,46,0,0,1,7,21.577590320421606
5,42,1,1,0,1,11.309836170562761
5,11,0,0,1,1,8.273215777111258
5,42,1,0,0,5,10.67802444490929
5,43,1,0,1,3,13.534262940371324
5,29,0,0,1,4,8.331150139170216
5,14,0,0,1,7,10.108829754851753
5,9,1,0,0,3,15.140888534867482
5,0,0,0,1,4,8.598537706385414
5,38,0,1,1,4,10.106662648356213
5,48,1,1,0,3,11.91205309430618
5,39,1,0,0,3,28.610348318324853
5,13,1,1,1,6,11.907900897396857
5,31,1,0,0,3,26.485371085668653
5,48,1,1,1,7,14.89368326714728
5,41,0,1,1,1,12.501561417182362
5,31,1,1,1,3,12.151159923695378
5,25,0,0,1,7,11.443880226475954
5,37,0,1,0,7,10.659776602476867
5,44,0,0,1,6,10.324277572581913
5,16,1,1,1,7,22.34142631810339
5,36,0,0,1,6,10.436513795247334
5,12,1,0,1,5,10.153228971095585
5,29,1,1,0,5,10.752691896508928
5,58,1,0,1,3,10.742076865205343
5,11,1,0,0,2,8.70932358959503
5,56,1,1,0,6,10.137236719249984
5,5,1,1,0,6,10.323412294583266
5,58,1,0,1,4,20.777850767526022
5,43,0,0,1,1,11.237653873817067
5,40,1,1,0,7,11.318344158400727
5,9,1,0,0,5,9.259884091716069
5,16,1,1,0,5,10.83306144760801
5,53,1,1,0,2,23.218183359903186
5,52,1,1,0,4,10.405302701814312
5,31,1,1,1,7,10.285371100719301
5,3,1,0,0,2,6.960302159442455
5,18,1,1,0,1,9.276283233408845
5,3,1,0,0,7,8.311331064855455
5,6,0,1,0,2,24.188929297933537
5,56,1,1,0,3,12.430847914136052
5,55,1,0,1,6,12.267690088101421
5,3,1,0,0,4,16.04752685846009
5,46,0,0,1,5,21.423417986186948
5,53,1,1,0,5,22.732126715156852
5,22,1,1,1,2,11.136040492537777
5,10,1,0,0,5,8.870278424175467
5,13,1,0,1,1,27.21648060290355
5,25,1,1,1,4,7.2406966211067845
5,23,0,0,0,7,8.553253379541424
5,38,0,1,1,1,11.824129085210815
5,31,0,1,1,7,10.395975027483782
5,9,1,1,0,5,10.319664296018736
5,31,1,1,0,1,11.251923057339857
5,23,0,0,1,1,9.730254992349707
5,10,0,0,1,5,9.56181388478466
5,38,1,1,1,6,13.297416652925847
5,23,1,0,1,1,11.68265020988736
5,12,1,1,1,7,14.378376735080128
5,38,0,1,0,4,11.219593673313716
5,37,0,1,1,4,13.390242775249718
5,39,1,1,1,0,0.04927249431309804
5,30,1,1,0,6,9.988267737759205
5,13,1,1,1,7,13.188342417640289
5,2,1,0,0,1,8.561878550315985
5,41,1,1,0,4,35.354427637448026
5,57,0,1,1,1,10.912511516365441
5,46,1,1,1,5,14.483057756390679
5,42,1,0,0,4,11.261547959798675
5,53,0,1,1,6,13.12987397354485
5,57,1,1,0,2,10.307957557073056
5,38,1,0,0,7,11.072200643119583
5,24,0,1,0,3,10.641019939409402
5,51,1,0,0,2,10.636351906913976
5,4,1,1,1,6,13.200870568189671
5,11,0,0,1,5,10.621484111512437
5,41,1,0,0,4,10.762826263121466
5,33,1,0,0,4,19.62500532541081
5,34,1,0,0,6,10.552472257004606
5,23,1,1,1,6,11.383018381960097
5,20,1,1,1,3,14.297452136344894
5,36,0,1,0,7,11.13581484604301
5,50,0,1,1,4,12.748481423467199
5,37,0,1,0,3,10.686270087493694
5,36,0,1,0,2,10.249849038342537
5,27,1,0,0,5,20.983635213511167
5,36,0,1,0,5,10.751420568689818
5,34,1,1,0,6,11.701974604690342
5,47,1,1,1,6,14.369559160114845
5,17,0,0,1,5,9.62060898926904
5,37,1,0,0,6,10.537249428693421
5,2,1,1,1,4,9.93999622259984
5,43,1,0,1,2,7.453516219958606
5,7,1,1,0,2,10.289786258680465
5,29,1,0,0,7,11.09245077750063
5,36,1,1,0,1,20.478413170085773
5,47,0,1,1,3,12.832919278540032
5,38,0,1,0,5,18.182934238998552
5,0,0,0,1,1,6.523796438169701
5,37,0,1,0,2,10.652840465755569
5,38,0,1,0,6,11.009369273526707
