battery,t_bucket,arr,bp,fever,action,q
10,0,0,0,0,5,38.80707811697081
9,1,0,0,1,6,41.55771435518842
9,2,0,1,1,1,60.90600287234188
9,3,0,1,0,6,44.33533521840567
9,4,1,0,0,5,43.857107533181974
9,5,0,0,0,4,26.3972510944449
9,6,0,0,0,2,30.856040523186678
9,7,0,1,0,3,43.73753010471853
9,8,0,0,1,5,45.720681520867416
9,9,1,0,0,0,44.59079447314846
9,10,1,0,0,7,40.475907332590765
9,11,1,0,0,2,39.850842336067736
9,12,1,1,0,6,54.8651555051667
9,13,0,0,0,2,37.379571943791625
9,14,0,0,0,4,26.670976958297224
9,15,1,0,0,3,45.91357607685623
9,16,1,1,0,4,54.8540678656284
9,17,0,1,0,6,43.92141866717788
9,18,0,0,0,5,25.492440517098604
9,19,1,0,0,4,38.72356486335779
9,20,0,0,0,0,33.68785383868842
9,21,0,0,0,5,23.548634391045027
9,22,0,0,0,2,27.642470976977517
9,23,0,1,0,5,42.203380641394155
9,24,0,1,0,5,41.24311164306398
9,25,0,1,1,5,55.63994089824951
9,26,1,1,0,0,55.580968541676
9,27,1,1,0,3,54.64092466025068
9,28,1,1,0,3,55.47997640930108
9,29,1,0,0,0,40.395968795298124
9,30,1,0,0,5,39.17421867859923
9,31,1,0,1,2,56.33226311972704
9,32,1,1,1,4,71.24984003400304
9,33,1,1,1,2,70.7997573763513
9,34,1,1,1,7,69.51135754531852
9,35,0,0,1,3,45.483855019855646
9,36,0,1,0,5,41.32927456346228
9,37,0,1,0,5,41.88889789222996
9,38,1,1,1,1,71.0711217365209
9,39,1,1,0,5,53.0499524409437
9,40,0,1,1,2,64.418088812023
9,41,0,0,1,6,43.478085254408185
9,42,1,0,1,5,54.91275816007248
9,43,0,0,0,4,27.4766752752225
9,44,1,0,0,6,37.660011547177966
9,45,0,1,0,2,46.168823830170595
9,46,0,0,0,7,29.362893633046838
9,47,0,1,0,1,48.932803771504396
9,48,0,1,0,7,43.08613987791218
9,49,1,0,1,7,54.760149663497884
9,50,0,0,0,2,26.328982590322408
9,51,0,0,0,6,26.253713307741858
9,52,1,0,0,6,37.61457251922947
9,53,0,0,0,2,35.08037787790677
9,54,0,1,0,2,43.063561742450744
9,55,0,0,0,2,27.85281349575487
9,56,0,0,0,4,25.37829961843037
9,57,1,0,0,5,39.33184136881664
9,58,1,0,0,1,39.002688677776256
9,59,1,0,0,3,39.22326011550854
9,0,1,0,0,1,40.213846368062505
9,1,1,0,0,1,41.83551581429022
9,2,1,0,0,2,38.667095168174725
9,3,1,0,0,1,39.30459162187599
9,4,1,0,1,4,55.69293365503348
9,5,0,0,1,0,46.176498968712
9,6,0,0,1,0,45.410899615278026
9,7,0,0,1,0,48.281999430756464
9,8,0,0,1,6,41.87920259692377
9,9,0,0,1,2,44.903680495082995
9,10,0,0,1,5,41.68139562038751
9,11,1,0,0,7,40.156762434246936
9,12,1,0,1,0,56.49568844663963
9,13,1,0,1,4,55.62220303966481
9,14,0,0,1,4,41.304685720373314
9,15,0,0,1,7,43.76181446761692
9,16,0,0,0,2,27.642547801666996
9,17,0,0,0,2,27.986712837367392
9,18,0,0,0,1,27.573251569059096
9,19,0,0,1,4,40.4814530648453
9,20,0,0,1,2,44.5293453888777
9,21,0,1,1,6,57.33161862307451
9,22,0,1,1,5,58.14623965435531
9,23,1,1,0,3,56.93645717526485
9,24,1,1,0,1,55.96864570083554
9,25,1,1,0,4,56.17545239639124
9,26,1,1,0,7,55.82818255102131
9,27,0,1,0,1,51.988045490256184
9,28,0,1,0,5,42.21138162531756
9,29,0,1,0,3,54.26183919743673
9,30,0,1,0,2,54.43334344962594
9,31,0,1,0,5,41.2604685342754
9,32,1,1,1,7,70.05181439518755
9,33,1,0,0,7,38.302698064001255
9,34,1,0,1,2,54.6863119914142
9,35,1,0,1,2,53.62359594445367
9,36,1,0,1,2,55.53809049610417
9,37,1,0,1,4,55.00807117478967
9,38,0,0,1,2,43.261290121153415
9,39,0,1,1,3,71.56776081563899
9,40,0,0,0,5,27.27534439050127
9,41,1,0,1,5,55.317365697247084
9,42,0,0,1,5,41.806744897553656
9,43,0,0,0,6,26.221588563098393
9,44,1,0,0,7,42.00401209386331
9,45,0,1,0,7,41.56440573583502
9,46,0,1,0,6,43.10049370191322
9,47,0,1,0,4,40.49876427507348
9,48,0,1,0,3,43.783512064231154
9,49,0,0,0,5,25.685737051366836
9,50,1,0,0,5,38.35584042092751
9,51,0,0,1,0,42.721573735477236
9,52,0,0,1,6,41.32328247004649
9,53,0,0,1,7,45.13850113970046
9,54,1,1,0,3,53.967042241599785
9,55,1,0,0,3,38.38527712052879
9,56,1,1,1,0,71.88447093827965
9,57,1,1,1,6,71.14911214691584
9,58,0,0,1,7,43.4007785832984
9,59,1,0,0,5,39.0261384498147
9,0,1,0,0,5,39.40432217386287
9,1,0,0,0,4,25.206440687508234
9,2,0,0,0,2,29.2881102591668
9,3,0,0,0,7,27.015724875478238
9,4,0,1,0,3,54.07244110875992
9,5,0,0,0,0,34.288952931614226
9,6,0,0,0,3,38.683068061898275
9,7,0,1,0,2,44.05520363912453
9,8,0,1,0,2,44.261255749249045
9,9,0,1,0,1,44.51927813126477
9,10,0,1,0,4,42.326490813641556
9,11,1,1,0,6,54.36245247398291
9,12,1,0,0,7,39.704411145567526
9,13,0,0,1,1,50.46419289579141
9,14,0,0,0,2,28.110672462733135
9,15,0,0,0,6,27.198085692895372
9,16,0,0,0,4,26.187445568799056
9,17,1,0,0,3,37.68151783413459
9,18,1,1,0,7,54.81894633770803
9,19,1,1,0,7,54.396751066401755
9,20,0,0,0,4,25.154848956622132
9,21,0,0,0,1,27.759049816873713
9,22,0,0,0,1,32.57829376892645
9,23,0,0,0,7,24.228712160682335
9,24,0,0,0,3,28.380294403448893
9,25,0,0,0,5,26.516422599888948
9,26,0,0,0,5,27.938427149640816
9,27,0,0,0,0,34.44554672367849
9,28,0,0,0,0,31.042729798484913
9,29,0,0,0,0,37.32950261745324
9,30,0,0,0,0,39.26333130546028
9,31,0,0,0,1,30.56455394919751
9,32,0,0,0,3,30.801506347267754
9,33,0,1,0,0,46.4603982554608
9,34,0,1,0,1,45.59450380161065
9,35,0,1,0,6,39.472210996796306
9,36,0,1,0,6,42.74893626433422
9,37,0,0,0,0,36.11182019480773
9,38,0,0,0,5,25.909762614735147
9,39,0,0,0,7,27.26151069959849
9,40,0,0,0,4,27.249037500572722
9,41,0,0,0,0,31.204313546737886
9,42,0,0,0,0,29.094602623769426
9,44,0,1,0,1,49.46850477420221
9,45,0,1,1,5,55.10429456660389
9,46,0,1,0,2,46.22707204489798
9,47,0,1,0,0,44.35831607061153
9,48,0,1,0,4,39.63988632135182
9,49,1,1,0,4,53.54203497505851
9,50,0,1,0,5,42.11385628197425
9,51,0,1,1,5,55.48129075635933
9,52,0,1,0,1,43.24104968856111
9,53,0,1,0,0,43.655753594427956
9,54,0,1,0,0,44.36184966420996
9,55,0,1,0,0,43.558633822450176
9,56,0,1,0,7,42.40742311183986
9,57,1,1,0,7,53.94187643119697
9,58,0,0,0,6,26.407452952302066
9,59,0,0,0,6,27.373769061083753
9,0,1,0,0,2,39.86682451821165
9,1,1,1,0,5,53.57856429272083
9,2,0,1,0,3,44.541441553807324
9,3,0,0,0,6,29.396227399172293
9,4,0,0,0,4,27.64888275664284
9,5,0,0,0,6,28.851834677186865
9,6,0,0,0,7,29.478453631913514
9,7,1,0,0,7,38.9715242318226
9,8,0,0,0,2,30.89082457582399
9,9,0,1,0,6,40.5303851237564
9,10,0,0,0,1,29.949369806945697
9,11,0,0,0,0,29.123980074821528
9,12,0,0,0,5,28.690800646618772
9,13,0,0,0,7,29.439248261765158
9,16,0,0,0,3,28.23754916503436
9,17,0,1,0,3,43.626908468790575
9,19,0,0,0,4,27.452472632129357
9,20,0,0,0,7,27.26403584779647
9,21,0,1,0,0,42.6810076658224
9,22,0,1,0,2,43.10681920912723
9,23,0,0,0,2,27.79378223432053
9,24,0,0,0,4,27.099215193646852
9,25,0,0,0,1,32.474622746400364
9,26,0,0,0,4,28.46211711001936
9,27,0,0,0,3,29.944070994863825
9,28,0,0,0,6,27.521114982132428
9,29,0,1,0,0,45.033022785681375
9,30,0,1,0,4,42.64228309952853
9,31,0,1,0,6,42.41447439106122
9,32,0,0,0,2,29.77710784871682
9,33,0,0,0,3,30.90215015767788
9,34,0,0,1,5,40.38621186063426
9,35,0,0,0,5,28.2680525136112
9,36,0,0,0,2,29.789857211066398
9,37,0,1,0,0,43.936285278315076
9,38,0,1,0,0,48.006056681780926
9,39,0,1,0,4,40.631942446086555
9,40,1,1,0,7,54.173076651111586
9,41,0,0,0,7,26.368648915863254
9,42,0,0,0,5,28.732872159633658
9,43,0,0,0,2,28.660269635317988
9,44,0,0,0,7,27.35645306067851
9,45,0,1,0,3,55.458696342463696
9,46,0,1,0,3,51.17999976084201
9,47,0,1,0,5,37.97240680898064
9,48,0,1,0,0,42.91401072678745
9,49,0,1,0,7,41.88810655018203
9,50,0,0,0,6,24.76522193709164
9,51,1,1,0,3,52.828502833248166
9,52,1,0,1,6,54.41833126009722
9,53,0,1,1,0,58.790666122680584
9,54,0,1,1,2,60.19702717196483
9,55,0,1,1,4,55.25390048357642
9,56,0,1,1,1,65.88035548789696
9,57,0,1,0,1,42.93288759854431
9,58,0,1,1,2,58.657523651848265
9,59,0,1,1,6,56.72110833338063
9,0,0,1,1,0,58.37234405872296
9,1,0,1,1,7,55.93224575664847
9,2,1,0,0,7,38.71988102170025
9,3,0,1,0,5,39.37814834747345
9,4,1,1,1,3,75.1941542507144
9,5,1,1,0,0,54.85573190028664
9,6,1,1,0,6,56.072749551132816
9,7,0,1,0,4,42.26511435112601
9,8,0,1,0,5,43.6759071270594
9,9,0,1,0,2,52.63277981538704
9,10,0,1,0,3,44.5745772143205
9,11,0,0,0,5,27.342241515375292
9,12,0,0,0,6,25.03034436799532
9,13,1,0,0,7,39.193108112128755
9,14,1,1,0,0,55.38150976172281
9,15,1,1,0,7,55.0342300002227
9,16,1,0,0,7,46.94446661852533
9,17,0,0,0,5,26.050610539898717
9,21,0,0,0,0,28.44860183203804
9,22,0,0,0,4,27.19911525706289
9,23,0,0,0,5,27.474162590718247
9,24,0,0,0,6,25.167977683840494
9,26,0,0,1,5,42.671140451750574
9,27,0,0,0,1,30.752252241528776
9,28,0,0,0,3,29.08094337145077
9,29,0,0,0,7,26.535363675268705
9,30,0,0,1,0,45.951699395646266
9,31,0,0,1,0,45.29911675070362
9,32,0,0,1,1,56.522072143704065
9,33,0,0,0,1,38.33812901662151
9,34,0,0,0,7,27.43143345675988
9,35,0,0,0,6,27.11484153760156
9,36,1,0,0,4,37.68807660574713
9,37,1,0,0,3,38.27931404056375
9,38,1,1,0,7,54.53693558574272
9,40,0,0,0,3,28.07722580333732
9,41,0,0,1,0,45.04605239104207
9,42,0,0,1,2,44.4024880171954
9,43,0,0,1,1,45.81138412210782
9,44,0,0,1,1,47.12857107319931
9,45,0,0,0,0,31.119671609449373
9,46,0,0,0,3,29.71512849242695
9,47,0,0,0,7,28.52899871336095
9,48,1,1,0,6,53.84882567035407
9,49,1,0,0,1,38.62760535884291
9,50,1,0,0,2,39.27442913328926
9,51,1,1,0,5,52.93045187569621
9,52,1,1,0,5,55.1134024118746
9,54,0,1,0,4,40.41115659724193
9,55,0,1,0,1,43.34248192373603
9,56,0,1,0,4,41.77114256509384
9,57,0,1,0,0,42.89761101409446
9,58,0,1,0,1,48.10266183679612
9,59,0,1,0,5,41.873553345056244
9,0,1,1,1,4,71.86966242428105
9,1,0,1,1,2,59.43328703355451
9,2,0,0,1,2,43.89132315337588
9,3,0,1,1,7,58.30399382315042
9,6,0,0,0,5,25.503542309747225
9,7,0,0,0,5,28.52709019407803
9,8,0,0,1,1,50.879222146831104
9,9,0,0,1,0,45.6624177875125
9,11,0,0,0,6,27.048808148725367
9,12,0,0,0,3,30.91508174478199
9,13,0,1,0,2,44.41082942853644
9,15,0,0,0,4,27.75356124192263
9,16,0,0,0,5,26.274679701779466
9,17,0,0,0,1,36.32978745625778
9,18,0,0,0,3,38.53341543944134
9,19,0,1,0,4,41.51742805116697
9,20,1,1,0,6,54.15764431969298
9,22,0,0,0,6,24.849292806452034
9,23,1,1,0,2,55.405389149277596
9,24,1,1,0,6,55.92344721914004
9,25,0,1,0,4,40.74166660163907
9,26,0,1,0,4,41.71370970358788
9,27,1,1,0,2,54.72952288557377
9,29,1,1,0,5,56.55427096487448
9,30,0,1,0,6,43.164300914328166
9,31,0,0,0,2,29.94800494686727
9,32,0,0,0,1,39.989770517292335
9,33,0,0,1,2,41.40765928894527
9,34,0,0,1,2,44.10098901988805
9,36,0,0,0,1,28.70948094964412
9,37,0,0,0,6,24.967120249380315
9,38,0,1,0,7,42.049639159160506
9,39,0,1,0,0,50.30065459473675
9,40,0,1,0,5,41.48125480253757
9,41,1,1,0,3,57.68250660873139
9,42,1,0,0,4,37.68105458036977
9,43,0,0,0,3,33.981323435472284
9,44,0,0,0,3,30.377675857085826
9,45,0,0,0,6,27.62717467679441
9,46,1,0,0,3,38.70353073031816
9,47,1,0,0,0,38.479848518560885
9,48,1,0,0,4,37.99436764158146
9,50,0,0,0,3,28.942152098031897
9,51,0,0,1,6,41.5539985992051
9,52,0,1,1,4,57.541948729513685
9,53,1,1,1,1,71.38819388366089
9,54,1,1,1,7,72.22291202935264
9,55,1,1,0,2,54.75032936229624
9,56,1,0,0,1,39.50415209417321
9,57,1,0,0,6,38.88872268940278
9,58,1,0,0,7,49.18418028201083
9,59,0,0,1,0,43.09401450585231
9,0,0,0,1,6,43.02116044293489
9,1,1,0,1,5,55.19558195797019
9,2,0,0,0,6,23.59874048489756
9,3,1,0,0,6,39.31349186672869
9,4,0,1,0,6,44.041391006993095
9,6,0,0,0,6,28.3342882180943
9,8,1,0,0,0,39.12409287633809
9,10,1,0,0,3,43.66677162877219
9,11,1,0,0,1,40.1584672844795
9,12,1,0,0,3,39.40689619499109
9,13,1,0,0,4,39.61994353479494
9,14,0,0,0,1,35.512514726683996
9,15,0,0,0,1,37.19863395325245
9,16,0,0,0,1,34.99179847518921
9,18,0,0,0,7,25.39275593567093
9,19,0,1,1,2,59.482141537228266
9,20,0,0,1,0,44.755240137948526
9,21,0,0,1,1,43.27097220825625
9,23,1,0,0,0,39.74558558301086
9,24,1,0,0,1,41.991349729890395
9,25,1,0,0,5,39.921453824192
9,26,0,0,0,2,31.563135381465944
9,27,0,0,0,6,28.286675454053423
9,28,1,1,0,0,56.04906446064383
9,29,1,1,0,2,56.74528164330729
9,30,1,1,0,5,55.130372612603196
9,31,1,1,0,2,56.11765884187086
9,32,1,0,0,4,39.63795247802799
9,33,0,0,0,4,22.611298435900586
9,34,0,0,0,5,26.32137475352789
9,35,0,0,0,4,25.049478497000393
9,37,0,0,0,3,29.85406584510612
9,39,0,0,1,4,41.86004273251828
9,40,0,0,1,1,45.95237576011749
9,42,0,0,0,7,27.661404799303916
9,44,0,0,0,2,29.89062108619001
9,45,0,0,0,7,26.70298681107839
9,47,1,1,0,2,56.10814360110808
9,48,1,1,0,0,56.73168502290042
9,49,1,1,0,5,52.971752434178676
9,50,0,1,0,7,42.495799086251566
9,51,0,1,0,7,40.522185576308566
9,52,0,0,0,4,25.56256491159249
9,54,0,0,0,1,28.274769991491237
9,55,0,0,1,1,44.08181830776137
9,56,0,0,0,5,26.552014787483422
9,57,0,0,0,6,23.814424344461454
9,58,0,0,0,7,26.137587435035737
9,59,0,1,1,4,55.939407526238114
9,0,1,1,1,6,72.13475443612732
9,1,1,1,1,7,72.40298531093136
9,2,0,1,0,7,41.94420279609967
9,3,0,1,0,4,42.019028609075626
9,4,1,1,0,2,54.0538850667113
9,5,1,0,0,0,39.13898127978707
9,6,1,0,0,4,39.36153849074137
9,7,1,0,0,5,39.816946075962214
9,8,0,0,0,6,25.275518080493313
9,9,1,1,0,6,54.28509971224355
9,10,0,0,0,6,28.33136705815313
9,11,1,0,0,5,40.32142714184984
9,12,0,0,1,1,51.91482564918421
9,14,0,1,0,5,41.52728799788527
9,15,0,1,0,1,43.42226271078391
9,16,0,1,0,0,44.878021227651
9,17,0,1,0,5,40.514404391231835
9,18,0,1,0,7,44.436270076271875
9,19,0,0,0,0,28.210058083917072
9,20,0,0,0,2,27.426671072893743
9,21,0,0,0,3,32.988300565612796
9,23,1,0,0,1,39.66278351938374
9,24,1,0,0,4,39.702960816362655
9,25,1,0,0,6,38.93874295040451
9,28,0,0,1,1,49.69949158806637
9,29,0,0,0,5,27.67016704351959
9,30,0,0,0,5,25.279413078744735
9,31,0,0,0,7,29.358567910237078
9,32,0,1,0,6,41.265595361484955
9,34,0,0,0,1,38.213602533012384
9,35,0,0,0,3,29.483389049574157
9,36,0,1,0,2,43.599769041512296
9,37,0,0,0,5,26.156613603920235
9,38,0,0,1,7,41.59181144032251
9,39,0,1,0,5,42.3419694093348
9,40,0,1,0,7,41.95496196612228
9,41,1,1,1,4,72.02769753491371
9,42,0,1,1,3,59.77400113811347
9,43,0,1,0,6,45.675441619353116
9,44,1,0,0,3,38.178433461120164
9,45,1,0,0,2,38.783190276625895
9,46,1,1,0,5,54.03018183595385
9,48,0,1,0,6,41.6184714944071
9,49,1,0,0,5,38.40808895286211
9,50,0,0,1,4,38.164163279016556
9,51,1,0,1,5,54.32656850196615
9,52,1,0,0,3,37.61784063047764
9,53,1,0,0,2,38.60674457340075
9,54,1,1,0,5,53.65448335700797
9,56,1,0,0,0,39.87872678087506
9,58,0,0,1,4,38.821037398009544
9,59,0,0,1,7,41.67062938322849
9,0,1,0,0,0,39.472521147346455
9,1,1,0,0,3,38.956392317438585
9,2,1,0,0,4,39.156936415818166
9,3,0,0,0,3,30.6446065797521
9,4,0,0,1,2,52.488629544356044
9,5,0,1,1,7,60.6918773954764
9,6,0,0,0,0,31.478649239510112
9,7,0,0,0,4,27.099405852532538
9,8,0,0,0,4,28.63723434270043
9,9,1,0,0,7,39.58420921776035
9,10,0,1,0,7,42.927264990135626
9,11,0,1,1,0,59.78627129969086
9,12,0,1,1,4,56.38769507284461
9,13,1,1,1,7,71.0642177720123
9,14,0,0,0,7,26.880479611582327
9,15,1,0,0,7,39.53474082720132
9,16,0,1,1,3,63.846082205249026
9,17,0,0,1,2,43.319974766547936
9,18,0,1,1,7,59.34178758666232
9,19,1,1,0,4,54.17380168795334
9,20,0,1,0,6,43.17226168034151
9,21,0,0,0,6,26.267654395384096
9,22,1,0,0,3,45.008347059682144
9,24,1,1,0,4,55.933792143882314
9,27,0,1,0,4,40.918943061160775
9,29,1,1,0,7,55.98814866661352
9,30,0,0,0,2,30.303155245915583
9,31,0,0,0,5,28.74434245188949
9,32,0,0,0,4,25.54936152656558
9,33,1,0,0,0,38.30242819733744
9,34,1,0,0,6,37.391465022609644
9,36,0,0,0,6,25.8717484252424
9,38,1,0,1,6,56.44638189412033
9,39,0,0,1,0,49.855194323210036
9,40,0,0,1,0,50.74015383585551
9,41,0,0,1,1,45.03163459142395
9,44,0,0,0,1,34.70383085617649
9,45,0,0,0,3,36.03508988682866
9,46,0,0,0,1,29.74867236659133
9,47,0,0,0,4,27.528384336679245
9,48,1,0,0,0,38.03669721763658
9,50,1,0,0,7,38.292753657434076
9,51,1,1,0,6,55.18656066101823
9,52,0,1,0,6,40.64452190615266
9,53,0,0,0,7,22.69755031473925
9,54,0,0,0,3,27.00550654665074
9,55,0,1,0,6,40.81964038031381
9,56,1,1,0,1,54.693670592071676
9,57,1,1,0,0,54.29348418003835
9,58,1,1,0,6,53.874964301054355
9,59,0,1,0,1,43.44044245935353
9,0,0,1,0,0,43.27809800096536
9,1,0,1,0,0,45.25438462673483
9,2,0,1,0,1,44.54724186119208
9,3,0,1,0,3,45.90895673995412
9,5,0,0,0,3,31.829095036744047
9,6,0,0,0,4,26.791651961481197
9,7,0,0,0,3,31.34595617324711
9,10,0,0,1,1,52.00030614959852
9,11,0,0,0,1,29.04778029116161
9,12,0,0,1,6,43.32562395912847
9,13,1,1,1,0,72.40496270783869
9,14,1,1,1,2,72.74065909674118
9,15,1,1,1,7,72.58728408127011
9,16,1,1,0,7,54.8047875996944
9,17,1,0,0,5,38.77322821549095
9,18,1,0,0,1,39.68741808585936
9,19,1,0,0,1,40.19607847739126
9,20,1,0,0,4,38.97745244546595
9,21,0,0,0,7,26.489972813361227
9,22,0,1,0,7,42.872593006383184
9,23,0,1,0,3,47.75612046265447
9,24,0,1,0,1,44.72752334359157
9,25,0,1,0,2,45.06800660083972
9,29,0,0,0,1,29.78775257129304
9,30,0,0,0,6,26.023157480531047
9,31,0,0,0,0,30.99768762712966
9,32,0,0,0,7,30.93827346773563
9,33,1,1,0,5,60.4346802960638
9,34,1,1,0,6,52.97744888499235
9,35,1,0,0,6,41.90844716996703
9,36,0,0,0,3,39.71219430605176
9,37,0,0,0,2,28.07290661049386
9,38,0,1,0,3,43.048953376597964
9,39,0,0,0,3,30.90809863744933
9,41,0,1,1,6,59.35011145051305
9,42,0,0,1,7,43.59969458169755
9,43,1,0,1,6,55.76671910460221
9,44,0,1,1,3,67.62620515986796
9,45,0,0,1,3,45.97808947951603
9,46,0,0,0,4,26.583723253968543
9,47,0,0,0,5,26.533015803192416
9,48,0,0,0,1,27.506181423417637
9,49,0,0,1,7,41.6215076724802
9,50,0,0,0,5,26.805869360917306
9,51,0,0,0,2,28.860874460893452
9,52,0,1,0,0,42.66355650569396
9,53,0,1,0,4,40.55197612977159
9,54,0,1,0,6,41.00977766883268
9,55,0,0,0,4,24.413008930712508
9,57,0,0,1,7,42.559250873301465
9,59,0,0,0,2,27.895818996840873
9,0,0,0,0,6,25.204819293340442
9,1,0,0,0,5,23.793303146188343
9,2,0,0,0,4,26.805432181418446
9,3,1,0,0,5,39.49333088992446
9,4,1,0,0,7,39.56883149914404
9,6,0,1,0,2,52.751468203316435
9,7,0,1,0,0,44.405604232302984
9,8,0,1,0,1,43.98884051717776
9,10,0,0,0,3,35.09820931805933
9,11,0,0,0,7,27.94339942946398
9,12,0,0,0,0,34.900345735179386
9,13,0,0,0,4,25.078297124956016
9,16,1,0,0,4,39.010467887538766
9,17,0,0,0,3,29.135903791338176
9,18,0,0,1,2,43.9430088097976
9,19,0,1,1,1,63.95020852934616
9,20,0,1,0,1,43.376738691918106
9,21,0,1,0,6,41.307462654315
9,22,0,1,0,3,42.895330837877985
9,23,0,0,0,6,26.696267816764593
9,24,1,0,0,5,39.553448160166795
9,26,1,0,0,0,44.79721857440524
9,27,1,0,0,6,39.53900746927819
9,29,0,1,0,4,40.843357086078164
9,33,0,0,0,5,28.044766029855317
9,34,0,0,1,4,40.03732346170872
9,35,0,0,1,4,41.06497609416925
9,37,1,1,1,1,69.81644215715777
9,38,1,1,0,2,54.17806903951187
9,39,1,0,0,5,38.1764454826967
9,40,0,0,0,2,28.525040726882235
9,41,0,0,0,3,39.13153398524334
9,43,1,0,1,5,58.79253704131385
9,47,0,1,0,3,44.494118540779496
9,49,0,0,0,0,28.805508967469844
9,51,0,0,0,5,26.62854901710317
9,52,0,0,0,3,28.689666856431362
9,53,0,1,0,7,42.95962195033583
9,54,0,0,0,2,36.720785521072116
9,56,0,0,0,2,28.438629619046974
9,57,0,0,0,0,26.97264754518399
9,58,0,0,0,5,26.13217473275435
9,59,0,0,0,7,27.08353319840772
9,0,0,0,0,0,27.833426013128463
9,1,0,0,0,0,29.066918580122586
9,3,1,1,0,3,65.93487622299249
9,5,0,1,0,1,50.72045286702535
9,6,0,1,1,4,54.02504500141447
9,7,0,1,1,5,56.64084276116832
9,8,0,1,1,2,59.208183973446246
9,9,0,0,1,4,40.61179836167888
9,10,0,0,1,2,45.89944321039772
9,11,0,0,1,5,44.70654125716526
9,14,0,0,1,0,48.132680344471616
9,16,0,1,0,1,49.64872918017826
9,18,1,0,0,6,37.10954201195193
9,19,0,0,0,3,35.87207973404623
9,22,0,0,0,5,25.82549029740162
9,24,1,0,0,3,39.817890359375625
9,25,1,0,0,7,39.98005031982204
9,28,0,1,0,3,43.97611023865678
9,31,1,0,0,2,39.89639016980186
9,32,1,0,0,7,48.4869255721606
9,33,1,1,0,6,53.84128355574366
9,34,0,1,0,4,37.812596619840974
9,35,0,1,0,2,44.74065995604777
9,37,0,0,1,4,40.75866875402082
9,38,0,0,1,0,43.799475242541135
9,39,0,0,1,3,44.50086206891532
9,40,0,0,1,3,45.040865521781264
9,41,0,0,0,5,24.767084039769195
9,42,0,0,0,3,30.674183669774827
9,43,0,1,0,5,41.31746589989955
9,44,1,1,0,4,53.689428764790534
9,45,1,1,0,6,54.19119716893722
9,46,0,0,0,0,28.556732428837698
9,47,0,0,0,0,28.491314221498868
9,48,0,0,0,4,24.90779523308648
9,49,0,0,0,1,37.02006287113282
9,50,0,0,0,1,26.417748265175007
9,52,0,0,0,6,26.672183909605927
9,53,1,1,0,7,53.990730664272306
9,54,0,1,1,1,60.6147233515784
9,56,0,1,1,6,53.81054781297526
9,57,0,0,1,0,42.577954802338816
9,58,0,0,1,5,42.63104999777868
9,0,0,0,0,3,25.41784798570328
9,1,0,0,0,6,26.504825940025405
9,2,0,0,0,5,25.070677780635947
9,4,0,0,0,5,28.834379193013447
9,5,1,0,0,5,38.84040686857566
9,7,0,0,0,7,28.23198357339
9,8,0,1,0,7,42.93977606428815
9,9,0,0,0,4,29.133093606952563
9,10,0,0,0,0,29.341510380043786
9,13,0,0,0,3,29.134931966750887
9,15,0,1,0,0,43.48546383626863
9,16,0,1,0,2,43.98429379487675
9,17,0,0,0,0,28.67739772005126
9,18,0,0,0,2,28.62162691016563
9,21,1,0,0,6,38.84388843767816
9,24,0,0,0,0,29.49123548027633
9,25,0,0,0,0,29.59819050929712
9,26,0,0,0,7,28.1947188234066
9,27,0,1,0,3,45.59264377977858
9,28,0,0,0,7,28.026787437984133
9,31,0,0,0,6,25.7473054112783
9,32,0,1,0,0,45.533048404892234
9,33,0,1,0,5,41.738201290240994
9,34,0,1,0,2,46.93282304083606
9,36,1,0,0,7,37.15937551441569
9,37,0,0,1,6,40.756503509072104
9,38,0,0,1,6,40.708594981392125
9,39,0,1,1,4,53.86108015648451
9,40,0,1,1,1,58.582576860388784
9,41,0,1,0,7,40.47456769358082
9,42,0,1,0,1,44.415108750844524
9,44,0,1,1,5,57.35978855497067
9,45,0,1,0,1,45.35033322110251
9,46,0,1,0,1,44.224011057929914
9,47,0,1,0,7,44.30203805270043
9,50,0,0,0,7,24.85783212350038
9,52,0,0,0,1,35.19220498584996
9,55,0,0,0,7,26.396140344687794
9,56,1,0,0,3,38.8593639848032
9,57,1,0,1,3,55.77504201605489
9,58,1,1,0,3,54.93680190041092
9,59,1,0,0,2,38.76476098152375
9,1,1,0,0,6,38.77078407287126
9,2,1,1,0,1,59.73835467962629
9,3,1,1,1,1,73.65806829170029
9,4,1,1,0,6,53.705745171236515
9,5,1,1,0,7,54.3346035038462
9,6,0,0,1,7,45.546383119047206
9,7,1,1,0,6,54.304160144227
9,10,0,0,0,4,26.25154729026692
9,12,1,1,0,2,54.83750349957336
9,13,1,1,0,2,54.60411835315479
9,14,1,0,0,6,40.153096229118155
9,15,1,0,0,4,39.6300870118178
9,17,0,0,1,0,45.71921027534154
9,18,0,0,1,1,44.344147765052654
9,19,0,0,0,7,27.59368481767469
9,21,1,0,1,3,56.20017912354348
9,22,1,1,0,3,55.37515810319353
9,23,1,0,0,2,39.00392244569501
9,24,1,0,0,2,39.523898715544206
9,26,0,1,0,1,47.08495360648626
9,29,0,1,0,6,42.4172649792654
9,32,0,1,0,2,55.04446898285864
9,34,0,0,0,6,27.849315780381385
9,35,1,0,0,2,37.55370790277373
9,36,1,1,0,2,53.181400583201736
9,37,1,0,0,5,38.11082507610378
9,38,0,0,1,5,43.081795005242476
9,41,0,0,0,1,31.05937599927097
9,42,0,0,0,6,24.983530331207632
9,44,1,1,1,0,70.87338717004613
9,45,1,1,1,3,71.15997571704382
9,46,1,1,0,0,54.112505503501644
9,50,1,0,0,4,38.34066954616804
9,51,1,0,0,2,38.31212349325073
9,53,0,1,0,1,51.04374441850631
9,54,0,1,0,5,41.07726545269758
9,55,0,1,1,3,64.88484144034739
9,56,0,0,0,1,34.840816677815646
9,57,0,0,0,2,27.99131443176665
9,58,0,1,0,7,40.79384179246746
9,59,0,1,0,6,41.844658594526464
9,0,1,1,0,3,57.09858643831271
9,1,1,0,0,4,38.8987218756309
9,2,0,0,0,7,27.087473455276623
9,3,0,0,0,5,28.028176628645433
9,5,0,0,0,7,30.463514871156303
9,9,0,1,0,4,40.482827591747174
9,10,0,1,0,6,42.095582152388076
9,12,0,0,0,2,28.98257209249682
9,13,0,1,0,4,41.108616498838884
9,14,0,1,0,7,43.830665226427044
9,15,0,0,0,5,27.29752340256018
9,17,0,0,0,7,26.854828323946645
9,18,1,0,1,1,55.83218936581535
9,19,1,0,0,6,38.66150639389597
9,20,1,0,0,2,38.637792097706814
9,21,1,0,0,0,42.54308639766128
9,22,1,0,0,7,38.742434800105265
9,23,0,0,0,3,27.949804509238863
9,25,0,0,0,2,31.168694670713432
9,26,0,1,0,3,52.60734128170613
9,28,0,1,0,2,44.488467182021374
9,31,1,1,0,6,53.656015473204235
9,32,0,0,0,5,27.128066193394297
9,34,1,0,0,5,37.540987226426836
9,36,0,0,0,5,29.812449828316392
9,37,1,0,1,6,54.81604835571673
9,38,0,1,1,7,60.22829823785905
9,40,0,0,0,7,25.752469228192226
9,41,0,0,0,2,31.1797826178462
9,42,0,1,0,5,41.22236604068358
9,43,0,1,0,3,54.57163678056347
9,45,0,1,0,6,44.07393635629736
9,46,0,0,0,6,25.723693934131312
9,48,1,0,0,7,37.92993972867737
9,51,0,1,0,1,42.0679337188779
9,53,0,1,0,3,43.71322553048984
9,55,0,0,0,0,32.713886032514296
9,56,0,0,0,3,26.622553539649658
9,57,0,0,0,7,26.966230890179563
9,58,0,0,0,4,24.337936361552135
9,59,0,0,0,4,25.701750762075104
9,0,0,0,0,5,23.400464662178692
9,1,0,0,0,2,28.501107516050194
9,3,0,0,0,0,31.033209278050514
9,5,0,0,1,1,54.0691054898252
9,7,0,0,0,6,28.37217687655241
9,8,1,0,0,6,39.3732411909658
9,9,0,0,0,3,35.47816093424929
9,12,1,0,0,5,39.38681245231224
9,17,0,0,1,4,41.87562686201216
9,18,0,0,1,6,44.29509214236903
9,19,0,1,1,5,58.185214924804626
9,22,0,0,1,3,43.719878545959205
9,24,0,0,0,7,27.395019828845378
9,26,0,1,0,2,45.6822014938175
9,28,0,0,0,4,28.162173469985746
9,29,0,0,0,6,24.657797561508602
9,30,1,0,0,2,40.40504445592027
9,32,1,1,0,6,54.49293593512236
9,33,0,0,0,0,29.225417859871396
9,35,0,0,1,0,51.66055428746149
9,36,0,0,1,1,43.995841531712045
9,37,0,0,1,3,45.29353777892006
9,38,0,0,0,2,28.906483001401053
9,39,0,0,0,6,27.747287513880906
9,41,0,1,0,1,43.75041061787077
9,42,0,1,1,5,59.28380925530929
9,43,0,1,0,4,42.63874420056982
9,44,0,1,0,4,42.18377684538302
9,49,1,0,0,7,38.41165368069783
9,51,0,1,0,6,42.86871296767049
9,52,1,1,0,7,52.905759703863914
9,53,0,0,1,1,43.502820628469415
9,54,0,0,1,3,50.20025850044316
9,55,0,0,1,7,40.34335595869084
9,56,0,0,0,0,28.13021898683259
9,57,0,0,0,1,34.58927351023659
9,58,0,0,0,3,29.336624284137386
9,59,0,1,1,1,61.957743799580854
9,2,0,0,1,4,41.55215488431307
9,3,0,0,1,3,45.12257977771272
9,5,0,0,0,1,32.50308707701444
9,8,0,1,0,4,40.245837004369726
9,12,0,1,0,6,40.63861845832931
9,13,1,1,0,0,54.624198500110154
9,14,1,1,0,1,55.34060513488734
9,16,0,0,1,1,44.83027575852239
9,17,0,0,1,5,42.742886376579534
9,20,0,0,0,1,27.544749100187897
9,22,0,0,0,7,26.978957042770276
9,23,0,0,0,4,26.9624888455494
9,25,1,0,1,7,55.83418455945013
9,26,0,0,0,3,29.92062225824802
9,27,0,0,0,4,27.158823422487863
9,29,0,0,0,3,32.575107741264596
9,30,0,0,1,5,45.325986254398416
9,31,1,0,0,1,40.04138026593738
9,32,1,0,0,3,39.02949540363622
9,33,1,0,0,1,42.45299720940163
9,34,1,0,0,0,37.50455035697003
9,35,1,0,0,0,37.65908337225245
9,36,1,0,0,0,37.847300136662206
9,37,1,0,0,7,38.24935301904563
9,38,1,0,0,1,43.917140827488815
9,39,1,0,0,6,39.510904397145524
9,40,0,1,0,2,42.17650505035346
9,44,0,1,0,0,46.00182865776212
9,45,0,1,0,0,45.71442988872537
9,46,0,1,0,0,43.97469512758014
9,49,0,1,0,1,42.43438989297316
9,50,0,1,1,4,54.57663861122747
9,51,0,1,1,2,58.91796490636558
9,53,0,1,1,7,59.90541537940537
9,55,1,1,0,1,55.18663778152493
9,57,1,1,1,4,70.93892299816031
9,58,0,1,1,6,56.24597545825955
9,0,1,0,1,5,54.730726556230024
9,1,1,0,0,2,38.80403110157152
9,2,1,1,0,3,53.46155174573544
9,3,1,1,0,5,55.770153943590536
9,4,0,1,0,4,42.62172048195739
9,6,1,1,0,1,55.834780084283146
9,7,1,1,0,3,54.388444895381085
9,8,1,0,0,4,38.98573164705711
9,9,0,0,0,5,25.529522699096574
9,11,0,0,0,2,38.98839032234134
9,17,0,0,0,4,26.435281416096487
9,18,1,0,0,5,38.28372415353634
9,19,0,0,0,5,28.188468550669793
9,20,0,0,0,6,26.542771882837407
9,21,1,1,0,6,55.09508850326488
9,24,1,1,1,2,72.36146466864385
9,25,1,0,1,2,56.01700149155314
9,26,1,0,1,1,58.88499112027246
9,27,1,0,0,3,39.42237166156672
9,28,1,0,0,0,39.807139087219745
9,29,1,0,0,7,38.78032078683815
9,32,0,1,0,1,47.37299186006686
9,34,1,1,1,4,69.63580444078033
9,35,1,1,1,2,71.09799372220864
9,36,1,0,1,1,54.358051255558244
9,37,1,0,0,4,38.500936523708845
9,38,0,0,0,4,27.952714345670884
9,39,0,0,0,4,26.089408356221135
9,48,0,0,0,5,25.66570006526021
9,49,1,0,0,2,37.66245052456172
9,50,1,0,0,1,40.81249414755559
9,51,1,0,0,6,38.26204142478472
9,52,0,1,0,2,43.36279542363739
9,57,1,0,0,2,38.74394919919594
9,59,1,0,0,7,42.261242980977954
9,0,1,1,0,4,54.805476520287215
9,1,0,1,0,1,43.268441056526676
9,4,1,1,0,4,53.66066730070089
9,5,0,1,0,3,45.08278339477975
9,6,0,1,0,4,41.14436343495567
9,7,1,1,0,0,54.17560646278736
9,8,1,1,0,6,53.87346847912791
9,9,0,0,0,2,29.467364993393797
9,10,0,1,0,1,50.68253513454542
9,11,0,1,0,1,44.51521360126348
9,12,0,1,0,3,45.04362831156685
9,13,0,0,0,1,29.154505609576674
9,14,0,0,0,6,27.094235191162884
9,15,1,1,0,4,55.03536505859239
9,16,1,1,0,0,55.553758207658866
9,17,1,1,0,6,54.997580196050194
9,20,0,0,1,1,52.21541570850543
9,21,0,0,1,0,43.61579589309954
9,23,0,1,1,4,55.29462604814282
9,24,0,1,1,3,60.47799762338444
9,26,0,0,0,6,29.135327132405322
9,28,0,0,0,2,35.33725935597535
9,30,1,1,0,2,54.98728551911373
9,31,1,0,0,0,44.72823743525623
9,34,1,0,0,2,37.16698861805628
9,36,0,0,0,7,27.584211438489504
9,37,1,1,0,7,52.72173277651477
9,39,0,0,0,1,37.72434594876754
9,40,0,0,1,6,40.80126602664815
9,43,1,1,1,2,70.65618939879117
9,44,1,0,1,4,55.5313589634532
9,45,1,0,1,5,56.70252681773193
9,47,0,0,1,4,40.95846781043263
9,48,1,0,1,0,54.64537585406835
9,49,1,0,1,2,54.745423466913564
9,50,1,1,1,6,71.16472730144625
9,51,0,0,1,7,42.15268042919485
9,52,0,0,1,5,42.864807475873434
9,53,1,0,0,7,37.59831861343771
9,54,0,0,1,7,43.10671933854889
9,55,1,0,0,7,39.71396099920022
9,58,0,0,0,2,29.182431404176164
9,59,0,1,0,2,43.6059131340898
9,0,0,1,0,3,42.85857030901913
9,1,0,1,1,3,63.5544514891186
9,2,0,0,0,3,28.949496423374118
9,4,1,1,0,5,53.50250690229105
9,5,1,1,0,3,54.88959754838837
9,6,1,1,0,5,54.92620626761597
9,7,0,1,0,7,43.06685295164853
9,8,0,0,0,0,34.07044452950031
9,9,0,0,0,1,30.400633765396957
9,10,0,0,0,7,24.118028234242022
9,11,0,1,0,3,44.97596698996372
9,12,0,0,0,7,24.07989331135256
9,13,0,1,0,6,43.38584735454024
9,17,0,1,0,4,41.04718811180643
9,18,0,1,0,6,43.423030122974005
9,21,0,1,0,3,42.58660179386185
9,22,0,1,0,1,48.35691125175849
9,23,0,1,0,7,42.71301426848538
9,25,0,1,0,3,45.29709153206466
9,27,1,0,1,7,56.9039999029466
9,29,0,0,0,4,25.491867781805137
9,30,1,0,0,3,43.25483581851544
9,31,1,0,1,6,56.03222671793366
9,32,1,0,1,3,60.316953110591065
9,35,1,0,0,7,37.611418441513486
9,36,0,0,0,0,29.0417849638764
9,38,0,0,0,1,37.429381952752635
9,39,0,0,1,7,40.64992258610137
9,40,1,0,0,4,38.68241524821768
9,42,0,0,0,4,26.717992116934447
9,43,1,0,0,1,37.60772234477711
9,44,1,0,1,7,60.21911255219766
9,45,1,0,0,1,39.02702959089906
9,46,1,0,0,2,38.549633752165406
9,47,1,0,0,3,37.90771780171116
9,48,1,0,1,3,54.27252554788144
9,49,1,0,1,6,54.95109569449334
9,50,0,1,1,2,58.4434780938677
9,51,0,0,1,3,42.38532356792557
9,52,0,0,0,2,29.2518698068081
9,54,1,1,0,0,55.257511890315314
9,55,1,1,0,4,55.14803694701789
9,56,0,1,0,0,48.976550921027105
9,57,0,1,0,2,44.7529992693222
9,59,0,1,0,7,41.69938158433146
9,0,0,0,0,2,27.54887453230357
9,5,1,0,0,4,39.70672412644841
9,14,1,1,0,4,55.068562042873346
9,15,0,1,0,4,41.62240407844778
9,16,0,1,0,6,41.76997955033878
9,18,0,1,0,0,43.569786506284885
9,24,0,1,0,7,44.209747525955216
9,25,0,0,0,7,28.94534882364531
9,28,0,0,0,1,31.197780079358385
9,30,0,0,0,3,29.682900522913062
9,31,0,1,0,4,41.86403815623457
9,33,0,1,0,3,43.0173024623085
9,34,0,1,0,0,43.56851828331716
9,37,0,1,0,3,55.65700027758032
9,38,0,1,0,5,39.25425606049399
9,39,1,1,0,7,53.128785449245065
9,41,0,0,0,6,29.325810566981843
9,42,1,0,0,7,39.4563052290827
9,43,0,1,0,0,45.43102910676752
9,44,0,1,0,2,45.2786874477023
9,47,0,0,0,3,30.190587675720376
9,48,0,0,0,0,33.996275516422855
9,49,0,0,0,4,25.514338385932465
9,51,0,0,0,1,29.554827566880505
9,53,0,1,1,2,58.27821837264309
9,54,0,1,1,3,63.57853942490051
9,56,0,1,0,3,43.95951582812774
9,57,0,1,0,3,50.999637598385
9,59,1,1,0,4,54.75496608802928
9,2,0,1,0,0,47.134616363044074
9,3,0,1,0,0,49.36438760522586
9,4,0,1,0,1,46.90054644701692
9,5,0,1,0,6,42.5209034996474
9,6,0,0,0,1,31.16969922846552
9,7,0,0,0,2,30.159605463178732
9,9,0,0,0,7,28.10863308117792
9,11,1,0,0,4,38.72909826905549
9,13,1,0,0,6,39.81354056909137
9,14,0,1,0,2,44.5514751131581
9,15,0,1,0,2,51.448953197182206
9,16,0,1,0,7,44.157980314015475
9,17,1,0,0,7,36.6815622946244
9,18,1,0,0,0,39.62961066848992
9,20,1,0,0,7,39.24335857909884
9,23,0,0,1,2,44.82522678036093
9,24,0,0,1,3,44.144655856548624
9,27,1,1,0,4,54.91430875389322
9,32,1,0,0,0,39.82050180562827
9,33,1,0,0,5,38.298537539659804
9,34,0,0,0,4,25.261922573052647
9,35,1,0,0,1,37.862904397492336
9,36,1,0,0,6,37.300744708916135
9,38,0,0,0,3,29.760428172554583
9,45,0,1,0,4,40.02930612483954
9,46,1,1,0,7,53.60560263275155
9,47,0,0,0,6,24.795211114398352
9,48,0,0,0,3,26.88711680811765
9,49,0,1,0,3,42.36469495730532
9,51,1,0,0,1,40.31232890241452
9,52,1,0,0,5,39.50120408806754
9,53,1,0,0,6,37.083060366589216
9,55,0,0,0,3,27.892300348617063
9,57,0,0,1,2,42.339378507823724
9,58,0,0,1,6,41.781558442715216
9,59,1,0,1,1,57.55779317508447
9,0,1,0,0,3,39.098357988712245
9,5,0,1,0,0,45.04233475095623
9,6,0,1,0,6,42.9780508613828
9,9,0,0,1,3,45.28811244270091
9,10,0,1,0,0,44.4569521200399
9,11,0,1,0,0,51.809138724622606
9,13,0,1,0,5,43.24724446442404
9,14,0,1,1,6,54.34800466234115
9,15,0,0,1,5,40.7766209404347
9,16,0,0,0,0,27.71283423030332
9,19,1,0,0,5,38.837558821229564
9,20,0,0,0,5,26.797525398356626
9,23,0,1,0,6,43.244911134981606
9,24,0,1,0,0,47.51035106705911
9,26,0,1,0,6,41.01349010844533
9,27,0,0,0,7,31.212858063818484
9,28,0,1,1,1,59.518253794319214
9,29,0,1,0,2,44.22969905779135
9,30,0,0,0,4,27.011072975620998
9,31,1,0,0,5,39.7758067262335
9,32,0,0,1,2,42.616567723498974
9,34,0,1,1,0,57.74402031828524
9,35,0,1,1,6,54.414663364833565
9,36,0,1,1,2,58.44207051859634
9,37,0,1,1,1,62.27078288963943
9,38,0,1,1,2,59.24401587088693
9,41,0,0,0,4,25.573781499387856
9,42,0,0,0,2,28.76017851156471
9,43,0,0,0,5,28.693137736815345
9,45,0,0,0,1,31.230923786384984
9,48,0,0,0,7,26.14327128296443
9,49,0,0,0,7,27.31533484681457
9,50,0,1,0,6,42.5608641166433
9,53,1,1,0,0,54.31105476836102
9,54,1,1,0,4,54.17313531309027
9,55,0,1,0,5,42.23193069830385
9,56,0,1,0,1,42.43416964376091
9,57,0,1,1,5,56.62137151819415
9,58,0,1,1,4,55.864527494437915
9,0,0,1,1,7,58.16738955073811
9,1,1,1,0,3,53.82747760606308
9,2,1,1,0,0,54.18522895073211
9,3,1,1,0,7,54.21646790761436
9,4,1,1,0,7,54.90181642198407
9,6,0,1,0,5,44.78729096411958
9,11,0,0,1,6,43.6757278984272
9,12,0,0,1,7,43.97542840226907
9,14,0,1,1,0,59.59664572485498
9,15,0,1,1,5,57.23527816446273
9,16,0,1,0,3,44.556027541490806
9,18,1,0,0,7,37.9042913839919
9,20,0,1,0,4,40.07747758206155
9,23,0,0,0,1,28.114355235214813
9,24,0,0,1,5,43.9860584680047
9,25,1,0,0,0,42.470259204426654
9,26,1,0,0,2,40.09022186404576
9,27,1,1,0,1,54.87181947558449
9,29,1,1,0,0,56.33228000674032
9,30,1,1,0,6,54.23090922007608
9,31,1,1,0,7,54.17223002660029
9,33,1,0,1,7,54.24010091708866
9,34,0,0,1,1,45.310963341380685
9,37,1,1,0,3,53.69010133440679
9,39,1,0,0,3,46.17631357515656
9,40,1,0,1,4,54.92663157313899
9,41,1,0,1,3,55.25468891549982
9,42,1,1,0,4,53.595987203767635
9,43,1,1,0,3,54.401585787765846
9,45,1,1,0,5,54.15145543203814
9,46,1,1,1,5,71.43973806175126
9,47,0,1,1,5,57.09690662904187
9,49,0,1,0,0,49.70171894482152
9,50,0,1,0,1,42.83794952073106
9,51,0,1,0,0,48.917072261741055
9,52,0,1,0,5,42.853777361267696
9,53,0,1,0,6,41.59732631501286
9,54,1,0,0,7,38.59706660485301
9,55,0,1,0,3,50.91240940951978
9,56,0,1,1,4,55.10638986385713
9,57,0,1,1,2,58.42882649030248
9,58,0,0,1,3,43.38876996398549
9,59,0,1,0,4,41.09728754677767
9,1,0,1,0,7,41.52150702649899
9,2,0,1,1,2,60.66960564238442
9,3,0,0,1,0,49.61460199047541
9,4,0,0,1,7,43.717596849884444
9,5,1,0,0,7,39.905450491503146
9,6,1,0,0,7,39.509082719419816
9,8,1,1,0,3,54.00859651152082
9,9,1,0,0,2,38.81022184594559
9,10,1,1,0,5,54.833334658363334
9,11,1,1,1,1,72.20733663580067
9,12,1,1,0,1,55.6831134692122
9,13,1,1,0,5,54.85969375720185
9,14,1,1,0,2,55.34258140159355
9,16,1,1,0,3,55.143045246327674
9,18,1,0,0,4,38.45747995383269
9,21,0,0,0,2,27.50654339923062
9,22,0,1,0,5,40.677606655550285
9,26,0,0,1,7,41.47486711167322
9,27,0,0,0,2,29.971663936055343
9,30,0,1,0,7,42.334440531214725
9,32,0,1,1,3,65.68658954936745
9,34,0,0,0,2,30.117905406631618
9,36,1,1,0,4,53.22389537422269
9,37,0,1,0,1,43.40618704746723
9,38,0,1,0,2,43.43609021137993
9,39,0,1,0,7,39.88838604840338
9,40,1,0,0,6,37.72217077740865
9,42,0,0,0,1,33.32593549315561
9,45,0,1,1,2,58.70330074232537
9,46,0,1,1,3,63.55568046772795
9,48,0,1,0,2,50.89844138444632
9,50,1,0,1,2,55.27394435709811
9,51,1,0,1,6,53.99208296664714
9,52,0,1,1,7,57.95196183853386
9,53,0,0,1,6,42.32377327771119
9,54,0,0,1,0,44.6766059786223
9,55,0,0,1,2,45.238709886141855
9,56,0,1,1,2,58.52617925577783
9,58,0,1,1,0,59.61570477464354
9,59,0,1,1,7,55.842210872578875
9,2,1,1,1,7,71.13819264203961
9,3,1,0,0,4,39.259310012818425
9,4,0,0,0,7,29.95348215892326
9,9,1,0,0,5,39.29783886977239
9,12,1,1,0,5,54.71988656877981
9,13,0,1,0,0,44.64095499117165
9,14,0,1,0,3,54.05357277756242
9,15,0,0,0,2,28.23570341483443
9,21,1,1,0,4,55.19355778281711
9,24,1,0,1,3,55.52684824937532
9,25,1,1,0,2,56.153048751855614
9,26,1,0,0,7,39.66478483554395
9,30,0,0,0,7,28.09114848663702
9,32,1,1,0,3,60.97006228487145
9,34,0,1,0,5,40.67868599788534
9,35,1,1,0,0,52.29101047685843
9,36,1,1,0,3,53.482270638243556
9,38,1,0,0,2,39.28303282567336
9,39,1,0,0,0,38.550832791137786
9,43,1,0,0,4,37.712801118634275
9,49,0,0,0,6,24.6590269281635
9,53,0,0,0,6,25.753420947266715
9,57,0,0,0,5,25.029380888564184
9,59,1,0,0,1,39.21332665300572
9,0,1,0,0,6,38.274066718997545
9,2,0,0,0,1,29.025194269652296
9,3,0,0,0,1,30.641350365153922
9,6,0,0,1,2,44.373099009113794
9,7,0,0,1,4,42.00222815881377
9,8,1,0,1,0,55.98261097750949
9,9,1,0,1,3,56.51306843799714
9,10,1,0,0,6,37.842718164729874
9,13,0,0,1,4,41.34519407607251
9,14,1,0,1,7,55.493396476552846
9,15,0,1,0,5,42.9201224835531
9,16,1,1,0,2,55.48433160608234
9,17,1,1,0,1,54.962734708795224
9,18,1,1,1,7,70.73648673916703
9,19,0,1,0,0,48.569517488685555
9,20,0,1,0,2,43.380166603827206
9,21,0,1,0,4,41.605196771840546
9,22,1,1,0,2,55.535067101404834
9,24,1,1,1,0,72.5650688974255
9,25,1,1,1,4,72.41516614315822
9,26,0,1,1,0,62.906723771316024
9,27,0,1,1,4,57.77158263065405
9,28,1,1,1,7,78.55577367035558
9,29,0,1,0,7,46.719565794208705
9,31,0,0,0,4,26.83787765430309
9,33,0,0,0,7,26.197842385542682
9,34,1,1,1,6,69.61179791648789
9,35,0,0,1,7,40.030319868964945
9,37,0,0,0,1,28.226180549562002
9,40,1,0,1,1,58.857269666734204
9,41,1,0,0,4,38.89872970339865
9,43,0,0,0,1,31.855489314287244
9,46,0,1,0,7,42.306712322457294
9,51,0,0,0,4,25.053960766874287
9,52,0,0,0,0,27.1082091948864
9,53,0,0,0,4,26.217954324826298
9,54,0,0,0,7,26.87918714721825
9,55,0,1,0,2,44.40927495524743
9,58,1,0,0,5,38.34342127589072
9,59,1,0,0,4,38.866239907095604
9,0,0,0,0,7,25.228529770515426
9,1,0,0,0,7,27.947540241649293
9,2,0,1,0,5,43.17653205262026
9,3,1,1,0,0,54.70999782569821
9,4,1,1,0,0,55.99511173976444
9,6,1,0,1,4,55.22372813699076
9,7,0,0,1,7,44.580539774340714
9,8,0,0,1,2,44.871730851440496
9,10,0,0,1,6,42.768366901264095
9,11,0,0,1,4,41.97821728684119
9,12,1,0,1,2,56.3754896663792
9,13,1,0,1,2,55.81348942507748
9,14,1,0,1,3,55.674849081191546
9,16,1,1,1,7,76.25890443824922
9,17,1,1,0,4,54.78942222747281
9,18,1,1,0,4,54.49000134561535
9,19,0,1,0,7,43.292017050232
9,20,0,0,0,3,27.483788631171375
9,22,0,0,0,0,27.700771169591114
9,25,0,1,1,4,57.825209596781676
9,26,1,1,1,5,72.68603342802571
9,29,0,1,1,1,58.25509764886117
9,35,1,0,1,3,53.44278090306997
9,36,1,1,0,5,53.12231966548139
9,37,0,1,1,2,59.42348788794729
9,38,0,1,1,4,53.896993789192216
9,39,0,1,1,1,59.225329534151385
9,43,1,1,0,4,54.58037224189704
9,45,0,1,1,0,59.95879855905158
9,46,0,1,1,2,59.933954164237406
9,47,0,0,1,6,43.37464606385403
9,48,1,0,1,5,54.42387286758269
9,51,0,0,0,7,28.24950801589201
9,52,0,0,0,5,25.185259802893754
9,53,0,0,1,3,44.072612968650965
9,57,1,0,0,0,39.88051815479628
9,0,0,1,0,4,39.949922576313675
9,2,0,1,0,4,43.0129975644497
9,3,0,1,0,7,43.37207315145621
9,6,1,1,1,6,70.79396158993914
9,7,1,1,1,0,70.20506963920748
9,8,1,1,1,1,70.2915614874085
9,9,1,1,0,5,54.496356080641625
9,10,1,1,0,6,54.375155621216436
9,12,0,1,0,0,45.60007700965882
9,15,0,1,0,6,41.12248416377609
9,20,0,0,1,4,42.25161516214139
9,21,0,0,1,2,43.13460479536849
9,22,0,0,1,7,43.83648176691709
9,26,0,1,0,7,43.242571614347554
9,28,1,0,0,5,40.75211065647509
9,30,1,0,1,6,55.81855812929281
9,31,0,0,1,7,41.305167599219395
9,32,0,1,0,7,42.428348597482035
9,33,0,1,1,0,58.89924452454495
9,34,0,1,1,7,57.379304276691634
9,35,1,0,0,5,37.6347282739325
9,38,0,1,0,1,44.85872355888682
9,39,0,1,0,6,43.118678104231904
9,41,1,0,0,5,38.5452858772955
9,44,0,0,0,4,27.2617726802121
9,50,0,0,0,4,24.843112194090246
9,53,0,0,0,0,27.250478874925605
9,54,0,0,0,5,25.087155584530443
9,57,0,0,1,3,42.33147161633711
9,58,0,0,0,1,29.491206887009106
9,0,0,1,0,5,41.01385733249729
9,1,1,1,1,6,72.6469656165532
9,2,0,1,1,7,60.00317097358605
9,5,0,1,0,7,41.21717013961994
9,6,1,0,0,0,39.53576909453121
9,7,1,0,0,1,39.732328440520284
9,8,1,0,0,3,39.535780236269105
9,9,1,0,1,2,55.565828564446925
9,10,1,1,1,0,72.01450547102036
9,11,1,1,1,0,71.8873717035474
9,12,1,1,1,5,71.12679185204306
9,13,0,1,1,5,59.61148806365503
9,18,1,1,0,3,59.54600850186862
9,19,1,1,0,3,54.22639260040773
9,20,1,0,1,3,56.24336114013222
9,21,1,1,1,6,72.3946395234347
9,22,0,1,1,3,60.13770119591499
9,23,0,0,1,1,51.255958225539615
9,25,0,0,0,3,29.219744114008428
9,28,0,1,0,6,43.09658644894195
9,29,0,0,0,2,29.053803561804553
9,31,1,1,0,5,54.507902156980954
9,34,0,1,0,7,42.555030462275504
9,35,0,0,0,2,30.261548809947826
9,37,0,0,0,7,24.1440129938744
9,41,0,1,0,4,39.91456772547467
9,42,0,1,0,0,49.3699474819134
9,43,0,1,0,1,45.491421548963615
9,51,0,0,0,0,27.209520484088927
9,54,0,1,0,3,52.66096514200477
9,55,0,1,0,7,42.488739742469896
9,56,0,0,0,7,25.14573287494083
9,58,1,1,1,5,70.99325232347769
9,1,0,1,1,6,59.19052517393581
9,5,1,1,0,5,54.66105685090198
9,7,0,1,0,6,42.14340427600734
9,8,0,0,0,1,30.514037463185392
9,12,0,1,1,3,70.51120889732086
9,14,0,1,0,6,41.94441641031939
9,16,0,0,0,7,27.14502519407173
9,17,0,0,0,6,25.58294545266878
9,19,1,1,0,6,53.52993935472999
9,20,1,1,0,4,54.30313334828892
9,21,1,1,0,5,56.0927562602365
9,23,0,1,1,1,58.98968906873513
9,24,0,1,0,6,42.672477402909955
9,31,0,0,0,3,38.43840807896678
9,33,0,1,0,6,41.01345004357045
9,34,0,1,0,3,57.82570219432753
9,35,0,0,0,0,39.26542002843885
9,36,0,0,0,4,25.74277970062493
9,38,1,0,1,1,56.59547050905796
9,40,1,0,0,2,37.832545624362616
9,41,1,1,0,0,54.22617213136591
9,42,1,1,0,6,53.7037385538694
9,44,0,1,0,5,42.356038938345066
9,47,0,1,0,2,43.433114954224145
9,55,0,0,0,6,25.729121427181205
9,57,0,0,0,4,26.686659402971642
9,1,0,1,0,4,39.57968706770343
9,4,0,1,0,7,40.49193713653939
9,5,1,0,0,6,37.872090231143275
9,8,1,0,0,5,40.081396920516546
9,9,0,0,1,7,43.67660238687838
9,12,0,0,0,1,28.86054796954403
9,14,0,1,1,1,60.427227218325484
9,16,0,1,0,5,41.13785357355317
9,17,1,1,0,0,55.354962395213974
9,18,1,1,0,1,54.90686470454059
9,22,0,0,1,0,43.8452847972869
9,23,0,0,1,5,44.50700973756094
9,25,1,0,0,4,39.83246996957807
9,26,0,0,0,1,30.121374354305356
9,28,0,0,1,3,43.87926843523396
9,33,1,0,0,4,38.12189353681782
9,36,1,0,0,3,38.78078537483621
9,38,1,0,1,3,56.22094852404001
9,39,1,0,0,1,38.5505659833853
9,40,1,0,0,3,38.246511194359016
9,41,1,0,0,7,38.948314647663196
9,43,0,0,1,2,45.476908460545154
9,44,0,0,1,5,43.33360520233929
9,45,0,0,1,5,43.17584030884812
9,46,1,0,0,7,38.37367986931226
9,48,0,0,0,6,27.01677657058132
9,49,1,0,0,3,38.16026678850013
9,51,0,0,0,3,37.99074879632864
9,53,0,0,0,1,28.261992419617854
9,54,0,0,1,4,40.34949473056863
9,55,1,0,1,2,55.33561893155093
9,56,1,1,1,3,71.39505491922019
9,58,1,1,0,1,54.03847753673573
9,59,1,1,1,3,70.80328486260284
9,0,1,0,0,7,39.335443161183385
9,2,0,1,0,2,44.31488316727804
9,4,0,0,1,0,46.296225076364195
9,5,0,0,1,4,43.02731239322714
9,13,1,0,0,5,39.85926734505631
9,14,0,0,0,3,28.721593872935703
9,15,0,1,0,3,42.901204315112516
9,16,0,1,0,4,41.33923057574366
9,17,0,1,0,7,43.23956277516902
9,21,0,0,0,4,25.776977315866347
9,27,0,1,0,6,44.70156517933327
9,28,0,1,0,4,40.45245191762828
9,30,0,1,1,2,59.50073288203299
9,31,0,1,1,2,58.02215419243127
9,32,0,0,1,0,43.91543393049
9,33,0,0,1,0,41.68618395098638
9,36,0,1,0,0,51.22046244414659
9,37,0,1,0,7,42.45164738109093
9,38,1,0,0,0,39.71669244179488
9,40,1,0,0,7,37.19739304544654
9,44,0,0,1,0,45.57027848589778
9,45,0,0,1,4,42.311309451863124
9,46,0,0,1,1,49.48270304728966
9,49,0,0,1,0,48.36001733720445
9,51,0,0,1,5,41.23013914708141
9,57,1,1,1,7,70.37040630778915
9,1,0,0,0,3,26.430108958796943
9,2,0,1,0,6,40.73740131799064
9,3,1,0,0,2,39.64379239363679
9,4,1,0,0,0,39.76639022048101
9,5,1,0,0,2,40.10463939504607
9,6,1,1,0,7,53.282570174095014
9,9,1,0,0,3,40.016835181020504
9,13,0,0,0,0,29.124852355418252
9,18,0,0,0,6,27.35612524023375
9,19,0,0,0,2,28.862964791935404
9,20,0,1,0,3,50.684984329967456
9,21,0,1,1,2,59.08962157801947
9,25,1,0,1,5,56.12320993154661
9,27,0,0,1,2,44.24959986158979
9,28,0,1,1,6,55.3307411274924
9,30,0,1,0,0,44.25113919594011
9,35,0,0,0,7,26.77813604768174
9,36,0,1,0,3,43.812665394840565
9,38,0,0,0,0,29.28792977528878
9,40,0,0,0,1,37.9050767147361
9,43,0,0,0,7,27.33744801990541
9,45,0,0,0,2,28.771442785033237
9,52,1,1,1,5,70.25432588281845
9,53,0,1,1,4,53.64347217619008
9,54,0,1,1,0,60.281694173543166
9,55,0,1,1,0,60.484766499152315
9,56,0,1,1,7,59.01634074806185
9,57,1,0,0,4,39.21565838903451
9,58,1,0,0,6,38.76948443468047
9,8,0,1,0,3,52.7205790629561
9,12,1,0,0,4,39.91087971770537
9,15,0,0,0,3,28.20866687436949
9,19,0,1,0,1,43.28125088639751
9,21,0,1,0,7,41.45116529777819
9,23,0,0,0,0,31.989775308926294
9,24,0,0,0,2,28.4329257428725
9,26,1,1,0,5,55.57424683781123
9,27,0,1,0,5,43.2761860669713
9,28,1,1,0,4,54.955849536180644
9,29,1,1,0,3,60.00070399987245
9,35,0,0,0,1,32.198967822774094
9,37,1,1,0,6,52.811001426674196
9,41,1,0,0,2,38.45113757827286
9,42,1,0,0,2,36.50279177619522
9,43,1,1,0,7,54.424106974340035
9,45,0,0,0,4,27.57319291696015
9,47,1,0,0,4,37.75392813940565
9,48,0,0,0,2,26.979798566510034
9,49,0,1,0,4,41.19050282306455
9,50,1,1,0,3,52.85931394861581
9,51,1,0,1,3,54.20143328530223
9,55,0,1,0,4,39.670187648208234
9,56,0,1,0,2,44.09250636925611
9,58,0,1,0,2,42.59710125330032
9,0,0,0,0,1,27.792005140795215
9,4,1,0,0,6,39.20364760604997
9,7,0,0,0,1,35.24210319042186
9,8,0,0,0,5,29.36754395408667
9,10,1,0,0,1,40.482075407645745
9,12,1,0,0,6,43.35655808870843
9,14,0,0,1,2,45.27208511187183
9,18,0,1,0,2,43.610349608992685
9,19,0,1,0,2,43.16389374545944
9,23,1,1,1,6,71.83375519248597
9,26,0,1,0,5,41.0779937694174
9,29,0,1,0,5,42.382800678393785
9,30,0,1,0,5,41.868396403124784
9,31,1,1,0,4,53.837602333359285
9,32,0,1,0,4,40.01781883226934
9,37,1,0,0,6,40.094457766683625
9,38,0,0,0,7,27.877568860140556
9,39,0,0,1,2,44.312439995302746
9,40,0,1,1,7,57.89627973316671
9,44,0,0,0,6,27.527760070141788
9,48,0,0,1,4,41.74049079970478
9,50,0,0,0,0,37.40462735502
9,56,0,0,0,6,25.030357207932028
9,57,1,0,0,7,39.51458626085185
9,0,1,0,0,4,39.26381017589839
9,4,0,0,0,0,32.232374884304626
9,6,0,1,0,1,45.296526370234176
9,9,0,0,0,0,30.114192322757322
9,13,0,0,0,5,27.750054799178606
9,14,1,0,0,5,38.76222251321107
9,16,1,0,0,0,39.131886461752266
9,17,1,0,0,4,39.56018453941141
9,18,1,0,0,2,38.208012714510815
9,22,1,0,0,6,37.270532570132836
9,25,0,0,0,4,27.01051183757025
9,28,1,0,0,1,39.41213216213799
9,32,0,1,0,3,44.66615477988019
9,33,0,0,0,6,23.10389942236413
9,35,0,1,0,5,40.94566909456296
9,36,1,1,0,7,52.96837608957044
9,41,0,0,1,3,52.66286037318135
9,44,0,1,1,7,56.28179566643968
9,46,1,1,0,6,53.060799142704745
9,47,0,0,0,2,33.6437060167645
9,52,1,0,1,0,54.64084110387689
9,53,1,0,1,7,55.37697762573973
9,54,0,1,1,6,58.34454184338606
9,56,0,1,1,3,58.747330581711395
9,58,0,1,0,6,42.129774855139814
9,59,1,1,0,6,54.67105116850161
9,3,1,1,0,4,54.891044082193794
9,6,0,1,0,3,47.141264545373474
9,12,1,0,0,0,40.01596042100442
9,13,1,0,0,0,39.88143793928648
9,15,1,0,0,6,39.92971245812674
9,19,1,1,0,5,53.90826193327454
9,27,0,1,0,7,43.47214838204253
9,31,0,1,0,1,45.403634596535476
9,34,0,1,1,6,56.32841516885755
9,35,0,1,1,5,57.434767993987286
9,36,0,1,0,1,43.843241635311294
9,40,0,1,0,6,42.5208743513578
9,42,1,0,0,5,36.9245555855361
9,48,1,1,0,3,53.30725244536562
9,49,1,0,0,4,38.52183922028621
9,54,1,1,0,2,55.439237586187275
9,55,1,1,0,5,55.046862322696384
9,57,0,1,0,7,44.550633813499104
9,59,1,0,0,0,39.2280421242192
9,4,0,1,0,5,42.90512442168666
9,5,0,1,0,2,45.11693712559733
9,12,1,0,0,2,39.8576579926822
9,17,0,0,1,6,42.44862131820021
9,18,1,1,1,0,71.71031433163168
9,19,1,1,1,6,71.14209348213932
9,20,0,1,1,5,57.331249441650044
9,21,1,1,0,2,55.106380174579485
9,22,1,0,0,0,39.33616638330593
9,23,1,0,0,7,38.72241822542111
9,34,1,0,1,3,54.40313658216419
9,35,1,1,0,4,51.899218257423186
9,39,0,1,0,1,45.01483673919536
9,40,0,1,0,4,41.821631645471776
9,41,0,1,0,5,42.54995346699555
9,45,0,1,1,1,65.37539270083364
9,48,0,0,1,5,40.58833176252007
9,49,0,0,0,2,27.81420480327631
9,50,0,1,0,4,41.28767809032966
9,53,0,0,1,0,47.10274456481287
9,55,0,0,1,4,42.71153490959922
9,56,0,0,1,1,47.93271921081721
9,3,1,0,0,7,38.81357601703069
9,4,0,0,1,6,44.404296375522385
9,5,0,1,1,4,55.75816032110654
9,6,0,1,1,5,56.93473245007702
9,7,0,1,0,1,50.30321716970407
9,11,0,1,0,6,43.70872287571035
9,14,0,1,0,1,44.01261661989756
9,15,0,1,1,0,59.79020863777062
9,19,1,0,0,3,39.112367656764796
9,20,1,1,1,3,71.40026883487234
9,21,1,1,0,7,54.379473727905015
9,26,1,1,0,4,55.352374720188955
9,28,0,0,1,0,44.65833876689958
9,29,0,0,1,5,45.254728296335884
9,30,1,0,0,1,39.95348047980008
9,32,1,0,1,4,55.647492607739935
9,34,0,0,1,3,57.70743006664349
9,40,0,1,0,1,54.029213429733886
9,43,0,1,0,7,41.22571754606741
9,44,1,1,0,2,54.58507477217946
9,48,0,0,1,3,43.40579551122971
9,49,0,0,1,2,43.24793432730173
9,50,0,0,1,7,42.100966882945606
9,51,1,1,0,4,53.046830810766885
9,56,0,1,0,5,41.85495699046712
9,57,0,1,1,4,55.559589536524804
9,0,0,1,1,5,56.23162890986629
9,6,0,0,1,4,41.58244353145176
9,7,1,0,1,5,55.25126194144758
9,8,1,0,1,1,55.80281839493146
9,9,1,0,0,1,39.997843027667905
9,12,1,0,1,3,56.53567639086063
9,14,1,0,0,0,39.81258923445748
9,16,1,0,0,5,38.744863027168606
9,22,0,1,0,0,43.257459145795174
9,23,0,1,0,4,41.92520509858905
9,24,0,1,0,4,42.41155127495756
9,25,0,1,0,0,49.17204934387904
9,29,1,1,0,1,56.78061143783288
9,37,1,1,0,2,56.184009372837785
9,40,1,0,0,1,39.125726568707904
9,41,1,0,0,3,38.50616547262269
9,46,0,0,0,5,26.541229594884594
9,47,0,0,1,2,43.333007541141114
9,48,0,1,1,2,60.169234716301034
9,49,0,0,1,5,43.13498717354695
9,51,1,0,1,1,56.23472448482101
9,52,1,0,0,0,38.102983538576176
9,54,1,0,0,5,38.53874340937438
9,57,1,1,0,2,59.23880010882484
9,58,1,1,0,2,54.55672420657195
9,4,1,1,0,1,54.027818362670224
9,5,1,1,0,4,54.26035142773456
9,6,0,1,0,0,45.15030135004124
9,8,0,0,0,3,31.40552290846128
9,14,0,0,0,0,29.79913104189696
9,15,0,0,0,0,28.613234965548042
9,17,1,1,0,7,54.5530488628266
9,18,0,0,0,0,28.203742810631393
9,21,0,0,1,7,43.254475704504735
9,22,1,0,0,2,40.69673247962977
9,24,1,0,1,0,55.91992435081814
9,26,1,0,1,3,57.77241399203249
9,27,1,0,0,7,40.15988750452115
9,28,0,1,0,7,44.94510618395619
9,29,0,1,1,6,57.112588959453944
9,30,0,1,1,0,59.53151649745613
9,31,0,1,1,0,59.048361912276896
9,32,0,1,1,7,57.241673085290714
9,33,0,0,0,2,30.714054473644115
9,37,0,0,1,7,43.56105080510461
9,42,1,0,0,0,37.72134141035437
9,43,1,0,0,3,37.560620673643236
9,48,1,0,0,5,37.29058922932114
9,55,0,1,1,1,60.572340575354794
9,1,0,0,1,3,44.25779346656578
9,5,1,1,0,1,54.84661318765089
9,6,1,1,1,3,71.09603849255396
9,8,1,1,1,5,69.8433729803814
9,9,1,1,0,0,54.51582275583779
9,10,1,1,0,0,56.914757140091986
9,11,1,1,0,0,55.02666104979429
9,12,1,1,0,4,54.97883856564796
9,15,1,1,1,6,72.93242938794442
9,16,0,0,1,0,44.352785712965236
9,18,0,1,1,5,59.35360978453599
9,21,0,1,0,2,42.74171203551504
9,24,0,0,0,1,36.321931199794555
9,25,0,0,0,6,27.493400402645992
9,27,1,0,0,2,39.74832635755936
9,28,1,0,0,4,39.2730599843937
9,30,0,1,0,1,44.21958096716905
9,31,0,1,1,5,57.41145075100187
9,33,1,1,0,1,54.15670431502943
9,34,1,1,0,0,53.44039325383141
9,35,1,1,0,7,51.7683306242478
9,39,0,1,1,7,57.24662170704443
9,45,0,0,1,1,46.65294190909811
9,48,1,0,0,1,37.993335877106254
9,49,1,0,1,4,55.0750352951141
9,51,1,0,1,7,53.93647069558103
9,52,0,0,1,3,42.83854013491663
9,59,0,0,1,6,42.81656180720453
9,0,1,0,1,2,55.95791801962279
9,1,1,0,1,1,56.361718752530045
9,2,1,0,0,5,39.636288603571245
9,3,0,0,0,4,26.241653837599625
9,12,0,1,0,5,44.6489357164768
9,13,0,1,1,1,60.321579147341176
9,14,0,1,1,3,69.18208845109885
9,15,0,0,1,4,41.415680061721865
9,18,0,0,1,7,44.76774593308989
9,19,1,1,0,2,54.19424924813496
9,20,1,0,0,5,42.588894472738325
9,26,0,1,1,4,57.213880322670384
9,27,1,1,1,2,73.74612545090312
9,28,1,0,1,4,56.09477609501456
9,29,0,0,1,3,45.18271365963283
9,30,0,0,1,7,43.25963286693616
9,34,1,0,0,7,37.05148452906389
9,37,0,1,1,6,56.9418584177364
9,38,0,1,1,3,58.7059776674685
9,39,0,0,0,5,25.85022925052342
9,42,0,1,0,2,45.095147787589994
9,44,1,0,0,2,38.077278841685334
9,48,1,0,0,3,37.74528717524999
9,52,0,1,0,4,40.83666326809507
9,53,1,1,0,5,54.20785469715856
9,57,0,1,0,6,42.14854771525773
9,2,1,0,0,1,39.50006492432036
9,3,1,0,0,0,39.14083321750366
9,6,1,0,0,6,39.15352352016304
9,9,1,1,0,2,55.34254732366465
9,10,1,0,0,4,40.03414285805786
9,11,1,0,0,3,40.14367763122434
9,13,1,0,0,1,43.86465587915377
9,14,1,0,1,4,55.60611220221977
9,15,0,0,1,3,44.25008441784499
9,20,0,1,0,7,44.62537278426802
9,24,0,0,1,6,42.546709481683465
9,25,0,1,1,1,66.58290999677013
9,26,0,1,0,0,44.470665806355484
9,27,0,1,0,2,47.016285426765364
9,32,0,0,1,7,42.43252331064859
9,35,1,0,1,0,53.76879608242699
9,36,1,0,1,0,54.34620229555441
9,37,1,0,1,7,54.35494432521236
9,39,0,0,0,0,28.730864995089053
9,41,0,1,0,2,43.358020779466095
9,46,1,1,0,1,53.89742296050818
9,47,1,1,1,5,70.06646497739578
9,52,0,0,0,7,26.90860876612648
9,53,0,1,1,5,56.296232059706085
9,58,0,1,0,4,42.79871623476453
9,2,1,1,0,6,54.05158822580905
9,4,0,0,0,3,31.611712450027802
9,6,0,1,1,3,70.25883752880226
9,8,1,0,0,7,39.70629637029831
9,9,0,0,1,1,49.63008747461113
9,12,0,0,0,4,26.473472441035778
9,16,1,0,0,6,39.024289934725694
9,17,1,1,0,5,54.99718158766835
9,18,1,1,0,5,54.905958341371
9,19,1,1,1,1,72.20211345025851
9,26,1,1,1,4,73.10266644737244
9,27,0,1,1,6,56.95765536978462
9,28,0,1,1,2,60.63413602764926
9,29,0,0,1,0,49.186057486596084
9,33,1,0,0,2,37.971332202649755
9,34,1,0,0,1,39.23844614280563
9,35,1,0,0,4,37.66421788086844
9,42,1,1,0,1,53.93912519215474
9,43,1,1,0,2,54.64760943796528
9,44,1,0,0,5,38.065144278052976
9,48,0,1,0,1,42.84670252834978
9,49,0,1,0,2,42.43232369316854
9,50,0,1,0,0,42.66000830957216
9,51,0,1,0,5,42.06190264842017
9,52,1,1,1,0,70.68298820936633
9,53,1,1,1,3,71.35357411889254
9,54,1,0,1,1,55.50944064863154
9,55,1,0,0,2,37.991131223642604
9,56,1,0,0,2,39.4725956685022
9,57,1,1,0,5,54.195811513955455
9,58,1,1,0,7,54.29274340977733
9,3,1,1,1,6,71.3779326863214
9,4,0,0,1,5,44.31572638839743
9,10,0,0,0,5,28.943973216947583
9,14,0,0,0,5,25.911914725747124
9,16,1,0,0,1,41.46831550919691
9,19,0,0,1,3,54.02189779946148
9,21,0,1,0,1,47.85708433942364
9,23,0,1,1,7,58.377888741324504
9,30,0,0,0,1,29.35453790397985
9,36,1,0,0,1,42.736091002928774
9,41,0,0,1,2,46.58834027703719
9,42,0,1,1,1,66.09284624347832
9,43,0,1,1,4,53.69728280778581
9,44,0,1,1,0,60.27633776647102
9,45,0,1,1,3,60.61300608144339
9,46,0,1,1,4,55.421037363188425
9,47,1,1,1,4,70.61351815565241
9,51,1,0,0,7,38.172216634363245
9,0,0,0,0,4,25.23487201302225
9,2,1,1,0,2,55.163059821502095
9,4,1,0,0,4,39.77398695669112
9,5,0,0,0,5,27.197945389983374
9,12,0,1,0,4,41.220393100254725
9,13,0,1,0,7,43.796185333432184
9,16,0,0,0,6,25.668260994870543
9,25,0,1,1,3,61.457451956642785
9,32,0,0,0,0,30.17462604375532
9,34,1,0,0,3,37.22066766585703
9,35,1,1,0,6,52.17512629559966
9,41,0,1,1,4,55.16123872486021
9,44,0,0,0,5,26.033809755161315
9,45,1,0,0,6,36.050246199350646
9,47,0,0,1,0,46.46548191828654
9,48,0,0,1,1,48.635268940825284
9,50,1,1,0,2,58.58334610936089
9,52,1,1,0,3,53.25675250310193
9,53,1,1,0,4,54.25633498160007
9,55,1,1,0,6,54.26594370849661
9,57,0,1,0,4,41.573231886805175
9,0,1,1,0,2,54.31192868887718
9,2,1,0,1,5,56.312976064765245
9,4,1,0,0,3,39.40554937597649
9,8,0,1,0,0,43.99261361661902
9,10,1,0,0,0,40.4418826585333
9,14,1,1,0,5,55.31779770444525
9,15,1,1,1,3,75.79591634065272
9,21,0,0,1,5,41.6801762542092
9,26,1,1,1,7,73.4152320762131
9,30,1,1,0,3,55.4406076187892
9,31,1,0,1,3,60.62302067942597
9,32,1,1,0,5,54.94460437128028
9,38,0,0,0,6,30.416356165233193
9,39,1,1,0,2,53.65546544580603
9,41,1,0,0,6,38.07162128305735
9,59,0,0,0,3,26.869256215185068
9,5,0,0,1,3,44.484184154080815
9,6,0,0,1,3,46.2387965483777
9,7,0,1,0,5,41.95231018639237
9,9,1,1,1,6,71.1913119485634
9,10,0,1,1,4,55.43058230918827
9,11,1,1,1,6,72.12871639263125
9,13,0,1,1,2,60.12362335885207
9,14,0,0,1,1,45.60283536839148
9,16,1,1,0,6,54.470032796011694
9,17,0,1,0,0,43.97545885080453
9,18,0,1,0,3,43.6788780908865
9,19,0,0,1,2,44.89734196636173
9,20,0,1,1,4,57.62125476665834
9,21,1,1,1,3,75.71467001903358
9,22,1,1,0,7,55.46773910223298
9,24,1,0,0,0,39.878724413750135
9,32,1,1,0,0,55.20079460965741
9,33,1,1,0,0,54.067145325229205
9,34,1,1,0,1,53.38000525200078
9,35,1,1,0,1,52.26184355318831
9,36,1,1,1,5,70.6338339442634
9,38,0,1,0,6,40.48472237877857
9,41,0,1,0,0,43.38902932849803
9,42,0,1,0,4,40.46639933430788
9,45,1,0,0,7,38.81975888641119
9,58,0,1,0,0,44.16431764336027
9,0,0,1,0,1,43.28222779049049
9,1,0,1,0,5,39.53822199641879
9,6,0,0,1,5,43.52701675277252
9,8,1,0,1,5,55.503882687499626
9,9,1,0,1,5,55.357062198598996
9,12,0,1,0,1,51.728069674144365
9,14,0,1,0,4,41.8279902878545
9,21,1,0,0,7,39.025653947385294
9,23,0,0,1,3,44.20773170952851
9,24,0,1,1,5,59.10046158541785
9,27,0,1,0,0,46.02788335039494
9,30,1,1,1,7,71.68373351418964
9,32,0,1,1,6,57.19028124518979
9,33,0,1,1,2,58.776487684182065
9,35,0,0,1,1,44.10439379030558
9,37,0,0,0,4,24.79840177826518
9,39,1,0,0,2,37.65812091769123
9,40,1,0,0,5,37.267249530946195
9,46,0,0,1,2,44.20677294744995
9,47,0,0,1,3,43.825907323351686
9,48,0,1,1,5,56.225552049715446
9,49,1,1,0,7,52.87123735502215
9,54,0,0,0,4,26.653273437432027
9,57,1,0,0,3,38.97262227330719
9,58,1,0,0,0,38.996334698164304
9,0,1,0,1,1,59.18224835952132
9,7,0,1,1,7,58.47931260601141
9,8,0,1,0,6,43.14216232086671
9,9,1,0,0,4,39.93083297098349
9,21,1,0,1,7,56.43501215079529
9,22,1,1,0,6,55.521655836082004
9,26,0,0,0,0,34.12350529423481
9,28,0,0,0,5,28.673227762031722
9,36,0,0,1,3,52.37895782909231
9,38,0,1,0,4,42.245415689119454
9,43,1,1,0,6,54.51479362422734
9,45,0,1,0,5,43.54325340059094
9,46,0,1,0,5,41.82832630376305
9,53,1,0,1,5,55.048448181482776
9,56,1,1,1,7,71.23475472880463
9,57,0,0,0,3,26.97653696705366
9,4,0,1,0,0,45.77860509307465
9,5,0,1,0,5,42.55905183932039
9,10,0,0,0,2,28.92927023795796
9,11,0,1,0,4,41.92378116033053
9,12,0,1,0,7,38.671868671281636
9,13,1,1,0,3,54.64265089684093
9,14,1,1,1,1,72.69777568638699
9,19,0,1,0,6,43.01613099415104
9,23,1,0,0,6,39.160362585649295
9,24,0,0,0,5,27.428018807191936
9,28,1,1,0,2,54.949274841203575
9,31,1,1,0,0,55.13005954029208
9,32,1,1,0,1,54.80887317063891
9,33,1,1,0,3,55.05218555340358
9,37,1,0,0,1,38.49984155470967
9,47,1,1,0,5,53.177336122557755
9,59,0,1,0,0,43.60098046391039
9,11,0,1,0,5,41.0616282667052
9,13,0,1,0,3,51.36234591193728
9,15,0,1,0,7,42.87041120709629
9,16,1,1,0,1,60.54708935119929
9,18,0,1,0,4,41.65663935869039
9,19,1,1,0,0,54.37549054003661
9,21,1,0,0,3,38.72127835264142
9,23,1,1,0,6,55.44972379176049
9,26,1,0,0,5,39.140587056249494
9,27,1,0,0,5,40.52580455253249
9,35,0,1,0,4,39.70488683658542
9,41,1,1,0,5,54.18551272289799
9,42,0,1,1,4,54.774615924207275
9,43,0,1,1,3,59.424280848519125
9,46,0,0,0,2,33.1521851002843
9,55,1,1,0,3,55.001524702042005
9,56,1,1,0,3,62.11843136894709
9,57,1,0,1,7,55.58294736839115
9,6,0,1,1,2,58.05172585227283
9,8,0,0,1,4,41.381487734643336
9,9,1,0,1,0,55.866867333761036
9,10,1,0,1,5,55.98867946680819
9,19,0,0,0,6,26.57036286788024
9,22,1,0,1,4,56.281075953306726
9,23,1,0,1,0,56.52086340332035
9,24,1,0,1,4,55.5999969394474
9,25,0,0,1,7,41.692308491658196
9,32,1,0,0,6,39.385454477590535
9,34,0,1,0,6,41.11420513767209
9,36,1,0,0,2,37.870397161601154
9,39,1,0,1,2,54.07803741985075
9,40,1,1,1,3,74.20390962300797
9,42,1,0,0,3,37.40017540433008
9,44,1,0,0,4,38.04067096494683
9,48,0,1,0,5,42.51084987698714
9,56,0,0,1,5,40.978436518982754
9,2,0,0,0,0,30.072384653070753
9,3,0,0,0,2,30.545909012703795
9,7,1,0,1,6,59.80169232499945
9,8,0,0,1,0,46.11847359692103
9,15,0,1,1,3,68.93128144800538
9,19,0,0,0,1,27.629795654012394
9,25,1,1,0,7,55.84186079212782
9,26,0,0,1,6,42.02525956274694
9,27,0,1,1,5,58.522584092945586
9,34,0,1,1,1,56.91244630651932
9,35,0,1,0,1,41.456483932056805
9,36,0,1,0,4,40.14779495570745
9,42,1,1,0,5,56.666025960475636
9,43,1,1,0,1,57.30198913105232
9,44,1,1,0,3,54.79164061760038
9,45,1,1,0,3,53.43192766147238
9,46,1,0,1,7,58.42913269604158
9,47,0,0,0,1,30.199201167472197
9,52,1,0,0,7,37.98943922151954
9,56,0,1,0,6,42.606715564527306
9,59,0,1,1,3,57.46241804788771
9,9,0,1,0,0,45.85106729730039
9,10,0,1,0,2,46.3425423263744
9,16,0,0,1,2,44.180980055390314
9,17,0,1,1,2,58.77435681339045
9,19,0,1,1,7,59.759494480412826
9,49,0,0,0,3,30.787108106015282
9,54,0,0,0,6,24.931259815140944
9,56,1,0,0,7,38.145982563603035
9,59,0,0,1,1,43.038276212916564
9,0,0,0,1,1,43.46900282417527
9,6,0,1,1,1,59.892834481551745
9,12,1,1,0,3,54.658491034469186
9,13,1,1,0,6,53.452085206274724
9,26,0,0,1,3,43.73142819463759
9,31,0,1,0,2,45.330754803266835
9,35,0,1,0,3,57.08890380524538
9,38,0,0,1,3,43.66767855533126
9,41,0,1,1,1,67.04307372711854
9,46,1,1,0,2,53.554815400503074
9,47,1,1,0,0,53.63684315799085
9,48,1,1,0,4,54.00079320404535
9,50,1,1,0,1,53.02116152501131
9,51,1,1,0,7,52.253580226252076
9,4,0,1,1,7,53.925701473513485
9,9,0,1,0,7,41.2271334472872
9,10,1,0,0,2,39.17235114521908
9,14,1,0,0,4,39.66107114338917
9,18,0,0,1,3,44.09528454320486
9,27,1,0,0,1,46.63169079782835
9,28,1,0,1,6,55.31439267392365
9,30,0,0,1,3,46.65167537370341
9,37,1,0,0,0,42.40320313083009
9,38,1,0,0,3,38.510080816417094
9,39,1,0,0,7,38.3201017514836
9,46,1,0,1,3,55.86679194071553
9,47,1,0,0,7,37.97128612420187
9,51,0,1,1,1,61.16406034976436
9,53,1,0,0,3,38.05098717904992
9,58,1,0,0,3,38.71760515432203
9,5,0,0,0,2,31.117131700764958
9,11,0,0,1,7,42.129515699862
9,17,1,0,0,2,37.88726364881697
9,22,0,0,1,1,46.156823849932735
9,25,0,1,0,6,44.27118745587029
9,27,1,0,0,4,39.75445327599626
9,35,0,1,1,7,57.388233886182874
9,37,1,1,0,4,52.66757786142443
9,40,1,1,0,6,53.60498892200393
9,44,0,1,0,3,46.43643428095947
9,46,0,1,1,0,60.25285282730468
9,47,0,1,1,0,60.778680476679725
9,49,0,1,1,4,56.62701797409676
9,50,0,1,1,3,58.66128399461405
9,51,0,1,0,3,43.69830542456301
9,58,1,1,0,4,54.43223810880683
9,0,0,1,0,2,44.81378184680892
9,4,0,0,0,6,28.48071619543009
9,9,0,0,0,6,27.815453861326525
9,11,0,1,0,2,44.7059845912252
9,21,0,0,1,3,49.43679441972448
9,23,0,1,0,1,44.31824429097432
9,29,1,0,1,6,56.557144978946944
9,32,0,0,0,6,27.839164222684378
9,40,0,0,0,0,30.678875184270588
9,45,0,0,0,5,28.41115151425179
9,47,1,0,0,2,37.83845909933522
9,50,0,0,1,3,51.70977758764745
9,51,0,1,0,2,41.55517725636709
9,55,0,0,0,1,28.974446891446313
9,58,1,0,0,4,38.68734965687683
9,59,0,0,0,5,26.066219113305344
9,1,0,0,1,7,40.85983788853051
9,11,0,0,0,3,29.08602646475768
9,27,1,0,0,0,39.846119114992085
9,28,1,0,0,2,39.86082129415577
9,29,1,0,0,2,39.4886095241422
9,30,1,0,0,4,39.755639659850175
9,39,1,1,1,4,70.64710320423768
9,40,1,1,1,4,71.35668275205828
9,41,1,1,1,5,71.6703826483187
9,50,1,1,1,2,70.75015176929477
9,51,1,1,1,2,70.00174561133176
9,52,1,1,1,6,70.36860799072556
9,54,1,0,0,2,39.405739577707564
9,55,1,0,0,6,38.37400330926429
9,57,0,1,1,3,59.5960168726272
9,59,1,0,0,6,38.048506292489606
9,9,0,1,1,1,62.71127437680635
9,20,1,1,1,7,71.76790631509594
9,23,1,0,0,4,39.31385294152143
9,28,1,0,0,3,47.08745035211646
9,29,1,0,0,1,43.90740613015085
9,30,1,0,1,7,56.25732325723541
9,32,1,0,0,5,39.52920272240552
9,36,1,1,1,6,70.90930514843403
9,37,1,1,1,0,69.79182803598854
9,38,1,1,1,4,70.68726103652467
9,39,0,1,1,6,57.55501906989318
9,40,1,0,1,2,55.14845582950686
9,44,0,1,0,6,44.21310389441474
9,49,1,0,0,0,39.28505245233455
9,50,1,0,0,3,38.29704931198064
9,51,1,0,0,4,38.79035086177501
9,56,0,0,1,2,41.98014286638888
9,4,0,0,0,1,31.707099942531325
9,9,0,1,0,3,44.328711097781444
9,10,0,1,1,3,59.98158045134301
9,15,0,0,0,7,28.15350061565203
9,17,0,1,0,1,43.910278542502105
9,19,0,0,1,5,42.700214072186974
9,20,1,0,0,1,39.230635231052304
9,22,0,1,0,6,42.62483590006518
9,23,1,1,0,0,55.42410516370052
9,31,0,1,1,6,59.73269422702975
9,32,0,0,1,4,40.47277570502773
9,33,1,0,1,5,54.22100366484153
9,34,0,0,0,3,29.999936942406755
9,35,0,1,1,3,72.12555272898248
9,37,0,0,1,2,43.53774271888477
9,55,0,1,1,5,55.75454766376196
9,57,0,1,0,5,42.886488925225215
9,59,1,0,1,5,54.561225845179635
9,3,1,0,1,4,55.26587226319373
9,9,1,0,1,4,55.475128317987924
9,11,1,0,1,4,55.71141656579288
9,12,1,0,1,7,61.21493622512666
9,13,0,1,0,1,44.368552719573266
9,14,0,1,1,2,60.47850716639663
9,16,1,0,0,2,38.661852699464845
9,22,1,0,0,4,39.55773602974084
9,24,0,1,1,4,57.124741302435986
9,25,1,1,1,0,73.04102088092442
9,26,1,1,1,0,73.54153654037182
9,27,1,1,1,0,72.50558911785535
9,28,1,1,1,2,72.97916226245539
9,29,1,0,1,3,56.6318485880994
9,31,1,1,1,2,71.52538241684297
9,32,1,1,1,3,71.14608499689898
9,34,1,1,0,5,53.35363835509264
9,36,0,1,1,7,57.40849748018273
9,46,1,1,1,0,71.51141570155515
9,47,1,1,1,7,70.7381637989201
9,49,0,1,0,6,40.75584263646052
9,51,1,0,0,5,38.40808548141574
9,53,0,0,0,5,22.951234642944165
9,54,0,0,1,6,40.97453516049946
9,55,1,0,1,3,54.971703513220795
9,0,1,1,1,5,72.05893699034472
9,10,0,0,1,4,42.23200503718581
9,12,0,1,1,7,59.2239790240906
9,19,1,0,1,2,55.671033551502134
9,20,1,1,1,6,73.31934456716863
9,21,0,1,1,7,58.13713623847801
9,23,1,0,0,3,44.65735541708354
9,25,1,1,0,0,56.12291507241166
9,30,1,1,0,4,54.75538552169815
9,31,0,1,0,7,39.77208178802995
9,34,0,0,0,0,29.665356745781267
9,37,1,0,0,2,38.7801639240847
9,38,1,1,0,6,54.23580164671736
9,45,1,1,0,1,54.10921316168352
9,46,1,1,1,2,71.23819281622315
9,47,1,0,1,0,54.73004846810216
9,48,1,0,1,2,58.29428992287454
9,53,0,1,0,2,42.5512079235112
9,55,1,1,0,0,55.16992090494835
9,56,1,1,0,5,54.363778481095956
9,1,0,1,0,2,42.446030087946724
9,5,1,0,0,1,42.465248358875726
9,14,0,1,0,0,44.23285420709195
9,19,1,1,0,1,59.414686144556356
9,20,1,1,0,2,54.32984742596261
9,26,1,0,0,3,42.72007684047451
9,30,1,1,0,1,55.038404313951816
9,31,1,1,1,1,71.99067661437938
9,33,1,1,0,7,53.22720781678921
9,38,1,1,0,3,54.47789479204297
9,44,0,1,0,7,45.76981893035678
9,48,0,1,1,6,59.34364476393627
9,50,0,0,1,2,42.78238233980669
9,52,0,1,1,2,58.404030155634466
9,53,0,1,1,1,59.134123572693404
9,55,0,0,0,5,26.16541501358808
9,59,1,1,0,2,54.294942121150505
9,1,0,0,1,2,50.00314915218551
9,2,0,0,1,6,42.39050462672916
9,3,0,0,1,6,41.692167875804806
9,4,0,1,1,2,66.15726023403302
9,5,0,0,1,6,39.55068338617228
9,7,1,1,1,6,70.33550399836375
9,8,0,1,1,3,67.52266352765261
9,11,1,1,0,5,55.20099979656953
9,15,0,1,1,4,56.14664193754933
9,16,0,1,1,7,59.98146483357932
9,28,0,1,1,4,56.479444740426665
9,29,0,1,1,4,56.659540393139096
9,30,0,1,1,5,58.77888860177172
9,39,1,0,1,5,54.37274947546269
9,42,1,1,1,4,71.2411741665262
9,44,0,1,1,6,57.047004919234325
9,45,1,1,1,5,71.06694874481366
9,48,1,1,1,5,70.66546869281906
9,59,1,0,1,7,56.2730233891046
9,0,0,0,1,3,42.63569475685473
9,2,1,0,0,0,42.84141401188172
9,6,0,1,0,7,43.82712214252313
9,7,0,0,1,1,45.41623662854927
9,14,1,1,0,3,59.699521397089576
9,15,1,1,0,1,55.438485152806585
9,29,0,1,0,1,44.47764928867856
9,30,0,1,0,3,44.05287860181175
9,31,0,1,1,7,55.55395838270084
9,41,1,0,1,4,54.869407739842146
9,42,1,0,1,7,55.36605243484636
9,43,1,0,1,0,56.34084420343075
9,48,1,0,0,6,38.53084416644097
9,49,1,1,0,1,53.21465738082269
9,50,1,1,0,6,53.25574337496073
9,56,1,0,1,1,59.20352685670307
9,59,0,0,0,0,28.17797733309098
9,1,1,0,0,0,38.93598665314295
9,6,1,0,0,1,39.54071540479787
9,7,1,0,0,6,39.53904845435036
9,12,0,1,0,2,45.399842938085094
9,18,1,1,0,2,54.92522846419432
9,25,0,0,1,6,42.26668607453161
9,26,1,0,1,6,56.149558173781784
9,27,0,1,1,0,59.361687713363615
9,28,0,1,1,7,59.381526796881545
9,34,1,0,0,4,37.38214404134501
9,37,0,1,0,6,42.98308380394774
9,42,1,0,0,6,43.286089151445765
9,44,1,0,0,0,38.47815198080822
9,45,1,0,0,5,38.740242553141485
9,52,0,0,1,0,43.24408579483017
9,54,0,0,0,0,30.381629936644657
9,3,0,1,1,0,60.67433251274376
9,4,0,1,1,1,60.998632715740044
9,12,0,1,1,0,59.67323993956454
9,13,0,1,1,6,55.350138266565494
9,14,0,0,1,6,42.775871665602
9,17,1,0,0,6,38.32149499010241
9,24,1,0,0,6,39.84370154060586
9,36,1,0,0,5,37.457024794743155
9,41,1,1,0,1,54.03860919443826
9,42,1,1,0,0,53.79717090403791
9,49,0,0,1,3,43.30721471054238
9,55,0,0,1,6,43.92355372458211
9,58,0,1,0,3,42.82299750995849
9,1,0,1,0,6,42.4521434365019
9,5,0,0,1,5,43.51276068432072
9,7,0,0,1,6,41.698619364014036
9,8,0,0,1,3,45.92821935615498
9,13,1,0,0,3,39.36580256377237
9,33,0,1,1,4,54.6673957474095
9,34,0,1,1,2,58.70226789619894
9,35,0,0,1,2,45.15713968432491
9,36,0,0,1,4,42.37923606670985
9,41,1,0,0,1,38.88853007335803
9,43,1,0,0,5,46.48674796127211
9,48,1,0,0,2,43.360690817175175
9,50,1,0,0,0,38.40998726287083
9,51,1,0,0,3,38.42109846823607
9,52,1,0,0,1,38.04272260898754
9,57,1,1,0,6,54.235382119637045
9,59,1,1,0,5,54.52827209070157
9,0,0,1,1,1,58.71584076148222
9,2,0,0,1,5,41.21990804893099
9,3,0,0,1,4,42.32343858956761
9,4,0,0,1,3,45.88535827273598
9,9,1,1,0,1,56.87443613727975
9,10,1,1,0,1,54.75625035147461
9,11,1,1,0,7,54.8795201211821
9,13,0,0,0,6,28.629795686558285
9,19,1,0,1,5,55.42209190061275
9,22,0,0,0,3,28.893817394577894
9,29,1,0,0,3,39.599020143104624
9,30,1,0,0,0,39.91628583984588
9,31,1,0,0,4,40.05197369671115
9,33,1,0,0,6,38.10956035983215
9,38,1,0,0,4,39.32632101140626
9,39,0,0,0,2,29.226478988917595
9,48,1,1,0,7,52.54150494490221
9,53,1,0,1,4,55.548611638163166
9,54,1,0,1,2,59.985045908447546
9,56,1,0,0,5,39.54134300754477
9,57,1,0,1,2,55.83336078730873
9,58,1,0,1,3,55.50983240305962
9,1,0,0,1,5,41.909851459422455
9,5,0,0,1,7,44.664148886600046
9,10,1,1,0,2,54.796796121567134
9,13,1,0,1,6,54.17718771822493
9,14,0,1,1,5,55.58499769433806
9,27,0,0,1,4,42.26211815190092
9,28,0,0,1,5,43.22916474861898
9,35,0,1,0,0,44.680467710428104
9,43,1,0,0,2,37.49519324143116
9,45,1,0,1,2,55.102618260318124
9,46,1,0,1,5,56.00912667917317
9,47,0,0,1,7,42.48151829217437
9,56,1,1,0,4,54.83282290164999
9,57,1,1,0,1,54.37425227488969
9,59,1,1,0,1,54.32761499962357
9,1,0,1,1,5,57.98314239050402
9,23,1,1,0,5,55.71318700200228
9,25,0,1,0,7,42.61076554688436
9,27,1,1,0,6,53.908799672718665
9,39,0,1,1,0,59.30890619281146
9,40,0,1,1,4,54.97709232909095
9,42,1,1,1,1,70.93852021658662
9,43,1,1,1,6,73.03438611247881
9,44,1,0,1,1,55.957041644989424
9,47,1,1,0,6,53.44815839052444
9,53,0,0,0,3,26.720849346233543
9,57,0,1,1,1,63.60534715828082
9,18,0,0,0,4,25.524604110686706
9,24,0,1,0,3,43.88370980343465
9,36,0,0,1,6,42.503323595109336
9,37,1,0,1,2,54.76539628090426
9,41,1,1,0,7,53.98534605754051
9,46,1,0,0,5,43.18608620701199
9,50,0,0,1,0,43.78039801960195
9,51,0,0,1,1,50.11513658522516
9,8,1,1,0,1,59.462898201707716
9,9,1,1,0,4,54.18906017499784
9,25,0,1,0,5,42.161249970138314
9,33,0,1,0,7,39.96709780779727
9,42,1,0,0,1,37.681307363479654
9,43,1,0,1,1,56.24446952188041
9,45,1,1,1,6,71.14861198576982
9,46,1,0,1,4,55.54603749195128
9,52,1,0,0,2,37.974730664250394
9,54,1,1,0,6,53.4117807988332
9,1,0,1,1,0,59.63477748561608
9,6,1,0,0,2,39.53201500195373
9,7,1,0,0,3,39.43086259225488
9,15,1,0,0,2,39.82535634533831
9,25,1,0,0,1,39.745957265863936
9,36,1,1,0,1,53.60529883588592
9,40,0,0,1,4,42.58584162469879
9,42,0,0,1,1,50.51537174166569
9,44,0,1,1,1,60.60989765478348
9,53,1,1,0,2,54.436068160571736
9,0,0,1,0,6,40.94722044674635
9,7,0,0,1,5,43.851910460015546
9,15,1,1,0,3,59.083199291786784
9,20,0,1,1,2,60.071355432581775
9,22,0,1,0,4,41.92024552590693
9,23,1,1,0,1,55.442488557413455
9,25,1,1,1,3,72.96098237772387
9,38,1,0,0,7,39.46337582129656
9,52,0,1,0,3,51.71330734844959
9,56,1,0,1,2,56.500027914033495
9,57,1,0,1,4,55.72823513245753
9,58,1,0,1,4,55.444534562500095
9,59,1,0,1,6,54.60994378500965
9,0,0,0,1,4,43.31579486563812
9,2,1,1,1,1,76.62935434346689
9,7,1,0,0,0,41.41154080008567
9,18,1,0,1,6,55.2260140581608
9,22,0,1,1,4,55.21463508027958
9,23,0,1,1,2,59.05810508818166
9,24,0,1,1,0,60.40735964085511
9,25,0,1,1,0,61.32831579931887
9,26,0,1,1,6,59.771354035660956
9,27,1,0,1,6,57.19258450980379
9,28,0,1,1,3,66.4083597061678
9,31,0,1,0,0,50.96675072867437
9,34,1,1,0,4,52.78724572246989
9,37,0,1,1,0,59.62245116828634
9,38,0,1,1,0,66.99813220612836
9,39,0,1,1,2,58.94440602109524
9,43,0,1,0,2,47.79720892880861
9,50,0,0,1,6,39.725606580477525
9,52,0,0,1,4,40.76058718690631
9,55,0,0,1,3,43.68916747031505
9,58,0,1,0,5,43.02698315153283
9,59,0,1,0,3,46.364431627753625
9,10,1,0,0,5,39.83021714744791
9,13,1,0,1,1,57.29926297590831
9,14,1,0,0,3,39.77293428210896
9,15,1,0,1,0,55.71239101436535
9,16,1,0,1,1,55.24689563597545
9,29,1,0,0,4,39.5381928447536
9,31,0,0,1,4,42.35707090910041
9,32,0,0,1,3,41.66488413738928
9,33,0,1,0,1,53.941818151695415
9,40,1,1,0,1,54.263506787654
9,41,1,1,1,0,71.87420825255181
9,42,1,1,1,3,71.39844501463703
9,45,1,0,0,4,39.40115532489612
9,47,1,0,0,6,37.88415624294534
9,54,1,0,0,6,39.858714399082906
9,11,0,1,0,7,43.21135455312147
9,16,1,0,0,3,38.07692232030185
9,19,1,0,0,0,38.66094728613692
9,22,1,0,0,1,39.269369535138566
9,34,0,0,1,0,44.63455927873769
9,35,0,0,1,6,41.419544529557925
9,36,1,1,1,7,70.62297546400474
9,37,0,1,0,4,38.5677709834336
9,54,0,0,1,2,44.60765027503362
9,2,1,0,0,6,39.43313625676936
9,4,1,1,0,3,54.63442177072211
9,5,1,0,1,4,55.490717550833445
9,7,0,0,1,2,44.908325782583105
9,9,1,1,1,4,71.25232973101129
9,10,0,1,1,7,58.8300894533037
9,15,0,0,1,6,43.47567882876437
9,47,1,0,0,5,37.80622390373675
9,49,1,1,1,2,71.65129686407127
9,50,1,0,1,4,54.93004589594878
9,15,1,0,0,0,39.83083660738139
9,24,1,1,0,3,55.69777517131426
9,25,1,1,0,3,55.92935931775126
9,32,1,0,0,2,39.12685020991715
9,33,1,1,0,2,53.810912016501774
9,35,1,0,1,1,53.67240858390843
9,39,1,1,0,4,53.93225149820147
9,42,1,1,0,7,53.8155409944406
9,43,0,0,1,0,52.022176815402474
9,55,0,1,1,7,57.953941262272174
9,56,1,0,0,4,39.12920200367707
9,5,0,1,0,4,42.995441975762006
9,20,0,1,0,5,40.85740731104046
9,25,0,0,1,3,51.8073957076406
9,31,0,0,1,5,41.955288055553645
9,34,1,1,0,7,52.96257945590145
9,38,1,1,1,3,70.99296478311264
9,40,1,0,1,6,54.60724536613716
9,52,1,0,0,4,37.560883189362855
9,0,0,1,1,2,64.64110473089073
9,1,0,0,1,0,44.22196558187603
9,3,0,1,1,2,60.101000069680694
9,7,0,1,1,0,59.35805584385673
9,8,0,1,1,0,59.770339391021885
9,9,0,1,1,0,60.52407135143207
9,10,0,1,1,1,59.940995024236535
9,14,0,1,1,4,56.89237745101101
9,15,0,1,1,2,58.946814251265984
9,24,1,1,0,2,55.623257494195485
9,31,1,0,0,6,39.34782069117527
9,33,0,1,0,4,40.297100549371734
9,35,0,1,0,7,38.202364857547714
9,38,1,0,1,7,55.88590149948679
9,45,1,0,0,0,40.56262497563837
9,59,0,0,0,1,28.29698519634972
9,0,0,0,1,5,42.874960894804865
9,3,1,0,0,3,47.4222521761165
9,10,1,1,1,7,72.27395778265819
9,16,0,1,1,5,59.39417811046977
9,18,1,1,0,6,54.66934549572322
9,19,0,1,0,5,41.473683125027506
9,20,0,1,1,3,59.41930208548375
9,32,0,1,0,5,40.671675351334414
9,56,0,0,1,4,37.33667621424869
9,59,0,0,1,2,52.41828172298346
9,25,1,1,1,7,73.00999367884506
9,29,1,0,0,6,39.34469064073053
9,40,0,1,1,5,56.446481852724695
9,41,1,1,1,2,71.76680291109429
9,42,1,1,1,2,70.813845235425
8,44,0,0,1,4,53.589525795242935
8,45,1,0,1,7,69.62306662668925
8,46,0,0,1,3,73.1807906008955
8,47,0,0,0,2,51.74586882921238
8,48,0,0,0,7,46.36320921899604
8,49,0,1,1,0,74.11560268802343
8,50,0,1,1,6,70.28125385623603
8,51,0,1,1,5,71.16998088746105
8,52,0,1,0,2,62.37807561083578
8,53,0,0,0,0,46.21750442612873
8,54,0,0,0,1,47.5424294922747
8,55,0,0,0,6,41.59781261083266
8,56,0,0,0,2,47.573092818164014
8,57,0,1,0,7,58.63628593964706
8,58,1,0,0,2,55.95135909752428
8,59,1,1,0,0,69.88167055027816
8,0,1,1,0,1,74.05739905746695
8,1,1,1,0,6,68.53782223515299
8,2,0,0,0,2,47.56063082661741
8,3,0,0,0,2,44.649785279469995
8,4,0,1,0,6,52.3846825272734
8,5,0,0,0,3,43.721293146370925
8,6,0,0,0,5,38.62481322197756
8,7,0,0,0,3,43.15960932606742
8,8,0,0,1,2,59.29247777932206
8,9,0,1,1,4,67.67105448075665
8,10,1,1,1,4,87.57086214340598
8,11,0,1,1,7,81.27600708926343
8,12,0,1,0,1,59.97663147598696
8,13,0,1,1,3,81.4222509316023
8,14,0,1,0,6,56.11221498236694
8,15,0,0,0,7,45.64043184901834
8,16,1,1,0,2,72.7120152947912
8,17,1,0,0,0,57.12017515204667
8,18,1,0,0,1,59.14006727650589
8,19,1,0,0,2,56.484627327235714
8,20,1,1,0,0,70.94863306765866
8,21,1,1,0,7,72.56795402101066
8,22,0,1,0,7,56.785506656171215
8,23,1,0,0,6,56.662981746345736
8,24,1,1,0,5,69.56411314230569
8,25,1,1,1,2,88.340653682245
8,26,1,0,1,1,74.26294425320265
8,27,1,0,0,3,53.718966283475325
8,28,1,0,0,6,55.57805943498209
8,29,0,0,0,6,43.51463508363732
8,30,1,1,0,7,71.94012483942608
8,31,1,0,0,4,54.97015074644287
8,32,1,0,0,0,55.29222413550926
8,33,1,0,0,5,56.296586434428534
8,34,0,0,0,5,41.94024787215549
8,35,0,0,0,7,41.35179859798266
8,36,0,0,1,4,53.68980439214917
8,37,0,0,1,7,58.91323376391402
8,38,0,1,0,3,62.09781207398256
8,39,0,0,0,7,36.55654222686283
8,40,1,1,1,4,84.63022262968039
8,41,0,1,1,6,70.74962162118028
8,42,0,0,1,2,58.7000301624036
8,43,0,0,1,2,62.000172767932284
8,46,0,1,0,1,67.71234185505111
8,47,0,1,0,3,72.34796946728594
8,48,0,1,0,0,62.4603009453999
8,49,0,1,0,2,62.729283319190856
8,50,0,0,0,5,41.262127695325425
8,51,0,0,0,3,50.407498930703916
8,54,0,0,0,5,43.497911904180825
8,55,1,0,0,4,53.90034906173957
8,56,0,0,0,1,47.65063971001603
8,57,0,0,0,4,38.976450932104
8,58,0,0,0,4,39.12255960955271
8,59,1,0,0,6,52.76577692504876
8,0,0,1,0,0,63.36276931315217
8,1,0,1,0,3,61.9909239043005
8,2,0,1,0,0,60.684106194839394
8,3,0,1,0,7,58.91626653553719
8,4,0,1,1,1,74.2282074022235
8,5,0,1,0,4,52.20704507682062
8,6,1,1,0,5,69.80240796535432
8,7,0,1,0,4,51.31548759508382
8,8,1,1,0,4,68.46950583349943
8,9,0,1,0,2,59.22174015011406
8,10,0,1,0,2,59.142027420046276
8,11,0,1,0,4,52.66871009912917
8,12,0,1,0,3,59.876497784595074
8,13,0,0,0,7,43.21059810981161
8,14,1,0,0,6,56.01960039646837
8,15,1,1,0,7,71.04027127995954
8,16,1,1,1,0,89.38105293914772
8,17,1,1,1,3,88.91716549532282
8,18,1,0,0,0,57.587753374539595
8,19,1,0,0,5,57.58781650382253
8,20,0,0,0,5,47.26801691232376
8,21,0,0,1,7,61.90513858970528
8,22,0,0,0,4,40.56405435582922
8,23,1,0,0,1,57.33264544501779
8,24,1,0,1,4,71.9962678778527
8,25,1,0,1,4,73.07799599789836
8,26,1,0,1,2,73.63700154608458
8,27,1,0,1,3,72.86912693925693
8,28,1,1,0,2,70.56523365530518
8,29,1,1,0,5,72.29892778118403
8,30,0,1,0,4,53.13219902273918
8,31,1,1,0,1,70.56697521972048
8,32,1,1,0,4,70.3578919473187
8,33,1,1,0,7,68.15564170528302
8,34,0,0,1,0,61.51859926513555
8,35,0,0,1,0,62.193105399146
8,36,0,0,1,2,66.19013671048236
8,37,0,1,1,3,78.8509260239518
8,38,0,0,0,5,39.540335495265005
8,39,0,0,0,6,42.19257332630073
8,40,0,1,0,2,62.843400122799885
8,41,0,0,0,6,41.3638592281181
8,42,0,1,0,2,61.213561399497024
8,43,0,1,0,3,63.446460931156786
8,44,0,1,0,2,65.17733372384629
8,45,0,1,0,7,61.714163115432136
8,46,0,1,0,5,59.908617352141405
8,47,1,1,0,1,70.40756815392463
8,48,1,1,0,6,70.66409195357193
8,49,0,0,0,2,48.95475834106432
8,50,0,0,0,6,40.034905376237084
8,51,0,0,0,4,39.51978570175665
8,52,0,0,0,7,44.26994731073032
8,53,0,0,0,7,47.28569664475585
8,54,0,0,0,7,41.91205753873094
8,55,0,0,0,1,53.758147868719455
8,56,0,0,0,6,39.55520462205351
8,57,0,1,0,2,64.01917679529097
8,58,0,0,0,1,46.41213543366112
8,59,0,0,0,5,40.029115427542415
8,0,0,0,0,7,41.390031162856594
8,1,0,0,0,4,39.775433090326125
8,2,0,0,0,6,41.30105715793433
8,3,0,0,0,4,39.05445264396342
8,4,0,0,0,2,45.09510371278538
8,5,0,1,0,2,59.02669676714572
8,6,0,1,0,0,58.70186859121875
8,7,0,1,0,0,58.02115331942651
8,8,0,1,0,5,57.94693708531001
8,9,0,1,0,4,51.62327029068491
8,10,1,1,0,0,70.3161358740818
8,11,1,1,0,5,69.77085838703067
8,12,0,1,0,2,59.88071848258309
8,13,0,1,0,6,58.12570558178151
8,14,0,0,0,1,45.420355650355624
8,15,0,0,0,1,47.96973650377925
8,16,0,0,0,4,42.86305140891529
8,17,1,0,0,2,61.536317149938846
8,18,1,1,0,6,73.16430847279435
8,20,1,0,0,4,57.127376570919594
8,21,0,0,0,2,45.44128357372223
8,22,0,1,0,4,55.966676922893484
8,23,0,1,0,0,60.19815262734888
8,24,0,1,0,5,55.97092300085581
8,25,0,1,0,3,59.74618317612489
8,26,0,0,0,5,43.96259854090431
8,27,0,0,1,0,63.16614697071819
8,28,0,0,1,2,58.823569672901115
8,29,0,0,1,3,60.48116538080044
8,30,0,0,1,2,60.42332041316319
8,31,0,0,1,0,61.502804031060364
8,32,0,0,1,5,57.06721501789433
8,33,0,0,1,1,60.18318461518442
8,34,0,0,0,7,42.98546352401995
8,36,1,1,0,4,69.60708923552255
8,37,1,1,0,7,71.57675169804462
8,38,0,1,0,5,60.550099246676254
8,39,0,1,0,7,58.034002182575044
8,40,0,0,0,4,39.95197503068297
8,41,0,0,0,1,49.54367111634856
8,42,0,0,0,6,43.37170124651072
8,43,0,0,0,4,43.78579829381032
8,44,0,0,0,5,41.492069737730596
8,45,0,0,0,7,45.27909813597432
8,46,0,1,1,5,71.53923617902205
8,47,0,1,0,0,62.14336644888934
8,48,0,1,0,1,64.9908783869913
8,49,0,1,0,4,55.867375570023775
8,50,0,1,0,4,55.15339828206671
8,51,0,1,0,7,58.67582460082779
8,52,0,1,0,3,70.50191494519432
8,54,1,1,0,5,69.92429546868084
8,55,0,1,0,5,52.269948254251055
8,56,0,1,0,0,60.82510520821893
8,57,0,1,0,5,59.61606339477309
8,58,0,1,0,1,61.015718710065244
8,59,0,1,1,0,79.49683229193232
8,0,0,1,1,2,84.65283337638733
8,1,0,1,1,5,72.08568778988284
8,2,0,1,0,6,56.93077703776982
8,3,0,0,0,6,41.70973593917719
8,4,1,1,0,4,69.11787892984152
8,5,1,1,0,7,68.1336686439746
8,6,0,0,0,0,42.01204331779548
8,7,0,0,0,7,41.46526784376243
8,8,0,0,0,2,42.143337256409076
8,9,0,0,0,6,37.99636416005387
8,11,0,0,0,6,40.15177607796254
8,12,0,0,0,0,45.68071355123856
8,14,0,0,0,3,44.600123536969384
8,17,1,1,1,4,87.22104651350593
8,18,1,1,1,5,87.82499083270349
8,19,1,1,0,5,73.21694492034227
8,20,0,1,1,7,74.40855504950736
8,22,0,1,0,0,58.67646934812105
8,23,0,1,0,4,55.11368563662594
8,24,0,1,0,2,59.75771296262617
8,25,0,0,0,2,44.15245122359837
8,26,0,0,0,3,54.41992902868344
8,27,0,1,0,1,61.68128810119285
8,28,0,1,0,6,52.88243013679345
8,29,0,1,0,2,59.57748761448297
8,30,0,0,0,6,39.2999867973204
8,31,1,0,0,7,55.04041100555435
8,32,0,0,0,0,52.42291884572332
8,33,0,0,0,7,45.95541594681639
8,34,0,1,0,1,61.894319409312054
8,35,0,1,0,3,65.91515301769726
8,36,0,1,0,1,66.35465641019216
8,37,0,1,0,4,54.44630991954833
8,38,0,1,0,0,61.23171841061656
8,39,0,1,0,2,60.579819394630775
8,41,0,0,0,0,54.26673068867913
8,42,0,0,0,3,56.32750115947117
8,45,0,0,1,3,60.9526313525221
8,46,0,1,0,0,64.53911176326477
8,47,0,1,0,4,54.51065402297681
8,49,0,1,0,6,55.52474960580819
8,50,1,1,0,2,70.53195040015397
8,51,1,0,0,4,53.81059988265657
8,52,0,0,0,5,44.08827951204984
8,53,1,0,1,1,71.87185259271752
8,54,1,0,0,6,55.44422642384621
8,55,0,0,0,4,41.04019245525496
8,56,0,0,0,7,43.04759865119754
8,57,0,0,0,7,41.63508579097204
8,58,1,0,1,6,70.20570752983741
8,59,0,0,1,6,54.39739305703862
8,0,0,0,1,7,55.11360619365742
8,1,1,0,0,1,53.46569087629184
8,2,1,0,0,5,58.75719907340394
8,3,0,0,0,5,41.14721691595501
8,4,1,0,0,1,54.31901969485117
8,5,1,0,0,1,53.30191630964406
8,6,1,0,0,4,53.66442887120918
8,7,0,0,0,5,37.63108473836456
8,8,0,0,1,5,58.55719717376551
8,9,0,0,0,1,43.41299344914301
8,10,0,0,0,4,37.24147931238171
8,11,0,0,0,4,40.26287666331848
8,12,1,0,0,6,51.56502149748125
8,13,0,0,0,4,39.164251882887
8,14,0,0,0,6,44.89983473773247
8,15,0,1,0,1,62.57137725581963
8,16,0,1,0,4,56.91248903797456
8,17,1,1,0,3,74.66901075302191
8,18,1,1,0,3,72.77251380130053
8,19,1,0,1,2,71.19416745483949
8,20,1,0,1,2,79.69970307566774
8,21,1,0,1,4,71.19282739075551
8,22,0,0,1,6,56.483814324260656
8,23,1,0,1,6,71.51533621403259
8,24,1,0,1,3,73.6546356923831
8,25,1,1,0,4,70.97646408259207
8,26,0,1,0,4,56.462306453297245
8,27,0,1,0,7,57.49323689438007
8,28,1,0,0,7,59.126573267285465
8,29,0,1,0,3,69.93010454108891
8,30,0,0,0,7,45.184876097988216
8,31,0,0,1,1,61.17408458834183
8,32,0,0,0,1,49.07856502676957
8,33,0,0,0,2,44.76734344978765
8,34,0,0,0,6,39.92981834145557
8,35,0,0,0,5,41.21515030744402
8,36,0,0,0,3,44.82358022899378
8,37,0,0,0,2,43.75412314409668
8,38,0,1,0,1,67.52825368202423
8,39,0,1,1,0,74.08135577423009
8,40,0,1,1,2,72.31746469485488
8,42,0,0,1,0,61.08945371348866
8,43,0,0,1,7,57.669660676348045
8,44,0,0,0,4,40.59379062100198
8,45,0,0,0,4,40.11393927386237
8,46,0,0,0,4,42.04322403292692
8,47,0,0,0,7,43.99506643478967
8,48,0,1,0,6,59.557418095357505
8,50,0,0,0,2,48.2321530303057
8,51,0,1,0,1,62.85885722051052
8,52,0,1,0,7,56.834314265341554
8,53,0,1,0,5,57.560617545126874
8,54,0,1,1,5,67.79359709179143
8,56,0,1,1,4,73.10385499410162
8,57,0,1,1,0,75.7984674919705
8,58,0,1,1,0,73.21232709373281
8,59,0,1,1,2,74.90022565317399
8,0,0,0,1,4,54.646749896527496
8,1,0,0,1,7,56.624143584939155
8,2,1,1,0,3,70.52947034520267
8,3,1,0,0,3,54.15885301155736
8,4,1,0,0,6,53.87165200688719
8,6,1,0,0,6,53.16219793772966
8,8,1,0,0,0,53.401536373861966
8,9,1,0,0,5,53.38454117755495
8,10,1,0,0,1,54.19011064019419
8,11,1,0,0,7,52.874173791553915
8,12,0,0,0,2,43.70368739620581
8,13,0,0,0,6,39.19235895822351
8,14,0,0,0,0,46.22873020284628
8,16,0,0,1,6,60.203869811363404
8,17,1,0,1,0,72.55800869259548
8,18,1,0,1,4,71.58394402834962
8,19,1,0,1,7,69.82059821998533
8,20,0,1,0,6,57.98914576877097
8,21,1,1,0,3,72.08504534287614
8,22,1,0,0,5,57.19794921656721
8,23,0,0,0,1,48.42705881566343
8,24,0,0,1,5,56.98924617769557
8,25,0,0,0,1,46.1463227487091
8,26,0,0,0,6,41.94520821627958
8,27,0,1,0,4,53.34525714190707
8,28,1,1,0,0,71.23142812404538
8,29,1,1,0,6,71.26971275650342
8,30,0,1,0,7,55.83660880449155
8,31,0,1,0,3,58.41151112273996
8,32,0,0,0,3,46.970971594556644
8,34,1,0,0,5,55.52284659183252
8,35,0,0,1,2,61.0250457255219
8,36,0,0,1,6,54.48614662607945
8,38,0,0,1,0,60.078157737825215
8,39,0,0,1,2,59.83246320133554
8,41,0,1,1,3,75.8236516087985
8,42,0,0,1,7,55.507590505313914
8,43,0,0,0,5,44.89809166319864
8,44,1,0,0,1,54.39657173588679
8,45,1,0,0,6,53.433934964141024
8,46,0,0,0,1,51.043661824537814
8,47,0,0,0,1,50.214423383733525
8,48,0,0,0,5,44.46809273815741
8,52,0,0,0,4,41.25978845273931
8,53,0,0,0,5,41.77170391356618
8,56,0,0,0,3,51.703248557853776
8,57,0,0,0,5,38.680828445543526
8,58,1,0,0,7,53.270847047607724
8,59,0,0,0,6,39.58081655553424
8,0,0,1,0,6,51.142016451157794
8,1,0,1,0,5,54.98336662816496
8,2,0,1,0,2,60.49284055234769
8,3,0,0,0,1,47.036489664894624
8,5,0,1,0,7,56.39113217179363
8,8,0,1,0,7,59.318036116734135
8,9,0,0,0,0,43.32103556095743
8,10,0,0,0,6,38.22900703695552
8,11,0,1,0,0,59.08010545585988
8,13,0,0,0,1,44.370250558320336
8,14,0,0,1,2,63.75954879913822
8,15,0,0,1,1,63.20273168558208
8,16,0,0,0,0,46.71203442391665
8,17,0,0,0,6,44.18819540077671
8,18,0,0,0,7,43.81414818881
8,19,1,1,0,3,79.92317943296983
8,20,1,0,0,3,58.85769914018977
8,21,1,0,0,4,54.62624678136015
8,22,0,0,0,3,53.25761101556035
8,23,0,1,1,4,67.5916121633923
8,24,1,1,1,6,88.03614870949501
8,25,0,0,1,1,62.06951671483587
8,26,0,0,0,2,47.56481999323824
8,27,0,0,0,4,40.16795326891655
8,28,1,0,0,0,56.712971850353725
8,29,1,0,0,2,56.84267838454284
8,30,1,0,0,5,57.116720075706745
8,31,0,0,0,2,43.76679875578007
8,32,0,1,0,3,70.04282017890208
8,33,0,0,0,0,45.94592730328887
8,34,0,0,0,4,40.93631805080751
8,36,0,0,0,4,40.20072440883045
8,37,0,0,0,0,45.35771180187208
8,38,0,0,0,4,39.075034289796555
8,39,0,0,0,4,38.64942692234186
8,40,0,0,0,5,42.45850032054254
8,41,1,0,0,6,51.37148608122962
8,42,0,1,0,5,55.51691604722758
8,44,0,1,0,7,62.73119203360788
8,45,1,1,0,1,74.8755183901173
8,46,1,1,0,0,69.53401283249329
8,47,1,1,0,5,69.19068837422458
8,48,0,1,0,4,54.34326739163248
8,49,1,1,0,3,68.56117604073795
8,50,1,0,0,5,55.143066131632985
8,51,0,0,0,2,48.28872947644789
8,52,0,0,0,3,49.357245475190425
8,53,0,1,0,4,54.79445627112665
8,54,0,1,0,3,61.92983902748014
8,56,0,0,0,4,38.60478768038571
8,57,0,0,0,0,49.91081857972265
8,58,0,0,0,5,39.154863680159664
8,59,1,0,0,4,51.94842252824776
8,0,0,0,0,4,36.48831758326336
8,1,0,0,0,6,42.32227611509535
8,3,0,1,0,6,58.136417639043515
8,4,0,1,0,4,50.417038936307414
8,5,1,1,0,5,69.2973948365083
8,6,1,1,0,3,70.13956414079881
8,7,1,0,0,4,53.665738179184686
8,8,0,0,0,6,40.85302013543252
8,9,0,1,0,1,60.19418991833693
8,10,0,1,1,1,75.34507220647755
8,11,0,1,0,3,58.56164685053488
8,14,1,0,0,2,57.880378853996376
8,15,1,1,0,4,71.3048032458042
8,16,0,1,0,7,59.99842109337944
8,17,0,0,0,4,45.773036373419345
8,18,0,0,0,3,48.81834597881031
8,19,0,0,0,3,54.89136211668699
8,21,0,0,1,3,62.61930307583727
8,23,1,1,0,4,69.44633446938673
8,24,0,1,0,3,69.0070978847636
8,25,0,0,1,0,61.51532347608566
8,26,0,0,1,0,62.559565155255584
8,27,0,0,1,2,64.11455459643844
8,28,0,0,1,3,69.23580790811995
8,29,0,0,0,7,41.918773476796105
8,30,0,1,0,2,65.72696692379941
8,31,0,1,0,4,53.03247386682861
8,32,0,1,0,4,52.898798903561065
8,33,1,1,0,5,70.04630038084527
8,34,0,1,1,2,76.49091835551162
8,35,0,0,1,3,62.261525463230726
8,37,0,0,1,6,55.65683140568108
8,38,0,1,1,6,73.94447643635081
8,40,0,1,1,4,68.3320824602213
8,41,0,1,1,0,74.10775728336984
8,42,0,1,1,0,83.7676174629695
8,43,0,1,1,7,76.06816247847587
8,44,1,0,1,6,71.27408296338317
8,45,0,1,1,0,75.74658217830962
8,46,0,1,1,7,72.37523124835376
8,47,0,0,0,0,50.7084136018232
8,48,0,0,0,0,48.65805579055369
8,49,0,0,0,0,49.01062087884772
8,52,1,0,0,2,54.6468484972161
8,53,1,1,0,5,69.76700311607638
8,54,0,1,0,5,56.08636110372558
8,55,1,1,0,5,70.27561762099194
8,56,1,1,0,2,69.57034804503927
8,57,1,1,0,4,68.52560575221358
8,58,0,1,0,5,53.582802033194085
8,0,1,1,0,4,67.4510597397668
8,1,0,1,0,7,56.12474594477903
8,3,1,0,0,0,54.19783870354988
8,4,1,0,0,4,53.81013346875347
8,5,1,0,0,0,53.216597780616084
8,6,1,0,0,5,53.833424116322554
8,10,0,1,0,4,53.571357463376145
8,12,0,0,0,7,41.717380658321765
8,13,1,1,0,7,70.89496545593006
8,14,0,0,0,7,42.592571102932766
8,15,1,0,0,6,56.66755420353384
8,16,0,1,0,1,62.77439963282495
8,17,0,1,0,7,61.78320756160261
8,18,0,1,0,0,64.38330161261962
8,19,0,1,0,2,63.958388808996254
8,20,0,1,0,2,67.2686028433987
8,21,0,0,0,7,45.64923967641028
8,22,0,0,0,2,45.58297128692715
8,23,0,0,0,6,41.80997066215163
8,24,0,0,0,2,45.59823322552653
8,25,0,0,0,3,51.68206951958347
8,27,0,0,0,2,45.65911403632435
8,28,0,0,0,5,44.090509231787706
8,29,0,0,0,0,47.18698437746448
8,30,0,0,0,3,57.51237123144317
8,31,0,1,0,6,55.28236102454515
8,32,0,0,0,4,41.75080236692509
8,33,0,0,0,6,42.8054201710911
8,35,1,0,0,1,55.956015625527215
8,36,1,0,0,2,55.87994422988437
8,37,1,0,0,4,54.18750319394287
8,40,1,0,0,2,52.734194252166965
8,42,0,1,0,0,65.42594902695149
8,43,0,1,0,5,58.56500295156763
8,44,0,1,0,3,74.4826328180223
8,45,0,1,0,3,66.48898713017303
8,48,0,1,0,2,62.06866704962744
8,49,0,0,0,7,44.56928368518545
8,50,0,1,1,7,73.28999234919188
8,51,1,0,0,2,55.56780281825662
8,52,1,0,0,3,54.77642822399924
8,53,1,0,0,1,55.06923267394968
8,54,1,0,0,0,55.946081513405396
8,55,1,0,0,1,55.64956162244904
8,56,1,0,0,3,60.66428406715808
8,57,1,1,0,6,69.48433212470613
8,58,0,0,0,3,51.64503124320467
8,59,0,1,1,6,71.3294378464889
8,0,1,0,1,7,69.0420436480214
8,1,1,0,0,7,53.57589447723598
8,2,0,0,0,4,41.66213996759676
8,4,0,1,0,3,63.871142845139765
8,5,0,0,1,3,57.78246626245818
8,6,0,1,1,5,70.24417883133549
8,7,1,1,0,4,69.32539413243667
8,8,0,1,0,0,59.56049266398451
8,10,0,1,0,1,59.451193359089466
8,11,0,1,0,7,57.801107729161295
8,12,0,0,0,1,43.66797582969294
8,15,0,0,0,5,44.6196524845956
8,17,0,0,0,7,46.12970098578355
8,18,0,0,0,1,52.35572602963377
8,19,0,0,0,2,49.34672791016987
8,22,0,1,0,3,58.52082945425713
8,24,0,1,0,0,58.937073992651854
8,25,0,1,0,6,59.6588234936412
8,26,0,1,0,7,57.994128800838766
8,27,0,0,0,1,46.06583950582172
8,28,0,0,0,7,43.73572195734541
8,30,0,0,0,0,46.19220249494412
8,31,0,0,0,1,52.85974595888416
8,32,0,0,0,6,42.53466717763429
8,33,1,0,0,0,55.68991779134866
8,34,1,0,0,1,56.27317702062432
8,35,1,0,1,2,72.50772060009878
8,36,1,1,1,0,87.9321639070957
8,37,1,1,1,4,87.78294477684759
8,38,0,1,1,5,71.4749055769226
8,39,0,1,0,0,59.45291288095509
8,40,0,1,0,7,54.84279599807113
8,41,0,0,1,7,59.35959482479128
8,43,0,1,0,6,57.20491215096828
8,46,1,0,0,2,54.985389713606125
8,47,1,0,0,6,53.37191824132854
8,48,0,0,0,6,41.66961697632412
8,49,1,0,0,4,54.173557391946915
8,50,1,0,0,4,53.11767230555219
8,53,1,0,0,0,55.29240229831203
8,54,1,0,0,2,55.317242473187406
8,55,1,0,0,2,54.54581653490803
8,56,1,0,0,6,51.9746561643064
8,57,1,0,0,6,53.357874479013034
8,58,0,1,0,0,60.40970232129761
8,59,0,1,0,3,67.54394680967688
8,0,0,0,1,3,61.80774569999229
8,1,0,1,0,1,59.50028665701533
8,2,0,1,1,4,72.34024954022863
8,3,0,1,1,3,74.73393904506435
8,4,0,1,0,2,60.2492761711014
8,5,0,1,0,5,56.122278420106554
8,6,1,1,0,2,69.55813460181895
8,7,1,1,0,3,73.19778604453015
8,8,1,0,0,3,53.422796295276804
8,9,1,1,0,3,68.66119287862958
8,10,1,0,1,1,70.2158767926173
8,11,1,0,0,5,54.546572520221815
8,13,1,0,0,2,54.44490780274958
8,14,1,0,0,7,57.17179381313952
8,15,1,0,0,2,56.913417572330445
8,16,1,0,0,7,56.990302324423375
8,19,0,0,1,5,56.01694019396507
8,20,1,0,0,0,56.663860970976195
8,21,1,0,0,7,55.54673386096468
8,22,1,0,0,2,56.11221727973544
8,23,1,0,0,0,55.35106595724166
8,24,1,0,0,6,52.19751171202759
8,25,1,1,0,2,72.10990165616951
8,26,1,0,0,2,57.93949691970981
8,27,1,0,0,0,55.64314696105147
8,28,1,0,0,5,57.40351769027606
8,29,0,0,0,4,41.08682653672027
8,30,1,0,0,0,56.48628480745211
8,31,1,0,0,6,54.57616782659704
8,32,1,1,0,2,70.85935119420817
8,33,1,0,0,3,64.36732832718005
8,34,1,1,0,2,70.07045016324994
8,35,1,1,0,1,71.0625641473481
8,36,1,1,0,7,69.18199244690831
8,37,1,1,0,5,71.69823390780246
8,41,0,0,0,7,44.71708180713953
8,42,1,1,0,1,70.77813307288038
8,43,1,1,0,0,70.81583417764263
8,44,1,1,0,4,71.31587762882411
8,45,1,1,0,3,70.78801166469671
8,46,1,0,1,6,73.10624541041578
8,47,1,0,1,3,72.06037611485108
8,48,1,1,0,4,68.76135005214806
8,49,0,1,0,3,69.5996488071857
8,50,0,0,0,0,48.058607635031365
8,52,0,0,0,1,50.434210177448655
8,55,0,1,0,3,61.691459904286965
8,56,0,1,0,3,68.51388419436542
8,57,0,0,0,6,43.16108785896772
8,58,1,1,0,4,69.08705646301031
8,59,0,1,0,5,53.271869373266895
8,0,0,1,0,5,54.02640954351122
8,1,0,1,0,0,59.76583654637136
8,2,0,1,0,7,60.202264846281565
8,4,1,0,0,0,54.095451469463185
8,5,1,0,0,4,52.891427956084534
8,6,0,0,0,1,43.27924824226349
8,7,0,0,0,6,40.98744867262745
8,8,0,0,0,7,38.382976152957184
8,9,0,0,1,0,60.193365221953435
8,10,0,0,1,2,59.00256396748602
8,11,0,1,1,5,73.51545802403339
8,12,0,1,0,4,53.01806502925126
8,13,0,1,0,3,59.736014293928804
8,14,0,0,0,5,43.41522942963911
8,16,0,0,0,7,46.04932082706404
8,17,0,1,1,3,77.81380729660282
8,19,0,0,0,4,42.44500416958485
8,20,1,0,0,2,56.644739323969844
8,21,1,0,0,2,57.472996695076155
8,22,1,0,0,3,61.4626531111605
8,23,1,1,0,1,69.15319954350723
8,24,1,1,1,4,88.55023334105564
8,25,0,1,1,4,71.42402104232585
8,26,0,1,1,6,74.33341961919497
8,27,0,0,1,4,56.71443827475713
8,28,1,0,1,5,73.14421547153283
8,31,0,0,0,3,45.897746329460986
8,32,0,1,0,1,59.95095399622244
8,33,0,1,0,3,59.3049885103152
8,35,0,1,0,6,57.03566116423783
8,36,0,1,0,5,57.32597239714812
8,37,0,1,0,3,61.192156149188946
8,39,0,0,0,3,45.88231659026239
8,40,0,0,0,1,46.455658241627134
8,42,0,0,1,3,62.64909072792089
8,44,0,0,1,7,59.78920262373347
8,45,0,1,0,2,61.81718688441361
8,46,0,0,0,5,42.248523467512044
8,47,1,0,0,3,52.86795752002563
8,48,1,1,0,1,69.2994180900559
8,49,1,1,0,6,69.1384736593618
8,53,0,0,1,0,60.31725615283244
8,54,0,0,1,3,77.5976419907672
8,57,0,1,1,1,87.620946437131
8,58,0,1,1,5,70.82347260215904
8,59,0,1,0,2,60.40460022482636
8,0,0,1,0,1,60.72692759099366
8,1,0,1,0,2,68.12519400618318
8,2,0,0,0,3,51.24199649106734
8,3,0,0,0,0,46.61870066846088
8,5,0,0,0,7,43.423755626582306
8,6,0,0,0,6,39.295303985298354
8,8,1,0,0,5,53.825283378206436
8,9,0,0,0,7,43.320902682564736
8,10,1,0,0,4,53.78452061306515
8,11,1,0,0,3,55.01312027621872
8,12,1,0,1,4,73.3619763424285
8,13,0,0,1,5,55.208595183035776
8,16,0,1,0,2,62.459396975865104
8,18,0,0,0,0,47.87312911255857
8,19,0,0,0,5,46.10335004360581
8,21,1,0,0,0,56.274611799914524
8,23,1,0,0,7,53.92452435585528
8,24,1,0,0,7,56.37844785557714
8,26,0,1,0,5,56.97528380018247
8,27,0,1,0,5,56.92282084581414
8,28,0,1,0,7,58.594059632040285
8,30,0,0,0,2,45.90927484368021
8,31,0,0,0,0,44.80656408852725
8,33,0,0,0,1,45.741677838356026
8,34,0,0,0,0,48.32358098310877
8,37,0,0,0,4,38.99859103376792
8,41,0,0,0,2,47.05811490923988
8,43,1,1,0,4,71.00804933482895
8,45,0,0,1,2,60.83906440232021
8,46,0,0,1,7,58.820470205690924
8,47,1,0,0,5,53.869597014732115
8,48,1,0,0,1,53.6199957013187
8,50,0,0,0,4,42.027175397044175
8,51,0,0,0,5,43.50477049380062
8,52,1,0,0,7,54.77983249260177
8,53,1,1,0,6,69.03559010333458
8,54,0,0,0,6,40.48216697218261
8,56,0,0,1,4,52.67856602252987
8,57,1,0,1,2,70.27319757383322
8,58,1,0,1,4,68.97973110951699
8,59,0,0,1,2,59.66148425490627
8,1,0,0,1,4,51.77064205159098
8,2,1,0,1,4,70.93576419503138
8,3,1,0,1,5,71.46816643566792
8,4,1,0,0,2,53.81890272320507
8,6,1,0,0,3,53.55886905845157
8,7,1,0,0,2,52.88977614577879
8,8,1,0,0,7,51.93837282489096
8,9,0,0,0,4,36.467482170860904
8,10,0,0,0,1,43.072698289572465
8,11,0,0,1,1,61.37252540191606
8,13,0,1,0,7,58.416601474990706
8,16,1,1,0,5,73.41912852923826
8,17,0,1,0,6,56.82134771749382
8,18,0,0,0,2,47.618605745004764
8,19,0,0,0,1,47.5104667503481
8,20,0,0,0,2,45.91910847572162
8,21,0,0,0,1,48.549535848375356
8,22,0,0,0,6,40.19739489444782
8,23,0,1,0,6,55.99086143270972
8,25,0,1,0,7,59.607888626377104
8,28,0,0,0,2,45.77244898731603
8,29,0,0,0,1,53.90725060526792
8,31,0,0,0,4,38.42902752850859
8,32,0,0,0,2,45.389957157606766
8,35,0,1,0,1,59.57928527881217
8,37,0,1,0,5,56.55511334170773
8,38,1,1,0,4,69.80260728190463
8,39,1,1,0,6,68.55524471343895
8,41,0,0,0,3,47.04870814049052
8,42,0,0,1,1,65.62672901373308
8,46,0,1,0,3,64.66461661826402
8,48,0,1,1,4,68.70659073157985
8,49,1,1,1,2,88.56071594827824
8,50,1,1,1,3,89.34457456272443
8,51,1,0,0,1,54.58677510665531
8,52,1,0,0,1,55.33981858209625
8,53,1,0,1,5,71.85429620504362
8,55,1,1,0,0,70.43930928506502
8,56,1,1,0,6,70.48161361837526
8,59,0,1,0,7,58.38906191386279
8,0,0,1,1,5,72.26824816616727
8,2,1,0,0,1,53.44097782008448
8,4,0,0,0,0,44.57621540861082
8,8,1,1,0,1,68.86789632920444
8,9,1,1,0,7,68.35807754425242
8,10,0,0,0,2,46.0022885907356
8,11,0,1,0,5,54.47920794700778
8,14,0,0,1,4,53.74098365054977
8,15,1,0,1,7,71.73979015617988
8,16,0,1,0,5,59.836701379519326
8,17,1,1,1,6,88.60947072028848
8,18,0,0,1,6,56.483706727513805
8,19,0,1,1,6,71.71336457736466
8,20,1,1,1,7,86.89585546625813
8,21,0,0,0,3,46.053919147261055
8,22,0,0,0,1,44.978270426564954
8,23,0,0,1,4,54.03383659670244
8,26,0,0,0,7,42.63065369880559
8,27,1,0,0,6,55.59268996588963
8,28,0,0,0,6,45.12621320935748
8,29,0,1,0,7,60.63117580066077
8,30,0,1,1,2,73.66557646055591
8,31,0,1,1,3,80.4849083738758
8,32,0,0,1,2,61.919040590009985
8,33,0,1,1,1,79.01011396281156
8,34,0,1,0,6,56.67313327378434
8,35,0,1,0,7,61.12297123000125
8,36,1,0,0,6,55.75030395067934
8,37,0,1,0,6,53.88167118697202
8,39,1,0,0,1,54.356957814293764
8,41,1,0,0,1,58.57095203383313
8,42,1,0,0,7,53.70431176228053
8,44,0,0,0,0,49.354913382958685
8,45,0,0,0,3,56.21732914383106
8,47,0,1,1,4,72.3283161022437
8,48,0,1,1,0,75.10753613776247
8,49,0,1,1,6,72.37982932013477
8,50,0,0,1,2,60.241223561973484
8,51,0,1,1,7,73.64705049236986
8,52,1,0,0,0,54.94505981682477
8,53,1,0,0,5,54.99109197451785
8,55,0,1,0,6,54.54393432689736
8,56,0,0,0,5,44.22087714230922
8,57,1,0,0,0,53.5770438806287
8,58,1,0,0,0,52.62755633597751
8,59,1,0,0,2,52.378739019484435
8,0,1,1,0,2,71.10827698637097
8,1,1,0,0,3,53.50037243932441
8,2,1,0,0,6,53.50942352497114
8,4,1,0,0,7,54.143525978728086
8,5,0,0,1,5,56.21235678285407
8,6,0,0,1,4,51.49951635669254
8,7,0,0,1,2,57.4444870866709
8,8,0,1,1,0,75.70063075154007
8,9,0,1,1,1,77.58493271756811
8,15,1,0,0,5,56.81993196700569
8,17,0,0,1,5,59.294290603080675
8,21,0,1,0,0,59.2097353131482
8,22,0,1,0,1,62.7586540385167
8,24,1,1,0,1,70.5316207840429
8,25,1,1,1,6,87.76926636749333
8,26,1,0,1,0,74.27765933670221
8,27,1,0,1,7,75.09614883642536
8,28,0,1,1,6,71.20937359495835
8,29,0,1,1,6,71.78550904459814
8,30,0,1,1,0,73.79239269140606
8,31,0,1,1,4,70.1531939705305
8,32,1,1,1,7,89.40289884258496
8,33,1,0,0,4,55.874320566141684
8,35,1,0,0,2,54.82779084510789
8,36,1,0,0,4,55.775936482984505
8,37,0,0,0,3,44.73080203360138
8,38,0,0,1,1,62.010252215781435
8,39,0,0,0,1,46.99925909627738
8,40,0,0,0,7,40.32492307239742
8,43,0,0,1,0,59.74506321565126
8,44,0,0,1,6,59.00946130003343
8,45,0,0,1,0,60.61363485146889
8,48,0,1,0,7,60.01090342865305
8,49,0,0,0,5,42.59314999143666
8,51,0,0,0,6,41.837421498345115
8,52,1,0,0,4,54.66109293883168
8,53,0,0,0,1,47.541917553099715
8,54,0,0,0,0,49.951881196751124
8,55,0,0,0,0,46.762430839029996
8,0,0,0,0,5,38.85254896221048
8,1,0,0,0,3,46.915014526016854
8,5,0,0,0,4,37.24267324424294
8,6,1,0,0,1,53.46720108038569
8,7,1,0,0,3,53.92021054499816
8,8,1,0,0,2,55.556640617337365
8,10,1,0,1,2,70.48349472129044
8,11,1,0,1,3,71.38774612337504
8,13,0,0,1,6,55.39337536705497
8,14,1,0,1,0,72.17962106803988
8,16,0,0,0,1,47.686343686214734
8,17,0,0,1,2,61.724021096778934
8,19,0,0,1,0,61.406081579270015
8,20,0,0,1,6,58.84503155901682
8,21,1,1,1,4,87.09572723596952
8,22,0,1,1,0,74.44723598983545
8,23,0,1,1,1,79.99634252442317
8,25,0,0,1,3,62.02684319304585
8,27,0,1,1,1,76.09918981644141
8,31,0,0,0,6,42.26742494697534
8,32,0,0,0,7,43.43589226257612
8,33,1,0,0,6,56.29878466371835
8,34,0,0,0,2,45.856057890741276
8,36,0,0,0,6,42.55664948876074
8,39,0,1,1,7,74.41287331811651
8,41,0,0,1,0,59.76716979128315
8,42,0,0,1,6,54.56543218607453
8,44,0,0,1,2,62.79458262990193
8,45,0,1,1,5,72.67542136715443
8,47,0,1,0,5,56.938553980897765
8,52,0,0,0,0,52.03209753694218
8,53,0,0,0,4,39.6602752123639
8,56,0,0,1,0,59.60598660319723
8,57,0,0,1,2,60.00681920115174
8,58,0,0,1,3,58.85366692771749
8,59,0,0,1,7,55.149336379673905
8,0,0,0,0,3,42.543547072202486
8,1,0,0,0,5,39.497808044932825
8,2,0,0,0,1,48.62441905918762
8,3,0,0,0,3,50.25669494343487
8,4,0,0,1,4,53.63433567467956
8,5,0,0,1,0,57.872315011130254
8,6,0,0,1,7,55.403946074299505
8,7,0,1,0,6,56.39682459134422
8,10,0,1,0,3,60.61550738495617
8,11,0,0,0,1,42.52865654098602
8,12,0,0,0,6,39.99934408004269
8,13,1,0,0,4,56.59179150919028
8,16,1,0,0,4,53.85664406642524
8,19,0,0,0,6,47.50687016360976
8,20,1,1,0,7,72.60039164418336
8,21,1,1,1,7,86.9309848834244
8,24,0,1,0,4,55.0749812247245
8,25,1,1,0,6,73.19190387654027
8,27,1,0,0,5,56.94446860082908
8,28,1,0,0,4,57.12696236198951
8,29,0,0,0,5,43.823024321219805
8,30,0,0,1,5,56.245659864589825
8,33,0,0,1,5,59.66539099741625
8,34,1,0,1,3,71.976492392213
8,35,1,1,0,2,71.59741776782172
8,36,1,0,0,5,56.03318103086997
8,37,0,0,1,3,61.33306076933258
8,39,0,1,0,3,70.06692480802235
8,40,0,0,1,7,57.30864148874237
8,42,0,0,0,2,49.823575363963066
8,43,0,1,0,0,70.4291838214989
8,44,0,1,0,5,56.44195878727401
8,45,0,1,0,0,62.17275205755806
8,49,0,1,0,0,62.69318358469097
8,50,0,1,0,6,59.25470794042495
8,52,0,1,0,4,55.0138935271793
8,53,0,1,0,0,62.10959527088593
8,55,0,1,0,0,60.173764483394216
8,57,0,1,0,6,54.25171578248445
8,59,0,1,1,3,74.27658984001663
8,0,0,0,1,1,64.47268051306004
8,1,0,0,1,2,61.30469883584468
8,2,0,1,1,2,75.4582002490287
8,3,0,1,1,1,78.58878992254509
8,4,0,1,0,5,54.90656864413506
8,5,0,1,0,1,59.08316466479526
8,6,0,1,0,1,59.87885373726656
8,7,0,1,0,5,52.90303133260683
8,8,0,1,0,6,54.60342956371963
8,10,0,0,0,7,40.31644938581251
8,11,0,0,1,3,62.10465548981937
8,12,0,0,0,3,43.717611082883266
8,14,0,1,0,3,62.53079344411641
8,15,0,0,0,0,48.14014481618495
8,16,0,0,0,3,47.96114216610067
8,19,1,0,1,0,72.33900542202738
8,20,1,0,1,4,73.31302481592051
8,21,0,0,1,1,67.20311707856287
8,23,0,0,0,2,43.14677589235195
8,26,0,0,0,0,46.705307102543564
8,27,0,0,0,0,46.140405354720116
8,29,1,1,0,1,71.88800295133305
8,30,1,1,1,6,86.75158266770676
8,31,1,0,1,5,71.87609540754477
8,33,0,1,0,4,55.85743473634709
8,34,1,1,0,1,70.2585764153025
8,36,1,1,0,6,70.40124251512398
8,37,0,1,0,1,68.5096737672111
8,38,0,1,0,7,62.84004902060116
8,39,1,0,1,5,71.21055698832019
8,40,0,0,0,0,49.16392430636114
8,41,0,0,0,4,39.683482807130545
8,42,1,0,0,3,60.458871827246504
8,43,1,0,0,3,53.54954095615845
8,44,1,0,0,3,54.426404349348
8,45,1,1,0,6,69.85744350702728
8,46,1,1,0,7,70.89471684531891
8,48,0,1,1,2,77.04430769268045
8,49,0,0,1,0,59.967610966874496
8,51,0,1,1,3,76.99615788611486
8,53,0,0,0,3,58.33277986570221
8,54,0,1,0,1,61.75415986734243
8,55,0,1,1,3,87.25290285006446
8,56,0,1,0,1,62.661649186697474
8,0,0,0,0,2,45.63261827142935
8,1,0,0,0,2,46.855615378638014
8,2,0,0,0,5,43.37255743360207
8,3,0,0,0,7,41.98845117180727
8,4,0,0,0,3,45.82373774105607
8,5,0,1,0,6,54.9308294402851
8,7,0,0,1,5,54.32934776959144
8,8,1,0,0,6,53.30158541554158
8,9,1,1,0,6,72.23787590470467
8,10,1,1,0,5,70.411286305293
8,12,0,0,0,5,41.06884217227902
8,13,0,0,0,3,51.771218726632654
8,14,0,0,1,6,52.978857269069124
8,15,0,1,1,5,71.3700530153477
8,16,0,1,0,0,62.85737777205827
8,17,0,1,0,3,63.76186871815464
8,18,0,0,0,4,42.19041150746613
8,20,1,0,0,1,55.95949382990497
8,21,1,0,0,5,56.61267258394511
8,25,0,1,0,2,59.94067149331864
8,27,1,1,0,5,72.02279316410788
8,29,1,1,0,3,72.2203714191345
8,30,1,1,0,3,70.62524664401256
8,33,0,0,0,3,57.22680965194533
8,34,0,0,0,1,46.04326901682347
8,35,0,0,0,2,46.42325913356511
8,36,0,0,0,5,37.20800551527148
8,38,0,0,0,6,40.190357929631126
8,40,1,0,1,4,71.28927424723778
8,41,0,0,1,6,59.59422751049407
8,42,1,1,1,1,86.99367037824638
8,43,1,1,0,2,70.6759443925643
8,44,1,0,0,4,54.30129703349525
8,46,1,0,0,0,54.41547620749838
8,48,1,0,0,0,53.16924100756866
8,49,1,0,0,2,54.1883367581276
8,53,1,1,0,3,76.11346643937675
8,58,0,1,0,2,62.206968288209545
8,59,0,0,0,7,40.17482890664223
8,0,0,1,1,6,69.26357638355572
8,1,1,1,1,0,86.31823858668214
8,2,1,1,1,2,88.09511019720675
8,3,1,0,1,7,70.72145231107844
8,5,0,1,0,3,59.29521411417204
8,6,0,1,1,2,73.42679722449655
8,8,0,0,0,3,51.10101119496905
8,9,0,0,0,5,40.475265890694494
8,10,0,0,0,0,43.406687343285626
8,13,0,0,0,2,44.774639295215614
8,15,0,0,0,6,46.64067639163814
8,16,0,0,0,2,45.941336415380476
8,17,0,1,0,4,57.26219070567745
8,18,0,1,0,4,59.55732805723839
8,20,0,0,0,1,51.08058491400984
8,24,1,0,0,0,55.49791400031597
8,25,1,0,0,4,57.106477962989224
8,31,0,1,0,1,59.25909804102661
8,34,0,0,1,2,61.13359290742708
8,35,0,0,1,4,55.32253358075279
8,36,0,0,1,5,60.59144070407191
8,37,1,0,1,7,71.57477208441631
8,38,0,1,0,4,52.64388804722996
8,39,0,1,0,1,62.54478838182044
8,42,0,0,0,0,47.85137445038143
8,49,0,0,0,1,49.01905551813701
8,51,0,0,0,1,48.660496012094896
8,53,0,0,1,5,52.51482388821943
8,57,0,0,1,5,56.85740753679647
8,59,0,0,1,3,63.248811630438354
8,0,0,0,0,6,39.46879370453343
8,2,0,0,0,7,42.51483210902827
8,4,0,0,0,1,44.66822974472986
8,6,1,0,0,0,53.42938464672011
8,7,1,0,0,5,53.46876142491225
8,11,0,0,0,5,40.706382333697846
8,17,0,0,1,7,58.077430797919895
8,19,0,1,0,4,56.03794378136108
8,20,0,1,0,4,52.811912698939516
8,21,1,1,0,5,69.9971905936976
8,23,0,1,1,7,70.82544165341952
8,24,1,1,0,0,70.344508361462
8,25,1,1,0,3,77.25323217294061
8,26,1,1,0,7,71.90887681447518
8,28,1,1,0,3,71.80843693176996
8,29,1,0,0,5,58.66148053054803
8,30,1,0,0,3,56.363777284648044
8,32,1,1,0,0,70.33546761635274
8,33,1,1,0,2,69.542988107438
8,34,1,0,0,2,56.17923602352828
8,35,1,1,0,3,74.46314365484666
8,36,1,1,0,1,73.83111092814757
8,37,1,1,1,5,87.68927692656854
8,40,0,1,0,0,59.517962105621365
8,41,0,1,0,2,63.73608632967663
8,43,0,0,0,0,47.84688506282539
8,44,0,0,0,3,47.97376901268897
8,46,0,1,1,6,69.56383504328171
8,47,0,1,1,1,77.68651901510397
8,50,0,0,0,1,48.435569428272004
8,51,0,0,0,7,44.07144281482191
8,53,0,1,0,6,56.91646201551563
8,55,1,0,0,5,53.84571678671025
8,58,0,0,0,2,48.82095019345391
8,59,0,1,0,1,63.88422646990918
8,1,0,0,0,0,48.96510185708934
8,2,0,0,0,0,47.62251639454719
8,5,1,0,0,3,53.10257130067173
8,9,1,0,0,6,53.48429381849957
8,11,0,0,1,7,54.780798747243345
8,12,1,1,0,5,70.30978999149285
8,13,0,1,1,7,74.44477143157089
8,14,0,0,0,4,41.49937397214581
8,17,1,0,0,7,56.69683990648491
8,18,1,0,1,2,72.96414090123697
8,19,1,0,1,6,72.08478912214468
8,20,1,1,1,3,86.67734520405946
8,21,1,1,0,0,76.70502923568903
8,22,1,1,0,4,69.9205186836106
8,23,0,1,0,2,60.169343330276014
8,24,0,1,0,6,60.1553906056681
8,25,1,0,0,0,59.561044185784354
8,26,1,0,0,7,55.51108468707247
8,28,0,1,0,2,60.055009920466276
8,30,0,0,0,4,40.318310640174005
8,34,1,1,0,3,71.46060679429374
8,37,0,0,0,5,39.47236174054699
8,38,0,0,0,2,46.313891755822844
8,39,0,1,0,6,56.036253176420324
8,41,0,1,0,1,60.587394717297556
8,44,0,1,0,0,64.8980047646378
8,46,0,0,0,6,45.85106063984615
8,49,0,0,0,6,48.72078670126951
8,50,1,0,0,6,55.96208065708247
8,53,1,0,0,4,54.00070787420021
8,54,0,0,0,2,46.30152636488941
8,56,0,0,0,0,46.52417171609038
8,59,0,0,0,0,43.29233645483152
8,1,0,0,0,7,47.56598663817565
8,5,0,0,0,1,46.8696898695724
8,6,0,0,1,0,57.87718864444225
8,7,0,0,1,6,53.26408278909186
8,8,1,1,1,6,86.0205262439547
8,9,1,0,1,1,73.30189674567872
8,10,1,0,0,5,53.850659725298485
8,11,1,0,1,2,74.50010202133298
8,12,1,0,1,6,75.02038129325437
8,13,0,1,1,1,75.89560602673737
8,14,0,1,0,7,53.84849227582786
8,17,0,0,0,0,47.35852531073204
8,20,0,1,0,0,60.12774356804605
8,21,0,1,0,5,58.11989324326127
8,23,0,1,0,5,55.11909896017442
8,24,0,1,0,7,57.25557107435395
8,27,1,1,0,7,72.20245401241561
8,34,0,0,1,7,54.657575743118976
8,36,0,0,0,2,43.913256402514946
8,37,0,0,0,6,43.03592204601065
8,44,0,0,0,7,50.007023375853436
8,45,0,0,0,6,43.74752561342851
8,49,1,0,0,6,51.52281793651267
8,51,1,0,0,7,53.00985089543381
8,52,0,1,0,5,54.70278392873658
8,53,1,1,0,4,70.63891567463403
8,54,0,1,0,0,63.85164184281718
8,55,0,1,0,4,53.123179427995375
8,56,1,1,0,5,70.52241237721194
8,58,0,1,1,6,68.91414353489965
8,59,1,0,1,6,70.44479633370095
8,1,0,0,1,6,58.722102253381294
8,2,0,0,1,0,60.9592321461151
8,3,0,0,1,1,64.52061833121883
8,4,0,0,0,7,39.016094180209606
8,6,0,0,0,3,47.268100320923125
8,7,0,1,0,3,57.819557579684044
8,8,0,1,1,7,71.87058533147537
8,9,1,0,0,2,53.69173445465364
8,10,1,0,0,0,54.47521682183579
8,11,1,0,0,0,54.07456858013633
8,20,0,1,0,7,55.94828075623471
8,21,0,0,0,5,42.726359489302155
8,23,0,0,0,0,44.58270116399324
8,24,0,0,0,6,39.47720363916903
8,25,0,1,0,4,54.17333910237984
8,28,0,1,1,4,69.80298063580292
8,29,1,1,1,1,88.08379403160379
8,30,1,1,0,0,70.83887676448424
8,31,1,1,0,6,70.30282217956575
8,33,0,0,0,5,41.17320468268468
8,34,1,0,0,3,55.20226844230095
8,35,1,0,0,6,53.49760580498449
8,36,0,0,0,7,41.61447610153062
8,37,0,1,0,2,62.67180577705936
8,39,0,1,0,4,54.34629588008217
8,41,1,0,0,5,53.23281549696237
8,44,1,1,1,0,87.9166924006196
8,45,1,1,1,4,87.54352032270367
8,46,1,1,1,2,88.08628029125134
8,47,1,1,1,4,88.39614065932227
8,48,1,1,1,1,88.50199711187969
8,50,1,0,1,1,71.54261710429022
8,51,1,0,0,0,54.66908370283406
8,54,1,0,0,1,55.45814683193096
8,55,1,0,0,7,55.44506343735761
8,0,0,0,0,0,46.980597044570395
8,2,0,1,0,4,53.15576373546187
8,3,0,1,0,2,60.86492076646566
8,4,0,1,0,1,59.86253217425863
8,7,0,1,1,1,72.79595428433763
8,11,1,0,0,1,54.06425749684463
8,12,1,0,1,0,73.62949651018957
8,13,1,0,1,2,72.79384533949788
8,14,1,0,1,1,72.22435453746058
8,16,1,1,0,3,77.66286961585888
8,18,1,0,0,4,57.069481823811365
8,20,1,1,0,5,70.0234275261135
8,22,0,1,1,4,67.60898427549964
8,23,0,1,1,0,74.40851974140405
8,24,0,1,1,7,68.82034684156525
8,26,0,0,0,4,43.0612256301617
8,27,0,0,0,5,43.65843733958951
8,28,0,0,0,4,42.6258009161522
8,33,0,1,0,7,58.36034663986905
8,34,0,0,1,6,55.88427603294061
8,36,0,0,1,7,60.360186167455225
8,37,1,0,0,7,59.204676547861304
8,38,0,0,0,7,43.257103940279094
8,39,0,0,0,5,40.417834868422204
8,41,0,0,1,3,58.521205033856724
8,42,0,1,0,1,62.14190065630216
8,43,0,1,1,2,75.69830250927761
8,44,0,0,1,5,58.63787226512768
8,45,0,0,0,1,50.88683719809986
8,46,0,0,0,2,50.81295248059283
8,47,0,0,0,5,43.18473801456166
8,50,1,0,0,0,54.14589665019663
8,56,1,1,0,1,73.0671714113214
8,58,0,0,0,0,47.45279632549519
8,59,0,0,0,4,35.92024208906905
8,1,1,0,0,6,52.9497678573029
8,4,0,0,0,4,39.36550960150595
8,5,0,0,0,2,45.220425440278675
8,6,0,1,0,2,59.948123298841764
8,7,0,1,0,2,57.90544283909669
8,9,0,1,0,3,61.033499994555015
8,11,0,0,0,0,42.64229497883961
8,13,0,0,0,0,44.836826003891964
8,14,0,0,0,2,45.390305432322286
8,18,1,0,0,3,65.9750074000195
8,19,1,0,0,3,62.70575092651618
8,20,1,1,0,3,70.3398129455548
8,23,0,0,0,4,41.65130778562315
8,24,0,0,0,0,49.775318697315846
8,27,0,1,0,6,57.79396587882484
8,28,0,1,0,3,60.232231140618325
8,30,0,0,1,6,56.85325950095813
8,31,0,0,1,2,62.037082289243465
8,32,0,0,1,6,55.31954792347382
8,33,0,0,1,7,60.16736123629028
8,35,1,1,0,4,69.75889489286989
8,39,1,1,0,2,69.36201919243776
8,40,1,1,0,6,69.177786492584
8,43,1,0,0,0,54.55499926292386
8,44,1,0,0,2,55.6020775402978
8,45,1,0,0,7,52.93001968798108
8,47,0,0,0,4,40.736161324323206
8,50,0,0,0,3,50.014871112929576
8,51,0,1,1,1,75.40064672775082
8,53,0,1,0,3,67.4484527161776
8,55,1,1,1,2,87.98218357738247
8,56,1,0,1,0,69.67026219984668
8,57,1,0,1,3,70.14774394874729
8,0,0,1,0,7,56.00143065335668
8,1,1,1,1,6,85.83593313222458
8,2,0,1,1,6,77.43454826211973
8,6,0,0,0,7,41.91905844946757
8,7,1,1,0,1,69.72762485598037
8,9,0,1,0,7,55.84015152462427
8,10,1,0,1,0,70.42139118602118
8,11,1,0,1,7,69.97523341299048
8,17,1,1,0,6,72.97336112044933
8,19,1,0,0,0,57.25569553408079
8,22,0,0,1,1,61.02744392952031
8,26,0,0,1,4,53.97879181252924
8,27,0,0,1,7,61.96085805953857
8,28,0,1,0,1,60.36196220086315
8,29,0,1,0,4,53.52393567173471
8,30,1,1,0,5,71.18414619133186
8,31,0,1,0,5,54.44891074701468
8,32,1,1,0,5,70.62415218809352
8,33,0,1,0,1,60.6280127022584
8,34,0,1,0,4,53.76315857660255
8,35,0,1,0,5,56.167265859710646
8,36,0,1,1,2,76.80480862801315
8,37,0,1,1,1,78.54522081805231
8,38,0,1,0,6,56.72856373375664
8,39,1,0,0,6,54.647287963562874
8,40,0,0,0,3,48.66486275533157
8,41,0,1,1,7,68.73863298522485
8,43,1,1,1,4,87.8053331100077
8,44,0,1,1,5,73.36792148287716
8,49,1,0,0,1,53.719883908017046
8,52,1,0,0,5,57.54355126108227
8,54,0,1,0,7,57.21640711817426
8,59,0,1,0,6,55.003954301958515
8,4,0,0,0,6,37.32745307529733
8,5,1,0,0,2,55.4535576059268
8,7,0,0,0,2,41.4728965021266
8,9,0,0,1,2,59.91022981486513
8,10,0,0,1,3,58.85118547038371
8,12,0,1,1,1,76.12997458376515
8,14,1,0,1,6,72.93919668933047
8,15,1,0,1,6,71.42481687955109
8,16,1,1,1,3,89.53430471040174
8,17,1,0,1,5,74.3344852603291
8,21,1,0,0,1,58.689991483031946
8,22,1,0,1,5,72.17222989656585
8,25,0,0,0,7,44.62233652508071
8,28,1,1,1,5,90.07747143706472
8,32,0,0,0,5,43.71311314645308
8,37,1,0,0,0,55.83033458684827
8,38,1,0,0,1,55.149686265218115
8,39,1,0,0,4,53.97383362588476
8,40,1,0,0,6,56.053001893841845
8,41,0,1,0,3,69.27892049990542
8,42,0,0,0,7,41.47109968868326
8,46,0,0,0,0,48.70658195635215
8,47,0,0,0,3,50.97433192005321
8,48,0,0,0,4,39.857861010183356
8,49,0,0,0,3,48.916782843017884
8,50,0,1,0,0,62.64157840953385
8,51,0,1,0,3,68.78992003269784
8,55,0,0,0,7,41.38755579897009
8,56,0,0,1,1,60.64814333226483
8,0,1,0,0,4,52.786533267670826
8,2,1,1,0,7,70.63822832311357
8,4,0,1,1,7,72.55150406703943
8,13,0,1,0,4,54.13654027937793
8,14,1,1,0,2,71.39104283350626
8,15,1,1,0,3,78.95177939270602
8,16,1,0,1,1,74.08418194464399
8,17,1,0,0,3,57.23193489363823
8,18,1,0,0,6,54.415941054975654
8,20,0,0,0,0,46.68582244180395
8,21,0,0,0,6,42.3472749051307
8,23,0,0,0,3,43.3361783232821
8,26,1,1,0,2,72.07686595219025
8,27,1,1,0,1,74.98724978555589
8,28,1,1,0,1,72.930802640498
8,29,1,1,0,7,74.59218010202035
8,31,1,1,0,0,70.51202983558572
8,33,0,1,0,2,59.63758392816544
8,35,0,0,0,4,42.09040451902237
8,36,0,0,0,0,43.7170023539941
8,38,0,0,0,3,45.382187392101656
8,41,0,1,1,5,70.31900081946077
8,43,0,1,0,2,63.28019131866782
8,44,0,1,0,1,63.839280322273375
8,50,1,0,0,2,53.73937603397121
8,51,1,0,0,5,56.50562502822049
8,52,0,0,1,4,54.86807593042676
8,53,1,0,1,0,71.92053197100269
8,54,1,0,1,5,71.24166316127771
8,55,0,0,0,5,42.598249576094844
8,57,0,0,1,7,58.749347229154644
8,0,0,1,0,2,62.340358781327545
8,6,0,1,0,5,54.75150245366922
8,7,1,1,0,7,69.48522984984639
8,9,1,0,0,1,53.61317476134252
8,10,1,0,0,7,53.52856895820856
8,12,0,1,0,0,62.41700894290446
8,13,0,1,0,0,60.16477547764326
8,15,1,1,0,5,72.17415243320126
8,19,0,1,0,1,64.69941066899872
8,20,0,1,0,5,57.07503035532706
8,21,0,1,0,1,58.90573450599915
8,22,0,1,0,5,54.38367802161647
8,23,1,1,0,0,69.70261256708426
8,24,1,1,0,6,71.12974378564077
8,25,0,0,0,0,47.31911560582363
8,27,0,0,0,6,44.776970676072374
8,29,1,1,0,2,72.1862173155352
8,32,0,1,0,2,64.08163437148038
8,34,0,1,0,3,68.1762172021696
8,35,0,0,0,6,42.02112367919276
8,36,0,1,0,3,61.527603067168656
8,38,0,0,0,0,48.039609699566945
8,41,0,1,1,1,74.1570042874592
8,42,0,1,1,2,74.06195631535816
8,45,1,1,1,6,87.50116973657295
8,47,1,0,1,6,71.31115171761711
8,48,0,0,1,4,55.71731738461057
8,49,0,0,1,7,57.49485166904696
8,54,1,0,1,3,70.49091751299585
8,55,1,0,0,6,53.11123149770971
8,57,1,1,0,2,70.44258404148277
8,58,1,0,0,6,52.578217822246174
8,3,0,1,1,7,69.6180940962856
8,4,0,0,1,5,55.878884785283184
8,6,0,0,1,6,48.03727693604973
8,7,0,0,1,0,60.048524224051654
8,8,0,0,1,3,64.67451043493425
8,9,0,1,0,0,59.57059401099639
8,10,0,1,0,5,55.150871948828936
8,12,0,0,1,4,58.84388603424959
8,13,0,0,1,2,60.70061723081386
8,15,0,1,1,4,68.76077384450045
8,16,0,1,1,6,74.55423791759641
8,18,0,0,0,6,44.15661246451599
8,21,1,1,1,5,85.44612012904639
8,25,1,0,0,2,56.34583135516608
8,26,1,0,0,3,61.87478632205717
8,27,1,0,0,2,55.80573687794809
8,28,1,0,0,2,56.720828884104286
8,29,1,0,0,3,55.51330769208225
8,30,1,0,0,1,56.37024561880786
8,31,1,0,0,2,54.886186353309014
8,32,1,1,0,6,70.08629694829267
8,33,0,0,0,4,37.76357310144503
8,34,1,0,0,0,55.46763761935033
8,36,0,1,0,2,58.263482352873766
8,38,1,0,0,2,55.39439298700452
8,39,1,1,0,3,69.12708804421221
8,40,1,1,0,3,68.66746668835911
8,41,1,0,0,4,53.315322830932594
8,42,0,0,0,4,40.326111584010064
8,43,0,0,0,1,53.58362532921729
8,44,0,0,0,1,55.7299647480876
8,45,0,0,0,5,42.5851373610779
8,47,0,0,0,6,41.8751889420918
8,48,1,0,0,5,53.7391839998332
8,50,1,0,1,0,71.9858959491113
8,51,1,0,1,5,71.20206222949376
8,55,0,0,1,7,55.87897048180255
8,56,0,1,0,2,60.324433045279285
8,58,0,1,0,6,54.388173434366216
8,59,0,0,0,1,44.984585600464094
8,0,0,0,0,1,47.018422606355855
8,3,1,0,0,6,55.982337749549814
8,5,0,0,1,2,57.175506591479525
8,9,0,0,0,3,46.096408892100506
8,10,0,1,0,6,53.39056210994086
8,11,0,0,0,7,41.15064216037257
8,12,1,0,0,5,54.230710669543505
8,18,0,0,1,4,54.87034039787359
8,20,0,0,0,7,44.797072253993804
8,21,0,0,1,5,54.82283125645673
8,22,0,0,0,0,44.9330246241748
8,24,0,0,1,7,60.59060615566425
8,25,1,0,0,3,57.71887036115878
8,27,1,1,0,6,71.92495606810574
8,28,0,1,0,5,56.80354736220894
8,33,0,0,1,4,54.22464087650718
8,36,0,1,1,5,73.75806498075961
8,37,0,1,1,0,77.56105478846365
8,38,0,1,1,2,78.78733623349386
8,39,0,0,1,7,54.95067714697898
8,40,0,1,0,5,54.594801363774955
8,41,1,1,0,3,69.0846814703503
8,42,1,0,0,5,53.08086066084736
8,45,1,0,0,2,53.627147891718465
8,48,1,1,0,7,72.74284168720284
8,49,0,0,0,4,39.93720440085628
8,53,1,0,0,7,53.292408341707514
8,54,0,1,0,6,53.8246914379043
8,55,0,1,0,7,57.77715123493202
8,57,1,0,0,4,53.46735240478968
8,1,1,0,0,0,53.54447079759806
8,3,1,1,0,2,69.23543664461414
8,6,1,1,0,1,71.12591824943145
8,7,1,1,0,6,69.1938805045695
8,8,0,1,0,1,59.095218326047274
8,12,0,1,0,5,57.13102206589289
8,14,1,1,0,3,72.95077082132089
8,15,1,1,1,0,88.38168720257963
8,18,1,0,0,5,58.91180805706287
8,27,1,0,0,4,55.081658131661065
8,30,1,0,0,6,55.98817644111802
8,43,0,1,0,7,57.91183254040679
8,50,0,0,1,0,60.92300070265817
8,51,0,0,1,4,55.931001746459195
8,52,0,0,1,0,60.805324116579484
8,53,0,0,1,4,53.80138034505791
8,54,0,0,1,7,60.97716675647234
8,55,1,1,0,4,67.97341455931344
8,8,0,1,0,3,64.16918663985206
8,11,0,0,0,2,42.41170394232177
8,15,1,0,0,7,56.44167088378188
8,22,0,0,0,5,42.69270526006107
8,23,0,0,0,7,43.32067904868056
8,24,0,0,0,1,45.878005039714346
8,25,0,0,1,2,64.48925542622912
8,26,0,0,1,2,62.58172405824653
8,27,0,0,1,1,65.82604992982337
8,31,1,0,0,1,56.63626022340432
8,32,1,0,0,4,54.56193279807965
8,36,1,0,0,3,55.08650981873831
8,37,1,0,0,1,55.972007271744175
8,39,1,0,0,5,53.8606437166578
8,41,0,0,1,2,58.14561854376906
8,42,0,0,1,5,59.253751894797986
8,43,0,0,0,7,42.32382095267044
8,44,0,1,0,4,56.908893464076485
8,46,0,0,1,1,62.107880197552056
8,48,0,0,0,3,51.68284453236166
8,50,0,0,0,7,44.7790537604905
8,51,0,1,0,0,59.46929359417051
8,54,0,1,1,6,70.6303572067268
8,55,1,0,1,4,71.22541355833972
8,56,0,0,1,5,52.06736070190592
8,58,0,1,0,3,71.89430131540463
8,59,0,0,0,2,45.39838403506509
8,2,1,0,0,4,53.38154737292604
8,5,0,0,0,6,39.30254723236092
8,8,0,1,0,2,58.72796117145038
8,13,0,0,0,5,41.739480755325914
8,23,0,0,0,5,39.527332528768795
8,28,1,0,0,1,56.93506358765199
8,29,1,0,0,1,56.788130130003296
8,40,0,0,1,2,60.186379909600994
8,42,0,1,0,7,54.78116626709854
8,43,0,0,0,3,50.38464215963287
8,45,1,1,0,5,71.16759302546056
8,46,0,1,1,4,68.15693065354262
8,47,0,1,1,7,76.84425520905054
8,49,1,0,0,7,52.31031571210086
8,52,0,1,0,6,55.95309625442379
8,53,0,1,0,7,61.61213105254195
8,55,0,1,0,2,66.79012511871761
8,56,0,1,0,7,57.938968034293566
8,0,1,1,0,7,68.55038386073768
8,2,0,1,0,5,54.53768335138288
8,3,0,1,1,0,73.84158968934655
8,4,0,1,1,5,70.54518616362603
8,6,1,1,0,4,69.76605077135622
8,8,1,1,0,2,68.87198879007022
8,13,0,0,1,0,60.639050765300766
8,14,0,0,1,5,55.831289227802955
8,15,0,0,0,2,46.79553247058311
8,17,1,0,0,6,57.39406097094573
8,19,0,1,0,3,68.36857188367652
8,20,0,1,1,0,76.44532617787968
8,21,0,1,1,6,70.74247540122668
8,22,0,0,1,7,57.859653853232444
8,24,0,0,0,4,39.74551757677467
8,27,0,0,0,3,55.71211131769461
8,33,1,0,0,2,55.64194675079029
8,34,1,0,0,4,55.910595088561045
8,35,1,0,0,7,55.538607207514076
8,39,0,1,0,5,56.160829945972964
8,41,0,1,0,7,57.99622434089602
8,45,1,0,1,2,72.01827333535387
8,46,1,0,1,7,71.4715155009489
8,49,0,1,0,1,62.71295895825708
8,50,0,1,0,1,63.21734047172699
8,51,0,1,0,5,56.926127589249276
8,52,1,1,0,1,70.97111804348023
8,53,1,1,1,3,88.2140552437222
8,57,0,0,0,1,45.59884737187605
8,58,0,0,1,5,53.52830636740393
8,1,0,1,0,4,52.97324342584481
8,2,1,1,0,1,70.16545658721567
8,3,1,1,1,1,89.01970503004824
8,4,1,1,0,6,68.15723995442168
8,7,0,0,1,4,53.398854751097616
8,8,0,0,1,1,60.173717245545056
8,10,0,1,0,0,58.79069486336547
8,15,0,0,0,3,46.49712162330068
8,16,0,0,1,4,56.89049694265509
8,17,0,0,1,4,56.26641501587935
8,19,0,0,1,1,64.57733207072103
8,21,0,1,1,5,71.8020674718604
8,25,1,1,1,0,88.01488644112573
8,26,1,1,1,3,88.63862864778488
8,27,1,0,0,1,55.32264376095892
8,28,1,0,1,7,73.5255065299302
8,29,1,0,1,6,75.38742579302608
8,30,0,1,1,4,69.7127893577086
8,31,0,1,1,0,76.09692690453981
8,32,0,1,1,6,72.19409751713226
8,33,0,1,1,5,74.37037089842059
8,35,0,1,1,2,76.52229898819678
8,36,0,0,1,3,62.17352598099997
8,42,1,0,0,4,53.84767313895292
8,48,0,0,1,7,60.772232108542966
8,49,0,1,0,7,59.112732805284516
8,50,0,1,1,1,75.09046606924669
8,51,0,1,0,4,53.34297010843117
8,54,0,0,0,4,39.89882905748127
8,58,0,0,1,0,58.914657121550555
8,0,0,0,1,0,60.29851564923894
8,1,0,0,1,5,54.60392010116309
8,2,0,0,1,5,55.98114695841386
8,5,1,0,0,7,53.22538149669391
8,6,0,0,1,5,54.71190150823505
8,8,0,0,1,7,57.91397268924514
8,9,1,1,1,3,87.82343712799906
8,14,1,1,0,0,76.34913038912313
8,15,1,1,0,0,71.95325394278191
8,16,1,1,0,7,72.10689957551081
8,19,1,1,0,1,73.75642992777694
8,20,1,1,0,2,71.58918651104555
8,22,1,1,1,3,91.24780636238518
8,23,1,0,0,4,54.012804129435814
8,30,0,0,0,5,43.486365101931824
8,32,1,0,0,2,60.5572839344897
8,33,1,1,0,6,69.8415755178147
8,35,1,1,0,7,69.53280100331712
8,36,0,0,0,1,43.48693476128197
8,44,1,0,0,6,54.33163666544722
8,50,1,0,1,7,71.81810544972859
8,51,0,0,1,6,57.43323593564108
8,52,0,0,1,1,62.03317238655293
8,54,0,0,0,3,46.49967078120955
8,57,0,0,0,3,48.96071682593589
8,58,0,1,0,7,56.867111724108874
8,1,1,1,0,5,68.6851465622988
8,3,1,1,0,3,71.3934110130091
8,4,1,0,0,3,53.63398958973197
8,12,0,1,0,6,53.451404856396216
8,16,1,0,0,3,59.5438406237529
8,20,1,1,0,4,69.8834932037614
8,21,1,1,0,1,72.10358774152525
8,22,1,1,0,7,71.61426602684482
8,25,0,1,0,0,63.577557475863735
8,26,0,1,0,1,61.86669215277023
8,30,1,0,1,6,71.22596990782979
8,32,0,1,1,1,77.61609724439155
8,37,0,0,0,7,42.99678088043067
8,39,0,1,1,1,78.05602979031679
8,41,0,1,0,5,55.88746684746124
8,42,0,1,0,3,60.30688111562842
8,45,0,0,0,2,49.13271509833295
8,50,0,1,0,2,61.52240456994493
8,51,0,0,0,0,47.89686664935473
8,52,0,0,0,6,37.684258095540585
8,53,0,0,0,6,41.34460339935488
8,54,1,0,0,4,55.099039290036586
8,0,1,0,1,3,69.02840853895806
8,1,1,0,0,5,55.69706933357247
8,6,0,1,1,1,75.2962180917285
8,8,0,0,0,5,39.393355986465636
8,9,1,0,1,0,71.0688025006772
8,11,1,0,1,5,72.13798081142329
8,12,1,0,0,1,54.62085182381626
8,13,1,0,0,0,55.24757983275119
8,14,1,0,0,5,57.142203625708134
8,15,0,0,1,0,61.58708935557361
8,16,0,0,1,3,61.767228470859905
8,17,0,0,0,1,50.43504798885646
8,18,0,0,0,5,44.38968487871789
8,25,0,1,0,1,59.73523085511901
8,27,0,1,0,2,62.85350525438696
8,29,0,0,0,3,50.659110283007394
8,30,0,1,0,0,59.41014845209872
8,32,1,1,0,3,70.61372419902368
8,33,1,0,0,7,56.5605026704629
8,37,1,0,0,3,55.35958479174784
8,38,1,0,0,7,58.82007956914586
8,43,0,1,0,1,65.14456968894906
8,46,0,1,0,7,57.71367291958407
8,48,0,0,0,1,50.89158820109762
8,49,0,0,1,3,63.58568281948119
8,52,0,1,0,0,63.237698247368186
8,54,0,1,1,0,77.54687119526638
8,2,1,1,0,6,70.02277277996782
8,5,1,0,0,6,52.49365417782895
8,7,0,0,0,1,41.91824341034679
8,12,0,0,1,1,61.205189509934556
8,14,1,0,0,4,55.54713889339236
8,17,0,1,0,5,58.59194822863865
8,18,0,1,0,6,58.14108804037288
8,22,1,0,0,1,55.78758095148601
8,27,0,1,0,0,60.41437817656337
8,28,0,1,0,0,65.70631388866464
8,35,0,1,1,0,76.99620725788006
8,37,1,1,0,3,71.42597281590095
8,38,1,1,0,7,69.0264401842689
8,40,0,0,0,6,41.81676001850298
8,41,1,1,0,1,69.80709570978716
8,42,1,1,1,7,86.91109958632218
8,43,1,1,0,3,77.23662467788935
8,44,1,0,0,7,68.44167569888832
8,45,1,0,0,4,54.25904818108101
8,46,0,0,0,3,52.46000555495876
8,48,0,1,0,5,54.225639773529245
8,55,1,0,0,0,55.38442330304173
8,56,1,0,0,5,53.232576489815585
8,58,0,0,1,1,62.79239996884862
8,0,1,0,0,3,53.45852138378334
8,1,1,1,0,2,69.39781657956954
8,13,0,1,0,5,59.04427303208868
8,14,1,1,0,5,72.15244917573317
8,17,0,1,0,0,65.97506928535297
8,18,0,1,0,2,64.16118491129129
8,21,0,1,0,2,66.53433508705449
8,23,0,0,1,5,56.13289783493252
8,25,0,1,0,5,58.40692148147094
8,26,1,1,0,1,72.13371036921036
8,27,1,1,0,4,71.32711281823843
8,28,1,1,0,6,70.7640130280588
8,30,0,1,0,1,60.89470678996558
8,31,0,1,0,2,58.987420245456946
8,36,0,1,1,7,72.8118046140501
8,38,0,0,0,1,44.92533668713069
8,40,1,0,0,0,54.666846579456255
8,43,0,0,0,6,44.8724108028275
8,44,1,1,0,5,70.80034645135295
8,45,0,1,1,1,78.42087183383606
8,47,0,1,0,2,62.8370080057394
8,52,0,1,0,1,62.638938960159045
8,56,0,1,1,5,73.2088835116007
8,57,0,1,0,1,71.58193481084187
8,59,0,0,0,3,49.345312401823605
8,0,0,1,0,4,55.172042083862344
8,2,1,1,0,2,69.38967237842328
8,3,1,0,0,2,54.20162795330689
8,5,0,0,0,0,43.836278947306525
8,10,1,0,0,6,54.565952004864855
8,15,1,0,0,1,57.08700172303232
8,16,1,0,0,1,57.52861008916588
8,20,0,1,1,4,71.22622785035787
8,26,0,0,0,1,45.47403895321847
8,28,0,0,0,0,46.95260668498519
8,35,0,0,1,1,62.03451208557571
8,38,1,0,0,0,55.158149642763235
8,41,1,0,0,3,53.80187194854485
8,42,1,0,1,2,70.26013159207939
8,43,1,1,1,2,87.5882841956324
8,44,1,0,1,2,71.59399234393206
8,45,1,1,1,1,87.89539809141726
8,46,1,1,0,6,70.21206299957171
8,49,0,1,1,5,69.02387600253707
8,50,1,1,0,7,80.00285771146633
8,55,0,0,0,3,47.96028974712294
8,11,0,1,0,2,59.00741382636061
8,12,0,1,0,7,61.249755448402155
8,13,0,0,1,7,60.747188926936836
8,16,0,1,0,3,62.280334050292545
8,17,0,1,0,1,63.79742491786674
8,19,0,0,0,0,47.66060831194485
8,24,1,0,0,2,56.70743744915171
8,25,1,0,0,6,54.13148819877708
8,28,0,0,1,4,52.76459590951882
8,29,1,0,1,3,74.64741154817266
8,32,0,1,1,7,73.89259018520218
8,34,0,1,0,0,62.21969800561599
8,35,0,1,0,2,61.68232437302091
8,38,0,1,0,2,64.42937927253907
8,40,0,1,0,1,60.42635038009426
8,41,0,1,0,6,54.62338651591735
8,42,1,0,0,0,53.829377622249396
8,45,1,0,0,0,53.98676012419988
8,46,1,0,0,6,53.34257432070706
8,48,1,1,1,2,88.23444728771999
8,49,1,1,1,7,88.42383688087318
8,52,1,1,0,5,70.63537667739227
8,53,0,1,1,1,76.35449397158021
8,54,0,1,0,2,61.83765258098849
8,58,0,1,1,2,74.24077822690624
8,59,0,1,1,7,73.2322034820017
8,17,1,0,0,5,58.887462174505444
8,19,1,0,0,1,57.68159175279814
8,20,1,0,0,5,57.08700001887895
8,24,0,0,0,3,43.879489720818626
8,25,0,0,0,6,42.377718464963955
8,30,1,1,1,2,86.40727931529847
8,31,1,1,1,6,87.60512905138927
8,35,1,1,0,6,69.25023724469325
8,39,0,0,1,3,61.3374156271421
8,44,0,1,0,6,56.458498208015165
8,46,0,0,0,7,47.59951554559275
8,49,0,1,0,5,57.341841607648256
8,50,1,1,1,2,88.38574564607731
8,51,1,1,1,2,88.13778633300343
8,52,1,0,1,5,72.54468048688724
8,59,0,1,0,0,59.848298415156385
8,1,0,1,0,6,54.98388765499169
8,7,0,0,1,7,58.41702736135339
8,9,0,1,0,5,52.390626546939004
8,14,0,0,1,7,58.93889010487914
8,16,0,0,1,0,61.678105579869445
8,18,0,0,1,3,60.867031277489474
8,20,1,0,0,7,58.19922124664778
8,26,0,1,0,2,68.74367521362126
8,29,0,1,1,3,80.08604860199742
8,30,0,0,0,1,49.14570359663912
8,31,0,0,0,5,40.38630338735338
8,33,1,1,0,0,72.6146951041604
8,35,1,0,0,4,55.95892946148111
8,39,0,0,0,2,50.404905729683044
8,40,0,0,0,2,53.84590427266014
8,44,0,0,0,2,49.80392348368146
8,45,0,1,0,4,54.317772018108705
8,47,0,1,0,7,59.33510119380729
8,54,0,1,0,4,55.66830800535702
8,0,1,0,1,2,69.39646200076473
8,2,0,0,1,4,55.37747364960749
8,3,0,0,1,2,60.748860956995095
8,5,0,0,0,5,38.313932987517944
8,6,1,0,1,5,69.80467346637354
8,7,1,0,0,1,53.39321749785002
8,8,1,0,1,5,71.09637379998432
8,15,0,1,0,7,57.945999463027896
8,16,0,0,0,6,45.60727878120771
8,17,1,1,0,0,72.34428009152145
8,18,1,1,0,4,70.12814179120707
8,20,0,1,0,3,61.226102442653776
8,21,0,1,0,7,57.134031913856184
8,22,1,0,1,7,72.00179605920529
8,23,0,0,1,3,59.3500906953331
8,24,0,0,1,0,60.803628293197406
8,25,0,0,1,4,55.59511136477392
8,26,0,0,1,5,57.34501897904549
8,27,0,0,1,3,68.62777595424429
8,28,0,0,0,1,46.643846754122066
8,29,0,0,1,7,57.165373273262794
8,30,0,0,1,3,62.69702851533781
8,33,0,1,1,2,79.10867773227682
8,34,0,1,1,5,72.3865594842889
8,37,0,0,1,1,61.16610531987687
8,39,0,0,1,1,64.86203761990676
8,42,1,1,0,2,69.76187763496792
8,43,1,0,0,6,55.4279758827545
8,44,1,1,0,3,70.378028045762
8,45,1,0,1,3,72.10627450855723
8,47,1,0,1,7,71.62462715016706
8,55,0,1,1,6,72.23872955573268
8,56,1,0,1,1,69.83852522932636
8,57,1,0,0,3,53.14179305675614
8,58,1,0,0,5,52.438607972529766
8,59,1,0,1,1,71.0209135834413
8,0,1,0,0,0,53.028289302500184
8,2,1,0,0,0,53.49400482832303
8,3,1,0,0,5,53.63383799265248
8,8,0,1,0,4,51.6760673248849
8,10,0,0,0,3,42.641528834163246
8,20,0,0,1,1,63.14140169189897
8,22,0,0,0,7,44.1911256751457
8,29,1,1,0,0,71.39504130266204
8,34,1,1,0,6,69.46388432701262
8,40,0,0,1,0,58.90542371948184
8,42,0,1,1,1,74.90519379042719
8,50,0,1,0,5,61.01831451561405
8,51,1,1,1,4,88.3128064650489
8,52,0,1,1,7,76.78806445290817
8,59,1,0,0,5,52.38777773442111
8,5,0,1,0,0,60.57201535019053
8,9,1,1,0,2,68.71139438252483
8,12,1,0,0,3,53.943552937265395
8,13,1,1,0,3,71.29418008177501
8,14,1,1,0,1,72.94051216806861
8,17,0,1,1,5,71.06611722251186
8,19,0,1,0,0,61.39103132335927
8,21,0,1,0,3,58.734038420560466
8,24,0,0,0,5,43.08523930169607
8,25,1,0,0,1,57.51723378235673
8,27,1,0,1,2,71.95722478041552
8,28,1,1,1,2,89.36758247879673
8,29,1,0,1,0,74.4077632240056
8,30,1,0,1,5,71.3973122271346
8,34,0,0,0,3,46.14170535023614
8,37,1,1,0,6,74.83075704478692
8,41,0,0,1,5,56.703617642502515
8,42,1,0,1,0,70.51175110091334
8,43,1,0,1,2,71.17485186983937
8,44,1,0,1,4,71.13925045902558
8,45,0,0,1,5,57.924000310546695
8,47,0,0,1,3,63.511268955581
8,48,0,1,0,3,62.20710338643729
8,50,0,1,0,7,58.62253852793089
8,57,0,0,1,1,60.573832229598445
8,58,0,0,0,6,39.14826302832827
8,21,0,1,1,4,68.5021687201807
8,22,0,1,1,2,74.41695377698407
8,31,0,0,1,3,71.75917844418133
8,35,0,0,0,3,48.25965245173357
8,47,0,1,0,1,62.916892770875386
8,58,0,1,0,4,54.593254071472394
8,59,1,1,0,5,67.95675818870608
8,8,1,0,1,3,69.7349997835029
8,9,1,0,0,3,52.0639088827039
8,13,0,1,0,1,64.32538987739467
8,14,0,1,1,6,72.01284635604294
8,15,0,1,1,2,75.4894282221912
8,16,0,1,1,5,71.04256436793477
8,18,0,1,1,4,67.67194273726858
8,19,0,1,1,7,70.71729081663509
8,20,0,0,0,3,46.34188443847492
8,25,0,1,1,5,70.31833736651419
8,26,0,1,0,6,56.778415799360005
8,40,0,0,1,6,56.07933475299235
8,41,1,0,1,7,70.45450950164567
8,42,0,0,1,4,54.9473210593366
8,44,0,1,1,3,76.90695988016901
8,45,0,1,0,5,58.74256083671084
8,46,0,1,0,4,54.003370331258864
8,47,1,1,0,4,69.716530340741
8,50,0,0,1,5,53.74174615911827
8,51,0,0,1,0,61.748673100478065
8,52,0,0,1,7,59.04534313618424
8,56,0,1,0,4,52.8358134827564
8,1,1,1,1,3,86.17691919706854
8,3,1,1,0,4,68.86792725394542
8,9,0,1,1,5,73.05685879811493
8,20,0,0,0,6,41.304395049093735
8,22,0,1,0,6,58.785874323368
8,26,0,1,0,3,61.41727951531082
8,32,1,0,0,7,55.195236686129036
8,33,0,1,0,5,57.749512289601505
8,34,0,1,1,7,74.77431548071687
8,35,1,0,0,5,56.02407039587838
8,40,1,0,0,7,54.45235540015868
8,41,0,0,0,5,42.11404780102902
8,47,0,1,0,6,58.69147366072695
8,59,1,1,0,7,67.81815691338596
8,5,0,0,1,7,56.96033524148657
8,6,1,0,0,7,55.31144403886958
8,7,1,0,0,0,53.927717978057935
8,9,0,0,0,2,42.96877781262372
8,14,1,0,0,3,57.072207896576415
8,18,0,1,0,7,58.650267188962275
8,22,0,1,1,1,74.16709846869217
8,23,0,1,1,5,71.10005623826723
8,24,0,1,1,0,74.46724067433003
8,25,0,1,1,3,76.0318742442301
8,30,0,1,0,5,58.418953952446124
8,31,1,1,0,3,70.69805460802596
8,32,1,0,0,1,55.20684448816511
8,33,1,0,1,7,73.99861949505777
8,36,0,1,1,0,77.25050506266095
8,48,1,1,0,3,69.13516358320834
8,49,1,0,0,0,57.97068114624328
8,50,1,0,0,1,54.217570922792866
8,51,1,0,0,3,53.75377065327883
8,57,1,0,0,5,52.99696070918897
8,1,1,1,0,0,69.49317624569233
8,2,1,1,0,0,70.39293430511717
8,3,1,1,0,5,70.2925766457178
8,6,1,0,0,2,52.7448818933926
8,8,1,1,0,3,67.88426425964687
8,9,1,1,1,2,87.34109249751333
8,10,1,0,1,5,70.51973128845407
8,12,1,0,0,7,59.54101561592198
8,13,1,1,1,5,87.82392127690427
8,16,1,1,0,4,71.67840195991955
8,18,0,1,0,3,69.95318921704424
8,19,0,1,0,7,63.87685017535827
8,25,0,0,0,5,43.89979697429946
8,30,1,1,0,1,70.38112568773222
8,31,1,1,1,1,88.08815336991319
8,34,1,1,0,4,70.29582939113119
8,37,0,1,0,7,57.937479075025884
8,40,0,1,0,3,66.45301478515088
8,42,0,0,0,5,40.402467391919835
8,43,1,0,0,4,54.60453119535831
8,46,1,0,0,7,53.43419870230488
8,56,1,0,0,2,52.98799073004201
8,58,1,1,0,2,70.02785752418143
8,59,1,1,0,3,70.94315704014885
8,0,1,1,0,0,69.45421335593738
8,2,0,1,1,1,80.5920229948243
8,3,0,1,0,3,68.18544067834416
8,9,1,1,0,4,68.52019137879869
8,13,1,0,0,6,54.87474034414202
8,15,0,0,0,4,44.232618123367324
8,17,0,0,0,2,47.05271870902149
8,18,0,1,0,1,64.45541172679421
8,21,1,1,0,4,71.10770060882523
8,22,1,1,0,3,82.51926798574294
8,35,0,0,0,0,46.66572736553062
8,41,1,0,0,7,53.601621916282774
8,48,0,0,0,2,50.746157993837194
8,1,1,0,0,2,53.354318273743985
8,3,1,1,0,1,71.0683072855073
8,4,1,1,0,2,69.07059145656102
8,5,1,1,0,2,69.50191687388333
8,6,1,1,0,7,70.24702331258631
8,7,1,1,0,5,69.79786514397699
8,8,1,1,1,2,86.6445071231707
8,11,0,0,0,3,42.455376802747395
8,31,1,0,0,5,55.02255059397482
8,32,0,0,1,4,55.98534374146433
8,33,1,0,1,1,72.14115506982488
8,38,1,0,0,3,55.27703338023562
8,40,1,0,0,4,54.62313679288762
8,42,0,1,0,4,56.46766793538872
8,48,0,0,1,6,56.42203467296685
8,49,1,0,1,4,72.11095470593338
8,50,0,0,1,3,68.5931021940496
8,51,0,0,1,7,57.297703806562915
8,56,0,1,1,0,77.41006183888376
8,58,0,1,1,3,74.51170354809895
8,3,0,1,0,5,54.21552654404142
8,5,0,1,1,2,75.42362202623262
8,7,0,0,1,1,59.0758999977804
8,8,0,0,1,0,58.612512701817124
8,9,0,0,1,7,59.62300985997704
8,12,0,0,1,7,60.13802676927638
8,13,0,1,1,6,68.4492036814953
8,15,0,0,1,6,57.067502269591884
8,16,0,1,1,7,74.10931330413864
8,24,1,0,0,4,54.67668334426686
8,29,1,1,0,4,72.41236295819435
8,31,0,1,0,0,66.35420792171834
8,36,0,1,0,0,60.58426948340872
8,40,0,1,0,6,56.159209639916114
8,45,0,0,1,4,56.11153580766707
8,49,1,1,1,3,88.39225856039708
8,59,1,1,1,5,86.74042371698269
8,1,1,1,0,3,75.3769491115905
8,3,1,1,1,6,88.93335223762553
8,4,0,1,1,3,75.1124789057322
8,7,0,1,0,7,54.7684370860153
8,10,0,1,0,7,57.13910017215399
8,12,1,1,0,6,69.94548278392047
8,24,1,1,0,4,70.31145969190399
8,28,0,1,0,4,55.639662068270816
8,29,0,1,0,5,56.57747459515088
8,30,0,1,0,3,59.62054655919165
8,37,0,0,0,1,44.037422819652676
8,45,1,0,1,4,71.83043705565683
8,46,0,0,1,5,60.04722039158457
8,49,1,0,0,3,52.81334846053089
8,50,1,1,0,4,71.23133984483631
8,51,1,1,0,1,70.41046638855579
8,52,1,1,0,4,69.75412693762301
8,54,1,0,0,5,53.27148380939998
8,56,0,0,1,6,54.583471034684905
8,57,0,1,1,3,78.10202080460661
8,0,0,1,0,3,58.27335968477832
8,10,1,1,0,6,69.01802249754157
8,12,0,0,0,4,39.780736548106646
8,14,0,1,0,0,61.75472092820313
8,15,0,1,0,6,62.18992514677065
8,21,1,0,0,6,54.67800490913617
8,22,1,0,0,4,54.66194977138648
8,24,1,0,0,1,56.10428814132696
8,25,1,0,0,7,56.73761010959235
8,26,1,1,0,3,74.8201820977184
8,27,1,1,0,0,71.5889956436565
8,39,0,0,0,0,46.491703884838316
8,41,1,0,0,2,53.020021566102564
8,42,1,1,0,7,72.17763378704788
8,44,0,0,0,6,41.44843370999218
8,47,1,0,0,1,59.169433287138745
8,48,1,0,0,6,53.746753060116816
8,50,1,1,0,0,70.53291793094913
8,51,1,1,0,6,70.1081156212805
8,1,0,0,1,1,62.07665816012911
8,4,0,0,0,5,38.062954036390956
8,12,1,1,0,1,70.40584240886002
8,13,1,1,1,0,89.75019080688841
8,14,1,1,1,7,86.58651846462993
8,15,0,1,1,1,75.8817228782907
8,16,0,1,1,2,76.92654911143487
8,17,0,0,1,6,55.39605158481143
8,18,0,1,1,1,80.09990479129252
8,19,0,1,1,0,76.14887506422771
8,20,0,1,1,1,75.83476102872591
8,22,0,1,1,7,73.0356275220776
8,23,1,0,0,2,55.96900124092142
8,24,1,0,0,3,58.25255781222905
8,25,1,0,1,0,73.48174934735249
8,26,1,0,1,7,74.57900161446958
8,29,0,1,0,1,60.09366433974972
8,39,1,0,0,3,54.1371369330854
8,42,1,0,1,6,71.19298800141203
8,43,0,0,1,3,67.88032183716157
8,44,0,1,1,4,72.8779842516874
8,46,0,1,0,2,62.54012051744346
8,48,1,0,1,6,69.6237111609015
8,52,1,1,0,6,69.79820623682717
8,54,1,1,0,1,69.94328627913448
8,55,1,1,1,4,86.59395315227893
8,57,0,1,1,7,71.90807055401164
8,6,0,0,0,4,39.08592344067101
8,12,1,1,0,3,72.81379747625101
8,13,1,1,0,2,71.35405900174767
8,17,0,0,0,5,45.49895773422711
8,18,1,0,0,7,58.38893298872348
8,20,0,0,0,4,40.54516105096992
8,22,1,0,0,0,56.165341621343465
8,28,0,0,1,7,57.88601732101135
8,30,0,1,0,6,55.10894131135167
8,33,1,1,0,4,69.86972388345947
8,35,0,1,1,7,76.15846342683705
8,37,0,1,1,4,70.96822768096759
8,46,1,0,0,5,54.104692264186625
8,53,0,1,0,2,63.54537670635361
8,57,1,0,1,0,70.54156430967309
8,58,1,0,1,1,70.05363428808832
8,3,0,1,0,1,61.70293854856115
8,5,1,1,0,3,69.55477118845977
8,7,1,1,0,2,69.42972522566568
8,11,0,1,0,6,54.69760582147682
8,12,1,0,0,2,56.24414138315388
8,21,0,0,0,4,39.77921208644966
8,31,0,0,0,7,44.0404262569512
8,32,0,1,0,5,55.16884126714359
8,33,0,1,1,6,73.3276011050284
8,34,1,0,1,2,71.93798490480175
8,35,1,1,1,3,87.26047547327377
8,36,1,0,0,1,56.64330233167556
8,37,1,0,0,6,54.73989139559732
8,48,1,0,0,2,54.031075289856894
8,49,1,0,0,5,52.52167081145045
8,53,0,0,0,2,49.428910032973675
8,1,0,0,0,1,46.6534586365445
8,8,0,0,0,0,42.98815114826073
8,13,1,0,0,1,57.9480082752264
8,15,1,1,0,6,75.15148551601024
8,17,0,1,1,2,75.07228709346717
8,19,1,0,1,4,72.2223833200512
8,20,0,0,1,4,56.125319504673264
8,26,1,0,0,1,57.42245998350725
8,27,1,0,1,0,73.11057832859434
8,32,0,1,0,7,61.29242956052829
8,34,1,1,0,5,69.71908520093147
8,39,1,0,0,2,54.25164539028613
8,40,1,1,0,2,68.94000372931106
8,41,1,1,0,7,69.62820995248673
8,42,1,1,0,3,70.52395808645467
8,52,0,1,1,6,67.95150783877196
8,53,0,1,1,2,76.54471256373691
8,56,1,1,1,6,85.76422596738182
8,57,0,0,1,6,57.56842159453002
8,58,1,0,1,0,70.44351624530213
8,59,1,0,1,3,71.09129028662099
8,0,1,0,0,1,53.306333823452384
8,3,0,0,1,4,53.220352348793185
8,4,0,0,1,7,56.134792205987296
8,6,1,1,1,3,85.60060780462754
8,9,1,1,1,0,87.01921990727752
8,10,1,1,1,1,87.22215670821845
8,11,1,1,0,6,69.16380227816775
8,14,1,0,0,0,57.086843010645765
8,15,1,0,0,0,57.108871314272484
8,21,1,0,0,3,66.7087527796776
8,22,1,0,0,7,56.404038475565436
8,23,0,1,0,3,63.52184910134353
8,24,0,0,1,3,61.2829177056816
8,26,0,1,0,0,61.88455418420341
8,30,0,1,1,5,70.05989327831944
8,35,0,1,0,0,59.831891735096825
8,52,1,0,1,3,78.52135510810724
8,55,0,1,0,1,59.927736681382044
8,57,0,1,0,3,61.084403841428546
8,2,1,0,1,3,70.4700997732844
8,8,1,0,0,1,53.33628304391416
8,11,0,1,1,4,70.54517420327113
8,12,1,1,1,1,88.73671884785318
8,13,1,1,0,1,71.43922534912461
8,14,1,1,1,0,88.55314311213132
8,15,1,1,1,2,92.2254506474889
8,16,1,0,1,2,73.4971079221695
8,17,1,1,1,0,88.19444583161925
8,18,1,1,1,2,86.88330652312399
8,24,1,0,1,6,71.8634959548071
8,27,1,1,0,2,72.85392281450936
8,34,1,1,0,0,69.81053703455645
8,35,1,1,0,0,69.90075271893313
8,38,1,1,0,5,69.57629045444376
8,39,1,1,0,7,71.73318944409309
8,40,1,0,1,7,71.17614353302075
8,41,1,0,1,6,70.09407925494163
8,53,0,1,1,0,81.88157429932743
8,54,0,1,1,3,85.56593352020701
8,59,1,0,0,1,52.708087737626
8,3,0,0,1,7,57.822335783635474
8,8,1,0,1,1,70.27386554068708
8,9,1,0,0,7,53.46942416524136
8,10,1,1,0,2,70.3993304096124
8,11,1,0,0,4,53.73235295208653
8,15,1,1,0,1,71.82146298106406
8,17,0,1,0,2,63.880237953412994
8,20,0,0,1,5,59.22494236818458
8,21,0,0,0,0,51.29011746552756
8,27,0,1,1,6,74.7590300085248
8,29,1,0,1,4,73.00662398137422
8,30,0,0,1,4,55.851450103051384
8,31,1,0,1,2,71.87099786276723
8,32,1,0,1,0,73.2787098512081
8,33,1,0,1,6,73.73690047467582
8,34,1,0,1,5,72.88414104416906
8,40,1,0,0,1,54.45595921686769
8,42,0,0,0,1,47.42595253854891
8,50,1,1,0,1,70.56720946279201
8,51,1,1,0,2,71.25322681656188
8,52,1,1,0,0,71.14016229760419
8,53,1,1,0,2,70.45161872196586
8,56,1,0,1,7,71.5334295510162
8,58,1,1,0,5,70.10281089567614
8,59,1,1,1,4,86.83611991452432
8,0,0,1,1,7,73.3952134355556
8,2,0,0,1,3,60.73837726015187
8,6,1,1,0,0,70.17986733628385
8,10,1,1,0,4,69.73428923574427
8,12,1,1,0,0,70.16736184181337
8,19,1,0,0,4,56.08802402295843
8,29,1,0,0,6,56.300773287811275
8,39,0,1,1,4,67.56448281831037
8,45,1,1,1,7,90.79269638104556
8,51,1,1,0,4,69.03772812166058
8,3,1,0,0,7,54.69466013482405
8,7,0,1,1,7,71.05024869360437
8,11,0,1,0,1,60.39109206068471
8,15,1,0,0,4,57.04738764858827
8,25,0,1,1,6,72.97025716814764
8,27,1,0,1,6,72.80694496372007
8,28,0,0,1,1,63.088504588165726
8,32,1,0,0,3,54.71669688246474
8,33,1,1,0,1,70.1000554881058
8,34,1,1,1,2,87.89160473915082
8,35,1,0,1,4,72.27746624658558
8,36,0,0,1,1,60.73679025427245
8,47,0,0,1,7,60.430142998329046
8,49,1,1,0,0,69.29116931855503
8,53,1,1,0,7,69.8626783450583
8,58,0,0,1,6,54.2857433207321
8,3,1,0,0,4,53.79874869609371
8,7,1,1,0,0,70.16141825657
8,15,0,1,0,3,66.01094670021611
8,16,0,0,0,5,45.660652113974
8,26,0,0,1,3,61.33758945935732
8,28,0,1,1,3,87.38827753715672
8,32,0,1,1,3,76.98923551331269
8,42,1,0,0,1,53.76251491625649
8,43,1,0,1,7,71.50634115843901
8,44,1,1,0,7,77.483889381223
8,45,0,0,0,0,50.765515555562125
8,51,0,0,1,1,68.39476674760694
8,9,0,1,0,6,56.626556101080375
8,10,0,0,0,5,38.50213075596947
8,19,0,1,1,2,76.54969486888677
8,21,0,1,1,1,74.93672274006305
8,23,0,1,0,1,60.074663875885335
8,26,0,1,1,3,77.85478067612024
8,30,1,0,0,2,56.9135745789155
8,31,1,0,0,3,54.45897282077697
8,32,1,0,1,5,72.37989498648176
8,35,0,0,0,1,47.76300484268557
8,37,0,1,1,5,71.33903640618304
8,39,0,1,1,2,75.61293652751746
8,40,0,0,1,5,55.24459222561658
8,43,1,0,1,0,71.53566278407746
8,47,1,1,1,1,88.22888971128089
8,48,1,1,0,2,69.31588570379233
8,50,1,0,0,3,64.25647447064367
8,57,0,0,1,4,51.661974420486104
8,1,0,1,1,6,74.32429201151322
8,2,0,0,1,7,60.55160620833392
8,3,0,1,1,6,68.1283866227652
8,7,0,0,0,4,38.169170699323026
8,17,0,0,0,3,47.0406899955733
8,23,1,0,0,5,56.47087239129753
8,24,0,0,0,7,41.69557066531056
8,30,0,0,1,7,57.38422855618045
8,34,1,0,0,6,59.00881604517392
8,38,1,0,0,4,55.01274018680776
8,40,1,1,0,5,68.49126429144589
8,42,1,1,1,2,87.65243321095728
8,44,1,0,1,7,75.1893751701813
8,52,0,1,1,4,69.2747083255974
8,53,1,1,1,1,88.10755595027086
8,54,1,1,0,2,69.51430055032868
8,58,0,0,0,7,46.26109435157974
8,0,1,0,0,2,53.476384145300045
8,1,1,0,0,4,53.5000412784799
8,5,0,0,1,1,59.27790428270526
8,11,1,1,0,1,70.10487172125666
8,15,1,0,1,2,72.09303603383573
8,16,1,0,1,7,80.38816435767937
8,18,1,1,0,7,80.08360887544478
8,25,0,0,0,4,41.137093873141104
8,29,1,0,0,4,56.882036636208
8,33,0,0,1,3,66.48897287378011
8,34,0,1,0,5,55.69666884364895
8,45,1,0,0,3,54.15804676458102
8,47,0,1,1,2,73.93583860082958
8,48,0,1,1,1,75.26349593596925
8,2,1,0,0,2,53.47949855568089
8,6,0,0,0,2,41.70059112396878
8,27,0,1,0,3,73.99965685378771
8,29,0,0,0,2,46.22241410632201
8,32,1,1,0,1,70.59207540932624
8,37,0,1,0,0,62.44855487425329
8,42,1,1,0,5,70.71086986733192
8,46,0,1,0,6,55.53030369293048
8,48,0,0,1,1,67.61046334861341
8,0,1,0,1,5,69.59960774335136
8,18,1,0,0,2,57.63042671335392
8,35,1,1,1,7,86.91486659088912
8,44,0,1,1,2,74.18781251071162
8,45,0,1,1,2,77.35691878823485
8,46,0,0,1,0,61.96822058147843
8,47,0,0,1,4,52.10162153666911
8,48,1,0,1,1,70.87881214644413
8,4,0,0,1,6,54.15747201978142
8,5,1,0,1,5,69.26837262420503
8,6,0,0,1,2,57.73298053189274
8,13,0,1,0,2,60.050622798640696
8,14,0,1,0,2,60.738659851444744
8,15,0,1,0,4,59.25441131623051
8,29,1,0,0,7,56.8485853981104
8,31,1,0,1,3,71.52046307068171
8,32,1,1,0,7,75.61823195532541
8,33,0,1,1,0,77.50886799510998
8,38,1,1,0,3,69.22080176290287
8,57,1,0,0,2,52.959726516363425
8,58,1,1,0,1,70.26809295637925
8,1,0,0,1,0,60.66065571158944
8,2,0,0,1,2,60.94466146941562
8,20,1,0,1,6,72.22582648648402
8,21,0,0,1,4,56.22615083301485
8,22,1,0,1,4,72.3034401461824
8,32,0,1,0,0,59.865119998384316
8,38,1,0,0,6,55.66005245259805
8,41,1,0,0,0,53.3730654924865
8,42,1,0,0,6,53.085528789838634
8,51,0,0,1,2,63.19995680299782
8,54,0,0,1,6,58.36189672474259
8,55,1,0,1,1,71.05492738785149
8,56,1,0,0,7,50.8016158630014
8,57,0,1,0,0,61.501368490356285
8,1,1,1,0,7,68.83959855443234
8,19,0,1,0,6,57.087957126005556
8,22,0,1,1,6,68.14378347671824
8,23,0,1,1,2,74.17286378337491
8,29,0,0,1,5,58.98057955535282
8,36,0,1,0,7,56.54305763514247
8,39,1,0,0,0,54.54134617683921
8,43,1,0,0,2,53.70350286976851
8,44,1,0,0,0,54.28261231329816
8,47,0,1,1,0,74.65515962199342
8,48,0,1,1,6,74.30094576576519
8,49,0,0,1,2,60.391551227408804
8,50,0,1,1,0,74.7147421831687
8,52,1,1,0,7,73.1943366011758
8,1,0,1,1,4,69.4762959092613
8,3,0,1,1,4,68.88883265555538
8,5,1,0,1,0,69.28657390813704
8,6,1,0,1,6,69.78276913761022
8,7,1,0,1,7,69.70005377382536
8,12,1,1,0,7,70.69648343586222
8,13,1,0,1,3,76.07700374377283
8,21,0,1,0,4,52.43306418274179
8,30,0,1,1,7,69.46432076129683
8,31,1,1,0,7,71.97489113657055
8,40,0,1,1,6,65.633569580294
8,43,1,0,0,7,54.0378766899182
8,0,0,0,1,2,62.36807801618809
8,23,1,0,0,3,57.255005424131745
8,24,1,1,0,3,70.35442059573917
8,25,1,0,1,3,74.17638501150832
8,26,1,0,0,5,56.5870699358892
8,29,1,0,0,0,56.8584185726004
8,30,1,0,0,4,56.15503302295647
8,50,1,1,1,5,89.38982516569044
8,51,1,1,0,0,70.42237686863535
8,54,1,1,0,3,69.44179275830736
8,55,1,0,1,7,71.24273424814011
8,59,1,0,0,7,52.63425822715633
8,6,0,0,1,1,60.230968157402884
8,14,1,1,1,1,88.7495349877127
8,15,1,1,1,7,88.34463684698171
8,34,0,1,0,7,59.395401249117604
8,54,1,0,0,3,57.526494372110626
8,55,1,1,0,6,69.17177716587092
8,4,0,1,0,7,59.90062641860298
8,6,0,1,0,4,52.36862747341458
8,16,1,1,0,1,74.42102073807867
8,22,1,1,0,0,72.01435051193002
8,25,1,1,0,1,71.25556790122626
8,26,1,1,0,5,72.08574376369691
8,27,0,1,1,5,71.55271212722815
8,32,1,0,0,5,55.59271415783873
8,34,0,0,1,4,55.74879412382744
8,37,0,0,1,4,57.753810939268
8,38,1,0,1,4,72.23477902991847
8,41,0,0,1,1,68.40263094127548
8,43,0,1,0,4,57.85868087930745
8,47,1,0,0,4,53.94573678534374
8,55,0,0,1,5,56.21555215454525
8,56,1,0,0,1,53.35914202774881
8,59,1,0,1,4,70.67102701992965
8,0,0,0,1,5,57.061400659127294
8,4,0,0,1,2,58.31444069518194
8,7,1,0,1,6,68.22766618776801
8,9,1,0,1,2,70.48470113290816
8,10,1,1,1,2,87.23279223657877
8,11,1,1,1,1,89.1120575593535
8,13,1,1,0,0,72.01325063243426
8,17,0,0,1,0,61.76804720462403
8,18,0,0,1,7,56.530316965646946
8,23,0,1,1,3,75.07799979436383
8,32,1,0,1,2,72.26126038493344
8,33,1,1,1,0,89.06869799608822
8,34,1,1,1,1,87.28222151121983
8,35,1,1,0,5,69.52790697716564
8,36,0,1,1,1,78.3973610488557
8,38,1,1,0,0,69.75489874927246
8,39,1,1,0,1,69.64691387663186
8,40,1,1,0,4,69.08561410488966
8,48,1,0,0,4,54.13515135942012
8,50,1,0,0,7,52.75201343603913
8,52,0,1,1,2,73.92088400925462
8,55,0,0,1,0,59.904342855498804
8,1,0,1,1,3,80.98117414744377
8,22,1,0,0,6,57.098806183675094
8,30,1,0,1,1,72.36532140225549
8,39,0,0,1,6,53.63976071476955
8,40,1,1,1,6,84.94863935910266
8,41,1,1,1,1,86.97229908838996
8,42,1,1,0,4,70.52234867892324
8,48,1,0,0,3,54.381619341206545
8,57,1,0,1,5,70.59592527950323
8,10,0,0,1,0,60.852574694491004
8,11,0,0,1,4,55.41575066447092
8,12,0,0,1,3,62.55750278586119
8,14,0,1,0,4,56.36741944735968
8,15,0,1,0,2,62.31093487453511
8,18,1,1,1,6,89.57136454980699
8,28,0,0,0,3,54.78204172835916
8,29,0,1,1,2,75.54224659727619
8,30,0,0,1,0,60.7261702577733
8,32,0,0,1,7,60.40399168935993
8,33,0,1,1,7,78.32200638834038
8,51,0,1,0,2,59.13968801713155
8,57,1,1,0,5,70.19006327969824
8,3,0,1,1,2,75.2373790253399
8,4,0,1,1,2,73.13560626363082
8,7,0,1,1,3,72.70661766463108
8,8,0,0,0,4,36.41700245635955
8,12,0,0,1,6,59.748395238461555
8,13,1,0,1,4,70.73314703723597
8,14,0,0,1,3,62.75510359699838
8,21,0,1,0,6,55.544216379893136
8,23,1,1,1,4,86.96649724271207
8,24,0,1,1,3,74.77103032576991
8,28,1,0,0,3,56.88557984330874
8,30,1,0,1,4,72.8038343710585
8,31,0,0,1,4,56.57253612815111
8,41,0,1,1,4,68.0290558910654
8,48,0,0,1,2,61.32222462883567
8,49,0,0,1,1,66.75917134615342
8,3,0,0,1,0,60.801374931701616
8,4,0,0,1,0,58.0817519477587
8,5,0,0,1,6,55.1416054972558
8,8,0,1,1,5,73.50191731445233
8,24,1,1,0,2,69.85776828903379
8,26,1,1,0,6,72.13361343047754
8,28,1,1,1,4,89.19973955704792
8,29,0,1,1,5,75.32270107928778
8,31,0,1,1,2,75.95560216229799
8,38,0,0,1,7,58.53660318240737
8,44,0,1,1,6,72.60626296106913
8,45,1,1,1,0,87.74697180188451
8,46,1,1,1,1,88.68419898276775
8,56,1,0,0,0,53.20214563580953
8,59,1,0,0,0,53.151034379696036
8,1,1,1,0,4,68.953966665666
8,5,0,1,1,4,68.50132366935372
8,6,0,1,1,3,81.88633938864507
8,14,0,0,1,1,62.58038679103459
8,19,0,0,0,7,44.286918235561615
8,31,0,0,1,7,58.0363605771404
8,39,1,1,1,3,88.37133574851158
7,40,1,0,0,2,18.842871623046154
7,41,1,0,0,5,20.675993783180047
7,42,0,0,0,3,23.236147391772686
7,43,0,1,0,1,34.48865806101821
7,44,0,1,0,4,27.11525492892762
7,45,0,1,0,4,25.72132919946603
7,46,0,1,0,3,39.640289270345704
7,47,0,0,0,1,24.172582036004957
7,48,0,0,0,7,18.450269433245158
7,49,1,0,0,5,23.645201563151428
7,50,0,0,0,4,17.16468809785315
7,51,0,0,0,5,18.131613671922096
7,52,0,0,0,5,20.432553003084323
7,53,0,0,0,3,36.064020698450555
7,54,0,1,1,6,24.986223741845592
7,55,0,1,1,7,37.391183226483705
7,56,1,1,0,2,35.34948866212585
7,57,1,1,0,6,43.09521375289594
7,58,0,1,0,1,34.720983304164406
7,59,0,1,0,2,46.10427749942332
7,0,0,1,0,3,37.64425540009341
7,1,0,1,0,2,40.41074039883176
7,2,0,0,0,5,14.183305710617883
7,3,0,0,0,6,14.700879968323745
7,4,0,0,0,1,23.35707652296223
7,5,0,0,0,2,22.43937700100571
7,6,0,0,0,4,11.728154102800715
7,7,1,0,0,6,21.461533866612207
7,8,0,0,0,3,22.16203520274726
7,9,0,0,0,7,13.91154162608465
7,10,0,0,0,0,22.147452345460994
7,11,0,0,0,3,26.514669869181834
7,12,0,0,0,3,24.135725533497972
7,13,0,1,1,0,22.50099898973905
7,14,0,1,1,7,31.684167615940478
7,15,0,1,1,2,22.52285443443602
7,16,0,0,1,2,18.19981954548114
7,17,0,0,1,0,13.422665035594887
7,18,0,0,1,0,21.40755581183901
7,19,0,0,1,0,21.820059261918423
7,20,0,0,1,0,19.253791428226208
7,21,0,0,1,2,24.939915096570015
7,22,0,0,1,0,24.668245107569433
7,23,0,0,1,2,22.64371472618135
7,24,0,1,1,3,53.6151886271661
7,25,0,0,0,1,27.544932869660325
7,26,0,0,0,5,18.38206380254846
7,27,1,0,0,5,26.39968784768797
7,28,0,0,1,1,38.83880924649528
7,29,0,0,0,6,15.722197691639582
7,30,0,1,0,1,35.70608111127376
7,31,0,1,1,2,28.190565154388153
7,32,0,1,1,1,30.62437514022877
7,33,0,1,0,2,37.2588141529633
7,34,0,0,0,2,26.2968233662492
7,35,0,1,0,6,31.35045298784337
7,36,0,0,0,1,29.11289738895084
7,37,0,0,0,7,15.602606232648267
7,38,0,0,0,7,20.01723685707349
7,39,0,0,0,1,22.813118621848176
7,40,0,0,0,0,22.836938460730668
7,41,0,0,0,6,14.072320402412164
7,42,0,1,0,2,37.80489327074761
7,43,0,0,0,2,24.202818058575776
7,44,0,1,0,6,29.478955618789893
7,45,0,1,0,6,30.68454232171856
7,46,0,1,0,2,38.1364540821408
7,47,0,0,0,6,15.959685505945037
7,48,0,0,0,2,24.02999318898793
7,49,0,0,0,4,15.581089904138476
7,50,0,0,0,5,17.642226076371312
7,51,0,0,0,0,27.498258830286133
7,52,0,0,0,1,27.932610482180305
7,54,0,1,0,0,39.39783332442313
7,55,0,1,0,6,32.5996749627238
7,56,1,0,0,5,24.356255840997303
7,57,0,0,0,7,15.94447070122815
7,58,1,1,0,1,25.42263722767325
7,59,1,1,0,6,35.125808549817634
7,0,0,0,0,6,14.951127704134707
7,1,0,0,0,7,15.889173368502487
7,2,0,0,0,2,27.058791606440952
7,3,0,1,0,0,34.68165891433116
7,4,0,1,0,1,33.84777999568632
7,5,0,1,0,5,27.971012321385427
7,6,0,1,0,0,31.297419649516176
7,7,0,1,0,5,24.136625733680035
7,8,0,1,0,1,37.86908472655481
7,9,0,1,0,5,23.349953375882972
7,10,0,1,1,7,24.05018194961605
7,11,0,1,0,4,22.744861140600946
7,12,0,1,0,5,23.117892417776034
7,13,0,1,0,4,23.368330085750497
7,14,0,1,0,1,34.20246832696859
7,15,0,1,0,5,23.17542215184902
7,16,0,1,0,0,35.670386871323046
7,17,0,1,0,5,21.986206295215766
7,18,0,1,0,4,27.458362760787054
7,19,1,1,0,3,35.358499383249274
7,20,1,0,0,2,21.296324294084226
7,21,1,1,0,2,31.15128793872187
7,22,1,1,0,2,25.307157893857614
7,23,1,1,0,6,40.018461473874325
7,24,0,1,0,0,36.79105490170491
7,25,0,1,0,1,37.24502319072687
7,26,0,1,0,4,27.12557979965434
7,27,1,1,0,6,46.010299024767974
7,28,0,0,0,5,13.741588901875346
7,29,0,0,1,0,23.497089287519458
7,30,0,0,1,5,23.57914942410035
7,31,1,0,1,3,22.07054569538839
7,32,1,0,0,7,21.837712488080427
7,33,0,0,0,2,28.124766957223347
7,34,0,1,0,3,45.26061874397005
7,35,0,0,0,5,17.72283194045551
7,36,0,0,0,7,19.043325510772274
7,37,0,1,0,1,37.48498921006481
7,38,0,1,0,6,30.77772795343715
7,39,0,0,0,6,16.657659995535933
7,40,1,1,0,1,28.272523811333905
7,41,1,1,0,1,25.011057361990492
7,42,1,1,0,4,32.589942216173476
7,43,1,1,0,2,26.34814419446314
7,44,1,0,0,0,17.863559627102333
7,45,1,0,0,2,28.886469358169073
7,46,1,0,0,5,25.324331223743908
7,47,1,0,1,1,29.462704700770306
7,48,1,0,0,2,19.276536476534325
7,50,0,0,0,3,28.951322817297807
7,51,0,0,0,3,34.097838509550556
7,52,0,0,0,7,21.939397412274037
7,53,0,0,0,1,26.95614135736247
7,54,0,0,1,5,24.2307816473571
7,55,0,0,0,0,24.296992216189945
7,56,0,0,0,2,23.349471261143417
7,57,0,1,0,4,28.224073374617483
7,58,0,1,0,2,45.241589607696994
7,59,0,0,0,0,22.975890203842766
7,0,0,0,0,1,21.50762146230107
7,1,0,0,1,5,13.163688151545655
7,3,0,0,0,3,29.95692402186521
7,4,0,1,0,3,40.960006830090435
7,6,0,1,0,6,25.870824732125932
7,7,0,0,0,3,23.759136599344444
7,9,0,1,0,4,25.42379861194792
7,10,1,1,0,4,27.41699038327548
7,12,0,1,0,2,33.621073321687874
7,13,0,0,0,0,22.190088671340092
7,14,0,0,0,7,10.09586531542965
7,15,0,0,0,1,21.863403366284103
7,16,0,0,0,7,14.990590675709024
7,17,1,0,0,6,21.26405449380067
7,18,0,0,0,3,30.39458411492808
7,19,0,1,0,4,25.401455716345474
7,20,0,1,0,1,39.49578545250185
7,21,0,1,0,6,27.279693393743205
7,22,0,0,0,7,21.005631403149096
7,23,1,1,1,4,11.558560210242838
7,25,0,0,0,5,16.725693264760544
7,27,1,0,0,1,22.87667034853964
7,28,1,0,0,2,19.878158307039172
7,29,1,1,0,1,26.480001461016467
7,30,1,1,0,3,28.65806675604975
7,31,1,1,1,0,4.830106665439566
7,32,1,1,1,2,11.323897780021044
7,33,1,0,1,0,12.001529284483153
7,34,1,0,1,0,4.950335745472128
7,35,1,0,1,0,3.2185018377767594
7,36,1,0,1,6,8.093067765258217
7,37,0,1,1,3,52.05290076795055
7,38,0,0,0,3,28.636975358817647
7,39,0,1,0,7,26.91262146809312
7,40,0,0,0,5,15.191328886208023
7,41,0,0,0,3,28.620686640113245
7,42,0,1,0,6,31.295778914858893
7,44,0,0,0,0,22.933361247419924
7,45,0,0,0,0,24.371966853312838
7,46,0,0,0,5,12.99113079104191
7,47,0,0,0,3,31.744966436017215
7,48,0,0,0,4,15.959598710846087
7,49,0,0,0,7,17.744745143939113
7,50,0,1,0,4,29.657793800787154
7,51,1,1,0,7,33.90883180037335
7,52,0,0,0,6,20.040459825129815
7,53,0,1,0,7,32.8364463224953
7,54,1,1,0,5,28.43771428509285
7,55,0,1,1,0,23.965466806093275
7,56,0,1,1,5,24.34510914004519
7,57,1,1,0,2,25.081823699129714
7,58,1,1,0,0,21.46303225713913
7,59,1,1,0,4,32.20664353987919
7,0,0,1,0,2,42.762903019032855
7,1,0,0,0,2,23.4340504772541
7,2,0,0,0,3,21.889757261305295
7,3,0,1,0,5,23.20176955126567
7,4,0,1,1,2,21.312650984158342
7,5,0,0,1,6,9.37152771926177
7,6,0,1,1,0,25.87542841248456
7,7,0,1,1,5,26.039336106598018
7,9,0,1,1,1,35.806019687015066
7,10,0,1,1,5,19.79554166010147
7,11,0,1,0,3,35.82718109721501
7,12,0,1,0,4,22.011956518281067
7,13,1,1,0,1,14.580790534824862
7,14,1,1,0,1,22.89125759046571
7,15,1,1,1,4,12.893137085356008
7,16,1,1,1,2,11.948515961694524
7,17,1,0,1,1,31.12301693783771
7,18,1,0,0,7,29.272830610480703
7,21,0,1,0,0,36.88341223161466
7,22,0,1,0,2,37.57047992207631
7,23,0,1,0,4,26.576861180612536
7,24,0,1,0,7,30.13568974176426
7,25,0,0,0,0,27.8973386982589
7,26,0,0,0,6,17.091660893869726
7,27,0,0,0,7,18.178238463836397
7,28,0,1,1,4,16.674822503723483
7,29,0,1,1,6,14.056310788944735
7,30,0,1,1,5,26.54492055689058
7,31,0,1,0,6,29.057129170416513
7,32,1,1,0,7,40.28461490016692
7,33,0,0,1,6,13.386888851608273
7,34,1,0,1,2,0.19009980510043067
7,35,1,1,1,2,20.203401126329076
7,36,1,1,1,4,17.778102612151972
7,37,1,1,1,1,10.595063974488898
7,38,1,1,1,7,30.138227018126116
7,39,0,0,1,6,9.538330250597326
7,40,0,0,1,2,22.569750822755026
7,41,0,0,1,1,26.996859072126924
7,42,0,0,0,2,21.450996377304367
7,44,0,1,0,2,39.660696451617866
7,45,0,0,0,4,13.679368389410325
7,46,0,0,0,4,15.111051871580738
7,48,1,0,0,1,18.536409244920318
7,49,1,0,0,3,21.78327333881829
7,50,1,0,0,1,24.203269324681532
7,51,1,0,0,4,25.363317592008062
7,52,0,0,0,4,18.89656959179749
7,53,1,0,0,3,20.962773971825136
7,54,1,1,0,6,45.72773539806527
7,55,0,0,0,3,29.903083324974794
7,56,0,1,0,4,27.13668771385946
7,58,1,0,0,0,20.221164928363496
7,59,1,0,0,6,29.89826817715564
7,0,0,1,0,0,34.08031590293851
7,1,0,1,0,7,27.797539555955556
7,3,0,0,0,5,14.880946444085588
7,4,0,0,1,4,12.82090012005926
7,5,0,0,1,4,11.29629074085093
7,6,0,0,1,3,31.05144654718125
7,7,0,0,0,1,22.954627551370237
7,8,0,0,1,0,18.667311039592832
7,9,0,0,1,2,16.637316363100904
7,10,0,0,1,1,36.799319581476425
7,11,0,0,1,5,20.54481087702664
7,12,0,0,1,4,10.096752945163303
7,13,0,0,1,0,25.6136722522385
7,14,0,0,1,6,12.937353774816206
7,15,0,0,1,4,8.475343906278917
7,16,0,0,1,1,33.65169076927114
7,17,0,0,0,7,13.15683305705827
7,18,0,1,0,0,35.32303248634951
7,19,0,1,0,6,30.47093733482568
7,20,1,0,0,7,23.41863036113357
7,21,0,1,0,1,39.95768589082088
7,22,0,1,1,7,35.444888933786594
7,23,0,1,1,7,31.699908834169367
7,24,1,1,0,5,29.58326731759686
7,25,0,1,0,4,29.03044926765205
7,26,0,1,0,7,28.175247989804962
7,27,0,1,0,0,34.26885759529361
7,28,0,1,0,0,34.95640393387942
7,29,0,1,0,1,33.15390434730932
7,30,0,1,0,0,34.42297088418158
7,31,0,1,0,5,27.33048855991173
7,32,0,1,0,7,25.954130951834017
7,34,0,1,0,2,39.793967744138556
7,35,0,0,0,6,17.9938891599202
7,36,1,1,0,1,20.086831531383563
7,37,1,1,0,3,30.77790401761071
7,38,1,1,1,4,11.719750811851178
7,39,0,1,1,0,28.15166623765177
7,40,0,1,1,5,18.7765399526639
7,41,1,1,0,0,22.84179782590429
7,43,0,1,0,4,26.138695645934124
7,44,1,1,0,7,36.62415454713667
7,45,0,1,1,3,56.806244794475006
7,47,1,0,0,1,16.33849542998732
7,48,1,0,1,7,22.22914925788281
7,49,0,0,0,1,25.973535250790235
7,50,0,0,0,7,17.528631416219273
7,51,0,0,0,1,26.983936671484464
7,53,0,1,0,6,33.6673600206734
7,54,0,0,0,2,27.159489549554305
7,55,0,0,0,1,24.056790670459463
7,56,0,0,0,0,24.28205489588195
7,57,0,0,0,0,23.117869104369277
7,58,0,0,0,2,26.684243781944744
7,1,0,0,0,3,27.590444760455867
7,3,0,0,0,1,24.851430443921632
7,4,0,0,0,0,21.11732052505355
7,5,0,0,0,5,13.669642533297182
7,6,0,0,0,0,20.312853448126667
7,8,0,1,0,0,33.4095110054542
7,9,0,1,0,0,34.54795744270977
7,10,0,1,0,0,33.40908311614663
7,11,0,1,0,5,25.471007944131966
7,12,1,1,0,6,41.291121715689485
7,13,1,0,0,4,22.789422471594204
7,14,0,0,0,5,13.007886234014052
7,15,1,0,0,1,20.452880546138456
7,16,1,0,0,0,22.51131152172288
7,17,1,0,0,0,16.965703502383796
7,18,1,0,0,2,24.78659297956533
7,19,1,0,0,0,21.88052106021998
7,22,1,1,0,0,27.266720131469803
7,23,1,1,0,7,47.04411396891575
7,24,0,1,0,1,36.290988092640866
7,25,0,1,1,5,27.25728460552007
7,26,1,1,0,2,28.81143214343439
7,27,1,1,0,0,25.429114212934568
7,28,1,1,0,0,19.398632264992113
7,29,1,1,0,2,28.066447836078368
7,30,1,0,0,4,26.302534042303638
7,31,0,0,0,6,17.283983568841343
7,33,1,1,0,4,30.0315588952419
7,34,1,1,0,1,20.39741346159174
7,35,1,1,0,5,35.13619239074121
7,36,0,1,0,2,40.36840237025112
7,37,0,0,0,3,28.588489001868865
7,38,0,0,1,4,12.46335757412767
7,39,0,0,1,5,21.39717731597681
7,40,0,0,0,4,13.896020315572565
7,41,0,0,0,2,22.296778898014583
7,42,0,0,0,0,21.061764723369787
7,43,0,0,0,4,15.540904196922842
7,44,0,0,0,7,19.031433950129543
7,45,0,0,0,6,16.2509609086355
7,46,0,0,0,1,23.13024626531758
7,47,0,0,1,3,30.315417471039055
7,48,0,1,0,7,33.2496020721497
7,49,0,1,0,7,29.77359223123824
7,50,1,0,0,4,33.37096171838245
7,51,1,0,0,6,34.126843132451455
7,52,0,1,0,5,29.173740111614133
7,53,1,1,0,6,49.34756920046141
7,54,0,1,0,3,45.19316355884683
7,55,0,0,0,7,16.74633235862563
7,56,0,0,0,3,26.58926793609609
7,57,0,0,0,6,17.59666672983662
7,58,0,0,0,3,26.726672368372746
7,0,0,1,0,6,32.831673807796875
7,1,0,1,0,4,26.435810656626757
7,2,0,1,0,4,27.57115682731642
7,3,0,1,0,4,22.90530613373215
7,5,0,0,1,1,36.99497132738474
7,6,0,0,1,4,10.705258751555906
7,7,1,0,1,2,9.684280627555662
7,8,1,0,1,4,3.7412346772909917
7,9,0,0,1,6,6.692709764545817
7,11,1,1,0,0,21.276964424605254
7,12,1,1,0,2,26.748031160963578
7,13,1,0,0,3,19.006654684116146
7,14,1,0,0,4,21.188590934355314
7,15,0,0,0,3,25.233255942522753
7,16,0,0,0,2,29.083527790717493
7,19,0,1,0,2,44.12464173064515
7,22,0,1,0,1,35.13518737072695
7,23,0,1,0,5,26.518162178302934
7,24,0,1,0,6,30.788935045340757
7,26,0,0,0,7,21.325171254893316
7,27,0,0,0,1,24.4321167499891
7,28,0,0,0,2,23.739111235794468
7,29,0,0,0,5,15.282897003660729
7,30,0,0,0,4,15.688252051632645
7,31,0,0,0,5,15.656601754536808
7,32,1,0,0,0,18.323443199017458
7,33,1,0,0,1,17.596897036733765
7,34,1,0,0,0,18.316075824919
7,35,1,0,0,7,20.484666732332066
7,36,0,1,0,7,30.767573618998416
7,37,1,0,0,6,25.704370633680394
7,38,0,1,0,1,38.69007071166396
7,39,0,1,0,6,27.65571573592723
7,40,0,0,0,3,26.848065813743478
7,41,0,0,0,7,16.763143084346893
7,42,0,1,0,4,27.01903824114186
7,43,0,1,0,2,37.543433122214786
7,44,0,0,0,2,26.835764352874335
7,48,0,1,0,2,42.279058268545
7,49,0,1,0,2,44.36737220463287
7,51,1,0,0,3,19.694567787417224
7,52,1,1,0,5,21.952934742384965
7,53,0,1,0,5,28.174082274288146
7,54,1,1,0,2,24.19112742383393
7,55,1,0,0,2,21.33539673850876
7,56,1,1,0,0,22.253755233169787
7,57,1,1,0,7,33.55579882673935
7,58,1,0,0,3,22.57989479175822
7,59,1,0,0,2,21.41604384898409
7,0,1,1,0,3,30.983627113921603
7,1,1,1,1,0,4.425524864735675
7,2,1,1,1,0,8.112770773476765
7,3,1,1,1,7,37.41780359725606
7,4,1,0,0,3,18.37769847402442
7,5,1,0,1,7,28.672649033856484
7,7,0,1,0,1,32.82845489686694
7,9,0,1,0,7,25.539798357614302
7,10,0,0,0,1,20.910564443952676
7,11,0,0,0,0,23.447316459007858
7,12,0,0,0,7,13.316573867551538
7,13,0,1,1,1,45.173716886130876
7,14,0,1,0,0,35.02079872066004
7,15,0,1,0,4,27.517824259879205
7,16,0,1,0,7,29.669668296097417
7,17,0,0,1,4,12.571517827015704
7,18,0,0,1,2,13.081198759597175
7,19,0,0,1,2,14.58915254316857
7,20,0,0,1,2,23.673136238610745
7,21,0,0,1,0,22.707370872833234
7,22,0,0,1,4,17.3887672470783
7,23,0,0,1,6,16.646256428107417
7,24,0,1,1,5,22.81455562599603
7,25,0,1,1,6,16.916488680856705
7,26,1,1,1,1,12.280085826891163
7,27,1,1,0,1,25.89933307607458
7,28,1,1,0,5,30.477634147960096
7,29,0,1,0,2,43.85325324898497
7,30,0,0,0,0,25.120179191985248
7,31,0,0,0,2,26.98497672025531
7,32,0,1,0,3,41.30845809564029
7,33,0,1,0,1,39.27024281284085
7,34,0,1,0,6,34.12094295804224
7,37,0,0,0,2,29.080294131628076
7,38,0,1,0,3,41.76243173919634
7,39,0,1,1,3,51.50257396961439
7,40,0,1,1,1,31.003932326779967
7,41,0,1,0,3,37.30752874021324
7,42,0,1,1,2,28.866173025762198
7,43,0,0,1,2,22.765776273922274
7,44,0,1,1,4,8.233823024692446
7,45,0,1,1,2,29.149031571139226
7,46,0,1,1,1,37.07159646670666
7,47,0,1,0,0,38.24171334030831
7,48,0,1,0,6,29.974518036275633
7,49,0,0,0,6,16.6388657157127
7,51,0,1,0,7,28.336526870603652
7,53,0,1,0,4,25.563951418038233
7,54,1,1,0,4,36.40695963781094
7,55,0,1,0,3,40.29740647750981
7,57,0,0,0,1,25.8928607698423
7,58,0,0,0,1,25.326966310023362
7,59,0,0,0,5,15.052927559505534
7,0,1,0,0,5,21.13284429566249
7,1,1,0,0,1,18.9793989732301
7,2,1,0,0,4,24.676128731539144
7,3,0,0,0,2,26.63782606876486
7,4,0,0,0,5,11.654061229600403
7,5,0,0,0,7,11.686477294727885
7,7,1,0,1,4,14.061721329447842
7,9,0,0,1,0,24.745028515734248
7,11,0,0,0,5,15.81862363049537
7,12,1,0,0,0,16.965715299573176
7,13,1,0,0,1,19.72714157970353
7,14,1,0,0,6,20.266021755348106
7,17,0,0,0,5,16.405058838598077
7,18,0,0,0,5,18.250591508669984
7,19,1,0,1,0,17.695067471949326
7,20,1,0,1,6,20.356107715435893
7,21,0,1,1,2,28.221077591889248
7,23,1,1,0,0,21.636168636910785
7,24,1,1,0,0,24.278239555286028
7,25,1,1,0,7,37.42673618049124
7,26,1,0,0,0,27.447794856339346
7,29,1,0,0,5,23.840125324421024
7,30,0,0,0,6,16.328880133396556
7,32,0,0,0,3,29.876912391628224
7,33,0,0,0,4,15.496726641171303
7,34,1,0,0,6,27.151980120457377
7,35,0,1,0,7,31.41420200421395
7,36,1,0,0,3,20.98699050095746
7,37,1,0,0,5,29.43466568313766
7,38,0,0,0,0,23.170572212854534
7,39,0,0,0,7,15.39234729700775
7,40,0,1,0,4,26.311784429664595
7,41,1,1,0,5,31.616646626523927
7,42,0,1,1,1,49.81325979668108
7,44,1,1,0,6,44.77862577585261
7,45,0,0,0,5,15.695150989136362
7,46,0,0,1,4,12.414259621958816
7,47,0,0,1,5,23.595655189983738
7,48,0,0,0,0,23.607144913522802
7,50,0,1,0,5,27.116575564753106
7,51,1,1,0,6,47.47202888601662
7,52,0,1,0,2,46.454064621647674
7,53,0,0,0,4,17.424874859057734
7,54,0,0,0,1,28.241968124530135
7,57,0,0,0,3,25.67026271783849
7,59,0,0,0,6,14.298054109511545
7,0,0,1,0,5,25.718310113678267
7,1,0,1,0,5,24.596802270664018
7,2,0,1,0,7,30.225476948627435
7,3,0,1,1,1,25.973679297326072
7,6,0,1,0,2,33.47294530147319
7,7,0,0,0,2,24.009889406815265
7,10,0,1,0,3,43.43540667485781
7,11,0,0,0,1,20.337658651873078
7,14,0,0,0,6,14.221249783811256
7,15,0,1,0,6,26.986070035683408
7,16,0,0,0,0,22.732332240190793
7,17,0,0,0,2,26.66024016119072
7,19,0,0,0,2,27.78821784435296
7,20,0,1,0,5,26.910319908171243
7,21,1,1,0,5,29.733790841168965
7,22,0,1,0,0,37.275773516333714
7,23,0,1,0,1,37.13330807022316
7,26,0,0,0,3,28.158449480318588
7,27,0,1,0,1,37.444536201497094
7,28,0,1,0,4,27.538785496797807
7,29,0,1,0,3,39.055649213841704
7,30,0,0,0,3,28.211442120232086
7,33,1,1,0,6,26.75581304846397
7,34,0,0,0,1,28.570208478975157
7,36,0,1,0,0,34.95469374034166
7,37,0,1,0,3,41.35508874466435
7,38,0,0,1,2,25.681473225367494
7,39,0,0,1,4,6.28883594283232
7,41,0,0,1,5,20.319650277838186
7,42,1,0,0,6,22.77175696637914
7,43,0,0,0,1,24.03396559099941
7,44,0,0,0,6,14.183331257036302
7,46,1,0,0,1,16.92771832805859
7,47,1,0,1,5,13.160326176325473
7,48,0,0,1,6,4.019470490442044
7,49,0,0,1,2,21.94054837145178
7,50,0,1,1,5,19.118530747630416
7,51,1,1,0,4,26.376997277930798
7,53,0,1,0,3,48.23305925273801
7,54,0,1,0,1,40.25670896358571
7,55,0,1,0,2,46.02875057215439
7,57,0,1,0,5,29.135436842841997
7,58,0,1,1,5,32.54882476034526
7,59,0,1,0,1,39.15673419682422
7,2,0,1,0,0,34.67757830442547
7,3,0,1,0,3,40.01493901411831
7,4,0,1,0,0,31.42430302747703
7,5,0,1,0,7,32.59647292688244
7,6,0,1,0,3,38.020896395965345
7,8,0,1,0,3,41.355952654931166
7,9,0,0,0,5,15.03415940412738
7,10,0,0,1,0,26.797782892121376
7,11,0,0,1,2,20.122675158455795
7,12,0,0,1,7,15.65409254531186
7,13,1,0,0,2,17.672373553815344
7,14,1,0,0,3,21.43434285957345
7,15,1,0,0,6,23.680854730596465
7,17,0,0,0,6,16.376728386577728
7,19,1,1,0,1,31.256449000549434
7,20,1,1,0,7,37.13805789764723
7,21,1,0,0,2,18.715232999519696
7,22,1,0,0,2,26.31632759774108
7,23,1,0,0,3,18.313907594956284
7,24,1,1,0,6,27.594137460518184
7,25,0,0,0,3,24.565168323238808
7,26,0,0,0,4,17.126710909561314
7,27,1,0,0,7,31.367620003844007
7,28,1,0,0,7,21.569682516437048
7,29,1,0,0,2,20.097460173851143
7,30,1,0,0,7,23.239092357134513
7,31,0,1,0,1,37.684531558636934
7,32,0,1,0,6,31.005854151998516
7,33,0,0,0,1,23.423127659586335
7,34,0,0,0,3,26.94132387163905
7,35,0,1,0,1,37.702215846527416
7,36,0,1,1,7,31.814088250945368
7,38,0,1,0,4,26.476047177876353
7,39,0,1,0,5,24.502664216516038
7,40,0,1,0,3,38.99528320464735
7,41,0,1,0,5,26.23210667895008
7,42,0,1,0,1,34.498552697890986
7,43,0,1,0,0,35.82828648822616
7,45,0,1,0,1,37.24921920383061
7,47,0,0,1,7,15.81840858085256
7,48,0,1,0,4,30.000824317265263
7,49,0,1,0,4,28.379965998204845
7,50,1,1,0,2,33.46371133253182
7,53,0,1,1,0,25.342831193472204
7,54,0,1,1,3,60.03769341529613
7,55,0,1,0,5,27.534372108811493
7,56,0,1,0,2,41.114919144453296
7,57,0,1,0,7,27.999627314589198
7,58,1,0,1,0,6.33187000999537
7,59,1,0,1,4,7.641015232406319
7,0,1,0,1,4,16.58525588048352
7,1,1,0,1,5,31.974317009395488
7,2,1,0,0,2,20.074520942364668
7,3,1,0,0,3,22.589239559868357
7,4,1,0,0,1,14.783654285598672
7,5,1,0,0,7,20.067199823172594
7,7,1,0,0,1,14.580412064844902
7,8,1,0,0,5,22.527373383823523
7,9,1,0,0,4,21.741015160424677
7,10,1,0,0,6,24.091378319749012
7,11,1,1,0,3,25.214113901869673
7,12,1,0,0,6,23.416787546349152
7,14,0,0,0,1,21.80932985718427
7,15,0,0,0,5,14.105529831188644
7,16,0,0,0,5,16.075677188309484
7,18,0,0,0,0,27.394670808723482
7,19,0,0,0,0,24.347566242912706
7,20,0,0,0,4,16.91786600781122
7,21,0,0,0,2,28.907922305065668
7,22,0,0,0,1,28.004811797504743
7,23,0,0,1,1,32.246962831911844
7,24,0,0,0,3,24.438459049511117
7,25,0,1,0,5,26.76431729386162
7,26,0,1,0,5,26.089995234940204
7,27,0,1,0,4,25.323736576942785
7,28,0,1,0,1,33.46467123301867
7,30,0,1,0,6,26.953368165162665
7,31,0,1,0,2,39.095288411192655
7,32,0,0,0,0,27.04219335039094
7,35,0,1,0,5,24.66140180160429
7,37,1,1,1,4,14.49635937660374
7,38,1,1,1,5,12.528653797055886
7,40,0,1,0,6,27.85079879610581
7,41,0,0,0,4,11.92825208353636
7,42,0,0,0,4,13.116212570311438
7,43,0,0,0,5,15.147441410303172
7,44,0,0,0,3,29.206629905994248
7,46,0,0,0,6,18.04857008699755
7,50,0,0,0,0,30.58346978758182
7,52,1,0,0,4,29.341591132982906
7,53,0,0,0,6,17.34378094393899
7,54,0,0,0,0,24.287254107879082
7,56,0,0,0,4,13.639318245391278
7,58,0,0,1,2,22.96515445563531
7,59,0,0,1,3,39.086095207252555
7,0,0,0,0,7,14.019641267973068
7,1,0,0,0,5,10.585426935702701
7,2,0,0,1,5,18.564058886782682
7,4,0,0,1,1,40.08515387578791
7,6,0,1,0,4,21.727693121794225
7,7,0,1,0,6,25.609466009022633
7,8,0,0,0,2,26.724234495051327
7,9,0,0,0,3,22.812681724585982
7,10,0,1,0,6,28.400656900800357
7,11,1,0,0,7,23.485096978150946
7,12,0,0,0,1,29.005886026957395
7,13,0,0,0,5,14.470332592803588
7,14,0,0,1,3,36.54682960617949
7,17,0,0,0,3,24.216003373892622
7,18,0,0,0,2,26.925465115793358
7,19,0,0,0,7,19.729433515256375
7,20,0,0,0,1,25.836058107864126
7,21,0,0,0,0,25.205612809050468
7,22,0,0,0,2,29.303392323210865
7,23,0,0,0,1,24.328162218058093
7,26,0,0,0,1,25.714197110635943
7,28,0,0,1,6,19.530494786517288
7,29,0,1,1,7,27.67587782244473
7,31,0,0,1,0,20.491598983605087
7,32,0,0,1,3,40.734518319916546
7,33,0,0,0,5,15.74890257367913
7,34,0,0,0,5,16.12287667000791
7,36,0,1,1,2,31.219732994672718
7,37,0,0,1,0,27.306820376222614
7,38,0,0,1,1,27.42102396070302
7,41,0,0,0,0,21.481215873046516
7,43,0,1,0,7,26.18891137301997
7,46,0,0,0,7,13.437009015526536
7,47,0,1,0,1,38.192684721691975
7,51,0,1,1,0,29.124015823545722
7,52,0,1,1,6,14.32696861407091
7,53,0,1,1,4,15.157611149033498
7,54,0,1,1,7,35.309424760173684
7,55,0,0,0,6,14.208971691075584
7,58,1,0,0,1,20.068007549873254
7,59,1,0,0,4,24.166199032920066
7,0,0,0,0,0,19.58287654865409
7,2,0,1,1,4,2.8739764314548264
7,3,0,1,1,6,15.468106769081302
7,4,0,0,1,6,9.001246773153712
7,5,1,1,1,1,18.57060022805601
7,6,1,1,0,7,45.98323455830247
7,8,1,0,0,6,31.166890268595317
7,9,1,0,0,7,19.482205274033845
7,10,1,0,0,4,28.895033615626712
7,11,1,0,0,6,24.137334855475405
7,12,0,0,0,0,22.65898614225861
7,13,0,0,0,4,13.703576673429783
7,14,1,0,0,0,17.534544790594207
7,15,1,0,0,2,23.57369482758972
7,16,1,1,0,6,44.712410125783634
7,17,0,0,0,4,15.600449976379688
7,18,0,0,0,6,19.602923023134114
7,19,1,1,0,7,38.237396864004424
7,20,0,1,1,7,26.88673542617655
7,21,0,0,0,4,15.762306499791833
7,22,0,0,0,5,16.3562169714322
7,23,0,0,0,0,25.140340259111227
7,25,0,1,1,4,11.494438729881974
7,26,0,1,1,1,25.04526341214905
7,27,0,1,0,2,36.61020462529201
7,28,0,1,0,5,28.653125433284814
7,29,0,1,0,4,26.258921094405643
7,30,0,1,0,7,27.614794282704516
7,31,1,0,0,7,25.378693732733684
7,32,1,1,0,6,30.6609864676762
7,34,0,0,0,6,15.665772603717095
7,37,0,0,0,1,26.19611478990124
7,39,1,1,1,0,8.119133544906399
7,40,1,1,1,7,39.14661059024475
7,41,1,1,1,1,21.93985662045548
7,42,1,1,0,6,41.454267387188075
7,43,1,0,0,1,20.118379597237066
7,44,1,0,0,6,31.107109973251568
7,45,0,1,0,7,29.575097887537495
7,46,1,0,0,2,20.840842523130096
7,47,1,1,0,0,27.59497011265502
7,48,1,1,0,3,32.296477377111685
7,49,1,1,0,2,30.31108891693838
7,52,1,0,0,2,21.926748470623476
7,53,1,1,0,1,26.685431117893554
7,55,0,1,1,3,57.007191953762735
7,56,0,0,1,4,17.293612847962816
7,57,1,0,1,0,14.045524444991633
7,58,1,0,1,1,20.723172853493637
7,0,0,0,0,5,13.028773698891408
7,1,0,0,0,6,13.881656538874694
7,2,0,1,0,1,33.22058531808064
7,3,0,1,0,2,43.21071652865191
7,4,0,0,0,4,10.640064726089271
7,5,1,0,0,4,23.34799875072172
7,6,0,0,0,2,23.45724045641096
7,8,0,0,0,4,12.818617397528532
7,9,0,0,0,4,14.480876445347645
7,10,0,0,0,7,16.73197273267502
7,12,0,1,1,4,4.0117863390411
7,13,0,1,1,6,16.31338463479178
7,14,0,1,1,2,24.202130407680134
7,15,0,1,1,4,11.637538443683898
7,16,1,1,1,4,20.153451301773114
7,17,0,1,1,6,17.86235166651933
7,18,1,0,1,2,5.827411063395353
7,19,1,0,1,3,22.6685720061379
7,20,1,1,0,1,27.952401222004138
7,22,1,1,0,5,28.20362162225212
7,24,0,1,1,4,15.990068792763779
7,25,0,1,1,3,52.10975509712822
7,26,0,1,0,3,40.75661854346292
7,30,0,1,1,4,12.87478480747183
7,31,0,1,1,1,51.115305663521966
7,32,0,1,0,1,38.258631070468496
7,33,0,1,1,5,22.044451756383168
7,34,0,1,0,0,37.259240075855885
7,35,0,1,0,0,34.82969282120935
7,36,0,1,0,4,25.363168698574654
7,37,1,1,0,2,24.941251028601588
7,38,1,1,0,2,25.323704899325012
7,39,1,1,0,0,22.155055521416507
7,40,1,1,0,4,29.01091805376191
7,42,1,1,0,2,30.868905243553645
7,43,1,0,0,3,21.06856703554415
7,44,1,1,0,4,29.865599934433458
7,45,0,1,0,2,37.80357984760374
7,46,0,1,0,4,30.760897741744888
7,47,0,1,0,2,48.45449162133646
7,49,1,1,0,3,28.41335190456019
7,50,1,0,0,7,24.682692527418606
7,51,0,1,0,1,40.55730489294198
7,52,0,1,0,1,40.81529143182668
7,54,1,1,0,3,36.58662169835824
7,55,1,0,0,6,33.56157486390549
7,56,0,0,0,7,13.1970524663706
7,57,0,1,0,0,43.25035449225829
7,58,0,1,0,3,46.05901582788931
7,59,0,1,0,6,30.575640719505447
7,0,1,0,0,7,33.507714276247405
7,1,0,1,0,1,35.50330135599493
7,2,0,1,0,3,38.95701238795468
7,3,0,0,0,0,21.711827033228737
7,5,0,0,0,1,26.863661064089346
7,6,0,0,1,6,13.070228731658412
7,7,0,1,1,1,48.908555526141726
7,8,0,1,0,7,24.57322934718194
7,9,0,1,0,2,41.17160548919079
7,10,0,0,0,5,14.118413950198141
7,11,1,0,0,4,24.81991261056718
7,13,0,0,0,7,15.078806066099906
7,14,1,1,0,2,39.45224935741901
7,16,1,1,0,2,32.6476896706574
7,17,1,0,0,3,20.67287872551482
7,18,1,0,0,1,20.692642964874302
7,19,1,0,0,2,24.76860747438466
7,20,1,1,0,3,38.0084645130276
7,21,1,0,1,5,40.14741293247215
7,23,0,0,0,5,17.53635789983912
7,24,1,0,0,6,30.437743901489416
7,25,0,0,0,7,19.44088345350974
7,27,0,0,1,7,12.610674996285262
7,28,0,0,0,1,25.737489340779252
7,29,0,0,0,7,20.170941613548184
7,30,1,0,0,3,18.849192025883102
7,31,1,1,1,6,15.03568080544512
7,32,0,0,1,6,5.872929845640123
7,33,0,1,1,7,25.84656656011936
7,34,0,0,0,0,26.796905725444088
7,35,0,0,0,1,25.724586673014933
7,36,0,0,1,4,18.712428543464032
7,37,1,0,1,6,13.765064901257063
7,38,0,0,1,6,11.845279531023092
7,39,0,0,1,3,38.102385844866895
7,41,1,0,0,4,20.639961923318744
7,43,0,0,0,0,25.162145388446135
7,45,0,0,0,7,23.20544687044856
7,46,0,0,0,3,32.62618979980729
7,49,1,0,0,0,21.816521520880276
7,50,1,0,0,6,24.547865317503362
7,51,1,1,0,5,26.213341047739696
7,52,1,1,0,3,30.842226238872
7,53,1,0,0,2,23.97748356005993
7,55,1,1,1,0,15.33363844642664
7,56,1,1,1,7,29.54355297791572
7,57,1,0,0,3,21.995582263869014
7,58,1,0,0,5,22.206292768050616
7,59,0,0,1,4,17.583679221310817
7,0,0,0,1,6,11.67665074945375
7,1,0,1,1,0,24.23387016909438
7,2,0,1,1,0,19.18711468416274
7,3,0,1,1,0,16.653893701382835
7,4,0,1,1,4,12.555710167555485
7,5,0,1,1,2,32.405075007940724
7,6,0,0,1,5,23.06621577254447
7,7,0,0,1,5,21.48227879787822
7,8,1,0,0,7,23.119812118964237
7,11,0,1,0,7,24.91446879843199
7,13,1,1,0,0,21.060951252268744
7,14,1,1,0,5,25.667054111605093
7,15,1,1,0,0,23.176614550116774
7,16,1,1,0,0,30.677620079012534
7,17,1,1,0,5,33.50928055444568
7,18,0,1,1,5,29.600689930095076
7,19,0,1,0,0,37.428856572927856
7,20,0,1,0,3,41.40302013612698
7,21,0,0,0,1,28.290665821971906
7,23,1,0,0,5,29.259688897171824
7,24,0,0,1,5,18.333125116181545
7,25,0,0,1,0,27.87425961700258
7,26,0,0,1,7,21.115657948901614
7,30,1,1,0,6,45.48933782984336
7,33,0,0,0,3,35.265258427502644
7,35,0,0,0,2,28.73275803585322
7,36,0,0,0,5,19.22474020745784
7,38,0,0,1,3,41.01765363930294
7,39,0,0,0,3,25.438309536096426
7,40,0,1,0,1,34.64952590145005
7,41,0,1,0,6,26.82435461744131
7,44,0,0,0,4,15.574027677002881
7,45,0,0,0,3,30.9650217938051
7,46,0,1,1,0,21.55829404281677
7,47,0,1,1,1,39.068285785723006
7,51,1,1,0,0,25.085277860469176
7,52,1,1,0,0,31.408732696990363
7,54,0,0,0,4,15.876972464653281
7,55,0,0,0,2,26.930031854374413
7,59,0,1,0,4,26.69196632198493
7,0,0,1,0,7,30.787687209251526
7,1,0,1,0,3,38.065131925062765
7,2,0,0,0,6,14.406403643639637
7,7,1,1,0,7,35.62302609854055
7,8,1,1,0,5,30.0603926469152
7,9,0,1,0,3,37.71812326721606
7,10,0,1,0,2,34.30555972405991
7,11,0,0,0,7,16.011226089068636
7,12,1,1,0,7,32.42646604287865
7,13,0,1,0,6,28.6082528053
7,15,0,0,0,6,15.962134371527217
7,16,1,1,0,4,30.42067334665807
7,18,0,1,0,5,27.50612384602202
7,20,0,0,0,0,24.325543310895586
7,21,0,0,0,6,18.77777700556652
7,23,1,0,0,1,19.034180678590374
7,24,1,0,1,5,24.716308860348665
7,26,1,0,1,3,18.370617110467194
7,27,1,0,0,4,22.471655110882487
7,29,0,0,0,1,28.351726726516908
7,30,0,0,0,2,25.14434199011442
7,31,0,0,0,4,15.935395973218348
7,33,0,1,0,3,48.092727486052446
7,36,0,0,0,3,27.715512147138774
7,37,0,1,1,5,22.944645096496085
7,38,1,1,0,0,19.480370096622508
7,39,1,1,0,1,22.252224734536917
7,40,1,1,0,6,42.89286829458138
7,41,0,1,0,0,36.71840314595867
7,43,1,1,0,7,46.273377278080616
7,44,1,1,0,0,22.860633563018734
7,45,1,1,0,2,34.015166605148536
7,46,1,1,0,1,25.9240839995182
7,47,1,1,1,7,20.229505879980096
7,48,1,1,0,4,31.907426507326353
7,49,1,1,0,7,49.810022503907305
7,51,0,0,0,7,19.66457476408885
7,53,1,0,1,2,7.725489838995746
7,54,1,1,1,0,9.654427897451683
7,56,1,1,1,3,41.27748837502423
7,57,1,1,0,5,35.46788853873407
7,58,0,1,0,0,39.224595542639314
7,59,0,1,0,3,38.853840531634134
7,0,0,1,1,1,37.47538313420205
7,2,0,1,0,5,24.372785917789717
7,3,1,1,0,0,23.288971314860113
7,4,1,1,0,3,30.832900739187806
7,5,1,1,0,5,30.83716134892369
7,6,1,1,0,2,22.121647304371542
7,7,1,0,0,0,15.483834729862886
7,9,1,1,0,1,21.304892979867954
7,10,1,1,1,0,12.052205907504373
7,11,1,1,1,1,12.13437377802453
7,12,1,1,1,4,19.342787540443652
7,13,1,1,1,5,10.883783344351986
7,14,0,1,0,2,40.43910839344074
7,16,0,0,0,6,12.374443024967327
7,18,1,0,0,0,21.81146564720497
7,19,1,0,0,6,33.51093111631204
7,20,0,0,0,7,13.591720941867147
7,21,1,0,0,3,18.720998007861965
7,22,1,0,1,1,21.407375445004604
7,23,1,0,0,0,19.85975171006691
7,24,1,0,0,4,19.80394522769487
7,27,1,0,0,0,21.76251860088134
7,28,1,0,0,6,25.081010607486437
7,29,0,1,0,0,34.50679202679288
7,31,0,1,0,0,38.94520622549308
7,32,0,1,0,5,26.30427781905038
7,33,0,1,0,7,27.63277636415681
7,34,0,0,0,4,17.29088792822313
7,35,0,0,0,4,16.97156961738019
7,36,1,0,0,4,22.07178015247042
7,37,0,0,0,6,19.202519718075106
7,40,0,1,0,7,31.398686057595768
7,43,0,1,0,6,31.1758764610689
7,46,1,1,0,5,31.874287721882613
7,48,0,1,0,3,41.68377008553017
7,50,0,1,0,2,42.49148657512121
7,52,0,0,0,2,28.429178465445997
7,54,1,0,0,1,21.839640837908547
7,55,1,0,0,7,25.696376901693274
7,58,0,1,0,5,26.75679505852574
7,59,0,1,0,0,37.14079931900167
7,2,1,1,0,1,27.44222287336524
7,3,1,1,1,5,11.938589019074797
7,4,0,1,0,6,29.24285403219866
7,6,1,1,0,0,25.7343573816676
7,7,1,1,0,4,26.096696708637637
7,8,1,1,0,2,32.516627824003685
7,9,1,0,0,0,19.578248354582982
7,12,0,1,0,1,33.000865663387565
7,15,0,0,0,2,25.733163978994476
7,16,0,0,0,3,25.980342749831983
7,22,1,1,0,7,33.65178840024043
7,24,0,0,0,6,16.441636651591907
7,26,0,0,1,1,30.028979644085506
7,27,0,0,0,3,27.552976272537197
7,29,0,0,1,6,3.724845390210609
7,31,0,1,1,7,18.748879641663667
7,36,0,1,0,1,35.61347948005411
7,37,0,1,0,7,23.559082553421543
7,38,0,0,0,2,26.460030267734634
7,39,0,1,0,1,38.06701614798467
7,44,0,1,0,1,38.1337090622299
7,46,0,1,0,6,32.00743144802822
7,47,0,0,0,7,17.971364290501494
7,48,1,1,0,7,32.50992598452428
7,49,0,1,0,0,39.417385960070675
7,50,0,1,0,3,46.877780935810065
7,51,0,0,0,6,22.259018902357
7,55,1,1,0,7,37.73360781272825
7,56,0,1,0,6,30.540732408544347
7,58,0,0,0,6,16.56251622885626
7,59,1,1,0,0,29.955405984418086
7,0,1,1,0,0,29.10073760452507
7,1,1,1,0,6,47.210879160078946
7,3,0,0,1,1,39.61898706410358
7,4,0,0,1,5,20.836600059508235
7,6,1,0,0,5,18.064758933958327
7,7,0,0,0,5,13.245360365678103
7,8,0,0,1,4,6.786200058748541
7,9,0,0,1,4,8.844790647990619
7,12,0,0,0,2,25.933812147735818
7,13,0,0,0,6,15.854869894053753
7,18,0,0,1,5,18.694342441208647
7,19,0,0,0,5,14.742835187102594
7,21,1,0,0,4,31.77500609384208
7,22,1,0,0,3,22.971966657698438
7,25,0,0,0,6,17.01300196423071
7,26,1,0,0,7,23.591593764441768
7,27,0,0,1,6,10.397744535635676
7,28,0,0,1,2,25.479875928554343
7,31,1,0,0,2,18.69019944780997
7,32,1,1,0,1,25.905398408828255
7,33,1,1,0,2,26.971217445454744
7,34,1,0,0,5,18.671952703890792
7,36,1,0,0,0,18.838342143199142
7,37,1,0,0,1,21.32999960521666
7,38,1,0,0,5,24.931908427656737
7,39,1,0,0,6,24.032620239099273
7,40,0,1,0,2,41.62711771738263
7,44,0,1,0,0,36.77224257220993
7,45,0,1,0,0,33.48946442990068
7,46,0,1,0,5,27.293552233146908
7,49,0,1,0,5,29.387076865748945
7,51,0,1,0,0,36.384509034072856
7,53,0,1,0,1,38.934484667619124
7,54,0,1,0,4,30.62709068615002
7,56,0,1,0,1,39.532161995227014
7,57,0,1,1,2,29.821270600353436
7,58,0,0,1,4,15.049176613827148
7,59,0,0,1,0,18.44435105390777
7,0,0,0,1,3,19.18026509034811
7,1,0,0,0,0,21.31342330917157
7,2,0,0,0,7,14.45579467817729
7,4,0,0,0,6,14.104538781722374
7,5,1,1,0,3,35.57722285484981
7,10,1,1,0,6,40.28466581493722
7,12,0,0,0,5,13.763327736972661
7,13,1,0,0,5,21.471464544605134
7,14,0,0,0,0,22.536543878203673
7,16,1,0,0,1,16.47601496645352
7,18,1,0,0,4,25.72839792523731
7,20,0,0,0,6,19.43840716259766
7,22,0,1,0,5,27.64167312951329
7,23,1,1,1,0,9.133445712063592
7,24,1,1,1,0,6.975284046685169
7,25,1,1,1,5,13.040546248155707
7,26,1,1,1,3,21.656116776624255
7,27,1,1,0,5,34.11307052127573
7,28,0,1,0,7,28.060331555348423
7,29,1,0,0,3,23.21571606157675
7,30,1,1,0,4,27.5134661123648
7,37,0,0,1,6,13.214303626171848
7,40,1,1,0,2,24.559240892539663
7,41,1,0,0,2,18.81430047406496
7,43,1,0,0,5,22.953748233763722
7,44,1,0,0,3,20.601716550685552
7,45,1,1,0,6,38.90136639065269
7,46,1,0,0,7,32.45010267546036
7,47,0,0,0,0,23.820688214000292
7,49,0,0,0,2,26.77429664101092
7,53,0,0,0,0,26.582421627437668
7,56,0,0,1,7,26.555769757702727
7,58,0,1,0,4,24.020817161360675
7,2,1,1,0,0,27.19539476144074
7,3,1,1,0,7,49.67570144628388
7,4,1,1,1,6,40.15809484789005
7,5,0,1,1,0,22.472685493817092
7,6,0,1,1,1,33.66082218890763
7,7,0,1,0,7,28.49854080362155
7,10,0,0,0,2,22.468315341974744
7,11,0,1,0,1,32.05553440181728
7,12,0,1,0,6,29.951662110115883
7,17,1,1,0,2,32.19292962125223
7,18,1,1,0,1,33.47338812732172
7,19,1,1,0,0,31.20461035250785
7,21,1,0,0,5,25.324849884786914
7,23,0,0,0,3,27.336664935915966
7,24,0,0,0,1,27.133361051158545
7,29,0,1,0,7,30.641557507694984
7,30,1,1,0,5,28.39462282219487
7,31,0,1,1,4,11.680054232330436
7,32,0,1,1,5,30.3828966355303
7,33,0,1,0,4,29.612288318421715
7,37,0,1,0,6,31.287928799782776
7,38,0,1,0,0,37.66636056625349
7,39,0,1,0,4,27.862800232356193
7,42,0,1,0,7,31.114396388118237
7,43,0,1,0,5,27.44140397632097
7,44,1,1,0,3,28.833334304482072
7,46,1,0,0,6,21.96845154998786
7,47,0,1,0,6,33.260126599879456
7,48,0,1,0,1,38.51646788356102
7,51,0,1,0,5,29.24437615322927
7,53,0,1,0,2,40.49544168744641
7,58,0,0,0,4,14.132019046049479
7,59,0,0,0,3,23.47204995816897
7,2,0,0,0,4,13.82069682033689
7,4,1,1,0,1,15.905158461934981
7,6,1,1,0,5,29.94997440231958
7,7,0,1,0,3,39.5711991990119
7,10,0,0,1,3,30.62198071473935
7,11,0,0,1,4,13.777814226885157
7,12,0,0,1,2,24.94052428763403
7,13,0,0,1,4,15.72557020215432
7,14,0,0,1,7,21.075656080954104
7,18,0,1,0,6,31.11150316020602
7,20,1,1,0,0,30.76335950100091
7,21,1,1,0,3,28.68832406115719
7,23,1,1,0,1,20.603959364887896
7,24,1,1,0,1,23.694402430767244
7,25,1,1,0,4,30.766084482607784
7,26,0,1,0,6,30.258765637934758
7,27,1,1,0,3,23.943795909978775
7,28,1,1,1,0,9.723106426630798
7,29,1,1,1,1,19.027953302554142
7,30,1,1,0,1,24.172258598570206
7,31,1,1,0,4,41.673314060866275
7,33,1,0,0,5,28.884606192695372
7,34,0,0,1,5,21.532121263041258
7,35,0,0,0,7,18.195388763188372
7,36,0,0,1,0,29.778846711426237
7,37,0,0,1,3,46.69189705994081
7,38,0,0,0,6,16.269080346118276
7,40,0,1,1,7,34.28226790757941
7,42,0,0,0,6,12.094826775913228
7,45,0,1,1,5,27.66065677674217
7,47,1,1,0,6,47.667098146291245
7,49,1,0,0,7,17.907351210993294
7,51,0,1,0,3,39.35474869251423
7,55,0,1,0,0,36.3545636126013
7,56,0,1,0,0,35.600392996891465
10,0,0,1,0,2,47.72657127643492
9,3,0,1,0,2,46.52538414772294
9,11,0,0,0,4,27.61448377062123
9,13,0,0,1,0,45.55808583725213
9,19,1,1,1,3,71.37923824944879
9,20,1,0,0,0,39.30111201191486
9,22,1,1,1,2,70.40336763392074
9,23,1,0,1,2,56.49702453622065
9,24,1,0,1,6,57.534242070095644
9,25,0,1,1,7,60.053067178116045
9,43,0,0,0,0,30.441206215941147
9,0,1,1,0,7,54.52931078568663
9,2,1,0,1,3,61.9579464834715
9,5,1,1,0,2,54.54170627351246
9,8,1,1,0,7,53.95625362830576
9,11,1,0,0,6,39.63252308610572
9,27,1,1,0,7,53.93298958031403
9,29,1,1,0,6,55.20039855279896
9,12,1,0,0,1,40.050446296557816
9,16,1,0,1,3,55.11149088862247
9,17,1,1,0,2,54.34429937895989
9,21,1,0,0,1,39.14707260859479
9,27,0,0,0,5,27.270233144497794
9,29,1,1,0,4,56.453791117233074
9,37,0,1,1,7,58.319066270474224
9,44,0,0,1,4,40.88817388127726
9,46,1,1,1,6,70.80866389590618
9,49,1,0,1,5,55.228267872615575
9,52,1,1,0,2,53.24341311887864
9,53,1,0,0,0,39.27514633350846
9,54,1,0,0,4,38.85780249077291
9,0,1,1,0,0,54.94219574791161
9,1,1,1,0,2,54.10744105951424
9,15,1,0,1,7,54.921932755864695
9,16,1,0,1,6,55.06339304120277
9,17,0,0,1,7,41.66203760196057
9,24,0,1,1,7,59.330510974250245
9,31,0,0,1,3,51.54638329357053
9,36,0,0,1,2,44.04951678560792
9,41,1,1,0,4,53.9374175715505
9,42,0,1,0,6,41.93022601580942
9,49,1,1,0,3,58.99057058487505
9,50,1,1,0,0,53.188714120827036
9,59,0,1,1,5,57.759502471913926
9,0,0,1,1,4,57.58295998253369
9,3,0,1,1,1,65.56731591849454
9,8,0,1,1,7,58.42862911484554
9,9,0,1,1,7,60.60309982051935
9,11,1,1,0,3,63.25565787798838
9,12,1,0,1,6,56.55791460442005
9,13,0,1,1,7,58.16989113748911
9,16,0,1,1,6,59.38273954350627
9,17,1,1,1,1,71.35557445248365
9,19,1,0,1,3,55.590273228681646
9,25,0,0,1,5,42.43827218497191
9,26,1,0,0,6,39.747370393830096
9,30,1,0,1,1,56.214840073596086
9,38,1,0,1,4,56.47299454049629
9,39,0,0,1,5,44.35016001788028
9,43,1,1,0,0,54.65673969872831
9,44,1,1,0,1,55.201423975767604
9,46,0,1,0,4,41.051262746351895
9,51,1,0,1,4,54.35174838492837
9,1,1,0,0,7,38.8330849249995
9,7,1,1,0,4,54.27019422870674
9,28,0,1,1,0,59.1638447937173
9,29,0,1,1,2,58.09307399118238
9,30,0,0,1,6,43.097564903671056
9,31,0,0,1,6,41.10249571461872
9,32,1,0,1,6,56.40647118554526
9,33,1,0,1,2,54.46087494782596
9,34,1,0,1,5,54.33589388083769
9,38,1,0,0,6,39.01595930931475
9,0,1,1,0,5,54.650271756148555
9,8,0,0,0,7,28.88204776847291
9,9,1,1,0,7,55.82742383731574
9,10,1,1,1,2,71.763623447181
9,11,1,0,1,1,55.81594936210637
9,14,1,0,0,2,39.68009707257093
9,15,1,1,0,5,55.57780682840097
9,19,1,0,1,4,55.42704916569257
9,24,1,0,0,7,39.62378052908907
9,30,1,1,0,0,55.93214074656651
9,32,1,1,1,1,71.03738575828449
9,33,1,1,1,7,76.72211355159325
9,34,1,0,1,4,54.35351345252929
9,36,0,1,1,6,56.79442625489375
9,37,1,0,1,1,58.089074125148294
9,39,1,1,1,1,71.50672144192461
9,42,0,1,0,3,43.55619778103892
9,49,0,1,1,2,62.29341475997014
9,56,0,0,1,6,42.209744280131076
9,1,0,1,0,3,42.96637423131515
9,3,0,1,0,1,45.217021089549185
9,27,1,0,1,0,57.0640932275317
9,28,1,0,1,7,55.985072387576444
9,41,0,0,1,4,40.7119483299959
9,43,0,0,1,6,42.626327875978156
9,44,0,0,1,2,48.40346392071658
9,54,1,0,0,0,40.2169994043378
9,9,0,1,1,5,59.10462639419651
9,17,1,0,0,0,38.21805284423616
9,9,0,1,0,5,40.66003819739193
9,13,1,0,0,2,39.43955101629556
9,28,0,0,1,7,43.659269317339394
9,45,1,1,0,4,54.62130743024121
9,53,0,1,0,5,40.982686021076525
9,54,1,1,0,1,54.78271992221243
9,56,1,1,0,6,54.63612219878099
9,57,1,0,0,1,43.10439834864752
9,0,0,0,1,2,43.44092744968078
9,2,0,1,1,4,54.79051300228488
9,3,0,1,1,5,57.645551768928215
9,5,0,1,1,1,66.02471066260449
9,20,1,0,0,6,38.48025405024769
9,21,0,1,0,5,41.48012780437585
9,24,0,1,0,2,44.523030384746264
9,38,1,0,0,5,39.515959819982676
9,44,0,1,1,4,55.2156538235894
9,47,0,1,0,6,41.79105396894191
9,15,0,0,1,1,44.57423469095153
9,36,0,0,1,7,39.987498576306365
9,37,0,0,1,5,42.95479613803509
9,43,1,0,0,6,37.75587392731795
9,48,0,1,1,7,56.533227065283505
9,49,1,0,0,6,38.1416792249568
9,58,0,0,1,2,43.50024272239293
9,12,1,1,0,7,54.59206628652601
9,14,1,0,1,5,55.64275099438845
9,36,0,1,1,3,58.51667903823648
9,6,0,0,1,1,49.842130607523146
9,12,0,0,1,3,44.87920849401198
9,18,0,1,0,1,48.00897844832398
9,27,0,0,1,3,53.18952132218449
9,38,0,1,1,5,58.379514587749135
9,42,0,0,1,0,44.57746820065438
9,51,1,0,0,0,38.51578291912317
9,53,1,0,0,5,38.09170232005161
9,54,0,0,1,1,44.45823683897186
9,6,0,0,1,6,44.30347256307394
9,11,1,0,1,5,55.42715103312407
9,16,1,0,1,0,55.409063387372385
9,17,1,0,1,6,54.140796131715064
9,18,1,1,1,6,71.39386047092283
9,19,0,1,1,0,59.83790806140481
9,20,0,1,1,0,59.694658938217934
9,21,0,1,1,3,59.13215829548753
9,22,0,0,1,6,42.571991845955296
9,23,1,0,1,5,56.45756993809546
9,30,1,0,0,6,39.666568023360405
9,31,1,0,0,7,39.816794350253126
9,39,0,0,1,1,44.418946417281454
9,43,0,0,1,7,47.49200550300079
9,49,1,1,0,0,53.59473761818422
9,50,1,1,0,4,53.23137705669765
9,53,1,1,0,1,54.396782305589056
9,55,1,0,0,0,39.22460110307195
9,59,1,1,0,3,54.37691713708213
9,1,1,1,0,1,53.88426756175526
9,2,1,1,0,5,53.63308936465161
9,7,0,1,1,2,59.36996726163912
9,10,1,0,1,4,56.040704195180396
9,11,0,0,1,1,45.0834786737365
9,18,0,0,1,5,43.52597429908036
9,20,0,0,1,5,40.49769874102417
9,36,0,1,1,0,62.47238177582357
9,1,1,0,1,7,55.27851553156446
9,4,0,0,0,2,31.996619544572564
9,17,0,1,0,2,52.23107126490103
9,20,0,1,0,0,43.35848787116845
9,22,0,1,1,2,62.644121801592014
9,24,0,0,1,2,44.574401872315185
9,30,0,1,1,4,57.58822741168006
9,32,0,1,1,5,55.41050832846715
9,33,1,1,0,4,53.84627365317636
9,43,1,0,1,7,56.19495855655347
9,44,1,1,1,5,70.71242574748985
9,47,1,1,0,4,53.16043961773654
9,0,1,1,0,6,54.660151459774774
9,2,0,1,1,6,59.47695408180503
9,3,0,0,1,1,45.638342265365765
9,12,0,0,1,2,44.885350555924745
9,13,0,0,1,2,45.376650184422935
9,18,0,1,1,1,59.77853496217696
9,42,1,1,0,2,53.50544152821759
9,44,1,0,0,1,38.21335116306293
9,17,0,0,1,1,43.58623996458621
9,26,0,0,1,4,42.65968422824056
9,27,0,0,1,5,42.41309092157281
9,31,1,0,1,4,56.27795561451738
9,32,0,0,1,5,43.13080577844377
9,33,0,0,1,1,53.63508755754905
9,34,0,0,1,6,42.65732900649565
9,35,0,1,1,0,58.298532986501
9,37,0,1,1,4,52.49754185298394
9,40,1,0,1,0,55.12788096925814
9,46,1,0,0,0,38.696879654968804
9,47,1,0,0,1,37.93530064637841
9,0,0,1,0,7,42.5229518112763
9,4,0,1,0,2,45.864014334105065
9,13,1,1,0,7,53.87412556315937
9,17,1,1,1,7,71.23917152353016
9,19,0,1,0,3,43.282302958961445
9,21,0,0,1,6,39.975274823383835
9,22,1,1,1,3,69.6095602566846
9,23,1,1,1,0,72.0781193069087
9,24,1,1,1,4,72.26703595105303
9,27,1,1,0,5,61.91179286338555
9,28,1,1,0,7,55.44764647698899
9,35,1,0,0,3,37.14274891937401
9,36,1,0,1,3,53.98771559341243
9,40,1,0,0,0,39.19807577258087
9,47,0,1,1,7,59.23471544296703
9,52,1,0,1,4,54.2869167411737
9,1,1,0,0,5,38.788673211595864
9,7,0,0,0,0,30.83419696849923
9,10,0,0,1,0,45.7977380437714
9,14,1,1,0,6,55.511758892033804
9,29,1,1,1,4,71.73448983168814
9,36,0,0,1,0,43.46042216074804
9,39,1,0,1,7,53.537858950671826
9,40,0,0,0,6,25.0498206046315
9,44,1,1,0,6,53.016533899457094
9,50,0,1,0,2,42.86060259529053
9,56,1,1,0,0,54.77625432475714
9,2,0,1,1,3,64.95221731523696
9,18,1,0,0,3,37.770669510852066
9,20,1,1,0,3,54.2829525499931
9,9,1,0,0,6,39.27591946368545
9,18,0,1,1,6,59.08010528419014
9,20,1,0,1,6,56.34772005049763
9,39,1,0,0,4,38.33331812523482
9,41,1,0,1,2,55.17282453434664
9,10,1,1,0,7,53.97514135756545
9,16,1,0,1,7,54.372657973472066
9,19,0,1,1,3,59.734358620352666
9,28,0,0,1,2,44.3596620164077
9,1,1,1,0,4,54.089251560409444
9,20,1,1,0,5,54.49299093689722
9,21,1,1,1,7,72.27372161019366
9,27,0,1,1,2,59.29043334984579
9,28,0,0,1,4,41.78644293253915
9,35,1,1,0,2,58.75621336655754
9,42,1,0,1,3,54.80802146927471
9,43,1,1,0,5,54.17758809506137
9,45,0,1,1,7,57.08038682502114
9,46,1,0,0,6,38.49223366822991
9,50,1,0,0,6,37.14793340670285
9,55,1,0,1,7,57.26745733327385
9,57,1,1,0,4,54.38185484197781
9,3,0,1,1,4,55.60442669863022
9,4,1,1,1,4,72.31320472333309
9,5,1,1,1,4,71.61546935482569
9,6,0,1,1,7,59.47716077401868
9,7,0,1,1,4,54.740838855707096
9,8,0,1,1,6,58.08836376096648
9,10,0,1,1,0,63.29432140999392
9,11,0,1,1,1,68.73091944076023
9,14,1,1,0,7,55.182595523493816
9,21,1,0,0,4,38.922830173893374
9,28,1,0,0,7,41.24789339571611
9,59,1,0,1,2,55.65958936809504
9,10,0,1,0,5,42.692573358718484
9,11,0,1,1,2,61.01006785659905
9,12,0,0,1,5,44.22621214116406
9,25,0,1,0,1,45.48420843443579
9,36,1,1,0,0,53.582427442713005
9,37,1,1,0,5,54.50890980549022
9,49,1,1,0,6,53.3304184433093
9,50,0,1,0,3,52.22949953813671
9,58,0,1,1,3,58.89067381136035
9,1,0,0,0,1,28.729256679016935
9,14,0,0,1,3,45.44162666450884
9,23,0,1,0,0,44.04681283696571
9,26,1,0,0,1,41.805876582177476
9,39,0,1,0,3,42.682268743474204
9,52,0,1,0,7,41.37456304539302
9,53,0,1,1,3,67.91692873696314
9,16,0,1,1,0,60.735800789752794
9,17,0,1,1,1,59.22828715490685
9,20,0,1,1,7,59.04565594853061
9,22,1,0,1,5,57.34904471741997
9,31,0,0,1,1,44.032390275353336
9,40,0,0,1,5,45.511900151588335
9,45,1,0,1,7,54.4852879717652
9,53,1,0,0,1,39.06466398017633
9,56,1,1,0,2,54.65506086114376
9,59,0,0,1,3,44.08624127395883
9,8,1,1,0,5,54.15406471243298
9,15,1,1,1,2,72.44526991123335
9,16,1,1,1,3,73.26545989072409
9,41,1,0,0,0,41.127432766712346
9,44,0,0,0,0,30.682210086305084
9,58,0,0,1,0,43.80341956765456
9,0,0,1,1,6,58.271982499877154
9,4,0,0,1,1,46.32247030777645
9,11,1,0,1,2,55.63600314957042
9,14,0,1,1,7,59.21398012678723
9,15,0,0,1,2,44.6354957962929
9,16,0,1,1,2,59.99476664970051
9,35,0,1,1,1,57.87407781346709
9,57,0,0,1,4,40.6946103563321
9,58,1,0,1,6,54.96926931593371
9,3,1,1,1,4,71.45377805189207
9,4,1,1,1,1,72.3998376894777
9,5,1,1,0,6,55.29238850778683
9,8,1,0,1,7,63.417417775223456
9,17,1,0,1,3,54.7156479514448
9,18,1,0,1,0,55.877341093343325
9,20,1,0,1,0,56.80525859969052
9,21,1,0,1,2,56.16057818299174
9,22,1,1,1,6,70.39566835078169
9,23,0,0,1,0,45.42055065127552
9,26,1,1,1,2,73.50854861156662
9,27,1,1,1,5,72.54851339784827
9,36,1,1,0,6,55.35923096990089
9,52,1,0,1,5,55.64482584832154
9,56,1,1,0,7,53.95194213137933
9,58,1,0,0,2,38.819968415711664
9,5,1,0,0,3,39.142338846712775
9,29,1,0,1,0,56.80577878312068
9,30,1,0,1,3,63.74677910100408
9,36,0,1,1,1,58.1731932072358
9,50,1,0,1,1,55.09237057553424
9,55,1,1,0,7,55.247706648515
9,5,0,1,1,3,62.67409908851852
9,22,0,0,1,5,43.0272803172475
9,25,0,0,1,0,46.21737794350612
9,26,0,0,1,2,51.36404654669368
9,30,1,0,1,5,56.30267301384208
9,36,0,0,1,5,42.869603847955304
9,54,1,0,1,4,55.391099054964826
9,5,0,0,1,2,43.977309035304295
9,6,0,1,1,0,60.446791026299024
9,7,0,1,1,6,59.03398898437834
9,9,0,0,1,5,43.12877292134383
9,11,1,0,0,0,40.17479321150732
9,25,1,0,0,3,39.82525461585696
9,30,0,0,1,2,51.31950233265113
9,39,1,1,0,0,55.45998793109756
9,0,0,0,1,7,43.124079971413074
9,4,0,1,1,3,61.06416731225997
9,20,1,1,0,1,59.7409961451589
9,32,1,0,1,1,56.28592059329362
9,41,0,1,1,2,59.32965790170901
9,43,0,1,1,1,66.87438861046455
9,56,1,0,1,5,54.363622130849734
9,7,1,1,0,7,54.0651135712578
9,11,0,1,1,7,57.701155420702584
9,29,1,1,1,5,72.12578376950893
9,37,0,0,1,1,53.45511201012079
9,54,0,0,1,5,40.884293142032426
9,55,1,0,0,1,39.0944112511157
9,22,1,0,1,2,56.118797385334034
9,23,1,0,1,4,56.24955890178829
9,27,1,1,0,0,54.877312722189394
9,41,1,0,1,0,55.25892409640109
9,53,1,0,0,4,37.89345338263045
9,59,0,0,1,5,41.680925992417315
9,2,0,0,1,1,46.998495914081275
9,7,1,0,0,4,39.33534778677186
9,26,1,0,0,4,40.21772642485542
9,29,1,0,0,5,40.262248426167844
9,32,1,0,1,0,56.19809433920647
9,53,0,0,1,4,40.86744214386963
9,10,1,1,0,4,54.804914383925045
9,13,1,1,0,1,57.57879203789243
9,48,0,1,1,0,60.295110011182345
9,49,0,1,1,6,57.94025166776205
9,52,0,1,1,1,64.42102949884719
9,58,1,1,1,2,71.29719901521175
9,0,1,1,1,0,72.68992005619013
9,3,1,0,1,0,55.94998084942927
9,4,1,0,1,6,55.50573984026215
9,5,0,1,1,6,59.52209892976577
9,7,0,1,1,1,59.301221875941934
9,19,1,0,1,6,55.682051745763516
9,20,1,0,1,5,59.09564416012959
9,35,1,0,1,6,58.314123339155614
9,41,0,1,0,6,42.50309960548372
9,47,1,0,1,1,54.6594861759335
9,51,1,1,0,1,52.88574161471204
9,8,0,1,1,4,54.98525377762528
9,10,1,1,1,6,71.91651538272095
9,17,1,1,0,3,58.24657188499683
9,18,1,1,0,0,54.907558105189864
9,21,1,1,0,0,55.182393272994524
9,22,1,1,0,5,56.08988892092755
9,28,0,1,0,1,44.319024795594686
9,33,1,0,0,3,37.990699706084
9,34,1,1,1,1,69.5169941206817
9,35,1,1,1,6,71.26289238685786
9,42,1,1,0,3,53.84931558959466
9,45,0,1,1,6,57.74361422360759
9,46,0,0,1,5,43.453511076298554
9,9,0,1,1,2,60.468752067710845
9,11,0,1,1,5,58.715313817322425
9,29,1,0,1,7,56.26743806000635
9,37,0,1,0,2,44.18173357198241
9,49,0,1,0,5,41.4000351958263
9,7,0,1,1,3,67.67915630829157
9,36,0,1,0,7,42.267481831691235
9,37,1,0,1,5,54.00051968557706
9,51,1,1,1,6,69.65431087810268
9,59,0,0,1,4,41.6878900879441
9,2,1,0,0,3,39.432509085841595
9,24,0,0,1,7,46.12506561771736
9,51,1,0,1,0,54.36166646956161
9,53,1,0,1,3,55.00909724781414
9,51,1,1,1,0,69.96910754179076
9,52,1,1,1,7,70.63647180126033
9,54,1,1,0,7,52.46828998480003
9,55,1,0,0,5,38.861514366844155
9,11,1,0,1,3,55.61136755223886
9,14,1,0,0,1,43.757205186995655
9,15,1,0,0,5,39.64183072979752
9,40,0,1,0,3,42.1233811472914
9,41,0,1,0,3,56.395448439371435
9,44,1,0,1,5,54.983999187348914
9,6,1,0,0,3,38.45103501151247
9,8,1,0,0,2,39.55953796149204
9,18,0,1,1,4,56.47756177819098
9,19,0,1,1,4,54.76100429466122
9,21,0,1,1,5,59.02044161555499
9,22,0,1,1,6,58.5223547750991
9,23,0,0,1,4,41.73882555519489
9,24,1,0,1,5,56.030850350772056
9,26,0,0,1,1,46.672396086695336
9,40,1,1,0,5,54.04423813039103
9,51,0,0,1,4,39.790946466248926
9,52,0,0,1,2,43.13572804614273
9,54,0,1,0,1,43.61193675698408
9,56,0,1,1,0,58.89096855798448
9,8,1,1,0,0,54.17004919270902
9,39,1,0,1,3,54.28569468539777
9,14,1,1,1,5,72.20090336314315
9,16,1,1,0,5,54.814451825092284
9,23,1,1,1,1,73.0097325302197
9,24,1,1,1,3,71.92951322624178
9,35,0,0,1,5,41.07494669361251
9,46,0,0,1,3,44.323781675782705
9,1,1,0,1,3,55.93200973000026
9,7,0,0,1,3,45.07286891114519
9,12,1,0,1,1,56.49523981206326
9,14,1,0,0,7,39.94792539069012
9,34,1,1,0,3,61.011808945040535
9,40,1,0,1,5,55.13696201707206
9,43,1,0,0,0,37.77212547058407
9,46,0,0,1,6,43.57851417782355
9,54,1,0,0,1,38.833272244887176
9,55,1,0,1,1,55.31977469907821
9,20,1,0,0,3,39.033579213529435
9,21,1,0,0,5,38.75909267689123
9,56,1,1,1,2,71.26808748716363
9,57,1,1,1,5,72.54652967573158
9,13,0,0,1,6,42.72535800838503
9,15,0,0,1,0,51.01982715297298
9,17,0,0,1,3,43.65252313540937
9,24,0,1,1,2,66.11959794357342
9,40,1,1,0,4,53.127894442519356
9,45,0,0,1,6,45.52059514313509
9,46,0,0,1,4,42.05680772061462
9,57,1,1,0,3,54.27943666583911
9,7,1,0,0,2,39.26310229429242
9,31,1,1,0,1,54.74920590046436
9,58,1,1,0,0,55.07494629685857
9,2,1,1,0,4,54.25091424163444
9,5,0,1,1,0,61.18724648368203
9,11,0,1,1,6,58.145569040027155
9,12,0,0,1,4,43.424286212557355
9,13,1,0,1,5,55.66561391933531
9,15,1,0,1,3,55.72979775739775
9,20,1,1,1,5,70.65759842489824
9,22,0,1,1,7,57.48445680799343
9,32,0,1,1,1,59.191070592276176
9,34,1,1,1,2,69.51279783956763
9,35,1,1,1,5,71.25313679641732
9,13,0,0,1,5,45.268997185815266
9,20,1,1,0,0,54.557375667987685
9,25,1,1,1,2,72.70203007363219
9,28,1,0,0,6,38.88376466644709
9,42,0,0,1,6,42.51349963001466
9,58,1,1,0,5,54.49308551592219
9,9,1,0,1,1,60.15029016847913
9,58,0,0,0,0,28.638344656832423
9,4,1,0,0,1,39.93629125460351
9,12,1,1,0,0,55.081180941541874
9,32,0,1,1,2,56.443049967722544
9,33,0,1,1,3,58.80402887740766
9,50,1,1,0,7,53.250907438858334
9,51,0,1,0,4,38.37824053614075
9,52,1,1,0,1,53.260059024527415
9,8,1,1,0,2,53.87531783929472
9,9,1,1,0,3,61.74797771505954
9,25,0,0,1,1,46.2436910699528
9,33,0,1,1,6,57.15315544695429
9,22,0,0,1,4,42.05109579697227
9,25,1,0,0,2,39.29660127429108
9,31,1,1,1,3,71.70224747360223
9,32,1,0,1,5,56.38427267007472
9,45,1,1,0,7,57.910080437161184
9,48,0,1,1,3,64.27017971323971
9,56,0,0,1,3,42.16077538164329
9,58,1,1,1,3,71.35502756843489
9,0,1,0,1,6,55.98676549211884
9,1,0,0,1,4,39.63200092383374
9,3,0,1,1,6,57.70543756991065
9,13,0,0,1,3,45.62614774028746
9,26,1,1,0,3,55.49178391603738
9,29,1,0,1,5,56.32896014236206
9,37,1,1,0,1,53.505440054437436
9,38,1,1,0,1,54.29318824763682
9,42,0,1,0,7,42.70013085056056
9,24,0,0,1,1,45.312667431063645
9,36,1,1,1,3,70.37589110516173
9,39,1,1,0,1,53.94372017665553
9,40,1,1,0,3,54.21533887412077
9,55,0,1,1,6,59.105739626432886
9,58,1,1,1,0,71.4813076939669
9,59,1,1,1,7,71.08878628069897
9,3,1,0,1,7,55.97546981003889
9,14,1,0,1,0,55.81906880413419
9,15,1,0,1,5,57.11454100478686
9,19,1,0,0,7,39.958775262329006
9,40,1,1,1,6,70.87006725099458
9,41,1,1,1,1,71.49919013093492
9,50,0,1,1,1,61.69927120576483
9,57,0,0,1,1,45.463141620617634
9,3,1,1,0,1,54.178248272990515
9,35,1,1,0,3,52.25265118818799
9,47,0,0,1,1,43.99550559649327
9,48,0,0,1,6,40.544396323305925
9,49,0,0,1,4,42.346958387241095
9,50,1,0,1,0,54.973357391031925
9,3,1,0,1,1,55.831879550851674
9,4,1,0,0,2,39.50849608491765
9,30,1,0,0,7,39.90880854708605
9,31,1,1,0,3,66.63292801177604
9,32,1,0,0,1,39.7497170625786
9,10,1,1,0,3,55.02893620088849
9,21,1,1,0,1,55.10534657817362
9,24,1,1,0,7,57.038934138662164
9,31,0,0,1,2,45.253794145056666
9,46,1,0,0,1,38.35394562897352
9,49,0,0,1,1,42.97110512647893
9,50,0,0,1,5,41.770756672348114
9,55,1,0,0,4,39.014378436324776
9,13,1,1,1,5,70.55980804076663
9,31,1,1,1,0,71.8615748013079
9,33,1,1,1,1,70.84176793925222
9,48,0,0,1,0,43.569583758999954
9,3,1,1,0,6,55.64833304722743
9,40,0,1,1,0,58.55680090409038
9,42,0,1,1,6,54.67692756342637
9,43,0,1,1,2,59.36693484314843
9,44,0,0,1,3,53.27204569932519
9,47,0,1,1,1,60.36385708708492
9,26,1,1,0,1,58.645974872134914
9,33,0,1,0,2,44.29604561691726
9,48,0,0,1,2,43.00434853676538
9,1,1,0,1,2,61.55726736937547
9,2,1,0,1,1,56.47115988831764
9,8,1,1,0,4,54.11733133494458
9,28,1,0,1,3,61.985226255814894
9,43,1,1,1,4,70.57655329402623
9,47,0,0,1,5,44.03752087571702
9,21,1,1,0,3,55.054648512133674
9,41,0,0,1,7,45.10569230711005
9,44,1,1,0,7,54.47091707623059
9,48,0,1,1,1,61.25090768050659
9,51,0,1,1,6,53.88580933658295
9,59,1,1,0,7,53.020695216955694
9,9,0,1,1,4,54.3539002001466
9,11,1,1,1,5,74.02848984038582
9,31,1,0,1,7,56.3510108428019
9,32,0,1,1,0,59.17990927741184
9,33,0,1,1,7,55.72177420956057
9,40,0,1,0,0,42.55948405842983
9,53,1,1,0,6,53.81635335426759
9,0,1,0,1,7,55.52728881122985
9,4,1,0,1,0,55.72937595869948
9,5,1,0,1,6,55.27920620706998
9,6,0,1,1,6,54.98049615455305
9,7,1,0,1,3,56.53717591611118
9,11,1,1,0,2,55.17416237775197
9,15,0,1,1,6,58.30854388055227
9,24,1,1,1,6,71.81714332194537
9,25,0,0,1,4,41.35792967695249
9,26,1,0,1,2,56.60560942230479
9,27,1,0,1,3,56.964938966154236
9,35,1,1,0,5,51.677557092220155
9,55,1,1,1,7,72.48036873684288
9,18,1,0,1,4,57.71417126762866
9,21,1,0,0,2,38.79688764833681
9,44,1,0,1,0,55.95276552726505
9,46,1,0,1,1,55.87547412811844
9,54,1,1,1,0,72.08665313869501
9,55,1,1,1,5,72.44503383600039
9,38,1,1,0,4,53.95963637560922
9,40,1,1,0,0,54.28753004667557
9,51,0,1,1,4,55.18994187162481
9,16,0,0,1,4,37.887263347924986
9,17,1,0,1,1,54.87810669366245
9,31,0,1,1,4,54.73360487525971
9,32,1,1,1,0,71.23879298458817
9,1,1,1,0,6,53.467478674406465
9,12,1,1,1,6,70.8770125801732
9,22,1,0,0,5,39.34691824429653
9,11,0,0,1,2,48.865444398652954
9,6,1,0,0,5,43.5641135302816
9,11,1,0,1,0,56.87367467618989
9,25,1,0,1,0,56.19545200622162
9,40,1,1,0,2,58.82823301252934
9,41,1,1,0,2,54.445749169793146
9,52,1,1,0,0,53.76722419305928
9,15,1,0,1,6,54.86427162146898
9,16,1,1,1,4,72.53256643775256
9,17,0,1,1,4,52.784368254007816
9,18,0,1,1,3,70.62680812840284
9,23,0,0,1,7,44.33975992665084
9,25,1,0,1,1,57.61726042289411
9,45,1,0,1,0,55.52081080480587
9,46,1,0,1,0,56.24755344411249
9,48,1,0,1,7,53.783614838051136
9,59,1,0,1,4,54.97371457467657
9,19,0,0,1,1,44.65612066277601
9,29,0,1,1,7,58.20427195604098
9,31,0,1,0,3,44.96784993231407
9,36,1,1,1,4,70.60109072364898
9,48,1,1,0,1,53.58606775142844
9,40,1,1,1,0,71.45016284234893
9,37,1,1,0,0,53.37152643461328
9,41,0,1,1,3,59.34512695286133
9,24,0,0,1,0,49.33208840435842
9,37,0,0,1,0,44.025512712279536
9,42,1,0,1,1,55.322948637599325
9,45,1,1,0,0,54.318422738415705
9,47,1,1,0,7,53.438508471067806
9,16,0,1,1,1,61.10385468801077
9,23,0,1,0,2,43.60745199653183
9,47,1,1,0,3,53.61788392006206
9,48,1,1,0,2,53.33469876018638
9,15,1,1,0,6,55.23903813338062
9,17,1,0,1,5,54.72867067501253
9,20,0,0,1,7,42.33178865413518
9,28,1,1,0,1,62.75404980313543
9,51,1,1,0,0,52.97649401483762
9,52,1,1,0,6,53.272501028596466
9,10,0,1,1,2,59.48880086111798
9,11,0,0,1,3,45.14659479965001
9,56,1,0,0,6,37.781017275430145
9,19,1,0,0,2,38.10058733433108
9,18,1,0,1,5,55.84172537202975
9,53,1,0,1,2,55.508891395373965
9,54,1,0,1,0,55.43048751087497
9,11,0,0,1,0,45.159898558837654
9,13,0,0,1,7,44.509088234208264
8,19,1,0,0,7,57.90031272008629
8,27,0,0,0,7,45.025940779300356
8,38,0,1,1,4,68.22514519493797
8,40,0,1,0,4,54.79596767661913
8,41,0,1,0,0,59.26529676697827
8,53,1,0,0,3,55.038363983577185
8,55,1,1,0,3,70.30543811802941
8,57,0,1,0,4,55.29697492387524
8,0,1,1,0,3,71.08843608705324
8,4,1,0,1,1,72.23022879720085
8,5,1,0,1,3,68.70226786632193
8,7,1,0,1,1,69.75052080778732
8,8,1,0,1,4,70.63316279460474
8,10,0,0,1,1,59.52515372830738
8,24,1,1,0,7,70.21508488421125
8,25,0,1,1,7,74.77815656798306
8,36,0,1,0,4,55.16024879262035
8,45,1,1,0,2,70.18569215278379
8,46,1,1,0,4,69.54355856005532
8,47,1,1,0,0,69.91229782086747
8,54,1,1,0,7,69.95572532020974
8,59,0,0,1,1,59.699442093880684
8,6,0,1,0,3,64.4822946658064
8,7,0,1,0,1,62.27707003927151
8,11,0,0,1,2,63.56751520683503
8,14,0,0,1,0,61.349561148413606
8,16,0,0,1,1,62.928303282629294
8,21,0,0,1,0,62.819033617683736
8,22,0,0,1,3,58.75956375262202
8,23,0,0,1,2,58.73398622237176
8,24,0,1,1,2,76.19628792467607
8,40,0,1,1,5,72.19706906174926
8,41,1,1,1,4,86.98572624149827
8,42,1,1,1,5,86.93069848386236
8,43,1,1,1,5,87.5985926533985
8,53,0,0,1,7,55.21860466012054
8,8,1,0,0,4,52.845370514906485
8,13,1,0,0,3,54.9554491738809
8,15,0,0,1,5,58.29901623588691
8,19,1,0,0,6,54.596810593107705
8,23,1,0,1,7,70.67044390012954
8,34,1,0,1,0,72.12173400756515
8,35,1,0,1,5,73.70921537305007
8,38,1,0,0,5,55.06751649324181
8,58,1,0,0,1,52.84922804201271
8,2,1,0,1,2,70.56354866364893
8,3,1,1,1,7,88.06273103193476
8,13,1,0,0,7,56.87489209337892
8,15,0,0,1,3,62.13723900417171
8,24,1,0,1,1,72.47535633663078
8,26,1,0,0,4,56.570220964322125
8,32,0,0,1,3,60.68486538357638
8,41,1,1,1,6,86.28519823319155
8,46,0,0,1,4,56.61847004008956
8,47,0,0,1,5,58.92264175697979
8,59,0,0,1,5,57.796071592727195
8,5,1,1,0,6,67.76880598513414
8,10,0,1,1,4,71.3759657832745
8,11,1,1,1,4,89.46422320237664
8,12,1,1,1,4,88.68603103027439
8,13,1,1,1,6,86.91233001082074
8,17,0,1,1,4,68.44664712860454
8,19,1,1,1,4,87.08710559042223
8,20,0,1,1,5,72.48896147672451
8,23,0,1,0,7,57.49895827514025
8,45,1,0,0,5,53.486683740109
8,51,1,1,0,5,71.87186628360081
8,59,1,1,0,1,70.87876314728658
8,1,1,1,1,2,86.26700299296442
8,2,1,1,1,4,88.17342203218257
8,5,0,1,1,7,72.60374177309677
8,10,1,1,0,1,70.0884358162429
8,11,1,1,0,0,70.4543702717476
8,14,0,1,0,1,64.5909484283435
8,15,0,1,0,5,60.64559504745214
8,17,1,0,0,4,58.719443163332585
8,21,1,1,0,2,72.21493325010776
8,25,0,1,1,1,75.77429768899796
8,48,0,0,1,3,62.04034326666529
8,58,1,0,1,2,70.08537937957885
8,5,0,0,1,4,55.31775916310235
8,8,1,0,1,2,70.87592058445202
8,10,1,0,1,7,69.70172782600729
8,18,1,0,1,1,73.04657477658742
8,20,1,1,0,1,72.86049662725642
8,22,1,1,0,1,73.82072697749744
8,23,1,1,1,3,91.23655745860995
8,29,0,0,1,4,55.5539829238956
8,33,1,1,1,4,86.88617129866064
8,34,1,1,1,3,87.77435941749471
8,45,0,1,0,6,60.4319591648118
8,2,1,0,1,1,70.76061923504487
8,3,1,0,1,6,70.25753412826998
8,5,0,1,1,5,70.47995694089073
8,9,1,0,0,4,54.552113659811965
8,16,1,1,0,0,73.10386245630477
8,17,1,1,0,1,72.90272963879026
8,18,1,1,1,4,86.79223920020637
8,20,0,1,1,3,78.03808297494928
8,23,1,1,0,5,71.27008188985099
8,24,0,1,1,1,74.71065739114016
8,34,0,1,0,2,59.57885345941979
8,37,1,0,1,3,71.9095791505847
8,40,1,0,1,5,71.54871846685218
8,1,0,1,1,7,70.55982678264932
8,19,0,0,1,7,55.48840902995636
8,22,1,1,0,6,69.17857908713634
8,30,1,1,1,3,86.74952902994416
8,31,1,0,1,4,71.75158441201111
8,41,1,1,0,0,69.77367350139015
8,43,1,1,0,6,69.77986215559625
8,49,0,0,1,6,61.956331160886585
8,50,1,0,1,5,72.0686252847949
8,53,0,0,1,2,60.2194587623231
8,54,0,0,1,4,55.28061912497926
8,58,0,0,1,7,55.60429507659262
8,0,1,0,1,0,69.41349354595198
8,1,1,0,1,5,70.12582550557383
8,2,1,0,0,3,54.74903062822185
8,8,1,1,0,6,68.43860166014389
8,13,1,0,0,5,54.15176723066443
8,21,0,0,1,6,57.60300782018468
8,22,1,0,1,0,72.16368689420891
8,24,0,0,1,6,55.75267541493401
8,25,0,0,1,6,56.82706321320166
8,26,0,0,1,1,73.80194612442412
8,37,1,1,0,1,70.93033443250174
8,43,0,1,1,0,75.945587411086
8,44,0,1,1,7,73.6307003572162
8,45,1,0,0,1,57.80403944841763
8,46,1,0,1,5,72.0062045725115
8,50,0,1,0,3,74.29990022548233
8,55,0,1,1,2,75.2611621334687
8,57,0,0,1,0,58.770966031614684
8,58,0,0,1,2,58.424101627141795
8,3,0,1,0,4,53.475642160701355
8,8,1,1,0,5,68.86052803444294
8,11,1,1,0,7,70.40500825648178
8,20,1,0,0,6,56.53679007988709
8,21,1,1,0,6,72.07164620797951
8,23,0,1,1,6,70.76065036800374
8,24,0,0,1,1,64.52563255172396
8,36,0,1,0,6,54.780064817882135
8,49,0,1,1,2,76.10709194150382
8,50,0,0,1,4,53.88566236721526
8,51,1,0,1,0,71.42453635967473
8,55,0,0,1,4,53.18390715794839
8,56,0,0,1,7,55.725018032259335
8,7,1,0,0,6,52.947718994050874
8,19,0,1,0,5,56.98952695857442
8,50,1,1,0,3,71.02975974006318
8,51,1,1,0,3,70.16076913240279
8,53,0,0,1,1,61.890711561737774
8,55,0,0,0,2,48.9705227382014
8,16,0,1,0,6,61.06381179050044
8,38,0,0,1,5,57.75758487615744
8,44,1,1,0,1,71.85474617503843
8,45,1,1,0,7,70.45439386219726
8,49,1,1,1,0,89.56173297143894
8,50,1,1,1,0,89.41727299279393
8,51,1,1,1,1,88.85863699309209
8,53,1,1,0,1,70.59201188274079
8,54,1,1,0,6,69.49765500976707
8,56,1,0,0,4,53.48164032276724
8,2,0,1,1,5,73.41028449813125
8,6,1,0,1,2,73.67016045884601
8,7,1,1,1,2,85.64135582577204
8,8,1,0,1,7,70.78931554825223
8,15,0,1,0,0,62.57412662312109
8,19,1,1,0,6,74.68083485711387
8,33,0,1,0,0,64.97036588391386
8,37,1,1,0,2,71.40267116324223
8,2,0,0,1,1,65.68550845366596
8,14,1,1,0,4,71.52391989752854
8,31,1,1,0,2,70.26210039101352
8,50,0,0,1,1,64.16500310348295
8,11,1,1,0,4,70.34317682750704
8,24,0,1,0,1,59.16781158719696
8,26,0,1,1,5,73.90281355022536
8,29,1,1,1,2,88.96539787413948
8,31,0,0,1,6,55.75166031985729
8,33,0,1,1,4,70.94264838408328
8,34,0,1,1,0,76.48391027364138
8,41,0,1,0,4,53.887432265326964
8,42,0,1,0,6,55.16914589096936
8,52,1,1,1,5,88.13021379141017
8,30,1,1,0,4,68.6419104355237
8,36,1,0,1,5,72.50755935105329
8,38,1,0,1,5,70.8462485573155
8,47,1,0,1,5,73.0577431077034
8,51,0,1,0,6,54.10090506827129
8,56,0,0,1,2,64.30273465323542
8,57,0,0,1,3,68.39752345826759
8,3,1,0,0,1,54.09998226112087
8,8,0,0,0,1,42.32825304032225
8,16,1,0,0,2,56.800555028873774
8,25,0,0,1,7,60.56699675566448
8,42,1,1,0,6,69.98080299869775
8,48,0,1,1,5,72.5009710951007
8,57,1,1,0,0,69.59231883610386
8,3,1,1,0,0,71.07016675178443
8,4,1,1,0,0,69.00755731603738
8,5,1,1,0,4,69.38013983242622
8,8,1,1,0,7,68.8396855183728
8,22,0,0,1,4,52.624948316208275
8,23,0,0,1,6,54.581416987835055
8,26,1,0,0,6,55.452925156155025
8,28,1,1,0,5,71.15561002539552
8,48,0,1,1,3,76.77228620918586
8,50,0,1,1,5,71.32993317310542
8,51,1,1,1,5,88.51727552836891
8,56,0,1,0,6,54.839891116301814
8,2,1,0,1,7,73.06393424598654
8,14,1,1,1,5,88.2116620370818
8,17,0,1,1,6,72.51419986222216
8,18,0,0,1,1,60.59531067567902
8,19,0,0,1,3,61.24691296286529
8,24,1,0,1,2,73.9648184691231
8,25,1,0,1,7,73.094371005221
8,27,1,0,0,7,60.828504099163986
8,28,1,0,1,0,73.039152939915
8,29,1,0,1,5,74.50191771452349
8,35,0,1,1,5,72.7129570565245
8,43,1,1,0,1,70.53338552794388
8,44,1,1,1,5,88.05361458317665
8,45,0,1,0,1,64.75256628774964
8,56,0,1,1,1,74.5372760466184
8,12,0,0,1,2,68.49158742512827
8,13,0,1,1,0,76.07298075997664
8,14,0,1,1,7,76.12752500709956
8,17,1,1,0,4,72.69990343400872
8,20,0,1,0,1,60.19748465072668
8,32,1,0,1,7,71.73504562545993
8,33,1,1,0,3,69.02334373404904
8,40,1,1,1,1,84.91847928964633
8,41,1,1,1,2,87.19078840411792
8,42,1,0,1,5,70.39627042551206
8,43,0,0,0,2,47.0381915380605
8,49,0,0,1,5,58.56745240418138
8,53,0,1,1,7,73.58960201886953
8,9,1,0,0,0,53.46421653082194
8,10,1,0,0,3,55.92175149399888
8,13,1,1,0,4,71.33497703081413
8,15,0,0,1,2,59.716157650198156
8,39,1,1,1,4,89.11968839523314
8,56,1,1,0,3,68.98019969605593
8,58,1,0,0,4,52.82326217835832
8,4,1,0,0,5,53.97831184407066
8,9,0,0,1,1,62.25994774926054
8,10,0,0,1,4,50.962974615351726
8,12,1,0,0,0,54.97818870542606
8,15,0,0,1,7,61.973494915104325
8,37,0,1,1,6,76.61881817039117
8,39,0,0,1,4,52.902363952129356
8,40,1,0,1,0,71.42551369932275
8,41,1,0,1,4,70.48005746671181
8,51,1,0,0,6,54.235346664623975
8,53,0,1,0,1,63.72810963441044
8,56,1,1,0,7,70.40174116101421
8,59,1,0,1,5,71.0526028526831
8,29,0,1,1,4,68.73375861770721
8,31,1,1,0,5,70.69090253863632
8,35,0,0,1,5,58.641656960634904
8,49,1,1,0,7,69.22018901200148
8,11,1,0,0,6,54.1088888635585
8,17,1,1,1,5,92.44182308749247
8,22,1,1,0,2,72.74576789650311
8,30,1,0,0,7,56.531584031637344
8,55,1,1,0,7,72.7997467044939
8,57,1,1,0,3,70.51999045018736
8,58,1,1,0,3,73.32424346150069
8,2,1,1,1,5,87.69338462892904
8,4,1,1,0,1,68.97263072036692
8,5,1,1,0,0,69.43450508993239
8,9,1,0,1,3,70.46039864200031
8,10,1,1,0,3,72.56525167119432
8,20,0,0,1,2,63.5407737356863
8,22,0,0,1,5,54.11739255330519
8,29,0,1,0,6,57.12480468341232
8,43,0,0,1,1,61.70068021497819
8,46,1,0,0,3,53.95103292297001
8,48,1,0,1,7,74.62440672972532
8,59,1,0,1,7,71.10647070440484
8,7,1,0,1,5,69.2194940614913
8,32,0,1,1,0,77.69731977439378
8,34,0,1,1,3,75.21111649213914
8,39,1,1,0,4,68.95212774892642
8,41,1,0,1,1,71.83970253722768
8,42,1,0,1,1,70.4392149018166
8,43,1,0,1,5,71.55780990830254
8,46,0,0,1,2,62.236657368130494
8,47,0,0,1,1,69.3559097741084
8,52,0,0,0,2,49.1023973343871
8,57,1,0,0,7,52.70699321913772
8,59,0,1,0,4,53.47067938998611
8,0,1,1,0,5,70.98832834908274
8,17,0,0,1,1,62.320812838098064
8,26,0,1,1,1,85.0283350059054
8,28,0,1,1,7,77.22598217037884
8,48,1,1,0,0,69.23018339057337
8,4,0,0,1,3,69.00334569412493
8,8,0,1,1,3,84.75760489649332
8,11,0,0,1,0,61.228985633469904
8,12,0,0,1,5,56.96464385777105
8,40,0,1,1,7,72.60847578177182
8,43,1,1,1,3,89.27275187810181
8,44,1,0,1,0,71.7960988102172
8,46,1,1,1,0,88.63631249026655
8,56,0,1,0,5,56.489063090641054
8,57,1,1,1,6,86.62538460366405
8,59,0,0,1,0,63.916271442953764
8,1,1,0,1,0,70.22213698470786
8,3,1,0,1,0,71.59999298163024
8,16,0,0,1,5,56.31392158843103
8,26,1,1,0,4,71.24989479848624
8,29,0,1,0,0,59.78913590018402
8,36,1,1,0,5,70.01608551977513
8,43,1,0,0,1,54.591908773034135
8,0,1,0,0,5,52.67527176263221
8,2,0,0,1,6,54.569538794519474
8,3,0,0,1,5,57.27484681164876
8,13,1,1,0,5,70.93839572913372
8,14,1,1,1,4,88.16689700395621
8,16,1,0,1,4,73.21803907849507
8,18,0,0,1,5,58.295787856043454
8,38,1,1,0,6,74.85370197941137
8,39,1,1,0,5,69.65124026392778
8,40,1,1,0,1,68.97996159108797
8,42,1,0,1,3,70.06317955927639
8,57,0,1,1,6,70.75936254483155
8,1,1,0,1,3,71.58857416097979
8,20,0,1,1,2,75.64165766757779
8,23,0,0,1,1,64.07553184753881
8,44,1,1,0,2,71.1463839218174
8,53,1,0,0,2,54.70287552470992
8,4,0,1,1,6,69.35346248282843
8,5,1,1,1,5,86.47074996579087
8,6,1,1,0,6,69.62112111441681
8,21,0,0,1,2,60.372337577172615
8,22,0,1,1,3,74.10554243316109
8,25,1,0,1,5,73.68882115435723
8,29,0,0,1,2,60.47288495847188
8,31,0,1,1,5,70.6514678563646
8,32,0,1,1,5,73.59532298336205
8,36,1,0,0,0,56.00869342103138
8,37,1,0,0,5,53.48618056747045
8,49,1,1,0,5,68.88087723950105
8,52,1,1,0,2,70.28273396967464
8,57,0,0,0,2,46.32887792751423
8,38,0,0,1,4,52.54602472146475
8,39,0,0,1,0,59.606168272308615
8,54,1,0,0,7,56.036790190719195
8,30,1,1,0,2,71.05641034142806
8,42,1,1,1,4,86.53198339368261
8,55,0,0,1,6,54.143215171811654
8,57,0,1,1,5,73.28041282926151
8,2,0,1,0,1,61.662855679804906
8,4,0,0,1,1,60.22487243131608
8,7,0,0,0,0,47.07037397401905
8,35,1,0,1,7,73.42017402054925
8,39,0,1,1,6,72.07427197976146
8,40,0,1,1,3,73.3839535542472
8,58,1,1,0,0,69.73462971899013
8,12,1,1,0,4,69.65066450997652
8,15,1,1,0,2,71.2469300399316
8,16,1,0,0,0,57.07002791347884
8,18,0,1,1,7,71.30729332279635
8,23,1,1,0,7,69.41024045319503
8,30,0,1,1,1,73.4695556463206
8,38,1,0,1,1,72.50142847182778
8,40,1,0,0,5,54.68650202522673
8,6,0,0,1,3,57.955550531803205
8,16,0,1,1,1,76.90531670302812
8,33,0,0,1,6,58.621624793940704
8,15,0,0,1,4,57.815080846913204
8,21,0,1,1,7,71.49283221030075
8,25,1,0,0,5,56.19273169984739
8,33,1,1,1,5,89.53675462050776
8,35,0,1,1,1,76.80370079809491
8,40,0,0,1,3,59.21300293675076
8,49,1,1,1,6,88.57468744399108
8,19,1,1,1,1,88.78685046249589
8,23,1,0,1,2,72.47951543708474
8,24,1,1,1,2,88.21485873545622
8,25,1,0,1,1,75.33032633386262
8,38,1,1,1,7,88.51875200775069
8,25,1,1,0,0,71.52642614873398
8,37,0,0,1,0,65.68262765267588
8,38,0,0,1,3,65.8348797072943
8,43,0,0,1,5,57.626881407660306
8,54,0,0,1,5,55.457437266203456
8,0,1,0,1,1,69.44553925137969
8,11,1,0,1,1,71.97388633122095
8,15,1,0,0,3,57.030456402281004
8,53,1,0,1,7,71.84174013066301
8,54,0,0,1,1,63.143873638500295
8,10,0,1,1,6,72.01651257858697
8,12,1,1,1,3,88.66307888386802
8,14,1,1,0,6,73.08332158918915
8,16,0,1,1,0,78.50906328929891
8,20,1,1,1,1,86.83191964418215
8,40,0,0,1,4,53.583496062386516
8,41,1,0,1,0,70.54644003455871
8,42,1,0,1,4,70.42233051876268
8,54,1,0,1,6,72.8974231156233
8,55,1,0,1,3,71.01171232548222
8,0,1,0,0,7,58.172811852400585
8,2,0,1,0,3,71.21073644915796
8,37,1,1,1,3,86.7355508155299
8,51,1,1,1,0,88.44523859676005
8,52,1,1,1,1,89.50682961944051
8,55,0,0,1,3,59.88918447365609
8,10,1,1,0,7,69.37120511725999
8,16,0,0,1,7,60.299724509654745
8,20,0,0,1,7,59.63429162792132
8,33,0,1,0,6,59.27801041353514
8,34,1,1,0,7,74.24646262010128
8,40,1,0,0,3,54.01292188338972
8,50,0,1,1,3,81.11690976868006
8,2,1,0,0,7,53.215760028005825
8,9,0,0,1,6,55.031427092503094
8,10,0,1,1,2,74.07358266570677
8,11,0,1,1,2,75.20622206257417
8,18,1,1,0,0,73.3494478010254
8,27,0,0,1,5,61.18859342552617
8,35,1,0,0,0,56.1254189771487
8,41,1,1,0,6,68.61855269409581
8,42,1,0,0,2,53.48302606736272
8,43,1,0,0,5,60.19935412856902
8,12,0,1,1,2,77.20987475348122
8,31,0,0,1,5,58.60012798818732
8,51,1,1,1,7,87.57748574296097
8,55,0,0,1,2,60.61950262261976
8,13,0,1,1,2,78.28378338247607
8,20,1,1,0,6,70.4406609713009
8,34,1,0,0,7,56.786626835681176
8,35,1,1,1,5,87.16663059584707
8,45,1,1,0,4,69.90528319434475
8,11,0,1,1,6,71.36673212617602
8,13,1,1,1,1,88.22813521743994
8,26,1,1,0,0,72.08341722599926
8,29,1,1,1,6,87.33136394717157
8,35,0,1,1,4,69.98802131537823
8,52,0,1,1,1,78.24438895935882
8,54,0,1,1,4,69.89164248232514
8,55,1,1,1,3,86.279723296588
8,56,1,1,1,0,85.86156288693918
8,57,1,1,1,3,86.66359826596866
8,7,1,0,0,7,52.58737687390099
8,19,0,0,1,2,61.1894965639776
8,33,0,0,1,0,60.14827902594751
8,34,0,0,1,1,61.383158402596294
8,31,1,1,0,4,70.58187649300525
8,39,1,1,1,6,87.88214689229848
8,52,0,0,1,3,66.59508909163064
8,57,1,0,1,7,70.26226201857924
8,23,1,1,0,3,70.67911236036845
8,24,1,1,1,7,88.04825183543568
8,54,1,1,0,4,70.50275638227832
8,58,1,0,0,3,52.83605102667094
8,59,1,1,0,6,67.83232016107465
8,6,0,1,1,6,69.19521890128397
8,9,0,0,1,3,59.441150315126485
8,14,0,1,1,4,69.46814384568563
8,15,0,1,1,3,75.50045320876531
8,19,1,1,0,4,72.55125217698712
8,23,1,1,1,5,86.90199485447627
8,24,1,1,1,5,88.51435200027616
8,32,0,1,0,6,55.73073865851585
8,35,1,0,1,3,75.43627106512487
8,38,1,1,1,0,88.8015667178789
8,41,1,0,1,3,70.16368536223005
8,51,0,1,1,4,71.03653379236229
8,52,1,1,1,3,88.76097154595638
8,56,1,1,1,3,85.74910293195865
8,58,1,1,0,7,69.40287787916476
8,6,0,1,0,7,58.88608863404839
8,11,0,0,1,5,52.91712288129975
8,13,1,0,1,1,73.20933855805625
8,18,0,0,1,2,58.54498156730817
8,19,0,0,1,6,56.20677604096393
8,26,0,0,1,6,58.659621293060965
8,39,1,1,1,1,89.88557976756708
8,47,1,0,1,1,71.96163176814333
8,48,1,0,1,2,70.94759575707536
8,49,1,0,1,6,70.49849117368042
8,50,1,0,1,2,71.45489786590163
8,51,1,0,1,3,70.26126981661112
8,2,0,1,1,7,74.78746461734866
8,3,1,1,0,6,71.88283793063106
8,9,0,1,1,2,75.64150334244128
8,26,1,1,1,1,91.22614870836053
8,27,1,1,1,0,89.45888528229759
8,47,1,0,0,2,53.72935254730137
8,52,1,0,0,6,54.34489022664085
8,54,1,1,0,0,69.80069902681623
8,57,1,1,0,1,69.49711780664931
8,58,1,1,1,0,87.31871117425788
8,59,1,1,1,1,86.651871962951
8,14,1,0,0,1,56.20833567074399
8,18,0,1,1,5,71.09931080148768
8,24,0,1,1,5,69.57288979436676
8,33,1,1,1,7,90.39313608823568
8,37,0,1,1,7,75.29845624169756
8,39,1,1,0,0,69.60326568388135
8,10,1,0,0,2,54.4239500144239
8,30,0,1,1,6,69.87313057810603
8,44,1,0,0,5,54.448916759854995
8,26,0,1,1,4,74.22968229076542
8,27,0,1,1,0,76.4134887172359
8,29,1,0,1,1,74.00986667963589
8,31,0,1,1,7,73.908138777571
8,54,1,1,1,1,87.73840735673048
8,23,0,0,1,0,59.55059747696803
8,24,0,0,1,4,54.19326749213842
8,51,0,0,1,3,63.81143122451454
8,58,0,0,1,4,53.39060745382237
8,9,0,1,1,7,73.48773118720217
8,15,1,1,1,3,88.47004136181815
8,31,0,1,0,7,56.45846831245636
8,49,1,1,0,1,69.78779426713699
8,5,0,1,1,6,71.62519676376293
8,26,1,0,0,0,56.82788380913401
8,33,1,0,1,4,72.83397727883985
8,50,1,1,0,5,70.46927481642727
8,0,1,1,1,3,94.21739053110656
8,7,0,1,1,4,71.00324607046382
8,8,1,1,1,1,86.87862301064577
8,13,0,1,1,5,70.49701230047776
8,20,1,0,1,3,74.34289895589318
8,36,0,1,1,3,77.6815152312072
8,42,0,1,1,7,69.82402834809137
8,19,1,0,1,3,72.27778732975699
8,35,1,0,0,3,60.33759507794275
8,47,1,0,0,0,53.93368090248152
8,48,1,0,0,7,60.1356129173232
8,3,0,1,0,0,61.97446520006132
8,31,1,0,0,0,55.065497289847045
8,36,1,0,0,7,54.9742139226947
8,37,0,1,1,2,81.34756357056328
8,58,1,1,1,6,87.13895025203223
8,1,1,1,1,5,84.76109052243268
8,2,1,1,0,5,71.21841590457274
8,12,1,1,0,2,70.32942916004262
8,18,0,1,1,6,73.66301770308016
8,28,1,0,1,1,72.74251020868056
8,41,1,0,1,2,70.03129069752023
8,58,0,1,1,7,70.64413953341023
8,13,1,1,0,6,70.12598658520554
8,38,1,1,0,2,69.72763432781095
8,44,0,1,1,0,76.16491830230618
8,45,0,1,1,7,77.04549900467622
8,4,0,1,0,0,59.509867359207746
8,11,1,0,0,2,58.202733134841964
8,26,0,1,1,0,77.42753728642258
8,27,0,1,1,7,79.12259984351061
8,29,1,0,1,2,74.49518748592263
8,30,1,0,1,2,72.48951664041778
8,40,1,0,1,3,71.18415034204122
8,58,1,1,0,6,72.5622579476855
8,59,1,1,0,2,69.88427904708038
8,19,0,0,1,4,55.475914974536956
8,21,1,0,1,2,71.32417565952188
8,22,1,0,1,3,71.85654094109313
8,30,1,1,1,4,86.74915207295294
8,33,1,0,0,1,56.74608246359841
8,43,1,1,0,5,70.70686655555028
8,49,1,0,1,5,71.96265582822579
8,58,0,1,1,1,83.22749417849285
8,2,1,1,1,6,88.02166833439203
8,3,1,0,1,4,72.00224500938079
8,17,1,1,0,2,72.72017511632376
8,58,1,1,1,4,86.79633894479501
8,59,0,1,1,5,69.79721141457924
8,6,1,1,1,5,85.90498795914296
8,17,1,0,0,1,56.99532936045826
8,35,0,1,0,4,53.17725563251771
8,38,0,0,1,6,58.246696376202884
8,41,1,1,0,5,69.43574330468797
8,42,1,1,1,6,86.1875271577223
8,46,0,1,1,0,74.93317557271256
8,12,1,0,1,5,73.06375885002092
8,33,0,0,1,2,59.732214266849695
8,53,0,0,1,6,54.50186053135546
8,54,1,0,1,1,71.20438352273769
8,12,0,1,1,7,72.75107378936018
8,19,1,1,0,2,73.26266764151961
8,21,1,0,1,3,81.45532315347245
8,24,1,0,0,5,53.75070213205959
8,31,1,0,1,7,71.32452065347307
8,34,0,1,1,1,79.1113029762312
8,49,1,1,1,4,88.78698052325814
8,50,0,1,1,4,66.943685010794
8,55,1,0,0,3,57.560927076338615
8,11,0,0,1,6,58.74886120313183
8,24,0,0,1,2,59.46290120149454
8,55,0,1,1,4,65.72096063641064
8,57,1,1,1,1,87.29457457429751
8,9,1,1,0,5,68.68597591408175
8,21,1,0,1,6,73.72816692135773
8,22,1,1,1,0,87.1996672331559
8,23,1,1,1,7,85.6089433233793
8,52,0,0,1,6,54.60025704120915
8,53,1,1,1,6,88.1989721654717
8,0,1,0,0,6,53.38751764145352
8,13,0,0,1,3,63.74073388816312
8,27,1,1,0,3,72.68795511524034
8,31,1,1,1,7,87.22293212427174
8,37,1,1,0,4,71.58079405169896
8,40,0,1,1,0,73.67587659001678
8,41,0,1,1,2,82.79086901861315
8,32,1,0,1,3,72.16114335116124
8,45,0,1,1,6,73.35271194616021
8,0,1,1,0,6,69.26237364349421
8,56,0,1,1,7,71.99825879988444
8,2,1,1,0,4,70.17986904378144
8,8,0,0,1,4,53.17243510385561
8,9,1,0,1,5,71.51793245977797
8,10,0,0,1,7,55.71296008093557
8,14,1,0,1,2,71.95212616736674
8,15,1,1,1,5,88.55603961350704
8,28,0,1,1,0,76.18351437433375
8,29,0,1,1,1,75.83654078674684
8,33,1,0,1,0,72.47428008799646
8,34,1,0,1,7,71.63964152196581
8,3,1,0,1,2,71.28487644039221
8,4,1,1,1,3,86.30903789419635
8,6,1,0,1,3,68.98583816339215
8,11,1,1,0,2,71.40457608239115
8,45,1,1,0,0,70.44784724180072
8,46,1,1,0,3,68.84508114070147
8,49,1,1,0,2,76.72924884058654
8,51,1,1,0,7,80.8267532142017
8,4,1,1,0,3,67.08094004451932
8,9,0,1,1,6,74.49761379641028
8,25,1,1,0,5,71.4446461017299
8,40,0,0,1,1,66.99717096401882
8,10,1,0,1,3,70.56601376017913
8,12,1,0,0,4,54.314162038722024
8,26,0,0,1,7,58.68303583683814
8,27,1,0,1,4,72.56135246724973
8,28,0,0,1,6,56.141549229177734
8,32,1,1,1,6,89.44643802292481
8,42,0,1,1,6,74.10362209930207
8,43,1,0,1,4,71.67777907956393
8,44,1,0,1,3,70.74883586069605
8,10,0,1,1,7,71.99309829213888
8,46,1,0,0,4,57.457288931824166
8,36,1,0,1,7,72.96064505051223
8,46,1,0,0,1,53.89176083511101
8,49,1,1,0,4,69.8813606487211
8,3,1,1,0,7,73.5524871646643
8,7,0,1,1,6,70.59678073028904
8,43,0,1,1,3,88.60144334501268
8,49,0,0,1,4,53.453394745572226
8,52,1,1,0,3,71.03782083891105
8,22,1,1,0,5,74.12378798928967
8,2,1,1,1,0,87.99885324275463
8,3,1,1,1,4,88.2966878692035
8,37,1,1,1,0,87.71967253284039
8,39,1,1,1,0,88.9716641117903
8,40,1,1,1,0,85.03906578849785
8,42,0,1,1,5,71.04615712775689
8,57,1,1,0,7,76.03856015305762
7,8,1,0,0,1,17.95670317714046
7,11,0,0,0,6,15.903885065535038
7,12,0,0,0,4,12.167859926205379
7,14,0,0,0,3,27.64843727192272
7,15,0,0,0,0,24.707626431073486
7,18,0,1,0,7,26.87984896671605
7,19,0,0,0,3,31.70821349693846
7,20,0,0,1,6,10.356838844297869
7,21,0,1,1,3,52.622892743299175
7,22,0,0,0,4,15.081947213838216
7,23,1,0,0,7,20.825464394745232
7,25,1,1,0,1,23.622144126623656
7,26,1,1,0,5,37.52189436269279
7,28,1,1,0,3,28.772882904237104
7,30,1,0,0,2,20.995736901700024
7,31,1,1,0,7,39.697668531254145
7,32,0,0,0,1,26.183014153238176
7,36,0,0,0,4,16.529649302045993
7,37,0,0,0,4,15.895795278508572
7,38,1,0,0,2,24.960351221998952
7,39,1,1,0,3,28.49162065732041
7,40,1,0,0,0,15.511077816533012
7,41,1,0,0,7,20.863409161709757
7,43,0,1,0,3,42.50817965230511
7,45,0,1,0,3,44.60050110402167
7,46,0,1,1,5,30.658894253745725
7,47,0,1,0,4,28.071089441383677
7,49,0,1,0,6,28.00864932755068
7,54,0,1,0,2,38.23557435443267
7,57,0,0,1,5,19.34707620982981
7,58,0,0,1,5,21.940030572035802
7,59,0,0,0,7,16.379469875587553
7,0,1,1,1,7,39.84852036468658
7,5,0,0,0,6,11.008470256278262
7,6,1,0,0,2,16.618498784377362
7,7,1,0,0,4,27.867987523238597
7,8,0,0,0,1,21.560447395099196
7,9,0,0,0,2,23.688165338568545
7,10,0,0,0,6,15.86452400026985
7,11,1,1,0,5,25.96688506502619
7,13,0,1,1,5,22.78953558237042
7,14,0,1,0,6,27.545938445424255
7,15,1,1,0,7,29.721335187473144
7,16,1,0,0,7,29.094769239561064
7,17,0,1,1,0,17.266686158795835
7,18,0,1,1,4,11.390103339808364
7,19,1,1,1,2,14.260004856021784
7,20,1,0,1,7,41.86076985616107
7,22,0,0,0,0,25.916662147684406
7,23,0,0,0,4,13.085786789777744
7,24,0,0,0,2,28.308222516394878
7,28,0,0,0,6,17.253704888899044
7,30,0,0,0,7,13.452930647707205
7,31,0,1,1,5,23.62972802485391
7,36,1,0,0,6,23.925317356098336
7,37,1,1,0,0,25.74834489292319
7,38,1,1,0,4,31.614624855757956
7,39,0,1,0,2,37.86386354119054
7,40,0,0,0,7,19.723132455300963
7,41,1,0,0,0,14.862517117254663
7,42,1,0,0,1,20.9505504046921
7,43,1,0,0,7,33.34873072808584
7,47,0,1,0,3,39.00278746704003
7,48,0,1,0,5,29.682632862014476
7,51,0,1,1,6,22.24749732926314
7,52,0,1,1,2,31.7418840522747
7,53,0,0,1,6,16.691590700636535
7,54,1,0,1,6,26.727860648162935
7,55,0,1,1,2,31.187465996669225
7,56,0,1,1,1,29.537887261625094
7,57,0,1,1,1,35.4976407458464
7,0,0,0,0,2,27.807902147596256
7,4,0,0,0,3,26.24683361381442
7,6,0,0,0,1,23.78905286848885
7,9,1,0,0,1,15.723421029777468
7,10,1,0,0,2,16.303641161621233
7,11,1,1,0,4,28.950253343143228
7,13,1,1,0,5,25.142706562186294
7,15,0,0,0,4,14.789022181204487
7,17,0,0,0,0,27.569758315556232
7,19,0,0,1,5,19.568484484041544
7,20,0,0,0,3,28.878104134844833
7,21,0,0,0,3,29.046087676097507
7,25,1,0,0,2,22.70149509646715
7,26,1,1,0,1,31.87374236063489
7,27,1,1,1,1,35.309069498235296
7,28,1,1,0,4,31.823793660172985
7,30,0,1,0,4,25.292215834792948
7,33,1,1,0,5,39.66605312231104
7,36,0,1,0,5,24.023411253235505
7,37,0,1,1,7,37.518353094396794
7,38,0,0,0,5,14.343436598898535
7,39,0,0,0,0,21.63032055211072
7,40,0,0,0,6,17.889231332856266
7,42,0,0,0,1,26.0926935054427
7,44,0,0,1,2,22.85772555106535
7,52,0,0,0,0,28.618254579389834
7,56,0,0,0,5,16.73905876720712
7,59,1,1,0,7,42.16537723164059
7,1,1,1,0,7,35.63181563321494
7,2,0,0,1,1,32.88957186981576
7,4,0,1,0,5,24.84047098093151
7,5,0,1,0,1,33.056352523133356
7,9,1,1,1,4,10.470670775854012
7,10,0,1,1,0,18.25015620640712
7,11,0,1,1,7,20.79696856682923
7,13,0,1,0,2,33.209142479783345
7,15,0,1,0,0,32.17563564165367
7,16,0,1,0,6,28.33751998291702
7,17,0,0,0,1,23.076922404798616
7,18,0,0,0,4,17.08900163826741
7,20,0,1,1,2,24.35955202862376
7,21,0,0,1,3,30.946151686061754
7,26,0,0,0,2,24.558751286029374
7,27,0,0,0,5,15.592077143205517
7,29,0,0,0,3,25.81028958305052
7,30,0,1,1,0,32.69974760944493
7,31,0,1,1,0,27.5132680732994
7,32,0,1,1,2,32.38175738243945
7,33,0,1,1,1,48.89312525326142
7,34,0,1,1,4,21.98036266470493
7,36,1,0,1,3,12.770278101585538
7,37,1,0,0,0,22.374713796825706
7,38,1,0,0,1,17.736048530316832
7,39,1,0,0,3,19.96028383372486
7,40,1,0,1,5,19.177602586047108
7,42,0,0,0,5,13.145998882176274
7,43,1,0,0,0,21.057470497569227
7,45,0,1,0,5,26.277628603412595
7,47,1,1,0,1,21.123462764784087
7,50,0,1,1,1,48.868340821986294
7,55,0,1,0,7,33.26551914746314
7,56,0,0,1,6,13.65110431812336
7,57,1,1,1,2,12.092278446426844
7,58,1,1,1,1,13.665658304033595
7,59,1,1,1,0,12.24994102670692
7,2,1,0,0,1,18.767864018065882
7,3,1,0,0,6,26.733740203845326
7,14,1,1,1,2,7.36168807982693
7,15,1,0,1,1,14.1542584680452
7,17,1,0,0,7,25.738716680787725
7,18,0,0,1,6,8.215780272833362
7,19,1,0,1,4,19.64860066602187
7,20,0,0,1,1,38.469472299379156
7,22,1,0,0,0,21.47357283406936
7,27,0,1,0,5,24.571789120200886
7,28,0,1,0,3,35.32816583238301
7,31,0,1,0,4,28.584187754089864
7,34,0,0,1,7,25.92892147115124
7,49,1,1,0,4,39.96989054428639
7,50,1,1,0,4,30.305186042408067
7,51,0,1,0,6,29.35844971339216
7,53,1,1,0,3,36.25360556049321
7,55,1,1,0,1,29.548579607275027
7,56,1,1,0,1,24.028811086778493
7,58,1,1,0,3,36.09216091090927
7,1,1,1,0,0,24.949560696404504
7,3,1,1,0,5,27.743615913379646
7,4,0,1,0,7,22.785754522632864
7,5,1,0,1,1,16.834639049924352
7,6,1,0,0,4,16.80726306345262
7,8,1,0,0,3,14.543068125008475
7,11,1,0,1,7,17.67145509407181
7,13,0,1,1,7,15.32160435321025
7,14,0,1,0,3,36.38006826537322
7,15,0,0,1,3,26.885347811210377
7,16,0,0,0,4,14.119490879636214
7,19,1,0,0,3,22.383556099725542
7,21,0,1,0,3,48.081236634803545
7,25,0,0,0,2,26.123442265997017
7,27,0,0,0,0,23.83314579054331
7,28,0,0,0,4,16.21373163885607
7,30,0,0,0,5,17.882068332916443
7,32,1,0,0,2,22.144164031710854
7,33,1,0,0,6,24.32272511195474
7,37,1,0,0,4,21.924480848129313
7,39,1,0,0,4,19.271131788949273
7,48,1,0,1,1,11.857114614440563
7,50,0,1,0,7,31.90593451064494
7,52,0,0,0,3,32.41804931178734
7,58,0,0,0,5,14.640651030115588
7,1,0,0,1,6,5.840319472643525
7,2,0,0,1,0,14.21001253253828
7,3,0,0,1,6,9.521015297168386
7,4,0,1,1,1,33.44499264664578
7,5,0,1,1,3,51.284784992874584
7,6,0,1,0,1,34.32286893429007
7,7,0,1,1,3,38.27275604168839
7,10,0,1,0,5,21.59789457866624
7,13,0,1,0,1,35.59508208987117
7,14,0,1,1,4,16.914725000839614
7,15,1,1,1,6,15.811259265669712
7,16,1,0,1,2,10.15469166340909
7,17,1,0,1,5,29.147841916929284
7,19,0,0,0,1,26.574311734941666
7,21,0,0,0,5,15.954900723545757
7,22,0,0,0,6,18.217568508004305
7,23,1,0,0,4,18.84671578197648
7,25,0,0,1,3,40.89909889638288
7,26,0,0,1,6,6.04242366618925
7,27,0,1,1,0,33.46616587473589
7,28,0,1,1,0,25.597831587792896
7,30,1,0,0,5,28.16374099452596
7,31,0,0,0,1,24.404158509775367
7,33,0,0,1,1,31.118653970112796
7,37,0,1,1,1,43.787670374247895
7,38,0,1,1,6,18.883548195842888
7,39,0,1,1,4,15.188960980605842
7,42,0,1,0,3,40.15001567609307
7,44,0,0,0,5,15.181132113992204
7,45,0,0,1,0,24.243243117995302
7,46,0,0,1,1,41.57729814230962
7,48,0,0,0,3,32.624980673851006
7,52,1,1,0,1,28.158789617152443
7,53,1,1,1,0,2.0404816668323162
7,54,1,1,1,1,9.062169573121343
7,55,1,1,1,7,47.7873642249348
7,56,1,1,1,1,14.1437850327854
7,59,1,0,1,0,14.4078694821488
7,0,1,0,1,1,21.44670378555957
7,2,1,0,0,6,18.332823005366023
7,3,1,0,0,2,19.869294647153854
7,4,1,0,0,7,29.428458080081594
7,6,1,1,1,0,5.178197478985109
7,7,1,1,1,3,26.625206884439567
7,8,1,0,1,2,6.574988550880644
7,10,1,1,1,4,8.745402700163929
7,11,1,1,1,0,11.532637526546768
7,12,1,1,1,3,28.677234172357405
7,13,1,1,0,4,19.655107067396273
7,14,1,1,0,0,29.19415371391242
7,15,1,1,0,5,25.01500890005815
7,17,1,1,0,1,29.264301225983257
7,19,1,1,0,6,50.42411119438854
7,20,0,1,0,6,32.329781979661874
7,24,1,0,0,7,26.659579861720456
7,25,1,0,0,3,16.149619436257712
7,26,1,1,0,6,34.06315739165411
7,27,0,1,0,7,34.181095998375135
7,29,0,0,0,0,25.143062529544384
7,33,0,0,0,6,18.646230736431566
7,34,1,1,0,6,36.50746278851763
7,35,0,1,0,4,27.45984268354198
7,36,1,1,0,0,25.538843108250216
7,37,1,1,0,7,31.82408847634035
7,38,1,0,0,3,20.46225974909536
7,39,1,1,0,7,31.120633458892417
7,42,1,0,0,3,19.954270173317834
7,43,1,0,1,7,29.60342057894539
7,45,1,1,0,3,34.13258533581961
7,46,1,0,1,1,3.9119681765405474
7,47,1,0,0,7,32.75832934394312
7,49,0,0,1,0,25.876702986160616
7,50,0,0,1,2,19.56287141083223
7,51,0,0,1,3,35.00362841959658
7,53,0,0,0,5,17.82922821418199
7,55,1,0,0,1,23.02187746405189
7,56,1,0,0,3,20.384587226885138
7,57,1,1,0,1,22.973993027020747
7,58,1,1,0,5,23.8350302119912
7,0,1,1,0,1,22.23808140879226
7,3,1,1,0,2,23.943149280420897
7,5,1,0,0,5,26.657271017068602
7,6,1,0,0,0,17.16286274582019
7,7,1,0,0,7,20.667507121368025
7,8,0,1,0,6,28.784966861767852
7,9,1,0,0,5,19.679098912420997
7,11,0,0,0,2,26.274740981839322
7,14,0,0,0,2,22.850590499293094
7,15,0,1,0,1,32.13348896442008
7,16,0,1,1,2,24.25832992970474
7,17,0,0,1,1,35.83230136344324
7,21,1,1,0,4,35.79031091337214
7,23,0,1,0,6,28.528616033093027
7,24,0,1,0,2,38.04173069575126
7,25,0,1,0,3,38.22315212168773
7,26,0,1,0,1,35.248281496128584
7,28,0,1,0,6,27.826851734522915
7,29,0,0,0,2,26.157663095967024
7,34,0,0,1,2,25.268207061105812
7,35,0,1,1,5,23.460678899102305
7,36,1,1,0,7,42.63351761243195
7,38,1,1,0,7,35.63702176432442
7,42,1,0,0,2,24.72396087005854
7,43,1,0,0,4,24.971590847439092
7,45,1,1,0,7,41.77766394649704
7,47,1,0,0,2,17.81198498152597
7,48,1,0,0,7,27.15116793921699
7,49,0,0,1,1,42.514114460469784
7,50,0,0,1,3,43.05061908817886
7,51,0,0,0,4,19.00217872197502
7,53,0,0,1,1,41.13828072928578
7,55,0,0,1,1,34.963580921715575
7,2,0,0,1,6,5.654769153302784
7,7,0,0,0,7,14.357333689439258
7,9,0,1,1,7,34.18755164008901
7,10,0,1,0,7,24.93714343275803
7,11,1,0,0,0,20.600866140492325
7,13,0,0,0,3,26.86566879392007
7,17,0,1,0,0,34.11980711567609
7,23,0,0,0,2,22.99555626777244
7,26,0,1,0,2,44.89339295187191
7,33,0,0,0,0,25.454812084920604
7,36,0,0,1,1,39.819587968550906
7,37,0,0,0,5,15.305087624533257
7,38,0,0,0,1,22.671325379576288
7,39,0,0,0,5,13.335513993036564
7,40,0,0,1,1,31.579471941224792
7,41,0,0,0,1,23.182298885499744
7,43,0,0,0,7,16.978062027610427
7,44,1,0,0,7,26.213551163433806
7,45,1,0,0,3,20.616705219138247
7,49,0,1,0,1,34.78629071126378
7,52,0,1,0,6,32.539568921816254
7,55,1,0,1,6,16.414866778716828
7,56,0,1,1,6,15.580340638871839
7,57,0,0,1,4,16.360298197352243
7,58,1,0,1,7,19.971345405034782
7,59,1,1,0,1,23.182492590703927
7,4,1,0,1,4,13.499087500694586
7,5,0,0,1,0,24.440711622010763
7,7,0,0,1,7,22.703676856006542
7,8,1,0,0,2,16.15111246555713
7,10,1,0,0,5,23.55415518214073
7,13,0,1,0,7,25.78649460003812
7,15,0,0,0,7,15.009844227851108
7,16,0,0,0,1,24.040786223053896
7,19,0,0,1,3,26.326650671576623
7,22,0,0,0,3,33.09990250680378
7,24,0,1,0,5,25.507292109151642
7,26,0,1,1,4,9.460755467433962
7,27,0,1,1,5,18.80004206077889
7,28,1,1,0,6,43.84556358982051
7,29,0,0,0,4,15.559526995073405
7,31,1,0,0,5,28.870722404832275
7,33,0,0,1,5,15.226308164571623
7,34,1,0,0,1,16.559957489837366
7,35,1,0,0,4,23.901820047607536
7,36,0,0,0,2,31.851801075284033
7,40,0,1,1,3,53.596445700859775
7,43,1,0,0,2,20.611026098881585
7,44,1,0,0,1,17.16444326463039
7,45,1,0,0,0,21.031608619057625
7,46,1,0,0,4,23.095266241455086
7,49,1,1,1,0,2.948609450508742
7,50,1,1,1,1,7.036189594623914
7,53,1,1,0,5,32.084683252854425
7,55,0,1,1,4,10.652676893561065
7,56,0,1,1,4,12.65090236535822
7,58,0,1,0,7,35.18010542927503
7,0,0,0,0,4,13.320022352110014
7,1,1,0,0,3,19.513562802824914
7,2,1,0,1,5,17.478995800165073
7,4,0,1,0,4,23.171356304015326
7,7,0,1,0,4,24.805665492572167
7,8,1,1,0,4,23.45477890782472
7,9,1,1,0,5,32.10134076559123
7,10,1,1,0,5,30.004234303363862
7,11,0,1,0,0,36.10624452852433
7,14,0,1,0,7,25.710556539894352
7,15,1,1,0,3,32.99017682992991
7,16,1,1,0,7,39.51542454458739
7,17,0,1,1,3,49.078850985056306
7,21,1,1,0,6,45.90610300720194
7,32,0,0,0,2,30.5664192527058
7,39,1,0,0,2,23.009798074611535
7,40,1,0,0,6,23.63900287145915
7,42,1,1,0,1,22.49944494376968
7,43,1,1,0,4,31.828922316371006
7,44,0,1,0,5,28.17121885187327
7,49,0,0,0,0,25.43541244160678
7,53,0,0,0,2,28.034539861617244
7,58,0,1,1,0,21.90754394307326
7,59,0,1,1,0,34.79731351438378
7,0,0,1,1,6,26.691425382493218
7,1,0,0,1,7,12.33435991604058
7,4,0,0,0,2,20.640690928400286
7,5,0,1,0,2,37.75827616791764
7,6,0,0,0,6,15.102036588777635
7,7,0,0,0,6,16.45944967576149
7,9,0,1,1,0,25.609345251298414
7,11,0,1,0,2,38.54187463865933
7,12,0,1,0,3,42.47651223019011
7,14,1,0,0,7,30.569079423543872
7,18,1,1,1,7,20.273740104058092
7,20,1,0,1,0,9.37571647406995
7,21,1,0,1,2,8.055988471990295
7,22,1,1,1,5,27.100152984387314
7,23,0,1,0,0,37.138859878957476
7,28,0,1,1,6,27.71894161636949
7,29,0,1,1,4,16.98817038576497
7,30,0,1,1,1,44.98254421082678
7,32,0,1,0,4,28.456032850664688
7,33,0,1,0,6,32.79214377908451
7,35,0,1,1,0,21.313179075938155
7,36,0,1,1,5,31.360174929806025
7,37,0,1,0,4,27.49975785703592
7,40,0,0,0,1,24.96023957122293
7,44,0,0,0,1,23.32015531389019
7,45,0,0,1,3,38.20868741460765
7,47,0,0,0,5,13.67507637035633
7,50,0,0,0,2,28.915560269656496
7,51,0,0,0,2,28.008829424120307
7,52,0,1,0,4,31.501087456628596
7,54,0,1,0,5,28.976677953005836
7,55,1,1,0,0,25.921842839749086
7,56,1,1,0,3,29.58440977893526
7,59,1,0,1,1,18.098390927967696
7,0,1,0,1,5,34.822543406963426
7,3,1,0,0,7,23.442537130589223
7,5,0,0,0,0,20.585884935663117
7,8,0,1,0,5,25.84059890310084
7,17,0,1,1,1,33.578150514878224
7,19,0,1,0,1,36.27451077099679
7,21,1,1,1,4,19.222405805055807
7,22,0,1,1,4,18.315559858366225
7,39,0,0,0,2,22.133960719903122
7,40,0,1,0,0,37.675420965359514
7,42,0,0,0,7,11.951399202334152
7,43,0,0,1,5,21.403140558022933
7,50,1,0,0,2,22.011489065810938
7,52,1,1,0,7,35.3151770122742
7,55,0,1,0,4,25.79500986452808
7,57,0,1,0,1,39.32566829912587
7,1,0,0,0,4,12.988336915649597
7,2,1,0,0,7,20.987672940869313
7,4,0,1,0,2,38.194071567528866
7,6,0,0,0,5,15.766613879913947
7,9,1,1,0,7,27.22897421726062
7,14,1,1,1,6,11.796502623545786
7,16,0,0,1,5,19.28274147321077
7,18,0,0,0,7,18.184884305775476
7,25,0,1,0,0,39.17842437190322
7,29,0,0,1,4,14.755873395586043
7,30,0,0,1,4,14.003894545674285
7,32,1,1,0,3,24.60821721650636
7,33,1,1,0,3,32.15605639594992
7,34,1,0,0,3,17.02678758864734
7,35,1,0,0,1,18.76758929967288
7,40,1,0,1,1,17.176603455828534
7,43,0,0,0,6,14.977883934546245
7,46,1,1,0,6,46.9701985273302
7,48,0,0,0,1,24.51968289160297
7,52,0,1,0,0,40.97603782062441
7,54,0,1,0,6,32.40177142713039
7,56,0,1,0,7,32.18047570956264
7,57,0,0,0,2,25.366887123272434
7,59,0,1,1,3,54.29783613441923
7,5,0,1,0,0,34.35669119801936
7,9,1,1,1,1,27.539580781173186
7,10,1,1,1,1,4.866190119976987
7,11,1,1,1,6,31.46612492942311
7,12,0,1,1,1,29.732971650624624
7,13,0,1,0,0,32.284419075417766
7,17,1,0,0,2,23.118590663302395
7,21,1,1,1,6,18.384641030448513
7,22,0,1,1,1,42.25947460943927
7,23,0,1,0,7,29.240608393105376
7,24,0,0,0,5,14.29490026960524
7,25,1,0,1,6,17.308990718111783
7,26,0,0,1,5,20.838128030026716
7,28,0,0,0,0,24.456536593899443
7,32,1,0,0,5,24.188585510400976
7,34,1,0,0,7,23.50636131172272
7,36,0,0,0,6,17.234660494910607
7,38,0,0,0,4,13.889488401394921
7,41,0,1,0,4,27.94747395817192
7,44,0,1,0,3,46.55196468976651
7,45,0,0,1,4,14.53632368049779
7,46,0,0,1,0,22.621241583032184
7,53,1,0,0,4,24.952939297992913
7,54,1,0,0,4,25.73630282487302
7,58,1,1,1,7,16.23473367618159
7,1,1,0,1,1,22.52469534996961
7,2,1,0,1,7,26.136891977159607
7,8,1,0,0,0,16.950931380435428
7,18,0,0,0,1,25.362901941836782
7,19,0,0,0,6,17.443864953359764
7,20,0,1,0,2,46.6306614935317
7,22,0,1,0,7,31.485868323629138
7,23,0,1,1,1,33.258238629932364
7,25,0,1,0,7,29.608256732620752
7,28,0,0,0,7,18.8738961662958
7,31,0,1,0,3,37.43556182218369
7,33,0,1,1,2,28.588868881404142
7,34,0,1,1,0,34.89818928846139
7,35,0,1,1,3,54.23800761400564
7,41,0,1,0,1,36.12616592094036
7,42,0,1,1,3,34.348239581993724
7,46,0,0,0,0,24.684658998137976
7,48,1,1,0,5,30.1836450767388
7,51,1,0,0,5,24.52539277513538
7,52,0,0,1,5,21.499451841964206
7,54,0,0,0,6,16.184542256631385
7,59,1,0,1,5,18.530410039248693
7,4,1,1,0,2,30.11499989716782
7,5,1,0,0,1,17.08317230592601
7,6,1,0,1,6,12.922965702320882
7,7,0,0,1,3,29.37618746534911
7,8,0,0,0,0,22.29156745355697
7,15,1,0,0,4,25.72988277851539
7,16,1,0,0,4,21.71901102189727
7,22,0,1,0,4,27.553404990837333
7,25,1,1,0,2,31.863045002000487
7,27,1,0,0,6,25.29944976834017
7,31,1,1,0,6,34.41358739196936
7,32,0,1,0,0,37.49306266717414
7,34,1,1,0,4,32.03531990760588
7,35,1,1,0,1,28.008322673151348
7,40,0,0,0,2,25.856916603157032
7,54,0,0,0,5,17.041132863046315
7,56,0,0,0,1,28.24275073599444
7,58,0,1,0,6,32.75695467540141
7,0,0,1,0,4,25.707444697782474
7,3,1,1,0,4,30.160516617023852
7,5,1,1,1,2,15.824301651211627
7,6,1,0,1,3,15.932869274691935
7,13,0,1,1,2,29.59517390681447
7,14,0,1,1,1,40.12969369008751
7,16,0,0,1,6,8.604969088795528
7,17,1,0,1,4,19.544806809526005
7,19,0,1,1,5,24.589639926692495
7,20,0,1,0,4,27.433968619335406
7,24,1,0,0,5,21.008731061661045
7,27,0,0,1,5,25.291217110272164
7,28,1,0,1,6,8.552727335829248
7,29,1,1,1,3,21.8295165102076
7,31,1,0,0,6,31.114280927226872
7,32,0,1,0,2,48.32751574003222
7,35,0,0,0,3,29.180944995017388
7,38,0,1,0,7,31.913332512114515
7,41,0,1,1,3,45.50747458737889
7,44,1,1,1,4,15.352029682592622
7,45,0,1,1,7,39.378196697404064
7,0,1,1,0,4,29.350413970004404
7,1,1,1,0,2,26.985134849994115
7,2,1,1,0,6,31.938935025744208
7,4,1,1,0,6,41.05154794719247
7,11,1,0,0,1,21.203096218204607
7,14,1,0,0,5,23.685288819877748
7,20,0,0,1,7,20.35466781172245
7,21,1,0,0,1,20.556264701560668
7,28,0,0,1,3,35.73967445488583
7,30,0,0,1,0,29.106965633303094
7,31,0,0,1,1,41.422727331490606
7,32,0,0,1,4,6.7676831875867975
7,33,1,0,1,1,15.80477110519629
7,34,1,0,0,2,19.77116871344868
7,35,1,1,0,4,36.180016897439096
7,36,0,1,0,6,27.405394888849383
7,39,0,0,1,2,24.62227514426787
7,40,0,0,1,5,17.46147343461715
7,48,1,0,0,4,20.268321455371648
7,49,1,0,0,2,22.280465637899365
7,50,1,1,0,7,49.03508429362658
7,51,1,0,1,4,11.95546505120762
7,52,0,0,1,4,15.831342710268087
7,54,0,0,1,2,24.933190996911588
7,55,0,0,1,5,25.563225870701576
7,56,0,0,1,2,24.284582816129927
7,59,1,0,0,0,15.064847998956171
10,0,0,0,1,1,46.704790464017286
9,59,1,0,1,3,56.58294537118115
9,1,0,1,1,4,55.73339927932376
9,50,1,0,1,6,54.91138273889429
9,2,1,1,1,5,71.21412628604041
9,3,0,1,1,3,60.75642268662572
9,26,1,1,1,3,74.99951271643575
9,15,1,0,1,4,55.49048704030917
9,17,0,1,1,5,58.460352673403456
9,23,1,1,1,3,71.95371157970928
9,8,0,1,1,1,59.89352596345623
9,34,1,0,1,0,54.85204038298472
9,44,0,0,1,6,43.940395367814396
9,46,1,1,1,4,71.47622327675674
9,49,0,1,1,7,59.008394815006305
9,3,1,0,1,5,56.277513813256135
9,6,1,0,1,6,55.27237395383344
9,8,1,1,1,6,70.30936170334691
9,10,1,0,1,0,56.19317911429078
9,13,1,0,1,3,55.4592889792994
9,32,1,1,0,7,54.42849871632684
9,38,1,1,0,5,53.6259574375457
9,1,1,0,1,4,56.437018114641404
9,3,0,0,1,7,41.91690309691963
9,29,0,1,1,5,57.62901391331835
9,44,0,0,1,7,43.792650834930896
9,46,1,0,0,4,38.65939253824237
9,7,1,1,1,3,78.01690966616039
9,15,1,0,0,1,39.718645440704975
9,45,1,1,1,0,70.98166529519146
9,46,1,1,1,3,70.82761849432727
9,52,1,1,0,4,53.19775155517071
9,23,1,0,0,5,39.12615771612742
9,52,0,1,1,3,58.47441485183657
9,1,0,1,1,1,59.52335449771319
9,19,1,0,1,7,55.16655236520265
9,40,1,0,1,3,55.9317439960878
9,6,1,0,1,1,55.178258589582406
9,28,0,0,1,6,41.934031797012146
9,29,1,0,1,4,56.74816366280409
9,28,1,1,0,5,54.656261579819365
9,54,1,0,0,3,39.82676171543719
9,2,1,0,1,2,55.61752215424907
9,16,1,0,1,2,54.90404225952866
9,17,1,0,1,7,56.042910400154234
9,18,1,1,1,5,71.53189543844724
9,19,1,1,1,5,71.57694597439259
9,42,0,1,1,0,59.2366361167323
9,45,0,0,1,7,46.38123789815012
9,47,1,1,0,1,53.715190459854696
9,1,1,0,1,0,56.53094563670184
9,2,1,0,1,4,56.21274611609582
9,3,0,0,1,5,40.24689343070609
9,6,1,1,0,3,55.401785097244534
9,19,1,0,1,1,55.84343863004993
9,27,0,1,1,7,59.609308329631695
9,29,0,1,1,0,58.369676328713545
9,15,0,1,1,7,57.42760252148534
9,41,0,1,1,0,59.547789039655896
9,42,0,1,1,2,59.42337030603481
9,43,0,1,1,0,59.85169943191639
9,44,0,1,1,2,60.276666848153134
9,46,0,1,1,7,56.94834746285684
9,52,1,1,1,1,70.4052900110452
9,3,1,0,1,2,55.74089448494804
9,4,1,1,1,5,72.25616536650939
9,8,1,0,1,3,56.11310134142763
9,12,0,1,1,1,61.166991294087396
9,46,0,1,1,5,56.04517537012248
9,54,0,1,0,7,39.8669383609256
9,13,0,1,1,0,65.23949435460244
9,34,0,0,1,7,39.28993278841806
9,59,0,1,1,2,57.864631879902234
9,16,1,1,1,5,72.71416682012027
9,22,1,0,1,6,55.911444953125155
9,29,0,0,1,2,45.048525683559845
9,34,1,1,0,2,53.330887645072416
9,38,1,1,1,6,70.50866061272556
9,14,0,0,1,7,44.52670972215817
9,20,0,1,1,6,59.714265275896786
9,28,0,1,1,5,58.26902034047887
9,40,1,1,1,2,71.1004591829686
9,42,1,1,1,5,71.3606776615306
9,57,0,1,1,6,57.736044755443075
9,58,1,0,1,2,55.408467927623725
9,0,1,1,1,1,71.88957797817795
9,1,1,1,0,7,54.24867374682715
9,22,1,1,0,4,55.38010487516051
9,23,1,1,0,4,55.115799170187366
9,28,1,1,0,6,54.77406427007688
9,25,1,1,0,6,55.88244891070631
9,38,1,1,0,0,55.47208297500646
9,44,1,1,1,1,70.77840952649996
9,46,1,1,0,3,55.06460237550452
9,7,1,1,0,1,55.642894025788344
9,13,1,1,0,4,54.42205380307929
9,15,1,1,0,0,55.73581652942435
9,25,1,1,0,5,57.999366076941136
9,37,1,0,1,3,55.03148534925262
9,38,1,0,1,2,56.22566055815128
9,39,1,0,1,0,56.33503815391245
9,41,1,0,1,1,58.06924827977596
9,44,1,0,1,2,55.95864328953183
9,11,1,1,1,2,72.09299399737924
9,12,1,0,1,5,56.59069500060533
9,33,1,1,1,0,70.75086618068752
9,34,1,1,1,0,69.62375905514196
9,39,0,1,1,5,56.91451713523994
9,49,1,1,1,0,71.44553777798473
9,50,1,1,1,0,71.29735763691762
9,51,1,1,1,3,69.59207376579377
9,58,0,1,1,7,56.17101610080927
9,19,1,1,1,2,71.66329892305959
9,21,1,0,1,5,56.344464143632095
9,28,1,1,1,1,73.04493838621306
9,29,1,1,1,1,74.01281597331814
9,43,0,0,1,3,45.42642274565081
9,49,1,0,1,3,55.240470905922734
9,33,0,0,1,6,39.42813446657257
9,43,0,0,1,5,44.58082546135274
9,53,0,0,1,2,43.58612608732162
9,25,1,1,1,5,73.13210178886371
9,33,1,0,1,1,54.74019081373464
9,39,1,1,0,3,60.67462258305575
9,45,0,1,1,4,53.62101787887265
9,47,1,0,1,4,55.41394224740354
9,44,1,1,0,0,53.9504041933878
9,50,0,1,1,5,58.42749143046862
9,51,0,1,1,3,58.944409875635806
9,6,1,1,0,2,55.34829064150775
9,10,1,1,1,3,72.2479201487811
9,17,1,0,0,1,38.41363831824927
9,21,1,0,1,6,56.57806762736033
9,36,0,1,1,4,55.685072324298844
9,38,0,1,1,6,54.692643130886395
9,39,1,0,1,1,54.450108254586866
9,11,1,1,0,4,54.63299526040351
9,17,1,1,1,5,71.15723565895217
9,21,1,1,1,4,72.07043748581766
9,22,1,1,1,1,70.383675577599
9,36,1,1,1,2,70.49506002571299
9,42,1,1,1,0,71.26248592616416
9,43,1,1,1,7,70.64814481106019
9,57,0,0,1,6,36.233722636631946
9,59,1,1,1,1,71.17808029243524
9,8,1,0,0,1,43.50183292429558
9,24,1,0,1,1,58.807543671794065
9,31,1,0,0,3,39.90003492636574
9,45,1,1,0,2,54.32072015994964
9,49,0,1,1,3,59.459208176285046
9,4,0,1,1,0,61.09953667837087
9,5,0,1,1,5,58.80569923656072
9,6,1,1,0,4,55.34578941715582
9,22,1,0,1,3,55.84412227716608
9,7,1,1,1,1,70.55563074974846
9,8,1,1,1,7,70.27702878815457
9,10,0,0,1,3,45.1389935761272
9,28,1,1,1,3,72.88307365300281
9,23,0,1,1,3,58.932770581299685
9,26,1,1,0,6,55.671965492660185
9,29,1,0,1,1,59.886750163646965
9,50,1,1,1,1,71.24466921094995
9,1,0,0,1,1,44.439680509446326
9,15,0,1,1,1,60.30908854702038
9,26,0,1,1,1,60.43955825097291
9,22,0,1,1,1,58.65759343763086
9,40,1,1,1,7,71.4523685213015
9,55,1,0,1,6,55.29675851766221
9,56,1,1,1,5,71.38224763051839
9,12,1,1,1,1,73.89299907880036
9,7,1,0,1,4,56.08534948495088
9,10,0,0,1,7,43.292482930459336
9,12,1,1,1,7,71.22854188619341
9,17,0,1,1,6,58.20037408936834
9,20,1,1,1,2,71.6385780363542
9,21,1,1,1,5,72.15147470873247
9,43,1,0,0,7,37.61597542477279
9,48,1,0,1,1,54.80183756697299
9,1,1,1,1,1,72.0395254778288
9,37,1,1,1,7,69.74747454160735
9,47,1,1,1,1,70.36500834592277
9,1,1,1,0,0,54.65979599606753
9,5,1,0,1,2,55.52274674531623
9,6,1,1,1,7,71.10040332183821
9,16,1,1,1,2,72.69870075067271
9,17,1,1,1,6,71.40690282022032
9,18,0,0,1,4,41.883422757061176
9,20,1,1,1,4,71.6026816108637
9,47,1,1,1,2,70.36320171000474
9,52,0,1,1,5,57.742542612768766
9,30,1,1,1,3,71.5668838138198
9,36,1,0,1,6,53.77594282446065
9,55,0,1,1,2,59.52337154197249
9,58,0,0,1,1,48.14304738818766
9,17,1,0,1,0,54.75735884022552
9,33,0,0,1,5,40.19885830746166
9,0,1,1,0,1,54.61771116450886
9,41,0,0,1,5,44.41790266981839
9,43,0,0,1,4,41.570276847876904
9,53,1,0,1,6,55.35483036347621
9,21,1,0,1,4,56.20168892506626
9,39,1,0,1,6,54.20466714832733
9,49,1,1,1,7,71.8735042266959
9,58,1,0,1,5,55.19488319757228
9,10,1,0,1,3,55.73689124146113
9,18,1,0,1,7,55.85563076516664
9,9,0,0,1,6,43.43380413306983
9,20,1,1,0,7,53.73463400565234
9,52,1,0,1,3,54.10157116502543
9,26,0,1,1,3,60.35797014241723
9,43,0,1,1,7,58.19568095867392
9,29,0,0,1,7,42.47565863677179
9,16,1,0,1,4,55.452718257570375
9,52,0,0,1,1,47.23637528125693
9,26,1,0,1,4,56.80833055634859
9,28,1,0,1,0,56.590286472354805
9,39,0,1,0,2,43.28830637109763
9,55,1,0,1,0,55.398886086998886
9,45,1,0,0,3,38.110350170471385
9,46,1,1,0,4,53.83588707760369
9,27,0,1,1,3,62.577878107844676
9,30,1,1,0,7,59.80292295529375
9,36,1,1,1,1,70.52371363432444
9,48,0,1,1,4,54.935281209034684
9,49,0,1,1,5,56.21516994332221
9,54,0,1,1,4,56.10543934469939
9,18,0,0,1,0,49.94873671721743
9,20,1,0,1,2,56.814383058527405
9,11,0,1,1,4,55.22407290473081
9,54,1,0,1,7,54.61230052922417
9,30,0,0,1,1,45.93475323147491
9,1,1,1,1,2,72.01348478264373
9,2,1,0,1,6,56.143115184366735
9,6,1,1,1,2,71.27591454081116
9,7,1,0,1,0,56.95071445755094
9,8,1,0,1,6,55.322592752920734
9,10,1,0,1,6,56.05164140652664
9,21,0,1,1,0,60.82232998307571
9,23,0,0,1,6,42.67048745596173
9,29,0,0,1,1,45.23725875315818
9,48,1,1,1,7,71.86282542790606
9,0,1,0,1,4,55.42631448231096
9,23,1,0,1,1,56.495614463289456
9,16,0,1,1,4,56.518017706064114
9,17,1,1,1,3,71.37322204098871
9,38,0,0,1,4,39.30589540245214
9,42,1,0,1,4,55.06398425971217
9,7,1,1,1,5,70.36651363542859
9,11,0,1,1,3,59.40752773361201
9,28,0,1,0,0,52.374289596548465
9,31,1,0,1,1,56.939193333886244
9,22,1,0,1,1,56.25067536665233
9,30,0,0,1,4,43.38083426214459
9,44,1,0,1,3,55.812816544415895
9,57,1,0,1,0,55.675142457254246
9,2,1,0,1,7,55.900258955403935
9,4,0,0,1,4,41.73621247862088
9,8,0,0,1,7,42.815783388122355
9,14,1,0,1,6,55.689251631244225
9,54,0,1,1,5,59.18692733809987
9,8,0,1,1,5,58.13559132808815
9,36,0,1,1,5,57.7202815465307
9,47,0,1,1,4,54.070482579775216
9,54,1,1,1,2,71.99642789695557
9,6,1,0,1,5,54.709272222346854
9,47,1,0,1,7,54.77726503483305
9,55,1,1,1,6,72.56598121146111
9,56,0,1,1,5,57.54164721605603
9,2,0,1,1,0,59.774359576074666
9,4,1,1,1,2,72.359894645969
9,6,1,0,1,3,54.75767972710676
9,12,0,0,1,0,44.87351686989207
9,17,1,0,1,4,54.65210953082186
9,24,1,1,0,5,61.27548177106058
9,24,0,0,1,4,42.33106832513573
9,30,0,1,1,3,69.0517794765553
9,39,1,1,1,7,76.67885700561185
9,35,0,1,1,4,55.056976167262206
9,4,0,1,1,4,57.644496522667616
9,6,1,1,1,5,71.25544502245326
9,21,0,1,1,1,59.231969714937236
9,23,0,1,1,0,62.631045656698255
9,27,1,0,1,4,56.42803448225398
9,58,0,1,1,1,62.56858759371738
9,18,0,1,1,0,59.726387711296624
9,45,1,0,1,4,54.9520256103811
9,26,1,0,1,0,56.719094703051994
9,27,1,0,1,2,59.922383054838875
9,4,1,1,1,0,72.36344563270839
9,6,1,1,1,0,71.34531057136054
9,48,0,0,1,7,42.66201201825689
9,49,0,0,1,6,41.401167091977975
9,8,1,1,1,2,75.63915233330366
9,25,1,0,1,3,55.79627965708783
9,56,1,0,1,3,56.43341838068615
9,58,1,1,1,4,71.43575624542099
9,5,1,0,1,5,55.01783768089203
9,23,1,1,1,7,71.9445782219333
9,42,0,0,1,4,39.572909581264284
9,53,0,0,1,5,41.97796069135376
9,56,0,0,1,7,41.038705899563425
9,25,1,1,1,6,72.81977688841391
9,29,0,0,1,6,43.67391662805082
9,30,1,1,1,4,71.7859321321776
9,42,0,0,1,3,44.524469486180124
9,39,0,0,1,6,42.79983902594922
9,40,0,0,1,7,43.91881556271967
9,46,0,0,1,0,44.49582590322408
9,50,1,1,1,7,71.30812008489409
9,17,0,1,1,0,64.514756557881
9,15,1,1,0,2,55.5832714920232
9,58,1,1,1,1,71.22778878236534
9,4,1,0,1,7,55.73015547568773
9,21,0,0,1,4,41.846518912086005
9,22,1,0,1,7,55.63248109705664
9,27,1,0,1,1,57.345868099366925
9,49,1,1,0,2,53.118552158817195
9,4,1,0,1,2,55.7326363999954
9,6,1,1,1,1,72.46116467437662
9,8,1,1,1,4,70.1302687024864
9,9,1,1,1,1,71.03518859031549
9,14,0,0,1,5,43.18602729920095
9,18,0,1,0,5,42.517774850131374
8,19,1,1,0,0,72.35538404453433
8,30,0,0,1,1,60.66737432998312
8,38,1,1,1,6,88.8779238395659
8,39,1,0,1,3,70.83947669629245
8,52,0,0,1,2,65.68914118674388
8,8,1,1,0,0,68.72900556783122
8,12,1,1,1,7,89.4114648791332
8,18,1,1,1,0,87.92439168415409
8,47,0,1,1,3,76.26233321971475
8,7,1,1,1,6,85.40506828946036
8,8,0,1,1,6,69.11175821841664
8,12,0,1,1,5,73.34886320741627
8,16,0,1,1,3,82.95495491246172
8,18,1,1,1,3,86.78232541829613
8,59,1,0,1,0,71.11331678397374
8,16,0,0,1,2,61.43875831110551
8,22,1,1,1,7,86.43790574197892
8,53,1,0,0,6,54.370470761177785
8,21,0,1,1,3,76.98593081245345
8,56,1,1,1,2,85.91552308218546
8,57,1,0,1,6,70.01248980031751
8,10,1,1,1,3,87.62368506588031
8,18,1,1,0,2,74.26065736399835
8,32,1,0,1,1,72.49888535298523
8,45,0,0,1,7,56.621160448658465
8,47,1,1,0,7,75.08712281833749
8,10,1,0,1,6,69.89526830420118
8,32,1,0,0,6,55.94574117250315
8,39,1,0,1,7,70.93900356014184
8,42,1,1,1,0,86.87244937309428
8,52,0,0,1,5,57.93524094662944
8,7,1,1,1,1,86.0295737035714
8,13,0,1,1,4,69.80222324290327
8,14,1,1,1,3,97.94081359503798
8,23,1,1,0,2,70.32909957363164
8,52,1,0,1,7,71.29770603048145
8,5,1,1,1,2,87.40583022223164
8,6,1,1,1,4,85.86620988508436
8,7,1,1,1,5,86.31014301331801
8,13,0,0,1,1,65.96914614866954
8,28,1,1,0,4,70.6156576510906
8,9,1,1,0,0,68.74448546920921
8,28,0,0,1,5,58.39218398263878
8,36,0,1,1,6,69.8302898927357
8,37,0,0,1,2,62.779447706938186
8,56,1,1,0,0,70.1888663343088
8,11,1,1,1,7,88.84445968676128
8,17,1,1,0,5,72.87367495541979
8,36,0,1,1,4,71.05093644309247
8,59,1,1,1,0,86.74871190515346
8,6,0,1,0,6,54.32782601504078
8,29,0,1,1,7,72.14192539116583
8,42,0,1,1,4,70.15768244867019
8,43,0,1,1,4,69.06449864762959
8,46,1,1,0,5,69.21417037186244
8,57,1,1,1,0,87.32754967869101
8,0,1,1,1,4,86.3354913824302
8,1,1,1,1,1,86.11546419147531
8,17,0,0,1,3,61.539584038131025
8,32,0,1,1,2,76.24350178570756
8,34,1,1,1,6,88.6605341664294
8,12,0,1,1,4,68.8311492809011
8,14,0,1,0,5,58.213798976322906
8,54,1,1,1,6,88.39825461636167
8,55,0,0,1,1,65.80625090167202
8,59,0,1,1,4,68.7185803524108
8,10,0,0,1,6,55.14320433921871
8,12,0,1,1,3,74.7425408839983
8,18,1,0,1,5,72.68563055478019
8,20,0,0,1,0,64.12212905855937
8,22,1,0,1,1,72.40477055987371
8,5,1,1,1,0,86.59842907226316
8,38,1,1,0,1,69.87422982206863
8,39,1,1,1,5,89.27735723990685
8,4,0,1,1,0,74.57739855853478
8,11,1,1,1,2,88.94392032831554
8,12,1,0,1,3,73.65132584490077
8,15,1,0,1,0,72.59424011325385
8,16,1,0,1,5,73.8851914891518
8,46,1,0,1,2,70.95793308755988
8,47,1,0,1,4,72.06257314394178
8,51,0,0,1,5,57.84407697113833
8,55,1,1,1,0,87.20451851966092
8,56,1,1,1,4,85.79455194168746
8,16,1,0,0,6,54.65339946224813
8,22,0,1,1,5,73.21403394076003
8,43,0,1,1,5,73.70686544725132
8,54,1,0,1,2,70.77789603872085
8,55,1,0,1,5,72.2833943743618
8,16,1,1,0,6,73.57971590541773
8,50,1,1,0,6,71.66980187006818
8,50,1,0,1,3,71.81201799594332
8,1,1,1,0,1,69.5159161888021
8,9,1,1,0,1,69.95051203917566
8,32,1,1,1,3,88.91523980433016
8,3,1,1,1,3,88.542246778256
8,47,1,1,0,3,69.80246877922576
8,53,0,0,1,3,61.825150722856264
8,52,1,1,1,7,89.7419546381195
8,23,0,0,1,7,57.058708191405955
8,36,0,0,1,0,61.00578206371371
8,38,0,0,1,2,62.99964436378004
8,5,0,1,1,0,76.40736368562669
8,6,0,1,1,4,67.49628579914886
8,24,1,1,1,3,88.55836299152824
8,3,0,0,1,6,53.59582986899191
8,28,1,0,1,2,72.9492854151303
8,29,1,0,1,7,78.31981863795042
8,48,1,0,1,4,70.12228904326969
8,52,1,0,1,1,72.56636265623101
8,4,1,1,1,6,86.6252774998576
8,5,1,0,1,6,68.57326725120582
8,6,0,1,1,0,72.908922381239
8,7,0,1,1,5,70.92317659422073
8,19,1,1,0,7,74.94799514751713
8,26,0,1,1,2,77.90491007389798
8,27,0,1,1,2,75.67644319635937
8,50,1,0,1,4,71.71264083503638
8,56,1,1,0,4,70.06924999411696
8,14,1,0,1,7,71.29782200765983
8,36,1,0,1,4,72.16324210345182
8,40,0,1,1,1,84.44639862373239
8,44,1,1,0,6,71.1811710325241
8,26,1,0,1,4,74.28496383159953
8,27,1,0,1,1,72.81998498848455
8,34,1,0,1,1,72.135622985234
8,8,0,0,1,6,55.47149838384985
8,10,1,1,1,0,87.6837270306054
8,12,0,1,1,0,75.3187638855182
8,2,0,1,1,0,74.4124586050409
8,18,0,1,0,5,58.50069267598558
8,39,0,1,1,3,75.25643475179623
8,26,0,1,1,7,75.0386558141719
8,54,1,1,1,0,87.88552551797929
8,57,1,0,0,1,53.07796658826216
8,14,1,0,1,4,71.74182957656963
8,15,1,0,1,4,71.94044374074811
8,18,0,1,1,0,75.7403450725138
8,19,0,1,1,4,70.24012428217257
8,49,0,1,1,7,71.41380151563142
8,5,1,1,0,1,70.9771478394162
8,29,0,0,1,1,64.86049659215529
8,30,1,0,1,3,75.08386794810885
8,32,0,0,1,1,71.28742406752801
8,57,1,1,1,5,86.91501783569265
8,38,1,0,1,0,72.1597706865216
8,54,0,0,1,2,61.070951116900815
8,55,0,1,1,0,74.29015390586999
8,50,0,0,1,7,55.57337235479446
8,29,1,1,1,7,88.74762938969896
8,30,1,0,1,7,72.1499239245601
8,4,0,1,1,4,68.84121611052983
8,7,1,1,1,0,86.27781388298953
8,10,1,1,1,5,87.12725290163397
8,30,1,0,1,0,72.9437551194016
8,9,0,1,1,3,82.56656049332392
8,35,0,0,1,7,60.10098840017075
8,7,0,1,1,2,72.61440123490891
8,3,0,0,1,3,60.44731947590973
8,23,1,0,1,1,71.79419366462943
8,38,0,1,1,7,75.33096979487013
8,46,0,0,1,6,58.488506986395514
8,52,1,0,1,6,72.10494189487294
8,4,1,0,1,3,71.90348185963899
8,28,1,1,1,0,90.23975432749707
8,47,0,1,1,5,71.67432152215383
8,30,1,1,0,6,70.44517730050131
8,41,1,1,0,4,69.83222776522864
8,21,0,1,1,2,74.8408021800204
8,23,1,0,1,0,71.71111012132741
8,24,1,0,1,5,72.65533490948084
8,38,1,0,1,2,71.37989686827562
8,39,1,0,1,0,71.26845967363234
8,12,0,1,1,6,74.30215038902718
8,13,1,0,1,7,73.00636365383471
8,27,1,1,1,1,90.73484915743171
8,53,1,1,1,7,86.39592568981637
8,56,1,0,1,3,69.1601959258006
8,9,1,0,1,6,70.24755804820877
8,10,1,0,1,4,70.21590676542444
8,33,0,1,1,3,85.43224639009904
8,22,0,1,0,2,58.99750354670992
8,36,1,1,1,3,87.67270175590458
8,37,1,1,0,0,71.76269592992857
8,38,0,1,1,1,76.58922527601248
8,48,1,1,1,5,88.48978767121379
8,55,1,1,1,1,87.41589153843894
8,56,1,1,1,7,84.59915466190313
8,8,1,0,1,6,69.58569467767826
8,51,1,0,1,4,71.37731379754668
8,59,1,0,0,3,58.619698976110854
8,5,1,0,0,5,53.03378308186817
8,23,1,0,1,5,70.2058691432271
8,39,1,0,1,4,71.02110916413967
8,40,1,0,1,6,71.6596433736338
8,45,0,1,1,3,90.53412372553137
8,53,1,0,1,4,71.48253883261106
8,54,0,0,1,0,60.65994548949399
8,9,1,1,1,7,91.55639505775723
8,16,1,0,1,6,74.10671640174525
8,19,0,1,1,1,76.47845782554853
8,4,1,1,1,7,85.77251374933815
8,29,0,1,1,0,74.43438781837261
8,35,0,0,1,6,59.237514127758985
8,48,0,0,1,5,57.935401430170856
8,59,0,0,1,4,52.39077411458923
8,0,0,0,1,6,57.744607345654295
8,1,0,1,1,0,75.21944211432871
8,11,1,1,0,3,71.22745004340288
8,35,1,1,1,4,86.9364054101221
8,36,1,1,1,7,87.60724036977882
8,39,0,1,1,5,72.99964086669677
8,50,0,1,1,2,75.70537139924116
8,5,1,1,1,6,86.39974184644512
8,54,0,1,1,2,79.76077369101884
8,2,1,0,1,6,70.65206077446167
8,6,1,1,1,7,85.47900784070168
8,52,0,1,1,5,69.7681302478184
8,8,0,1,1,1,75.59605329102205
8,17,1,1,0,7,75.65534114671784
8,12,1,1,1,6,88.53431106500742
8,35,1,0,1,6,73.44747601588017
8,23,1,1,0,6,70.53330004962295
8,38,0,1,1,3,83.66316962494952
8,41,1,1,0,2,68.94420374410919
8,50,1,0,1,6,71.54602075672457
8,7,1,0,1,2,69.6872887714139
8,21,1,0,1,7,72.11608028924708
8,27,0,1,1,4,70.22857120408912
8,20,1,0,1,1,72.43590508119746
8,14,0,1,1,0,74.67194483323792
8,15,0,1,1,7,72.03557230463312
8,37,1,0,1,0,72.79730684450472
8,39,0,0,1,5,55.52995964104345
8,57,1,0,1,1,70.80615327396113
8,11,1,1,1,0,88.89305664679443
8,12,1,1,1,0,88.90896407027525
8,13,1,1,1,2,87.92932311362463
8,14,1,1,1,6,88.55095944851972
8,47,1,0,0,7,53.46531132504733
8,4,1,0,1,6,72.27948914286769
8,5,1,0,1,4,69.06430492444568
8,35,1,0,1,0,72.9347657060797
8,36,1,0,1,3,72.85563474183972
8,27,1,1,1,7,96.19704444617457
8,12,1,0,1,2,73.58783669407143
8,17,1,0,1,6,74.53419923491822
8,31,0,1,1,6,72.72961113364906
8,32,1,0,1,6,71.88470406808965
8,36,1,1,0,0,70.62888919985556
8,54,1,0,1,0,71.41714083304456
8,39,1,0,0,7,54.03475668056747
8,26,1,1,1,6,88.74729966929047
8,48,1,0,1,0,71.43276859884743
8,49,1,0,1,2,72.08148606375892
8,50,1,1,1,6,89.68402838320924
8,51,1,0,1,6,71.4458688249599
8,52,0,1,1,3,84.35357098193457
8,16,1,1,1,7,88.85955531596258
8,36,1,1,0,2,68.80694361852207
8,52,0,1,1,0,75.0934695619489
8,53,0,1,1,6,68.35010258019948
8,4,1,1,0,5,68.93056569412215
8,28,1,1,1,7,90.44057149812237
8,37,1,1,1,7,89.44067093865785
8,40,1,1,0,0,69.01305435612372
8,49,1,0,1,7,71.84137374201202
8,22,1,0,1,2,72.37049613048926
8,23,1,0,1,3,75.7483058535849
8,28,0,1,1,5,75.09650992838228
8,28,0,0,1,0,61.51653811129874
8,5,1,0,1,1,69.22848845690373
8,33,1,1,1,1,89.48456366135355
8,37,1,1,1,2,88.21448672963444
8,38,1,1,1,1,88.8845894463469
8,1,0,0,1,3,76.68069920335373
8,21,1,1,1,6,87.37712584414808
8,29,1,1,1,3,92.43522696336433
8,38,0,1,1,0,76.43995386120376
8,47,0,0,1,6,56.686946993026396
7,18,1,0,0,6,25.11534605332877
7,19,1,0,0,4,24.89842000277299
7,20,1,0,0,1,17.28702786769613
7,25,0,1,0,2,41.497457933047286
7,29,1,1,0,3,30.66702580935139
7,35,0,0,0,0,26.19173011706686
7,38,1,0,0,7,30.25244226597006
7,41,0,1,1,5,28.853812936494283
7,51,1,0,1,5,16.112046875193464
7,57,1,0,0,0,16.097499550738167
7,59,1,0,0,3,18.408882470172365
7,1,0,1,0,6,35.35504894613031
7,5,1,1,1,7,22.785165523309484
7,6,0,1,1,7,31.30178674089226
7,7,0,0,0,4,9.313635221540656
7,9,0,0,0,1,22.94149003266384
7,17,1,0,1,3,20.310555792650785
7,19,1,1,0,4,36.95859295765759
7,22,1,0,0,6,35.80485977055646
7,23,1,1,0,3,30.671909863783128
7,25,0,0,1,1,31.056620245938444
7,27,0,0,1,1,38.627964189898975
7,29,0,0,1,1,40.92155437314786
7,41,0,0,0,5,12.731454440162759
7,45,1,1,0,0,31.7957344214052
7,46,1,1,0,7,36.34581906890583
7,47,0,0,0,4,13.747828407584606
7,48,0,0,0,5,18.723973527185198
7,50,0,0,1,4,14.894587115989243
7,51,0,0,1,5,21.844585512384263
7,54,0,1,0,7,31.423206445595323
7,55,0,0,1,7,20.25313017628389
7,0,1,0,1,3,29.307559501229367
7,1,1,1,0,4,31.15609741249263
7,2,0,1,0,2,41.25156105109595
7,3,0,0,0,4,12.765350605018567
7,8,0,1,0,4,25.852261677641337
7,9,1,1,0,2,31.919913825969054
7,10,1,0,0,7,24.570925057057067
7,12,1,1,1,1,15.91027807918275
7,13,1,1,1,7,43.66345522044663
7,21,1,0,0,7,25.667972592877515
7,23,0,1,0,2,42.42445981330773
7,27,1,0,0,3,21.449100499142578
7,28,1,0,1,7,38.91209434947974
7,30,0,0,0,1,25.94721651124884
7,33,0,0,0,7,19.153109736695317
7,34,0,1,0,4,27.766641145367768
7,35,1,1,0,0,25.811070218688105
7,36,1,1,0,4,27.492756532898678
7,39,0,1,0,0,35.866168898783535
7,40,0,1,0,5,23.87122020665025
7,41,0,1,1,4,19.798520191379755
7,48,1,0,0,6,22.279705029968596
7,49,0,0,0,5,17.342166359452314
7,52,0,1,1,0,27.5594982908614
7,53,0,1,1,5,24.927103883559194
7,54,1,1,0,1,28.11467794624734
7,55,1,1,0,2,32.26057380398131
7,56,1,0,0,0,23.075936975084424
7,57,1,0,0,7,31.66812839811435
7,58,1,0,1,4,14.79461884209648
7,0,0,0,1,4,9.456572405663145
7,2,0,1,1,3,46.9103943622411
7,8,0,0,0,5,11.741830172457554
7,10,0,0,0,3,27.311421062163806
7,12,1,0,0,3,18.6925441743205
7,14,1,0,0,1,17.58127059315972
7,15,1,0,0,5,26.491306630410058
7,18,1,1,0,3,33.41929377990427
7,22,0,1,0,3,45.19098804399543
7,24,0,1,0,4,27.70273006046904
7,26,1,0,0,5,29.776171624675346
7,27,0,0,0,4,15.17334998527467
7,28,1,0,0,3,22.47559547115111
7,29,1,0,0,7,24.86261257003774
7,31,1,0,1,6,11.842945542984065
7,33,0,1,1,0,26.44414532038
7,34,0,1,1,1,34.885023130521695
7,37,0,1,0,0,36.26453666546311
7,41,1,1,0,6,34.439784761572405
7,42,0,1,0,0,35.72470882486773
7,50,0,1,1,0,15.83953858586838
7,53,0,1,1,6,21.025886248193082
7,54,0,0,1,6,11.661770761068333
7,55,1,0,1,0,13.718173849666023
7,56,1,0,1,3,36.85008800434019
7,0,0,0,0,3,24.307945539223002
7,3,0,1,1,7,36.55843808155897
7,4,0,0,1,3,31.02324796746681
7,10,0,1,0,4,23.175447411280373
7,11,0,1,0,6,25.26895330721441
7,15,1,1,0,4,35.63467797308438
7,18,1,1,0,7,38.96679501972199
7,26,0,0,1,2,20.304958684963168
7,32,0,1,1,7,30.912270493393795
7,41,0,1,0,2,43.405364724191465
7,44,0,1,0,7,27.36043663262214
7,52,1,0,0,7,27.675596161926073
7,55,0,0,1,6,16.414171327550957
7,57,1,1,0,4,37.467932429724364
7,1,1,0,0,7,21.552983915478066
7,3,0,1,0,1,30.585393581778142
7,20,0,0,0,2,25.15316574001275
7,22,1,0,0,5,29.35096297010907
7,23,1,0,0,6,24.94366431111235
7,24,0,1,0,3,39.26693899186872
7,26,1,1,1,0,7.546531115859127
7,27,1,1,1,0,8.650006546598767
7,28,1,1,1,4,17.695721649065707
7,29,1,1,1,6,28.007467199774545
7,30,0,1,1,3,24.021278088421766
7,36,1,0,1,7,24.599648031641305
7,46,1,0,0,0,23.291744087751685
7,48,1,0,1,5,22.04684693400366
7,55,0,0,0,5,15.035897231634996
7,57,1,0,0,1,20.00995121149672
7,58,1,0,0,7,32.019181153452045
7,3,1,0,0,0,22.282979539332544
7,6,1,0,0,7,31.075959426258816
7,9,0,0,0,0,22.929106819051942
7,12,1,1,0,0,17.741604235722995
7,15,0,1,0,7,28.95346791371011
7,25,1,0,1,0,9.8044278397027
7,26,1,0,1,2,4.095271971343204
7,27,1,1,1,6,17.58590891471517
7,30,0,0,1,6,13.499790794718741
7,33,1,1,0,7,35.79866254776746
7,35,0,0,1,3,32.523440506837105
7,40,1,0,0,4,28.952888133937655
7,41,1,0,0,1,17.372867908481613
7,42,1,0,0,5,17.390232439044446
7,43,0,0,0,3,28.00359082444072
7,59,0,0,0,2,23.619942971670206
7,0,0,1,0,1,33.979251892270334
7,1,0,1,1,3,52.54269461807946
7,3,0,0,1,5,22.80183836534565
7,5,1,0,1,0,9.75105989195879
7,6,1,0,1,1,12.391213378064247
7,7,1,0,1,6,11.959414224390505
7,8,1,0,1,1,9.37343501198004
7,9,1,0,0,2,21.778191593355466
7,10,1,1,0,2,30.8930201122218
7,11,1,0,0,3,19.5035737455215
7,12,1,0,0,5,28.0581862401662
7,13,0,0,1,2,29.14020177596204
7,23,0,0,1,7,24.910271780812753
7,25,0,0,0,4,15.175609628260327
7,34,1,1,0,7,47.14927825041771
7,35,1,0,1,3,9.933564570845743
7,36,1,0,0,1,24.320818263162344
7,37,1,0,1,1,19.809178897291417
7,38,1,0,1,5,25.003656933382402
7,39,0,0,1,7,23.557243574780877
7,41,0,1,1,6,15.710365022179035
7,42,1,1,1,2,13.517333694636008
7,43,1,1,1,7,32.931647400976466
7,44,1,0,0,4,20.791407544662523
7,48,0,0,0,6,19.550276549214967
7,49,0,0,0,3,31.213894113943677
7,53,1,0,0,5,28.58408389992773
7,57,0,1,0,3,38.22612316075002
7,1,0,1,0,0,35.64917660116179
7,5,0,1,0,3,41.42202414064935
7,8,0,1,1,6,9.176591342163896
7,9,1,0,1,1,28.293022234136835
7,12,1,0,0,1,15.373366657260512
7,13,1,0,0,7,21.32075585839329
7,17,0,1,0,3,39.576905310690435
7,21,1,0,1,4,7.136121476331844
7,23,0,0,1,4,13.462427868350964
7,24,0,0,1,0,26.713379793610507
7,27,0,0,0,6,15.173494192324005
7,33,0,1,0,0,39.91489548966236
7,35,0,1,0,2,44.23396978980978
7,36,0,0,0,0,26.471718220626997
7,38,0,0,1,0,21.036884136070856
7,40,0,0,1,6,7.740707136733521
7,47,1,0,0,0,17.08395563428393
7,49,1,0,0,6,33.01932663616702
7,50,1,1,0,3,30.72710458363099
7,51,1,0,0,2,22.468914735065812
7,53,0,0,1,3,23.207774974242895
7,54,0,0,0,3,31.509117596589082
7,58,1,0,0,2,19.9125911766543
7,59,1,1,0,3,33.75054932275157
7,0,1,0,0,3,17.506482371648108
7,2,1,1,0,4,31.03880848641
7,3,1,1,0,1,27.56386766312554
7,5,1,1,0,2,32.74034407381693
7,6,1,0,0,3,18.436988137994096
7,7,1,1,0,3,40.11715283672816
7,8,1,1,1,7,41.07913664510576
7,11,0,0,1,7,18.133967066545658
7,13,0,0,0,1,21.849259674899045
7,16,0,1,0,4,26.185756847711996
7,18,0,1,0,1,35.08838918080907
7,21,0,0,1,4,7.9358094222932465
7,24,0,0,1,7,20.168561442037316
7,26,1,1,0,7,44.415598356508134
7,29,1,0,0,4,24.323018808166182
7,34,0,1,0,7,30.63250492112589
7,44,1,1,0,5,35.290021925943186
7,46,0,1,0,7,26.923246699573802
7,48,0,0,1,0,19.197176984385663
7,50,0,0,0,6,22.651142426271868
7,53,0,1,0,0,37.8549450363248
7,55,0,1,0,1,38.12683714218152
7,56,0,1,0,3,41.166435900030024
7,57,0,1,0,2,39.45912483397259
7,8,0,0,0,6,15.93349388071955
7,10,0,0,0,4,13.592550589935152
7,15,0,0,1,2,20.749825706626048
7,17,0,0,1,5,16.186571622862047
7,27,0,0,1,0,28.571747585789808
7,36,1,1,1,2,19.724289349915338
7,39,1,0,1,2,7.779745174868996
7,40,1,0,1,4,7.415587273593529
7,41,1,0,1,7,22.946134122164143
7,45,0,0,0,2,32.29480289196936
7,49,0,1,0,3,39.73428013053284
7,50,0,1,0,6,33.86814378404941
7,51,0,1,0,4,28.78327659543017
7,55,1,1,0,3,37.135887716464524
7,56,1,1,0,6,31.14919823356469
7,5,0,1,0,4,24.63570456967671
7,6,0,1,0,7,29.149403022978124
7,13,0,0,1,5,22.63729615378688
7,15,0,0,1,1,34.89831520964891
7,17,1,0,0,4,25.263166767629283
7,26,0,0,0,0,24.646709723383232
7,35,1,0,0,0,18.939308118417568
7,41,1,0,0,6,27.4705010551538
7,48,0,1,0,0,37.106371683052046
7,53,1,0,0,1,18.301365182354658
7,54,1,0,0,6,33.709376496886655
7,56,1,0,0,2,16.111030431810764
7,57,1,1,0,0,33.59143518854874
7,58,1,1,0,4,31.6177657202324
7,6,1,1,0,4,28.270758356213342
7,7,1,1,0,6,32.16321897036921
7,13,0,1,0,3,42.34824418192743
7,16,0,1,1,6,10.142143197391487
7,17,1,1,1,1,21.136708472282837
7,31,1,1,0,3,26.918355068335472
7,33,1,0,1,2,10.95844351298259
7,35,1,1,1,1,33.36006019926908
7,36,1,1,0,5,30.360808461318943
7,38,1,1,0,1,27.68984782008555
7,39,1,1,1,1,22.772122694912998
7,40,1,1,1,5,23.147254010726876
7,41,0,1,0,7,26.452482761087264
7,46,0,1,0,1,43.184566528769004
7,47,0,1,1,7,28.10303905586331
7,50,0,0,0,1,26.933475322548805
7,52,1,0,0,5,35.39509274004348
7,54,1,0,0,3,26.32344946833278
7,55,1,0,0,0,19.04785502413896
7,59,1,0,0,1,20.337399515042932
7,6,1,0,0,1,16.330703513671033
7,8,1,0,1,5,36.136643387158095
7,12,0,0,0,6,10.198035376257987
7,14,0,0,0,4,13.99301423023918
7,21,1,1,0,1,26.743745032141504
7,22,1,1,0,1,23.100333207325946
7,25,0,1,0,6,28.591007936879688
7,26,0,1,0,0,37.09476474102341
7,27,0,1,0,6,30.884207697637954
7,32,1,0,0,3,11.411494271107907
7,33,1,0,1,4,17.454103852536242
7,34,0,0,1,6,13.336383396281708
7,35,1,0,1,2,9.991236767431266
7,36,1,1,1,3,13.260039105106582
7,38,1,0,1,0,12.080935674898093
7,39,1,0,1,0,14.926995118755892
7,40,1,0,1,0,13.033845161215902
7,41,1,0,1,1,11.868594874523058
7,43,1,0,1,0,7.340136467055851
7,44,1,0,1,5,27.444490889102354
7,51,0,1,1,3,55.329603271740346
7,57,0,0,0,5,14.62528959861389
7,58,1,0,0,4,17.56450086865526
7,2,0,0,0,0,23.360330655035916
7,11,0,1,1,1,44.78893642141322
7,21,0,0,0,7,15.151875308444842
7,28,1,0,0,5,27.909128188231133
7,29,1,0,0,1,20.95577943590319
7,31,1,0,0,0,23.571710493196353
7,32,1,0,0,1,16.597502354740776
7,33,1,0,0,4,22.75464355232916
7,34,0,0,0,7,13.756462855504244
7,35,1,1,0,2,29.789228278736694
7,37,1,1,0,5,26.958647107786476
7,39,1,1,0,5,28.961615661492512
7,56,0,0,1,1,39.489924742389626
7,57,0,0,1,1,27.825977283212747
7,58,0,0,0,7,19.413999728475773
7,5,1,1,0,0,27.10914421935744
7,8,0,1,0,2,34.660510356113136
7,16,0,1,0,1,35.71562370091683
7,17,0,1,1,5,23.65940318628575
7,19,0,1,0,7,29.11851669736165
7,24,1,0,1,1,19.839652501294196
7,26,1,0,0,4,25.289208862998255
7,32,1,1,0,2,30.2399644222219
7,33,1,0,0,3,24.041907726502867
7,37,1,0,0,2,21.450907922827675
7,38,1,0,0,0,19.52648733853221
7,39,1,0,0,5,20.007062632460265
7,41,0,0,1,6,12.004502088349238
7,42,1,0,1,1,15.011799957268124
7,50,0,1,1,2,20.782268147456605
7,51,0,0,1,0,17.399945047684685
7,52,0,0,1,1,41.35620754278435
7,56,0,0,0,6,13.936401669172186
7,9,1,1,0,6,45.273688659435074
7,24,0,0,0,0,23.39387561724782
7,28,0,0,1,0,29.64314451374955
7,31,0,0,0,3,30.44652070090241
7,32,0,0,1,7,16.475232464271055
7,39,0,1,0,3,43.960415643021406
7,40,0,0,1,3,38.61219639306009
7,54,1,0,1,1,36.279528573099334
7,0,1,0,1,7,22.10847411871418
7,1,0,0,0,1,21.15651981824574
7,5,0,0,0,3,23.084516358211086
7,10,1,0,0,3,16.03896187799401
7,11,1,0,0,5,28.955398599683996
7,14,0,0,1,5,17.297554547081216
7,20,0,1,1,0,28.853648833893093
7,21,0,1,1,4,14.609498132449543
7,22,0,1,1,0,31.28157439524442
7,30,0,0,1,2,25.268206206428268
7,32,0,1,1,6,17.994157706344122
7,33,0,0,1,4,13.400404907188951
7,35,1,1,0,7,36.52361401477502
7,0,1,0,0,4,21.694117336270068
7,12,0,1,1,6,8.267321176645769
7,13,1,0,1,1,15.683599598305314
7,14,1,0,0,2,17.686148333872485
7,17,1,0,0,5,31.47715341633571
7,19,0,1,1,3,47.95326825190245
7,22,1,1,0,3,27.149944841092225
7,23,1,0,0,2,21.954487863117322
7,29,1,1,0,6,34.89366572049781
7,31,1,1,0,5,27.70816830582572
7,35,1,0,1,5,13.514876450224197
7,40,1,0,0,1,17.723848467382613
7,41,1,0,0,3,16.959393400779184
7,45,1,0,1,6,18.53370707729189
7,46,1,1,1,0,9.889785249040074
7,48,1,0,0,3,20.81395951556148
7,49,1,1,0,0,28.97743299569566
7,50,1,1,0,0,22.958613278630214
7,59,0,1,0,5,25.60925326834655
7,0,0,1,1,4,15.990045403667786
7,1,0,1,1,4,8.213552860988688
7,2,0,1,1,5,25.30010514670917
7,6,0,1,1,4,14.362249004046701
7,7,1,1,1,5,25.7741779490893
7,8,1,1,0,1,22.91998170251
7,9,1,1,0,0,24.737462086830035
7,12,0,1,1,3,41.337396882806836
7,13,0,0,0,2,22.5114007584635
7,16,1,0,0,6,25.942432838629834
7,17,0,1,0,4,27.376818075708556
7,21,0,1,0,5,24.409079171269944
7,32,0,0,0,6,18.903790862598058
7,47,0,0,1,4,11.526145737267576
7,48,0,0,1,1,38.37873196484818
7,51,0,1,0,2,47.43599661792811
7,55,0,1,1,5,27.429880709038297
7,56,0,1,1,7,35.94675634298736
7,3,0,0,0,7,16.386982150207775
7,5,0,0,1,2,22.814117587677877
7,8,0,1,1,7,40.99283092913107
7,9,0,1,1,4,18.351558117139632
7,10,0,1,1,2,27.868144078844058
7,13,0,0,1,7,23.745533854552693
7,17,1,0,0,1,22.41911630474914
7,18,1,0,0,3,30.31062217119955
7,19,1,0,0,5,26.021563314155163
7,20,1,0,1,3,18.35007438444793
7,22,1,1,1,2,14.592468824394192
7,24,1,1,1,5,16.168601607145657
7,28,0,0,0,3,25.442844209670554
7,30,1,0,0,0,22.570805453074424
7,32,0,0,0,4,17.248077009573212
7,39,1,0,0,1,17.930763384692778
7,40,1,0,0,5,24.019906152612364
7,44,1,0,0,5,24.869309351264228
7,45,1,0,0,1,21.305819275358257
7,46,1,0,1,4,10.315083363870391
7,58,1,1,0,7,39.48459918494815
7,7,0,0,1,0,26.438110925872053
7,8,0,0,1,5,20.477686752900034
7,11,1,0,0,2,18.66802202944979
7,12,1,1,0,3,24.567018598395904
7,13,1,0,1,6,13.903884968911283
7,14,0,0,1,2,22.076058052633083
7,15,0,0,1,7,14.758193521478773
7,17,0,1,0,1,36.57249638233405
7,21,1,0,1,0,5.741988535765632
7,37,1,1,0,1,19.991834721105906
7,38,1,1,0,3,34.10154493680769
7,39,1,0,1,4,20.548684344246333
7,40,1,0,1,6,12.803379547600043
7,41,1,0,1,5,37.394179002663506
7,50,1,0,0,5,28.550995972765946
7,53,0,0,0,7,16.57784768478379
7,54,0,1,1,2,35.95648318782899
7,56,0,0,1,3,35.27374334845852
7,57,0,0,0,4,16.580053734136058
7,59,0,0,0,1,23.202915037538745
10,0,0,0,1,4,33.70176569395757
9,23,0,1,1,5,57.66481420107307
9,27,0,1,1,1,67.24863563840287
9,20,1,0,1,4,56.60516797355094
9,26,0,1,1,2,60.393869257470044
9,30,1,1,1,5,72.1503778058634
9,9,1,0,1,7,55.33694342859239
9,16,0,0,1,5,40.61622238537724
9,26,1,1,0,2,55.419305481288
9,41,0,1,1,5,56.23550276662817
9,5,1,0,1,1,57.02457799023072
9,55,0,0,1,0,46.25500845133885
9,37,1,0,1,0,55.087071253967636
9,23,0,1,1,6,54.777077959204675
9,45,0,0,1,0,45.9395065526759
9,12,1,1,1,4,71.1932962591094
9,4,1,0,1,5,55.54184349372067
9,34,1,0,1,7,58.614602523323086
9,30,1,0,1,4,56.41268429512246
9,36,1,0,1,5,53.85453494308299
9,59,0,1,1,0,57.9402686380955
9,4,1,0,1,1,59.466946152889356
9,16,0,0,1,7,42.514984581639034
9,25,0,1,1,2,61.27376521633696
9,50,0,1,1,6,56.35088530638696
9,58,1,0,1,1,55.625926616930585
9,10,0,1,1,6,56.34193458925218
9,12,0,1,1,6,55.42795729486275
9,0,1,0,1,3,55.590517879045905
9,5,1,1,1,5,71.79399136949412
9,38,0,0,1,1,53.24936655608384
9,51,1,0,1,2,54.05902833288245
9,37,1,1,1,5,69.8690955839404
9,44,1,1,0,5,53.89616875363503
9,20,0,0,1,3,46.083614003340436
9,43,1,0,1,2,56.37955528952301
9,44,1,1,1,7,70.06230642895912
9,53,1,1,1,6,71.21717039309863
9,32,1,1,0,2,55.42734641712169
9,20,1,0,1,1,56.36653812941894
9,24,1,1,0,0,55.98402018341523
9,57,0,0,1,5,41.845702353591335
9,2,1,1,1,2,70.93300582095034
9,3,1,0,1,6,55.56546093677777
9,4,0,1,1,5,58.720458590477314
9,21,1,0,1,0,56.587632225637336
9,24,0,1,1,6,57.06193885639838
9,25,0,1,1,6,60.094057726012586
9,26,0,0,1,0,44.45811569634121
9,2,0,0,1,7,44.484319516052764
9,12,1,1,1,0,71.09261363865654
9,24,1,0,1,7,55.79162477977845
9,5,1,1,1,6,71.18511222196399
9,50,1,0,1,7,55.194753306344644
9,37,1,1,1,3,74.85257383448378
9,55,1,0,1,4,55.34106713294642
9,58,1,0,1,7,56.22581651304071
9,37,0,1,1,5,57.35191527284282
9,52,0,1,1,0,58.53791556829081
9,59,1,1,0,0,54.31681812740274
9,6,1,0,1,2,54.98972032572385
9,13,1,1,1,4,70.75734963937465
9,27,0,0,1,6,45.558035139608066
9,28,1,1,1,5,72.36951394748712
9,2,1,1,1,0,71.29512261725776
9,27,0,0,1,7,42.5261696367609
9,48,1,0,1,6,53.943778990340306
9,32,1,1,1,6,73.28561281883847
9,33,0,0,1,3,43.54790796363709
9,42,0,1,1,7,58.6113056032127
9,49,0,1,1,0,59.12309208041848
9,10,1,0,1,7,55.860925987089885
9,34,0,1,1,3,72.22901062338948
9,56,0,0,1,0,42.33792608361906
9,1,1,1,1,0,72.10693394132399
9,2,1,1,1,3,70.96145096496335
9,41,1,1,0,6,54.240918212433044
9,46,0,1,1,6,55.67176520942469
9,56,1,0,1,7,56.42152516608324
9,41,1,0,1,7,54.920549053581524
9,33,0,0,1,4,40.398147812497655
9,33,0,0,1,7,41.46063828310554
9,53,1,0,1,1,57.7185594353281
9,50,1,0,1,3,57.63522464997366
9,51,1,1,0,2,53.08351852780239
9,37,1,1,1,4,69.18012225525152
9,38,1,1,1,7,73.19528049464266
9,41,1,1,1,3,74.54577862472424
9,51,0,1,1,0,59.03040153445564
9,53,0,1,1,6,55.49945290419202
9,21,0,1,1,4,56.573468840520825
9,22,1,1,1,4,70.41013686037394
9,55,1,0,1,5,54.975542011319654
9,0,0,0,1,0,48.671689134699236
9,24,1,0,1,2,55.49455836533064
9,25,1,0,1,6,55.964503878052234
9,33,1,1,1,3,70.70766296788622
9,13,0,1,1,3,59.80795487925441
9,23,1,1,1,5,71.84107479414999
9,29,0,1,1,3,64.74111573326658
9,2,1,1,1,4,71.04979253473805
9,3,1,1,1,3,70.42370028218718
9,32,1,1,0,4,55.19769027213311
9,50,0,0,1,1,43.616984975763735
9,55,0,0,1,5,43.128554985213306
9,57,1,0,1,6,55.91725796149754
9,11,1,1,1,4,72.06220004974497
9,12,0,1,1,2,60.04625634179357
9,57,0,1,1,0,59.49843793097848
9,1,1,0,1,6,55.82605814403403
9,30,0,1,1,6,58.247442826159556
9,33,1,0,1,6,54.65284535439345
9,13,1,0,1,0,55.92582824464767
9,56,1,0,1,6,54.96899564674643
9,43,0,1,1,6,60.61136850306258
9,3,1,1,1,2,71.20506563990864
9,29,1,1,1,6,72.04565137382886
9,31,0,1,1,3,57.99633082232573
9,39,1,1,0,6,53.73673362737597
9,22,1,0,1,0,56.19193414955293
9,28,1,0,1,2,56.57169565540479
9,33,1,1,1,4,70.82600281036815
9,30,1,1,1,1,75.05393333949574
9,5,1,0,1,0,55.50849674357029
9,6,1,0,1,7,54.76071835366544
9,8,1,0,1,4,56.097777923945536
9,10,1,0,1,1,57.388719493356334
9,40,0,0,1,2,44.77753370667199
9,53,1,1,1,2,70.79177054557255
9,54,1,0,1,3,55.38869437935258
9,53,1,1,0,3,54.43073476007964
9,11,1,1,0,1,55.195859298720954
9,18,0,1,1,2,59.71939146462078
9,52,0,0,1,7,42.45151297227334
9,2,1,1,0,7,53.85016780239371
9,19,0,0,1,6,44.872765415284555
9,47,1,0,1,6,54.107719756584615
9,49,0,1,1,1,59.49776026731614
9,0,0,1,1,3,57.77287138738827
9,24,0,1,1,1,60.935503869650574
9,32,1,0,1,7,56.50111125068795
9,25,1,0,1,4,55.691033960210575
9,13,1,1,1,2,71.45478225419896
9,15,1,0,1,2,55.596685021870485
9,20,0,0,1,6,43.73147403526015
9,21,1,1,1,1,72.46864690258664
9,22,1,1,0,1,56.10708549106403
9,24,1,1,1,1,72.22001336623374
9,15,1,1,1,4,72.1695623376757
9,22,0,1,1,0,58.634773214501635
9,36,1,0,1,4,54.04689273963113
9,16,1,1,1,1,72.69344194780592
9,17,1,1,1,2,71.18171837786697
9,19,0,0,1,7,41.88085197047859
9,27,1,0,1,5,56.774999531993174
9,53,1,1,1,5,71.29396650650905
9,3,0,0,1,2,46.4066344115143
9,4,0,1,1,6,57.20538191561365
9,33,0,1,1,1,67.76522444391914
9,34,0,1,1,5,53.67762833682076
9,44,1,1,1,3,70.32279227598254
9,47,1,0,1,3,56.99705747939404
9,52,1,1,1,4,70.59806599949155
9,21,1,0,1,1,56.47735382350825
9,9,1,1,1,5,71.12369179353882
9,50,1,1,1,5,70.5899987342916
9,5,1,0,1,3,55.52463819093205
9,50,1,0,1,5,54.68468304669575
9,7,1,0,1,1,56.31004185564586
9,15,1,0,1,1,55.81604667683918
9,57,0,1,1,7,59.3022584398799
9,17,1,0,1,2,54.65532311138951
9,58,1,1,1,6,70.84687199722994
9,30,1,1,1,6,72.02742524065982
9,31,1,0,1,5,56.9917202085741
9,48,1,1,1,6,70.75136628160114
9,49,1,0,1,1,55.024709712344595
9,54,0,1,1,7,58.31651500149209
8,7,0,0,1,3,58.686878440499676
8,56,0,1,1,6,71.15468569251553
8,57,1,0,1,4,70.22046487652115
8,58,1,0,1,5,70.10842222109015
8,28,1,0,1,4,72.86562104970704
8,6,1,1,1,0,85.91820403295257
8,32,0,0,1,0,61.754777583793825
8,0,1,1,1,1,88.08655083547785
8,24,1,0,1,7,72.25592443017746
8,33,1,0,1,5,73.01382012481174
8,49,0,1,1,1,73.87856894712118
8,27,1,0,1,5,72.75525134050756
8,44,1,1,1,7,86.90583724780522
8,20,1,0,1,7,73.09280566257088
8,22,1,1,1,1,87.4427811201287
8,34,0,0,1,3,61.25299919409063
8,37,1,0,0,2,57.19610305059402
8,11,1,0,1,0,72.09230228678197
8,46,1,1,0,1,70.15469844840145
8,58,1,0,1,7,70.26364471978042
8,43,1,0,1,1,71.56996139028684
8,1,1,0,1,6,70.38552955765172
8,17,0,1,1,7,73.75428517451441
8,19,0,1,1,5,73.42043845101882
8,43,1,1,0,7,68.97721797106925
8,16,0,1,1,4,73.48339421026704
8,17,0,1,1,0,75.44641801817008
8,30,1,1,1,7,85.94751627978025
8,46,1,1,0,2,74.29052664648864
8,47,1,1,0,2,70.35007656862601
8,22,0,0,1,0,59.20970617351593
8,14,0,1,1,3,86.01884702646774
8,48,0,0,1,0,62.97845594737032
8,56,0,0,1,3,61.27394263276239
8,58,1,0,1,3,70.42840823671398
8,0,1,0,1,6,70.7074990786577
8,2,1,0,1,0,70.91817742519443
8,3,1,0,1,1,71.69110941946657
8,31,1,1,1,0,87.93383263320021
8,32,1,1,1,5,89.40112059351435
8,45,0,0,1,1,65.57900650311345
8,39,1,1,1,7,89.29113885914057
8,50,1,1,1,7,89.47427558922743
8,54,0,1,1,7,73.0519067832683
8,36,1,1,1,1,88.14302551264731
8,43,0,1,1,1,79.1215009288301
8,47,1,1,0,6,69.06630666256261
8,54,1,1,1,4,88.15546730229029
8,56,0,1,1,2,74.16879153307259
8,57,0,1,1,4,67.09254884984708
8,0,1,1,1,6,89.3920830293303
8,25,1,1,1,3,88.41214242386407
8,40,1,1,1,3,84.98254035496106
8,55,1,1,0,1,70.54037505489906
8,15,1,0,1,3,72.18471911972718
8,45,0,0,1,6,55.708197438760955
8,46,0,1,1,2,76.69837733799567
8,19,1,0,1,5,71.68833075805065
8,1,1,0,1,2,69.7235977274614
8,51,0,1,1,2,77.98791961743855
8,14,1,0,1,3,72.29043318878358
8,26,1,0,1,5,72.59769496331786
8,35,0,1,1,3,81.50740002414835
8,38,1,1,1,2,88.72265395119166
8,19,0,1,1,3,79.78354687205062
8,25,0,1,1,2,76.00351599749756
8,35,1,1,1,6,87.50840032772619
8,47,1,1,1,2,88.56309438942738
8,43,1,1,1,0,88.13035468764735
8,44,1,1,1,1,87.51580063118585
8,55,0,1,1,5,75.77365566286257
8,18,1,1,0,5,74.03435670905304
8,35,0,1,1,6,72.66860471734854
8,27,0,0,1,6,60.66199411063851
8,22,1,1,1,6,87.39038040610278
8,24,1,0,1,0,73.13949509642535
8,56,1,1,1,5,85.74705047789575
8,15,0,1,1,0,75.76791288340638
8,18,0,1,1,3,77.15040100619183
8,37,1,0,1,2,72.01624218493299
8,38,1,0,1,3,74.38468662788867
8,47,0,1,1,6,73.15975220180945
8,3,1,0,1,3,71.1128693063379
8,48,1,1,0,5,68.82704492748525
8,43,1,1,1,6,87.69318858088835
8,44,0,1,1,1,80.6969420622045
8,44,0,0,1,1,68.24459544432428
8,48,1,0,1,3,70.45847148315559
8,4,1,1,0,7,68.7290886612347
8,43,0,0,1,4,54.48863903159839
8,56,0,1,1,3,75.18369657650297
8,47,1,1,1,7,88.04422995905148
8,51,0,1,1,6,71.455542323219
8,59,1,1,0,4,69.43670201971456
8,14,0,1,1,1,80.92343214365634
8,17,0,1,1,1,80.81677021852775
8,18,0,1,1,2,75.84828932195816
8,20,1,0,1,5,72.82484847205397
8,41,0,0,1,4,55.45745227841574
8,18,1,0,1,6,71.83689738533904
8,47,0,0,1,0,59.75988400822586
8,7,1,0,1,0,69.87475957186128
8,8,1,0,1,0,71.07738003136159
8,0,1,0,1,4,69.00173466632475
8,37,0,0,1,5,55.61267464252322
8,4,1,0,1,0,72.52776492542051
8,5,1,0,1,2,70.29108843046261
8,7,1,0,1,4,69.97849028962173
8,46,1,1,1,4,87.82092266775624
8,47,1,1,1,3,88.87736093859529
8,34,0,1,1,6,76.16127282308616
8,34,1,0,1,4,71.76355892095214
8,44,1,0,1,5,71.75374783607634
8,49,0,1,1,4,69.65684828840473
8,17,1,1,1,7,88.50902443562805
8,44,0,0,1,3,61.97408151798931
8,13,1,0,1,0,72.89098198518471
8,45,1,0,1,0,72.38678832720787
8,11,0,1,1,0,75.33703066367266
8,28,1,0,1,6,74.6713924571778
8,22,0,0,1,2,59.11291510078756
8,30,0,1,1,3,80.28898573568752
8,55,1,1,0,2,70.40825159162164
8,0,0,1,1,1,74.42507336519527
8,25,1,1,0,7,70.35016491606886
8,12,0,0,1,0,61.6097364659545
8,20,1,1,1,6,86.80148315082525
8,30,1,1,1,5,86.77710658808799
8,12,1,1,1,5,88.7630375487317
8,55,0,1,1,1,77.5186351288366
8,4,1,0,1,2,72.57161156770303
8,5,1,1,1,3,86.17209936152935
8,45,1,1,1,5,87.6387627098444
8,42,0,1,1,3,74.69322000790787
8,9,1,1,1,1,87.47887516954822
8,30,1,1,1,0,86.80454565757182
8,0,1,1,1,0,87.8473398041785
8,55,0,1,1,7,73.86414866846975
8,31,1,0,1,6,71.23177947713158
8,36,1,0,1,1,73.1763571841441
8,14,0,1,1,2,76.80840129029562
8,37,1,0,1,6,72.0956925980111
8,28,0,1,1,2,76.16216366260922
8,38,1,0,1,7,71.03782769704311
8,20,1,1,1,5,86.6699998899278
8,24,0,1,1,6,72.2766880800604
8,34,0,1,1,4,69.37454752667323
8,0,0,1,1,3,77.16297268439811
8,25,1,1,1,5,88.01541360501959
8,4,1,0,1,5,72.48007492288943
8,14,0,1,1,5,73.60035160667354
8,26,1,1,1,2,87.92224387151953
8,28,1,1,1,1,90.65331803894173
8,52,1,0,1,4,72.40127263063943
8,25,1,1,1,4,88.10255253581839
8,53,1,1,1,0,88.39324624268363
8,54,1,1,1,7,88.52115770818038
8,50,0,0,1,6,54.835789333592466
8,51,1,0,1,7,71.37829200355989
8,19,1,0,1,1,80.11976203276141
8,20,1,0,1,0,72.97186327095304
8,31,1,1,1,5,87.91362418808065
8,9,1,1,1,5,87.41869264208343
8,33,1,1,1,2,87.7754980592208
8,52,1,0,1,2,72.54003351506515
8,53,1,0,1,2,71.90706618438497
8,8,0,1,1,4,69.85282741638649
8,9,1,1,1,4,87.24690854219735
8,45,0,1,1,4,69.93838448644685
8,20,0,0,1,3,63.65571155245026
8,29,1,1,1,4,88.23932142013963
7,56,0,1,1,3,49.12933021397439
7,1,0,0,1,1,35.083592240321096
7,4,1,0,0,5,20.24223277625763
7,7,1,0,1,1,24.45207324275106
7,9,0,0,0,6,13.546022238660477
7,18,0,1,0,3,37.59373712065892
7,19,0,1,1,2,28.033392826430543
7,20,0,0,1,4,11.25328797805988
7,22,0,0,1,2,19.852841243872724
7,23,0,1,1,0,29.265122903155756
7,24,0,1,1,2,42.87711752997306
7,36,1,1,1,7,46.192698914231286
7,44,1,0,0,2,14.503712056587363
7,46,1,0,1,7,37.69265984789415
7,2,0,0,0,1,24.725490910424433
7,5,0,0,0,4,11.272996079618483
7,8,0,0,1,1,28.41602680613943
7,11,1,0,1,5,28.25229805393569
7,13,0,0,1,6,12.774010336193776
7,14,0,1,1,3,49.491062085105284
7,24,1,1,0,2,26.327500119083282
7,29,1,0,1,4,22.742032007293002
7,30,0,0,1,3,41.18930122828087
7,36,1,0,0,5,34.18889809215471
7,39,0,1,1,5,20.578574843834513
7,40,1,1,0,5,35.19419484126736
7,42,0,1,1,5,28.315196945998142
7,48,0,1,1,0,16.956536491091214
7,49,0,1,1,3,48.155149432900735
7,53,0,0,1,4,13.163135501600813
7,54,0,0,1,0,29.089191539957866
7,56,1,0,1,7,17.384995122799538
7,0,1,0,1,2,12.090704610599735
7,1,1,1,1,6,18.92532619475712
7,2,1,0,1,4,11.437155798808043
7,3,0,0,1,4,11.99329157029731
7,6,0,0,1,0,18.04234759997707
7,7,0,0,1,4,16.41197301908671
7,8,1,0,1,7,15.446109426107297
7,14,1,1,0,3,24.707195956754106
7,20,1,0,0,6,33.95863289542238
7,25,0,1,1,2,33.18028755858615
7,31,0,0,0,0,26.35138658652422
7,32,0,0,0,7,17.48511997156667
7,43,1,1,0,1,19.132313349520302
7,47,1,0,1,4,12.367157089764866
7,49,1,0,0,4,28.570538154163636
7,54,1,0,0,2,22.459352917818244
7,55,1,0,0,5,23.02726894031794
7,7,1,0,0,5,19.814092428672367
7,10,0,0,1,5,20.136707726483863
7,17,0,1,0,2,40.66326384616815
7,20,0,0,0,5,16.6757094820425
7,23,0,1,1,5,29.338166369402334
7,24,0,1,1,1,37.561316440328106
7,28,1,0,0,0,22.397989492355038
7,31,1,1,0,0,25.543502107650696
7,39,0,0,1,0,25.448955650984633
7,40,0,0,1,0,17.69748419914051
7,44,0,0,1,4,10.921726194427437
7,45,0,0,1,7,20.59203592705034
7,46,0,0,1,2,17.78574467665526
7,47,0,1,1,4,10.043957093118435
7,49,0,1,1,7,18.588319901527267
7,55,0,0,1,4,17.38174603732369
7,3,0,1,1,2,25.250384743003547
7,5,0,1,1,7,38.004898052191486
7,17,1,1,1,3,43.45318066713056
7,18,1,0,1,6,16.437930350897336
7,28,1,0,0,1,21.831749812248752
7,30,1,0,1,2,11.401024574603861
7,31,1,0,1,2,11.32706150067186
7,32,1,0,1,2,9.420249549326865
7,34,0,0,1,4,7.518709715982206
7,36,1,0,0,2,19.917424857813067
7,38,1,0,0,4,23.340901488090903
7,54,0,0,1,1,39.27539974581096
7,58,0,0,0,0,20.806520772517615
7,1,0,0,1,4,11.155528450667294
7,18,1,1,0,0,29.234946926250274
7,20,1,0,0,5,24.79231850987367
7,23,0,0,1,0,28.377708432549085
7,27,0,0,0,2,25.827190934008446
7,34,1,1,0,5,30.060888689427788
7,35,1,1,1,5,10.740121706090832
7,54,0,1,1,5,28.81911711574578
7,0,0,1,1,7,30.606054619995263
7,3,0,1,0,6,22.444943586730506
7,7,0,1,0,2,36.408829166692044
7,13,0,0,1,1,24.84553684529654
7,16,0,0,1,7,18.026680143050694
7,17,0,1,0,7,27.50969175227793
7,18,0,1,1,2,22.343009787625956
7,19,0,1,1,7,30.950529610256826
7,20,0,1,0,7,27.45801564289748
7,22,0,0,1,1,19.995101339220238
7,25,0,0,1,6,10.344889118409466
7,26,0,1,1,3,46.507725192593995
7,27,0,1,1,1,40.038139869501876
7,29,1,0,0,6,33.374958892339336
7,33,1,0,1,3,26.998641233966964
7,35,1,0,1,7,28.826607480136566
7,36,0,0,1,6,16.013226994033808
7,37,1,0,1,3,24.240031893163756
7,39,1,0,1,1,17.857383956583078
7,40,1,0,0,7,23.81807656860191
7,46,0,1,0,0,38.23437242926596
7,52,0,1,0,7,33.23364365079118
7,3,0,1,0,7,29.602678481140785
7,4,0,1,1,5,22.120188069483
7,10,1,0,0,0,20.09321800582687
7,13,1,1,0,3,22.389271442009157
7,14,1,0,1,2,11.173048795699675
7,15,1,0,1,5,36.17067123693371
7,21,1,0,0,0,19.123866668726503
7,22,1,0,0,1,20.90672120113864
7,27,0,1,0,3,42.382239114226884
7,33,0,1,0,5,25.859436748635115
7,34,1,1,1,1,30.60082279765067
7,43,0,0,1,7,15.943970023459212
7,44,1,1,1,7,42.11182627717104
7,46,0,0,0,2,26.378000302935213
7,49,0,0,1,6,8.441212542216967
7,3,1,0,0,5,28.92824759847714
7,11,0,1,1,6,20.514308022051594
7,24,1,1,0,7,42.72551792742679
7,26,1,1,1,5,17.478542948163785
7,27,0,1,1,2,29.460764838008394
7,28,0,1,1,5,24.63280123348002
7,32,1,1,1,5,20.023982487002556
7,40,1,1,0,3,30.022769431399695
7,44,0,0,1,1,38.23367858168355
7,50,0,1,0,0,33.71869522415004
7,4,0,0,0,7,11.440980855399948
7,9,0,1,0,6,27.624945933439697
7,15,0,1,0,2,42.812432237984595
7,26,0,0,1,3,41.319640729068176
7,29,0,1,0,6,32.75373727979488
7,31,0,1,0,7,28.017813717933954
7,35,1,0,0,5,31.113787721034427
7,47,0,0,0,2,30.808851740569075
7,50,0,0,1,6,10.9093405585783
7,19,0,1,0,3,45.94719388419749
7,31,1,0,1,0,13.78677283185423
7,32,1,0,1,1,14.053787681197017
7,36,1,0,0,7,26.403764631094088
7,41,0,0,1,0,22.483007064295474
7,42,0,0,1,2,19.761039110756577
7,43,0,0,1,1,39.294316750351626
7,52,1,0,0,0,21.484893007405663
7,54,0,0,0,7,18.174101840717512
7,57,0,1,1,0,28.670016961375737
7,58,0,1,1,2,25.223993811187672
7,3,1,1,0,3,28.439202222016657
7,12,1,1,0,4,24.885202460918983
7,16,0,1,0,3,38.792883363827684
7,22,0,0,1,6,14.826049667018802
7,32,1,0,1,0,9.812319391718411
7,33,1,0,1,5,23.302057464812506
7,52,0,1,1,3,59.887224236816934
7,56,1,0,0,7,28.370432708556343
7,58,1,0,0,6,25.214717778769106
7,2,0,1,0,6,31.945044875289316
7,5,1,0,0,3,16.340331559123925
7,6,1,1,0,3,29.722051310927704
7,21,1,0,0,6,26.32584733326407
7,23,1,1,0,4,34.83038984579707
7,28,0,0,1,4,16.59107472709922
7,29,1,0,1,6,16.45068696530346
7,32,1,1,1,0,9.447462770667313
7,33,1,1,1,5,41.64198460339625
7,34,0,1,1,2,37.28902659997268
7,35,0,0,1,4,14.878926147950136
7,37,0,0,1,5,26.588319356401364
7,41,1,1,0,4,32.20891153369444
7,43,1,0,0,6,22.295547959053717
7,46,0,1,1,3,52.77479861682071
7,47,0,1,0,7,34.64796893785719
7,50,1,1,0,5,28.871962347217103
7,51,1,1,1,3,20.124057959443046
7,52,1,0,0,6,27.09164256875607
7,56,1,0,1,4,17.94127941437839
7,57,0,0,1,7,19.08522193926411
7,2,0,1,1,6,8.526630900351876
7,3,1,0,1,4,10.658626528825977
7,5,1,0,1,5,22.377369127078005
7,6,1,0,0,6,26.087881407314036
7,14,0,1,0,4,25.25530414361899
7,18,1,1,0,5,35.250653757557615
7,22,1,0,0,4,24.32967525666713
7,23,0,0,0,6,14.30858326807639
7,35,1,0,0,6,23.68582247984737
7,42,1,0,0,7,19.77884237062982
7,52,0,1,1,1,37.20727051835375
7,55,0,0,1,3,40.80146020271883
7,4,1,0,0,0,18.273927527802822
7,11,0,1,1,0,20.20902239584347
7,23,0,1,0,3,44.478272372974956
7,26,1,1,0,0,23.452816383559
7,27,1,1,0,7,35.62783461382125
7,38,0,1,0,5,25.775810437832714
7,50,1,0,1,0,9.006878742939364
7,52,1,0,0,3,18.946529990504207
7,59,0,0,1,7,22.849921230105362
7,8,0,0,0,7,15.523229858480535
7,18,1,1,0,4,32.95614376834896
7,22,0,1,1,6,24.856639675295384
7,23,1,0,1,5,32.285209848146664
7,42,1,1,0,0,26.372720221698156
7,46,1,0,0,3,20.254777594289276
7,47,1,1,0,2,34.213971287119605
7,53,0,0,1,2,27.10757011211704
7,55,0,0,0,4,14.672803101317577
7,57,0,1,0,6,29.784521531186016
7,59,1,1,0,5,32.72833042306105
7,0,1,1,0,7,32.50844792798645
7,17,0,0,1,7,21.017608169802074
7,22,1,1,1,0,8.675720763060948
7,23,1,1,1,5,32.55986142477007
7,26,1,1,0,3,31.670255527432346
7,29,0,1,0,5,27.259399183684348
7,30,1,1,0,0,30.249257358946828
7,34,0,1,1,5,31.276237244052076
7,35,0,1,1,6,26.201323627674256
7,36,1,1,1,5,28.66765435960555
7,39,1,1,0,2,33.956273879467716
7,40,1,1,0,0,24.05457935479714
7,45,1,1,0,1,23.09536055851364
7,47,1,1,1,1,13.370445777879858
7,48,1,1,0,0,31.088912118638635
7,55,1,1,0,6,45.28665549453453
7,59,1,1,1,3,27.207579632263155
7,0,1,0,0,2,20.899113639165623
7,5,1,1,1,6,13.771712760950251
7,7,0,1,1,2,27.101236531745784
7,8,0,0,1,3,42.77845261348949
7,19,0,1,1,1,30.21534428775458
7,21,0,1,1,6,26.6234849908956
7,22,1,1,1,4,17.320100859948397
7,36,0,0,1,2,22.71150838354044
7,37,0,0,1,4,19.14927574403588
7,54,1,1,0,7,36.135641678818395
7,55,1,1,1,3,27.666515397196374
7,57,1,0,0,6,25.425928997238017
7,16,0,1,0,2,41.997253944216716
7,27,1,1,0,4,30.37062546062991
7,28,1,1,0,1,24.99139364215211
7,29,1,1,0,5,27.675819682335074
7,37,0,1,0,5,22.275865512933954
7,42,1,0,1,6,12.535432917607071
7,43,0,0,1,0,28.168146544744094
7,48,0,0,1,4,16.48597336739916
7,49,1,0,1,1,17.28284460470305
7,52,0,1,0,3,43.36959449513656
7,55,1,0,1,7,22.184596553609044
7,56,1,0,0,6,29.162886184240687
7,59,1,0,0,5,23.505832986179755
7,5,0,1,1,6,21.941672360392435
7,9,1,0,1,3,20.41633968267072
7,14,0,0,1,0,22.892094890937162
7,15,0,0,1,0,19.85773287352351
7,17,0,0,1,2,16.253304933729776
7,18,0,0,1,3,36.40307061170654
7,29,1,0,0,0,24.06329217858495
7,30,1,0,0,6,31.40998590777246
7,33,0,0,1,7,20.948567577506385
7,41,0,1,1,7,24.9168648026625
7,42,1,0,0,0,20.996888476850508
7,45,0,0,0,1,27.55567071980237
7,51,0,0,1,7,24.723231679606915
7,56,1,1,0,4,25.7045794787896
7,0,0,0,1,0,21.633284317924
7,1,0,0,1,0,18.69095433695724
7,18,1,0,1,7,39.50401593563714
7,37,0,1,0,2,39.32476693471443
7,39,1,1,0,6,44.99484342452429
7,47,0,0,1,1,41.14970695132822
7,55,1,0,0,3,22.738938264168187
7,56,1,0,0,1,18.237470031095555
7,57,1,0,1,1,18.03778752989417
7,1,0,1,1,6,19.88425411465167
7,4,1,1,1,2,11.197046584542857
7,5,1,1,1,0,6.40143428910179
7,6,1,1,1,6,21.627127621267068
7,7,1,0,1,5,22.72767134791131
7,11,0,0,0,4,13.273619208685412
7,15,1,1,0,6,43.36284760801214
7,17,0,1,0,6,35.08944231261941
7,22,0,0,1,7,23.5471335112231
7,24,0,0,1,4,13.346176222385377
7,26,0,0,1,4,7.180510106180426
7,27,1,0,1,3,22.79563671578005
7,28,1,1,0,7,30.934726043112473
7,34,0,1,0,5,29.272704740165196
7,37,1,0,1,0,8.071203939499153
7,38,1,0,1,6,12.912490154702033
7,40,0,0,1,4,14.571557316373662
7,41,1,0,1,4,8.784680090101727
7,42,0,0,1,0,23.89230717615802
7,48,1,1,1,3,36.71497828802508
10,0,1,0,1,6,47.18420597020695
9,25,1,1,0,1,56.27632889972436
9,3,1,1,0,2,55.67845983346394
9,7,1,1,1,4,70.24512366672887
9,55,1,1,1,2,72.22998869241866
9,56,1,0,1,4,55.70999304690522
9,53,1,1,1,0,71.3355021520842
9,54,1,1,1,3,71.51192049647409
9,21,1,1,1,0,72.48870723162973
9,22,1,1,1,0,70.38144277567356
9,32,0,0,1,6,39.28423400044793
9,18,1,1,1,2,74.06991234508408
9,19,1,1,1,7,71.64548179241373
9,43,0,1,1,5,57.439163357679426
9,57,1,1,1,3,70.68234276590599
9,23,1,0,1,6,55.91047388746909
9,23,1,0,1,7,56.187499263952496
9,50,0,1,1,0,58.55072780461764
9,15,1,1,1,0,72.94132903210397
9,16,1,1,1,6,71.96604277702886
9,22,1,1,1,7,70.40619304244555
9,49,1,1,1,3,71.88212596267991
9,46,0,0,1,7,43.08868819945302
9,5,0,1,1,2,60.95167299133432
9,33,0,1,1,5,57.79395910660396
9,42,1,0,1,2,55.22212877362314
9,43,1,1,1,5,70.60186170977795
9,49,1,0,1,0,55.480745132584296
9,0,1,1,1,3,72.17229173690617
9,2,1,1,1,6,71.1083932326158
9,13,1,1,1,6,70.28527432114826
9,14,1,1,1,6,72.11284157685583
9,28,1,1,1,4,72.7172474389294
9,47,0,1,1,3,61.37223540717277
9,43,1,1,1,3,70.53522187089767
9,38,1,1,1,2,71.08452100348357
9,1,1,1,1,3,75.7051247572764
9,16,0,0,1,6,42.454791809926725
9,30,0,1,1,1,60.06106418723033
9,52,1,0,1,1,55.197921203344364
9,2,1,0,1,0,56.477397241927115
9,24,1,1,1,7,76.36849305176881
9,58,1,0,1,0,56.1942078276964
9,6,1,1,1,4,70.64280444277857
9,23,1,1,0,7,55.92827116156788
9,13,1,1,1,3,70.95608431518623
9,45,1,1,1,2,71.0330661119752
9,46,1,1,1,1,71.48004709577647
9,3,1,1,1,0,71.53084181495319
9,35,1,1,1,7,76.8563028105648
9,51,0,0,1,2,42.05324963003167
9,22,0,0,1,2,43.80693637929265
9,42,1,0,1,0,56.79069542243955
9,20,1,1,1,1,71.48254070303858
9,26,1,0,1,7,56.72995513969088
9,18,1,1,1,3,71.62190754446004
9,2,0,0,1,0,44.59366377132925
9,44,1,0,1,6,55.349833618995326
9,51,1,1,1,7,69.4144051599651
9,42,1,0,1,6,55.4005821080179
9,50,1,1,0,5,53.218597252213726
9,9,1,0,1,6,54.983225419920146
9,15,1,1,1,1,72.49085714712247
9,53,1,1,1,7,76.73654127760794
9,32,1,0,1,2,56.064686475392065
9,41,1,0,1,6,55.19726923499946
9,46,1,0,1,6,55.09235883228704
9,41,0,1,1,7,59.195912474690175
9,44,1,1,1,6,78.25441095681735
9,45,1,1,1,4,70.79141686191419
9,47,1,1,1,0,70.64766076284916
9,48,1,1,1,2,70.75469812048392
9,25,1,1,1,1,74.75661824050317
9,55,1,1,1,1,72.62834074981939
9,18,1,0,1,2,55.63330120039099
9,35,1,1,1,3,72.16479935792472
9,47,0,1,1,2,60.35994127816249
9,33,1,1,1,5,70.8271274486677
9,9,0,1,1,3,60.30886169208136
9,35,0,1,1,2,58.459688428416186
9,5,1,1,1,0,71.77515245772909
9,6,1,0,1,0,56.315654299538046
9,29,1,0,1,2,56.417659601571486
9,34,1,0,1,6,54.490209693426046
9,2,0,1,1,5,56.125700891953244
9,10,1,0,1,2,56.22789080479016
9,11,1,0,1,7,55.82909016360916
9,28,1,1,1,0,72.96318736612506
9,29,1,1,1,7,72.33851470214945
9,22,1,1,0,0,56.14171020082471
9,45,0,0,1,2,45.63733875371656
9,30,1,1,1,0,72.1619585348935
9,31,1,1,1,7,74.67625390711581
9,34,1,1,1,3,71.67960127127421
9,56,1,1,1,1,73.0543592940434
9,28,1,0,1,5,56.401786575485815
9,15,1,1,1,5,72.95652102517847
9,55,1,1,1,0,72.69353069917608
9,56,1,1,1,4,71.04073868297834
9,14,1,1,1,4,72.48118757758293
9,45,1,0,1,3,55.40552065036293
9,0,1,1,1,7,72.01810142398548
9,52,1,1,1,3,72.24061498815223
9,19,1,0,1,0,55.727751889845294
9,20,1,0,1,7,56.53550019760965
9,30,1,0,1,2,56.44648481422388
9,27,0,0,1,1,45.071036911150124
9,12,1,1,1,3,70.86468132117214
9,26,0,1,1,7,60.30589907101033
9,6,1,1,0,0,55.46353602501818
9,43,1,1,1,0,70.78779154178014
9,18,1,1,1,4,71.53695307281164
8,47,0,0,1,2,61.82480077030328
8,20,1,1,1,2,90.50365645443449
8,43,0,0,1,6,58.703195292398696
8,11,1,1,1,6,88.53113629703992
8,36,1,1,0,3,69.96371421272474
8,18,1,1,1,7,87.53333692017773
8,55,1,0,1,6,71.40742513609592
8,17,1,1,1,1,88.76262646900192
8,47,1,0,1,0,71.97639367926442
8,16,1,1,1,5,89.29404931960947
8,29,0,0,1,6,56.242759180168186
8,42,1,1,0,0,71.32255101599822
8,25,0,0,1,5,61.93389417725537
8,33,1,0,1,2,71.9955199050708
8,10,0,1,1,3,79.307141879569
8,34,1,0,1,6,72.1506131296328
8,46,1,1,1,7,88.61813904270228
8,6,0,1,1,7,71.57984183886333
8,38,1,0,1,6,72.54723475718524
8,8,0,1,1,2,74.90398099801821
8,44,1,0,1,1,71.43015451109511
8,45,1,0,1,5,72.6787871467383
8,52,1,1,1,0,88.97427858639892
8,5,0,1,1,3,75.86847410118932
8,1,0,1,1,1,75.09341286383798
8,6,1,0,1,0,69.89895078913143
8,7,0,1,1,0,79.09543711424558
8,10,0,0,1,5,59.04684440607092
8,39,1,0,1,6,71.17194684031801
8,46,1,1,1,6,88.36019405594169
8,19,1,1,1,2,87.3786192916121
8,27,1,1,1,3,89.40791473454088
8,51,0,1,1,0,80.70378736157372
8,46,1,0,1,0,71.50886962828524
8,44,1,1,0,0,71.2370080212656
8,5,0,1,1,1,78.67163052292867
8,37,1,0,1,1,72.06402387621712
8,52,1,1,1,2,92.75528275400198
8,37,1,0,1,5,72.30211715019159
8,48,1,0,1,5,71.1009040750288
8,53,0,1,1,4,71.08498804404093
8,24,0,1,1,4,70.39005584880694
8,49,1,0,1,1,74.95411262740245
8,10,0,1,1,5,75.25930959824336
8,35,1,0,1,1,73.46644298420952
8,36,1,0,1,6,71.85719372326052
8,22,1,1,1,5,87.3965883126963
8,53,1,0,1,3,71.60829068135733
8,54,1,0,1,4,71.2419697028381
8,57,0,1,1,2,73.78396874197607
8,46,0,1,1,3,76.20095282622849
8,3,1,1,1,0,88.83875200631465
8,21,1,0,1,1,72.3004354837185
8,53,1,1,1,2,88.50110914394308
8,53,1,1,0,0,71.06860219696644
8,9,1,0,1,7,72.61783442044133
8,35,1,1,1,1,88.40954752995972
8,54,0,1,1,1,77.12214669415883
8,16,1,1,1,1,89.38667607850351
8,24,1,1,1,1,88.39065841459178
8,33,1,1,1,3,93.73698371380453
8,34,1,1,1,7,86.98654233126379
8,11,0,1,1,3,77.72067743662501
8,0,1,1,1,5,88.08261099268437
8,10,0,1,1,0,75.73201966676321
8,3,0,1,1,5,69.15872017938834
8,44,0,0,1,0,59.241510275165325
8,14,1,0,1,5,71.0234733151684
8,1,1,0,1,1,70.13980318224878
8,56,1,0,1,2,69.75973626943522
8,57,1,1,1,4,85.92628251393141
8,58,1,1,1,7,86.76208561985261
8,36,1,0,1,0,73.11410131089731
8,11,1,1,1,3,89.12760412473695
8,17,1,0,1,4,73.33176645816161
8,48,0,1,1,7,75.0369425002039
8,22,1,1,1,2,86.75004955694943
8,34,1,1,1,0,87.78685099966117
8,35,1,1,1,0,87.43675270401309
8,37,1,1,1,1,88.11890586982209
8,51,1,0,1,1,71.21914670046156
8,48,1,1,1,0,88.37012702412301
8,49,1,1,1,1,89.32851538696438
8,18,1,1,0,1,73.29618677688825
8,2,1,1,1,3,91.50040889148644
8,56,1,0,1,6,69.50612076005035
8,5,1,0,1,7,67.87728059697541
8,2,1,0,1,5,70.55641219324907
8,21,1,1,1,3,87.51918369094213
8,13,1,1,1,7,87.66726695865597
8,6,1,0,1,1,69.65979098514339
8,13,1,1,1,4,86.90410445739703
8,58,1,1,1,3,87.37487942788984
8,15,1,0,1,1,72.16170183521155
8,1,1,0,1,7,69.66832334238595
8,52,1,1,1,6,89.0623181876236
8,55,1,0,1,2,71.4672702733258
8,56,1,0,1,5,69.34913236108942
8,39,1,0,1,1,70.94332952872978
8,17,1,0,1,1,77.11452498487293
8,40,1,1,0,7,68.84408056347698
8,7,1,1,1,4,86.33457462078745
8,8,1,1,1,3,91.71966687546202
8,28,1,1,0,7,70.17944620780371
8,59,1,0,1,2,71.02715649687913
8,33,1,0,1,3,77.03851652472095
7,27,0,0,1,4,15.603701533817633
7,31,0,0,0,7,17.113487225700723
7,41,1,1,0,2,24.097267971839493
7,44,0,0,1,0,19.43649444827902
7,45,0,0,1,6,8.878260095059662
7,56,0,0,1,0,28.678634622665733
7,0,1,0,0,6,27.39940432656644
7,1,1,0,0,4,19.116835170851747
7,5,1,0,0,2,16.520040657800703
7,12,1,0,0,4,18.025216984916053
7,20,0,0,1,5,20.879707001828162
7,38,0,1,0,2,40.170270722334436
7,48,0,1,1,4,8.909565040789282
7,49,0,1,1,6,16.89598320851084
7,50,0,0,1,7,23.434316924075134
7,53,1,0,0,7,39.54538455901368
7,57,0,1,1,3,52.24753608932574
7,58,0,0,1,0,19.408708905771366
7,59,0,0,1,2,15.902292182857945
7,0,0,0,1,7,15.054777474268551
7,5,0,1,0,6,27.540853503845106
7,19,0,0,0,4,16.634605816185243
7,40,0,1,1,4,12.000992205493827
7,41,1,1,1,5,21.072961153367338
7,48,1,0,0,0,22.551546726752957
7,50,1,1,0,6,40.81410748311863
7,53,1,0,0,6,29.68557376468059
7,59,0,0,0,4,13.545617638448345
7,2,1,1,0,7,45.44405893251442
7,7,1,0,0,2,16.526256926139443
7,18,0,1,0,2,42.40180136373112
7,24,0,0,0,4,14.920986093317683
7,31,0,0,1,2,27.82392052625806
7,32,0,0,1,5,17.454021619434428
7,33,1,0,0,7,24.71158821873236
7,34,0,0,1,1,40.14104462496857
7,35,0,0,1,0,18.936230194762576
7,37,0,0,1,7,22.254314331950606
7,45,1,1,0,4,33.11636785102921
7,46,1,1,0,4,32.41132319423493
7,51,0,1,1,4,10.63369059203546
7,53,0,1,1,7,27.501932447081337
7,54,1,0,1,0,13.516464930579108
7,55,1,0,1,5,21.0995977923858
7,3,1,0,1,6,8.589831133094583
7,4,0,0,1,0,25.08245753324369
7,10,0,0,1,4,7.634196768963558
7,11,0,0,1,0,26.841854061035747
7,12,0,0,1,1,37.81946731913023
7,20,0,1,0,0,39.62900813562935
7,21,0,1,0,7,30.55967535989712
7,25,0,0,1,2,12.82882835501911
7,27,0,1,1,6,28.93988361907862
7,28,0,0,1,5,23.580770786163107
7,31,0,0,1,5,19.55491574222198
7,32,1,0,0,4,24.657204937840202
7,37,1,0,0,7,20.128708125063664
7,42,1,0,1,0,9.684468294521693
7,43,1,0,1,3,11.438077419213652
7,47,1,0,0,6,20.27171501835459
7,51,1,0,0,1,16.313890899340812
7,54,0,0,1,7,22.971313596558065
7,58,0,1,1,3,35.760820363362484
7,2,1,0,0,5,28.258902659613923
7,3,1,0,0,1,19.691476685856628
7,5,0,0,1,7,22.377287876282843
7,16,1,1,0,1,23.353076436168408
7,17,1,1,0,3,27.277378436646785
7,19,0,1,1,6,14.067309173040071
7,20,1,0,1,5,29.572465885911235
7,21,1,0,1,7,26.695942966777423
7,26,0,1,1,6,21.128193085624584
7,37,0,0,0,0,24.290324420440292
7,57,1,1,0,3,32.789792846392466
7,58,1,0,1,6,10.503407201703451
7,59,1,0,1,3,34.61247396533846
7,0,1,0,0,0,20.30044749988322
7,1,1,0,0,6,30.880312954918526
7,9,1,0,0,3,14.766922931591704
7,12,1,1,0,5,25.49092819051001
7,15,0,1,1,5,32.867395245003806
7,20,1,1,1,3,8.327246459222387
7,22,1,1,0,6,45.2999034782609
7,25,1,0,0,7,23.85108311386051
7,34,0,1,0,1,37.12357736829845
7,48,1,0,0,5,30.70756754964942
7,50,1,0,0,3,21.00731986793248
7,51,1,1,1,5,36.84228880863058
7,59,0,1,1,4,14.68428382730296
7,0,0,1,1,0,28.639936861028
7,7,0,0,1,2,27.828591377133755
7,9,1,0,1,7,17.27999973364164
7,18,1,1,0,2,33.69028780141209
7,41,0,0,1,3,37.01506430084473
7,47,0,0,1,6,4.893344235671997
7,51,1,0,1,0,8.339879951761539
7,52,1,0,1,3,27.663218248578495
7,6,0,1,0,5,21.99478422095859
7,24,0,0,0,7,15.545671863005325
7,27,0,1,1,7,29.467245998180257
7,28,0,1,1,3,57.4652962978037
7,33,1,0,0,0,17.64145246065528
7,35,1,0,1,6,8.76157545272519
7,40,1,1,1,4,16.232009561443146
7,41,1,1,1,7,32.94124462958077
7,42,1,1,0,5,25.094495422219964
7,44,1,1,0,1,21.27698079381474
7,50,0,1,0,1,37.50338021860001
7,6,0,0,1,7,22.592861997820616
7,8,0,1,1,3,51.75749967259058
7,10,0,0,1,6,11.096332851588542
7,19,0,0,1,1,37.57849391144634
7,41,1,1,0,7,40.787612018168836
7,45,1,0,0,6,23.116908060817913
7,46,1,1,0,2,30.8591940255928
7,49,1,0,0,1,20.32711981247983
7,51,1,1,0,3,24.553849796047977
7,54,0,0,1,4,15.365496248449178
7,55,0,0,1,0,28.927379614485027
7,6,0,1,1,3,52.1326783086226
7,7,0,1,0,0,33.47804105277673
7,9,0,1,0,1,34.26276131566584
7,12,0,1,0,7,26.878598972775745
7,22,1,0,1,7,16.016852195695456
7,23,0,0,0,7,15.903301838324069
7,25,1,0,0,5,22.155098931627194
7,29,0,0,1,7,25.93557150298589
7,30,0,1,0,2,39.04490163782297
7,34,1,0,1,5,36.485850420609104
7,39,1,0,0,0,19.730777463573123
7,43,1,0,1,5,18.603239442349896
7,46,1,0,1,5,14.548647204500213
7,47,1,0,0,4,22.15972603515823
7,58,0,0,1,3,40.4116725077401
7,11,1,0,1,4,16.698069248582048
7,12,1,0,1,3,24.708632266175975
7,13,1,1,1,1,12.82983768461937
7,15,1,1,0,2,32.79803412640341
7,38,0,1,1,2,28.225298107194206
7,39,0,1,1,2,33.84272051176372
7,42,1,1,1,4,11.50819911068023
7,43,1,1,1,2,9.771166702797075
7,44,1,0,1,4,17.363582916199842
7,45,0,0,1,2,22.385660380077045
7,48,0,1,1,6,16.932916158357123
7,49,1,0,1,2,4.969367978076751
7,50,1,1,1,5,5.496828207432282
7,51,0,1,1,2,26.717355495693067
7,52,0,0,1,7,22.46000476633335
7,57,1,0,1,2,7.9776384324231975
7,58,1,0,1,2,14.97783842736265
7,0,1,1,1,5,13.202756080987236
7,2,1,0,0,0,16.227541276933337
7,10,0,1,1,4,7.999160277559524
7,11,1,1,1,5,15.287521112318395
7,15,0,1,1,6,13.580456849671782
7,18,0,1,1,0,21.32903674980809
7,19,0,1,1,4,14.98719206613288
7,20,1,1,1,1,18.804670738165527
7,29,0,0,1,2,25.328889351473467
7,31,0,0,1,7,22.55679778248284
7,49,0,0,1,5,22.814192316484032
7,52,1,0,1,6,11.955961440732516
7,58,1,1,1,4,10.67161957431
7,59,1,1,1,6,8.552775055807409
7,1,0,1,1,5,25.53636170013859
7,4,0,1,1,6,33.284488323221176
7,15,1,0,0,7,28.85628322260567
7,21,0,1,1,0,23.573052508961162
7,22,0,1,1,3,53.33579095221134
7,25,0,1,1,0,30.751751842333434
7,26,0,1,1,7,22.801522028000303
7,30,0,1,0,5,24.198516057643083
7,31,1,1,1,3,20.882311947574404
7,34,0,1,1,7,27.311299036825023
7,36,1,1,0,3,28.819784541705566
7,37,1,0,0,3,22.186085269218097
7,40,0,0,1,7,19.5597023619686
7,42,1,1,0,7,37.948481084643035
7,54,1,0,0,0,25.889875100314132
7,56,1,0,0,4,26.742867530456824
7,58,1,1,0,2,25.86550797033963
7,0,1,1,0,6,46.21396009510519
7,16,1,1,1,1,11.175550724430485
7,29,0,1,1,1,25.160608362275056
7,30,0,1,1,2,28.178533915555967
7,31,0,0,1,3,20.51569724619992
7,36,0,1,0,3,45.67078834145627
7,46,1,1,0,3,30.280902833147284
7,7,0,0,0,0,19.89806673696065
7,12,1,1,0,1,22.791837217426092
7,13,1,1,1,2,10.975507118815798
7,14,1,0,1,1,29.835230361967287
7,19,1,0,0,1,21.399721916137988
7,27,1,0,0,2,24.69146901218248
7,30,0,1,1,7,28.08678887968188
7,34,1,0,0,4,23.208237882240653
7,39,0,1,1,1,25.560008499053414
7,43,0,1,1,6,19.82714837042386
7,44,0,1,1,6,19.575639258055997
7,45,0,1,1,4,16.51024351647434
7,46,0,1,1,4,20.131917065427864
7,47,1,1,1,5,39.040519088630546
7,49,1,1,0,5,34.34411815379507
7,0,1,0,0,1,18.948458096164952
7,1,1,0,1,2,4.099273849261666
7,6,0,0,0,3,26.710179078488796
7,22,0,1,0,6,29.34806853262756
7,30,0,0,1,7,18.63738519451708
7,35,0,1,1,2,32.605758127734
7,36,0,1,1,3,54.50683060516289
7,57,0,1,1,5,23.04087190158293
7,59,0,1,1,6,20.650613322527064
7,2,0,0,1,7,18.700371941011067
7,3,0,1,1,3,28.795295607872518
7,12,0,1,1,2,26.64706183169782
7,30,1,1,1,4,10.524925216595204
7,33,1,1,1,6,24.22669434087179
7,39,1,0,1,5,18.007085721747494
7,45,1,0,1,3,15.715488936339694
7,55,1,0,0,4,22.54633093576985
7,8,0,1,1,4,19.087620909938853
7,9,0,1,1,5,29.670802906202816
7,10,0,1,1,1,29.28632385136231
7,17,1,1,0,4,34.00284995489059
7,18,1,1,0,6,46.663624841909396
7,24,1,0,0,2,16.462011249102538
7,25,1,0,0,0,19.84418453623151
7,26,1,0,0,2,21.282726818640146
7,32,0,1,1,4,12.732722095112907
7,33,1,1,1,0,6.939448220408106
7,34,1,1,1,0,17.574206104168354
7,35,1,1,1,0,17.457222532318312
7,36,1,1,1,1,8.412587325196359
7,37,1,1,0,6,44.762531407426835
7,42,1,0,1,2,3.569646674467738
7,43,1,0,1,2,7.532989978047235
7,52,1,1,0,2,34.41021697664381
7,59,0,0,1,6,12.319547211455781
7,2,1,0,1,6,7.4297642267583
7,3,1,0,1,7,24.924991609332363
7,5,0,1,1,4,22.287291599200465
7,6,1,1,1,7,19.611112619271832
7,7,1,1,0,0,23.887673030631028
7,8,1,1,0,3,28.378649681001768
7,9,1,0,1,6,11.848220437082022
7,10,1,1,1,6,15.717646678922057
7,11,1,1,1,2,15.382555312168652
7,12,1,1,1,7,46.64482287010772
7,15,1,1,0,1,27.125587206390332
7,16,1,1,1,6,26.988990313313444
7,17,1,0,1,6,10.453334555058351
7,18,1,0,1,4,12.940257519472173
7,19,0,0,1,6,13.361094516118625
7,20,1,1,1,2,13.74301206894514
7,21,1,0,1,6,8.655959258502076
7,45,1,0,0,7,23.852080349489473
7,48,0,0,1,5,16.936338658881677
7,54,1,0,0,5,24.44021080335376
7,2,1,1,0,5,29.115534408339716
7,3,1,1,0,6,36.23476480562524
7,8,1,1,0,0,30.8798952813699
7,9,1,1,0,3,21.191860843795702
7,10,1,0,0,1,19.222342640800676
7,12,1,0,0,7,21.8361634574583
7,30,1,0,1,0,10.131856229581864
7,31,1,0,1,7,25.8797512880135
7,47,1,1,0,3,26.27208128692819
10,0,1,1,0,6,25.534897988771426
9,19,0,1,1,6,59.26982678763435
9,12,0,1,1,5,58.22277629177829
9,27,1,1,1,3,72.6968224795882
9,17,0,1,1,7,58.5655544222146
9,19,0,0,1,0,44.95170060458332
9,34,1,1,1,5,69.60622180478232
9,35,1,1,1,1,71.27995143527542
9,25,0,0,1,2,45.341908760925755
9,52,1,0,1,7,54.66809178398826
9,59,1,0,1,0,55.69171420371295
9,9,0,1,1,6,57.46525023885098
9,30,1,1,1,2,72.74406756219427
9,31,1,0,1,0,57.03962335287473
9,26,1,0,1,5,56.371183587895786
9,59,1,1,1,2,73.93365633590527
9,4,1,1,1,7,72.55842422628034
9,42,1,1,1,6,71.2266925841397
9,44,1,1,1,2,70.71345056185804
9,11,1,0,1,6,55.67657208931932
9,13,1,1,1,1,71.09957176927233
9,37,0,1,1,3,69.14427740647866
9,27,0,0,1,0,44.51946464458899
9,0,1,0,1,0,56.12605819027605
9,14,1,1,1,3,76.27953636301686
9,37,1,1,1,6,69.92842881715113
9,40,0,1,1,6,55.94315124142415
9,47,1,0,1,5,54.710775959640365
9,28,1,0,1,1,56.57534309929657
9,43,1,0,1,3,56.08072546448594
9,3,1,1,1,7,71.30807895095008
9,31,0,1,1,1,66.41363265302984
9,39,1,0,1,4,54.19023944226671
9,54,1,0,1,6,55.44482036995312
9,50,0,1,1,7,58.03436581648529
9,49,1,1,1,5,71.73044922791956
9,14,1,0,1,1,59.91187831795562
9,57,1,0,1,1,55.823026485086594
9,38,0,1,1,1,59.265921145512124
9,4,1,0,1,3,55.33283190760945
9,7,1,1,0,5,53.960898202056796
9,16,1,0,1,5,55.44088834765547
9,27,1,1,1,6,71.89554793086064
9,35,1,1,1,0,71.1861856636021
9,58,1,1,1,7,74.32874637381727
9,47,0,1,1,6,56.96871031024077
9,40,0,1,1,3,58.371698333356235
9,26,1,1,1,6,72.80170522124136
9,29,1,1,1,3,72.16867945243912
9,28,1,1,1,6,72.96336362965779
9,50,1,1,1,3,71.00063933889848
9,42,1,1,1,7,70.4820820389713
9,1,1,1,1,5,71.72782564872847
9,53,1,1,1,4,71.15612435859904
9,51,1,1,1,1,69.99576945682504
9,1,1,1,1,4,71.99908387202697
9,39,1,1,1,2,71.16117102477041
9,10,0,1,1,5,59.84161445647345
9,7,1,0,1,2,55.90927796762895
9,47,1,0,1,2,54.519039221794294
9,30,0,1,1,7,58.10025521427772
8,17,1,0,1,7,73.66941743898423
8,31,1,0,1,1,74.813340401835
8,55,1,0,1,0,71.09157829719322
8,13,0,0,1,4,53.03946147850564
8,14,1,1,0,7,71.75823028641302
8,4,1,1,1,2,86.94393416483943
8,31,1,1,1,4,87.47362684451271
8,32,1,1,1,1,88.62931339111272
8,4,1,0,1,7,72.29917533532063
8,9,0,0,1,5,54.05708331695345
8,20,1,1,1,0,86.78354816529637
8,21,1,1,1,0,87.2163795070781
8,17,1,0,1,2,73.98905357047694
8,18,1,0,1,7,72.80612689631147
8,25,0,1,1,0,77.69206747968536
8,0,0,1,1,4,66.68045281503615
8,14,1,1,1,2,88.22902611643062
8,26,1,1,1,7,88.01788209891879
8,25,1,0,1,2,73.94563908265535
8,40,1,0,1,2,71.72531281994739
8,42,1,1,1,3,86.5572058012066
8,24,1,1,1,0,88.50329901171082
8,36,1,1,1,4,87.46357866485626
8,38,1,1,1,5,88.83212801354551
8,21,1,0,1,0,72.23428927374492
8,29,0,0,1,0,60.77935676310663
8,2,0,1,1,3,78.03470859567659
8,32,1,1,1,4,89.41289519494569
8,26,1,0,1,6,72.84051772278843
8,43,1,1,1,7,88.06639832598793
8,15,1,1,1,4,87.91230338076728
8,21,1,0,1,5,72.08788153897916
8,44,1,1,1,2,87.61641959946637
8,18,0,0,1,0,61.6714181169767
8,16,1,0,1,3,73.75148352760681
8,53,0,1,1,3,75.08665570533644
8,58,1,1,1,2,86.96797448394506
8,5,1,1,1,7,86.34827516760419
8,27,0,1,1,3,84.70675609620143
8,16,1,0,0,5,57.08809943736912
8,48,1,1,1,6,88.02473840018911
8,8,1,1,1,0,86.95872780689386
8,40,1,1,1,2,85.05723223584422
8,41,1,1,1,0,87.02525169759406
8,43,1,1,1,1,87.94845442039252
8,15,0,1,1,6,70.96293635418652
8,46,0,1,1,1,81.9447163257406
8,22,1,1,1,4,87.34877787441665
8,53,0,1,1,5,72.75314722608981
8,54,1,1,1,5,88.59839543527328
8,9,0,1,1,0,76.8855200460065
8,8,1,1,1,5,86.55238194863799
8,0,0,1,1,0,74.82427976073843
8,41,1,1,1,7,86.80023509945649
8,54,1,1,1,3,87.89680640412209
8,32,0,1,1,4,71.13680996664492
8,39,1,1,1,2,88.92879637373548
8,41,1,1,1,5,86.64696499541617
8,32,1,1,1,2,88.93205384622928
8,46,1,0,1,1,72.00511873315378
8,40,1,0,1,1,71.69281733880223
8,21,0,1,1,0,74.7575730706299
8,54,1,1,1,2,89.17247672917549
8,55,1,1,1,5,86.88027276754958
8,26,1,1,1,4,88.72797462723673
8,4,1,0,1,4,71.41014148666935
7,46,0,1,1,7,30.5087577813385
7,53,1,1,0,4,33.897090877682885
7,1,1,1,1,1,14.642747226798974
7,20,1,1,0,2,37.19493176797872
7,29,1,1,0,4,33.164040312314874
7,34,0,1,1,6,24.59546668439745
7,41,1,1,0,3,24.918659044704153
7,57,1,0,0,2,16.09373485070777
7,36,1,0,1,2,7.206178198202748
7,38,1,0,1,3,12.016321907567704
7,41,0,0,1,7,21.874862864265232
7,45,1,0,0,4,16.96963556725826
7,48,1,1,0,6,44.16406142962641
7,54,1,0,1,2,7.7479515843336575
7,57,1,0,1,4,13.84670663162
7,0,0,1,1,2,33.54286688265953
7,6,0,0,0,7,8.908400244877647
7,9,1,1,1,7,28.25463643256866
7,21,0,1,1,1,36.6228534988181
7,26,1,1,0,4,30.291177576416338
7,47,0,1,1,6,21.67684290020498
7,50,1,0,1,6,12.520835330696933
7,52,1,0,1,4,10.216644352332862
7,53,1,0,1,3,31.706217126017908
7,57,0,0,1,6,12.49141109406797
7,59,0,1,1,1,36.49020945461531
7,20,1,1,1,4,7.98763838912478
7,31,1,1,0,1,23.10417896231443
7,35,1,0,0,2,20.08729381583721
7,42,0,0,1,6,7.107328044081289
7,43,0,0,1,3,32.625054668329334
7,46,0,0,1,3,30.67083242289101
7,48,0,0,1,3,22.493475167415298
7,4,1,1,0,0,23.41709312201286
7,6,1,1,0,1,23.91626431832475
7,7,1,1,0,5,28.53061710757848
7,17,0,1,1,2,28.62846610083045
7,28,0,1,0,2,40.26621631087642
7,59,1,1,0,2,33.248206705928276
7,3,1,0,0,4,21.40294304776496
7,8,1,1,0,6,41.0301877805107
7,12,0,0,1,5,20.276282297199867
7,16,1,0,1,0,14.182210294854999
7,17,1,0,1,0,13.698125901376496
7,19,1,1,0,2,35.76633817182742
7,30,0,1,1,6,12.715063932633623
7,31,0,1,1,6,30.386297592713973
7,35,0,1,0,3,41.826778044855736
7,4,1,0,0,4,17.304616041038997
7,5,1,0,0,6,22.33961433263878
7,8,0,1,1,2,29.91543908796844
7,9,0,1,1,6,17.50884590428908
7,10,1,0,1,4,9.225753487644232
7,19,1,1,1,7,15.082472599203088
7,21,0,1,1,7,27.785052343046832
7,56,0,1,0,5,24.64630640877229
7,1,1,0,0,0,17.721531735115477
7,25,1,1,0,0,25.147497519061588
7,35,0,1,1,1,26.97601033128462
7,37,1,1,1,3,33.855288853293196
7,53,0,1,1,2,31.55315887448404
7,22,1,1,0,4,37.5868501265659
7,32,0,0,0,5,19.52399228833213
7,37,1,1,0,4,24.592142306207844
7,50,1,0,1,2,6.616820450496092
7,52,1,0,1,1,16.097561633801405
7,58,1,1,1,6,25.98472628172904
7,11,0,0,1,1,37.46997686599923
7,16,1,0,0,3,19.38430625614049
7,18,1,0,1,1,25.561104318615946
7,19,1,0,1,1,19.512155722449233
7,20,1,0,0,3,20.742696036955515
7,24,0,0,1,6,15.39244060232009
7,26,0,0,1,0,22.637928825340524
7,29,0,0,1,5,22.210796426080158
7,47,0,1,1,3,48.430886117556135
7,2,0,0,1,4,7.204753857407008
7,3,0,0,1,3,30.009994141948113
7,18,1,0,0,5,25.857552927562892
7,22,1,0,1,3,13.394130033922114
7,28,1,1,0,2,30.534499070696782
7,52,0,1,1,4,4.952397844359294
7,53,1,1,1,7,16.2612557552989
7,10,1,0,1,3,13.244540419248269
7,21,0,1,0,2,42.42763398805333
7,24,1,1,0,4,28.360721939798488
7,30,1,1,1,6,17.558046456644085
7,32,1,0,1,4,14.013295359921072
7,33,0,0,1,2,24.95018160282589
7,35,0,0,1,1,38.49672966151476
7,44,1,0,1,3,15.608220824388075
7,46,1,1,1,2,8.055053733589357
7,53,1,0,1,5,23.612977792472606
7,1,1,1,1,7,40.27878321681156
7,2,1,1,0,3,30.556153842727806
7,4,1,0,0,6,25.6145553631498
7,19,1,0,1,5,39.40550484778925
7,25,0,1,1,7,30.13685645251277
7,39,0,0,0,4,12.99028414709014
7,13,0,1,0,5,19.37696523470067
7,23,1,1,0,5,27.43568771783796
7,24,0,1,1,6,24.24551650989518
7,25,1,0,1,4,11.246130768642734
7,35,0,0,1,2,28.20356110171341
7,36,0,0,1,5,23.254388453917006
7,40,0,1,1,2,26.47075132801066
7,42,0,0,1,7,13.56587806429823
7,44,0,1,1,0,27.63443386623192
7,52,0,0,1,3,27.073626855640747
7,53,0,0,1,5,21.008034884847266
7,29,1,1,1,7,29.38888722961926
7,56,1,1,0,5,30.96922296087839
7,59,1,1,1,1,8.78855987137082
7,13,1,1,0,7,32.862258760031786
7,31,1,0,0,1,16.707990825405048
7,32,1,0,0,6,30.152373273132884
7,44,0,0,1,6,14.069427855477874
7,5,1,1,0,6,30.640456965177833
7,7,0,1,1,0,27.590792661415907
7,9,0,0,1,7,16.926615315672617
7,17,1,1,0,6,42.85512862085147
7,38,0,0,1,7,24.138821454935904
7,42,1,0,1,3,17.444578557618435
7,42,0,1,0,5,24.50519759266259
7,43,1,1,1,6,7.134665879854591
7,46,0,0,1,5,18.750852073296397
7,14,1,0,1,4,11.408041131145733
7,17,0,1,1,7,33.20058192499745
7,32,1,1,1,1,18.52044515564676
7,34,1,1,1,4,8.29604497179293
7,35,1,1,1,4,20.026030893004545
7,37,1,0,1,7,43.0327255431592
7,45,1,1,0,5,34.06972229791733
7,50,1,1,0,1,25.09333696345514
7,0,1,0,1,6,17.00412680701995
7,9,1,0,0,6,30.63755412967276
7,25,1,0,0,1,19.917668779475488
7,35,1,0,0,3,18.689219331278167
7,47,1,0,0,3,17.646617508230637
7,0,1,0,1,0,13.537747266362139
7,1,1,0,1,6,6.750130588021546
7,7,0,1,1,4,22.695108925084877
7,15,0,1,1,1,33.61695318965768
7,29,1,1,0,0,24.317193047743505
7,38,0,1,1,4,8.243518142193265
7,39,1,1,1,2,16.53231051669652
7,40,1,0,1,3,24.36408071651869
7,42,1,0,1,7,28.72932031075134
7,1,1,1,0,5,32.049595046715346
7,2,1,1,0,2,24.887116308838447
7,4,1,0,1,0,11.711310983334027
7,5,1,0,1,2,15.296820376509642
7,6,1,1,1,5,42.2086151338221
7,19,1,0,0,7,27.765374718043923
7,23,1,1,1,3,20.70276228702292
7,24,1,0,1,0,13.165781916969134
7,30,1,0,1,5,14.64301058192106
7,37,1,0,1,2,8.296018973616718
7,39,1,1,1,3,36.01823209082885
7,40,1,0,0,3,18.263714789010077
7,51,1,1,0,1,22.257541951637613
7,4,1,0,0,2,15.203776484275673
7,16,1,1,0,3,28.83791733712102
7,35,0,1,1,7,31.459288600886197
10,0,0,0,0,3,47.27362872201033
9,40,1,1,1,1,71.39630361562581
9,9,1,1,1,7,74.32531680135462
9,34,0,1,1,4,57.684514946720945
9,14,1,1,1,7,72.56060461413483
9,45,1,0,1,1,55.328937495153724
9,2,0,0,1,3,44.02527607302731
9,35,1,1,1,4,71.1387550294516
9,46,0,1,1,1,60.37140291210572
9,55,1,1,1,4,72.65684557805088
9,32,1,1,1,5,71.25464893737526
9,17,0,1,1,3,58.85298803273595
9,52,0,1,1,6,56.468378015731254
9,8,1,1,1,0,70.40199571401891
9,36,1,1,1,0,71.18897193680115
9,16,0,0,1,3,56.07469529610381
9,24,1,1,1,5,72.44972616406284
9,3,1,1,1,5,71.27296872502832
9,0,1,1,1,2,72.12550122167532
9,41,1,1,1,7,71.44577158489436
9,7,1,1,1,2,70.3172442883328
9,31,1,1,1,6,71.78102570823947
9,20,0,1,1,1,61.97579568226627
9,23,1,1,1,4,71.53607577313488
9,7,1,1,0,2,54.22217773092443
9,33,1,1,1,6,70.6538191333057
9,33,1,0,1,0,56.608833001205824
9,51,0,1,1,7,53.64772293532468
9,48,1,1,0,5,53.032429465915186
9,44,1,1,1,4,70.5703169720436
9,48,1,1,1,0,70.81187626556836
9,49,1,1,1,4,71.52565584231371
9,7,1,1,1,7,70.33504842075378
9,51,1,1,1,4,69.74461139463692
9,23,1,1,1,2,71.8029046676225
9,55,1,1,1,3,77.70860028338032
9,56,1,0,1,0,56.506615138397535
9,54,1,1,1,1,73.04980813514895
9,22,1,1,1,5,75.19242564659578
9,58,0,1,1,5,55.15938390251199
8,51,1,0,1,2,71.30876902512426
8,18,1,0,1,3,73.18994293916857
8,25,1,1,1,7,88.44070733581133
8,54,1,0,1,7,71.15686697534382
8,59,1,1,1,7,86.94180358893311
8,11,1,0,1,6,71.79982099122606
8,49,0,1,1,3,74.79175348151192
8,31,1,1,1,2,87.37873568919163
8,5,1,1,1,4,86.05867938192588
8,12,1,0,1,7,73.10844552202279
8,39,1,0,1,2,70.59653507744194
8,11,1,1,1,5,89.06896348118775
8,34,0,0,1,5,59.441578042022
8,44,1,1,1,6,87.44015685130833
8,2,1,1,1,7,87.74423179507686
8,55,1,1,1,6,87.072511654055
8,38,1,1,1,4,87.31247253978839
8,49,1,0,1,0,72.02462039933806
8,29,1,1,1,5,87.93647893039314
8,32,1,1,1,0,89.50876814066726
8,34,1,1,1,5,87.5333884506673
8,9,1,0,1,4,71.4232560619459
8,42,1,0,1,7,70.30751399507162
8,9,0,0,1,4,53.6120271394103
8,20,0,1,1,6,71.60476746794541
8,6,1,0,1,4,69.49099487697988
8,8,1,1,1,4,86.1868072885934
8,45,1,0,1,1,72.21539251565329
8,17,1,1,1,2,88.24748404203052
8,23,1,1,1,2,86.68014183888573
8,43,1,0,1,6,72.12294191610205
8,48,1,1,1,3,88.85664103123422
8,28,0,1,1,1,78.4069800419132
8,19,1,1,1,0,89.38824641645299
8,47,1,1,1,5,89.4577072164349
8,58,1,1,1,5,87.44637873936817
8,22,1,0,1,6,71.1437032187802
8,37,1,0,1,4,71.80274915178296
8,27,1,1,1,6,90.39572332971784
8,9,1,1,1,6,87.11030282937203
8,31,1,1,1,3,87.9441937035809
8,28,1,0,1,3,72.95631269972796
8,2,1,1,1,1,87.86368486434243
8,21,1,1,1,1,89.57363271107982
8,28,1,1,1,3,95.90257423850886
7,19,0,1,0,5,24.093109561078663
7,27,0,1,1,3,55.22502140921252
7,33,0,1,1,3,41.31014246108196
7,45,0,0,1,1,28.849447392981446
7,47,1,0,0,5,23.73026013980608
7,48,0,0,1,7,16.80828221993115
7,49,1,1,0,1,27.502253797316506
7,51,1,0,0,0,19.52923750153786
7,12,0,1,1,0,14.483993477976178
7,14,1,1,1,1,28.462256688566573
7,24,1,0,1,3,13.35154313425905
7,25,1,0,0,4,22.040852102300274
7,38,1,0,1,7,23.48112900004926
7,41,1,1,1,3,17.352081712897437
7,42,1,0,0,4,26.54541470921429
7,58,0,1,1,6,26.544085886287824
7,59,1,0,1,6,16.647454319294525
7,5,1,0,1,6,21.28790356353287
7,6,1,0,1,5,18.8103505282969
7,7,1,0,1,7,36.6485072133972
7,20,0,1,1,4,9.057932470944264
7,30,0,0,1,1,33.57176012524589
7,44,1,1,1,0,9.973335344223472
7,45,1,1,1,4,9.239247434474478
7,47,0,1,1,5,30.175339755048025
7,49,0,0,1,4,9.996211393300891
7,50,0,0,1,1,32.37708058785496
7,6,0,0,1,2,23.837364622097617
7,7,0,0,1,6,19.618901358761317
7,9,1,0,1,5,13.014706297730932
7,21,0,1,1,5,18.132124911553735
7,50,1,0,0,0,22.997758498500367
7,8,0,0,1,2,28.715774664509837
7,10,0,1,1,6,20.08660840861034
7,12,1,0,1,4,18.306015733657794
7,15,0,1,1,0,22.300256515088176
7,16,0,1,1,3,43.78283911836379
7,18,0,0,1,1,30.36528466159079
7,49,0,1,1,0,10.138430520716085
7,0,0,0,1,2,21.073986304046894
7,10,0,1,1,3,46.97591232402807
7,14,1,1,0,4,23.994121490066224
7,20,1,1,0,5,31.34231649909045
7,21,1,1,0,0,31.025442990264594
7,32,1,1,0,0,25.818559144397028
7,54,1,1,1,7,20.47643202350141
7,8,0,1,1,1,30.667680313955408
7,24,1,0,0,1,16.57131506623691
7,25,1,0,1,5,28.077531210181927
7,32,1,1,0,5,29.089567598186676
7,5,0,0,1,3,31.122777360823605
7,10,1,1,1,2,12.25437293964658
7,31,1,1,1,5,36.81262879758607
7,51,0,0,1,4,9.784220489363246
7,56,1,1,1,2,12.440256041393159
7,57,1,1,1,3,21.961563193914532
7,58,1,0,1,5,31.953032655131324
7,5,0,1,1,5,36.29648426642089
7,6,1,1,0,6,32.47849799458952
7,10,1,0,1,6,13.607940009642174
7,11,0,1,1,3,33.52448101688471
7,20,1,1,0,6,49.330583587536246
7,31,1,0,0,4,23.396081065955013
7,33,0,1,1,4,19.7670294293841
7,44,1,1,1,3,31.301972722798066
7,59,1,0,0,7,25.633140732393663
7,10,0,1,0,1,32.961480135063695
7,12,0,1,0,0,33.69700599927381
7,16,0,1,0,5,27.02416312541559
7,20,0,1,1,5,17.10585481090668
7,32,1,0,1,5,31.88370787682338
7,48,1,1,1,0,12.616335590948024
7,50,1,1,1,0,5.437442020426205
7,51,1,1,1,2,17.055409824743908
7,52,1,0,1,0,10.73482722648449
7,56,1,1,1,0,4.318148601217704
7,57,1,1,1,6,32.214098722638354
7,58,1,1,1,5,14.477658116707985
7,35,1,1,1,3,23.17664495905248
7,37,0,1,1,6,21.052695702689256
7,38,0,0,1,5,20.565457474574572
7,52,0,0,1,0,20.61473286695632
7,25,1,0,1,7,35.708733732929204
7,34,1,1,1,7,45.85249616661798
7,37,0,0,1,2,26.555079838451064
7,38,0,1,1,5,22.37006995093996
7,42,0,1,1,6,20.373038331897888
7,44,1,1,0,2,29.990428082821445
7,59,0,0,1,5,20.27002774753831
7,41,0,0,1,2,23.451899932218858
7,44,1,0,1,7,35.84189000715353
7,45,1,0,1,1,28.808611717552488
7,13,1,0,1,0,8.881055035537473
7,14,1,0,1,7,12.78328531493047
7,26,0,1,1,2,23.66130165698996
7,42,0,1,1,7,27.24012309804977
7,9,0,0,1,3,24.216919542742897
7,21,0,1,0,4,28.845368050208787
7,2,1,0,0,3,14.953772947543918
7,12,0,0,1,0,26.635328165705452
7,13,0,0,1,3,44.407562151645855
7,16,1,0,0,5,23.601976357111663
7,19,0,0,1,4,14.615537983424984
7,20,1,0,1,1,20.282414405553773
7,29,1,0,1,1,13.723587758661228
7,30,1,0,0,1,21.819584072804382
7,32,1,0,1,6,12.194066119521564
7,44,0,0,1,3,28.92082618934517
7,1,1,1,1,2,12.223524531523212
7,2,1,1,1,1,10.973070125839055
7,32,0,0,1,2,23.168031185879936
7,52,1,1,0,4,37.168887867884806
7,11,0,0,1,3,33.53605625571337
7,14,1,1,0,6,23.439537991649786
7,24,1,1,0,3,29.202063498101044
7,29,1,1,1,5,40.56537994880788
7,36,0,1,1,1,37.94735520583191
7,37,0,1,1,4,14.442352155325601
7,43,1,1,0,0,23.358922891566184
7,55,1,1,0,4,34.34707185565014
7,5,1,0,0,0,18.052271919806817
7,15,1,0,0,3,20.352148632609644
7,17,1,1,1,2,11.25000235695681
7,18,1,0,1,0,18.18062462514762
7,19,1,0,1,6,19.7563765713275
7,20,1,1,1,6,19.709076467429313
7,22,1,0,1,5,38.707184675824784
7,30,1,1,0,2,30.586913883841625
7,31,1,0,0,3,19.27993266903553
7,33,1,1,0,1,22.738927592740755
7,58,0,0,1,1,33.67631944662256
7,1,1,1,0,1,22.3355467632298
7,19,1,1,0,5,38.10990336340985
7,48,0,1,1,3,50.611011861188366
7,50,0,1,1,6,17.112924141068998
7,21,1,1,1,0,9.722954071773763
7,22,1,1,1,7,18.267009167721596
7,29,0,1,1,2,26.245310088274575
7,47,1,1,0,7,38.64831175316036
7,54,1,0,0,7,28.033773202941273
7,7,0,0,1,1,38.43878394149397
7,30,1,1,1,0,12.15878631385425
7,43,0,1,1,5,27.497144672907744
7,52,1,0,0,1,23.3605256943375
7,53,1,0,1,4,10.257989236175705
10,0,0,1,0,1,49.54494884227557
9,29,0,0,1,4,41.52903074051818
9,48,1,1,1,4,70.6710245391417
9,19,1,1,1,0,71.41179924198758
9,11,1,1,1,7,71.72513646881995
9,33,1,0,1,3,54.72800936729419
9,13,0,1,1,4,58.251121969870916
9,14,1,1,1,0,72.86551908257398
9,57,1,1,1,0,71.14647237485764
9,46,1,0,1,2,55.97577724097637
9,5,1,0,1,7,55.22815592015937
9,38,1,1,1,0,71.92047433392823
9,39,1,1,1,3,71.4115834261568
9,40,1,1,1,5,71.34922402165724
9,56,1,1,1,6,71.72288769731034
9,57,1,0,1,5,55.841438631437995
9,54,1,1,1,6,70.58098283876376
9,37,1,1,1,2,69.6793472473634
9,52,1,0,1,2,55.24677825197
9,43,1,1,1,1,70.72357421793352
9,14,1,0,1,2,55.76877655710627
9,31,1,1,1,5,71.63140436506609
9,18,1,0,1,3,55.68735603724328
9,26,0,1,1,5,59.5994064347733
9,35,1,0,1,4,53.74937794211361
9,40,1,0,1,7,54.47044830853452
9,49,1,1,1,6,73.81027492566454
8,4,1,1,1,0,86.96357312069664
8,7,1,1,1,3,85.90398010271069
8,6,1,0,1,7,69.09173735209906
8,44,1,1,1,3,90.4622163720598
8,47,1,1,1,6,89.14007013894641
8,11,0,1,1,1,75.4648490608242
8,23,1,1,1,0,87.31898500417947
8,19,1,1,1,5,89.43411940195537
8,46,1,1,1,5,86.89866246274055
8,19,1,1,1,3,89.45078662526942
8,26,1,1,1,5,88.78567154794702
8,3,1,1,1,5,89.05577629364882
8,58,0,1,1,4,69.01968038869646
8,51,1,1,1,3,88.21816074309037
8,1,1,1,1,4,86.07265522819716
8,16,1,0,1,0,73.93874196677409
8,17,1,0,1,3,74.83459221614491
8,53,1,1,1,4,88.54283940270419
8,13,1,0,1,5,72.38278914891912
8,35,1,1,1,2,87.28126161145816
8,36,1,1,1,5,87.75848271728827
8,58,1,1,1,1,88.60325989717782
8,0,1,1,1,2,87.67631993058919
8,21,1,1,1,2,86.8928913721225
8,1,0,1,1,2,74.9493640627119
8,59,1,1,1,6,86.8494042964303
8,4,1,1,1,4,86.44801038139164
8,38,1,1,1,3,88.8960140518116
8,47,1,0,1,2,71.15997692260885
8,48,1,1,1,4,87.33193563345924
8,6,1,1,1,1,86.27067210606539
8,45,1,0,1,6,71.79355832295496
7,37,1,0,1,5,21.355578326396383
7,27,0,1,1,4,15.94004919435934
7,32,1,1,0,4,28.428311878870883
7,57,1,0,0,5,21.190323141343924
7,4,1,0,1,7,37.03607384732152
7,18,1,1,1,3,39.3264854879624
7,53,1,0,0,0,24.824894985504987
7,20,1,0,0,4,24.12102532559817
7,29,0,1,1,3,53.98633873879995
7,47,0,1,0,5,25.33815926003547
7,12,1,0,1,5,40.022230293844906
7,22,0,0,1,3,40.397570607570195
7,59,0,1,0,7,33.42955155464754
7,16,1,0,0,2,24.85981576352034
7,26,0,1,1,0,24.514682177127433
7,35,0,0,1,5,22.011670035524315
7,36,0,0,1,7,24.254625824550338
7,49,0,1,1,1,34.03522612031492
7,4,0,0,1,2,22.864057549441043
7,8,1,0,0,4,20.736286839719085
7,15,1,0,0,0,21.280090927272468
7,22,1,1,1,1,14.883180434409592
7,23,1,1,1,1,6.428996350970381
7,28,0,0,1,7,28.93065584734806
7,35,1,1,1,6,23.613183036044976
7,43,1,0,1,1,13.178109582883367
7,0,0,0,1,5,17.16891459346541
7,2,1,1,1,3,20.03754515472159
7,4,1,0,1,3,12.719866450294708
7,10,1,0,1,1,18.306268791846684
7,14,0,0,1,4,12.32467056338265
7,32,0,1,1,0,24.385648040056527
7,33,0,1,1,6,22.052143924678827
7,57,0,1,1,7,31.191110391209442
7,14,1,0,1,0,8.775084831238821
7,15,1,0,1,6,11.034774642245262
7,30,1,1,0,7,26.089308209341592
7,43,0,1,1,3,36.01778035188959
7,7,1,0,0,3,18.775021290633276
7,17,1,1,1,7,33.24558935972233
7,21,1,1,0,7,33.76975422111434
7,22,0,1,1,2,35.4112077201716
7,23,0,0,1,3,40.56411721497445
7,31,1,1,1,4,18.724286549910964
7,13,1,1,0,2,26.919840248744148
7,15,0,1,0,3,34.62241825019644
7,21,0,0,1,7,23.140971380637403
7,24,0,0,1,3,33.491978382435846
7,20,1,1,1,0,10.324946689480319
7,17,0,0,1,6,8.402940196490738
7,56,1,0,1,5,18.220106821029653
7,57,1,0,0,4,23.301417825010134
7,10,1,1,0,7,35.1090122055295
7,26,1,0,1,1,32.65479609209508
7,36,1,1,0,2,28.46239667749802
7,39,1,0,0,7,30.121229171407876
7,53,1,0,1,1,20.049386369890204
7,59,1,1,1,2,20.15808069540089
7,0,1,1,1,4,9.724822362843359
7,3,1,0,1,2,9.37260695623684
7,4,1,1,1,0,14.100024126633443
7,7,1,1,1,1,35.15157745311835
7,16,1,0,1,5,9.271454640702082
7,46,0,0,1,6,11.174515916965461
7,48,1,1,1,7,26.57025386319488
7,56,1,1,0,7,43.78128820431432
7,45,1,0,0,5,22.98905984712859
7,54,0,1,1,0,29.65284282430723
7,13,0,1,1,4,14.872188251976931
7,16,0,1,1,5,12.834651745103933
7,23,0,0,1,5,18.0341450928814
7,28,1,0,1,1,20.657862229543486
7,58,0,0,1,6,14.868012785351766
7,8,1,0,1,3,14.111507632222743
7,29,0,0,1,3,31.881742668301516
7,41,0,1,1,1,29.198306061323663
7,45,0,1,1,0,29.89856941327454
7,46,0,1,1,2,27.523490239880957
7,47,0,0,1,0,25.457485831055337
7,7,1,0,1,3,20.501570198201176
7,8,1,1,0,7,35.140017578910104
7,13,0,1,1,3,32.0783304006428
7,40,1,1,0,7,31.984150111119124
7,52,0,0,1,6,12.764482160600963
7,46,1,0,1,0,9.99872499052236
7,47,1,0,1,2,5.408117914594899
7,48,1,1,1,4,10.653614605245057
7,0,1,1,0,5,31.145511689937194
7,4,1,1,0,5,30.80940791894848
7,15,0,1,1,7,30.73256306974692
7,55,1,1,1,1,15.60886481532613
7,59,0,1,1,7,31.45654378337749
7,5,1,1,0,1,19.839317982676025
7,34,0,0,1,3,30.148437466069353
7,7,1,1,1,7,20.617768679913752
7,20,1,0,0,0,19.341798867263343
7,39,1,1,1,6,20.85948661074992
7,43,0,1,1,4,13.914303340746027
7,45,0,0,1,5,21.194441308163082
7,55,0,0,1,2,18.97860611393981
7,56,0,1,1,0,25.939868776093945
10,0,0,1,0,3,47.41189989334515
9,50,1,1,1,4,70.4670682266838
9,45,1,0,1,6,55.48454065366938
9,51,1,1,1,5,72.28353720338694
9,23,1,0,1,3,56.404243004249466
9,39,1,1,1,5,71.44642795441538
9,36,1,0,1,7,53.23187757847707
9,43,1,0,1,4,56.06938320783461
9,47,1,1,1,6,70.58368749249004
9,18,1,1,1,1,71.66775269716689
9,35,1,0,1,5,53.77188440274753
9,16,1,1,1,0,72.57010894921336
9,29,1,1,1,2,72.20801953866231
9,45,1,1,1,1,70.98626250858
9,5,1,1,1,7,71.47628598432216
9,39,1,1,1,6,70.53755999388234
9,10,1,1,1,5,72.35691952655388
9,39,1,1,1,0,71.19309660481663
9,48,1,0,1,4,54.78502085316195
9,17,1,1,1,0,71.29664074896131
9,45,1,1,1,7,75.45884988828779
9,13,1,0,1,7,55.10039370182985
8,4,1,1,1,5,86.35711752949399
8,1,1,0,1,4,69.89192501204337
8,53,1,0,1,6,72.1508546085877
8,30,1,1,1,1,86.42456807230039
8,59,1,1,1,3,87.34526259623684
8,43,1,0,1,3,71.68963644136349
8,32,1,0,1,4,71.76877155751316
8,56,1,1,1,1,86.5973574443869
8,31,0,1,1,1,76.03875277137868
8,19,1,1,1,7,93.2147711196945
8,23,1,0,1,4,71.43830308598001
8,16,1,1,1,4,89.46237485039883
8,7,1,1,1,7,87.20860985284098
8,59,0,1,1,1,73.27977945990628
8,15,1,0,1,5,71.98613856152963
8,51,1,1,1,6,87.67562393186007
8,10,1,1,1,7,87.46982098514692
8,48,1,1,1,7,89.99691464961079
8,49,1,0,1,3,71.3127103544023
8,27,1,1,1,2,89.67051469266481
8,6,1,1,1,6,85.360660081419
8,8,1,1,1,7,86.11612989621531
8,13,1,1,1,3,87.27333701252384
8,16,1,1,1,2,89.4225380548766
8,40,1,1,1,7,84.97904156090847
7,42,1,0,1,5,22.755185932385682
7,58,1,1,0,6,44.347678417294986
7,2,0,1,1,7,25.308815405834977
7,14,1,1,0,7,25.263021881029733
7,31,1,0,1,5,31.051982519177205
7,33,1,1,1,2,10.298491496899139
7,37,1,0,1,4,16.118536847530393
7,6,0,1,1,5,30.28287467277823
7,17,1,1,0,7,31.39479743299845
7,32,0,1,1,3,54.28944745313608
7,40,0,1,1,6,21.169844445292775
7,41,1,0,1,0,9.324023948136906
7,45,1,0,1,7,21.299818939478893
7,12,0,1,1,7,23.561278197435144
7,16,1,1,1,7,16.78373285706457
7,29,1,1,0,7,46.334073783566005
7,38,1,1,0,6,47.96060133472524
7,42,1,1,1,6,23.489690368392505
7,44,0,1,1,7,32.03723987512752
7,48,1,1,0,2,28.802407282057594
7,51,1,0,0,7,24.260022190315773
7,17,0,0,1,3,20.763342139469646
7,53,0,0,1,7,28.60535848646439
7,57,0,0,1,2,28.759714742299266
7,14,0,1,1,6,23.418401746294098
7,15,0,0,1,5,19.327761679917884
7,34,1,0,1,4,15.841147844310274
7,16,0,0,1,3,22.977962857149404
7,32,0,0,1,0,15.438703358969184
7,46,1,1,1,1,12.023901399120506
7,13,1,1,0,6,38.571467422667446
7,20,1,1,0,4,36.852171069695714
7,54,1,1,1,4,10.482706883869
7,55,1,1,1,4,9.983898046045784
7,58,1,0,1,3,20.588563025284557
7,10,1,1,0,3,30.292614582985586
7,47,1,1,1,3,22.918629709893267
7,52,1,1,0,6,47.2501687307804
7,53,1,1,0,7,36.62372693160418
7,9,1,1,0,4,26.261243345052264
7,25,1,0,0,6,31.901130244867353
7,28,1,0,0,4,30.373444037642262
7,54,1,1,0,0,24.62041682557059
7,1,1,0,0,2,14.319616028207726
7,4,1,1,1,3,28.97649280709771
7,7,1,0,1,0,10.351882088923396
7,16,1,0,1,7,28.047136890742856
7,47,1,1,0,5,30.776875392687852
7,51,1,1,1,1,14.015823159472616
7,53,1,1,0,0,21.64769624586905
7,9,0,0,1,1,33.889393914829355
7,21,0,0,1,5,22.56439994463813
7,25,1,0,1,3,15.18065877717456
7,42,0,0,1,3,30.031862466051066
7,50,0,0,1,0,23.542699027081888
7,1,1,1,1,4,10.814301211481537
7,2,0,1,1,2,25.009760192127715
7,4,0,1,1,3,43.73629931660899
7,12,1,0,0,2,16.19950190555813
7,24,1,0,1,4,20.841355801829582
7,26,0,1,1,5,22.58326804517486
7,0,1,1,0,2,25.602411858217316
7,10,1,0,1,0,13.16146562972724
7,11,1,0,1,2,7.268515796590657
7,16,1,1,1,3,43.052712656692705
7,26,1,0,0,6,32.28777251005688
7,42,0,1,1,4,8.775780808739533
7,43,0,1,1,7,41.12421243388826
7,59,0,0,1,1,25.925489604420715
7,16,1,1,0,5,29.723955171623857
7,17,0,1,1,4,8.151427453571905
7,30,1,1,1,2,16.127849757358444
7,1,0,1,1,2,31.196950144809502
7,8,0,0,1,7,20.613526618874104
7,49,0,1,1,2,25.256987254167484
7,53,1,1,1,6,4.874135346428177
7,13,1,0,0,0,19.169707272856463
7,35,1,1,0,3,30.65698938890699
7,40,1,1,1,6,13.518710445380258
7,43,0,0,1,6,16.17815573775279
7,47,1,1,1,6,18.606661836350924
7,49,1,0,1,6,5.44844609643369
7,4,1,1,1,1,14.819179072130636
7,14,0,1,0,5,23.34202416208874
7,22,1,1,1,6,7.53712207189736
7,34,1,1,0,3,31.01403422775899
7,5,1,1,1,4,21.942724077909507
7,45,1,1,1,0,9.134319713440872
7,53,1,1,0,2,34.20305858011268
10,0,1,0,0,5,45.52369637914962
9,57,1,1,1,2,70.85879872308146
9,59,1,1,1,6,71.02797687233128
9,8,1,1,1,3,70.30676777942338
9,7,1,0,1,7,55.61834570981682
9,27,1,1,1,4,72.49281329791073
9,46,1,1,1,7,71.43738200236702
9,32,0,1,1,4,56.629196455547174
9,59,1,1,1,4,71.02732107337522
9,35,1,0,1,7,53.0871928138467
9,54,1,0,1,5,54.990806033852046
9,41,1,1,1,6,71.90908018942267
9,5,1,1,1,1,72.99094323268896
8,25,1,1,1,1,87.88253383867081
8,59,1,1,1,2,86.55654717007234
8,31,1,0,1,0,71.62704304640609
8,26,1,0,1,3,75.70133405064065
8,56,1,0,1,4,69.54348989994713
8,43,0,1,1,6,74.84985709178439
8,46,1,0,1,4,72.2007574868223
8,5,1,1,1,1,86.6757637489619
8,18,1,0,1,0,73.09732343234914
8,49,1,1,1,5,88.85281487093964
7,51,1,1,1,0,5.522941038870064
7,52,1,1,1,1,11.825820587737532
7,57,1,1,1,0,3.09924113783603
7,2,1,1,1,6,22.90973689811621
7,3,0,0,1,7,21.236179857627167
7,17,1,1,0,0,27.378813771858507
7,19,1,1,1,5,14.789963786495633
7,24,0,0,1,1,38.755532225174676
7,30,1,0,1,3,15.513602145274875
7,38,0,1,1,1,22.518877643825924
7,8,1,0,1,0,9.132258158567513
7,9,1,0,1,0,11.623702447149473
7,10,1,0,1,5,29.834500244274434
7,11,0,0,1,6,5.480718815992053
7,12,1,0,1,2,5.128596806925035
7,13,1,1,1,0,0.768083991519791
7,14,1,1,1,0,3.723203198142156
7,17,1,1,1,4,18.60164502411302
7,18,1,1,1,4,11.544120462140336
7,19,1,1,1,6,14.111024568094674
7,21,1,1,1,5,40.129845113895115
7,39,1,0,1,6,14.254252007457042
7,55,1,1,0,5,27.388402962597628
7,23,1,0,1,0,11.179491745071406
7,36,0,1,1,4,14.902915496833224
7,38,0,1,1,0,28.132651814870805
7,51,1,0,1,7,38.23560713433322
7,8,0,1,1,5,24.97962026849073
7,24,0,1,1,7,28.274984201932124
7,42,0,0,1,1,38.291643683087486
7,58,0,1,1,1,47.843297320382405
7,10,1,0,1,7,17.425602771589546
7,16,0,1,1,7,16.142806445821332
7,15,0,0,1,6,9.548464645724858
7,19,1,0,1,7,20.257613021800864
7,34,0,0,1,0,22.145966889498
7,35,0,0,1,6,14.718366349474339
7,36,1,1,1,0,7.6104151164327405
7,37,1,1,1,2,4.781312658671329
7,38,1,0,1,4,12.91860570013073
7,1,1,1,1,3,15.61299301178982
7,28,1,0,1,2,7.0422747294422
7,29,1,0,1,3,28.745505340166922
7,33,0,0,1,0,20.524846040248466
7,15,1,1,1,1,36.921275766825396
7,57,0,0,1,0,27.22677206805322
7,12,1,0,1,1,13.090244551463773
7,16,1,0,1,1,31.613492819574343
7,25,1,1,1,7,10.949008464299961
7,38,1,1,1,2,14.406097440237021
7,39,1,0,1,7,29.583037144079167
7,41,0,0,1,4,11.184274133514124
7,7,1,1,1,0,17.87523425812042
7,8,1,1,1,6,19.590757959690634
7,11,0,1,1,2,20.23254553534165
7,4,1,1,0,7,30.997557348955997
7,23,0,1,1,4,17.105747529113017
7,52,1,0,1,2,4.6585347122985175
7,8,0,0,1,6,10.821001270205613
7,12,0,0,1,6,9.754360834978467
7,13,1,0,1,7,29.87288175586896
7,14,0,1,1,5,32.79719260252915
7,25,1,1,1,0,7.509528268176912
7,26,1,1,1,6,20.10047728227047
7,28,1,0,1,4,11.841007722425736
7,29,1,0,1,0,7.239983517287609
7,30,1,0,1,6,11.204620144089569
7,51,0,0,1,2,19.657700252180085
7,44,0,1,1,2,25.387131381017674
7,50,1,1,1,4,5.883026171426567
7,51,0,1,1,5,29.473501616583633
7,19,0,1,1,0,21.110921276326287
7,20,0,1,1,6,24.306997091589984
7,38,1,0,0,6,22.09876184035213
7,47,1,0,1,7,13.629312559280155
7,48,0,1,1,5,28.670720499868267
7,4,1,1,1,4,20.542616352929674
7,18,1,0,1,3,17.473757979078414
7,19,1,1,1,1,8.70729043967728
7,54,1,0,1,5,18.176247022307116
7,58,0,1,1,4,21.563344218168023
7,59,0,1,1,5,24.325308948744002
7,16,0,0,1,4,9.918372293431972
7,25,0,0,1,5,23.866248405886193
7,31,1,1,1,2,13.189104950953082
7,32,1,0,1,7,22.71663437989816
7,24,1,0,0,3,20.03468620312497
7,45,0,1,1,1,31.60477657255164
7,47,0,1,1,2,30.1148309932719
7,25,1,0,1,2,6.70082639243885
7,27,1,0,1,5,33.07678958722236
7,38,1,0,1,1,20.878212717308195
10,0,0,0,0,4,23.580435716568235
9,27,1,1,1,7,71.84271862294258
9,52,1,1,1,2,70.49801283996442
9,53,1,0,1,0,55.54890458812597
9,33,1,0,1,4,54.64899996401445
9,5,1,1,1,3,71.4865128464485
9,54,1,1,1,5,71.82021047739971
9,9,1,1,1,0,71.16263222311193
9,9,1,1,1,3,71.18106399114559
9,5,1,1,1,2,71.26347008836088
9,19,1,1,1,4,71.13205641719937
9,34,1,0,1,1,54.886842589284555
8,13,1,0,1,6,73.26637161706908
8,52,1,0,1,0,72.64329869351131
8,1,1,1,1,7,94.82628769957428
8,41,1,1,1,3,89.39650418115122
8,46,1,0,1,3,71.50478767998156
8,0,1,1,1,7,86.64969429704216
8,27,1,1,1,5,89.13293926724945
8,45,1,1,1,3,87.04656360421663
7,15,1,1,1,2,15.807902403664507
7,17,1,0,1,7,20.96258749954031
7,30,0,1,0,3,41.502932561625364
7,47,0,0,1,2,21.64477053568429
7,48,0,0,1,2,21.146909697393273
7,23,0,1,1,2,31.256305938682566
7,38,1,1,0,5,23.492643155124156
7,43,1,0,1,4,13.32889590178307
7,44,1,0,1,0,7.133116165994236
7,38,0,1,1,7,40.66706930201722
7,42,0,0,1,5,21.909010902174376
7,5,0,0,1,5,21.979707896250428
7,23,1,1,0,2,31.514649446038916
7,46,0,1,1,6,24.46387902954198
7,1,0,0,1,2,21.35876213443848
7,2,0,0,1,2,20.003272131234706
7,3,0,0,1,2,22.124370047135834
7,26,1,0,1,5,20.09079005864549
7,55,0,1,1,6,16.483962606503585
7,5,1,0,1,4,10.011552820780608
7,6,1,0,1,7,34.180586924821554
7,23,1,0,1,2,8.044072981423831
7,37,1,1,1,0,4.593320394609029
7,38,1,1,1,0,2.00049237803148
7,40,1,1,1,2,11.562082433430941
7,48,1,0,1,6,10.70429924708387
7,50,0,1,1,4,17.60457169202116
7,51,1,1,1,6,13.210569357332817
7,53,0,0,1,0,26.9682044167616
7,56,0,1,1,2,24.725231968237498
7,15,1,0,1,2,4.273901001322372
7,1,1,0,1,3,11.998446862442318
7,7,1,1,0,1,24.52057151277709
7,53,0,1,1,3,52.99962271362597
7,42,0,1,1,0,21.93357099964004
7,43,0,1,1,0,23.42796570791683
7,49,1,1,0,6,36.267256383349476
7,24,1,0,1,7,38.66991056117526
7,1,1,1,0,3,25.781125114076975
7,4,1,1,0,4,32.55115767465529
7,7,0,1,1,6,18.092371614229478
7,21,1,0,1,1,16.116028688985615
7,36,0,0,1,3,33.30828095155139
7,46,1,1,0,0,32.099176013328865
7,1,0,1,1,7,26.458620192415115
7,27,1,0,1,0,16.248397033236262
7,28,1,0,1,5,21.912889596749466
7,7,1,1,1,2,16.128588819576763
7,8,1,1,1,1,21.877694621927805
7,26,1,0,1,6,14.529580233266937
7,37,0,1,1,2,26.294510671015903
7,43,1,1,0,5,33.23068110415213
7,53,1,1,1,4,9.396213091861956
7,12,1,1,1,6,17.62280891019273
7,6,1,1,1,3,18.108662565104176
7,23,0,1,1,3,51.62310714444762
7,24,0,0,1,2,24.71511556996101
7,25,0,0,1,4,9.423323671832494
7,34,0,1,1,3,53.2642379125776
7,3,0,0,1,0,23.95497645689397
7,4,0,0,1,7,17.388921416658
7,57,0,1,1,6,14.161757579194527
7,20,1,1,1,7,26.637210357541363
7,24,1,0,0,0,15.821922049237987
7,26,1,0,0,1,16.92656793438487
7,5,1,1,1,5,39.770440592855124
7,22,1,0,0,7,27.33679258039523
7,28,1,1,1,2,17.797370065545437
7,29,1,0,1,2,10.197456849741366
7,30,1,1,1,7,50.90677811744447
7,44,0,0,1,5,14.039112861513809
9,38,1,1,1,5,70.879934252207
9,12,1,1,1,2,71.70569625441246
9,49,1,1,1,1,71.781802706041
9,59,1,1,1,5,71.19504761021892
9,3,1,0,1,3,59.27939220674867
9,48,1,1,1,1,70.82136047084512
9,27,1,1,1,1,72.40674872228784
9,17,1,1,1,4,71.34617008849149
9,57,1,1,1,1,70.89241663164466
8,55,1,1,1,7,87.29183451077284
8,18,1,1,1,1,87.78936408629073
8,50,1,1,1,1,90.58683958997415
8,28,1,1,1,6,88.18388143591753
8,33,1,1,1,6,89.8519435589802
8,36,1,1,1,2,87.63937212591898
8,20,1,1,1,4,86.4585361075462
7,23,1,1,1,2,14.512536013091022
7,24,1,1,1,6,17.154497186045624
7,49,0,0,1,3,31.738229391223342
7,51,1,0,1,6,12.08317989198592
7,18,1,1,1,0,11.876503531329089
7,19,1,1,1,0,9.813874199616611
7,20,1,1,1,5,16.98505918719262
7,26,1,0,0,3,11.839615594682968
7,57,1,0,1,7,33.382607683928796
7,1,0,1,1,1,32.84836802355032
7,11,1,0,1,0,7.968749336796953
7,27,1,0,1,2,-0.1754255163893037
7,0,0,1,1,3,52.32683614798664
7,57,1,1,1,5,20.219480956575495
7,11,1,1,0,7,39.05712163862776
7,13,1,1,1,6,20.8503124460641
7,10,1,1,1,3,25.276917501428674
7,11,1,1,0,2,23.060739653364184
7,34,1,1,1,2,12.811397903039587
7,35,1,1,1,7,19.24644758013079
7,36,1,0,1,1,14.404763477869487
7,11,1,1,0,6,23.997322397998534
7,34,1,0,1,1,17.823042552635226
7,25,1,1,1,1,22.275677662676852
7,51,0,1,1,1,34.31019068163293
7,2,1,0,1,1,15.576967901445427
7,54,1,1,1,3,24.392918392339876
7,27,0,0,1,2,27.170639698148605
7,28,0,1,1,1,36.638085150687104
7,34,1,1,0,0,27.936990075734577
7,11,1,1,0,1,22.330365583236414
7,19,0,0,1,7,18.06895369601413
7,21,1,1,1,2,20.236357197416094
7,22,1,0,1,2,9.42382062448219
7,23,1,0,1,3,11.5024853884087
7,33,0,0,1,3,40.6971392497083
7,58,0,0,1,7,18.92849761563691
7,22,1,1,1,3,33.39229622175256
7,24,1,0,1,2,4.327218689463336
7,47,0,1,1,0,18.691363527669317
7,43,0,1,1,2,30.723407851096177
7,45,1,0,1,4,11.879070745943803
7,23,0,1,1,6,24.378247549742454
7,34,1,1,1,5,15.224827580215077
7,42,1,1,1,5,17.39547120398188
7,24,1,1,1,4,8.317541762819065
7,27,1,1,1,4,15.08189209346337
7,34,1,1,0,2,30.163991737900368
7,20,0,0,1,3,28.484496018512793
10,0,0,0,1,5,40.45230869309886
9,10,1,1,1,4,71.6373078693921
9,48,1,1,1,3,70.83794637377733
9,59,1,1,1,0,71.18805742147975
8,11,1,0,1,4,70.89477970065813
8,57,1,1,1,2,88.30737547218507
8,10,1,1,1,6,87.41725218821757
8,46,1,1,1,3,96.60982601039976
8,25,1,0,1,6,73.44126763099874
8,53,1,1,1,5,88.06422610240263
8,23,1,1,1,6,85.29569676313453
7,57,1,1,1,1,17.617702256298703
7,43,1,1,1,4,12.483057529039181
7,45,0,1,1,6,19.502902333665194
7,46,1,0,1,2,7.818861331626907
7,47,1,0,1,3,10.659683732041334
7,50,0,0,1,5,22.271677550574978
7,57,0,0,1,3,43.56073163532947
7,49,0,0,1,7,21.463279296765066
7,59,1,1,1,7,51.606368876368705
7,5,1,1,0,4,28.58348449400034
7,34,1,0,1,6,13.137588255542914
7,36,0,1,1,0,12.897922532581566
7,37,0,1,1,0,18.084352833275197
7,49,0,1,1,5,20.03106932409545
7,26,1,1,1,4,27.162009539143064
7,4,0,1,1,7,27.682943398685637
7,38,0,1,1,3,42.67348706144796
7,11,0,1,1,5,24.353202105945634
7,5,1,1,0,7,38.112203068160795
7,19,1,0,1,2,15.794324617105737
7,52,0,1,1,7,32.71191342918397
7,33,1,0,0,2,12.132722958918485
7,59,0,1,1,2,30.331026931405887
7,13,1,0,0,6,27.300709928731667
7,33,1,0,1,7,12.771743722389886
7,52,0,1,1,5,26.78216131127534
7,55,0,1,1,1,35.08065632119419
7,43,1,1,0,6,34.68546393095486
7,39,1,1,0,4,30.30744597530248
7,48,0,1,1,7,26.382213716768938
7,21,0,0,1,1,41.864224271889505
7,27,0,0,1,3,33.92953028752508
7,1,0,0,1,3,23.853086533010213
7,32,1,0,1,3,13.184979286746877
7,45,1,1,1,6,12.776932963177119
7,57,0,1,1,4,8.163872958125513
7,46,0,0,1,7,21.866130152338215
7,52,0,0,1,2,25.823131585522432
7,4,0,1,1,0,24.40003622656608
7,7,1,1,1,4,6.728126114345104
7,36,1,1,0,6,31.591910816769392
7,55,1,0,1,4,21.121912690685253
7,59,1,0,1,7,18.631985986203077
9,32,1,1,1,2,71.00538105301382
9,38,1,0,1,0,56.582005725951994
8,16,1,1,1,6,89.44071535274435
8,57,1,1,1,7,87.41829898286333
8,12,1,1,1,2,88.62573153293624
8,52,1,1,1,4,89.10629919586921
8,36,1,1,1,6,87.9941018541499
8,41,1,0,1,5,70.23506268925514
7,9,0,0,1,5,17.58353745196065
7,36,1,0,1,4,10.54400384800153
7,25,1,1,0,6,45.33221179473336
7,14,1,1,1,5,9.834703172090531
7,24,1,1,1,7,32.191328831115555
7,30,1,0,1,1,19.648221400703203
7,44,0,1,1,1,31.275578460662576
7,18,0,1,1,1,30.215050363114884
7,27,1,1,1,7,28.82026870776447
7,31,1,0,1,1,22.322874294083945
7,39,1,1,1,4,19.830487701255993
7,10,1,1,0,1,20.282831474306416
7,18,0,1,1,7,28.422882727433805
7,25,1,0,1,1,14.384501366555575
7,48,1,1,0,1,28.47307130083521
7,25,1,1,0,5,28.718793853786032
7,51,0,0,1,6,12.406605963893897
7,0,0,0,1,1,35.22352170635667
7,9,1,1,1,3,14.452090802157393
7,51,1,0,1,2,2.384217985892799
7,10,0,0,1,7,19.369321516129745
7,3,1,0,1,0,12.485468406080832
7,12,0,0,1,3,21.496372120240924
7,6,1,0,1,2,15.071748586056847
7,8,1,1,1,2,16.92365216009215
7,18,1,1,1,1,21.58049066082231
7,46,1,0,1,3,15.863322335383423
7,33,1,1,1,4,3.9456589168606238
7,0,1,1,1,3,12.810026688315672
7,7,0,1,1,7,24.304791370596057
7,40,0,1,1,0,23.419948886719958
7,0,1,1,1,0,2.5258813130268276
7,40,1,0,1,7,33.34179229060557
7,52,1,1,1,2,11.085236575066803
7,53,1,1,1,1,2.171988499301947
7,18,1,1,1,2,13.997769312861198
7,23,1,0,1,7,14.511627284669878
10,0,1,0,1,7,27.23234084948664
9,20,1,1,1,0,71.69570557970914
9,10,1,1,1,1,74.12776947815478
9,31,1,1,1,4,71.47079212281584
8,15,1,1,1,6,88.12933609269967
8,3,1,1,1,2,91.28859699817701
8,36,1,0,1,2,73.40941117167614
8,26,1,1,1,0,88.55744121208485
8,7,1,0,1,3,69.63361834195442
8,37,1,1,1,6,87.45699535444729
7,7,1,1,0,2,33.30499276067274
7,14,0,0,1,1,29.33457658836488
7,6,1,0,1,0,10.664278939287618
7,10,1,1,0,0,15.997401515963656
7,48,0,1,1,1,28.652573775836224
7,41,1,1,1,2,11.036823828772759
7,24,1,1,1,2,16.465021424611106
7,26,1,1,1,2,22.134481345219832
7,28,1,1,1,6,15.16614859722481
7,35,0,0,1,7,20.092293531529293
7,21,1,1,1,1,19.991118304213675
7,43,0,0,1,4,11.334932332523568
7,55,1,1,1,5,22.918676675303928
7,16,0,1,1,0,21.32376408676195
7,18,0,1,1,3,43.724059853762924
7,56,1,0,1,6,13.12462696434734
7,28,1,0,1,3,14.227498097408535
7,36,1,0,1,0,4.5138922307668
7,34,1,1,1,3,22.315475209006355
7,55,1,0,1,2,11.909778765614695
7,29,1,0,1,7,15.4880982695092
7,37,0,0,1,1,35.097457508144835
7,55,1,0,1,1,20.616960667093707
7,12,1,1,1,2,24.170536954461426
7,9,0,1,1,3,58.247407299809424
7,5,0,1,1,1,39.073943447301815
7,27,1,1,0,2,28.756141987522206
7,44,0,1,1,5,27.923787487261922
7,40,1,1,1,0,11.057575349675322
7,42,1,1,1,7,49.60456459296665
7,44,1,0,1,2,9.554245736548074
7,46,1,1,1,5,27.490981382810673
7,53,1,1,1,5,13.934713526863835
7,10,0,0,1,2,15.547451973318111
10,0,1,1,0,5,35.912197293849154
9,30,1,0,1,0,56.42804259471839
8,34,1,1,1,4,87.20639192647302
8,47,1,1,1,0,89.27604826765413
8,23,1,1,1,1,87.11701494706828
7,14,0,1,1,0,29.366993225200904
7,15,0,1,1,3,51.80719338555916
7,16,0,0,1,0,10.761656763603533
7,18,0,0,1,7,21.407703559277397
7,50,1,0,1,1,9.721167410466277
7,53,1,0,1,7,21.508680444029064
7,59,1,0,1,2,8.442875611190379
7,6,1,1,1,1,18.419155750160147
7,11,0,1,1,4,9.022880096596975
7,18,0,1,1,6,15.997953754887778
7,51,0,1,1,7,30.830354829404932
7,4,1,0,1,2,9.521253314287799
7,5,1,0,1,3,16.270352916689408
7,28,1,1,1,5,13.814446824585168
7,21,1,0,1,3,21.921923063039415
7,27,1,0,1,4,20.982750333101695
7,49,1,1,1,6,19.61464429186357
7,50,0,1,1,7,21.453042915769743
7,54,1,0,1,4,21.3068228795618
7,1,1,0,1,4,11.433950459739407
7,2,1,0,1,0,4.832634095593413
7,42,0,0,1,4,8.211714261470783
7,33,1,1,1,1,16.485305408113447
7,44,1,1,1,5,11.786363978626015
7,45,1,1,1,2,8.272689210397898
7,35,1,0,1,4,7.207448564532633
7,36,1,0,1,5,21.62409178106794
7,28,1,1,1,3,37.76609795561525
7,4,1,0,1,6,19.01819737542669
7,24,1,0,1,6,7.906841222368797
7,25,1,1,1,6,12.981546789967691
7,31,1,1,0,2,30.77237626937932
7,51,0,0,1,1,39.64816445430997
10,0,0,0,0,2,42.24762783703968
9,38,1,0,1,5,59.33407920063416
9,12,1,0,1,4,56.38682129731517
9,47,1,1,1,3,73.99157231973335
8,40,1,1,1,5,85.35286405111418
7,1,1,0,0,5,17.576242425187576
7,25,0,1,1,1,33.61357151047471
7,2,1,0,1,2,6.289091982825212
7,3,1,1,1,4,7.425940488640238
7,12,1,0,1,0,11.989962173043955
7,13,1,0,1,2,8.616815507084969
7,14,1,1,1,3,13.853566020116993
7,32,0,0,1,1,27.85028437903792
7,49,1,0,1,0,2.650538171006753
7,50,1,0,1,4,16.502814104386296
7,22,0,0,1,5,22.527749601390525
7,8,0,1,1,0,31.173458951483365
7,18,1,1,1,6,16.204553705030587
7,56,1,0,1,1,22.52236054280307
7,31,1,1,1,7,14.650215094976566
7,3,0,1,1,5,23.01235446831397
7,23,1,1,1,6,16.44124812673106
7,8,1,1,1,5,20.663215309477078
7,48,1,1,1,2,13.19708635441764
7,49,1,1,1,7,27.38804502511907
7,50,1,0,1,3,23.040177301476753
7,29,1,1,1,4,13.688351341540882
7,31,1,1,1,1,21.136320316334807
7,32,1,1,1,3,19.85418224318544
7,51,1,1,1,4,20.865206476262312
7,11,1,0,1,1,22.935650302742918
9,9,1,1,1,2,70.9636984852182
9,11,1,1,1,3,72.13713760278806
8,4,1,1,1,1,86.77252321706851
8,19,1,1,1,6,89.52779194255046
7,16,1,0,1,6,10.355402745413127
7,49,1,0,1,4,12.362145590286946
7,19,1,1,1,3,47.23947142311806
7,41,1,0,1,3,15.290021627712179
7,30,1,1,1,1,25.06276501495047
7,44,0,0,1,7,15.734326113386714
7,26,1,1,1,7,16.747353021017965
7,17,1,1,1,6,14.072248461410723
7,23,1,0,1,1,20.110608330154896
7,28,0,1,1,2,35.05732694867838
7,12,1,0,1,7,20.32761378177049
7,32,1,1,1,7,44.25220419571828
7,13,1,1,1,3,10.90217328749858
7,23,1,0,1,6,13.764806477889607
7,48,1,0,1,0,3.560994621861651
7,57,1,0,1,6,14.876225584179544
7,16,1,1,1,5,21.695097978558728
7,26,1,0,1,0,5.66780897728258
7,27,1,0,1,7,17.663741450858407
7,14,1,1,1,4,14.903221570832653
7,27,1,0,1,1,23.877897729916093
7,43,0,1,1,1,35.74441267256592
7,41,0,1,1,2,28.415669701582726
7,54,1,1,1,5,41.498998125604125
7,3,0,1,1,4,8.591284052846525
7,21,0,0,1,6,12.932094057110561
7,39,1,1,1,5,25.297479077674733
7,49,0,1,1,4,10.663919475196405
7,54,0,0,1,3,31.303515735904867
10,0,0,1,0,5,47.892748193803406
9,21,1,1,1,2,71.8161403502673
9,26,1,1,1,1,73.09297962885447
9,8,1,0,1,2,55.823618216776985
8,12,1,0,1,1,73.40019298951103
8,50,1,1,1,4,88.9780925786498
8,6,1,1,1,2,85.6560508872789
7,51,1,0,1,1,13.854099786911734
7,57,1,1,1,4,8.92653531907925
7,58,0,1,1,7,28.17069932789341
7,16,1,1,1,0,13.99783253694861
7,2,0,0,1,3,23.447962978526217
7,18,1,0,1,5,20.418821290451625
7,28,0,1,1,7,29.944861935173144
7,31,0,0,1,6,12.59843253177944
7,32,1,1,1,4,19.11206354323333
7,45,1,0,1,5,12.928597607420569
7,52,1,1,1,5,35.094861968919005
7,20,1,0,1,4,14.561013985021296
7,29,1,1,1,2,5.721713474883596
7,30,1,1,1,3,25.94288857459671
7,54,0,1,1,4,15.368339058223764
7,3,1,0,1,3,18.03586082125425
7,4,1,1,1,5,26.6914229365837
7,46,1,0,1,6,10.004794302021441
7,6,0,1,1,6,17.72184142125574
10,0,1,0,0,7,43.89086663490805
9,4,1,1,1,6,72.5112587386842
7,37,1,1,1,6,27.424837887322298
7,38,1,1,1,3,24.47953333942465
7,0,0,1,1,5,19.812012286221268
7,41,0,1,1,0,16.20227703741882
7,44,0,1,1,3,53.03540895599619
7,49,1,0,1,5,16.845398074621702
7,29,0,1,1,0,12.605845938561687
7,15,1,1,1,5,20.10169469897048
7,52,1,1,1,4,8.23722660915975
7,7,1,1,1,6,13.440618779103191
7,50,1,1,1,6,16.85439693378551
7,13,1,0,1,4,21.46928140316839
7,15,1,0,1,7,9.293989303224166
7,58,1,1,1,0,12.231673725578583
7,17,1,1,1,0,4.722701375215742
7,53,0,1,1,1,30.006084311152733
7,3,1,1,1,2,3.850503974990043
7,53,1,1,1,3,33.940842064334774
10,0,0,0,0,1,42.7833164797695
8,29,1,1,1,0,87.82586988302809
7,38,1,0,1,2,8.380062380776504
7,14,1,0,1,6,14.193680805656513
7,25,0,0,1,7,23.14411636010494
7,39,0,0,1,1,31.255311695371304
7,50,1,0,1,7,10.844217848038204
7,58,1,1,1,3,16.216049792500108
7,23,1,1,1,7,21.446785963028468
7,13,1,1,1,4,13.001522864332555
7,35,1,1,0,6,46.8522778411327
7,49,1,0,1,7,38.049482054890625
9,54,1,1,1,4,71.50462064869632
7,22,1,0,1,4,9.440905303417173
7,48,1,0,1,3,27.770525381042777
7,13,1,0,1,3,22.28129370668171
7,6,0,1,1,2,29.26441180047823
7,35,0,1,1,4,11.910527918511253
7,31,1,0,1,4,15.268011314858988
7,39,0,1,1,7,20.29417810225973
7,27,1,1,1,2,14.364919810330628
7,40,1,1,1,3,10.97566567618821
8,45,1,1,1,2,87.56864376177828
7,53,1,0,1,6,12.809562630274906
7,53,1,1,1,2,7.072989310292387
7,8,1,0,1,6,7.177803922948158
7,6,0,0,1,1,38.40326366810226
7,22,1,0,1,6,13.310684664370223
7,25,1,1,1,3,21.59874943977328
7,9,1,0,1,4,16.54554913138542
7,56,1,1,1,4,12.178626463605571
7,51,1,1,1,7,15.68894418535285
7,33,1,0,1,6,12.547517274158947
7,41,1,0,1,2,16.563127705583188
7,43,1,1,0,3,26.387751166026227
7,44,1,0,1,6,13.469275854909606
7,45,1,1,1,1,35.533928429151715
7,46,1,1,1,4,6.334224510113934
7,6,1,0,1,4,5.515883288823817
7,47,1,0,1,0,9.015406676790537
7,3,1,1,1,3,3.5077999400707527
10,0,0,0,1,7,38.45490302660396
8,44,1,1,1,4,88.00249543054288
7,2,1,0,1,3,7.687712906648191
7,20,0,1,1,1,52.661308434719004
7,11,1,0,1,6,13.491371473272004
7,39,0,1,1,6,23.9817067597035
7,53,1,0,1,0,10.579743901150966
7,30,1,0,1,7,31.11989422832889
7,32,1,1,1,6,13.26485707010088
7,23,1,0,1,4,15.710849595015938
7,9,1,1,1,0,2.295810451063417
7,16,0,1,1,1,15.371964726991925
7,25,1,1,0,3,24.713339333342162
7,34,1,0,1,7,13.585207154987096
7,9,1,1,1,6,16.432504920953036
7,57,1,0,1,5,11.079192608051184
7,22,1,0,1,0,7.095110585536062
7,34,1,0,1,3,9.845633787236702
7,8,1,1,1,3,13.24213455549868
7,9,1,0,1,2,8.719772391474608
7,10,1,1,1,7,37.81955246443993
7,41,1,0,1,6,16.475159019566284
7,45,1,0,1,0,8.360191453208426
7,31,0,0,1,4,15.330982070788181
7,33,1,1,1,7,19.545336532698975
7,49,1,0,1,3,15.51946359093185
7,14,1,0,1,3,19.19090903736178
7,18,0,0,1,4,14.63095297176518
9,29,1,1,1,0,72.53356237151635
7,3,1,0,1,1,14.31269083551281
7,6,1,1,1,4,7.759498270058084
7,33,1,1,0,0,28.265402097982438
7,41,1,1,1,4,17.268674774069353
7,30,1,0,1,4,19.02487821688141
7,56,1,0,1,0,9.814977561263657
7,1,1,0,1,0,1.8640990147839982
7,17,1,1,1,5,17.56314559561859
7,26,1,0,1,4,23.124831545979912
7,27,1,0,1,6,18.0192496514192
7,6,1,1,1,2,13.85946941732951
7,15,1,1,1,0,8.407969814323582
8,15,1,1,1,1,88.81503227264015
7,41,1,1,1,6,16.140874336984577
7,45,1,1,1,5,6.706674434734538
7,4,1,0,1,5,20.607125611058922
7,2,0,1,1,1,30.858191591922427
7,47,1,1,0,4,29.37076457681312
7,44,1,1,1,2,16.323413665381505
7,45,1,0,1,2,2.122477021421288
7,47,1,1,1,2,7.803000441677366
7,25,1,1,1,4,10.567234437337559
7,30,1,1,1,5,18.630829782867924
7,17,1,0,1,2,7.750739219229428
7,49,1,1,1,2,11.477626851342002
7,52,1,0,1,7,20.013938437736986
7,26,1,0,1,7,21.507827388931002
7,20,1,0,1,2,11.691295764204018
7,39,1,0,1,3,7.729512190506443
7,56,1,1,1,5,3.106106497233673
10,0,0,1,0,0,16.384100123027725
10,1,0,1,0,0,0.49305410337201744
10,2,0,1,0,0,0.0
10,3,0,1,0,1,3.064675182977354
8,27,1,1,1,4,90.02232212662929
7,52,1,0,1,5,17.177463894052238
7,33,1,1,1,3,16.577826814429297
7,46,1,1,1,7,37.35997525577584
7,16,1,0,1,4,12.578575631489803
7,59,1,1,1,4,17.626113642562558
7,0,1,1,1,2,11.76456960471363
7,58,1,1,1,2,18.20088744515335
7,0,1,1,1,6,15.476218080054002
7,11,1,1,1,7,27.52908531708323
7,44,1,0,1,1,13.765593085786533
7,3,1,0,1,5,7.945974860703625
7,51,1,1,0,2,33.66560641916075
7,11,1,1,1,3,18.98728069484953
7,52,1,1,1,0,2.4731483252067172
10,0,0,0,0,7,34.42985741244366
7,24,0,1,1,0,19.351407981855722
7,41,1,1,1,0,8.009372484684768
7,42,1,1,1,0,7.558300864895473
7,43,1,1,1,3,14.556214801426579
7,45,1,1,1,7,30.939785505581966
7,12,0,1,1,5,21.042282911022042
7,29,1,1,1,0,19.22310084461716
7,56,0,0,1,5,19.35028765401897
7,48,0,1,1,2,34.354817668528206
10,1,0,1,0,1,8.174621738044165
7,48,1,1,1,6,17.52633509467722
7,29,1,0,1,5,13.110615940100535
7,28,1,0,1,0,6.343558593207261
7,40,1,0,1,2,10.25203743896128
7,12,1,0,1,6,15.167661208928166
10,0,0,0,1,3,46.01650441966272
7,48,1,1,1,5,30.409790033220883
7,44,1,1,1,1,18.73476925227328
7,55,1,0,1,3,31.61742409527795
7,8,1,1,1,0,7.877066938082473
7,10,1,1,1,5,14.45643667375882
7,3,1,1,1,1,13.560468597711083
7,37,1,1,1,7,3.8132878889193496
7,8,1,1,1,4,10.87616894778162
7,9,0,1,1,2,33.261127257404816
10,0,0,0,1,6,33.77390432483015
7,47,1,1,1,0,2.4829949068879538
7,13,1,0,1,5,19.20218623071236
7,54,0,1,1,1,32.98123785625315
7,54,1,1,1,2,15.303238043316
7,27,1,1,1,3,3.0218449740095714
7,11,1,0,1,3,18.108658687356737
7,16,0,1,1,4,10.882420550003864
7,52,1,1,1,3,7.308933196657451
7,51,1,0,1,3,12.23909620409285
10,0,1,0,1,2,24.218339842415094
7,54,1,0,1,3,13.932567571187757
7,16,1,0,1,3,16.27824625871414
7,12,1,1,1,0,3.2611496414566004
7,34,1,1,1,6,22.91198797059459
7,52,1,1,1,6,5.8613815851090365
7,47,1,0,1,6,12.795390951197703
7,38,1,1,1,1,16.779492047492024
7,42,1,1,1,1,14.256062764071354
7,2,1,1,1,4,9.803059177271187
7,44,1,1,1,6,16.69311180883839
10,0,0,1,0,4,42.23244124135161
7,42,1,0,1,4,9.30971928497236
7,31,0,1,1,3,26.03193663888394
7,1,1,0,1,7,15.299151555189507
7,36,1,1,1,6,20.53874185296707
7,15,1,0,1,4,5.767734984738956
10,0,0,1,0,6,47.113540224102195
7,3,1,1,1,6,10.288844329503263
7,28,1,1,1,1,17.393288019148955
7,54,1,0,1,7,12.08092386064946
7,48,1,0,1,4,7.043370533783556
7,43,1,1,1,1,10.578145179622801
10,0,1,0,0,2,32.245213477107505
7,15,1,1,1,7,20.83721894937584
7,48,1,0,1,2,8.725442109674573
7,49,1,1,1,3,13.370778651936106
7,36,0,1,1,6,21.54908342251449
7,20,0,1,1,3,18.665207996793768
7,2,1,1,1,2,3.908056055040128
7,9,1,1,1,2,14.298662737075436
7,48,1,1,1,1,20.399935139382258
7,11,1,1,1,4,15.710487725536522
7,57,1,0,1,3,8.978043255101433
10,0,0,0,1,0,15.494920716932608
10,1,0,0,1,5,2.977361303605823
7,27,1,1,1,5,3.70039215715571
7,49,1,1,1,5,6.532410390708303
7,50,1,1,1,2,9.869809847448565
10,0,1,0,1,1,54.77092579459439
7,2,1,1,1,5,11.864267345117158
7,42,1,1,0,3,30.68933185631424
7,19,1,1,1,4,5.877686597162915
7,46,1,1,1,3,18.875450281916137
7,4,1,1,1,7,16.668523754106836
7,55,1,1,1,6,18.999705202336592
7,50,0,1,1,3,24.86371465970494
7,3,1,1,1,0,4.022453259227636
7,46,1,1,1,6,11.533424379907874
7,56,1,0,1,2,6.8155479484042925
7,4,1,0,1,1,17.724034168074585
7,55,1,1,1,2,13.270459732268517
7,43,1,1,1,0,11.807764916453884
10,0,0,0,1,2,49.69889538490634
7,47,1,1,1,4,14.001262045831545
7,15,1,0,1,0,8.371889995714923
7,10,1,0,1,2,5.435086887353407
7,35,1,0,1,1,15.128272635281142
7,43,1,0,1,6,11.698928200167545
7,29,0,1,1,5,22.357256067881718
10,0,0,0,0,6,36.63401038174209
7,15,1,0,1,3,12.203190897460114
7,21,1,1,1,7,19.06134393545305
7,14,1,0,1,5,14.452342692695954
10,0,1,0,0,0,3.3882712452089048
10,1,1,0,0,1,3.8138271797843566
7,56,1,1,1,6,19.118171159828737
7,50,1,1,1,7,16.824164392848033
7,18,1,1,1,5,12.821698210789275
7,37,1,1,1,5,7.123841919249013
7,38,1,1,1,6,16.127544308280022
7,43,1,1,1,5,8.620234989966171
7,9,1,1,1,5,12.730020681103108
7,15,1,1,1,3,16.98779741225004
7,49,1,1,1,1,20.71725036321392
7,24,1,1,1,3,8.870265478534717
7,14,1,1,1,7,8.861662607684956
7,5,1,1,1,3,24.470886876258984
7,50,1,1,1,3,7.473521121885059
7,22,0,1,1,5,29.202915402784658
10,1,0,0,1,4,33.68106814379929
7,52,1,1,1,7,14.628973608046085
10,0,1,0,1,3,42.787487497120395
10,0,1,1,0,7,46.88458306081084
7,25,1,1,1,2,5.846370779705023
7,1,1,1,1,5,17.672508298168076
7,40,1,1,1,1,21.539264822111566
7,24,1,1,1,1,11.034777428346574
7,28,1,1,1,7,19.055226190855407
7,2,1,1,1,7,37.170170209420434
10,0,0,1,0,7,47.89974614722287
10,0,1,0,0,3,67.66888835393658
7,0,1,1,1,1,8.895531013184058
7,12,1,1,1,5,15.840374437454876
7,50,1,0,1,5,10.450666983904522
10,0,1,0,1,4,41.77242109173693
10,0,1,1,0,3,30.566585608072778
7,45,1,1,1,3,10.479347164277419
7,54,1,1,1,6,19.076559601470585
10,2,0,1,0,5,5.190043193389657
10,0,1,0,0,6,19.078028614224017
10,1,0,1,0,7,35.509220147199954
10,0,1,0,0,1,33.528701984395994
7,21,1,1,1,3,10.105357946871615
10,0,0,0,0,0,9.880012336682345
10,1,0,0,0,0,0.0
10,2,0,0,0,5,5.759731631613177
7,59,1,1,1,5,10.33883102762102
7,57,1,1,1,7,13.14045002711277
10,0,1,1,0,2,24.930417021388905
10,1,0,0,0,1,27.02108453395598
7,42,1,1,1,3,20.64000370886869
7,49,1,1,1,4,8.774558485602505
7,39,1,1,1,7,6.4365495164749635
10,0,1,1,0,0,2.517428618157875
10,1,1,1,0,3,17.734769320853207
10,2,0,1,0,3,7.388731062554283
10,1,0,0,1,0,0.0
10,2,0,0,1,1,7.707687650450757
10,0,1,0,1,0,8.937239194417938
10,1,1,0,1,5,37.74676935905686
10,1,0,0,0,4,5.166759107418227
10,0,1,1,0,1,33.816964547507155
10,1,0,0,0,5,5.081409092531622
10,0,1,0,0,4,22.941509603541924
10,0,1,0,1,5,41.37793758083841
10,1,1,0,0,2,13.985715751273585
10,0,1,1,0,4,25.969071590773122
10,1,0,1,0,2,8.77110173564361
10,1,0,0,0,6,5.937860813598924
10,1,0,1,0,4,6.394780903352064
10,1,1,0,1,6,8.064946790115487
10,1,0,0,1,6,5.480816252028784
10,1,1,1,0,5,6.869346317367231
10,1,1,0,0,4,5.987392490053253
10,1,1,0,0,6,6.720091363828839
10,1,0,0,1,1,5.584100633525307
