Class,Support,True Positives,False Positives,False Negatives,Precision,Recall,F1 Score
Normal,14952,14925,144,27,0.990443957794147,0.9981942215088283,0.9943039872089539
Left BBB,1632,1605,12,27,0.9925788497217068,0.9834558823529411,0.9879963065558633
Right BBB,1465,1430,13,35,0.990990990990991,0.9761092150170648,0.9834938101788171
Atrial Premature,471,367,28,104,0.9291139240506329,0.7791932059447984,0.8475750577367205
PVC,1488,1449,35,39,0.9764150943396226,0.9737903225806451,0.9751009421265141
