prev_arr,recall_mean,recall_sd,energy_mean,energy_sd
2.0,54.81201931148621,0.7329543618257229,100.3923611111111,0.4670840767166253
5.0,53.87151398059232,0.6998654891397531,104.26430555555558,0.5254642457970977
10.0,52.941550283603384,0.5850463537988766,110.75472222222224,0.4736934597681914
15.0,52.90697937470433,0.5840419665737633,117.07805555555554,0.4889712683119213
